TLG220LW TLG220 back power
1570.011 0.000200
1570.011 0.001200
1570.011 0.001200
1570.011 0.001200
1570.011 0.001200
1570.011 0.001200
1570.011 0.001200
1570.011 0.001200
1570.011 0.001800
1570.011 0.001800
1570.011 0.001800
1570.011 0.003600
1570.011 0.003600
1570.011 0.000000
1570.011 0.000000
1570.011 0.000000
1570.011 0.004900
1570.011 0.004900
1570.011 0.000000
1570.011 0.000000
1570.011 0.000000
1570.011 0.000000
1570.011 0.000000
1570.011 0.001800
1570.011 0.001800
1570.011 0.001800
1570.011 0.003000
1570.011 0.003000
1570.011 0.000600
1570.011 0.000600
1570.011 0.000600
1570.011 0.000400
1570.011 0.000400
1570.011 0.000400
1570.011 0.004600
1570.011 0.004600
1570.011 0.000000
1570.011 0.000000
1570.011 0.000000
1570.011 0.003000
1570.011 0.003000
1570.011 0.003000
1570.011 0.000600
1570.011 0.000600
1570.011 0.000000
1570.011 0.000000
1570.011 0.000000
1570.011 0.004200
1570.011 0.004200
1570.011 0.002600
1570.011 0.002600
1570.011 0.002600
1570.011 0.000000
1570.011 0.000000
1570.011 0.000000
1570.011 0.005300
1570.011 0.005300
1570.011 0.000000
1570.011 0.000000
1570.011 0.000000
1570.011 0.001400
1570.011 0.001400
1570.011 0.000800
1570.011 0.000800
1570.011 0.000800
1570.011 0.000000
1570.011 0.000000
1570.011 0.000000
1570.011 0.003800
1570.011 0.003800
1570.011 0.000000
1570.011 0.000000
1570.011 0.000000
1570.011 0.003600
1570.011 0.003600
1570.011 0.003600
1570.011 0.000800
1570.011 0.000800
1570.011 0.000000
1570.011 0.000000
1570.011 0.000000
1570.011 0.004200
1570.011 0.004200
1570.011 0.002200
1570.011 0.002200
1570.011 0.002200
1570.011 0.000400
1570.011 0.000400
1570.011 0.000400
1570.011 0.005100
1570.011 0.005100
1570.011 0.000000
1570.011 0.000000
1570.011 0.000000
1570.011 0.003200
1570.011 0.003200
1570.011 0.003200
1570.011 0.005100
1570.011 0.005100
1570.011 0.000000
1570.011 0.000000
1570.011 0.000000
1570.011 0.001000
1570.011 0.001000
1570.011 0.001000
1570.011 0.001000
1570.011 0.001000
1570.011 0.003400
1570.011 0.003400
1570.011 0.003400
1570.011 0.003000
1570.011 0.003000
1570.011 0.000000
1570.011 0.000000
1570.011 0.000000
1570.011 0.004400
1570.011 0.004400
1570.011 0.000000
1570.011 0.000000
1570.011 0.000000
1570.011 0.001800
1570.011 0.001800
1570.011 0.001800
1570.011 0.001000
1570.011 0.001000
1570.011 0.001000
1570.011 0.001000
1570.011 0.001000
1570.011 0.000000
1570.011 0.000000
1570.011 0.000000
1570.011 0.000000
1570.011 0.000000
1570.011 0.003400
1570.011 0.003400
1570.011 0.003400
1570.011 0.000600
1570.011 0.000600
1570.011 0.000000
1570.011 0.000000
1570.011 0.000000
1570.011 0.004400
1570.011 0.004400
1570.011 0.004400
1570.011 0.002400
1570.011 0.002400
1570.011 0.000000
1570.011 0.000000
1570.011 0.000000
1570.011 0.003400
1570.011 0.003400
1570.011 0.000000
1570.011 0.000000
1570.011 0.000000
1570.011 0.001200
1570.011 0.001200
1570.011 0.001200
1570.011 0.003200
1570.011 0.003200
1570.011 0.000000
1570.011 0.000000
1570.011 0.000000
1570.011 0.002600
1570.011 0.002600
1570.011 0.002600
1570.011 0.002000
1570.011 0.002000
1570.011 0.002000
1570.011 0.002000
1570.011 0.002000
1570.011 0.000000
1570.011 0.000000
1570.011 0.000000
1570.011 0.000000
1570.011 0.000000
1570.011 0.005300
1570.011 0.005300
1570.011 0.000400
1570.011 0.000400
1570.011 0.000400
1570.011 0.000800
1570.011 0.000800
1570.011 0.000800
1570.011 0.003800
1570.011 0.003800
1570.011 0.000000
1570.011 0.000000
1570.011 0.000000
1570.011 0.004200
1570.011 0.004200
1570.011 0.000000
1570.011 0.000000
1570.011 0.000000
1570.011 0.002800
1570.011 0.002800
1570.011 0.002800
1570.011 0.001800
1570.011 0.001800
1570.011 0.000000
1570.011 0.000000
1570.011 0.000000
1570.011 0.004000
1570.011 0.004000
1570.011 0.000000
1570.011 0.000000
1570.011 0.000000
1570.011 0.004400
1570.011 0.004400
1570.011 0.000000
1570.011 0.000000
1570.011 0.000000
1570.011 0.003400
1570.011 0.003400
1570.011 0.003400
1570.011 0.001000
1570.011 0.001000
1570.011 0.000000
1570.011 0.000000
1570.011 0.000000
1570.011 0.003200
1570.011 0.003200
1570.011 0.003200
1570.011 0.000800
1570.011 0.000800
1570.011 0.000000
1570.011 0.000000
1570.011 0.000000
1570.011 0.004200
1570.011 0.004200
1570.011 0.000000
1570.011 0.000000
1570.011 0.000000
1570.011 0.000800
1570.011 0.000800
1570.011 0.000800
1570.011 0.002600
1570.011 0.002600
1570.011 0.000000
1570.011 0.000000
1570.011 0.000000
1570.011 0.003800
1570.011 0.003800
1570.011 0.000000
1570.011 0.000000
1570.011 0.000000
1570.011 0.000000
1570.011 0.000000
1570.011 0.000000
1570.011 0.004400
1570.011 0.004400
1571.001 0.000000
1571.001 0.000600
1571.001 0.000600
1571.001 0.000600
1571.001 0.001000
1571.001 0.001000
1571.001 0.000000
1571.001 0.000000
1571.001 0.000000
1571.001 0.000000
1571.001 0.000000
1571.001 0.000000
1571.001 0.003000
1571.001 0.003000
1571.001 0.000000
1571.001 0.000000
1571.001 0.000000
1571.001 0.002800
1571.001 0.000000
1571.001 0.000000
1571.001 0.000000
1571.001 0.000000
1571.001 0.000000
1571.001 0.000000
1571.001 0.000000
1571.001 0.000000
1571.001 0.003800
1571.001 0.003800
1571.001 0.000000
1571.001 0.000000
1571.001 0.000000
1571.001 0.002400
1571.001 0.002400
1571.001 0.002400
1571.001 0.002200
1571.001 0.002200
1571.001 0.000000
1571.001 0.000000
1571.001 0.000000
1571.001 0.001200
1571.001 0.001200
1571.001 0.001200
1571.001 0.002200
1571.001 0.002200
1571.001 0.000000
1571.001 0.000000
1571.001 0.000000
1571.001 0.000000
1571.001 0.000000
1571.001 0.000000
1571.001 0.002400
1571.001 0.002400
1571.001 0.000000
1571.001 0.000000
1571.001 0.000000
1571.001 0.002800
1571.001 0.002800
1571.001 0.002800
1571.001 0.000000
1571.001 0.000000
1571.001 0.000000
1571.001 0.000000
1571.001 0.000000
1571.001 0.003400
1571.001 0.003400
1571.001 0.000000
1571.001 0.000000
1571.001 0.000000
1571.001 0.000000
1571.001 0.000000
1571.001 0.000000
1571.001 0.003600
1571.001 0.003600
1571.001 0.000000
1571.001 0.000000
1571.001 0.000000
1571.001 0.000000
1571.001 0.000000
1571.001 0.002000
1571.001 0.002000
1571.001 0.002000
1571.001 0.002000
1571.001 0.002000
1571.001 0.003600
1571.001 0.003600
1571.001 0.003600
1571.001 0.002600
1571.001 0.002600
1571.001 0.000000
1571.001 0.000000
1571.001 0.000000
1571.001 0.003200
1571.001 0.003200
1571.001 0.003200
1571.001 0.003200
1571.001 0.003200
1571.001 0.000000
1571.001 0.000000
1571.001 0.000000
1571.001 0.000000
1571.001 0.000000
1571.001 0.003400
1571.001 0.003400
1571.001 0.000000
1571.001 0.000000
1571.001 0.000000
1571.001 0.000000
1571.001 0.000000
1571.001 0.000000
1571.001 0.003600
1571.001 0.003600
1571.001 0.000000
1571.001 0.000000
1571.001 0.000000
1571.001 0.004200
1571.001 0.004200
1571.001 0.000000
1571.001 0.000000
1571.001 0.000000
1571.001 0.000000
1571.001 0.003000
1571.001 0.003000
1571.001 0.003000
1571.001 0.003200
1571.001 0.003200
1571.001 0.000000
1571.001 0.000000
1571.001 0.000000
1571.001 0.004400
1571.001 0.004400
1571.001 0.000000
1571.001 0.000000
1571.001 0.000000
1571.001 0.001600
1571.001 0.001600
1571.001 0.001600
1571.001 0.001600
1571.001 0.001600
1571.001 0.000600
1571.001 0.000600
1571.001 0.000600
1571.001 0.000800
1571.001 0.000800
1571.001 0.000000
1571.001 0.000000
1571.001 0.000000
1571.001 0.002400
1571.001 0.002400
1571.001 0.002400
1571.001 0.000200
1571.001 0.000200
1571.001 0.000000
1571.001 0.000000
1571.001 0.000000
1571.001 0.004400
1571.001 0.004400
1571.001 0.000000
1571.001 0.000000
1571.001 0.000000
1571.001 0.000000
1571.001 0.000000
1571.001 0.000000
1571.001 0.003000
1571.001 0.003000
1571.001 0.000000
1571.001 0.000000
1571.001 0.000000
1571.001 0.002400
1571.001 0.002400
1571.001 0.000000
1571.001 0.000000
1571.001 0.000000
1571.001 0.000400
1571.001 0.000400
1571.001 0.000400
1571.001 0.002600
1571.001 0.002600
1571.001 0.000000
1571.001 0.000000
1571.001 0.000000
1571.001 0.000000
1571.001 0.000000
1571.001 0.002000
1571.001 0.002000
1571.001 0.002000
1571.001 0.003600
1571.001 0.003600
1571.001 0.000000
1571.001 0.000000
1571.001 0.000000
1571.001 0.002600
1571.001 0.002600
1571.001 0.002600
1571.001 0.000200
1571.001 0.000200
1571.001 0.000000
1571.001 0.000000
1571.001 0.000000
1571.001 0.003600
1571.001 0.003600
1571.001 0.000000
1571.001 0.000000
1571.001 0.000000
1571.001 0.003000
1571.001 0.003000
1571.001 0.000000
1571.001 0.000000
1571.001 0.000000
1571.001 0.000000
1571.001 0.000000
1571.001 0.000000
1571.001 0.000000
1571.001 0.000000
1571.001 0.001600
1571.001 0.001600
1571.001 0.000000
1571.001 0.000000
1571.001 0.000000
1571.001 0.000000
1571.001 0.000000
1571.001 0.000000
1571.001 0.001400
1571.001 0.001400
1571.001 0.000000
1571.001 0.000000
1571.001 0.000000
1571.001 0.002400
1571.001 0.002400
1571.001 0.000000
1571.001 0.000000
1571.001 0.000000
1571.001 0.001000
1571.001 0.001000
1571.001 0.001000
1571.001 0.000400
1571.001 0.000400
1571.001 0.000000
1571.001 0.000000
1571.001 0.000000
1571.001 0.004400
1571.001 0.004400
1571.001 0.000000
1571.001 0.000000
1571.001 0.000000
1571.001 0.001800
1571.001 0.001800
1571.001 0.001800
1571.001 0.000200
1571.001 0.000200
1571.001 0.000000
1572.001 0.000000
1572.001 0.000400
1572.001 0.000000
1572.001 0.000000
1572.001 0.000600
1572.001 0.000600
1572.001 0.000600
1572.001 0.000600
1572.001 0.000600
1572.001 0.004200
1572.001 0.004200
1572.001 0.004200
1572.001 0.003600
1572.001 0.003600
1572.001 0.000000
1572.001 0.000000
1572.001 0.000000
1572.001 0.000000
1572.001 0.000000
1572.001 0.000000
1572.001 0.000000
1572.001 0.000000
1572.001 0.002400
1572.001 0.002400
1572.001 0.002400
1572.001 0.000000
1572.001 0.000000
1572.001 0.000000
1572.001 0.000000
1572.001 0.000000
1572.001 0.001400
1572.001 0.001400
1572.001 0.000600
1572.001 0.000600
1572.001 0.000600
1572.001 0.000000
1572.001 0.000000
1572.001 0.000000
1572.001 0.002000
1572.001 0.002000
1572.001 0.000000
1572.001 0.000000
1572.001 0.000000
1572.001 0.002800
1572.001 0.000000
1572.001 0.000000
1572.001 0.000000
1572.001 0.000000
1572.001 0.000000
1572.001 0.000000
1572.001 0.000000
1572.001 0.000000
1572.001 0.003000
1572.001 0.003000
1572.001 0.003000
1572.001 0.003000
1572.001 0.000000
1572.001 0.000000
1572.001 0.000000
1572.001 0.000000
1572.001 0.000000
1572.001 0.000000
1572.001 0.004200
1572.001 0.004200
1572.001 0.000000
1572.001 0.000000
1572.001 0.000000
1572.001 0.003000
1572.001 0.003000
1572.001 0.000000
1572.001 0.000000
1572.001 0.000000
1572.001 0.000000
1572.001 0.000000
1572.001 0.000000
1572.001 0.002600
1572.001 0.002600
1572.001 0.000000
1572.001 0.000000
1572.001 0.000000
1572.001 0.002600
1572.001 0.002600
1572.001 0.000000
1572.001 0.000000
1572.001 0.000000
1572.001 0.000000
1572.001 0.000000
1572.001 0.000000
1572.001 0.002200
1572.001 0.002200
1572.001 0.000000
1572.001 0.000000
1572.001 0.000000
1572.001 0.002000
1572.001 0.002000
1572.001 0.002000
1572.001 0.000000
1572.001 0.000000
1572.001 0.000000
1572.001 0.000000
1572.001 0.000000
1572.001 0.002600
1572.001 0.002600
1572.001 0.000000
1572.001 0.000000
1572.001 0.000000
1572.001 0.000000
1572.001 0.002800
1572.001 0.002800
1572.001 0.002800
1572.001 0.003000
1572.001 0.003000
1572.001 0.000000
1572.001 0.000000
1572.001 0.000000
1572.001 0.002800
1572.001 0.002800
1572.001 0.002800
1572.001 0.000000
1572.001 0.000000
1572.001 0.000000
1572.001 0.000000
1572.001 0.000000
1572.001 0.002600
1572.001 0.002600
1572.001 0.000000
1572.001 0.000000
1572.001 0.000000
1572.001 0.000400
1572.001 0.000400
1572.001 0.000400
1572.001 0.001400
1572.001 0.001400
1572.001 0.000000
1572.001 0.000000
1572.001 0.000000
1572.001 0.002000
1572.001 0.002000
1572.001 0.002000
1572.001 0.000000
1572.001 0.000000
1572.001 0.000000
1572.001 0.000000
1572.001 0.000000
1572.001 0.003200
1572.001 0.003200
1572.001 0.000000
1572.001 0.000000
1572.001 0.000000
1572.001 0.000000
1572.001 0.000000
1572.001 0.000000
1572.001 0.000000
1572.001 0.000000
1572.001 0.002400
1572.001 0.002400
1572.001 0.000000
1572.001 0.000000
1572.001 0.000000
1572.001 0.000000
1572.001 0.000000
1572.001 0.000000
1572.001 0.003400
1572.001 0.003400
1572.001 0.000000
1572.001 0.000000
1572.001 0.000000
1572.001 0.002200
1572.001 0.002200
1572.001 0.002200
1572.001 0.000800
1572.001 0.000800
1572.001 0.000000
1572.001 0.000000
1572.001 0.000000
1572.001 0.004400
1572.001 0.004400
1572.001 0.000000
1572.001 0.000000
1572.001 0.000000
1572.001 0.001800
1572.001 0.001800
1572.001 0.000000
1572.001 0.000000
1572.001 0.000000
1572.001 0.000000
1572.001 0.000000
1572.001 0.002000
1572.001 0.002000
1572.001 0.002000
1572.001 0.000000
1572.001 0.000000
1572.001 0.000000
1572.001 0.003400
1572.001 0.003400
1572.001 0.000000
1572.001 0.000000
1572.001 0.000000
1572.001 0.002000
1572.001 0.002000
1572.001 0.002000
1572.001 0.000600
1572.001 0.000600
1572.001 0.000000
1572.001 0.000000
1572.001 0.000000
1572.001 0.001200
1572.001 0.000000
1572.001 0.000000
1572.001 0.000000
1572.001 0.000000
1572.001 0.000000
1572.001 0.000000
1572.001 0.000000
1572.001 0.000000
1572.001 0.000000
1572.001 0.000000
1572.001 0.004000
1572.001 0.004000
1572.001 0.004000
1572.001 0.002600
1572.001 0.002600
1572.001 0.000000
1572.001 0.000000
1572.001 0.000000
1572.001 0.002000
1572.001 0.002000
1572.001 0.002000
1572.001 0.001600
1572.001 0.001600
1572.001 0.000000
1572.001 0.000000
1572.001 0.000000
1572.001 0.003400
1572.001 0.003400
1572.001 0.000000
1572.001 0.000000
1572.001 0.000000
1572.001 0.001600
1572.001 0.001600
1572.001 0.001600
1572.001 0.000000
1572.001 0.000000
1572.001 0.000000
1572.001 0.000000
1572.001 0.000000
1572.001 0.002000
1572.001 0.002000
1572.001 0.000000
1572.001 0.000000
1573.000 0.000000
1573.000 0.000000
1573.000 0.000000
1573.000 0.000000
1573.000 0.000000
1573.000 0.000200
1573.000 0.000200
1573.000 0.000000
1573.000 0.000000
1573.000 0.000000
1573.000 0.002000
1573.000 0.002000
1573.000 0.002000
1573.000 0.000000
1573.000 0.000000
1573.000 0.000000
1573.000 0.000000
1573.000 0.000000
1573.000 0.003000
1573.000 0.003000
1573.000 0.003000
1573.000 0.000000
1573.000 0.000000
1573.000 0.000000
1573.000 0.000000
1573.000 0.000000
1573.000 0.003000
1573.000 0.003000
1573.000 0.000000
1573.000 0.000000
1573.000 0.000000
1573.000 0.000000
1573.000 0.000000
1573.000 0.000000
1573.000 0.000000
1573.000 0.000000
1573.000 0.002200
1573.000 0.002200
1573.000 0.000000
1573.000 0.000000
1573.000 0.000000
1573.000 0.002200
1573.000 0.002200
1573.000 0.002200
1573.000 0.000000
1573.000 0.000000
1573.000 0.000000
1573.000 0.000000
1573.000 0.000000
1573.000 0.003400
1573.000 0.003400
1573.000 0.000000
1573.000 0.000000
1573.000 0.000000
1573.000 0.001400
1573.000 0.001400
1573.000 0.001400
1573.000 0.000600
1573.000 0.000600
1573.000 0.000000
1573.000 0.000000
1573.000 0.000000
1573.000 0.002000
1573.000 0.002000
1573.000 0.002000
1573.000 0.001200
1573.000 0.001200
1573.000 0.000000
1573.000 0.000000
1573.000 0.000000
1573.000 0.002000
1573.000 0.002000
1573.000 0.000000
1573.000 0.000000
1573.000 0.000000
1573.000 0.000000
1573.000 0.000000
1573.000 0.000000
1573.000 0.002800
1573.000 0.002800
1573.000 0.002800
1573.000 0.002800
1573.000 0.000000
1573.000 0.000000
1573.000 0.000000
1573.000 0.000000
1573.000 0.000000
1573.000 0.000000
1573.000 0.000000
1573.000 0.000000
1573.000 0.001200
1573.000 0.001200
1573.000 0.001200
1573.000 0.001200
1573.000 0.001200
1573.000 0.001200
1573.000 0.001800
1573.000 0.001800
1573.000 0.000000
1573.000 0.000000
1573.000 0.000000
1573.000 0.002400
1573.000 0.002400
1573.000 0.000000
1573.000 0.000000
1573.000 0.000000
1573.000 0.000000
1573.000 0.000000
1573.000 0.000000
1573.000 0.001400
1573.000 0.001400
1573.000 0.001400
1573.000 0.001400
1573.000 0.000000
1573.000 0.000000
1573.000 0.000000
1573.000 0.000000
1573.000 0.000000
1573.000 0.000000
1573.000 0.003400
1573.000 0.003400
1573.000 0.000000
1573.000 0.000000
1573.000 0.000000
1573.000 0.000800
1573.000 0.000800
1573.000 0.000800
1573.000 0.000000
1573.000 0.000000
1573.000 0.000000
1573.000 0.000000
1573.000 0.000000
1573.000 0.002800
1573.000 0.000000
1573.000 0.000000
1573.000 0.000000
1573.000 0.000200
1573.000 0.000200
1573.000 0.000000
1573.000 0.000000
1573.000 0.000000
1573.000 0.002800
1573.000 0.002800
1573.000 0.000000
1573.000 0.000000
1573.000 0.000000
1573.000 0.001600
1573.000 0.001600
1573.000 0.000000
1573.000 0.000000
1573.000 0.000000
1573.000 0.000000
1573.000 0.000000
1573.000 0.000000
1573.000 0.000000
1573.000 0.000000
1573.000 0.002000
1573.000 0.002000
1573.000 0.002000
1573.000 0.000600
1573.000 0.000600
1573.000 0.000600
1573.000 0.000600
1573.000 0.000600
1573.000 0.000000
1573.000 0.000000
1573.000 0.000000
1573.000 0.000000
1573.000 0.000000
1573.000 0.003200
1573.000 0.003200
1573.000 0.000000
1573.000 0.000000
1573.000 0.000000
1573.000 0.000000
1573.000 0.000000
1573.000 0.000000
1573.000 0.001800
1573.000 0.001800
1573.000 0.000000
1573.000 0.000000
1573.000 0.000000
1573.000 0.001800
1573.000 0.001800
1573.000 0.001800
1573.000 0.002000
1573.000 0.002000
1573.000 0.000000
1573.000 0.000000
1573.000 0.000000
1573.000 0.001200
1573.000 0.001200
1573.000 0.000000
1573.000 0.000000
1573.000 0.000000
1573.000 0.000000
1573.000 0.000000
1573.000 0.000000
1573.000 0.000000
1573.000 0.000000
1573.000 0.003800
1573.000 0.003800
1573.000 0.003800
1573.000 0.000800
1573.000 0.000800
1573.000 0.000000
1573.000 0.000000
1573.000 0.000000
1573.000 0.004000
1573.000 0.004000
1573.000 0.000000
1573.000 0.000000
1573.000 0.000000
1573.000 0.001600
1573.000 0.001600
1573.000 0.001600
1573.000 0.001200
1573.000 0.001200
1573.000 0.000000
1573.000 0.000000
1573.000 0.000000
1573.000 0.001800
1573.000 0.001800
1573.000 0.000000
1573.000 0.000000
1573.000 0.000000
1573.000 0.000000
1573.000 0.000000
1573.000 0.000000
1573.000 0.002400
1573.000 0.002400
1573.000 0.000000
1573.000 0.000000
1573.000 0.000000
1573.000 0.003200
1573.000 0.003200
1573.000 0.000000
1573.000 0.000000
1573.000 0.000000
1573.000 0.000000
1573.000 0.000000
1573.000 0.000000
1573.000 0.000000
1573.000 0.000000
1573.000 0.000000
1573.000 0.000000
1573.000 0.000000
1573.000 0.001600
1573.000 0.001600
1573.000 0.000000
1574.000 0.000000
1574.000 0.000200
1574.000 0.000200
1574.000 0.000200
1574.000 0.000400
1574.000 0.000400
1574.000 0.000000
1574.000 0.000000
1574.000 0.000000
1574.000 0.001600
1574.000 0.001600
1574.000 0.001600
1574.000 0.000000
1574.000 0.000000
1574.000 0.000000
1574.000 0.000000
1574.000 0.000000
1574.000 0.002800
1574.000 0.002800
1574.000 0.000000
1574.000 0.000000
1574.000 0.000000
1574.000 0.000000
1574.000 0.000000
1574.000 0.000000
1574.000 0.002400
1574.000 0.002400
1574.000 0.000000
1574.000 0.000000
1574.000 0.000000
1574.000 0.004400
1574.000 0.004400
1574.000 0.004400
1574.000 0.004400
1574.000 0.004400
1574.000 0.000000
1574.000 0.000000
1574.000 0.000000
1574.000 0.000000
1574.000 0.000000
1574.000 0.002200
1574.000 0.002200
1574.000 0.000000
1574.000 0.000000
1574.000 0.000000
1574.000 0.000000
1574.000 0.000000
1574.000 0.000000
1574.000 0.003000
1574.000 0.003000
1574.000 0.000000
1574.000 0.000000
1574.000 0.000000
1574.000 0.002800
1574.000 0.002800
1574.000 0.000000
1574.000 0.000000
1574.000 0.000000
1574.000 0.003000
1574.000 0.003000
1574.000 0.000000
1574.000 0.000000
1574.000 0.000000
1574.000 0.001200
1574.000 0.001200
1574.000 0.000000
1574.000 0.000000
1574.000 0.000000
1574.000 0.000000
1574.000 0.000000
1574.000 0.000000
1574.000 0.003400
1574.000 0.003400
1574.000 0.000000
1574.000 0.000000
1574.000 0.000000
1574.000 0.000000
1574.000 0.000000
1574.000 0.000000
1574.000 0.000600
1574.000 0.000600
1574.000 0.000000
1574.000 0.000000
1574.000 0.000000
1574.000 0.000800
1574.000 0.000800
1574.000 0.000800
1574.000 0.000000
1574.000 0.000000
1574.000 0.000000
1574.000 0.000000
1574.000 0.000000
1574.000 0.000000
1574.000 0.000000
1574.000 0.000000
1574.000 0.000000
1574.000 0.000000
1574.000 0.003000
1574.000 0.003000
1574.000 0.000000
1574.000 0.000000
1574.000 0.000000
1574.000 0.002200
1574.000 0.002200
1574.000 0.000000
1574.000 0.000000
1574.000 0.000000
1574.000 0.000000
1574.000 0.000000
1574.000 0.000000
1574.000 0.000000
1574.000 0.000000
1574.000 0.000000
1574.000 0.000000
1574.000 0.000000
1574.000 0.002000
1574.000 0.002000
1574.000 0.000000
1574.000 0.000000
1574.000 0.000000
1574.000 0.004400
1574.000 0.004400
1574.000 0.004400
1574.000 0.004400
1574.000 0.004400
1574.000 0.000000
1574.000 0.000000
1574.000 0.000000
1574.000 0.000000
1574.000 0.000000
1574.000 0.002400
1574.000 0.002400
1574.000 0.002400
1574.000 0.002400
1574.000 0.002400
1574.000 0.000000
1574.000 0.000000
1574.000 0.000000
1574.000 0.000000
1574.000 0.000000
1574.000 0.002800
1574.000 0.002800
1574.000 0.000000
1574.000 0.000000
1574.000 0.000000
1574.000 0.000000
1574.000 0.000000
1574.000 0.000000
1574.000 0.001800
1574.000 0.001800
1574.000 0.000000
1574.000 0.000000
1574.000 0.000000
1574.000 0.001000
1574.000 0.001000
1574.000 0.001000
1574.000 0.002000
1574.000 0.002000
1574.000 0.000000
1574.000 0.000000
1574.000 0.000000
1574.000 0.001600
1574.000 0.001600
1574.000 0.000000
1574.000 0.000000
1574.000 0.000000
1574.000 0.000000
1574.000 0.000000
1574.000 0.001600
1574.000 0.000000
1574.000 0.000000
1574.000 0.000000
1574.000 0.000000
1574.000 0.000000
1574.000 0.002800
1574.000 0.002800
1574.000 0.002800
1574.000 0.002000
1574.000 0.002000
1574.000 0.002000
1574.000 0.003400
1574.000 0.003400
1574.000 0.000000
1574.000 0.000000
1574.000 0.000000
1574.000 0.003200
1574.000 0.003200
1574.000 0.000000
1574.000 0.000000
1574.000 0.000000
1574.000 0.000000
1574.000 0.000000
1574.000 0.000000
1574.000 0.002400
1574.000 0.002400
1574.000 0.000000
1574.000 0.000000
1574.000 0.000000
1574.000 0.002200
1574.000 0.002200
1574.000 0.002200
1574.000 0.000000
1574.000 0.000000
1574.000 0.000000
1574.000 0.000000
1574.000 0.000000
1574.000 0.001800
1574.000 0.001800
1574.000 0.000000
1574.000 0.000000
1574.000 0.000000
1574.000 0.000000
1574.000 0.000000
1574.000 0.000000
1574.000 0.002400
1574.000 0.002400
1574.000 0.000000
1574.000 0.000000
1574.000 0.000000
1574.000 0.000800
1574.000 0.000800
1574.000 0.000800
1574.000 0.001800
1574.000 0.001800
1574.000 0.000000
1574.000 0.000000
1574.000 0.000000
1574.000 0.002600
1574.000 0.002600
1574.000 0.000000
1574.000 0.000000
1574.000 0.000000
1574.000 0.000000
1574.000 0.000000
1574.000 0.000000
1574.000 0.000000
1574.000 0.000000
1574.000 0.000000
1574.000 0.000000
1574.000 0.000000
1574.000 0.003800
1574.000 0.003800
1574.000 0.000000
1574.000 0.000000
1574.000 0.000000
1574.000 0.002000
1574.000 0.002000
1574.000 0.000000
1574.000 0.000000
1574.000 0.000000
1575.000 0.000000
1575.000 0.000200
1575.000 0.000200
1575.000 0.000000
1575.000 0.000000
1575.000 0.000000
1575.000 0.000000
1575.000 0.000000
1575.000 0.003600
1575.000 0.003600
1575.000 0.000000
1575.000 0.000000
1575.000 0.000000
1575.000 0.000600
1575.000 0.000600
1575.000 0.000600
1575.000 0.001200
1575.000 0.001200
1575.000 0.000000
1575.000 0.000000
1575.000 0.000000
1575.000 0.000000
1575.000 0.000000
1575.000 0.000000
1575.000 0.000800
1575.000 0.000800
1575.000 0.000000
1575.000 0.000000
1575.000 0.000000
1575.000 0.002600
1575.000 0.002600
1575.000 0.000000
1575.000 0.000000
1575.000 0.000000
1575.000 0.000000
1575.000 0.000000
1575.000 0.002200
1575.000 0.002200
1575.000 0.002200
1575.000 0.002200
1575.000 0.002200
1575.000 0.000000
1575.000 0.000000
1575.000 0.000000
1575.000 0.001600
1575.000 0.001600
1575.000 0.000000
1575.000 0.000000
1575.000 0.000000
1575.000 0.000000
1575.000 0.000000
1575.000 0.000000
1575.000 0.002600
1575.000 0.002600
1575.000 0.000000
1575.000 0.000000
1575.000 0.000000
1575.000 0.002800
1575.000 0.002800
1575.000 0.000000
1575.000 0.000000
1575.000 0.000000
1575.000 0.000000
1575.000 0.000000
1575.000 0.000000
1575.000 0.001800
1575.000 0.001800
1575.000 0.000000
1575.000 0.000000
1575.000 0.000000
1575.000 0.002800
1575.000 0.002800
1575.000 0.000000
1575.000 0.000000
1575.000 0.000000
1575.000 0.000000
1575.000 0.000000
1575.000 0.001600
1575.000 0.001600
1575.000 0.001600
1575.000 0.000000
1575.000 0.000000
1575.000 0.000000
1575.000 0.003800
1575.000 0.003800
1575.000 0.000000
1575.000 0.000000
1575.000 0.000000
1575.000 0.002000
1575.000 0.002000
1575.000 0.002000
1575.000 0.000200
1575.000 0.000200
1575.000 0.000000
1575.000 0.000000
1575.000 0.000000
1575.000 0.001400
1575.000 0.001400
1575.000 0.000000
1575.000 0.000000
1575.000 0.002400
1575.000 0.002400
1575.000 0.002400
1575.000 0.003400
1575.000 0.003400
1575.000 0.003400
1575.000 0.002400
1575.000 0.002400
1575.000 0.000000
1575.000 0.000000
1575.000 0.000000
1575.000 0.000000
1575.000 0.000000
1575.000 0.000800
1575.000 0.000800
1575.000 0.000800
1575.000 0.000000
1575.000 0.000000
1575.000 0.000000
1575.000 0.003000
1575.000 0.003000
1575.000 0.000000
1575.000 0.000000
1575.000 0.000000
1575.000 0.002600
1575.000 0.002600
1575.000 0.000000
1575.000 0.000000
1575.000 0.000000
1575.000 0.000000
1575.000 0.000000
1575.000 0.000000
1575.000 0.001600
1575.000 0.001600
1575.000 0.000000
1575.000 0.000000
1575.000 0.000000
1575.000 0.001400
1575.000 0.001400
1575.000 0.001400
1575.000 0.000000
1575.000 0.000000
1575.000 0.000000
1575.000 0.000000
1575.000 0.000000
1575.000 0.001600
1575.000 0.001600
1575.000 0.000000
1575.000 0.000000
1575.000 0.000000
1575.000 0.000000
1575.000 0.000000
1575.000 0.000000
1575.000 0.001600
1575.000 0.001600
1575.000 0.000000
1575.000 0.000000
1575.000 0.000000
1575.000 0.002200
1575.000 0.002200
1575.000 0.000000
1575.000 0.000000
1575.000 0.000000
1575.000 0.000000
1575.000 0.000000
1575.000 0.000000
1575.000 0.000000
1575.000 0.000000
1575.000 0.003800
1575.000 0.003800
1575.000 0.000000
1575.000 0.000000
1575.000 0.000000
1575.000 0.002400
1575.000 0.002400
1575.000 0.000000
1575.000 0.000000
1575.000 0.000000
1575.000 0.000000
1575.000 0.000000
1575.000 0.000000
1575.000 0.002600
1575.000 0.002600
1575.000 0.000000
1575.000 0.000000
1575.000 0.000000
1575.000 0.002600
1575.000 0.002600
1575.000 0.000000
1575.000 0.000000
1575.000 0.000000
1575.000 0.000000
1575.000 0.002600
1575.000 0.002600
1575.000 0.002600
1575.000 0.003200
1575.000 0.003200
1575.000 0.000000
1575.000 0.000000
1575.000 0.000000
1575.000 0.000000
1575.000 0.000000
1575.000 0.001400
1575.000 0.001400
1575.000 0.001400
1575.000 0.001400
1575.000 0.001400
1575.000 0.001400
1575.000 0.002000
1575.000 0.002000
1575.000 0.000000
1575.000 0.000000
1575.000 0.000000
1575.000 0.001200
1575.000 0.001200
1575.000 0.001200
1575.000 0.001600
1575.000 0.001600
1575.000 0.000000
1575.000 0.000000
1575.000 0.000000
1575.000 0.001400
1575.000 0.001400
1575.000 0.001400
1575.000 0.001000
1575.000 0.001000
1575.000 0.000000
1575.000 0.000000
1575.000 0.000000
1575.000 0.003000
1575.000 0.000000
1575.000 0.000000
1575.000 0.000000
1575.000 0.000000
1575.000 0.000000
1575.000 0.000000
1575.000 0.000000
1575.000 0.000000
1575.000 0.003200
1575.000 0.003200
1575.000 0.003200
1575.000 0.003200
1575.000 0.000000
1575.000 0.000000
1575.000 0.000000
1575.000 0.000000
1575.000 0.000000
1575.000 0.000000
1575.000 0.001800
1575.000 0.001800
1576.000 0.000000
1576.000 0.000000
1576.000 0.000000
1576.000 0.000400
1576.000 0.000400
1576.000 0.000400
1576.000 0.000400
1576.000 0.000400
1576.000 0.000000
1576.000 0.000000
1576.000 0.000000
1576.000 0.000400
1576.000 0.000400
1576.000 0.000400
1576.000 0.001000
1576.000 0.001000
1576.000 0.000000
1576.000 0.000000
1576.000 0.000000
1576.000 0.002000
1576.000 0.002000
1576.000 0.000000
1576.000 0.000000
1576.000 0.000000
1576.000 0.000000
1576.000 0.000000
1576.000 0.000000
1576.000 0.002400
1576.000 0.002400
1576.000 0.000000
1576.000 0.000000
1576.000 0.000000
1576.000 0.001600
1576.000 0.001600
1576.000 0.000000
1576.000 0.000000
1576.000 0.000000
1576.000 0.000000
1576.000 0.000000
1576.000 0.000000
1576.000 0.002800
1576.000 0.002800
1576.000 0.000000
1576.000 0.000000
1576.000 0.000000
1576.000 0.002600
1576.000 0.002600
1576.000 0.000000
1576.000 0.000000
1576.000 0.000000
1576.000 0.000000
1576.000 0.000000
1576.000 0.000000
1576.000 0.000000
1576.000 0.000000
1576.000 0.002000
1576.000 0.002000
1576.000 0.000000
1576.000 0.000000
1576.000 0.000000
1576.000 0.000000
1576.000 0.000000
1576.000 0.000000
1576.000 0.002200
1576.000 0.002200
1576.000 0.002200
1576.000 0.002200
1576.000 0.002200
1576.000 0.000000
1576.000 0.000000
1576.000 0.000000
1576.000 0.000000
1576.000 0.000000
1576.000 0.001800
1576.000 0.001800
1576.000 0.000000
1576.000 0.000000
1576.000 0.000000
1576.000 0.000000
1576.000 0.001200
1576.000 0.001200
1576.000 0.001200
1576.000 0.000000
1576.000 0.000000
1576.000 0.000000
1576.000 0.000000
1576.000 0.000000
1576.000 0.002400
1576.000 0.002400
1576.000 0.000000
1576.000 0.000000
1576.000 0.000000
1576.000 0.000000
1576.000 0.000000
1576.000 0.000000
1576.000 0.000000
1576.000 0.000000
1576.000 0.000000
1576.000 0.000000
1576.000 0.000000
1576.000 0.003600
1576.000 0.003600
1576.000 0.000000
1576.000 0.000000
1576.000 0.000000
1576.000 0.001600
1576.000 0.001600
1576.000 0.001600
1576.000 0.001600
1576.000 0.001600
1576.000 0.001600
1576.000 0.001600
1576.000 0.001600
1576.000 0.000000
1576.000 0.000000
1576.000 0.000000
1576.000 0.000000
1576.000 0.000000
1576.000 0.000000
1576.000 0.000000
1576.000 0.000000
1576.000 0.000000
1576.000 0.000000
1576.000 0.002600
1576.000 0.002600
1576.000 0.002600
1576.000 0.000000
1576.000 0.000000
1576.000 0.000000
1576.000 0.000000
1576.000 0.000000
1576.000 0.002600
1576.000 0.002600
1576.000 0.002600
1576.000 0.000000
1576.000 0.000000
1576.000 0.000000
1576.000 0.000000
1576.000 0.000000
1576.000 0.002000
1576.000 0.002000
1576.000 0.000000
1576.000 0.000000
1576.000 0.000000
1576.000 0.000000
1576.000 0.000000
1576.000 0.000000
1576.000 0.001600
1576.000 0.001600
1576.000 0.000000
1576.000 0.000000
1576.000 0.000000
1576.000 0.002600
1576.000 0.002600
1576.000 0.002600
1576.000 0.000000
1576.000 0.000000
1576.000 0.000000
1576.000 0.000000
1576.000 0.000000
1576.000 0.002200
1576.000 0.002200
1576.000 0.002200
1576.000 0.000000
1576.000 0.000000
1576.000 0.000000
1576.000 0.000000
1576.000 0.000000
1576.000 0.002200
1576.000 0.002200
1576.000 0.000000
1576.000 0.000000
1576.000 0.000000
1576.000 0.001200
1576.000 0.001200
1576.000 0.001200
1576.000 0.002400
1576.000 0.002400
1576.000 0.000000
1576.000 0.000000
1576.000 0.000000
1576.000 0.001600
1576.000 0.001600
1576.000 0.000000
1576.000 0.000000
1576.000 0.000000
1576.000 0.000000
1576.000 0.001200
1576.000 0.001200
1576.000 0.000000
1576.000 0.000000
1576.000 0.000000
1576.000 0.000000
1576.000 0.000000
1576.000 0.000000
1576.000 0.002200
1576.000 0.002200
1576.000 0.000000
1576.000 0.000000
1576.000 0.000000
1576.000 0.003600
1576.000 0.003600
1576.000 0.000000
1576.000 0.000000
1576.000 0.000000
1576.000 0.001400
1576.000 0.001400
1576.000 0.000000
1576.000 0.000000
1576.000 0.000000
1576.000 0.000000
1576.000 0.000000
1576.000 0.000000
1576.000 0.002800
1576.000 0.002800
1576.000 0.000000
1576.000 0.000000
1576.000 0.000000
1576.000 0.000000
1576.000 0.000000
1576.000 0.002000
1576.000 0.002000
1576.000 0.002000
1576.000 0.003400
1576.000 0.003400
1576.000 0.000000
1576.000 0.000000
1576.000 0.000000
1576.000 0.000000
1576.000 0.000000
1576.000 0.000000
1576.000 0.000000
1576.000 0.000000
1576.000 0.000000
1576.000 0.000000
1576.000 0.000000
1576.000 0.001600
1576.000 0.001600
1576.000 0.000000
1576.000 0.000000
1576.000 0.000000
1576.000 0.001600
1576.000 0.001600
1576.000 0.000000
1576.000 0.000000
1576.000 0.000000
1576.000 0.000000
1576.000 0.000000
1576.000 0.000000
1576.000 0.002800
1577.000 0.002800
1577.000 0.000000
1577.000 0.000600
1577.000 0.000000
1577.000 0.000000
1577.000 0.000000
1577.000 0.000000
1577.000 0.000000
1577.000 0.000000
1577.000 0.000000
1577.000 0.000000
1577.000 0.002400
1577.000 0.002400
1577.000 0.000000
1577.000 0.000000
1577.000 0.000000
1577.000 0.002400
1577.000 0.002400
1577.000 0.000000
1577.000 0.000000
1577.000 0.000000
1577.000 0.000000
1577.000 0.000000
1577.000 0.001400
1577.000 0.001400
1577.000 0.001400
1577.000 0.000000
1577.000 0.000000
1577.000 0.000000
1577.000 0.002200
1577.000 0.002200
1577.000 0.000000
1577.000 0.000000
1577.000 0.000000
1577.000 0.002600
1577.000 0.000000
1577.000 0.000000
1577.000 0.000000
1577.000 0.000000
1577.000 0.000000
1577.000 0.000000
1577.000 0.000000
1577.000 0.000000
1577.000 0.000000
1577.000 0.000000
1577.000 0.000000
1577.000 0.000000
1577.000 0.000000
1577.000 0.000000
1577.000 0.000000
1577.000 0.000000
1577.000 0.000000
1577.000 0.000000
1577.000 0.002800
1577.000 0.002800
1577.000 0.000000
1577.000 0.000000
1577.000 0.000000
1577.000 0.004000
1577.000 0.004000
1577.000 0.000000
1577.000 0.000000
1577.000 0.000000
1577.000 0.000000
1577.000 0.000000
1577.000 0.000000
1577.000 0.002800
1577.000 0.002800
1577.000 0.000000
1577.000 0.000000
1577.000 0.000000
1577.000 0.003600
1577.000 0.003600
1577.000 0.000000
1577.000 0.000000
1577.000 0.000000
1577.000 0.000000
1577.000 0.000000
1577.000 0.000000
1577.000 0.001200
1577.000 0.001200
1577.000 0.000000
1577.000 0.000000
1577.000 0.000000
1577.000 0.002400
1577.000 0.002400
1577.000 0.000000
1577.000 0.000000
1577.000 0.000000
1577.000 0.000000
1577.000 0.000000
1577.000 0.000000
1577.000 0.000000
1577.000 0.000000
1577.000 0.000000
1577.000 0.000000
1577.000 0.000000
1577.000 0.000000
1577.000 0.000000
1577.000 0.002200
1577.000 0.002200
1577.000 0.000000
1577.000 0.000000
1577.000 0.000000
1577.000 0.000000
1577.000 0.000000
1577.000 0.000000
1577.000 0.001600
1577.000 0.001600
1577.000 0.000000
1577.000 0.000000
1577.000 0.000000
1577.000 0.002800
1577.000 0.002800
1577.000 0.000000
1577.000 0.000000
1577.000 0.000000
1577.000 0.000000
1577.000 0.000000
1577.000 0.000000
1577.000 0.000200
1577.000 0.000200
1577.000 0.000000
1577.000 0.000000
1577.000 0.000000
1577.000 0.003600
1577.000 0.003600
1577.000 0.000000
1577.000 0.000000
1577.000 0.000000
1577.000 0.003200
1577.000 0.003200
1577.000 0.000000
1577.000 0.000000
1577.000 0.000000
1577.000 0.000000
1577.000 0.000000
1577.000 0.001200
1577.000 0.001200
1577.000 0.001200
1577.000 0.002400
1577.000 0.002400
1577.000 0.000000
1577.000 0.000000
1577.000 0.000000
1577.000 0.000000
1577.000 0.000000
1577.000 0.000000
1577.000 0.002800
1577.000 0.002800
1577.000 0.000000
1577.000 0.000000
1577.000 0.000000
1577.000 0.000000
1577.000 0.000000
1577.000 0.000000
1577.000 0.002400
1577.000 0.002400
1577.000 0.000000
1577.000 0.000000
1577.000 0.000000
1577.000 0.001400
1577.000 0.001400
1577.000 0.001400
1577.000 0.001400
1577.000 0.001400
1577.000 0.001400
1577.000 0.001400
1577.000 0.001400
1577.000 0.001400
1577.000 0.001400
1577.000 0.000000
1577.000 0.001600
1577.000 0.001600
1577.000 0.000000
1577.000 0.000000
1577.000 0.000000
1577.000 0.000000
1577.000 0.000000
1577.000 0.000000
1577.000 0.002400
1577.000 0.002400
1577.000 0.000000
1577.000 0.000000
1577.000 0.000000
1577.000 0.001800
1577.000 0.001800
1577.000 0.000000
1577.000 0.000000
1577.000 0.000000
1577.000 0.000000
1577.000 0.000000
1577.000 0.000000
1577.000 0.002400
1577.000 0.002400
1577.000 0.000000
1577.000 0.000000
1577.000 0.000000
1577.000 0.002200
1577.000 0.002200
1577.000 0.002200
1577.000 0.002200
1577.000 0.002200
1577.000 0.000000
1577.000 0.000000
1577.000 0.000000
1577.000 0.000000
1577.000 0.000000
1577.000 0.000000
1577.000 0.000000
1577.000 0.000000
1577.000 0.003000
1577.000 0.003000
1577.000 0.000000
1577.000 0.000000
1577.000 0.000000
1577.000 0.001400
1577.000 0.001400
1577.000 0.001400
1577.000 0.000000
1577.000 0.000000
1577.000 0.000000
1577.000 0.000000
1577.000 0.000000
1577.000 0.002200
1577.000 0.002200
1577.000 0.000000
1577.000 0.000000
1577.000 0.000000
1577.000 0.000000
1577.000 0.000000
1577.000 0.000000
1577.000 0.000000
1577.000 0.000000
1577.000 0.000000
1577.000 0.000000
1577.000 0.000000
1577.000 0.002800
1577.000 0.002800
1577.000 0.000000
1577.000 0.000000
1577.000 0.000000
1577.000 0.003800
1577.000 0.003800
1577.000 0.000000
1577.000 0.000000
1577.000 0.000000
1577.000 0.001200
1577.000 0.001200
1577.000 0.001200
1578.000 0.002200
1578.000 0.000000
1578.000 0.000000
1578.000 0.000000
1578.000 0.000000
1578.000 0.000000
1578.000 0.000000
1578.000 0.000000
1578.000 0.000000
1578.000 0.002200
1578.000 0.002200
1578.000 0.000000
1578.000 0.000000
1578.000 0.000000
1578.000 0.000000
1578.000 0.000000
1578.000 0.000000
1578.000 0.003200
1578.000 0.003200
1578.000 0.000000
1578.000 0.000000
1578.000 0.000000
1578.000 0.002400
1578.000 0.002400
1578.000 0.000000
1578.000 0.000000
1578.000 0.000000
1578.000 0.000000
1578.000 0.000000
1578.000 0.000000
1578.000 0.001600
1578.000 0.001600
1578.000 0.001600
1578.000 0.001600
1578.000 0.000000
1578.000 0.000000
1578.000 0.000000
1578.000 0.000000
1578.000 0.000000
1578.000 0.000000
1578.000 0.003400
1578.000 0.003400
1578.000 0.000000
1578.000 0.000000
1578.000 0.000000
1578.000 0.001600
1578.000 0.001600
1578.000 0.000000
1578.000 0.000000
1578.000 0.000000
1578.000 0.000000
1578.000 0.000000
1578.000 0.000000
1578.000 0.003600
1578.000 0.003600
1578.000 0.000000
1578.000 0.000000
1578.000 0.000000
1578.000 0.002600
1578.000 0.002600
1578.000 0.002600
1578.000 0.002600
1578.000 0.002600
1578.000 0.000000
1578.000 0.000000
1578.000 0.000000
1578.000 0.000000
1578.000 0.000000
1578.000 0.002200
1578.000 0.002200
1578.000 0.000000
1578.000 0.000000
1578.000 0.000000
1578.000 0.000000
1578.000 0.000000
1578.000 0.000000
1578.000 0.000000
1578.000 0.000000
1578.000 0.000000
1578.000 0.000000
1578.000 0.000000
1578.000 0.000000
1578.000 0.000000
1578.000 0.000800
1578.000 0.000800
1578.000 0.000600
1578.000 0.000600
1578.000 0.000600
1578.000 0.000000
1578.000 0.000000
1578.000 0.000000
1578.000 0.004000
1578.000 0.004000
1578.000 0.000000
1578.000 0.000000
1578.000 0.000000
1578.000 0.002800
1578.000 0.002800
1578.000 0.000000
1578.000 0.000000
1578.000 0.000000
1578.000 0.001800
1578.000 0.001800
1578.000 0.000000
1578.000 0.000000
1578.000 0.000000
1578.000 0.000000
1578.000 0.000000
1578.000 0.000000
1578.000 0.001800
1578.000 0.001800
1578.000 0.000000
1578.000 0.000000
1578.000 0.000000
1578.000 0.002200
1578.000 0.002200
1578.000 0.002200
1578.000 0.001400
1578.000 0.001400
1578.000 0.000000
1578.000 0.000000
1578.000 0.000000
1578.000 0.003000
1578.000 0.003000
1578.000 0.000000
1578.000 0.000000
1578.000 0.000000
1578.000 0.000000
1578.000 0.000000
1578.000 0.000000
1578.000 0.002800
1578.000 0.002800
1578.000 0.000000
1578.000 0.000000
1578.000 0.000000
1578.000 0.003400
1578.000 0.003400
1578.000 0.003400
1578.000 0.003400
1578.000 0.003400
1578.000 0.000000
1578.000 0.000000
1578.000 0.000000
1578.000 0.000000
1578.000 0.000000
1578.000 0.002800
1578.000 0.002800
1578.000 0.000000
1578.000 0.000000
1578.000 0.000000
1578.000 0.000000
1578.000 0.000000
1578.000 0.000200
1578.000 0.000200
1578.000 0.000200
1578.000 0.000000
1578.000 0.000000
1578.000 0.000000
1578.000 0.001800
1578.000 0.001800
1578.000 0.000000
1578.000 0.000000
1578.000 0.000000
1578.000 0.003600
1578.000 0.003600
1578.000 0.000000
1578.000 0.000000
1578.000 0.000000
1578.000 0.000000
1578.000 0.000000
1578.000 0.000000
1578.000 0.000000
1578.000 0.000000
1578.000 0.000000
1578.000 0.000000
1578.000 0.000000
1578.000 0.001000
1578.000 0.001000
1578.000 0.000000
1578.000 0.000000
1578.000 0.000000
1578.000 0.003400
1578.000 0.003400
1578.000 0.000000
1578.000 0.000000
1578.000 0.000000
1578.000 0.000000
1578.000 0.000000
1578.000 0.000000
1578.000 0.002800
1578.000 0.002800
1578.000 0.000000
1578.000 0.000000
1578.000 0.000000
1578.000 0.000200
1578.000 0.000200
1578.000 0.000200
1578.000 0.002400
1578.000 0.002400
1578.000 0.000000
1578.000 0.000000
1578.000 0.000000
1578.000 0.001800
1578.000 0.001800
1578.000 0.001800
1578.000 0.000600
1578.000 0.000600
1578.000 0.000000
1578.000 0.000000
1578.000 0.000000
1578.000 0.002600
1578.000 0.002600
1578.000 0.000000
1578.000 0.000000
1578.000 0.000000
1578.000 0.000000
1578.000 0.001200
1578.000 0.001200
1578.000 0.000000
1578.000 0.000000
1578.000 0.000000
1578.000 0.000000
1578.000 0.000000
1578.000 0.000000
1578.000 0.003000
1578.000 0.003000
1578.000 0.000000
1578.000 0.000000
1578.000 0.000000
1578.000 0.000000
1578.000 0.000000
1578.000 0.000000
1578.000 0.000000
1578.000 0.000000
1578.000 0.001000
1578.000 0.001000
1578.000 0.001000
1578.000 0.000000
1578.000 0.000000
1578.000 0.000000
1578.000 0.000000
1578.000 0.000000
1578.000 0.000000
1578.000 0.000000
1578.000 0.003600
1578.000 0.003600
1578.000 0.003600
1578.000 0.002400
1578.000 0.002400
1578.000 0.002400
1579.000 0.000000
1579.000 0.000600
1579.000 0.000600
1579.000 0.000600
1579.000 0.000600
1579.000 0.000400
1579.000 0.000400
1579.000 0.000400
1579.000 0.001600
1579.000 0.001600
1579.000 0.000000
1579.000 0.000000
1579.000 0.000000
1579.000 0.001400
1579.000 0.001400
1579.000 0.000000
1579.000 0.000000
1579.000 0.000000
1579.000 0.000000
1579.000 0.000000
1579.000 0.000000
1579.000 0.000000
1579.000 0.000000
1579.000 0.001800
1579.000 0.001800
1579.000 0.000000
1579.000 0.000000
1579.000 0.000000
1579.000 0.000600
1579.000 0.000600
1579.000 0.000600
1579.000 0.001600
1579.000 0.001600
1579.000 0.000000
1579.000 0.000000
1579.000 0.000000
1579.000 0.001200
1579.000 0.001200
1579.000 0.001200
1579.000 0.001800
1579.000 0.001800
1579.000 0.000000
1579.000 0.000000
1579.000 0.000000
1579.000 0.001600
1579.000 0.001600
1579.000 0.001600
1579.000 0.000000
1579.000 0.000000
1579.000 0.000000
1579.000 0.000000
1579.000 0.000000
1579.000 0.003400
1579.000 0.003400
1579.000 0.000000
1579.000 0.000000
1579.000 0.000000
1579.000 0.000000
1579.000 0.000000
1579.000 0.000000
1579.000 0.002000
1579.000 0.002000
1579.000 0.000000
1579.000 0.000000
1579.000 0.000000
1579.000 0.002600
1579.000 0.002600
1579.000 0.000000
1579.000 0.000000
1579.000 0.000000
1579.000 0.000200
1579.000 0.000200
1579.000 0.000000
1579.000 0.000000
1579.000 0.000000
1579.000 0.000000
1579.000 0.000000
1579.000 0.000000
1579.000 0.003000
1579.000 0.003000
1579.000 0.000000
1579.000 0.000000
1579.000 0.000000
1579.000 0.000000
1579.000 0.000000
1579.000 0.000000
1579.000 0.000000
1579.000 0.000000
1579.000 0.000000
1579.000 0.000000
1579.000 0.000000
1579.000 0.002200
1579.000 0.002200
1579.000 0.000000
1579.000 0.000000
1579.000 0.000000
1579.000 0.000000
1579.000 0.000000
1579.000 0.000000
1579.000 0.003600
1579.000 0.003600
1579.000 0.000000
1579.000 0.000000
1579.000 0.000000
1579.000 0.003400
1579.000 0.003400
1579.000 0.003400
1579.000 0.003400
1579.000 0.003400
1579.000 0.000000
1579.000 0.000000
1579.000 0.000000
1579.000 0.000000
1579.000 0.000000
1579.000 0.002800
1579.000 0.002800
1579.000 0.002800
1579.000 0.000000
1579.000 0.000000
1579.000 0.000000
1579.000 0.000000
1579.000 0.000000
1579.000 0.000000
1579.000 0.000000
1579.000 0.003600
1579.000 0.003600
1579.000 0.003600
1579.000 0.001800
1579.000 0.001800
1579.000 0.000600
1579.000 0.000600
1579.000 0.000600
1579.000 0.000000
1579.000 0.000000
1579.000 0.000000
1579.000 0.003000
1579.000 0.003000
1579.000 0.000000
1579.000 0.000000
1579.000 0.000000
1579.000 0.000000
1579.000 0.000000
1579.000 0.000400
1579.000 0.000400
1579.000 0.000400
1579.000 0.000000
1579.000 0.000000
1579.000 0.000000
1579.000 0.003800
1579.000 0.003800
1579.000 0.000000
1579.000 0.000000
1579.000 0.000000
1579.000 0.002400
1579.000 0.002400
1579.000 0.000000
1579.000 0.000000
1579.000 0.000000
1579.000 0.000000
1579.000 0.000000
1579.000 0.000000
1579.000 0.002200
1579.000 0.002200
1579.000 0.000000
1579.000 0.000000
1579.000 0.000000
1579.000 0.001200
1579.000 0.000800
1579.000 0.000800
1579.000 0.000000
1579.000 0.000000
1579.000 0.000000
1579.000 0.000000
1579.000 0.000000
1579.000 0.000000
1579.000 0.002800
1579.000 0.002800
1579.000 0.000000
1579.000 0.000000
1579.000 0.000000
1579.000 0.002400
1579.000 0.002400
1579.000 0.002400
1579.000 0.000000
1579.000 0.000000
1579.000 0.000000
1579.000 0.000000
1579.000 0.000000
1579.000 0.002400
1579.000 0.002400
1579.000 0.000000
1579.000 0.000000
1579.000 0.000000
1579.000 0.000000
1579.000 0.000000
1579.000 0.000000
1579.000 0.000800
1579.000 0.000800
1579.000 0.000000
1579.000 0.000000
1579.000 0.000000
1579.000 0.003600
1579.000 0.003600
1579.000 0.000000
1579.000 0.000000
1579.000 0.000000
1579.000 0.000600
1579.000 0.000600
1579.000 0.000600
1579.000 0.000000
1579.000 0.000000
1579.000 0.000000
1579.000 0.000000
1579.000 0.000000
1579.000 0.003000
1579.000 0.003000
1579.000 0.000000
1579.000 0.000000
1579.000 0.000000
1579.000 0.000000
1579.000 0.000000
1579.000 0.000000
1579.000 0.000000
1579.000 0.000000
1579.000 0.000000
1579.000 0.000000
1579.000 0.002400
1579.000 0.002400
1579.000 0.002400
1579.000 0.000000
1579.000 0.000000
1579.000 0.000000
1579.000 0.002800
1579.000 0.002800
1579.000 0.000000
1579.000 0.000000
1579.000 0.000000
1579.000 0.003600
1579.000 0.003600
1579.000 0.000000
1579.000 0.000000
1579.000 0.000000
1579.000 0.000000
1579.000 0.000000
1579.000 0.000000
1579.000 0.002800
1579.000 0.002800
1579.000 0.000000
1579.000 0.000000
1579.000 0.000000
1580.001 0.000000
1580.001 0.000000
1580.001 0.000000
1580.001 0.000000
1580.001 0.000000
1580.001 0.000000
1580.001 0.000000
1580.001 0.000000
1580.001 0.000000
1580.001 0.000000
1580.001 0.000000
1580.001 0.000000
1580.001 0.000400
1580.001 0.000400
1580.001 0.000400
1580.001 0.003400
1580.001 0.000000
1580.001 0.000000
1580.001 0.000000
1580.001 0.000000
1580.001 0.000000
1580.001 0.000000
1580.001 0.000000
1580.001 0.000000
1580.001 0.001800
1580.001 0.001800
1580.001 0.000000
1580.001 0.000000
1580.001 0.000000
1580.001 0.000000
1580.001 0.000000
1580.001 0.000000
1580.001 0.001800
1580.001 0.001800
1580.001 0.000000
1580.001 0.000000
1580.001 0.000000
1580.001 0.002000
1580.001 0.002000
1580.001 0.000000
1580.001 0.000000
1580.001 0.000000
1580.001 0.000000
1580.001 0.000000
1580.001 0.000000
1580.001 0.003200
1580.001 0.003200
1580.001 0.000000
1580.001 0.000000
1580.001 0.000000
1580.001 0.001200
1580.001 0.001200
1580.001 0.001200
1580.001 0.001800
1580.001 0.001800
1580.001 0.000000
1580.001 0.000000
1580.001 0.000000
1580.001 0.002200
1580.001 0.002200
1580.001 0.000000
1580.001 0.000000
1580.001 0.000000
1580.001 0.000000
1580.001 0.000000
1580.001 0.000000
1580.001 0.000000
1580.001 0.000000
1580.001 0.002400
1580.001 0.002400
1580.001 0.000000
1580.001 0.000000
1580.001 0.000000
1580.001 0.000000
1580.001 0.000000
1580.001 0.000000
1580.001 0.003000
1580.001 0.003000
1580.001 0.000000
1580.001 0.000000
1580.001 0.000000
1580.001 0.001800
1580.001 0.001800
1580.001 0.001800
1580.001 0.000000
1580.001 0.000000
1580.001 0.000000
1580.001 0.000000
1580.001 0.000000
1580.001 0.002800
1580.001 0.002800
1580.001 0.000000
1580.001 0.000000
1580.001 0.000000
1580.001 0.000000
1580.001 0.000000
1580.001 0.000000
1580.001 0.001200
1580.001 0.001200
1580.001 0.000000
1580.001 0.000000
1580.001 0.000000
1580.001 0.001600
1580.001 0.001600
1580.001 0.000000
1580.001 0.000000
1580.001 0.000000
1580.001 0.000000
1580.001 0.000000
1580.001 0.000000
1580.001 0.002800
1580.001 0.002800
1580.001 0.000000
1580.001 0.000000
1580.001 0.000000
1580.001 0.002000
1580.001 0.002000
1580.001 0.000000
1580.001 0.000000
1580.001 0.000000
1580.001 0.000000
1580.001 0.000000
1580.001 0.000000
1580.001 0.000000
1580.001 0.000000
1580.001 0.000000
1580.001 0.000000
1580.001 0.000000
1580.001 0.000600
1580.001 0.000600
1580.001 0.000000
1580.001 0.000000
1580.001 0.000000
1580.001 0.002000
1580.001 0.002000
1580.001 0.000000
1580.001 0.000000
1580.001 0.000000
1580.001 0.000000
1580.001 0.000000
1580.001 0.000000
1580.001 0.000000
1580.001 0.000000
1580.001 0.000000
1580.001 0.000000
1580.001 0.000000
1580.001 0.001200
1580.001 0.001200
1580.001 0.000000
1580.001 0.000000
1580.001 0.000000
1580.001 0.003200
1580.001 0.003200
1580.001 0.000000
1580.001 0.000000
1580.001 0.000000
1580.001 0.001000
1580.001 0.001000
1580.001 0.000000
1580.001 0.000000
1580.001 0.000000
1580.001 0.000000
1580.001 0.000000
1580.001 0.000000
1580.001 0.003400
1580.001 0.003400
1580.001 0.003400
1580.001 0.003400
1580.001 0.003400
1580.001 0.000000
1580.001 0.000000
1580.001 0.000000
1580.001 0.000000
1580.001 0.000000
1580.001 0.004000
1580.001 0.004000
1580.001 0.000000
1580.001 0.000000
1580.001 0.000000
1580.001 0.001600
1580.001 0.001600
1580.001 0.000000
1580.001 0.000000
1580.001 0.000000
1580.001 0.000000
1580.001 0.000000
1580.001 0.000000
1580.001 0.002200
1580.001 0.002200
1580.001 0.000000
1580.001 0.000000
1580.001 0.000000
1580.001 0.001600
1580.001 0.001600
1580.001 0.000000
1580.001 0.000000
1580.001 0.000000
1580.001 0.000000
1580.001 0.000000
1580.001 0.000000
1580.001 0.002600
1580.001 0.002600
1580.001 0.000000
1580.001 0.000000
1580.001 0.000000
1580.001 0.000000
1580.001 0.000000
1580.001 0.003600
1580.001 0.003600
1580.001 0.003600
1580.001 0.001800
1580.001 0.001800
1580.001 0.000000
1580.001 0.000000
1580.001 0.000000
1580.001 0.001800
1580.001 0.001800
1580.001 0.000000
1580.001 0.000000
1580.001 0.000000
1580.001 0.000000
1580.001 0.000000
1580.001 0.000000
1580.001 0.002600
1580.001 0.002600
1580.001 0.000000
1580.001 0.000000
1580.001 0.000000
1580.001 0.001200
1580.001 0.001200
1580.001 0.000000
1580.001 0.000000
1580.001 0.000000
1580.001 0.000000
1580.001 0.000000
1580.001 0.001600
1580.001 0.001600
1580.001 0.001600
1580.001 0.001600
1580.001 0.001600
1580.001 0.000000
1580.001 0.000000
1580.001 0.000000
1580.001 0.000000
1580.001 0.000000
1580.001 0.000000
1580.001 0.000000
1580.001 0.000000
1580.001 0.000000
1580.001 0.000000
1581.000 0.000000
1581.000 0.000200
1581.000 0.000000
1581.000 0.000000
1581.000 0.000000
1581.000 0.000000
1581.000 0.000000
1581.000 0.000000
1581.000 0.000000
1581.000 0.000000
1581.000 0.000000
1581.000 0.000000
1581.000 0.000600
1581.000 0.000600
1581.000 0.000600
1581.000 0.000000
1581.000 0.000000
1581.000 0.000000
1581.000 0.003000
1581.000 0.003000
1581.000 0.000000
1581.000 0.000000
1581.000 0.000000
1581.000 0.000000
1581.000 0.000000
1581.000 0.001000
1581.000 0.001000
1581.000 0.001000
1581.000 0.003600
1581.000 0.003600
1581.000 0.000000
1581.000 0.000000
1581.000 0.000000
1581.000 0.000000
1581.000 0.000000
1581.000 0.000000
1581.000 0.001200
1581.000 0.001200
1581.000 0.000000
1581.000 0.000000
1581.000 0.000000
1581.000 0.001800
1581.000 0.001800
1581.000 0.000000
1581.000 0.000000
1581.000 0.000000
1581.000 0.000000
1581.000 0.000000
1581.000 0.000000
1581.000 0.002800
1581.000 0.002800
1581.000 0.000000
1581.000 0.000000
1581.000 0.000000
1581.000 0.002400
1581.000 0.002400
1581.000 0.000000
1581.000 0.000000
1581.000 0.000000
1581.000 0.000000
1581.000 0.000000
1581.000 0.000000
1581.000 0.001800
1581.000 0.001800
1581.000 0.000000
1581.000 0.000000
1581.000 0.000000
1581.000 0.001800
1581.000 0.001800
1581.000 0.001800
1581.000 0.000000
1581.000 0.000000
1581.000 0.000000
1581.000 0.000000
1581.000 0.000000
1581.000 0.001800
1581.000 0.000000
1581.000 0.000000
1581.000 0.000000
1581.000 0.000000
1581.000 0.000000
1581.000 0.000000
1581.000 0.000000
1581.000 0.000000
1581.000 0.002000
1581.000 0.002000
1581.000 0.002000
1581.000 0.002000
1581.000 0.002000
1581.000 0.000000
1581.000 0.000000
1581.000 0.000000
1581.000 0.000000
1581.000 0.000000
1581.000 0.000000
1581.000 0.000000
1581.000 0.000000
1581.000 0.002600
1581.000 0.002600
1581.000 0.000000
1581.000 0.000000
1581.000 0.000000
1581.000 0.002600
1581.000 0.000000
1581.000 0.000000
1581.000 0.000000
1581.000 0.000000
1581.000 0.000000
1581.000 0.000000
1581.000 0.000000
1581.000 0.000000
1581.000 0.000000
1581.000 0.000000
1581.000 0.002800
1581.000 0.002800
1581.000 0.000000
1581.000 0.000000
1581.000 0.000000
1581.000 0.002800
1581.000 0.002800
1581.000 0.000000
1581.000 0.000000
1581.000 0.000000
1581.000 0.000000
1581.000 0.000000
1581.000 0.000000
1581.000 0.002200
1581.000 0.002200
1581.000 0.000000
1581.000 0.000000
1581.000 0.000000
1581.000 0.002200
1581.000 0.002200
1581.000 0.000000
1581.000 0.000000
1581.000 0.000000
1581.000 0.000000
1581.000 0.000000
1581.000 0.000000
1581.000 0.001600
1581.000 0.001600
1581.000 0.000000
1581.000 0.000000
1581.000 0.000000
1581.000 0.000400
1581.000 0.000400
1581.000 0.000000
1581.000 0.000000
1581.000 0.000000
1581.000 0.000000
1581.000 0.000000
1581.000 0.000000
1581.000 0.003400
1581.000 0.003400
1581.000 0.003400
1581.000 0.003400
1581.000 0.003400
1581.000 0.000000
1581.000 0.000000
1581.000 0.000000
1581.000 0.000000
1581.000 0.000000
1581.000 0.000000
1581.000 0.000000
1581.000 0.000000
1581.000 0.000000
1581.000 0.000000
1581.000 0.002600
1581.000 0.002600
1581.000 0.000000
1581.000 0.000000
1581.000 0.000000
1581.000 0.000000
1581.000 0.000000
1581.000 0.000000
1581.000 0.001400
1581.000 0.001400
1581.000 0.000000
1581.000 0.000000
1581.000 0.000000
1581.000 0.003000
1581.000 0.003000
1581.000 0.000000
1581.000 0.000000
1581.000 0.000000
1581.000 0.000000
1581.000 0.000000
1581.000 0.000000
1581.000 0.002400
1581.000 0.002400
1581.000 0.000000
1581.000 0.000000
1581.000 0.000000
1581.000 0.003400
1581.000 0.003400
1581.000 0.000000
1581.000 0.000000
1581.000 0.000000
1581.000 0.000000
1581.000 0.000000
1581.000 0.002600
1581.000 0.002600
1581.000 0.002600
1581.000 0.002800
1581.000 0.002800
1581.000 0.002800
1581.000 0.001000
1581.000 0.001000
1581.000 0.000000
1581.000 0.000000
1581.000 0.000000
1581.000 0.000000
1581.000 0.000000
1581.000 0.001200
1581.000 0.001200
1581.000 0.001200
1581.000 0.002200
1581.000 0.002200
1581.000 0.002200
1581.000 0.001400
1581.000 0.001400
1581.000 0.000000
1581.000 0.000000
1581.000 0.000000
1581.000 0.002400
1581.000 0.002400
1581.000 0.000000
1581.000 0.000000
1581.000 0.000000
1581.000 0.000000
1581.000 0.000000
1581.000 0.000000
1581.000 0.001400
1581.000 0.001400
1581.000 0.000000
1581.000 0.000000
1581.000 0.000000
1581.000 0.003400
1581.000 0.003400
1581.000 0.000000
1581.000 0.000000
1581.000 0.000000
1581.000 0.000000
1581.000 0.000000
1581.000 0.000000
1581.000 0.000800
1581.000 0.000800
1581.000 0.000000
1581.000 0.000000
1581.000 0.000000
1582.001 0.002000
1582.001 0.000000
1582.001 0.000000
1582.001 0.000000
1582.001 0.000000
1582.001 0.000000
1582.001 0.000000
1582.001 0.000000
1582.001 0.000000
1582.001 0.000600
1582.001 0.000600
1582.001 0.000600
1582.001 0.001400
1582.001 0.001400
1582.001 0.000000
1582.001 0.000000
1582.001 0.000000
1582.001 0.002600
1582.001 0.002600
1582.001 0.000000
1582.001 0.000000
1582.001 0.000000
1582.001 0.000000
1582.001 0.000000
1582.001 0.000000
1582.001 0.002800
1582.001 0.002800
1582.001 0.000000
1582.001 0.000000
1582.001 0.000000
1582.001 0.000200
1582.001 0.000200
1582.001 0.000200
1582.001 0.000600
1582.001 0.000600
1582.001 0.000000
1582.001 0.000000
1582.001 0.000000
1582.001 0.000000
1582.001 0.000000
1582.001 0.000000
1582.001 0.002400
1582.001 0.002400
1582.001 0.000000
1582.001 0.000000
1582.001 0.000000
1582.001 0.002200
1582.001 0.002200
1582.001 0.002200
1582.001 0.000000
1582.001 0.000000
1582.001 0.000000
1582.001 0.000000
1582.001 0.000000
1582.001 0.002400
1582.001 0.002400
1582.001 0.000000
1582.001 0.000000
1582.001 0.000000
1582.001 0.000000
1582.001 0.000000
1582.001 0.000000
1582.001 0.002000
1582.001 0.002000
1582.001 0.000000
1582.001 0.000000
1582.001 0.000000
1582.001 0.000000
1582.001 0.000000
1582.001 0.000000
1582.001 0.002400
1582.001 0.002400
1582.001 0.000000
1582.001 0.000000
1582.001 0.000000
1582.001 0.002600
1582.001 0.002600
1582.001 0.000000
1582.001 0.000000
1582.001 0.000000
1582.001 0.000000
1582.001 0.000000
1582.001 0.000000
1582.001 0.003000
1582.001 0.003000
1582.001 0.000000
1582.001 0.000000
1582.001 0.000000
1582.001 0.002000
1582.001 0.002000
1582.001 0.000000
1582.001 0.000000
1582.001 0.000000
1582.001 0.000000
1582.001 0.000000
1582.001 0.000000
1582.001 0.002000
1582.001 0.002000
1582.001 0.000000
1582.001 0.000000
1582.001 0.000000
1582.001 0.000000
1582.001 0.000000
1582.001 0.002200
1582.001 0.002200
1582.001 0.002200
1582.001 0.003600
1582.001 0.003600
1582.001 0.000000
1582.001 0.000000
1582.001 0.000000
1582.001 0.000000
1582.001 0.000000
1582.001 0.000000
1582.001 0.000000
1582.001 0.000000
1582.001 0.000000
1582.001 0.000000
1582.001 0.000000
1582.001 0.000000
1582.001 0.000000
1582.001 0.001200
1582.001 0.001200
1582.001 0.000000
1582.001 0.000000
1582.001 0.000000
1582.001 0.000600
1582.001 0.000600
1582.001 0.000000
1582.001 0.000000
1582.001 0.000000
1582.001 0.000000
1582.001 0.000000
1582.001 0.000000
1582.001 0.003400
1582.001 0.003400
1582.001 0.000000
1582.001 0.000000
1582.001 0.000000
1582.001 0.000000
1582.001 0.002600
1582.001 0.002600
1582.001 0.002600
1582.001 0.002800
1582.001 0.002800
1582.001 0.000000
1582.001 0.000000
1582.001 0.000000
1582.001 0.000000
1582.001 0.000000
1582.001 0.000000
1582.001 0.002200
1582.001 0.002200
1582.001 0.000000
1582.001 0.000000
1582.001 0.000000
1582.001 0.001800
1582.001 0.000000
1582.001 0.000000
1582.001 0.000000
1582.001 0.000000
1582.001 0.000000
1582.001 0.000000
1582.001 0.000000
1582.001 0.000000
1582.001 0.000000
1582.001 0.000000
1582.001 0.001400
1582.001 0.001400
1582.001 0.001400
1582.001 0.002200
1582.001 0.002200
1582.001 0.000000
1582.001 0.000000
1582.001 0.000000
1582.001 0.002800
1582.001 0.002800
1582.001 0.002800
1582.001 0.002800
1582.001 0.002800
1582.001 0.000000
1582.001 0.000000
1582.001 0.000000
1582.001 0.000000
1582.001 0.000000
1582.001 0.002600
1582.001 0.002600
1582.001 0.000000
1582.001 0.000000
1582.001 0.000000
1582.001 0.000000
1582.001 0.000000
1582.001 0.000000
1582.001 0.004000
1582.001 0.004000
1582.001 0.000000
1582.001 0.000000
1582.001 0.000000
1582.001 0.000000
1582.001 0.000000
1582.001 0.000000
1582.001 0.002600
1582.001 0.002600
1582.001 0.000000
1582.001 0.000000
1582.001 0.000000
1582.001 0.003600
1582.001 0.003600
1582.001 0.000000
1582.001 0.000000
1582.001 0.000000
1582.001 0.000000
1582.001 0.000000
1582.001 0.001200
1582.001 0.001200
1582.001 0.001200
1582.001 0.003600
1582.001 0.003600
1582.001 0.003600
1582.001 0.000000
1582.001 0.000000
1582.001 0.000000
1582.001 0.000000
1582.001 0.000000
1582.001 0.002000
1582.001 0.002000
1582.001 0.002000
1582.001 0.000200
1582.001 0.000200
1582.001 0.000000
1582.001 0.000000
1582.001 0.000000
1582.001 0.002400
1582.001 0.002400
1582.001 0.000000
1582.001 0.000000
1582.001 0.000000
1582.001 0.002000
1582.001 0.002000
1582.001 0.000000
1582.001 0.000000
1582.001 0.000000
1582.001 0.000000
1582.001 0.000000
1582.001 0.000000
1582.001 0.002000
1582.001 0.002000
1582.001 0.000000
1582.001 0.000000
1582.001 0.000000
1583.001 0.002000
1583.001 0.000000
1583.001 0.000000
1583.001 0.000600
1583.001 0.000600
1583.001 0.000600
1583.001 0.000000
1583.001 0.000000
1583.001 0.000000
1583.001 0.000000
1583.001 0.000000
1583.001 0.000000
1583.001 0.000000
1583.001 0.000000
1583.001 0.002800
1583.001 0.002800
1583.001 0.000000
1583.001 0.000000
1583.001 0.000000
1583.001 0.001800
1583.001 0.000000
1583.001 0.000000
1583.001 0.000000
1583.001 0.000000
1583.001 0.000000
1583.001 0.000000
1583.001 0.000000
1583.001 0.000000
1583.001 0.002800
1583.001 0.002800
1583.001 0.002800
1583.001 0.000000
1583.001 0.000000
1583.001 0.000000
1583.001 0.000000
1583.001 0.000000
1583.001 0.001200
1583.001 0.001200
1583.001 0.001200
1583.001 0.000000
1583.001 0.000000
1583.001 0.000000
1583.001 0.000000
1583.001 0.000000
1583.001 0.003600
1583.001 0.003600
1583.001 0.000000
1583.001 0.000000
1583.001 0.000000
1583.001 0.000000
1583.001 0.000000
1583.001 0.000000
1583.001 0.000000
1583.001 0.000000
1583.001 0.000000
1583.001 0.001600
1583.001 0.001600
1583.001 0.000000
1583.001 0.000000
1583.001 0.000000
1583.001 0.000000
1583.001 0.000000
1583.001 0.000000
1583.001 0.001800
1583.001 0.001800
1583.001 0.000000
1583.001 0.000000
1583.001 0.000000
1583.001 0.002600
1583.001 0.002600
1583.001 0.000000
1583.001 0.000000
1583.001 0.000000
1583.001 0.000000
1583.001 0.000000
1583.001 0.000000
1583.001 0.001000
1583.001 0.001000
1583.001 0.000000
1583.001 0.000000
1583.001 0.000000
1583.001 0.003000
1583.001 0.003000
1583.001 0.003000
1583.001 0.000000
1583.001 0.000000
1583.001 0.000000
1583.001 0.000000
1583.001 0.000000
1583.001 0.002600
1583.001 0.002600
1583.001 0.000000
1583.001 0.000000
1583.001 0.000000
1583.001 0.000000
1583.001 0.000000
1583.001 0.000000
1583.001 0.000000
1583.001 0.000000
1583.001 0.002400
1583.001 0.002400
1583.001 0.002400
1583.001 0.000800
1583.001 0.000800
1583.001 0.000000
1583.001 0.000000
1583.001 0.000000
1583.001 0.003200
1583.001 0.003200
1583.001 0.000000
1583.001 0.000000
1583.001 0.000000
1583.001 0.001400
1583.001 0.001400
1583.001 0.001400
1583.001 0.001000
1583.001 0.001000
1583.001 0.000000
1583.001 0.000000
1583.001 0.000000
1583.001 0.002000
1583.001 0.002000
1583.001 0.002000
1583.001 0.002000
1583.001 0.002000
1583.001 0.000000
1583.001 0.000000
1583.001 0.000000
1583.001 0.000000
1583.001 0.000000
1583.001 0.001400
1583.001 0.001400
1583.001 0.001400
1583.001 0.001800
1583.001 0.001800
1583.001 0.000000
1583.001 0.000000
1583.001 0.000000
1583.001 0.003800
1583.001 0.003800
1583.001 0.000000
1583.001 0.000000
1583.001 0.000000
1583.001 0.000000
1583.001 0.000000
1583.001 0.000000
1583.001 0.002000
1583.001 0.002000
1583.001 0.000000
1583.001 0.000000
1583.001 0.000000
1583.001 0.001200
1583.001 0.001200
1583.001 0.000000
1583.001 0.000000
1583.001 0.000000
1583.001 0.000000
1583.001 0.000000
1583.001 0.000000
1583.001 0.003000
1583.001 0.003000
1583.001 0.000000
1583.001 0.000000
1583.001 0.000000
1583.001 0.000000
1583.001 0.000000
1583.001 0.000000
1583.001 0.001400
1583.001 0.001400
1583.001 0.000000
1583.001 0.000000
1583.001 0.000000
1583.001 0.003200
1583.001 0.003200
1583.001 0.000000
1583.001 0.000000
1583.001 0.000000
1583.001 0.002000
1583.001 0.002000
1583.001 0.000000
1583.001 0.000000
1583.001 0.000000
1583.001 0.000000
1583.001 0.000000
1583.001 0.000000
1583.001 0.000200
1583.001 0.000200
1583.001 0.000000
1583.001 0.000000
1583.001 0.000000
1583.001 0.003200
1583.001 0.003200
1583.001 0.003200
1583.001 0.000600
1583.001 0.000600
1583.001 0.000000
1583.001 0.000000
1583.001 0.000000
1583.001 0.002200
1583.001 0.002200
1583.001 0.002200
1583.001 0.000000
1583.001 0.000000
1583.001 0.000000
1583.001 0.000000
1583.001 0.000000
1583.001 0.003200
1583.001 0.003200
1583.001 0.000000
1583.001 0.000000
1583.001 0.000000
1583.001 0.000000
1583.001 0.000000
1583.001 0.000000
1583.001 0.001800
1583.001 0.001800
1583.001 0.000000
1583.001 0.000000
1583.001 0.000000
1583.001 0.002400
1583.001 0.002400
1583.001 0.000000
1583.001 0.000000
1583.001 0.000000
1583.001 0.000000
1583.001 0.002400
1583.001 0.002400
1583.001 0.002400
1583.001 0.002600
1583.001 0.002600
1583.001 0.000000
1583.001 0.000000
1583.001 0.000000
1583.001 0.000000
1583.001 0.000000
1583.001 0.001000
1583.001 0.001000
1583.001 0.001000
1583.001 0.000000
1583.001 0.000000
1583.001 0.000000
1583.001 0.002600
1583.001 0.002600
1583.001 0.000000
1583.001 0.000000
1583.001 0.000000
1583.001 0.001800
1583.001 0.001800
1583.001 0.001800
1583.001 0.001800
1584.000 0.001800
1584.000 0.000000
1584.000 0.000200
1584.000 0.000200
1584.000 0.000000
1584.000 0.000000
1584.000 0.000000
1584.000 0.002800
1584.000 0.002800
1584.000 0.000000
1584.000 0.000000
1584.000 0.000000
1584.000 0.000000
1584.000 0.000000
1584.000 0.001200
1584.000 0.001200
1584.000 0.001200
1584.000 0.001400
1584.000 0.001400
1584.000 0.001400
1584.000 0.001400
1584.000 0.001400
1584.000 0.000000
1584.000 0.000000
1584.000 0.000000
1584.000 0.000000
1584.000 0.000000
1584.000 0.001600
1584.000 0.001600
1584.000 0.001600
1584.000 0.003200
1584.000 0.003200
1584.000 0.000000
1584.000 0.000000
1584.000 0.000000
1584.000 0.000000
1584.000 0.000000
1584.000 0.000000
1584.000 0.000000
1584.000 0.000000
1584.000 0.000000
1584.000 0.000000
1584.000 0.000000
1584.000 0.000000
1584.000 0.000000
1584.000 0.001800
1584.000 0.001800
1584.000 0.001800
1584.000 0.000000
1584.000 0.000000
1584.000 0.000000
1584.000 0.000000
1584.000 0.000000
1584.000 0.003000
1584.000 0.003000
1584.000 0.000000
1584.000 0.000000
1584.000 0.000000
1584.000 0.000000
1584.000 0.000000
1584.000 0.000000
1584.000 0.001400
1584.000 0.001400
1584.000 0.000000
1584.000 0.000000
1584.000 0.000000
1584.000 0.003800
1584.000 0.003800
1584.000 0.000000
1584.000 0.000000
1584.000 0.000000
1584.000 0.002400
1584.000 0.002400
1584.000 0.002400
1584.000 0.000000
1584.000 0.000000
1584.000 0.000000
1584.000 0.000000
1584.000 0.000000
1584.000 0.003600
1584.000 0.003600
1584.000 0.000000
1584.000 0.000000
1584.000 0.000000
1584.000 0.000000
1584.000 0.002600
1584.000 0.002600
1584.000 0.002600
1584.000 0.002600
1584.000 0.002600
1584.000 0.000000
1584.000 0.000000
1584.000 0.000000
1584.000 0.001800
1584.000 0.001800
1584.000 0.000000
1584.000 0.000000
1584.000 0.000000
1584.000 0.000000
1584.000 0.000000
1584.000 0.000000
1584.000 0.003400
1584.000 0.003400
1584.000 0.000000
1584.000 0.000000
1584.000 0.000000
1584.000 0.002000
1584.000 0.002000
1584.000 0.002000
1584.000 0.000000
1584.000 0.000000
1584.000 0.000000
1584.000 0.000000
1584.000 0.000000
1584.000 0.000000
1584.000 0.000000
1584.000 0.000000
1584.000 0.000000
1584.000 0.000000
1584.000 0.002800
1584.000 0.002800
1584.000 0.000000
1584.000 0.000000
1584.000 0.000000
1584.000 0.000000
1584.000 0.000000
1584.000 0.003800
1584.000 0.003800
1584.000 0.003800
1584.000 0.000800
1584.000 0.000800
1584.000 0.000000
1584.000 0.000000
1584.000 0.000000
1584.000 0.002400
1584.000 0.002400
1584.000 0.002400
1584.000 0.000000
1584.000 0.000000
1584.000 0.000000
1584.000 0.000000
1584.000 0.000000
1584.000 0.000000
1584.000 0.000000
1584.000 0.000000
1584.000 0.000000
1584.000 0.000000
1584.000 0.002800
1584.000 0.002800
1584.000 0.002800
1584.000 0.002800
1584.000 0.000000
1584.000 0.000000
1584.000 0.000000
1584.000 0.000000
1584.000 0.000000
1584.000 0.001800
1584.000 0.001800
1584.000 0.001800
1584.000 0.000000
1584.000 0.000000
1584.000 0.000000
1584.000 0.003200
1584.000 0.003200
1584.000 0.000000
1584.000 0.000000
1584.000 0.000000
1584.000 0.001600
1584.000 0.001600
1584.000 0.000000
1584.000 0.000000
1584.000 0.000000
1584.000 0.000000
1584.000 0.000000
1584.000 0.000000
1584.000 0.000200
1584.000 0.000200
1584.000 0.000200
1584.000 0.000200
1584.000 0.000000
1584.000 0.000000
1584.000 0.000000
1584.000 0.000000
1584.000 0.000000
1584.000 0.002400
1584.000 0.002400
1584.000 0.002400
1584.000 0.000000
1584.000 0.000000
1584.000 0.000000
1584.000 0.002600
1584.000 0.002600
1584.000 0.000000
1584.000 0.000000
1584.000 0.000000
1584.000 0.002600
1584.000 0.002600
1584.000 0.000000
1584.000 0.000000
1584.000 0.000000
1584.000 0.000000
1584.000 0.000000
1584.000 0.000000
1584.000 0.000800
1584.000 0.000800
1584.000 0.000000
1584.000 0.000000
1584.000 0.000000
1584.000 0.003000
1584.000 0.003000
1584.000 0.000000
1584.000 0.000000
1584.000 0.000000
1584.000 0.000000
1584.000 0.000000
1584.000 0.001600
1584.000 0.001600
1584.000 0.001600
1584.000 0.000000
1584.000 0.000000
1584.000 0.000000
1584.000 0.002800
1584.000 0.002800
1584.000 0.000000
1584.000 0.000000
1584.000 0.000000
1584.000 0.003000
1584.000 0.003000
1584.000 0.000000
1584.000 0.000000
1584.000 0.000000
1584.000 0.000000
1584.000 0.000000
1584.000 0.000000
1584.000 0.002200
1584.000 0.002200
1584.000 0.000000
1584.000 0.000000
1584.000 0.000000
1584.000 0.000800
1584.000 0.000800
1584.000 0.000800
1584.000 0.000600
1584.000 0.000600
1584.000 0.000000
1584.000 0.000000
1584.000 0.000000
1584.000 0.000000
1584.000 0.000000
1584.000 0.000000
1585.000 0.001600
1585.000 0.000000
1585.000 0.000000
1585.000 0.000000
1585.000 0.000000
1585.000 0.000000
1585.000 0.000000
1585.000 0.000000
1585.000 0.000000
1585.000 0.002800
1585.000 0.002800
1585.000 0.000000
1585.000 0.000000
1585.000 0.000000
1585.000 0.002400
1585.000 0.002400
1585.000 0.000000
1585.000 0.000000
1585.000 0.000000
1585.000 0.000000
1585.000 0.000000
1585.000 0.000000
1585.000 0.001400
1585.000 0.001400
1585.000 0.000000
1585.000 0.000000
1585.000 0.000000
1585.000 0.003000
1585.000 0.003000
1585.000 0.000000
1585.000 0.000000
1585.000 0.000000
1585.000 0.000000
1585.000 0.000000
1585.000 0.000000
1585.000 0.003200
1585.000 0.003200
1585.000 0.000000
1585.000 0.000000
1585.000 0.000000
1585.000 0.001400
1585.000 0.001400
1585.000 0.000000
1585.000 0.000000
1585.000 0.000000
1585.000 0.000000
1585.000 0.000000
1585.000 0.000000
1585.000 0.002000
1585.000 0.002000
1585.000 0.000000
1585.000 0.000000
1585.000 0.000000
1585.000 0.003000
1585.000 0.003000
1585.000 0.003000
1585.000 0.000000
1585.000 0.000000
1585.000 0.000000
1585.000 0.000000
1585.000 0.000000
1585.000 0.003200
1585.000 0.003200
1585.000 0.000000
1585.000 0.000000
1585.000 0.000000
1585.000 0.000000
1585.000 0.000000
1585.000 0.000000
1585.000 0.000000
1585.000 0.000000
1585.000 0.000000
1585.000 0.000000
1585.000 0.000000
1585.000 0.002200
1585.000 0.002200
1585.000 0.000000
1585.000 0.000000
1585.000 0.000000
1585.000 0.001400
1585.000 0.001400
1585.000 0.000000
1585.000 0.000000
1585.000 0.000000
1585.000 0.000000
1585.000 0.000000
1585.000 0.000000
1585.000 0.002600
1585.000 0.002600
1585.000 0.000000
1585.000 0.000000
1585.000 0.000000
1585.000 0.000800
1585.000 0.000800
1585.000 0.000800
1585.000 0.000600
1585.000 0.000600
1585.000 0.000000
1585.000 0.000000
1585.000 0.000000
1585.000 0.003400
1585.000 0.003400
1585.000 0.000000
1585.000 0.000000
1585.000 0.000000
1585.000 0.000000
1585.000 0.000000
1585.000 0.000000
1585.000 0.000400
1585.000 0.000400
1585.000 0.000000
1585.000 0.000000
1585.000 0.000000
1585.000 0.002000
1585.000 0.002000
1585.000 0.000000
1585.000 0.000000
1585.000 0.000000
1585.000 0.000000
1585.000 0.000000
1585.000 0.000000
1585.000 0.002000
1585.000 0.002000
1585.000 0.000000
1585.000 0.000000
1585.000 0.000000
1585.000 0.002600
1585.000 0.002600
1585.000 0.000000
1585.000 0.000000
1585.000 0.000000
1585.000 0.000000
1585.000 0.000000
1585.000 0.001000
1585.000 0.001000
1585.000 0.001000
1585.000 0.000000
1585.000 0.000000
1585.000 0.000000
1585.000 0.003600
1585.000 0.003600
1585.000 0.000000
1585.000 0.000000
1585.000 0.000000
1585.000 0.000000
1585.000 0.000000
1585.000 0.000000
1585.000 0.002000
1585.000 0.002000
1585.000 0.000000
1585.000 0.000000
1585.000 0.000000
1585.000 0.004000
1585.000 0.004000
1585.000 0.000000
1585.000 0.000000
1585.000 0.000000
1585.000 0.002600
1585.000 0.002600
1585.000 0.000000
1585.000 0.000000
1585.000 0.000000
1585.000 0.000000
1585.000 0.000000
1585.000 0.000000
1585.000 0.001600
1585.000 0.001600
1585.000 0.000000
1585.000 0.000000
1585.000 0.000000
1585.000 0.000000
1585.000 0.000000
1585.000 0.004000
1585.000 0.004000
1585.000 0.004000
1585.000 0.003000
1585.000 0.003000
1585.000 0.000000
1585.000 0.000000
1585.000 0.000000
1585.000 0.001600
1585.000 0.001600
1585.000 0.001600
1585.000 0.000000
1585.000 0.000000
1585.000 0.000000
1585.000 0.000000
1585.000 0.000000
1585.000 0.001000
1585.000 0.001000
1585.000 0.001000
1585.000 0.000000
1585.000 0.000000
1585.000 0.000000
1585.000 0.000000
1585.000 0.000000
1585.000 0.002000
1585.000 0.002000
1585.000 0.002000
1585.000 0.000000
1585.000 0.000000
1585.000 0.000000
1585.000 0.000000
1585.000 0.000000
1585.000 0.001800
1585.000 0.001800
1585.000 0.001800
1585.000 0.000000
1585.000 0.000000
1585.000 0.000000
1585.000 0.000000
1585.000 0.000000
1585.000 0.002400
1585.000 0.002400
1585.000 0.000000
1585.000 0.000000
1585.000 0.000000
1585.000 0.002000
1585.000 0.002000
1585.000 0.000000
1585.000 0.000000
1585.000 0.000000
1585.000 0.000000
1585.000 0.000000
1585.000 0.000000
1585.000 0.000000
1585.000 0.000000
1585.000 0.000000
1585.000 0.000000
1585.000 0.001400
1585.000 0.001400
1585.000 0.001400
1585.000 0.000000
1585.000 0.000000
1585.000 0.000000
1585.000 0.000000
1585.000 0.000000
1585.000 0.002800
1585.000 0.002800
1585.000 0.002800
1585.000 0.000000
1585.000 0.000000
1585.000 0.000000
1585.000 0.000000
1585.000 0.000000
1585.000 0.001600
1585.000 0.001600
1585.000 0.001600
1585.000 0.000000
1585.000 0.000000
1586.000 0.000000
1586.000 0.000400
1586.000 0.000400
1586.000 0.000400
1586.000 0.000000
1586.000 0.000000
1586.000 0.000000
1586.000 0.000000
1586.000 0.000000
1586.000 0.000000
1586.000 0.000000
1586.000 0.000200
1586.000 0.000200
1586.000 0.000200
1586.000 0.000000
1586.000 0.000000
1586.000 0.000000
1586.000 0.000000
1586.000 0.000000
1586.000 0.002600
1586.000 0.002600
1586.000 0.002600
1586.000 0.002600
1586.000 0.002600
1586.000 0.000000
1586.000 0.000000
1586.000 0.000000
1586.000 0.000400
1586.000 0.000400
1586.000 0.000400
1586.000 0.002000
1586.000 0.002000
1586.000 0.000000
1586.000 0.000000
1586.000 0.000000
1586.000 0.002400
1586.000 0.002400
1586.000 0.000000
1586.000 0.000000
1586.000 0.000000
1586.000 0.000600
1586.000 0.000600
1586.000 0.000000
1586.000 0.000000
1586.000 0.000000
1586.000 0.000000
1586.000 0.000000
1586.000 0.000000
1586.000 0.002000
1586.000 0.002000
1586.000 0.000000
1586.000 0.000000
1586.000 0.000000
1586.000 0.002000
1586.000 0.002000
1586.000 0.000000
1586.000 0.000000
1586.000 0.000000
1586.000 0.000000
1586.000 0.002800
1586.000 0.002800
1586.000 0.002800
1586.000 0.002400
1586.000 0.002400
1586.000 0.000000
1586.000 0.000000
1586.000 0.000000
1586.000 0.002200
1586.000 0.002200
1586.000 0.002200
1586.000 0.000200
1586.000 0.000200
1586.000 0.000200
1586.000 0.000200
1586.000 0.000000
1586.000 0.000000
1586.000 0.000000
1586.000 0.000000
1586.000 0.000000
1586.000 0.000000
1586.000 0.002400
1586.000 0.002400
1586.000 0.000000
1586.000 0.000000
1586.000 0.000000
1586.000 0.000200
1586.000 0.000200
1586.000 0.000200
1586.000 0.000600
1586.000 0.000600
1586.000 0.000000
1586.000 0.000000
1586.000 0.000000
1586.000 0.001200
1586.000 0.001200
1586.000 0.000000
1586.000 0.000000
1586.000 0.000000
1586.000 0.000000
1586.000 0.000000
1586.000 0.000000
1586.000 0.002400
1586.000 0.002400
1586.000 0.000000
1586.000 0.000000
1586.000 0.000000
1586.000 0.002600
1586.000 0.000000
1586.000 0.000000
1586.000 0.000000
1586.000 0.000000
1586.000 0.000000
1586.000 0.000000
1586.000 0.000000
1586.000 0.000000
1586.000 0.002400
1586.000 0.002400
1586.000 0.000000
1586.000 0.000000
1586.000 0.000000
1586.000 0.000800
1586.000 0.000800
1586.000 0.000800
1586.000 0.000200
1586.000 0.000200
1586.000 0.000000
1586.000 0.000000
1586.000 0.000000
1586.000 0.001400
1586.000 0.000000
1586.000 0.000000
1586.000 0.000000
1586.000 0.000000
1586.000 0.000000
1586.000 0.000000
1586.000 0.000000
1586.000 0.000000
1586.000 0.002800
1586.000 0.002800
1586.000 0.000000
1586.000 0.000000
1586.000 0.000000
1586.000 0.000000
1586.000 0.000000
1586.000 0.000000
1586.000 0.001400
1586.000 0.001400
1586.000 0.000000
1586.000 0.000000
1586.000 0.000000
1586.000 0.000000
1586.000 0.000000
1586.000 0.002800
1586.000 0.002800
1586.000 0.002800
1586.000 0.002800
1586.000 0.002800
1586.000 0.000000
1586.000 0.000000
1586.000 0.000000
1586.000 0.000000
1586.000 0.001800
1586.000 0.001800
1586.000 0.001800
1586.000 0.002400
1586.000 0.002400
1586.000 0.000000
1586.000 0.000000
1586.000 0.000000
1586.000 0.000200
1586.000 0.000200
1586.000 0.000000
1586.000 0.000000
1586.000 0.000000
1586.000 0.000000
1586.000 0.000000
1586.000 0.000000
1586.000 0.003600
1586.000 0.003600
1586.000 0.000000
1586.000 0.000000
1586.000 0.000000
1586.000 0.000000
1586.000 0.000000
1586.000 0.000000
1586.000 0.001000
1586.000 0.001000
1586.000 0.000000
1586.000 0.000000
1586.000 0.000000
1586.000 0.003200
1586.000 0.003200
1586.000 0.000000
1586.000 0.000000
1586.000 0.000000
1586.000 0.000800
1586.000 0.000800
1586.000 0.000000
1586.000 0.000000
1586.000 0.000000
1586.000 0.000000
1586.000 0.000000
1586.000 0.000000
1586.000 0.002000
1586.000 0.002000
1586.000 0.000000
1586.000 0.000000
1586.000 0.000000
1586.000 0.004000
1586.000 0.004000
1586.000 0.000000
1586.000 0.000000
1586.000 0.000000
1586.000 0.000200
1586.000 0.000200
1586.000 0.000200
1586.000 0.002600
1586.000 0.002600
1586.000 0.002600
1586.000 0.000000
1586.000 0.000000
1586.000 0.000000
1586.000 0.000000
1586.000 0.000000
1586.000 0.000000
1586.000 0.000000
1586.000 0.003000
1586.000 0.003000
1586.000 0.003000
1586.000 0.002400
1586.000 0.002400
1586.000 0.000000
1586.000 0.000000
1586.000 0.000000
1586.000 0.001600
1586.000 0.001600
1586.000 0.000000
1586.000 0.000000
1586.000 0.000000
1586.000 0.000000
1586.000 0.000000
1586.000 0.000000
1586.000 0.002000
1586.000 0.002000
1586.000 0.000000
1586.000 0.000000
1586.000 0.000000
1586.000 0.003600
1586.000 0.003600
1586.000 0.000000
1587.000 0.000000
1587.000 0.000000
1587.000 0.000000
1587.000 0.000200
1587.000 0.000200
1587.000 0.000200
1587.000 0.000200
1587.000 0.000200
1587.000 0.000000
1587.000 0.000000
1587.000 0.000000
1587.000 0.002800
1587.000 0.002800
1587.000 0.000000
1587.000 0.000000
1587.000 0.000000
1587.000 0.000800
1587.000 0.000800
1587.000 0.000800
1587.000 0.000000
1587.000 0.000000
1587.000 0.000000
1587.000 0.000000
1587.000 0.000000
1587.000 0.000000
1587.000 0.001600
1587.000 0.001600
1587.000 0.000000
1587.000 0.000000
1587.000 0.000000
1587.000 0.000000
1587.000 0.000000
1587.000 0.002400
1587.000 0.002400
1587.000 0.002400
1587.000 0.002400
1587.000 0.002400
1587.000 0.003200
1587.000 0.003200
1587.000 0.003200
1587.000 0.001600
1587.000 0.001600
1587.000 0.000000
1587.000 0.000000
1587.000 0.000000
1587.000 0.002400
1587.000 0.002400
1587.000 0.002400
1587.000 0.000000
1587.000 0.000000
1587.000 0.000000
1587.000 0.000000
1587.000 0.000000
1587.000 0.002200
1587.000 0.002200
1587.000 0.000000
1587.000 0.000000
1587.000 0.000000
1587.000 0.000000
1587.000 0.000000
1587.000 0.000000
1587.000 0.003600
1587.000 0.003600
1587.000 0.000000
1587.000 0.000000
1587.000 0.000000
1587.000 0.001800
1587.000 0.000000
1587.000 0.000000
1587.000 0.000000
1587.000 0.000000
1587.000 0.000000
1587.000 0.000000
1587.000 0.000000
1587.000 0.000000
1587.000 0.003400
1587.000 0.003400
1587.000 0.000000
1587.000 0.000000
1587.000 0.000000
1587.000 0.000000
1587.000 0.000000
1587.000 0.000000
1587.000 0.002800
1587.000 0.002800
1587.000 0.000000
1587.000 0.000000
1587.000 0.000000
1587.000 0.003200
1587.000 0.003200
1587.000 0.000000
1587.000 0.000000
1587.000 0.000000
1587.000 0.002000
1587.000 0.002000
1587.000 0.002000
1587.000 0.000000
1587.000 0.000000
1587.000 0.000000
1587.000 0.000000
1587.000 0.000000
1587.000 0.002000
1587.000 0.002000
1587.000 0.000000
1587.000 0.000000
1587.000 0.000000
1587.000 0.000000
1587.000 0.000000
1587.000 0.000000
1587.000 0.000200
1587.000 0.000200
1587.000 0.000000
1587.000 0.000000
1587.000 0.000000
1587.000 0.002000
1587.000 0.002000
1587.000 0.000000
1587.000 0.000000
1587.000 0.000000
1587.000 0.000000
1587.000 0.000000
1587.000 0.000000
1587.000 0.000000
1587.000 0.000000
1587.000 0.000000
1587.000 0.000000
1587.000 0.001200
1587.000 0.001200
1587.000 0.001200
1587.000 0.000000
1587.000 0.000000
1587.000 0.000000
1587.000 0.001600
1587.000 0.001600
1587.000 0.000000
1587.000 0.000000
1587.000 0.000000
1587.000 0.002400
1587.000 0.002400
1587.000 0.000000
1587.000 0.000000
1587.000 0.000000
1587.000 0.000000
1587.000 0.000000
1587.000 0.000000
1587.000 0.001600
1587.000 0.001600
1587.000 0.000000
1587.000 0.000000
1587.000 0.000000
1587.000 0.003600
1587.000 0.003600
1587.000 0.000000
1587.000 0.000000
1587.000 0.000000
1587.000 0.000000
1587.000 0.001200
1587.000 0.001200
1587.000 0.000000
1587.000 0.000000
1587.000 0.000000
1587.000 0.000000
1587.000 0.000000
1587.000 0.000000
1587.000 0.000000
1587.000 0.000000
1587.000 0.001800
1587.000 0.001800
1587.000 0.001800
1587.000 0.000000
1587.000 0.000000
1587.000 0.000000
1587.000 0.000000
1587.000 0.000000
1587.000 0.003800
1587.000 0.003800
1587.000 0.000000
1587.000 0.000000
1587.000 0.000000
1587.000 0.000000
1587.000 0.000000
1587.000 0.000000
1587.000 0.000000
1587.000 0.000000
1587.000 0.001400
1587.000 0.001400
1587.000 0.000000
1587.000 0.000000
1587.000 0.000000
1587.000 0.000000
1587.000 0.000000
1587.000 0.000000
1587.000 0.000600
1587.000 0.000600
1587.000 0.000000
1587.000 0.000000
1587.000 0.000000
1587.000 0.002200
1587.000 0.002200
1587.000 0.002200
1587.000 0.000000
1587.000 0.000000
1587.000 0.000000
1587.000 0.000000
1587.000 0.000000
1587.000 0.002000
1587.000 0.002000
1587.000 0.000000
1587.000 0.000000
1587.000 0.000000
1587.000 0.000000
1587.000 0.000000
1587.000 0.000000
1587.000 0.001600
1587.000 0.001600
1587.000 0.000000
1587.000 0.000000
1587.000 0.000000
1587.000 0.002000
1587.000 0.002000
1587.000 0.002000
1587.000 0.000000
1587.000 0.000000
1587.000 0.000000
1587.000 0.000000
1587.000 0.000000
1587.000 0.002600
1587.000 0.002600
1587.000 0.000000
1587.000 0.000000
1587.000 0.000000
1587.000 0.000000
1587.000 0.000000
1587.000 0.000000
1587.000 0.000000
1587.000 0.000000
1587.000 0.000000
1587.000 0.002800
1587.000 0.002800
1587.000 0.002800
1587.000 0.002200
1587.000 0.002200
1587.000 0.000000
1587.000 0.000000
1587.000 0.000000
1587.000 0.002000
1587.000 0.002000
1587.000 0.000000
1587.000 0.000000
1587.000 0.000000
1588.001 0.000000
1588.001 0.000000
1588.001 0.000000
1588.001 0.000000
1588.001 0.000000
1588.001 0.000000
1588.001 0.000000
1588.001 0.000000
1588.001 0.000000
1588.001 0.000000
1588.001 0.000000
1588.001 0.002200
1588.001 0.002200
1588.001 0.000000
1588.001 0.000000
1588.001 0.000000
1588.001 0.002400
1588.001 0.002400
1588.001 0.000000
1588.001 0.000000
1588.001 0.000000
1588.001 0.001800
1588.001 0.001800
1588.001 0.000000
1588.001 0.000000
1588.001 0.000000
1588.001 0.000000
1588.001 0.002600
1588.001 0.002600
1588.001 0.002600
1588.001 0.002000
1588.001 0.002000
1588.001 0.000000
1588.001 0.000000
1588.001 0.000000
1588.001 0.002600
1588.001 0.002600
1588.001 0.000000
1588.001 0.000000
1588.001 0.000000
1588.001 0.000000
1588.001 0.000000
1588.001 0.000000
1588.001 0.000000
1588.001 0.000000
1588.001 0.000000
1588.001 0.000000
1588.001 0.000000
1588.001 0.002800
1588.001 0.002800
1588.001 0.000000
1588.001 0.000000
1588.001 0.000000
1588.001 0.000000
1588.001 0.000000
1588.001 0.003200
1588.001 0.003200
1588.001 0.003200
1588.001 0.002800
1588.001 0.000000
1588.001 0.000000
1588.001 0.000000
1588.001 0.000000
1588.001 0.000000
1588.001 0.000000
1588.001 0.000000
1588.001 0.000000
1588.001 0.003000
1588.001 0.003000
1588.001 0.000000
1588.001 0.000000
1588.001 0.000000
1588.001 0.001400
1588.001 0.001400
1588.001 0.001400
1588.001 0.000200
1588.001 0.000200
1588.001 0.000000
1588.001 0.000000
1588.001 0.000000
1588.001 0.001600
1588.001 0.001600
1588.001 0.000000
1588.001 0.000000
1588.001 0.000000
1588.001 0.000000
1588.001 0.000000
1588.001 0.000000
1588.001 0.003400
1588.001 0.003400
1588.001 0.000000
1588.001 0.000000
1588.001 0.000000
1588.001 0.002200
1588.001 0.002200
1588.001 0.000000
1588.001 0.000000
1588.001 0.000000
1588.001 0.000000
1588.001 0.000000
1588.001 0.000000
1588.001 0.002400
1588.001 0.002400
1588.001 0.000000
1588.001 0.000000
1588.001 0.000000
1588.001 0.002400
1588.001 0.002400
1588.001 0.002400
1588.001 0.002400
1588.001 0.002400
1588.001 0.000000
1588.001 0.000000
1588.001 0.000000
1588.001 0.000000
1588.001 0.000000
1588.001 0.001200
1588.001 0.001200
1588.001 0.000000
1588.001 0.000000
1588.001 0.000000
1588.001 0.000000
1588.001 0.000000
1588.001 0.000000
1588.001 0.003200
1588.001 0.003200
1588.001 0.000000
1588.001 0.000000
1588.001 0.000000
1588.001 0.002400
1588.001 0.002400
1588.001 0.000000
1588.001 0.000000
1588.001 0.000000
1588.001 0.000000
1588.001 0.000000
1588.001 0.000000
1588.001 0.002000
1588.001 0.002000
1588.001 0.002000
1588.001 0.002000
1588.001 0.000000
1588.001 0.000000
1588.001 0.000000
1588.001 0.000000
1588.001 0.000000
1588.001 0.000000
1588.001 0.003200
1588.001 0.003200
1588.001 0.000000
1588.001 0.000000
1588.001 0.000000
1588.001 0.002400
1588.001 0.002400
1588.001 0.000000
1588.001 0.000000
1588.001 0.000000
1588.001 0.000000
1588.001 0.000000
1588.001 0.000000
1588.001 0.002200
1588.001 0.002200
1588.001 0.000000
1588.001 0.000000
1588.001 0.000000
1588.001 0.002000
1588.001 0.002000
1588.001 0.002000
1588.001 0.000000
1588.001 0.000000
1588.001 0.000000
1588.001 0.000000
1588.001 0.000000
1588.001 0.001800
1588.001 0.001800
1588.001 0.000000
1588.001 0.000000
1588.001 0.000000
1588.001 0.000000
1588.001 0.000000
1588.001 0.000000
1588.001 0.003200
1588.001 0.003200
1588.001 0.000000
1588.001 0.000000
1588.001 0.000000
1588.001 0.000200
1588.001 0.000200
1588.001 0.000200
1588.001 0.000400
1588.001 0.000400
1588.001 0.000000
1588.001 0.000000
1588.001 0.000000
1588.001 0.002000
1588.001 0.002000
1588.001 0.000000
1588.001 0.000000
1588.001 0.000000
1588.001 0.000000
1588.001 0.000000
1588.001 0.000000
1588.001 0.000000
1588.001 0.000000
1588.001 0.001000
1588.001 0.001000
1588.001 0.001000
1588.001 0.000600
1588.001 0.000600
1588.001 0.000000
1588.001 0.000000
1588.001 0.000000
1588.001 0.002400
1588.001 0.002400
1588.001 0.000000
1588.001 0.000000
1588.001 0.000000
1588.001 0.002000
1588.001 0.002000
1588.001 0.002000
1588.001 0.000000
1588.001 0.000000
1588.001 0.000000
1588.001 0.000000
1588.001 0.000000
1588.001 0.001000
1588.001 0.001000
1588.001 0.001000
1588.001 0.000600
1588.001 0.000600
1588.001 0.000000
1588.001 0.000000
1588.001 0.000000
1588.001 0.001600
1588.001 0.001600
1588.001 0.000000
1588.001 0.000000
1588.001 0.000000
1588.001 0.000000
1588.001 0.000000
1588.001 0.001600
1588.001 0.001600
1588.001 0.001600
1588.001 0.000000
1588.001 0.000000
1588.001 0.000000
1588.001 0.001600
1588.001 0.001600
1588.001 0.000000
1588.001 0.000000
1589.001 0.000000
1589.001 0.000000
1589.001 0.000000
1589.001 0.000000
1589.001 0.000000
1589.001 0.000000
1589.001 0.000000
1589.001 0.001400
1589.001 0.001400
1589.001 0.000000
1589.001 0.000000
1589.001 0.000000
1589.001 0.002000
1589.001 0.002000
1589.001 0.000000
1589.001 0.000000
1589.001 0.000000
1589.001 0.000000
1589.001 0.000000
1589.001 0.001200
1589.001 0.000000
1589.001 0.000000
1589.001 0.000000
1589.001 0.002400
1589.001 0.002400
1589.001 0.002400
1589.001 0.002200
1589.001 0.002200
1589.001 0.000000
1589.001 0.000000
1589.001 0.000000
1589.001 0.002200
1589.001 0.002200
1589.001 0.000000
1589.001 0.000000
1589.001 0.000000
1589.001 0.000000
1589.001 0.000000
1589.001 0.002000
1589.001 0.002000
1589.001 0.002000
1589.001 0.000000
1589.001 0.000000
1589.001 0.000000
1589.001 0.003400
1589.001 0.003400
1589.001 0.000000
1589.001 0.000000
1589.001 0.000000
1589.001 0.000000
1589.001 0.000000
1589.001 0.001200
1589.001 0.001200
1589.001 0.001200
1589.001 0.000000
1589.001 0.000000
1589.001 0.000000
1589.001 0.003400
1589.001 0.003400
1589.001 0.000000
1589.001 0.000000
1589.001 0.000000
1589.001 0.002600
1589.001 0.002600
1589.001 0.000000
1589.001 0.000000
1589.001 0.000000
1589.001 0.000000
1589.001 0.000000
1589.001 0.000000
1589.001 0.000000
1589.001 0.000000
1589.001 0.000200
1589.001 0.000200
1589.001 0.000000
1589.001 0.000000
1589.001 0.000000
1589.001 0.000000
1589.001 0.000000
1589.001 0.000000
1589.001 0.003400
1589.001 0.003400
1589.001 0.000000
1589.001 0.000000
1589.001 0.000000
1589.001 0.001400
1589.001 0.001400
1589.001 0.000000
1589.001 0.000000
1589.001 0.000000
1589.001 0.000400
1589.001 0.000400
1589.001 0.000400
1589.001 0.000000
1589.001 0.000000
1589.001 0.000000
1589.001 0.000000
1589.001 0.000000
1589.001 0.002400
1589.001 0.002400
1589.001 0.002400
1589.001 0.002400
1589.001 0.002400
1589.001 0.000000
1589.001 0.000000
1589.001 0.000000
1589.001 0.000000
1589.001 0.000000
1589.001 0.004200
1589.001 0.004200
1589.001 0.000000
1589.001 0.000000
1589.001 0.000000
1589.001 0.001200
1589.001 0.001200
1589.001 0.001200
1589.001 0.000000
1589.001 0.000000
1589.001 0.000000
1589.001 0.000000
1589.001 0.000000
1589.001 0.002400
1589.001 0.002400
1589.001 0.002400
1589.001 0.000000
1589.001 0.000000
1589.001 0.000000
1589.001 0.000000
1589.001 0.000000
1589.001 0.003000
1589.001 0.003000
1589.001 0.000000
1589.001 0.000000
1589.001 0.000000
1589.001 0.000200
1589.001 0.000200
1589.001 0.000200
1589.001 0.001800
1589.001 0.001800
1589.001 0.000000
1589.001 0.000000
1589.001 0.000000
1589.001 0.002600
1589.001 0.002600
1589.001 0.000000
1589.001 0.000000
1589.001 0.000000
1589.001 0.000000
1589.001 0.000000
1589.001 0.000000
1589.001 0.003000
1589.001 0.003000
1589.001 0.000000
1589.001 0.000000
1589.001 0.000000
1589.001 0.002000
1589.001 0.002000
1589.001 0.002000
1589.001 0.000000
1589.001 0.000000
1589.001 0.000000
1589.001 0.000000
1589.001 0.000000
1589.001 0.002800
1589.001 0.002800
1589.001 0.000000
1589.001 0.000000
1589.001 0.000000
1589.001 0.000000
1589.001 0.000000
1589.001 0.002000
1589.001 0.002000
1589.001 0.002000
1589.001 0.003200
1589.001 0.003200
1589.001 0.000000
1589.001 0.000000
1589.001 0.000000
1589.001 0.000000
1589.001 0.000600
1589.001 0.000600
1589.001 0.000600
1589.001 0.000000
1589.001 0.000000
1589.001 0.000000
1589.001 0.000000
1589.001 0.000000
1589.001 0.002600
1589.001 0.002600
1589.001 0.000000
1589.001 0.000000
1589.001 0.000000
1589.001 0.000000
1589.001 0.000000
1589.001 0.000000
1589.001 0.000400
1589.001 0.000400
1589.001 0.000000
1589.001 0.000000
1589.001 0.000000
1589.001 0.003200
1589.001 0.003200
1589.001 0.000000
1589.001 0.000000
1589.001 0.000000
1589.001 0.000000
1589.001 0.002400
1589.001 0.002400
1589.001 0.002400
1589.001 0.002000
1589.001 0.002000
1589.001 0.000000
1589.001 0.000000
1589.001 0.000000
1589.001 0.001400
1589.001 0.001400
1589.001 0.000000
1589.001 0.000000
1589.001 0.000000
1589.001 0.000000
1589.001 0.000000
1589.001 0.000000
1589.001 0.002400
1589.001 0.002400
1589.001 0.000000
1589.001 0.000000
1589.001 0.000000
1589.001 0.002000
1589.001 0.002000
1589.001 0.002000
1589.001 0.001400
1589.001 0.001400
1589.001 0.000000
1589.001 0.000000
1589.001 0.000000
1589.001 0.002800
1589.001 0.002800
1589.001 0.000000
1589.001 0.000000
1589.001 0.000000
1589.001 0.000000
1589.001 0.000000
1589.001 0.000000
1589.001 0.000000
1589.001 0.000000
1589.001 0.000000
1589.001 0.000000
1589.001 0.000000
1589.001 0.002800
1589.001 0.002800
1590.000 0.000000
1590.000 0.000000
1590.000 0.000000
1590.000 0.000000
1590.000 0.000000
1590.000 0.000000
1590.000 0.000000
1590.000 0.000000
1590.000 0.001000
1590.000 0.001000
1590.000 0.000000
1590.000 0.000000
1590.000 0.000000
1590.000 0.000000
1590.000 0.002400
1590.000 0.002400
1590.000 0.002400
1590.000 0.003000
1590.000 0.003000
1590.000 0.003000
1590.000 0.000200
1590.000 0.000200
1590.000 0.000000
1590.000 0.000000
1590.000 0.000000
1590.000 0.002000
1590.000 0.002000
1590.000 0.002000
1590.000 0.000000
1590.000 0.000000
1590.000 0.000000
1590.000 0.000000
1590.000 0.000000
1590.000 0.003600
1590.000 0.003600
1590.000 0.000000
1590.000 0.000000
1590.000 0.000000
1590.000 0.002000
1590.000 0.002000
1590.000 0.002000
1590.000 0.001400
1590.000 0.001400
1590.000 0.000000
1590.000 0.000000
1590.000 0.000000
1590.000 0.000400
1590.000 0.000400
1590.000 0.000400
1590.000 0.000000
1590.000 0.000000
1590.000 0.000000
1590.000 0.000000
1590.000 0.000000
1590.000 0.002800
1590.000 0.002800
1590.000 0.000000
1590.000 0.000000
1590.000 0.000000
1590.000 0.000000
1590.000 0.000000
1590.000 0.000000
1590.000 0.003400
1590.000 0.003400
1590.000 0.000000
1590.000 0.000000
1590.000 0.000000
1590.000 0.002400
1590.000 0.002400
1590.000 0.002400
1590.000 0.002400
1590.000 0.002400
1590.000 0.000000
1590.000 0.000000
1590.000 0.000000
1590.000 0.000000
1590.000 0.000000
1590.000 0.000000
1590.000 0.000000
1590.000 0.001200
1590.000 0.001200
1590.000 0.001200
1590.000 0.002200
1590.000 0.002200
1590.000 0.002200
1590.000 0.000400
1590.000 0.000400
1590.000 0.000000
1590.000 0.000000
1590.000 0.000000
1590.000 0.003000
1590.000 0.003000
1590.000 0.000000
1590.000 0.000000
1590.000 0.000000
1590.000 0.000800
1590.000 0.000800
1590.000 0.000000
1590.000 0.000000
1590.000 0.000000
1590.000 0.000000
1590.000 0.000000
1590.000 0.000000
1590.000 0.002400
1590.000 0.002400
1590.000 0.000000
1590.000 0.000000
1590.000 0.000000
1590.000 0.002400
1590.000 0.002400
1590.000 0.000000
1590.000 0.000000
1590.000 0.000000
1590.000 0.000000
1590.000 0.000000
1590.000 0.000000
1590.000 0.001200
1590.000 0.001200
1590.000 0.000000
1590.000 0.000000
1590.000 0.000000
1590.000 0.003200
1590.000 0.003200
1590.000 0.000000
1590.000 0.000000
1590.000 0.000000
1590.000 0.000000
1590.000 0.000000
1590.000 0.000000
1590.000 0.001800
1590.000 0.001800
1590.000 0.000000
1590.000 0.000000
1590.000 0.000000
1590.000 0.003400
1590.000 0.003400
1590.000 0.000000
1590.000 0.000000
1590.000 0.000000
1590.000 0.000000
1590.000 0.001400
1590.000 0.001400
1590.000 0.000000
1590.000 0.000000
1590.000 0.000000
1590.000 0.000000
1590.000 0.000000
1590.000 0.000000
1590.000 0.003600
1590.000 0.003600
1590.000 0.000000
1590.000 0.000000
1590.000 0.000000
1590.000 0.002400
1590.000 0.002400
1590.000 0.000000
1590.000 0.000000
1590.000 0.000000
1590.000 0.000000
1590.000 0.000000
1590.000 0.000000
1590.000 0.001000
1590.000 0.001000
1590.000 0.000000
1590.000 0.000000
1590.000 0.000000
1590.000 0.002400
1590.000 0.002400
1590.000 0.002400
1590.000 0.000000
1590.000 0.000000
1590.000 0.000000
1590.000 0.000000
1590.000 0.000000
1590.000 0.003000
1590.000 0.003000
1590.000 0.000000
1590.000 0.000000
1590.000 0.000000
1590.000 0.000000
1590.000 0.000000
1590.000 0.000000
1590.000 0.001400
1590.000 0.001400
1590.000 0.000000
1590.000 0.000000
1590.000 0.000000
1590.000 0.000000
1590.000 0.000000
1590.000 0.001200
1590.000 0.001200
1590.000 0.001200
1590.000 0.000000
1590.000 0.000000
1590.000 0.000000
1590.000 0.002800
1590.000 0.002800
1590.000 0.000000
1590.000 0.000000
1590.000 0.000000
1590.000 0.003600
1590.000 0.003600
1590.000 0.003600
1590.000 0.000000
1590.000 0.000000
1590.000 0.000000
1590.000 0.000000
1590.000 0.000000
1590.000 0.001800
1590.000 0.001800
1590.000 0.000000
1590.000 0.000000
1590.000 0.000000
1590.000 0.000000
1590.000 0.000000
1590.000 0.000000
1590.000 0.002800
1590.000 0.002800
1590.000 0.000000
1590.000 0.000000
1590.000 0.000000
1590.000 0.003200
1590.000 0.003200
1590.000 0.000000
1590.000 0.000000
1590.000 0.000000
1590.000 0.000000
1590.000 0.000000
1590.000 0.000000
1590.000 0.003200
1590.000 0.003200
1590.000 0.000000
1590.000 0.000000
1590.000 0.000000
1590.000 0.000000
1590.000 0.000000
1590.000 0.000000
1590.000 0.001800
1590.000 0.001800
1590.000 0.001800
1590.000 0.001800
1590.000 0.001800
1590.000 0.000000
1590.000 0.000000
1590.000 0.000000
1590.000 0.000000
1590.000 0.000000
1590.000 0.002600
1590.000 0.002600
1590.000 0.000000
1591.000 0.000000
1591.000 0.000000
1591.000 0.000000
1591.000 0.000000
1591.000 0.000200
1591.000 0.000200
1591.000 0.000200
1591.000 0.000200
1591.000 0.000200
1591.000 0.000000
1591.000 0.000000
1591.000 0.000000
1591.000 0.001800
1591.000 0.001800
1591.000 0.000000
1591.000 0.000000
1591.000 0.000000
1591.000 0.003000
1591.000 0.003000
1591.000 0.000000
1591.000 0.000000
1591.000 0.000000
1591.000 0.000000
1591.000 0.000000
1591.000 0.000000
1591.000 0.000400
1591.000 0.000400
1591.000 0.000000
1591.000 0.000000
1591.000 0.000000
1591.000 0.003200
1591.000 0.003200
1591.000 0.003200
1591.000 0.003200
1591.000 0.003200
1591.000 0.000000
1591.000 0.000000
1591.000 0.000000
1591.000 0.000000
1591.000 0.000000
1591.000 0.003200
1591.000 0.003200
1591.000 0.000000
1591.000 0.000000
1591.000 0.000000
1591.000 0.000000
1591.000 0.000000
1591.000 0.001600
1591.000 0.001600
1591.000 0.001600
1591.000 0.000000
1591.000 0.000000
1591.000 0.001200
1591.000 0.001200
1591.000 0.001200
1591.000 0.000000
1591.000 0.000000
1591.000 0.000000
1591.000 0.001200
1591.000 0.001200
1591.000 0.000000
1591.000 0.000000
1591.000 0.000000
1591.000 0.002200
1591.000 0.002200
1591.000 0.000000
1591.000 0.000000
1591.000 0.000000
1591.000 0.000000
1591.000 0.002600
1591.000 0.002600
1591.000 0.002600
1591.000 0.002600
1591.000 0.002600
1591.000 0.000000
1591.000 0.000000
1591.000 0.000000
1591.000 0.002200
1591.000 0.002200
1591.000 0.002200
1591.000 0.002200
1591.000 0.002200
1591.000 0.000000
1591.000 0.000000
1591.000 0.000000
1591.000 0.000000
1591.000 0.000000
1591.000 0.001800
1591.000 0.001800
1591.000 0.000000
1591.000 0.000000
1591.000 0.000000
1591.000 0.000000
1591.000 0.000000
1591.000 0.000000
1591.000 0.001000
1591.000 0.001000
1591.000 0.000000
1591.000 0.000000
1591.000 0.000000
1591.000 0.003200
1591.000 0.003200
1591.000 0.003200
1591.000 0.000000
1591.000 0.000000
1591.000 0.000000
1591.000 0.000000
1591.000 0.000000
1591.000 0.000000
1591.000 0.000000
1591.000 0.000000
1591.000 0.000000
1591.000 0.000000
1591.000 0.003000
1591.000 0.003000
1591.000 0.000000
1591.000 0.000000
1591.000 0.000000
1591.000 0.001800
1591.000 0.001800
1591.000 0.001800
1591.000 0.000000
1591.000 0.000000
1591.000 0.000000
1591.000 0.000000
1591.000 0.000000
1591.000 0.001600
1591.000 0.001600
1591.000 0.000000
1591.000 0.000000
1591.000 0.000000
1591.000 0.000000
1591.000 0.000000
1591.000 0.000000
1591.000 0.003000
1591.000 0.003000
1591.000 0.000000
1591.000 0.000000
1591.000 0.000000
1591.000 0.003000
1591.000 0.003000
1591.000 0.000000
1591.000 0.000000
1591.000 0.000000
1591.000 0.000400
1591.000 0.000400
1591.000 0.000400
1591.000 0.000000
1591.000 0.000000
1591.000 0.000000
1591.000 0.000000
1591.000 0.000000
1591.000 0.002800
1591.000 0.000000
1591.000 0.000000
1591.000 0.000000
1591.000 0.000000
1591.000 0.000000
1591.000 0.000000
1591.000 0.000000
1591.000 0.000000
1591.000 0.000000
1591.000 0.002200
1591.000 0.002200
1591.000 0.000000
1591.000 0.000000
1591.000 0.000000
1591.000 0.003400
1591.000 0.003400
1591.000 0.000000
1591.000 0.000000
1591.000 0.000000
1591.000 0.000000
1591.000 0.000000
1591.000 0.000000
1591.000 0.002400
1591.000 0.002400
1591.000 0.002400
1591.000 0.002000
1591.000 0.002000
1591.000 0.002000
1591.000 0.000400
1591.000 0.000400
1591.000 0.000000
1591.000 0.000000
1591.000 0.000000
1591.000 0.003200
1591.000 0.003200
1591.000 0.000000
1591.000 0.000000
1591.000 0.000000
1591.000 0.000000
1591.000 0.000000
1591.000 0.000000
1591.000 0.001600
1591.000 0.001600
1591.000 0.000000
1591.000 0.000000
1591.000 0.000000
1591.000 0.003200
1591.000 0.003200
1591.000 0.000000
1591.000 0.000000
1591.000 0.000000
1591.000 0.000000
1591.000 0.000000
1591.000 0.001200
1591.000 0.001200
1591.000 0.001200
1591.000 0.000000
1591.000 0.000000
1591.000 0.003000
1591.000 0.003000
1591.000 0.003000
1591.000 0.000000
1591.000 0.000000
1591.000 0.000000
1591.000 0.003000
1591.000 0.003000
1591.000 0.000000
1591.000 0.000000
1591.000 0.000000
1591.000 0.002000
1591.000 0.002000
1591.000 0.000000
1591.000 0.000000
1591.000 0.000000
1591.000 0.000000
1591.000 0.000000
1591.000 0.000000
1591.000 0.003200
1591.000 0.003200
1591.000 0.000000
1591.000 0.000000
1591.000 0.000000
1591.000 0.000000
1591.000 0.000000
1591.000 0.001000
1591.000 0.000000
1591.000 0.000000
1591.000 0.000000
1591.000 0.002600
1591.000 0.002600
1591.000 0.002600
1591.000 0.002000
1591.000 0.002000
1591.000 0.000000
1591.000 0.000000
1591.000 0.000000
1591.000 0.001000
1592.000 0.000000
1592.000 0.000000
1592.000 0.000000
1592.000 0.000000
1592.000 0.000000
1592.000 0.000000
1592.000 0.000000
1592.000 0.000000
1592.000 0.000000
1592.000 0.000000
1592.000 0.000000
1592.000 0.000000
1592.000 0.000000
1592.000 0.003000
1592.000 0.003000
1592.000 0.000000
1592.000 0.000000
1592.000 0.000000
1592.000 0.002800
1592.000 0.002800
1592.000 0.000000
1592.000 0.000000
1592.000 0.000000
1592.000 0.000000
1592.000 0.000000
1592.000 0.000000
1592.000 0.001000
1592.000 0.001000
1592.000 0.000000
1592.000 0.000000
1592.000 0.000000
1592.000 0.002000
1592.000 0.002000
1592.000 0.002000
1592.000 0.000000
1592.000 0.000000
1592.000 0.000000
1592.000 0.000000
1592.000 0.000000
1592.000 0.002600
1592.000 0.002600
1592.000 0.000000
1592.000 0.000000
1592.000 0.000000
1592.000 0.000000
1592.000 0.000000
1592.000 0.000000
1592.000 0.001400
1592.000 0.001400
1592.000 0.000000
1592.000 0.000000
1592.000 0.000000
1592.000 0.003400
1592.000 0.003400
1592.000 0.000000
1592.000 0.000000
1592.000 0.000000
1592.000 0.000200
1592.000 0.000200
1592.000 0.000200
1592.000 0.000000
1592.000 0.000000
1592.000 0.000000
1592.000 0.000000
1592.000 0.000000
1592.000 0.003200
1592.000 0.003200
1592.000 0.000000
1592.000 0.000000
1592.000 0.000000
1592.000 0.000000
1592.000 0.000000
1592.000 0.000000
1592.000 0.002200
1592.000 0.002200
1592.000 0.000000
1592.000 0.000000
1592.000 0.000000
1592.000 0.001800
1592.000 0.001800
1592.000 0.000000
1592.000 0.000000
1592.000 0.000000
1592.000 0.000000
1592.000 0.000000
1592.000 0.000000
1592.000 0.000800
1592.000 0.000800
1592.000 0.000000
1592.000 0.000000
1592.000 0.000000
1592.000 0.002000
1592.000 0.002000
1592.000 0.000000
1592.000 0.000000
1592.000 0.000000
1592.000 0.000000
1592.000 0.000000
1592.000 0.000800
1592.000 0.000800
1592.000 0.000800
1592.000 0.000000
1592.000 0.000000
1592.000 0.000000
1592.000 0.001600
1592.000 0.001600
1592.000 0.000000
1592.000 0.000000
1592.000 0.000000
1592.000 0.002800
1592.000 0.002800
1592.000 0.000000
1592.000 0.000000
1592.000 0.000000
1592.000 0.000000
1592.000 0.000000
1592.000 0.001800
1592.000 0.001800
1592.000 0.001800
1592.000 0.000000
1592.000 0.000000
1592.000 0.000000
1592.000 0.003400
1592.000 0.003400
1592.000 0.000000
1592.000 0.000000
1592.000 0.000000
1592.000 0.001400
1592.000 0.001400
1592.000 0.000800
1592.000 0.000800
1592.000 0.000800
1592.000 0.000000
1592.000 0.000000
1592.000 0.002200
1592.000 0.000000
1592.000 0.000000
1592.000 0.000000
1592.000 0.002600
1592.000 0.002600
1592.000 0.002600
1592.000 0.003200
1592.000 0.003200
1592.000 0.003200
1592.000 0.003200
1592.000 0.003200
1592.000 0.000000
1592.000 0.000000
1592.000 0.000000
1592.000 0.000000
1592.000 0.000000
1592.000 0.001800
1592.000 0.001800
1592.000 0.001800
1592.000 0.000000
1592.000 0.000000
1592.000 0.000000
1592.000 0.000000
1592.000 0.000000
1592.000 0.002000
1592.000 0.002000
1592.000 0.000000
1592.000 0.000000
1592.000 0.000000
1592.000 0.000000
1592.000 0.000000
1592.000 0.000000
1592.000 0.003000
1592.000 0.003000
1592.000 0.000000
1592.000 0.000000
1592.000 0.000000
1592.000 0.003000
1592.000 0.003000
1592.000 0.003000
1592.000 0.000000
1592.000 0.000000
1592.000 0.000000
1592.000 0.000000
1592.000 0.000000
1592.000 0.001800
1592.000 0.001800
1592.000 0.000000
1592.000 0.000000
1592.000 0.000000
1592.000 0.000000
1592.000 0.000000
1592.000 0.000000
1592.000 0.002600
1592.000 0.002600
1592.000 0.000000
1592.000 0.000000
1592.000 0.000000
1592.000 0.001800
1592.000 0.001800
1592.000 0.001800
1592.000 0.000000
1592.000 0.000000
1592.000 0.000000
1592.000 0.000000
1592.000 0.000000
1592.000 0.000000
1592.000 0.000000
1592.000 0.000000
1592.000 0.000000
1592.000 0.000000
1592.000 0.003000
1592.000 0.003000
1592.000 0.000000
1592.000 0.000000
1592.000 0.000000
1592.000 0.001400
1592.000 0.001400
1592.000 0.000000
1592.000 0.000000
1592.000 0.000000
1592.000 0.000000
1592.000 0.000000
1592.000 0.000400
1592.000 0.000400
1592.000 0.000400
1592.000 0.000000
1592.000 0.000800
1592.000 0.000800
1592.000 0.000000
1592.000 0.000000
1592.000 0.000000
1592.000 0.000000
1592.000 0.001600
1592.000 0.001600
1592.000 0.000000
1592.000 0.000000
1592.000 0.000000
1592.000 0.000000
1592.000 0.000000
1592.000 0.000000
1592.000 0.001800
1592.000 0.001800
1592.000 0.000000
1592.000 0.000000
1592.000 0.000000
1592.000 0.003600
1592.000 0.003600
1592.000 0.003600
1592.000 0.000000
1592.000 0.000000
1592.000 0.000000
1592.000 0.000000
1592.000 0.000000
1592.000 0.003400
1593.000 0.003400
1593.000 0.000000
1593.000 0.000000
1593.000 0.000000
1593.000 0.000000
1593.000 0.000000
1593.000 0.000000
1593.000 0.001600
1593.000 0.001600
1593.000 0.000000
1593.000 0.000000
1593.000 0.000000
1593.000 0.000000
1593.000 0.000000
1593.000 0.000000
1593.000 0.002000
1593.000 0.002000
1593.000 0.000000
1593.000 0.000000
1593.000 0.000000
1593.000 0.003400
1593.000 0.003400
1593.000 0.000000
1593.000 0.000000
1593.000 0.000000
1593.000 0.000000
1593.000 0.000000
1593.000 0.000000
1593.000 0.003200
1593.000 0.003200
1593.000 0.000000
1593.000 0.000000
1593.000 0.000000
1593.000 0.002400
1593.000 0.002400
1593.000 0.002400
1593.000 0.002400
1593.000 0.002400
1593.000 0.000000
1593.000 0.000000
1593.000 0.000000
1593.000 0.000000
1593.000 0.000000
1593.000 0.002200
1593.000 0.002200
1593.000 0.002200
1593.000 0.000000
1593.000 0.000000
1593.000 0.000000
1593.000 0.000000
1593.000 0.000000
1593.000 0.001600
1593.000 0.001600
1593.000 0.001600
1593.000 0.000800
1593.000 0.000800
1593.000 0.000000
1593.000 0.000000
1593.000 0.000000
1593.000 0.002000
1593.000 0.002000
1593.000 0.000000
1593.000 0.000000
1593.000 0.000000
1593.000 0.000000
1593.000 0.000000
1593.000 0.000000
1593.000 0.003000
1593.000 0.003000
1593.000 0.000000
1593.000 0.000000
1593.000 0.000000
1593.000 0.000000
1593.000 0.000000
1593.000 0.000000
1593.000 0.000600
1593.000 0.000600
1593.000 0.000000
1593.000 0.000000
1593.000 0.000000
1593.000 0.003200
1593.000 0.003200
1593.000 0.000000
1593.000 0.000000
1593.000 0.000000
1593.000 0.000000
1593.000 0.000000
1593.000 0.002200
1593.000 0.002200
1593.000 0.002200
1593.000 0.000000
1593.000 0.000000
1593.000 0.000000
1593.000 0.003200
1593.000 0.003200
1593.000 0.000000
1593.000 0.000000
1593.000 0.000000
1593.000 0.002200
1593.000 0.002200
1593.000 0.000000
1593.000 0.000000
1593.000 0.000000
1593.000 0.000000
1593.000 0.000000
1593.000 0.000200
1593.000 0.000200
1593.000 0.000200
1593.000 0.000000
1593.000 0.000000
1593.000 0.000000
1593.000 0.002400
1593.000 0.002400
1593.000 0.000000
1593.000 0.000000
1593.000 0.000000
1593.000 0.003000
1593.000 0.003000
1593.000 0.000000
1593.000 0.000000
1593.000 0.000000
1593.000 0.000400
1593.000 0.000400
1593.000 0.000400
1593.000 0.000400
1593.000 0.000400
1593.000 0.000000
1593.000 0.000000
1593.000 0.000000
1593.000 0.002800
1593.000 0.002800
1593.000 0.000000
1593.000 0.000000
1593.000 0.000000
1593.000 0.000000
1593.000 0.000000
1593.000 0.000000
1593.000 0.001400
1593.000 0.001400
1593.000 0.000000
1593.000 0.000000
1593.000 0.000000
1593.000 0.003400
1593.000 0.003400
1593.000 0.000000
1593.000 0.000000
1593.000 0.000000
1593.000 0.002000
1593.000 0.002000
1593.000 0.002000
1593.000 0.002000
1593.000 0.002000
1593.000 0.002000
1593.000 0.002000
1593.000 0.002000
1593.000 0.002000
1593.000 0.002000
1593.000 0.000000
1593.000 0.000000
1593.000 0.001000
1593.000 0.001000
1593.000 0.001000
1593.000 0.000000
1593.000 0.000000
1593.000 0.000000
1593.000 0.003400
1593.000 0.003400
1593.000 0.000000
1593.000 0.000000
1593.000 0.000000
1593.000 0.001200
1593.000 0.001200
1593.000 0.001200
1593.000 0.000000
1593.000 0.000000
1593.000 0.000000
1593.000 0.000000
1593.000 0.000000
1593.000 0.001800
1593.000 0.001800
1593.000 0.000000
1593.000 0.000000
1593.000 0.000000
1593.000 0.000000
1593.000 0.000000
1593.000 0.000000
1593.000 0.003000
1593.000 0.003000
1593.000 0.000000
1593.000 0.000000
1593.000 0.000000
1593.000 0.001000
1593.000 0.001000
1593.000 0.001000
1593.000 0.001000
1593.000 0.001000
1593.000 0.000000
1593.000 0.000000
1593.000 0.000000
1593.000 0.001800
1593.000 0.001800
1593.000 0.000000
1593.000 0.000000
1593.000 0.000000
1593.000 0.000000
1593.000 0.000000
1593.000 0.000000
1593.000 0.002200
1593.000 0.002200
1593.000 0.000000
1593.000 0.000000
1593.000 0.000000
1593.000 0.000000
1593.000 0.000000
1593.000 0.000000
1593.000 0.003000
1593.000 0.003000
1593.000 0.000000
1593.000 0.000000
1593.000 0.000000
1593.000 0.003800
1593.000 0.003800
1593.000 0.000000
1593.000 0.000000
1593.000 0.000000
1593.000 0.001400
1593.000 0.001400
1593.000 0.000000
1593.000 0.000000
1593.000 0.000000
1593.000 0.000000
1593.000 0.000000
1593.000 0.001200
1593.000 0.001200
1593.000 0.001200
1593.000 0.000000
1593.000 0.000000
1593.000 0.000000
1593.000 0.003400
1593.000 0.003400
1593.000 0.000000
1593.000 0.000000
1593.000 0.000000
1593.000 0.002400
1593.000 0.002400
1593.000 0.000000
1593.000 0.000000
1593.000 0.000000
1593.000 0.000000
1593.000 0.000000
1594.001 0.000000
1594.001 0.000200
1594.001 0.000000
1594.001 0.000000
1594.001 0.000000
1594.001 0.000000
1594.001 0.000000
1594.001 0.000000
1594.001 0.000000
1594.001 0.000000
1594.001 0.002400
1594.001 0.002400
1594.001 0.000000
1594.001 0.000000
1594.001 0.000000
1594.001 0.003000
1594.001 0.003000
1594.001 0.000000
1594.001 0.000000
1594.001 0.000000
1594.001 0.000000
1594.001 0.000000
1594.001 0.000000
1594.001 0.001600
1594.001 0.001600
1594.001 0.000000
1594.001 0.000000
1594.001 0.000000
1594.001 0.001200
1594.001 0.001200
1594.001 0.000000
1594.001 0.000000
1594.001 0.000000
1594.001 0.000000
1594.001 0.000000
1594.001 0.000000
1594.001 0.000000
1594.001 0.000000
1594.001 0.001600
1594.001 0.001600
1594.001 0.000000
1594.001 0.000000
1594.001 0.000000
1594.001 0.001800
1594.001 0.001800
1594.001 0.001800
1594.001 0.002400
1594.001 0.002400
1594.001 0.000000
1594.001 0.000000
1594.001 0.000000
1594.001 0.001200
1594.001 0.001200
1594.001 0.001200
1594.001 0.001200
1594.001 0.001200
1594.001 0.000000
1594.001 0.000000
1594.001 0.000000
1594.001 0.001800
1594.001 0.001800
1594.001 0.001800
1594.001 0.000000
1594.001 0.000000
1594.001 0.000000
1594.001 0.000000
1594.001 0.000000
1594.001 0.003200
1594.001 0.003200
1594.001 0.000000
1594.001 0.000000
1594.001 0.000000
1594.001 0.000000
1594.001 0.000000
1594.001 0.001600
1594.001 0.001600
1594.001 0.001600
1594.001 0.003000
1594.001 0.003000
1594.001 0.000000
1594.001 0.000000
1594.001 0.000000
1594.001 0.000000
1594.001 0.000000
1594.001 0.000000
1594.001 0.000000
1594.001 0.000000
1594.001 0.000000
1594.001 0.000000
1594.001 0.002400
1594.001 0.002400
1594.001 0.002400
1594.001 0.000000
1594.001 0.000000
1594.001 0.000000
1594.001 0.002400
1594.001 0.002400
1594.001 0.000000
1594.001 0.000000
1594.001 0.000000
1594.001 0.000000
1594.001 0.000000
1594.001 0.001600
1594.001 0.001600
1594.001 0.001600
1594.001 0.003200
1594.001 0.003200
1594.001 0.000000
1594.001 0.000000
1594.001 0.000000
1594.001 0.000600
1594.001 0.000600
1594.001 0.000000
1594.001 0.000000
1594.001 0.000000
1594.001 0.000000
1594.001 0.002600
1594.001 0.002600
1594.001 0.002600
1594.001 0.001600
1594.001 0.001600
1594.001 0.000000
1594.001 0.000000
1594.001 0.000000
1594.001 0.002200
1594.001 0.002200
1594.001 0.000000
1594.001 0.000000
1594.001 0.000000
1594.001 0.000000
1594.001 0.000000
1594.001 0.000000
1594.001 0.002800
1594.001 0.002800
1594.001 0.000000
1594.001 0.000000
1594.001 0.000000
1594.001 0.001800
1594.001 0.001800
1594.001 0.000000
1594.001 0.000000
1594.001 0.000000
1594.001 0.000000
1594.001 0.002600
1594.001 0.002600
1594.001 0.000000
1594.001 0.000000
1594.001 0.000000
1594.001 0.000000
1594.001 0.000000
1594.001 0.000000
1594.001 0.000000
1594.001 0.000000
1594.001 0.000400
1594.001 0.000400
1594.001 0.000400
1594.001 0.002200
1594.001 0.002200
1594.001 0.000000
1594.001 0.000000
1594.001 0.000000
1594.001 0.003400
1594.001 0.003400
1594.001 0.003400
1594.001 0.003400
1594.001 0.003400
1594.001 0.000000
1594.001 0.000000
1594.001 0.000000
1594.001 0.000000
1594.001 0.000000
1594.001 0.001800
1594.001 0.001800
1594.001 0.001800
1594.001 0.000000
1594.001 0.000000
1594.001 0.000000
1594.001 0.000000
1594.001 0.000000
1594.001 0.003000
1594.001 0.003000
1594.001 0.000000
1594.001 0.000000
1594.001 0.000000
1594.001 0.001200
1594.001 0.001200
1594.001 0.001200
1594.001 0.000000
1594.001 0.000000
1594.001 0.000000
1594.001 0.000000
1594.001 0.000000
1594.001 0.002400
1594.001 0.002400
1594.001 0.000000
1594.001 0.000000
1594.001 0.000000
1594.001 0.001000
1594.001 0.001000
1594.001 0.000000
1594.001 0.000000
1594.001 0.000000
1594.001 0.000000
1594.001 0.000000
1594.001 0.000000
1594.001 0.002400
1594.001 0.002400
1594.001 0.000000
1594.001 0.000000
1594.001 0.000000
1594.001 0.004200
1594.001 0.004200
1594.001 0.004200
1594.001 0.004200
1594.001 0.004200
1594.001 0.000000
1594.001 0.000000
1594.001 0.000000
1594.001 0.000000
1594.001 0.000000
1594.001 0.000000
1594.001 0.000000
1594.001 0.000000
1594.001 0.000000
1594.001 0.000000
1594.001 0.002600
1594.001 0.002600
1594.001 0.000000
1594.001 0.000000
1594.001 0.000000
1594.001 0.001600
1594.001 0.001600
1594.001 0.001600
1594.001 0.000000
1594.001 0.000000
1594.001 0.000000
1594.001 0.000000
1594.001 0.000000
1594.001 0.003000
1594.001 0.003000
1594.001 0.000000
1594.001 0.000000
1594.001 0.000000
1594.001 0.000000
1594.001 0.000000
1594.001 0.000000
1594.001 0.000000
1594.001 0.000000
1594.001 0.000000
1594.001 0.000000
1595.000 0.000000
1595.000 0.000000
1595.000 0.000400
1595.000 0.000400
1595.000 0.000400
1595.000 0.000400
1595.000 0.000400
1595.000 0.002200
1595.000 0.002200
1595.000 0.000000
1595.000 0.000000
1595.000 0.000000
1595.000 0.000000
1595.000 0.000000
1595.000 0.000000
1595.000 0.002200
1595.000 0.002200
1595.000 0.000000
1595.000 0.000000
1595.000 0.000000
1595.000 0.002800
1595.000 0.002800
1595.000 0.000000
1595.000 0.000000
1595.000 0.000000
1595.000 0.001000
1595.000 0.001000
1595.000 0.001000
1595.000 0.000000
1595.000 0.000000
1595.000 0.000000
1595.000 0.000000
1595.000 0.000000
1595.000 0.003000
1595.000 0.003000
1595.000 0.000000
1595.000 0.000000
1595.000 0.000000
1595.000 0.001200
1595.000 0.001200
1595.000 0.001200
1595.000 0.001400
1595.000 0.001400
1595.000 0.000000
1595.000 0.000000
1595.000 0.000000
1595.000 0.001800
1595.000 0.001800
1595.000 0.000000
1595.000 0.000000
1595.000 0.000000
1595.000 0.000000
1595.000 0.000000
1595.000 0.001400
1595.000 0.001400
1595.000 0.001400
1595.000 0.000000
1595.000 0.000000
1595.000 0.000000
1595.000 0.003600
1595.000 0.003600
1595.000 0.000000
1595.000 0.000000
1595.000 0.000000
1595.000 0.000000
1595.000 0.000000
1595.000 0.000600
1595.000 0.000600
1595.000 0.000600
1595.000 0.000000
1595.000 0.000000
1595.000 0.000000
1595.000 0.003000
1595.000 0.003000
1595.000 0.003000
1595.000 0.003000
1595.000 0.000000
1595.000 0.000000
1595.000 0.000000
1595.000 0.000000
1595.000 0.000000
1595.000 0.000000
1595.000 0.000000
1595.000 0.000000
1595.000 0.002200
1595.000 0.002200
1595.000 0.002200
1595.000 0.001400
1595.000 0.001400
1595.000 0.000000
1595.000 0.000000
1595.000 0.000000
1595.000 0.002400
1595.000 0.002400
1595.000 0.000000
1595.000 0.000000
1595.000 0.000000
1595.000 0.000000
1595.000 0.000000
1595.000 0.000000
1595.000 0.003400
1595.000 0.003400
1595.000 0.000000
1595.000 0.000000
1595.000 0.000000
1595.000 0.001600
1595.000 0.001600
1595.000 0.000000
1595.000 0.000000
1595.000 0.000000
1595.000 0.000000
1595.000 0.000000
1595.000 0.002400
1595.000 0.002400
1595.000 0.002400
1595.000 0.002400
1595.000 0.002400
1595.000 0.000000
1595.000 0.000000
1595.000 0.000000
1595.000 0.002200
1595.000 0.002200
1595.000 0.000000
1595.000 0.000000
1595.000 0.000000
1595.000 0.000000
1595.000 0.000000
1595.000 0.000000
1595.000 0.002600
1595.000 0.002600
1595.000 0.000000
1595.000 0.000000
1595.000 0.000000
1595.000 0.002600
1595.000 0.002600
1595.000 0.000000
1595.000 0.000000
1595.000 0.000000
1595.000 0.000000
1595.000 0.002000
1595.000 0.002000
1595.000 0.002000
1595.000 0.001600
1595.000 0.001600
1595.000 0.000000
1595.000 0.000000
1595.000 0.000000
1595.000 0.000000
1595.000 0.000000
1595.000 0.002000
1595.000 0.002000
1595.000 0.002000
1595.000 0.000000
1595.000 0.000000
1595.000 0.000000
1595.000 0.003000
1595.000 0.003000
1595.000 0.000000
1595.000 0.000000
1595.000 0.000000
1595.000 0.002200
1595.000 0.002200
1595.000 0.000000
1595.000 0.000000
1595.000 0.000000
1595.000 0.000000
1595.000 0.000000
1595.000 0.002000
1595.000 0.002000
1595.000 0.002000
1595.000 0.000000
1595.000 0.000000
1595.000 0.000000
1595.000 0.002200
1595.000 0.002200
1595.000 0.000000
1595.000 0.000000
1595.000 0.000000
1595.000 0.003000
1595.000 0.003000
1595.000 0.000000
1595.000 0.000000
1595.000 0.000000
1595.000 0.000000
1595.000 0.000000
1595.000 0.000000
1595.000 0.000000
1595.000 0.000000
1595.000 0.002000
1595.000 0.002000
1595.000 0.000000
1595.000 0.000000
1595.000 0.000000
1595.000 0.000000
1595.000 0.000000
1595.000 0.000000
1595.000 0.003600
1595.000 0.003600
1595.000 0.000000
1595.000 0.000000
1595.000 0.000000
1595.000 0.002200
1595.000 0.002200
1595.000 0.002200
1595.000 0.000000
1595.000 0.000000
1595.000 0.000000
1595.000 0.000000
1595.000 0.000000
1595.000 0.002600
1595.000 0.002600
1595.000 0.000000
1595.000 0.000000
1595.000 0.000000
1595.000 0.000800
1595.000 0.000800
1595.000 0.000800
1595.000 0.000000
1595.000 0.000000
1595.000 0.000000
1595.000 0.000000
1595.000 0.000000
1595.000 0.002600
1595.000 0.002600
1595.000 0.000000
1595.000 0.000000
1595.000 0.000000
1595.000 0.000000
1595.000 0.000000
1595.000 0.000000
1595.000 0.001400
1595.000 0.001400
1595.000 0.000000
1595.000 0.000000
1595.000 0.000000
1595.000 0.003600
1595.000 0.003600
1595.000 0.000000
1595.000 0.000000
1595.000 0.000000
1595.000 0.000000
1595.000 0.000000
1595.000 0.000000
1595.000 0.002200
1595.000 0.002200
1595.000 0.000000
1595.000 0.000000
1595.000 0.000000
1595.000 0.002400
1595.000 0.002400
1596.001 0.002400
1596.001 0.000400
1596.001 0.000400
1596.001 0.000400
1596.001 0.000400
1596.001 0.000800
1596.001 0.000800
1596.001 0.000000
1596.001 0.000000
1596.001 0.000000
1596.001 0.000000
1596.001 0.000000
1596.001 0.000000
1596.001 0.000400
1596.001 0.000400
1596.001 0.000000
1596.001 0.000000
1596.001 0.000000
1596.001 0.004000
1596.001 0.004000
1596.001 0.000000
1596.001 0.000000
1596.001 0.000000
1596.001 0.001200
1596.001 0.001200
1596.001 0.001200
1596.001 0.000600
1596.001 0.000600
1596.001 0.000000
1596.001 0.000000
1596.001 0.000000
1596.001 0.002000
1596.001 0.002000
1596.001 0.000000
1596.001 0.000000
1596.001 0.000000
1596.001 0.001800
1596.001 0.001800
1596.001 0.001800
1596.001 0.000800
1596.001 0.000800
1596.001 0.000000
1596.001 0.000000
1596.001 0.000000
1596.001 0.001800
1596.001 0.001800
1596.001 0.000000
1596.001 0.000000
1596.001 0.000000
1596.001 0.000000
1596.001 0.000000
1596.001 0.000000
1596.001 0.000000
1596.001 0.000000
1596.001 0.001400
1596.001 0.001400
1596.001 0.001400
1596.001 0.002200
1596.001 0.002200
1596.001 0.002200
1596.001 0.002200
1596.001 0.000000
1596.001 0.000000
1596.001 0.000000
1596.001 0.000000
1596.001 0.000000
1596.001 0.000000
1596.001 0.003600
1596.001 0.003600
1596.001 0.000000
1596.001 0.000000
1596.001 0.000000
1596.001 0.003200
1596.001 0.003200
1596.001 0.000000
1596.001 0.000000
1596.001 0.000000
1596.001 0.000000
1596.001 0.000000
1596.001 0.000000
1596.001 0.000400
1596.001 0.000400
1596.001 0.000000
1596.001 0.000000
1596.001 0.000000
1596.001 0.002800
1596.001 0.002800
1596.001 0.000000
1596.001 0.000000
1596.001 0.000000
1596.001 0.000000
1596.001 0.000000
1596.001 0.002600
1596.001 0.002600
1596.001 0.002600
1596.001 0.000000
1596.001 0.000000
1596.001 0.000000
1596.001 0.002200
1596.001 0.002200
1596.001 0.000000
1596.001 0.000000
1596.001 0.000000
1596.001 0.002800
1596.001 0.002800
1596.001 0.000000
1596.001 0.000000
1596.001 0.000000
1596.001 0.001000
1596.001 0.001000
1596.001 0.000000
1596.001 0.000000
1596.001 0.000000
1596.001 0.000000
1596.001 0.000000
1596.001 0.000400
1596.001 0.000400
1596.001 0.000400
1596.001 0.000000
1596.001 0.000000
1596.001 0.000000
1596.001 0.001600
1596.001 0.001600
1596.001 0.000000
1596.001 0.000000
1596.001 0.000000
1596.001 0.002200
1596.001 0.002200
1596.001 0.002200
1596.001 0.000000
1596.001 0.000000
1596.001 0.000000
1596.001 0.000000
1596.001 0.000000
1596.001 0.001600
1596.001 0.001600
1596.001 0.000000
1596.001 0.000000
1596.001 0.000000
1596.001 0.002000
1596.001 0.002000
1596.001 0.002000
1596.001 0.000000
1596.001 0.000000
1596.001 0.000000
1596.001 0.000000
1596.001 0.000000
1596.001 0.001600
1596.001 0.001600
1596.001 0.000000
1596.001 0.000000
1596.001 0.000000
1596.001 0.000000
1596.001 0.000000
1596.001 0.000000
1596.001 0.002000
1596.001 0.002000
1596.001 0.000000
1596.001 0.000000
1596.001 0.000000
1596.001 0.001200
1596.001 0.001200
1596.001 0.001200
1596.001 0.000000
1596.001 0.000000
1596.001 0.000000
1596.001 0.000000
1596.001 0.000000
1596.001 0.003400
1596.001 0.000000
1596.001 0.000000
1596.001 0.000000
1596.001 0.000000
1596.001 0.000000
1596.001 0.000000
1596.001 0.000000
1596.001 0.000000
1596.001 0.002200
1596.001 0.002200
1596.001 0.002200
1596.001 0.002200
1596.001 0.002200
1596.001 0.001200
1596.001 0.001200
1596.001 0.000000
1596.001 0.000000
1596.001 0.000000
1596.001 0.000000
1596.001 0.000000
1596.001 0.000000
1596.001 0.002800
1596.001 0.002800
1596.001 0.000000
1596.001 0.000000
1596.001 0.000000
1596.001 0.001400
1596.001 0.001400
1596.001 0.001400
1596.001 0.000400
1596.001 0.000400
1596.001 0.000400
1596.001 0.000400
1596.001 0.000400
1596.001 0.000000
1596.001 0.000000
1596.001 0.000000
1596.001 0.000000
1596.001 0.000000
1596.001 0.002400
1596.001 0.002400
1596.001 0.000000
1596.001 0.000000
1596.001 0.000000
1596.001 0.000000
1596.001 0.000000
1596.001 0.000000
1596.001 0.002000
1596.001 0.002000
1596.001 0.000000
1596.001 0.000000
1596.001 0.000000
1596.001 0.002000
1596.001 0.002000
1596.001 0.002000
1596.001 0.000000
1596.001 0.000000
1596.001 0.000000
1596.001 0.000000
1596.001 0.000000
1596.001 0.001600
1596.001 0.001600
1596.001 0.000000
1596.001 0.000000
1596.001 0.000000
1596.001 0.000000
1596.001 0.000000
1596.001 0.000000
1596.001 0.000000
1596.001 0.000000
1596.001 0.001000
1596.001 0.001000
1596.001 0.001000
1596.001 0.000800
1596.001 0.000800
1596.001 0.000000
1596.001 0.000000
1596.001 0.000000
1596.001 0.001800
1596.001 0.001800
1596.001 0.000000
1597.001 0.000000
1597.001 0.000000
1597.001 0.000000
1597.001 0.000400
1597.001 0.000400
1597.001 0.000000
1597.001 0.000000
1597.001 0.000000
1597.001 0.000000
1597.001 0.000000
1597.001 0.000000
1597.001 0.002200
1597.001 0.002200
1597.001 0.000000
1597.001 0.000000
1597.001 0.000000
1597.001 0.001400
1597.001 0.001400
1597.001 0.000000
1597.001 0.000000
1597.001 0.000000
1597.001 0.004000
1597.001 0.004000
1597.001 0.000000
1597.001 0.000000
1597.001 0.004200
1597.001 0.004200
1597.001 0.004200
1597.001 0.000000
1597.001 0.001600
1597.001 0.001600
1597.001 0.000000
1597.001 0.000000
1597.001 0.000000
1597.001 0.000000
1597.001 0.000000
1597.001 0.000000
1597.001 0.000000
1597.001 0.000000
1597.001 0.000000
1597.001 0.000000
1597.001 0.000000
1597.001 0.002000
1597.001 0.002000
1597.001 0.000000
1597.001 0.000000
1597.001 0.000000
1597.001 0.003000
1597.001 0.003000
1597.001 0.000000
1597.001 0.000000
1597.001 0.000000
1597.001 0.001400
1597.001 0.001400
1597.001 0.000000
1597.001 0.000000
1597.001 0.000000
1597.001 0.002000
1597.001 0.002000
1597.001 0.000000
1597.001 0.000000
1597.001 0.000000
1597.001 0.000000
1597.001 0.000000
1597.001 0.003000
1597.001 0.003000
1597.001 0.000000
1597.001 0.000000
1597.001 0.000000
1597.001 0.002000
1597.001 0.000000
1597.001 0.000000
1597.001 0.000000
1597.001 0.000000
1597.001 0.000000
1597.001 0.000000
1597.001 0.000000
1597.001 0.000000
1597.001 0.000000
1597.001 0.004200
1597.001 0.004200
1597.001 0.004200
1597.001 0.000000
1597.001 0.000000
1597.001 0.001800
1597.001 0.001800
1597.001 0.001800
1597.001 0.000000
1597.001 0.000000
1597.001 0.000000
1597.001 0.002800
1597.001 0.002800
1597.001 0.000000
1597.001 0.000000
1597.001 0.000000
1597.001 0.001800
1597.001 0.001800
1597.001 0.000000
1597.001 0.000000
1597.001 0.000000
1597.001 0.000000
1597.001 0.000000
1597.001 0.000000
1597.001 0.000000
1597.001 0.000000
1597.001 0.000000
1597.001 0.000000
1597.001 0.000000
1597.001 0.000000
1597.001 0.000000
1597.001 0.004000
1597.001 0.004000
1597.001 0.000000
1597.001 0.000000
1597.001 0.000000
1597.001 0.002600
1597.001 0.002600
1597.001 0.002600
1597.001 0.000000
1597.001 0.000000
1597.001 0.000000
1597.001 0.000000
1597.001 0.000000
1597.001 0.000000
1597.001 0.000000
1597.001 0.000000
1597.001 0.000000
1597.001 0.000000
1597.001 0.000000
1597.001 0.000000
1597.001 0.000000
1597.001 0.001800
1597.001 0.001800
1597.001 0.001800
1597.001 0.000400
1597.001 0.000400
1597.001 0.000000
1597.001 0.000000
1597.001 0.000000
1597.001 0.002000
1597.001 0.002000
1597.001 0.002000
1597.001 0.000000
1597.001 0.000000
1597.001 0.000000
1597.001 0.000000
1597.001 0.000000
1597.001 0.001000
1597.001 0.001000
1597.001 0.001000
1597.001 0.000000
1597.001 0.000000
1597.001 0.000000
1597.001 0.000000
1597.001 0.000000
1597.001 0.002400
1597.001 0.002400
1597.001 0.000000
1597.001 0.000000
1597.001 0.000000
1597.001 0.002000
1597.001 0.002000
1597.001 0.002000
1597.001 0.000800
1597.001 0.000800
1597.001 0.000000
1597.001 0.000000
1597.001 0.000000
1597.001 0.000000
1597.001 0.000000
1597.001 0.000000
1597.001 0.002200
1597.001 0.002200
1597.001 0.000000
1597.001 0.000000
1597.001 0.000000
1597.001 0.001400
1597.001 0.001400
1597.001 0.000000
1597.001 0.000000
1597.001 0.000000
1597.001 0.000000
1597.001 0.000000
1597.001 0.000000
1597.001 0.000000
1597.001 0.000000
1597.001 0.000000
1597.001 0.000000
1597.001 0.000000
1597.001 0.000000
1597.001 0.000000
1597.001 0.001800
1597.001 0.001800
1597.001 0.001800
1597.001 0.002800
1597.001 0.002800
1597.001 0.000000
1597.001 0.000000
1597.001 0.000000
1597.001 0.000600
1597.001 0.000600
1597.001 0.000600
1597.001 0.002000
1597.001 0.002000
1597.001 0.000000
1597.001 0.000000
1597.001 0.000000
1597.001 0.001200
1597.001 0.001200
1597.001 0.001200
1597.001 0.000000
1597.001 0.000000
1597.001 0.000000
1597.001 0.000000
1597.001 0.000000
1597.001 0.002400
1597.001 0.002400
1597.001 0.002400
1597.001 0.002400
1597.001 0.002400
1597.001 0.000000
1597.001 0.000000
1597.001 0.000000
1597.001 0.000000
1597.001 0.000000
1597.001 0.001800
1597.001 0.001800
1597.001 0.000000
1597.001 0.000000
1597.001 0.000000
1597.001 0.000000
1597.001 0.000000
1597.001 0.000000
1597.001 0.003600
1597.001 0.003600
1597.001 0.003600
1597.001 0.000000
1597.001 0.000000
1597.001 0.000000
1597.001 0.000000
1597.001 0.000000
1597.001 0.002600
1597.001 0.002600
1597.001 0.000000
1597.001 0.000000
1597.001 0.000000
1597.001 0.001600
1597.001 0.001600
1597.001 0.001600
1597.001 0.000000
1598.001 0.000000
1598.001 0.000000
1598.001 0.000400
1598.001 0.000400
1598.001 0.000400
1598.001 0.000400
1598.001 0.000400
1598.001 0.000000
1598.001 0.000000
1598.001 0.000000
1598.001 0.003800
1598.001 0.003800
1598.001 0.003800
1598.001 0.003800
1598.001 0.003800
1598.001 0.000000
1598.001 0.000000
1598.001 0.000000
1598.001 0.000000
1598.001 0.000000
1598.001 0.000000
1598.001 0.000000
1598.001 0.000000
1598.001 0.003000
1598.001 0.003000
1598.001 0.000000
1598.001 0.000000
1598.001 0.000000
1598.001 0.003600
1598.001 0.003600
1598.001 0.000000
1598.001 0.000000
1598.001 0.000000
1598.001 0.000000
1598.001 0.000000
1598.001 0.001000
1598.001 0.001000
1598.001 0.001000
1598.001 0.000000
1598.001 0.000000
1598.001 0.000000
1598.001 0.003200
1598.001 0.003200
1598.001 0.000000
1598.001 0.000000
1598.001 0.000000
1598.001 0.001800
1598.001 0.001800
1598.001 0.000000
1598.001 0.000000
1598.001 0.000000
1598.001 0.000000
1598.001 0.000000
1598.001 0.000000
1598.001 0.002000
1598.001 0.002000
1598.001 0.000000
1598.001 0.000000
1598.001 0.000000
1598.001 0.003400
1598.001 0.003400
1598.001 0.000000
1598.001 0.000000
1598.001 0.000000
1598.001 0.000800
1598.001 0.000800
1598.001 0.000800
1598.001 0.002000
1598.001 0.002000
1598.001 0.000000
1598.001 0.000000
1598.001 0.000000
1598.001 0.000000
1598.001 0.000000
1598.001 0.003200
1598.001 0.003200
1598.001 0.003200
1598.001 0.003200
1598.001 0.003200
1598.001 0.000000
1598.001 0.000000
1598.001 0.000000
1598.001 0.001600
1598.001 0.001600
1598.001 0.001600
1598.001 0.000000
1598.001 0.000000
1598.001 0.000000
1598.001 0.000000
1598.001 0.000000
1598.001 0.000000
1598.001 0.000000
1598.001 0.003200
1598.001 0.003200
1598.001 0.003200
1598.001 0.003200
1598.001 0.003200
1598.001 0.002600
1598.001 0.002600
1598.001 0.002600
1598.001 0.000600
1598.001 0.000600
1598.001 0.000000
1598.001 0.000000
1598.001 0.000000
1598.001 0.001200
1598.001 0.001200
1598.001 0.000000
1598.001 0.000000
1598.001 0.000000
1598.001 0.000000
1598.001 0.000000
1598.001 0.001000
1598.001 0.001000
1598.001 0.001000
1598.001 0.000000
1598.001 0.000000
1598.001 0.000000
1598.001 0.003000
1598.001 0.003000
1598.001 0.000000
1598.001 0.000000
1598.001 0.000000
1598.001 0.001600
1598.001 0.001600
1598.001 0.000000
1598.001 0.000000
1598.001 0.000000
1598.001 0.000000
1598.001 0.000000
1598.001 0.000000
1598.001 0.000000
1598.001 0.000000
1598.001 0.001200
1598.001 0.001200
1598.001 0.001200
1598.001 0.000000
1598.001 0.000000
1598.001 0.000000
1598.001 0.000000
1598.001 0.000000
1598.001 0.002400
1598.001 0.002400
1598.001 0.000000
1598.001 0.000000
1598.001 0.000000
1598.001 0.000000
1598.001 0.000000
1598.001 0.000000
1598.001 0.002400
1598.001 0.002400
1598.001 0.002400
1598.001 0.002400
1598.001 0.002400
1598.001 0.000000
1598.001 0.000000
1598.001 0.000000
1598.001 0.000000
1598.001 0.000000
1598.001 0.002600
1598.001 0.002600
1598.001 0.000000
1598.001 0.000000
1598.001 0.000000
1598.001 0.000000
1598.001 0.000000
1598.001 0.000000
1598.001 0.001800
1598.001 0.001800
1598.001 0.000000
1598.001 0.000000
1598.001 0.000000
1598.001 0.002400
1598.001 0.002400
1598.001 0.002400
1598.001 0.000000
1598.001 0.000000
1598.001 0.000000
1598.001 0.000000
1598.001 0.000000
1598.001 0.003200
1598.001 0.003200
1598.001 0.003200
1598.001 0.000000
1598.001 0.000000
1598.001 0.000000
1598.001 0.000000
1598.001 0.000000
1598.001 0.000000
1598.001 0.000000
1598.001 0.000000
1598.001 0.000000
1598.001 0.000000
1598.001 0.002200
1598.001 0.002200
1598.001 0.000000
1598.001 0.000000
1598.001 0.000000
1598.001 0.000000
1598.001 0.000000
1598.001 0.000000
1598.001 0.001800
1598.001 0.001800
1598.001 0.000000
1598.001 0.000000
1598.001 0.000000
1598.001 0.002400
1598.001 0.002400
1598.001 0.002400
1598.001 0.002400
1598.001 0.002400
1598.001 0.002400
1598.001 0.002400
1598.001 0.002400
1598.001 0.000000
1598.001 0.000000
1598.001 0.000000
1598.001 0.000000
1598.001 0.000000
1598.001 0.001600
1598.001 0.001600
1598.001 0.001600
1598.001 0.000000
1598.001 0.000000
1598.001 0.000000
1598.001 0.000000
1598.001 0.000000
1598.001 0.001800
1598.001 0.001800
1598.001 0.000000
1598.001 0.000000
1598.001 0.000000
1598.001 0.000000
1598.001 0.000000
1598.001 0.000000
1598.001 0.002800
1598.001 0.002800
1598.001 0.000000
1598.001 0.000000
1598.001 0.000000
1598.001 0.003800
1598.001 0.003800
1598.001 0.000000
1598.001 0.000000
1598.001 0.000000
1598.001 0.000000
1598.001 0.000000
1598.001 0.000000
1598.001 0.000000
1598.001 0.000000
1599.001 0.000000
1599.001 0.000000
1599.001 0.000000
1599.001 0.000400
1599.001 0.000400
1599.001 0.000000
1599.001 0.000000
1599.001 0.000000
1599.001 0.001400
1599.001 0.001400
1599.001 0.000000
1599.001 0.000000
1599.001 0.000000
1599.001 0.000000
1599.001 0.000000
1599.001 0.000000
1599.001 0.000000
1599.001 0.000000
1599.001 0.000400
1599.001 0.000400
1599.001 0.000400
1599.001 0.002200
1599.001 0.002200
1599.001 0.000000
1599.001 0.000000
1599.001 0.000000
1599.001 0.000800
1599.001 0.000000
1599.001 0.000000
1599.001 0.000000
1599.001 0.000000
1599.001 0.000000
1599.001 0.000000
1599.001 0.000000
1599.001 0.000000
1599.001 0.002000
1599.001 0.002000
1599.001 0.000000
1599.001 0.000000
1599.001 0.000000
1599.001 0.002200
1599.001 0.002200
1599.001 0.000000
1599.001 0.000000
1599.001 0.000000
1599.001 0.000000
1599.001 0.000000
1599.001 0.000400
1599.001 0.000400
1599.001 0.000400
1599.001 0.000000
1599.001 0.000000
1599.001 0.000000
1599.001 0.003800
1599.001 0.003800
1599.001 0.000000
1599.001 0.000000
1599.001 0.000000
1599.001 0.001200
1599.001 0.001200
1599.001 0.000000
1599.001 0.000000
1599.001 0.000000
1599.001 0.000000
1599.001 0.000000
1599.001 0.001000
1599.001 0.001000
1599.001 0.001000
1599.001 0.000000
1599.001 0.000000
1599.001 0.000000
1599.001 0.002800
1599.001 0.002800
1599.001 0.000000
1599.001 0.000000
1599.001 0.000000
1599.001 0.000000
1599.001 0.000000
1599.001 0.001200
1599.001 0.001200
1599.001 0.001200
1599.001 0.003200
1599.001 0.003200
1599.001 0.000000
1599.001 0.000000
1599.001 0.000000
1599.001 0.000000
1599.001 0.000000
1599.001 0.000000
1599.001 0.000000
1599.001 0.000000
1599.001 0.000000
1599.001 0.000000
1599.001 0.001200
1599.001 0.001200
1599.001 0.001200
1599.001 0.003200
1599.001 0.003200
1599.001 0.000000
1599.001 0.000000
1599.001 0.000000
1599.001 0.000000
1599.001 0.000000
1599.001 0.000000
1599.001 0.000200
1599.001 0.000200
1599.001 0.000000
1599.001 0.000000
1599.001 0.000000
1599.001 0.003000
1599.001 0.003000
1599.001 0.000000
1599.001 0.000000
1599.001 0.000000
1599.001 0.000000
1599.001 0.000000
1599.001 0.000000
1599.001 0.000800
1599.001 0.000800
1599.001 0.000000
1599.001 0.000000
1599.001 0.000000
1599.001 0.000800
1599.001 0.000800
1599.001 0.000800
1599.001 0.000000
1599.001 0.000000
1599.001 0.000000
1599.001 0.000000
1599.001 0.000000
1599.001 0.002000
1599.001 0.002000
1599.001 0.000000
1599.001 0.000000
1599.001 0.000000
1599.001 0.000000
1599.001 0.000000
1599.001 0.000000
1599.001 0.002400
1599.001 0.002400
1599.001 0.000000
1599.001 0.000000
1599.001 0.000000
1599.001 0.000400
1599.001 0.000400
1599.001 0.000400
1599.001 0.001600
1599.001 0.001600
1599.001 0.000000
1599.001 0.000000
1599.001 0.000000
1599.001 0.001800
1599.001 0.001800
1599.001 0.001800
1599.001 0.000000
1599.001 0.000000
1599.001 0.000000
1599.001 0.000000
1599.001 0.000000
1599.001 0.000000
1599.001 0.000000
1599.001 0.000000
1599.001 0.000000
1599.001 0.000000
1599.001 0.003000
1599.001 0.003000
1599.001 0.000000
1599.001 0.000000
1599.001 0.000000
1599.001 0.002800
1599.001 0.002800
1599.001 0.000000
1599.001 0.000000
1599.001 0.000000
1599.001 0.000000
1599.001 0.000000
1599.001 0.000000
1599.001 0.000800
1599.001 0.000800
1599.001 0.000000
1599.001 0.000000
1599.001 0.000000
1599.001 0.002200
1599.001 0.002200
1599.001 0.000000
1599.001 0.000000
1599.001 0.000000
1599.001 0.000000
1599.001 0.000000
1599.001 0.001600
1599.001 0.001600
1599.001 0.001600
1599.001 0.000000
1599.001 0.000000
1599.001 0.000000
1599.001 0.003400
1599.001 0.003400
1599.001 0.000000
1599.001 0.000000
1599.001 0.000000
1599.001 0.001600
1599.001 0.001600
1599.001 0.001600
1599.001 0.000800
1599.001 0.000800
1599.001 0.000000
1599.001 0.000000
1599.001 0.000000
1599.001 0.000000
1599.001 0.000000
1599.001 0.000000
1599.001 0.002000
1599.001 0.002000
1599.001 0.000000
1599.001 0.000000
1599.001 0.000000
1599.001 0.001400
1599.001 0.001400
1599.001 0.001400
1599.001 0.000000
1599.001 0.000000
1599.001 0.000000
1599.001 0.000000
1599.001 0.000000
1599.001 0.002800
1599.001 0.002800
1599.001 0.000000
1599.001 0.000000
1599.001 0.000000
1599.001 0.000000
1599.001 0.000000
1599.001 0.000000
1599.001 0.000000
1599.001 0.000000
1599.001 0.002400
1599.001 0.002400
1599.001 0.002400
1599.001 0.000400
1599.001 0.000400
1599.001 0.000000
1599.001 0.000000
1599.001 0.000000
1599.001 0.001200
1599.001 0.001200
1599.001 0.001200
1599.001 0.002000
1599.001 0.002000
1599.001 0.000000
1599.001 0.000000
1599.001 0.000000
1600.001 0.000000
1600.001 0.000200
1600.001 0.000200
1600.001 0.000000
1600.001 0.000000
1600.001 0.000000
1600.001 0.000000
1600.001 0.000000
1600.001 0.000000
1600.001 0.000000
1600.001 0.000000
1600.001 0.000000
1600.001 0.000000
1600.001 0.000000
1600.001 0.001600
1600.001 0.001600
1600.001 0.000000
1600.001 0.000000
1600.001 0.000000
1600.001 0.003800
1600.001 0.003800
1600.001 0.000000
1600.001 0.000000
1600.001 0.000000
1600.001 0.000000
1600.001 0.000000
1600.001 0.000000
1600.001 0.002800
1600.001 0.002800
1600.001 0.002800
1600.001 0.002800
1600.001 0.000000
1600.001 0.000000
1600.001 0.000000
1600.001 0.000000
1600.001 0.000000
1600.001 0.000000
1600.001 0.001800
1600.001 0.001800
1600.001 0.000000
1600.001 0.000000
1600.001 0.000000
1600.001 0.002800
1600.001 0.002800
1600.001 0.000000
1600.001 0.000000
1600.001 0.000000
1600.001 0.000800
1600.001 0.000800
1600.001 0.000800
1600.001 0.000000
1600.001 0.000000
1600.001 0.000000
1600.001 0.000000
1600.001 0.000000
1600.001 0.000000
1600.001 0.000000
1600.001 0.002200
1600.001 0.002200
1600.001 0.002200
1600.001 0.003400
1600.001 0.003400
1600.001 0.003400
1600.001 0.000000
1600.001 0.000000
1600.001 0.000000
1600.001 0.000000
1600.001 0.000000
1600.001 0.002200
1600.001 0.002200
1600.001 0.002200
1600.001 0.002200
1600.001 0.002200
1600.001 0.000000
1600.001 0.000000
1600.001 0.000000
1600.001 0.000000
1600.001 0.000000
1600.001 0.001800
1600.001 0.001800
1600.001 0.000000
1600.001 0.000000
1600.001 0.000000
1600.001 0.000400
1600.001 0.000400
1600.001 0.000000
1600.001 0.000000
1600.001 0.000000
1600.001 0.000000
1600.001 0.000000
1600.001 0.000000
1600.001 0.001800
1600.001 0.001800
1600.001 0.000000
1600.001 0.000000
1600.001 0.000000
1600.001 0.002400
1600.001 0.002400
1600.001 0.002400
1600.001 0.000000
1600.001 0.000000
1600.001 0.000000
1600.001 0.000000
1600.001 0.000000
1600.001 0.002200
1600.001 0.002200
1600.001 0.002200
1600.001 0.000000
1600.001 0.000000
1600.001 0.000000
1600.001 0.000000
1600.001 0.000000
1600.001 0.002800
1600.001 0.002800
1600.001 0.000000
1600.001 0.000000
1600.001 0.000000
1600.001 0.000000
1600.001 0.000000
1600.001 0.000000
1600.001 0.003200
1600.001 0.003200
1600.001 0.000000
1600.001 0.000000
1600.001 0.000000
1600.001 0.002400
1600.001 0.002400
1600.001 0.002400
1600.001 0.000000
1600.001 0.000000
1600.001 0.000000
1600.001 0.000000
1600.001 0.000000
1600.001 0.003200
1600.001 0.003200
1600.001 0.000000
1600.001 0.000000
1600.001 0.000000
1600.001 0.001200
1600.001 0.001200
1600.001 0.000000
1600.001 0.000000
1600.001 0.000000
1600.001 0.000000
1600.001 0.000000
1600.001 0.000000
1600.001 0.003600
1600.001 0.003600
1600.001 0.000000
1600.001 0.000000
1600.001 0.000000
1600.001 0.002000
1600.001 0.002000
1600.001 0.000000
1600.001 0.000000
1600.001 0.000000
1600.001 0.000000
1600.001 0.000000
1600.001 0.001400
1600.001 0.001400
1600.001 0.001400
1600.001 0.000000
1600.001 0.000000
1600.001 0.000000
1600.001 0.003200
1600.001 0.003200
1600.001 0.000000
1600.001 0.000000
1600.001 0.000000
1600.001 0.003000
1600.001 0.003000
1600.001 0.000000
1600.001 0.000000
1600.001 0.000000
1600.001 0.000000
1600.001 0.000000
1600.001 0.000000
1600.001 0.000000
1600.001 0.000000
1600.001 0.000200
1600.001 0.000200
1600.001 0.000000
1600.001 0.000000
1600.001 0.000000
1600.001 0.000000
1600.001 0.000000
1600.001 0.000000
1600.001 0.002200
1600.001 0.002200
1600.001 0.000000
1600.001 0.000000
1600.001 0.000000
1600.001 0.002200
1600.001 0.002200
1600.001 0.002200
1600.001 0.000600
1600.001 0.000600
1600.001 0.000000
1600.001 0.000000
1600.001 0.000000
1600.001 0.001800
1600.001 0.001800
1600.001 0.000000
1600.001 0.000000
1600.001 0.000000
1600.001 0.000000
1600.001 0.000000
1600.001 0.000000
1600.001 0.000000
1600.001 0.000000
1600.001 0.000200
1600.001 0.000200
1600.001 0.000200
1600.001 0.001400
1600.001 0.001400
1600.001 0.000000
1600.001 0.000000
1600.001 0.000000
1600.001 0.002400
1600.001 0.002400
1600.001 0.002400
1600.001 0.002400
1600.001 0.002400
1600.001 0.000000
1600.001 0.000000
1600.001 0.000000
1600.001 0.000000
1600.001 0.000000
1600.001 0.000000
1600.001 0.000000
1600.001 0.000000
1600.001 0.001000
1600.001 0.001000
1600.001 0.000000
1600.001 0.000000
1600.001 0.000000
1600.001 0.003000
1600.001 0.003000
1600.001 0.000000
1600.001 0.000000
1600.001 0.000000
1600.001 0.000000
1600.001 0.000000
1600.001 0.000000
1600.001 0.003200
1600.001 0.003200
1600.001 0.000000
1600.001 0.000000
1600.001 0.000000
1600.001 0.001600
1601.000 0.001600
1601.000 0.000000
1601.000 0.000000
1601.000 0.000000
1601.000 0.000000
1601.000 0.000000
1601.000 0.000200
1601.000 0.000200
1601.000 0.000200
1601.000 0.002600
1601.000 0.002600
1601.000 0.002600
1601.000 0.000000
1601.000 0.000000
1601.000 0.000000
1601.000 0.000000
1601.000 0.000000
1601.000 0.000000
1601.000 0.000000
1601.000 0.000000
1601.000 0.000000
1601.000 0.000000
1601.000 0.001800
1601.000 0.001800
1601.000 0.001800
1601.000 0.001800
1601.000 0.000000
1601.000 0.000000
1601.000 0.000000
1601.000 0.000000
1601.000 0.000000
1601.000 0.000000
1601.000 0.001600
1601.000 0.001600
1601.000 0.000000
1601.000 0.000000
1601.000 0.000000
1601.000 0.003000
1601.000 0.003000
1601.000 0.000000
1601.000 0.000000
1601.000 0.000000
1601.000 0.000000
1601.000 0.002200
1601.000 0.002200
1601.000 0.002200
1601.000 0.002600
1601.000 0.002600
1601.000 0.000000
1601.000 0.000000
1601.000 0.000000
1601.000 0.002000
1601.000 0.002000
1601.000 0.000000
1601.000 0.000000
1601.000 0.000000
1601.000 0.000000
1601.000 0.000000
1601.000 0.000000
1601.000 0.000000
1601.000 0.000000
1601.000 0.000000
1601.000 0.000000
1601.000 0.000200
1601.000 0.000200
1601.000 0.000200
1601.000 0.003200
1601.000 0.003200
1601.000 0.000000
1601.000 0.000000
1601.000 0.000000
1601.000 0.000000
1601.000 0.000000
1601.000 0.000000
1601.000 0.000000
1601.000 0.000000
1601.000 0.000000
1601.000 0.000000
1601.000 0.000000
1601.000 0.002200
1601.000 0.002200
1601.000 0.002200
1601.000 0.000000
1601.000 0.000000
1601.000 0.000000
1601.000 0.003400
1601.000 0.003400
1601.000 0.000000
1601.000 0.000000
1601.000 0.000000
1601.000 0.001600
1601.000 0.001600
1601.000 0.001600
1601.000 0.000000
1601.000 0.000000
1601.000 0.000000
1601.000 0.000000
1601.000 0.000000
1601.000 0.001400
1601.000 0.001400
1601.000 0.000000
1601.000 0.000000
1601.000 0.000000
1601.000 0.000000
1601.000 0.000000
1601.000 0.000000
1601.000 0.000000
1601.000 0.000000
1601.000 0.003000
1601.000 0.003000
1601.000 0.003000
1601.000 0.001800
1601.000 0.001800
1601.000 0.001800
1601.000 0.001800
1601.000 0.001800
1601.000 0.000000
1601.000 0.000000
1601.000 0.000000
1601.000 0.000000
1601.000 0.000000
1601.000 0.004400
1601.000 0.004400
1601.000 0.000000
1601.000 0.000000
1601.000 0.000000
1601.000 0.000200
1601.000 0.000200
1601.000 0.000200
1601.000 0.000800
1601.000 0.000800
1601.000 0.000000
1601.000 0.000000
1601.000 0.000000
1601.000 0.001400
1601.000 0.001400
1601.000 0.001400
1601.000 0.001000
1601.000 0.001000
1601.000 0.001000
1601.000 0.000000
1601.000 0.000000
1601.000 0.000000
1601.000 0.000000
1601.000 0.000000
1601.000 0.003600
1601.000 0.003600
1601.000 0.000000
1601.000 0.000000
1601.000 0.000000
1601.000 0.001200
1601.000 0.001200
1601.000 0.000000
1601.000 0.000000
1601.000 0.000000
1601.000 0.000000
1601.000 0.000000
1601.000 0.000000
1601.000 0.000000
1601.000 0.000000
1601.000 0.004200
1601.000 0.004200
1601.000 0.004200
1601.000 0.003600
1601.000 0.003600
1601.000 0.000000
1601.000 0.000000
1601.000 0.000000
1601.000 0.000000
1601.000 0.000000
1601.000 0.000000
1601.000 0.001200
1601.000 0.001200
1601.000 0.000000
1601.000 0.000000
1601.000 0.000000
1601.000 0.002600
1601.000 0.002600
1601.000 0.000000
1601.000 0.000000
1601.000 0.000000
1601.000 0.000000
1601.000 0.000000
1601.000 0.000000
1601.000 0.000200
1601.000 0.000200
1601.000 0.000000
1601.000 0.000000
1601.000 0.000000
1601.000 0.002800
1601.000 0.002800
1601.000 0.002800
1601.000 0.000000
1601.000 0.000000
1601.000 0.000000
1601.000 0.000000
1601.000 0.000000
1601.000 0.001600
1601.000 0.001600
1601.000 0.000000
1601.000 0.000000
1601.000 0.000000
1601.000 0.000000
1601.000 0.001800
1601.000 0.001800
1601.000 0.000000
1601.000 0.000000
1601.000 0.000000
1601.000 0.000000
1601.000 0.000000
1601.000 0.000000
1601.000 0.000000
1601.000 0.000000
1601.000 0.003000
1601.000 0.003000
1601.000 0.003000
1601.000 0.001400
1601.000 0.001400
1601.000 0.000000
1601.000 0.000000
1601.000 0.000000
1601.000 0.002200
1601.000 0.002200
1601.000 0.000000
1601.000 0.000000
1601.000 0.000000
1601.000 0.000000
1601.000 0.000000
1601.000 0.000000
1601.000 0.000000
1601.000 0.000000
1601.000 0.000000
1601.000 0.002600
1601.000 0.002600
1601.000 0.000000
1601.000 0.000000
1601.000 0.000000
1601.000 0.000000
1601.000 0.000000
1601.000 0.000000
1601.000 0.003800
1601.000 0.003800
1601.000 0.000000
1601.000 0.000000
1601.000 0.000000
1601.000 0.004200
1601.000 0.004200
1601.000 0.000000
1601.000 0.000000
1601.000 0.000000
1602.001 0.001000
1602.001 0.000600
1602.001 0.000000
1602.001 0.000000
1602.001 0.000000
1602.001 0.000000
1602.001 0.000000
1602.001 0.000000
1602.001 0.000000
1602.001 0.000000
1602.001 0.001600
1602.001 0.001600
1602.001 0.000000
1602.001 0.000000
1602.001 0.000000
1602.001 0.000000
1602.001 0.000000
1602.001 0.000000
1602.001 0.000000
1602.001 0.000000
1602.001 0.000000
1602.001 0.000000
1602.001 0.000000
1602.001 0.000000
1602.001 0.000000
1602.001 0.003200
1602.001 0.003200
1602.001 0.003200
1602.001 0.000600
1602.001 0.000600
1602.001 0.000000
1602.001 0.000000
1602.001 0.000000
1602.001 0.003400
1602.001 0.003400
1602.001 0.000000
1602.001 0.000000
1602.001 0.000000
1602.001 0.002000
1602.001 0.002000
1602.001 0.000000
1602.001 0.000000
1602.001 0.000000
1602.001 0.003000
1602.001 0.003000
1602.001 0.003000
1602.001 0.000000
1602.001 0.000000
1602.001 0.000000
1602.001 0.000000
1602.001 0.000000
1602.001 0.002600
1602.001 0.002600
1602.001 0.000000
1602.001 0.000000
1602.001 0.000000
1602.001 0.000800
1602.001 0.000800
1602.001 0.000800
1602.001 0.000200
1602.001 0.000200
1602.001 0.000000
1602.001 0.000000
1602.001 0.000000
1602.001 0.001600
1602.001 0.000000
1602.001 0.000000
1602.001 0.000000
1602.001 0.000000
1602.001 0.000000
1602.001 0.000000
1602.001 0.000000
1602.001 0.000000
1602.001 0.002400
1602.001 0.002400
1602.001 0.002400
1602.001 0.000000
1602.001 0.000000
1602.001 0.000000
1602.001 0.000000
1602.001 0.000000
1602.001 0.002200
1602.001 0.002200
1602.001 0.002200
1602.001 0.002200
1602.001 0.002200
1602.001 0.000000
1602.001 0.000000
1602.001 0.000000
1602.001 0.000000
1602.001 0.000000
1602.001 0.001000
1602.001 0.000000
1602.001 0.000000
1602.001 0.000000
1602.001 0.000000
1602.001 0.000000
1602.001 0.000000
1602.001 0.000000
1602.001 0.000000
1602.001 0.000000
1602.001 0.002800
1602.001 0.002800
1602.001 0.000000
1602.001 0.000000
1602.001 0.000000
1602.001 0.001200
1602.001 0.001200
1602.001 0.001200
1602.001 0.001400
1602.001 0.001400
1602.001 0.000000
1602.001 0.000000
1602.001 0.000000
1602.001 0.003000
1602.001 0.003000
1602.001 0.000000
1602.001 0.000000
1602.001 0.000000
1602.001 0.000000
1602.001 0.000000
1602.001 0.000000
1602.001 0.000000
1602.001 0.000000
1602.001 0.000000
1602.001 0.000000
1602.001 0.000000
1602.001 0.003200
1602.001 0.003200
1602.001 0.000000
1602.001 0.000000
1602.001 0.000000
1602.001 0.004000
1602.001 0.004000
1602.001 0.000000
1602.001 0.000000
1602.001 0.000000
1602.001 0.000000
1602.001 0.000000
1602.001 0.000000
1602.001 0.000000
1602.001 0.000000
1602.001 0.001800
1602.001 0.001800
1602.001 0.001800
1602.001 0.000000
1602.001 0.000000
1602.001 0.000000
1602.001 0.000000
1602.001 0.000000
1602.001 0.003400
1602.001 0.003400
1602.001 0.000000
1602.001 0.000000
1602.001 0.000000
1602.001 0.001800
1602.001 0.001800
1602.001 0.001800
1602.001 0.001600
1602.001 0.001600
1602.001 0.000000
1602.001 0.000000
1602.001 0.000000
1602.001 0.003400
1602.001 0.003400
1602.001 0.000000
1602.001 0.000000
1602.001 0.000000
1602.001 0.000000
1602.001 0.000000
1602.001 0.000000
1602.001 0.001600
1602.001 0.001600
1602.001 0.000000
1602.001 0.000000
1602.001 0.000000
1602.001 0.002000
1602.001 0.002000
1602.001 0.000000
1602.001 0.000000
1602.001 0.000000
1602.001 0.000000
1602.001 0.000000
1602.001 0.000000
1602.001 0.000000
1602.001 0.000000
1602.001 0.000000
1602.001 0.000000
1602.001 0.000000
1602.001 0.002600
1602.001 0.002600
1602.001 0.000000
1602.001 0.000000
1602.001 0.000000
1602.001 0.000000
1602.001 0.000000
1602.001 0.000000
1602.001 0.004000
1602.001 0.004000
1602.001 0.004000
1602.001 0.004000
1602.001 0.004000
1602.001 0.000000
1602.001 0.000000
1602.001 0.000000
1602.001 0.000000
1602.001 0.000000
1602.001 0.004400
1602.001 0.004400
1602.001 0.000000
1602.001 0.000000
1602.001 0.000000
1602.001 0.001200
1602.001 0.001200
1602.001 0.001200
1602.001 0.001600
1602.001 0.001600
1602.001 0.000000
1602.001 0.000000
1602.001 0.000000
1602.001 0.002400
1602.001 0.002400
1602.001 0.000000
1602.001 0.000000
1602.001 0.000000
1602.001 0.000000
1602.001 0.000000
1602.001 0.000000
1602.001 0.002000
1602.001 0.002000
1602.001 0.000000
1602.001 0.000000
1602.001 0.000000
1602.001 0.002600
1602.001 0.002600
1602.001 0.000000
1602.001 0.000000
1602.001 0.000000
1602.001 0.000000
1602.001 0.000000
1602.001 0.000000
1602.001 0.000000
1602.001 0.000000
1602.001 0.000000
1602.001 0.000000
1602.001 0.000000
1602.001 0.004000
1602.001 0.004000
1602.001 0.000000
1602.001 0.000000
1603.000 0.000000
1603.000 0.000200
1603.000 0.000000
1603.000 0.000000
1603.000 0.000000
1603.000 0.000000
1603.000 0.000000
1603.000 0.000000
1603.000 0.000000
1603.000 0.000000
1603.000 0.000000
1603.000 0.000000
1603.000 0.000000
1603.000 0.002000
1603.000 0.002000
1603.000 0.000000
1603.000 0.000000
1603.000 0.000000
1603.000 0.002600
1603.000 0.002600
1603.000 0.000000
1603.000 0.000000
1603.000 0.000000
1603.000 0.000000
1603.000 0.000000
1603.000 0.000000
1603.000 0.000000
1603.000 0.000000
1603.000 0.003200
1603.000 0.003200
1603.000 0.000000
1603.000 0.000000
1603.000 0.000000
1603.000 0.003200
1603.000 0.003200
1603.000 0.000000
1603.000 0.000000
1603.000 0.000000
1603.000 0.000000
1603.000 0.000000
1603.000 0.000000
1603.000 0.001600
1603.000 0.001600
1603.000 0.000000
1603.000 0.000000
1603.000 0.000000
1603.000 0.001800
1603.000 0.001800
1603.000 0.000000
1603.000 0.000000
1603.000 0.000000
1603.000 0.000000
1603.000 0.000000
1603.000 0.000000
1603.000 0.000000
1603.000 0.000000
1603.000 0.003600
1603.000 0.003600
1603.000 0.003600
1603.000 0.001400
1603.000 0.001400
1603.000 0.000000
1603.000 0.000000
1603.000 0.000000
1603.000 0.001800
1603.000 0.000000
1603.000 0.000000
1603.000 0.000000
1603.000 0.000000
1603.000 0.000000
1603.000 0.000000
1603.000 0.000000
1603.000 0.000000
1603.000 0.000000
1603.000 0.000000
1603.000 0.000400
1603.000 0.000400
1603.000 0.000000
1603.000 0.000000
1603.000 0.000000
1603.000 0.000000
1603.000 0.000000
1603.000 0.000000
1603.000 0.001600
1603.000 0.001600
1603.000 0.000000
1603.000 0.000000
1603.000 0.000000
1603.000 0.001800
1603.000 0.001800
1603.000 0.001800
1603.000 0.000200
1603.000 0.000200
1603.000 0.000000
1603.000 0.000000
1603.000 0.000000
1603.000 0.002400
1603.000 0.002400
1603.000 0.000000
1603.000 0.000000
1603.000 0.000000
1603.000 0.000000
1603.000 0.000000
1603.000 0.000000
1603.000 0.000000
1603.000 0.000000
1603.000 0.001400
1603.000 0.001400
1603.000 0.001400
1603.000 0.000000
1603.000 0.000000
1603.000 0.000000
1603.000 0.000000
1603.000 0.000000
1603.000 0.003200
1603.000 0.003200
1603.000 0.000000
1603.000 0.000000
1603.000 0.000000
1603.000 0.000000
1603.000 0.000000
1603.000 0.000000
1603.000 0.001600
1603.000 0.001600
1603.000 0.000000
1603.000 0.000000
1603.000 0.000000
1603.000 0.003600
1603.000 0.003600
1603.000 0.000000
1603.000 0.000000
1603.000 0.000000
1603.000 0.001400
1603.000 0.001400
1603.000 0.001400
1603.000 0.002200
1603.000 0.002200
1603.000 0.000000
1603.000 0.000000
1603.000 0.000000
1603.000 0.001200
1603.000 0.001200
1603.000 0.001200
1603.000 0.001200
1603.000 0.001200
1603.000 0.000000
1603.000 0.000000
1603.000 0.000000
1603.000 0.000000
1603.000 0.000000
1603.000 0.001000
1603.000 0.001000
1603.000 0.001000
1603.000 0.000800
1603.000 0.000800
1603.000 0.000800
1603.000 0.000800
1603.000 0.000000
1603.000 0.000000
1603.000 0.000000
1603.000 0.000000
1603.000 0.000000
1603.000 0.000000
1603.000 0.003400
1603.000 0.003400
1603.000 0.000000
1603.000 0.000000
1603.000 0.000000
1603.000 0.002000
1603.000 0.002000
1603.000 0.002000
1603.000 0.000000
1603.000 0.000000
1603.000 0.000000
1603.000 0.000000
1603.000 0.000000
1603.000 0.001400
1603.000 0.001400
1603.000 0.000000
1603.000 0.000000
1603.000 0.000000
1603.000 0.000000
1603.000 0.000000
1603.000 0.000000
1603.000 0.002000
1603.000 0.002000
1603.000 0.000000
1603.000 0.000000
1603.000 0.000000
1603.000 0.002800
1603.000 0.002800
1603.000 0.000000
1603.000 0.000000
1603.000 0.000000
1603.000 0.000000
1603.000 0.000000
1603.000 0.000000
1603.000 0.001800
1603.000 0.001800
1603.000 0.000000
1603.000 0.000000
1603.000 0.000000
1603.000 0.001200
1603.000 0.001200
1603.000 0.001200
1603.000 0.000000
1603.000 0.000000
1603.000 0.000000
1603.000 0.000000
1603.000 0.000000
1603.000 0.002000
1603.000 0.002000
1603.000 0.000000
1603.000 0.000000
1603.000 0.000000
1603.000 0.000000
1603.000 0.000000
1603.000 0.000000
1603.000 0.003600
1603.000 0.003600
1603.000 0.000000
1603.000 0.000000
1603.000 0.000000
1603.000 0.004000
1603.000 0.004000
1603.000 0.000000
1603.000 0.000000
1603.000 0.000000
1603.000 0.000000
1603.000 0.000000
1603.000 0.000000
1603.000 0.000000
1603.000 0.000000
1603.000 0.000000
1603.000 0.000000
1603.000 0.000000
1603.000 0.001800
1603.000 0.001800
1603.000 0.000000
1603.000 0.000000
1603.000 0.000000
1603.000 0.001800
1603.000 0.001800
1603.000 0.000000
1603.000 0.000000
1603.000 0.000000
1603.000 0.000000
1603.000 0.000000
1603.000 0.000000
1603.000 0.002200
1604.000 0.002200
1604.000 0.000400
1604.000 0.000000
1604.000 0.000000
1604.000 0.000000
1604.000 0.000000
1604.000 0.000000
1604.000 0.001800
1604.000 0.001800
1604.000 0.000000
1604.000 0.000000
1604.000 0.000000
1604.000 0.000000
1604.000 0.000000
1604.000 0.000000
1604.000 0.003200
1604.000 0.003200
1604.000 0.000000
1604.000 0.000000
1604.000 0.000000
1604.000 0.002000
1604.000 0.002000
1604.000 0.002000
1604.000 0.000000
1604.000 0.000000
1604.000 0.000000
1604.000 0.000000
1604.000 0.000000
1604.000 0.003200
1604.000 0.003200
1604.000 0.000000
1604.000 0.000000
1604.000 0.000000
1604.000 0.000600
1604.000 0.000600
1604.000 0.000000
1604.000 0.000000
1604.000 0.000000
1604.000 0.000000
1604.000 0.000000
1604.000 0.000000
1604.000 0.003000
1604.000 0.003000
1604.000 0.000000
1604.000 0.000000
1604.000 0.000000
1604.000 0.001200
1604.000 0.001200
1604.000 0.001200
1604.000 0.000600
1604.000 0.000600
1604.000 0.000000
1604.000 0.000000
1604.000 0.000000
1604.000 0.002800
1604.000 0.002800
1604.000 0.000000
1604.000 0.000000
1604.000 0.000000
1604.000 0.000000
1604.000 0.000000
1604.000 0.000000
1604.000 0.000600
1604.000 0.000600
1604.000 0.000000
1604.000 0.000000
1604.000 0.000000
1604.000 0.001800
1604.000 0.001800
1604.000 0.000000
1604.000 0.000000
1604.000 0.000000
1604.000 0.000000
1604.000 0.000000
1604.000 0.000000
1604.000 0.003200
1604.000 0.003200
1604.000 0.000000
1604.000 0.000000
1604.000 0.000000
1604.000 0.002200
1604.000 0.002200
1604.000 0.000000
1604.000 0.000000
1604.000 0.000000
1604.000 0.000000
1604.000 0.000000
1604.000 0.000000
1604.000 0.002800
1604.000 0.002800
1604.000 0.000000
1604.000 0.000000
1604.000 0.000000
1604.000 0.001600
1604.000 0.001600
1604.000 0.001600
1604.000 0.001800
1604.000 0.001800
1604.000 0.000000
1604.000 0.000000
1604.000 0.000000
1604.000 0.001400
1604.000 0.000000
1604.000 0.000000
1604.000 0.000000
1604.000 0.000000
1604.000 0.000000
1604.000 0.000000
1604.000 0.000000
1604.000 0.000000
1604.000 0.002800
1604.000 0.002800
1604.000 0.000000
1604.000 0.000000
1604.000 0.000000
1604.000 0.002400
1604.000 0.002400
1604.000 0.000000
1604.000 0.000000
1604.000 0.000000
1604.000 0.000200
1604.000 0.000200
1604.000 0.000200
1604.000 0.000000
1604.000 0.000000
1604.000 0.000000
1604.000 0.000000
1604.000 0.000000
1604.000 0.003400
1604.000 0.003400
1604.000 0.000000
1604.000 0.000000
1604.000 0.000000
1604.000 0.000000
1604.000 0.000000
1604.000 0.000000
1604.000 0.002400
1604.000 0.002400
1604.000 0.000000
1604.000 0.000000
1604.000 0.000000
1604.000 0.001200
1604.000 0.001200
1604.000 0.000000
1604.000 0.000000
1604.000 0.000000
1604.000 0.000000
1604.000 0.000000
1604.000 0.000000
1604.000 0.003000
1604.000 0.003000
1604.000 0.000000
1604.000 0.000000
1604.000 0.000000
1604.000 0.000000
1604.000 0.000000
1604.000 0.000000
1604.000 0.000000
1604.000 0.000000
1604.000 0.000000
1604.000 0.000000
1604.000 0.000000
1604.000 0.000000
1604.000 0.000000
1604.000 0.000800
1604.000 0.000800
1604.000 0.000800
1604.000 0.000000
1604.000 0.000000
1604.000 0.000000
1604.000 0.000000
1604.000 0.000000
1604.000 0.003200
1604.000 0.003200
1604.000 0.000000
1604.000 0.000000
1604.000 0.000000
1604.000 0.000000
1604.000 0.000000
1604.000 0.000000
1604.000 0.003400
1604.000 0.003400
1604.000 0.000000
1604.000 0.000000
1604.000 0.000000
1604.000 0.001000
1604.000 0.001000
1604.000 0.001000
1604.000 0.000000
1604.000 0.000000
1604.000 0.000000
1604.000 0.000000
1604.000 0.000000
1604.000 0.002800
1604.000 0.002800
1604.000 0.002800
1604.000 0.002800
1604.000 0.002800
1604.000 0.000000
1604.000 0.000000
1604.000 0.000000
1604.000 0.000000
1604.000 0.000000
1604.000 0.002000
1604.000 0.002000
1604.000 0.002000
1604.000 0.000000
1604.000 0.000000
1604.000 0.000000
1604.000 0.000000
1604.000 0.000000
1604.000 0.000000
1604.000 0.000000
1604.000 0.002200
1604.000 0.002200
1604.000 0.002200
1604.000 0.002200
1604.000 0.002200
1604.000 0.002200
1604.000 0.000000
1604.000 0.000000
1604.000 0.000000
1604.000 0.000000
1604.000 0.000000
1604.000 0.002400
1604.000 0.002400
1604.000 0.002400
1604.000 0.002400
1604.000 0.002400
1604.000 0.000000
1604.000 0.000000
1604.000 0.000000
1604.000 0.000000
1604.000 0.000000
1604.000 0.000600
1604.000 0.000600
1604.000 0.000600
1604.000 0.001000
1604.000 0.001000
1604.000 0.000000
1604.000 0.000000
1604.000 0.000000
1604.000 0.003200
1604.000 0.003200
1604.000 0.000000
1604.000 0.000000
1604.000 0.000000
1604.000 0.000000
1604.000 0.000000
1604.000 0.000000
1605.001 0.001200
1605.001 0.000400
1605.001 0.000400
1605.001 0.000400
1605.001 0.000200
1605.001 0.000200
1605.001 0.000200
1605.001 0.003400
1605.001 0.003400
1605.001 0.000000
1605.001 0.000000
1605.001 0.000000
1605.001 0.001200
1605.001 0.001200
1605.001 0.001200
1605.001 0.000000
1605.001 0.000000
1605.001 0.000000
1605.001 0.000000
1605.001 0.000000
1605.001 0.002400
1605.001 0.002400
1605.001 0.000000
1605.001 0.000000
1605.001 0.000000
1605.001 0.000000
1605.001 0.000000
1605.001 0.000000
1605.001 0.000000
1605.001 0.000000
1605.001 0.000000
1605.001 0.000000
1605.001 0.000000
1605.001 0.002200
1605.001 0.002200
1605.001 0.000000
1605.001 0.000000
1605.001 0.000000
1605.001 0.000000
1605.001 0.000000
1605.001 0.000000
1605.001 0.002600
1605.001 0.002600
1605.001 0.000000
1605.001 0.000000
1605.001 0.000000
1605.001 0.001600
1605.001 0.001600
1605.001 0.000000
1605.001 0.000000
1605.001 0.000000
1605.001 0.000000
1605.001 0.000000
1605.001 0.000000
1605.001 0.001600
1605.001 0.001600
1605.001 0.000000
1605.001 0.000000
1605.001 0.000000
1605.001 0.004000
1605.001 0.004000
1605.001 0.004000
1605.001 0.004000
1605.001 0.004000
1605.001 0.000000
1605.001 0.000000
1605.001 0.000000
1605.001 0.000000
1605.001 0.000000
1605.001 0.003000
1605.001 0.003000
1605.001 0.003000
1605.001 0.000000
1605.001 0.000000
1605.001 0.000000
1605.001 0.000000
1605.001 0.000000
1605.001 0.002600
1605.001 0.002600
1605.001 0.000000
1605.001 0.000000
1605.001 0.000000
1605.001 0.000000
1605.001 0.000000
1605.001 0.000000
1605.001 0.002800
1605.001 0.002800
1605.001 0.000000
1605.001 0.000000
1605.001 0.000000
1605.001 0.002000
1605.001 0.002000
1605.001 0.000000
1605.001 0.000000
1605.001 0.000000
1605.001 0.000000
1605.001 0.000000
1605.001 0.000000
1605.001 0.002800
1605.001 0.002800
1605.001 0.000000
1605.001 0.000000
1605.001 0.000000
1605.001 0.002600
1605.001 0.002600
1605.001 0.000000
1605.001 0.000000
1605.001 0.000000
1605.001 0.000000
1605.001 0.002400
1605.001 0.002400
1605.001 0.002400
1605.001 0.003200
1605.001 0.000000
1605.001 0.000000
1605.001 0.000000
1605.001 0.000000
1605.001 0.000000
1605.001 0.000000
1605.001 0.000000
1605.001 0.002200
1605.001 0.002200
1605.001 0.002200
1605.001 0.003600
1605.001 0.003600
1605.001 0.000000
1605.001 0.000000
1605.001 0.000000
1605.001 0.002200
1605.001 0.002200
1605.001 0.002200
1605.001 0.000000
1605.001 0.000000
1605.001 0.000000
1605.001 0.000000
1605.001 0.000000
1605.001 0.002000
1605.001 0.002000
1605.001 0.000000
1605.001 0.000000
1605.001 0.000000
1605.001 0.000000
1605.001 0.001200
1605.001 0.001200
1605.001 0.000000
1605.001 0.000000
1605.001 0.000000
1605.001 0.000000
1605.001 0.000000
1605.001 0.000000
1605.001 0.002400
1605.001 0.002400
1605.001 0.000000
1605.001 0.000000
1605.001 0.000000
1605.001 0.003400
1605.001 0.003400
1605.001 0.000000
1605.001 0.000000
1605.001 0.000000
1605.001 0.000000
1605.001 0.000000
1605.001 0.000000
1605.001 0.003200
1605.001 0.003200
1605.001 0.000000
1605.001 0.000000
1605.001 0.000000
1605.001 0.002400
1605.001 0.002400
1605.001 0.000000
1605.001 0.000000
1605.001 0.000000
1605.001 0.000000
1605.001 0.000000
1605.001 0.000000
1605.001 0.000000
1605.001 0.000000
1605.001 0.000000
1605.001 0.000000
1605.001 0.000000
1605.001 0.003200
1605.001 0.003200
1605.001 0.000000
1605.001 0.000000
1605.001 0.000000
1605.001 0.001800
1605.001 0.001800
1605.001 0.001800
1605.001 0.000000
1605.001 0.000000
1605.001 0.000000
1605.001 0.000000
1605.001 0.000000
1605.001 0.002600
1605.001 0.002600
1605.001 0.000000
1605.001 0.000000
1605.001 0.000000
1605.001 0.000000
1605.001 0.000000
1605.001 0.000000
1605.001 0.000800
1605.001 0.000800
1605.001 0.000000
1605.001 0.000000
1605.001 0.000000
1605.001 0.002800
1605.001 0.002800
1605.001 0.002800
1605.001 0.002800
1605.001 0.002800
1605.001 0.000000
1605.001 0.000000
1605.001 0.000000
1605.001 0.000000
1605.001 0.000000
1605.001 0.000000
1605.001 0.000000
1605.001 0.000000
1605.001 0.000000
1605.001 0.000000
1605.001 0.003800
1605.001 0.003800
1605.001 0.000000
1605.001 0.000000
1605.001 0.000000
1605.001 0.000200
1605.001 0.000200
1605.001 0.000200
1605.001 0.000800
1605.001 0.000800
1605.001 0.000000
1605.001 0.000000
1605.001 0.000000
1605.001 0.001800
1605.001 0.001800
1605.001 0.000000
1605.001 0.000000
1605.001 0.000000
1605.001 0.000000
1605.001 0.000000
1605.001 0.001000
1605.001 0.001000
1605.001 0.001000
1605.001 0.000000
1605.001 0.000000
1605.001 0.000000
1605.001 0.003200
1605.001 0.003200
1606.001 0.000000
1606.001 0.000000
1606.001 0.000000
1606.001 0.000000
1606.001 0.000000
1606.001 0.000000
1606.001 0.000000
1606.001 0.000000
1606.001 0.000000
1606.001 0.000000
1606.001 0.000000
1606.001 0.001600
1606.001 0.001600
1606.001 0.001600
1606.001 0.000000
1606.001 0.000000
1606.001 0.000000
1606.001 0.000000
1606.001 0.000000
1606.001 0.003000
1606.001 0.003000
1606.001 0.000000
1606.001 0.000000
1606.001 0.000000
1606.001 0.000000
1606.001 0.000000
1606.001 0.000000
1606.001 0.000000
1606.001 0.000000
1606.001 0.000000
1606.001 0.000000
1606.001 0.001400
1606.001 0.001400
1606.001 0.001400
1606.001 0.004000
1606.001 0.004000
1606.001 0.000000
1606.001 0.000000
1606.001 0.000000
1606.001 0.000000
1606.001 0.000000
1606.001 0.000000
1606.001 0.000000
1606.001 0.000000
1606.001 0.000000
1606.001 0.000000
1606.001 0.001600
1606.001 0.001600
1606.001 0.001600
1606.001 0.000000
1606.001 0.000000
1606.001 0.000000
1606.001 0.004000
1606.001 0.004000
1606.001 0.000000
1606.001 0.000000
1606.001 0.000000
1606.001 0.001400
1606.001 0.001400
1606.001 0.001400
1606.001 0.000000
1606.001 0.000000
1606.001 0.000000
1606.001 0.000000
1606.001 0.000000
1606.001 0.002800
1606.001 0.002800
1606.001 0.000000
1606.001 0.000000
1606.001 0.000000
1606.001 0.002000
1606.001 0.002000
1606.001 0.000000
1606.001 0.000000
1606.001 0.000000
1606.001 0.000000
1606.001 0.000000
1606.001 0.000000
1606.001 0.002400
1606.001 0.002400
1606.001 0.000000
1606.001 0.000000
1606.001 0.000000
1606.001 0.002400
1606.001 0.002400
1606.001 0.000000
1606.001 0.000000
1606.001 0.000000
1606.001 0.000000
1606.001 0.000000
1606.001 0.000000
1606.001 0.000400
1606.001 0.000400
1606.001 0.000000
1606.001 0.000000
1606.001 0.000000
1606.001 0.001600
1606.001 0.001600
1606.001 0.000000
1606.001 0.000000
1606.001 0.000000
1606.001 0.000000
1606.001 0.000000
1606.001 0.000000
1606.001 0.001600
1606.001 0.001600
1606.001 0.000000
1606.001 0.000000
1606.001 0.000000
1606.001 0.002800
1606.001 0.002800
1606.001 0.002800
1606.001 0.000200
1606.001 0.000200
1606.001 0.000000
1606.001 0.000000
1606.001 0.000000
1606.001 0.002800
1606.001 0.002800
1606.001 0.002800
1606.001 0.000200
1606.001 0.000200
1606.001 0.000000
1606.001 0.000000
1606.001 0.000000
1606.001 0.002600
1606.001 0.002600
1606.001 0.000000
1606.001 0.000000
1606.001 0.000000
1606.001 0.000000
1606.001 0.000000
1606.001 0.000000
1606.001 0.003000
1606.001 0.003000
1606.001 0.000000
1606.001 0.000000
1606.001 0.000000
1606.001 0.000000
1606.001 0.000000
1606.001 0.000000
1606.001 0.003000
1606.001 0.003000
1606.001 0.000000
1606.001 0.000000
1606.001 0.000000
1606.001 0.002400
1606.001 0.002400
1606.001 0.002400
1606.001 0.000000
1606.001 0.000000
1606.001 0.000000
1606.001 0.000000
1606.001 0.000000
1606.001 0.002400
1606.001 0.002400
1606.001 0.000000
1606.001 0.000000
1606.001 0.000000
1606.001 0.000000
1606.001 0.000000
1606.001 0.000000
1606.001 0.001200
1606.001 0.001200
1606.001 0.000000
1606.001 0.000000
1606.001 0.000000
1606.001 0.001600
1606.001 0.001600
1606.001 0.001600
1606.001 0.000000
1606.001 0.000000
1606.001 0.000000
1606.001 0.000000
1606.001 0.000000
1606.001 0.000000
1606.001 0.000000
1606.001 0.000000
1606.001 0.000000
1606.001 0.000000
1606.001 0.000000
1606.001 0.000000
1606.001 0.002400
1606.001 0.002400
1606.001 0.000000
1606.001 0.000000
1606.001 0.000000
1606.001 0.001600
1606.001 0.001600
1606.001 0.001600
1606.001 0.000000
1606.001 0.000000
1606.001 0.000000
1606.001 0.000000
1606.001 0.000000
1606.001 0.004400
1606.001 0.004400
1606.001 0.000000
1606.001 0.000000
1606.001 0.000000
1606.001 0.000000
1606.001 0.000000
1606.001 0.000000
1606.001 0.002400
1606.001 0.002400
1606.001 0.000000
1606.001 0.000000
1606.001 0.000000
1606.001 0.003200
1606.001 0.003200
1606.001 0.000000
1606.001 0.000000
1606.001 0.000000
1606.001 0.001400
1606.001 0.001400
1606.001 0.001400
1606.001 0.000600
1606.001 0.000600
1606.001 0.000000
1606.001 0.000000
1606.001 0.000000
1606.001 0.001600
1606.001 0.001200
1606.001 0.001200
1606.001 0.000000
1606.001 0.000000
1606.001 0.000000
1606.001 0.000000
1606.001 0.000000
1606.001 0.000000
1606.001 0.002200
1606.001 0.002200
1606.001 0.000000
1606.001 0.000000
1606.001 0.000000
1606.001 0.004200
1606.001 0.004200
1606.001 0.000000
1606.001 0.000000
1606.001 0.000000
1606.001 0.000000
1606.001 0.000000
1606.001 0.000000
1606.001 0.001200
1606.001 0.001200
1606.001 0.000000
1606.001 0.000000
1606.001 0.000000
1606.001 0.001000
1606.001 0.001000
1607.000 0.001000
1607.000 0.000200
1607.000 0.000200
1607.000 0.000200
1607.000 0.000200
1607.000 0.000200
1607.000 0.000200
1607.000 0.000000
1607.000 0.000000
1607.000 0.000000
1607.000 0.000000
1607.000 0.000000
1607.000 0.002000
1607.000 0.002000
1607.000 0.002000
1607.000 0.004000
1607.000 0.004000
1607.000 0.004000
1607.000 0.003000
1607.000 0.003000
1607.000 0.003000
1607.000 0.000000
1607.000 0.000000
1607.000 0.000000
1607.000 0.000000
1607.000 0.000000
1607.000 0.003200
1607.000 0.003200
1607.000 0.003200
1607.000 0.000000
1607.000 0.000000
1607.000 0.000000
1607.000 0.000000
1607.000 0.000000
1607.000 0.001600
1607.000 0.001600
1607.000 0.001600
1607.000 0.001200
1607.000 0.001200
1607.000 0.000000
1607.000 0.000000
1607.000 0.000000
1607.000 0.000000
1607.000 0.000000
1607.000 0.000000
1607.000 0.000800
1607.000 0.000800
1607.000 0.000000
1607.000 0.000000
1607.000 0.000000
1607.000 0.002000
1607.000 0.002000
1607.000 0.002000
1607.000 0.000800
1607.000 0.000800
1607.000 0.000000
1607.000 0.000000
1607.000 0.000000
1607.000 0.002000
1607.000 0.002000
1607.000 0.002000
1607.000 0.002400
1607.000 0.002400
1607.000 0.000000
1607.000 0.000000
1607.000 0.000000
1607.000 0.000000
1607.000 0.000000
1607.000 0.000000
1607.000 0.001400
1607.000 0.001400
1607.000 0.000000
1607.000 0.000000
1607.000 0.000000
1607.000 0.003400
1607.000 0.003400
1607.000 0.000000
1607.000 0.000000
1607.000 0.000000
1607.000 0.000600
1607.000 0.000600
1607.000 0.000600
1607.000 0.000000
1607.000 0.000000
1607.000 0.000000
1607.000 0.000000
1607.000 0.000000
1607.000 0.003000
1607.000 0.003000
1607.000 0.000000
1607.000 0.000000
1607.000 0.000000
1607.000 0.000000
1607.000 0.000000
1607.000 0.000000
1607.000 0.003000
1607.000 0.003000
1607.000 0.000000
1607.000 0.000000
1607.000 0.000000
1607.000 0.002600
1607.000 0.002600
1607.000 0.002600
1607.000 0.000000
1607.000 0.000000
1607.000 0.000000
1607.000 0.000000
1607.000 0.000000
1607.000 0.001400
1607.000 0.001400
1607.000 0.001400
1607.000 0.001600
1607.000 0.001600
1607.000 0.001600
1607.000 0.000000
1607.000 0.000000
1607.000 0.000000
1607.000 0.000000
1607.000 0.000000
1607.000 0.000000
1607.000 0.000000
1607.000 0.000000
1607.000 0.002200
1607.000 0.002200
1607.000 0.002200
1607.000 0.000000
1607.000 0.000000
1607.000 0.000000
1607.000 0.000000
1607.000 0.000000
1607.000 0.000000
1607.000 0.000000
1607.000 0.000000
1607.000 0.001000
1607.000 0.001000
1607.000 0.001000
1607.000 0.001800
1607.000 0.001800
1607.000 0.001800
1607.000 0.002800
1607.000 0.002800
1607.000 0.002800
1607.000 0.000000
1607.000 0.000000
1607.000 0.000000
1607.000 0.000000
1607.000 0.000000
1607.000 0.000000
1607.000 0.000000
1607.000 0.000000
1607.000 0.002800
1607.000 0.002800
1607.000 0.002800
1607.000 0.002400
1607.000 0.002400
1607.000 0.002400
1607.000 0.000000
1607.000 0.000000
1607.000 0.000000
1607.000 0.000000
1607.000 0.000000
1607.000 0.000000
1607.000 0.000000
1607.000 0.000000
1607.000 0.000000
1607.000 0.000000
1607.000 0.000000
1607.000 0.000000
1607.000 0.000000
1607.000 0.000000
1607.000 0.000000
1607.000 0.000000
1607.000 0.000000
1607.000 0.000000
1607.000 0.000000
1607.000 0.000400
1607.000 0.000400
1607.000 0.000400
1607.000 0.003000
1607.000 0.003000
1607.000 0.003000
1607.000 0.003400
1607.000 0.003400
1607.000 0.003400
1607.000 0.003400
1607.000 0.003400
1607.000 0.000800
1607.000 0.000800
1607.000 0.000800
1607.000 0.000800
1607.000 0.000800
1607.000 0.000800
1607.000 0.003200
1607.000 0.003200
1607.000 0.000800
1607.000 0.000800
1607.000 0.000800
1607.000 0.002000
1607.000 0.002000
1607.000 0.002000
1607.000 0.001600
1607.000 0.001600
1607.000 0.001600
1607.000 0.000800
1607.000 0.000800
1607.000 0.000000
1607.000 0.000000
1607.000 0.000000
1607.000 0.000000
1607.000 0.000000
1607.000 0.000000
1607.000 0.002400
1607.000 0.002400
1607.000 0.000000
1607.000 0.000000
1607.000 0.000000
1607.000 0.000800
1607.000 0.000800
1607.000 0.000800
1607.000 0.000000
1607.000 0.000000
1607.000 0.000000
1607.000 0.000000
1607.000 0.000000
1607.000 0.002400
1607.000 0.002400
1607.000 0.000000
1607.000 0.000000
1607.000 0.000000
1607.000 0.000000
1607.000 0.000000
1607.000 0.000000
1607.000 0.002800
1607.000 0.002800
1607.000 0.000000
1607.000 0.000000
1607.000 0.000000
1607.000 0.000000
1607.000 0.000000
1607.000 0.000000
1607.000 0.003200
1607.000 0.003200
1607.000 0.000000
1607.000 0.000000
1607.000 0.000000
1607.000 0.000000
1607.000 0.000000
1607.000 0.000000
1607.000 0.000000
1607.000 0.000000
1608.001 0.001800
1608.001 0.000200
1608.001 0.000200
1608.001 0.000000
1608.001 0.000000
1608.001 0.000000
1608.001 0.000000
1608.001 0.000000
1608.001 0.000000
1608.001 0.001200
1608.001 0.001200
1608.001 0.000000
1608.001 0.000000
1608.001 0.000000
1608.001 0.002800
1608.001 0.002800
1608.001 0.002800
1608.001 0.000000
1608.001 0.000000
1608.001 0.000000
1608.001 0.000000
1608.001 0.000000
1608.001 0.000800
1608.001 0.000800
1608.001 0.000800
1608.001 0.003200
1608.001 0.003200
1608.001 0.003200
1608.001 0.000000
1608.001 0.000000
1608.001 0.000000
1608.001 0.000000
1608.001 0.000000
1608.001 0.000000
1608.001 0.000000
1608.001 0.000000
1608.001 0.002600
1608.001 0.002600
1608.001 0.001400
1608.001 0.001400
1608.001 0.001400
1608.001 0.002600
1608.001 0.002600
1608.001 0.002600
1608.001 0.001000
1608.001 0.001000
1608.001 0.000000
1608.001 0.000000
1608.001 0.000000
1608.001 0.000800
1608.001 0.000800
1608.001 0.000800
1608.001 0.001600
1608.001 0.001600
1608.001 0.000000
1608.001 0.000000
1608.001 0.000000
1608.001 0.002200
1608.001 0.002200
1608.001 0.002200
1608.001 0.002000
1608.001 0.002000
1608.001 0.000000
1608.001 0.000000
1608.001 0.000000
1608.001 0.000000
1608.001 0.000000
1608.001 0.000000
1608.001 0.002800
1608.001 0.002800
1608.001 0.000000
1608.001 0.000000
1608.001 0.000000
1608.001 0.002600
1608.001 0.002600
1608.001 0.002600
1608.001 0.000000
1608.001 0.000000
1608.001 0.000000
1608.001 0.000000
1608.001 0.000000
1608.001 0.001600
1608.001 0.001600
1608.001 0.001600
1608.001 0.000000
1608.001 0.000000
1608.001 0.000000
1608.001 0.000000
1608.001 0.000000
1608.001 0.002400
1608.001 0.002400
1608.001 0.000000
1608.001 0.000000
1608.001 0.000000
1608.001 0.000000
1608.001 0.000000
1608.001 0.000000
1608.001 0.001800
1608.001 0.001800
1608.001 0.000000
1608.001 0.000000
1608.001 0.000000
1608.001 0.002400
1608.001 0.002400
1608.001 0.000000
1608.001 0.000000
1608.001 0.000000
1608.001 0.000000
1608.001 0.000000
1608.001 0.000000
1608.001 0.003200
1608.001 0.003200
1608.001 0.003200
1608.001 0.000000
1608.001 0.000000
1608.001 0.000000
1608.001 0.000000
1608.001 0.000000
1608.001 0.000000
1608.001 0.000000
1608.001 0.000000
1608.001 0.003000
1608.001 0.003000
1608.001 0.003000
1608.001 0.000000
1608.001 0.000000
1608.001 0.000000
1608.001 0.000000
1608.001 0.000000
1608.001 0.001200
1608.001 0.001200
1608.001 0.001200
1608.001 0.000200
1608.001 0.000200
1608.001 0.000000
1608.001 0.000000
1608.001 0.000000
1608.001 0.002600
1608.001 0.002600
1608.001 0.000000
1608.001 0.000000
1608.001 0.002200
1608.001 0.002200
1608.001 0.002200
1608.001 0.003400
1608.001 0.003400
1608.001 0.003400
1608.001 0.003800
1608.001 0.003800
1608.001 0.003800
1608.001 0.000600
1608.001 0.000600
1608.001 0.000600
1608.001 0.000000
1608.001 0.000000
1608.001 0.000000
1608.001 0.000000
1608.001 0.000000
1608.001 0.001600
1608.001 0.001600
1608.001 0.000000
1608.001 0.000000
1608.001 0.000000
1608.001 0.000000
1608.001 0.000000
1608.001 0.000000
1608.001 0.003200
1608.001 0.003200
1608.001 0.000000
1608.001 0.000000
1608.001 0.000000
1608.001 0.000000
1608.001 0.000000
1608.001 0.001800
1608.001 0.001800
1608.001 0.001800
1608.001 0.003400
1608.001 0.003400
1608.001 0.000000
1608.001 0.000000
1608.001 0.000000
1608.001 0.001400
1608.001 0.001400
1608.001 0.001400
1608.001 0.001400
1608.001 0.001400
1608.001 0.001600
1608.001 0.001600
1608.001 0.001600
1608.001 0.002400
1608.001 0.002400
1608.001 0.000000
1608.001 0.000000
1608.001 0.000000
1608.001 0.002600
1608.001 0.002600
1608.001 0.000000
1608.001 0.000000
1608.001 0.000000
1608.001 0.000000
1608.001 0.000000
1608.001 0.000000
1608.001 0.003000
1608.001 0.003000
1608.001 0.000000
1608.001 0.000000
1608.001 0.000000
1608.001 0.000000
1608.001 0.000000
1608.001 0.001400
1608.001 0.001400
1608.001 0.001400
1608.001 0.000000
1608.001 0.000000
1608.001 0.000000
1608.001 0.003000
1608.001 0.003000
1608.001 0.003000
1608.001 0.000000
1608.001 0.000000
1608.001 0.000000
1608.001 0.000000
1608.001 0.000000
1608.001 0.002600
1608.001 0.002600
1608.001 0.002600
1608.001 0.000000
1608.001 0.000000
1608.001 0.000000
1608.001 0.000000
1608.001 0.000000
1608.001 0.002000
1608.001 0.002000
1608.001 0.000000
1608.001 0.000000
1608.001 0.000000
1608.001 0.000000
1608.001 0.000000
1608.001 0.000000
1608.001 0.003600
1608.001 0.003600
1608.001 0.000000
1608.001 0.000000
1608.001 0.000000
1608.001 0.002200
1608.001 0.000000
1608.001 0.000000
1608.001 0.000000
1608.001 0.000000
1608.001 0.000000
