domain_index,orientation,z_start_um,z_end_um,length_um
0.0,1.0,0.0,14.98028729084566,14.98028729084566
1.0,-1.0,14.98028729084566,15.50037043769857,0.5200831468529099
2.0,1.0,15.50037043769857,16.03539434713369,0.5350239094351199
3.0,-1.0,16.03539434713369,31.00074087539714,14.96534652826345
4.0,1.0,31.00074087539714,44.406236258516095,13.405495383118957
5.0,-1.0,44.406236258516095,46.501111313095706,2.09487505457961
6.0,1.0,46.501111313095706,48.10266139761251,1.601550084516802
7.0,-1.0,48.10266139761251,62.00148175079428,13.898820353181769
8.0,1.0,62.00148175079428,62.733672743315196,0.7321909925209198
9.0,-1.0,62.733672743315196,77.50185218849285,14.768179445177651
10.0,1.0,77.50185218849285,92.50222262619141,15.000370437698564
11.0,-1.0,92.50222262619141,93.00222262619141,0.5
12.0,1.0,93.00222262619141,94.98489346684795,1.9826708406565388
13.0,-1.0,94.98489346684795,108.50259306388998,13.517699597042025
14.0,1.0,108.50259306388999,109.00259306388999,0.5
15.0,-1.0,109.00259306388999,124.00296350158855,15.000370437698564
16.0,1.0,124.00296350158855,124.50296544723561,0.5000019456470568
17.0,-1.0,124.50296544723561,139.50333393928713,15.000368492051521
18.0,1.0,139.50333393928713,140.00333393928713,0.5
19.0,-1.0,140.00333393928713,155.0037043769857,15.000370437698564
20.0,1.0,155.0037043769857,169.97368125322194,14.969976876236245
21.0,-1.0,169.97368125322194,170.50407481468426,0.5303935614623185
22.0,1.0,170.50407481468426,185.37509702647267,14.871022211788414
23.0,-1.0,185.37509702647267,186.00444525238282,0.6293482259101495
24.0,1.0,186.00444525238282,200.74256506095847,14.738119808575647
25.0,-1.0,200.74256506095847,201.5048156900814,0.7622506291229172
26.0,1.0,201.5048156900814,216.2990256072794,14.794209917198003
27.0,-1.0,216.2990256072794,217.00518612777995,0.7061605205005606
28.0,1.0,217.00518612777998,218.52811202407977,1.522925896299796
29.0,-1.0,218.52811202407977,232.50555656547854,13.977444541398768
30.0,1.0,232.50555656547854,233.02753148101434,0.5219749155357931
31.0,-1.0,233.02753148101434,248.0059270031771,14.97839552216277
32.0,1.0,248.0059270031771,263.0062974408757,15.000370437698592
33.0,-1.0,263.0062974408757,263.5062974408757,0.5
34.0,1.0,263.5062974408757,264.0281046067652,0.5218071658895269
35.0,-1.0,264.0281046067652,279.00666787857426,14.978563271809037
36.0,1.0,279.00666787857426,279.6069179442146,0.6002500656403527
37.0,-1.0,279.6069179442146,294.5070383162728,14.900120372058211
38.0,1.0,294.5070383162728,295.0070383162728,0.5
39.0,-1.0,295.0070383162728,310.0074087539714,15.000370437698564
40.0,1.0,310.0074087539714,310.5074087539714,0.5
41.0,-1.0,310.5074087539714,325.50777919166995,15.000370437698564
42.0,1.0,325.50777919166995,326.4300736162101,0.922294424540155
43.0,-1.0,326.4300736162101,341.0081496293685,14.578076013158409
44.0,1.0,341.0081496293685,341.50897213208,0.5008225027114577
45.0,-1.0,341.50897213208,356.5085200670671,14.999547934987106
46.0,1.0,356.5085200670671,357.00936793554405,0.500847868476967
47.0,-1.0,357.00936793554405,372.00889050476565,14.999522569221597
48.0,1.0,372.00889050476565,373.7183271721562,1.7094366673905483
49.0,-1.0,373.7183271721562,387.5092609424642,13.790933770308015
50.0,1.0,387.5092609424642,390.0108353772771,2.5015744348128806
51.0,-1.0,390.0108353772771,403.0096313801628,12.998796002885683
52.0,1.0,403.0096313801628,417.4533261422133,14.44369476205054
53.0,-1.0,417.4533261422133,418.51000181786134,1.0566756756480231
54.0,1.0,418.5100018178614,433.46853562867693,14.958533810815538
55.0,-1.0,433.46853562867693,434.01037225555996,0.5418366268830255
56.0,1.0,434.01037225555996,449.0107426932585,15.000370437698564
57.0,-1.0,449.0107426932585,449.5107426932585,0.5
58.0,1.0,449.5107426932585,464.511113126321,15.000370433062471
59.0,-1.0,464.511113126321,465.0111131309571,0.5000000046360924
60.0,1.0,465.0111131309571,479.39185508426465,14.380741953307563
61.0,-1.0,479.39185508426465,480.51148356865565,1.1196284843910007
62.0,1.0,480.51148356865565,495.5118540063542,15.000370437698564
63.0,-1.0,495.5118540063542,496.0118540063542,0.5
64.0,1.0,496.0118540063542,511.0122244440528,15.000370437698564
65.0,-1.0,511.0122244440528,511.5122244440528,0.5
66.0,1.0,511.5122244440528,526.5079034640811,14.99567902002832
67.0,-1.0,526.5079034640811,527.0125948817514,0.5046914176703012
68.0,1.0,527.0125948817514,542.01296531945,15.00037043769862
69.0,-1.0,542.01296531945,542.51296531945,0.5
70.0,1.0,542.5129653194499,557.5133357571485,15.00037043769862
71.0,-1.0,557.5133357571485,558.0133357571485,0.5
72.0,1.0,558.0133357571485,572.7252859706718,14.711950213523323
73.0,-1.0,572.7252859706718,573.5137061948471,0.7884202241752973
74.0,1.0,573.513706194847,588.0083833949813,14.49467720013422
75.0,-1.0,588.0083833949813,589.0140766325457,1.005693237564401
76.0,1.0,589.0140766325457,590.4307529703862,1.4166763378404994
77.0,-1.0,590.4307529703862,604.5144470702443,14.083694099858121
78.0,1.0,604.5144470702442,619.5131653527168,14.998718282472623
79.0,-1.0,619.5131653527168,620.0148175079428,0.5016521552259974
80.0,1.0,620.0148175079428,620.5411553500107,0.5263378420679601
81.0,-1.0,620.5411553500107,635.5151879456414,14.97403259563066
82.0,1.0,635.5151879456413,636.0175374180744,0.5023494724331385
83.0,-1.0,636.0175374180744,651.0155583833399,14.998020965265482
84.0,1.0,651.0155583833399,652.4303673365436,1.4148089532036465
85.0,-1.0,652.4303673365436,666.5159288210385,14.085561484494974
86.0,1.0,666.5159288210385,681.4917060264017,14.975777205363215
87.0,-1.0,681.4917060264017,682.0162992587371,0.5245932323354054
88.0,1.0,682.016299258737,682.516299258737,0.5
89.0,-1.0,682.516299258737,697.5166696964357,15.00037043769862
90.0,1.0,697.5166696964357,712.5170401341343,15.00037043769862
91.0,-1.0,712.5170401341343,713.0170401341343,0.5
92.0,1.0,713.0170401341342,727.9135312392189,14.896491105084692
93.0,-1.0,727.9135312392189,728.5174105718328,0.6038793326139285
94.0,1.0,728.5174105718328,743.5177810095314,15.00037043769862
95.0,-1.0,743.5177810095314,744.0177810095314,0.5
96.0,1.0,744.0177810095313,759.0181379255172,15.00035691598589
97.0,-1.0,759.0181379255172,759.5181514472299,0.5000135217127308
98.0,1.0,759.5181514472299,773.7830346286233,14.26488318139343
99.0,-1.0,773.7830346286233,775.0185218849285,1.2354872563051913
100.0,1.0,775.0185218849284,789.9312803514298,14.912758466501373
101.0,-1.0,789.9312803514298,790.518892322627,0.5876119711972478
102.0,1.0,790.518892322627,805.5192627603257,15.00037043769862
103.0,-1.0,805.5192627603257,806.0192627603257,0.5
104.0,1.0,806.0192627603255,821.0196331980242,15.00037043769862
105.0,-1.0,821.0196331980242,821.5196331980242,0.5
106.0,1.0,821.5196331980242,826.4531324103998,4.9334992123756365
107.0,-1.0,826.4531324103998,837.0200036357228,10.566871225322984
108.0,1.0,837.0200036357228,852.0203740734214,15.00037043769862
109.0,-1.0,852.0203740734214,852.5203740734214,0.5
110.0,1.0,852.5203740734213,853.0203740734213,0.5
111.0,-1.0,853.0203740734213,868.0207445111199,15.00037043769862
112.0,1.0,868.0207445111199,868.645853877466,0.6251093663461234
113.0,-1.0,868.645853877466,883.5211149488185,14.875261071352497
114.0,1.0,883.5211149488184,884.0211149488184,0.5
115.0,-1.0,884.0211149488184,899.021485386517,15.00037043769862
116.0,1.0,899.021485386517,899.9221890285413,0.9007036420242684
117.0,-1.0,899.9221890285413,914.5218558242157,14.599666795674352
118.0,1.0,914.5218558242155,929.5222262619142,15.00037043769862
119.0,-1.0,929.5222262619142,930.0222262619142,0.5
120.0,1.0,930.0222262619142,930.5306393974627,0.5084131355484942
121.0,-1.0,930.5306393974627,945.5225966996128,14.991957302150126
122.0,1.0,945.5225966996127,947.0821459958521,1.5595492962394246
123.0,-1.0,947.0821459958521,961.0229671373113,13.940821141459196
124.0,1.0,961.0229671373113,961.5911706330148,0.5682034957035285
125.0,-1.0,961.5911706330148,976.5233375750099,14.932166941995092
126.0,1.0,976.5233375750098,977.0233375750098,0.5
127.0,-1.0,977.0233375750098,992.0237080127084,15.00037043769862
128.0,1.0,992.0237080127084,992.5368001201243,0.5130921074159005
129.0,-1.0,992.5368001201243,1007.524078450407,14.98727833028272
130.0,1.0,1007.524078450407,1022.5138218015047,14.989743351097673
131.0,-1.0,1022.5138218015047,1023.0244488881057,0.5106270866009481
132.0,1.0,1023.0244488881056,1038.0248193258042,15.00037043769862
133.0,-1.0,1038.0248193258042,1038.5248193258042,0.5
134.0,1.0,1038.5248193258042,1039.0248193258042,0.5
135.0,-1.0,1039.0248193258042,1054.0251897635028,15.00037043769862
136.0,1.0,1054.0251897635028,1068.7900505238688,14.764860760365991
137.0,-1.0,1068.7900505238688,1069.5255602012014,0.7355096773326295
138.0,1.0,1069.5255602012012,1084.5259306388998,15.00037043769862
139.0,-1.0,1084.5259306388998,1085.0259306388998,0.5
140.0,1.0,1085.0259306388998,1100.0263010765984,15.00037043769862
141.0,-1.0,1100.0263010765984,1100.5263010765984,0.5
142.0,1.0,1100.5263010765984,1115.526671514297,15.00037043769862
143.0,-1.0,1115.526671514297,1116.026671514297,0.5
144.0,1.0,1116.026671514297,1131.0270419519957,15.00037043769862
145.0,-1.0,1131.0270419519957,1131.5270419519957,0.5
146.0,1.0,1131.5270419519954,1146.527412389694,15.00037043769862
147.0,-1.0,1146.527412389694,1147.027412389694,0.5
148.0,1.0,1147.027412389694,1148.3163962016285,1.2889838119344859
149.0,-1.0,1148.3163962016285,1162.5277828273927,14.211386625764135
150.0,1.0,1162.5277828273927,1177.4243367524916,14.896553925098942
151.0,-1.0,1177.4243367524916,1178.0281532650913,0.6038165125996784
152.0,1.0,1178.0281532650913,1178.5281532650913,0.5
153.0,-1.0,1178.5281532650913,1193.52852370279,15.00037043769862
154.0,1.0,1193.52852370279,1208.5288941404885,15.00037043769862
155.0,-1.0,1208.5288941404885,1209.0288941404885,0.5
156.0,1.0,1209.0288941404883,1212.6782454884526,3.6493513479642843
157.0,-1.0,1212.6782454884526,1224.529264578187,11.851019089734336
158.0,1.0,1224.529264578187,1239.5296350158856,15.00037043769862
159.0,-1.0,1239.5296350158856,1240.0296350158856,0.5
160.0,1.0,1240.0296350158856,1240.5296350158856,0.5
161.0,-1.0,1240.5296350158856,1255.5300054535842,15.00037043769862
162.0,1.0,1255.5300054535842,1270.5303758912828,15.00037043769862
163.0,-1.0,1270.5303758912828,1271.0303758912828,0.5
164.0,1.0,1271.0303758912826,1272.1501107423605,1.1197348510779648
165.0,-1.0,1272.1501107423605,1286.5307463289812,14.380635586620656
166.0,1.0,1286.5307463289812,1287.0678733392533,0.5371270102721155
167.0,-1.0,1287.0678733392533,1302.0311167666798,14.963243427426505
168.0,1.0,1302.0311167666798,1317.0314557837835,15.00033901710367
169.0,-1.0,1317.0314557837835,1317.5314872043784,0.5000314205949508
170.0,1.0,1317.5314872043784,1332.531857642077,15.00037043769862
171.0,-1.0,1332.531857642077,1333.031857642077,0.5
172.0,1.0,1333.031857642077,1333.531857642077,0.5
173.0,-1.0,1333.531857642077,1348.5322280797757,15.00037043769862
174.0,1.0,1348.5322280797755,1363.5321218605627,14.99989378078726
175.0,-1.0,1363.5321218605627,1364.032598517474,0.5004766569113599
176.0,1.0,1364.032598517474,1379.0329689551727,15.00037043769862
177.0,-1.0,1379.0329689551727,1379.5329689551727,0.5
178.0,1.0,1379.5329689551727,1394.5188384913963,14.985869536223618
179.0,-1.0,1394.5188384913963,1395.0333393928713,0.514500901475003
180.0,1.0,1395.0333393928713,1395.5442649311838,0.5109255383124491
181.0,-1.0,1395.5442649311838,1410.53370983057,14.989444899386172
182.0,1.0,1410.5337098305697,1425.5340802682683,15.00037043769862
183.0,-1.0,1425.5340802682683,1426.0340802682683,0.5
184.0,1.0,1426.0340802682683,1426.5347971395422,0.5007168712738803
185.0,-1.0,1426.5347971395422,1441.534450705967,14.99965356642474
186.0,1.0,1441.534450705967,1456.4926390799076,14.95818837394063
187.0,-1.0,1456.4926390799076,1457.0348211436656,0.5421820637579913
188.0,1.0,1457.0348211436656,1457.5348211436656,0.5
189.0,-1.0,1457.5348211436656,1472.5351915813642,15.00037043769862
190.0,1.0,1472.535191581364,1473.1370430201064,0.6018514387424148
191.0,-1.0,1473.1370430201064,1488.0355620190626,14.898518998956206
192.0,1.0,1488.0355620190626,1488.5682855532148,0.5327235341521828
193.0,-1.0,1488.5682855532148,1503.5359324567612,14.967646903546438
194.0,1.0,1503.5359324567612,1518.5363028944598,15.00037043769862
195.0,-1.0,1518.5363028944598,1519.0363028944598,0.5
196.0,1.0,1519.0363028944598,1533.8233070932508,14.78700419879101
197.0,-1.0,1533.8233070932508,1534.5366733321584,0.7133662389076108
198.0,1.0,1534.5366733321584,1537.4290667175408,2.89239338538232
199.0,-1.0,1537.4290667175408,1550.037043769857,12.6079770523163
200.0,1.0,1550.0370437698568,1550.5370437698568,0.5
201.0,-1.0,1550.5370437698568,1565.5374142075555,15.00037043769862
202.0,1.0,1565.5374142075555,1580.537784645254,15.00037043769862
203.0,-1.0,1580.537784645254,1581.037784645254,0.5
204.0,1.0,1581.037784645254,1581.5979159023066,0.5601312570524897
205.0,-1.0,1581.5979159023066,1596.5381550829527,14.940239180646131
206.0,1.0,1596.5381550829527,1611.3793827064717,14.84122762351899
207.0,-1.0,1611.3793827064717,1612.0385255206513,0.6591428141796314
208.0,1.0,1612.038525520651,1612.538525520651,0.5
209.0,-1.0,1612.538525520651,1627.5388959583497,15.00037043769862
210.0,1.0,1627.5388959583497,1629.425226970355,1.8863310120052574
211.0,-1.0,1629.425226970355,1643.0392663960483,13.614039425693363
212.0,1.0,1643.0392663960483,1658.0361128165596,14.996846420511247
213.0,-1.0,1658.0361128165596,1658.539636833747,0.5035240171873738
214.0,1.0,1658.539636833747,1659.0413765635974,0.501739729850442
215.0,-1.0,1659.0413765635974,1674.0400072714456,14.998630707848179
216.0,1.0,1674.0400072714456,1674.7331242776206,0.6931170061750436
217.0,-1.0,1674.7331242776206,1689.5403777091442,14.807253431523577
218.0,1.0,1689.540377709144,1704.5402288053672,14.99985109622321
219.0,-1.0,1704.5402288053672,1705.0407481468426,0.5005193414754103
220.0,1.0,1705.0407481468426,1720.0411185845412,15.00037043769862
221.0,-1.0,1720.0411185845412,1720.5411185845412,0.5
222.0,1.0,1720.5411185845412,1721.0411185845412,0.5
223.0,-1.0,1721.0411185845412,1736.0414890222398,15.00037043769862
224.0,1.0,1736.0414890222398,1751.037287738059,14.995798715819092
225.0,-1.0,1751.037287738059,1751.5418594599385,0.5045717218795289
226.0,1.0,1751.5418594599382,1752.5932275723408,1.0513681124025425
227.0,-1.0,1752.5932275723408,1767.0422298976368,14.449002325296078
228.0,1.0,1767.0422298976368,1781.7418221829469,14.699592285310018
229.0,-1.0,1781.7418221829469,1782.5426003353355,0.8007781523886024
230.0,1.0,1782.5426003353355,1783.1821226559255,0.6395223205900038
231.0,-1.0,1783.1821226559255,1798.042970773034,14.860848117108617
232.0,1.0,1798.042970773034,1813.0433412107327,15.00037043769862
233.0,-1.0,1813.0433412107327,1813.5433412107327,0.5
234.0,1.0,1813.5433412107325,1828.4683695760805,14.925028365347998
235.0,-1.0,1828.4683695760805,1829.043711648431,0.5753420723506224
236.0,1.0,1829.043711648431,1829.543711648431,0.5
237.0,-1.0,1829.543711648431,1844.5440820861297,15.00037043769862
238.0,1.0,1844.5440820861297,1845.0726326928163,0.5285506066866219
239.0,-1.0,1845.0726326928163,1860.0444525238283,14.971819831011999
240.0,1.0,1860.0444525238283,1861.4322381726615,1.3877856488331872
241.0,-1.0,1861.4322381726615,1875.544822961527,14.112584788865433
242.0,1.0,1875.544822961527,1890.4917814398532,14.946958478326223
243.0,-1.0,1890.4917814398532,1891.0451933992256,0.5534119593723972
244.0,1.0,1891.0451933992254,1891.5451933992254,0.5
245.0,-1.0,1891.5451933992254,1906.545563836924,15.00037043769862
246.0,1.0,1906.545563836924,1921.312225460817,14.766661623893015
247.0,-1.0,1921.312225460817,1922.0459342746226,0.733708813805606
248.0,1.0,1922.0459342746226,1922.5459342746226,0.5
249.0,-1.0,1922.5459342746226,1937.5463047123212,15.00037043769862
250.0,1.0,1937.5463047123212,1952.5466751500198,15.00037043769862
251.0,-1.0,1952.5466751500198,1953.0466751500198,0.5
252.0,1.0,1953.0466751500196,1953.5466751500196,0.5
253.0,-1.0,1953.5466751500196,1968.5470455877182,15.00037043769862
254.0,1.0,1968.5470455877182,1983.478450793914,14.931405206195677
255.0,-1.0,1983.478450793914,1984.0474160254169,0.5689652315029434
256.0,1.0,1984.0474160254169,1999.0477864631155,15.00037043769862
257.0,-1.0,1999.0477864631155,1999.5477864631155,0.5
258.0,1.0,1999.5477864631155,2014.5159425531824,14.968156090066941
259.0,-1.0,2014.5159425531824,2015.048156900814,0.5322143476316796
260.0,1.0,2015.048156900814,2015.8628521780656,0.8146952772515306
261.0,-1.0,2015.8628521780656,2030.5485273385127,14.68567516044709
262.0,1.0,2030.5485273385125,2031.081487834157,0.5329604956446019
263.0,-1.0,2031.081487834157,2046.048897776211,14.967409942054019
264.0,1.0,2046.048897776211,2061.0483931899803,14.999495413769182
265.0,-1.0,2061.0483931899803,2061.5492682139097,0.5008750239294386
266.0,1.0,2061.5492682139097,2076.5496386516083,15.00037043769862
267.0,-1.0,2076.5496386516083,2077.0496386516083,0.5
268.0,1.0,2077.0496386516083,2092.050009089307,15.00037043769862
269.0,-1.0,2092.050009089307,2092.550009089307,0.5
270.0,1.0,2092.550009089307,2107.5503795270056,15.00037043769862
271.0,-1.0,2107.5503795270056,2108.0503795270056,0.5
272.0,1.0,2108.0503795270056,2108.5503795270056,0.5
273.0,-1.0,2108.5503795270056,2123.550749964704,15.00037043769862
274.0,1.0,2123.5507499647038,2138.5511204024024,15.00037043769862
275.0,-1.0,2138.5511204024024,2139.0511204024024,0.5
276.0,1.0,2139.0511204024024,2154.051490840101,15.00037043769862
277.0,-1.0,2154.051490840101,2154.551490840101,0.5
278.0,1.0,2154.551490840101,2169.366039932992,14.814549092890957
279.0,-1.0,2169.366039932992,2170.0518612777996,0.685821344807664
280.0,1.0,2170.0518612777996,2170.682969733076,0.6311084552762622
281.0,-1.0,2170.682969733076,2185.5522317154982,14.869261982422358
282.0,1.0,2185.5522317154982,2186.0522317154982,0.5
283.0,-1.0,2186.0522317154982,2201.052602153197,15.00037043769862
284.0,1.0,2201.052602153197,2201.552602153197,0.5
285.0,-1.0,2201.552602153197,2216.5529725908955,15.00037043769862
286.0,1.0,2216.5529725908955,2217.0877054349785,0.5347328440830097
287.0,-1.0,2217.0877054349785,2232.053343028594,14.965637593615611
288.0,1.0,2232.053343028594,2247.0537134662927,15.00037043769862
289.0,-1.0,2247.0537134662927,2247.5537134662927,0.5
290.0,1.0,2247.5537134662927,2261.6691324358567,14.115418969563962
291.0,-1.0,2261.6691324358567,2263.0540839039913,1.384951468134659
292.0,1.0,2263.054083903991,2278.0112474830566,14.957163579065764
293.0,-1.0,2278.0112474830566,2278.5544543416895,0.5432068586328569
294.0,1.0,2278.5544543416895,2293.554824779388,15.00037043769862
295.0,-1.0,2293.554824779388,2294.054824779388,0.5
296.0,1.0,2294.054824779388,2308.7489393128217,14.694114533433549
297.0,-1.0,2308.7489393128217,2309.5551952170867,0.8062559042650719
298.0,1.0,2309.5551952170867,2324.55336016738,14.998164950293358
299.0,-1.0,2324.55336016738,2325.0555656547854,0.5022054874052628
300.0,1.0,2325.0555656547854,2339.978405618279,14.922839963493516
301.0,-1.0,2339.978405618279,2340.555936092484,0.5775304742051048
302.0,1.0,2340.555936092484,2341.4777842342087,0.9218481417246949
303.0,-1.0,2341.4777842342087,2356.0563065301826,14.578522295973926
304.0,1.0,2356.0563065301826,2371.0566769678812,15.00037043769862
305.0,-1.0,2371.0566769678812,2371.5566769678812,0.5
306.0,1.0,2371.5566769678812,2372.0566769678812,0.5
307.0,-1.0,2372.0566769678812,2387.05704740558,15.00037043769862
308.0,1.0,2387.05704740558,2402.0551713194673,14.998123913887412
309.0,-1.0,2402.0551713194673,2402.5574178432785,0.502246523811209
310.0,1.0,2402.557417843278,2403.057417843278,0.5
311.0,-1.0,2403.057417843278,2418.0577882809766,15.00037043769862
312.0,1.0,2418.0577882809766,2432.414658727523,14.356870446546509
313.0,-1.0,2432.414658727523,2433.5581587186753,1.1434999911521118
314.0,1.0,2433.5581587186753,2448.558519997717,15.000361279041954
315.0,-1.0,2448.558519997717,2449.058529156374,0.5000091586566668
316.0,1.0,2449.058529156374,2463.702541416553,14.644012260178897
317.0,-1.0,2463.702541416553,2464.5588995940725,0.8563581775197235
318.0,1.0,2464.5588995940725,2465.0588995940725,0.5
319.0,-1.0,2465.0588995940725,2480.059270031771,15.00037043769862
320.0,1.0,2480.059270031771,2495.039327753495,14.980057721723824
321.0,-1.0,2495.039327753495,2495.5596404694697,0.5203127159747964
322.0,1.0,2495.5596404694697,2510.5600109071684,15.00037043769862
323.0,-1.0,2510.5600109071684,2511.0600109071684,0.5
324.0,1.0,2511.0600109071684,2511.663429345905,0.6034184387367532
325.0,-1.0,2511.663429345905,2526.560381344867,14.896951998961868
326.0,1.0,2526.560381344867,2527.060381344867,0.5
327.0,-1.0,2527.060381344867,2542.0607517825656,15.00037043769862
328.0,1.0,2542.060751782565,2557.0611222202638,15.00037043769862
329.0,-1.0,2557.0611222202638,2557.5611222202638,0.5
330.0,1.0,2557.5611222202638,2558.0818649821726,0.5207427619088776
331.0,-1.0,2558.0818649821726,2573.0614926579624,14.979627675789743
332.0,1.0,2573.0614926579624,2588.061863095661,15.00037043769862
333.0,-1.0,2588.061863095661,2588.561863095661,0.5
334.0,1.0,2588.561863095661,2600.960628339523,12.398765243861817
335.0,-1.0,2600.960628339523,2604.0622335333596,3.1016051938368037
336.0,1.0,2604.0622335333596,2619.025664397668,14.96343086430852
337.0,-1.0,2619.025664397668,2619.5626039710583,0.5369395733901001
338.0,1.0,2619.5626039710583,2632.995234804726,13.432630833667645
339.0,-1.0,2632.995234804726,2635.062974408757,2.067739604030976
340.0,1.0,2635.062974408757,2650.0633448464555,15.00037043769862
341.0,-1.0,2650.0633448464555,2650.5633448464555,0.5
342.0,1.0,2650.5633448464555,2651.0634384662994,0.5000936198439376
343.0,-1.0,2651.0634384662994,2666.063715284154,15.000276817854683
344.0,1.0,2666.063715284154,2667.602458615873,1.538743331718706
345.0,-1.0,2667.602458615873,2681.5640857218527,13.961627105979915
346.0,1.0,2681.5640857218523,2682.0640857218523,0.5
347.0,-1.0,2682.0640857218523,2697.064456159551,15.00037043769862
348.0,1.0,2697.064456159551,2712.029072512066,14.964616352514895
349.0,-1.0,2712.029072512066,2712.5648265972495,0.5357540851837257
350.0,1.0,2712.5648265972495,2727.4763990413235,14.911572444073954
351.0,-1.0,2727.4763990413235,2728.065197034948,0.5887979936246666
352.0,1.0,2728.065197034948,2742.801962585869,14.736765550921064
353.0,-1.0,2742.801962585869,2743.5655674726468,0.7636048867775571
354.0,1.0,2743.5655674726468,2758.563658575773,14.998091103126171
355.0,-1.0,2758.563658575773,2759.0659379103454,0.5022793345724494
356.0,1.0,2759.0659379103454,2773.939773656302,14.873835745956512
357.0,-1.0,2773.939773656302,2774.566308348044,0.6265346917421084
358.0,1.0,2774.566308348044,2789.246285603038,14.6799772549939
359.0,-1.0,2789.246285603038,2790.0666787857426,0.82039318270472
360.0,1.0,2790.0666787857426,2790.6652272770407,0.598548491298061
361.0,-1.0,2790.6652272770407,2805.5670492234412,14.90182194640056
362.0,1.0,2805.567049223441,2818.729945743359,13.162896519918377
363.0,-1.0,2818.729945743359,2821.0674196611394,2.337473917780244
364.0,1.0,2821.0674196611394,2835.664848543796,14.597428882656459
365.0,-1.0,2835.664848543796,2836.567790098838,0.9029415550421618
366.0,1.0,2836.567790098838,2850.969879180693,14.402089081855138
367.0,-1.0,2850.969879180693,2852.0681605365367,1.0982813558434827
368.0,1.0,2852.0681605365367,2867.0685309742353,15.00037043769862
369.0,-1.0,2867.0685309742353,2867.5685309742353,0.5
370.0,1.0,2867.5685309742353,2882.568901411934,15.00037043769862
371.0,-1.0,2882.568901411934,2883.068901411934,0.5
372.0,1.0,2883.068901411934,2898.0614619365806,14.992560524646706
373.0,-1.0,2898.0614619365806,2898.5692718496325,0.5078099130519149
374.0,1.0,2898.5692718496325,2899.2478563048367,0.6785844552041453
375.0,-1.0,2899.2478563048367,2914.069642287331,14.821785982494475
376.0,1.0,2914.069642287331,2929.0700127250298,15.00037043769862
377.0,-1.0,2929.0700127250298,2929.5700127250298,0.5
378.0,1.0,2929.5700127250298,2944.57037783815,15.000365113120097
379.0,-1.0,2944.57037783815,2945.0703831627284,0.5000053245785239
380.0,1.0,2945.070383162728,2957.2517132913144,12.181330128586524
381.0,-1.0,2957.2517132913144,2960.5707536004265,3.319040309112097
382.0,1.0,2960.5707536004265,2973.9364410746957,13.36568747426918
383.0,-1.0,2973.9364410746957,2976.071124038125,2.134682963429441
384.0,1.0,2976.071124038125,2976.9798217113557,0.9086976732305629
385.0,-1.0,2976.9798217113557,2991.571494475824,14.591672764468058
386.0,1.0,2991.571494475824,3006.5718649135224,15.00037043769862
387.0,-1.0,3006.5718649135224,3007.0718649135224,0.5
388.0,1.0,3007.0718649135224,3007.5718649135224,0.5
389.0,-1.0,3007.5718649135224,3022.572235351221,15.00037043769862
390.0,1.0,3022.572235351221,3037.5726057889196,15.00037043769862
391.0,-1.0,3037.5726057889196,3038.0726057889196,0.5
392.0,1.0,3038.0726057889196,3038.5726712488995,0.5000654599798509
393.0,-1.0,3038.5726712488995,3053.5729762266183,15.00030497771877
394.0,1.0,3053.5729762266183,3068.493406782207,14.92043055558861
395.0,-1.0,3068.493406782207,3069.073346664317,0.5799398821100112
396.0,1.0,3069.073346664317,3083.51674482381,14.443398159492972
397.0,-1.0,3083.51674482381,3084.5737171020155,1.0569722782056488
398.0,1.0,3084.573717102015,3085.1125010854425,0.5387839834274928
399.0,-1.0,3085.1125010854425,3100.0740875397137,14.961586454271128
400.0,1.0,3100.0740875397137,3100.9323298397667,0.8582423000530071
401.0,-1.0,3100.9323298397667,3115.5744579774123,14.642128137645614
402.0,1.0,3115.5744579774123,3119.962095408892,4.387637431479561
403.0,-1.0,3119.962095408892,3131.074828415111,11.11273300621906
404.0,1.0,3131.074828415111,3131.574828415111,0.5
405.0,-1.0,3131.574828415111,3146.5751988528095,15.00037043769862
406.0,1.0,3146.5751988528095,3161.575569290508,15.00037043769862
407.0,-1.0,3161.575569290508,3162.075569290508,0.5
408.0,1.0,3162.075569290508,3176.057961705984,13.982392415475715
409.0,-1.0,3176.057961705984,3177.575939728207,1.5179780222229056
410.0,1.0,3177.575939728207,3178.0759397599927,0.5000000317859303
411.0,-1.0,3178.0759397599927,3193.0763101659054,15.00037040591269
412.0,1.0,3193.0763101659054,3208.076680603604,15.00037043769862
413.0,-1.0,3208.076680603604,3208.576680603604,0.5
414.0,1.0,3208.576680603604,3209.130591456416,0.5539108528118959
415.0,-1.0,3209.130591456416,3224.0770510413026,14.946459584886725
416.0,1.0,3224.077051041302,3239.0300496941713,14.952998652869155
417.0,-1.0,3239.0300496941713,3239.577421479001,0.5473717848294655
418.0,1.0,3239.577421479001,3254.4337832213923,14.856361742391528
419.0,-1.0,3254.4337832213923,3255.0777919166994,0.6440086953070931
420.0,1.0,3255.0777919166994,3270.0781324743307,15.000340557631262
421.0,-1.0,3270.0781324743307,3270.578162354398,0.500029880067359
422.0,1.0,3270.578162354398,3285.4133968015735,14.83523444717548
423.0,-1.0,3285.4133968015735,3286.0785327920967,0.6651359905231402
424.0,1.0,3286.0785327920967,3301.0789032297953,15.00037043769862
425.0,-1.0,3301.0789032297953,3301.5789032297953,0.5
426.0,1.0,3301.5789032297953,3303.346743237182,1.7678400073868943
427.0,-1.0,3303.346743237182,3317.079273667494,13.732530430311726
428.0,1.0,3317.079273667494,3332.034421735273,14.955148067779191
429.0,-1.0,3332.034421735273,3332.5796441051925,0.5452223699194292
430.0,1.0,3332.5796441051925,3333.0796441051925,0.5
431.0,-1.0,3333.0796441051925,3348.080014542891,15.00037043769862
432.0,1.0,3348.080014542891,3362.5610245165744,14.481009973683285
433.0,-1.0,3362.5610245165744,3363.5803849805898,1.0193604640153353
434.0,1.0,3363.5803849805893,3365.131341082842,1.5509561022527123
435.0,-1.0,3365.131341082842,3379.080755418288,13.949414335445908
436.0,1.0,3379.080755418288,3394.0811258559866,15.00037043769862
437.0,-1.0,3394.0811258559866,3394.5811258559866,0.5
438.0,1.0,3394.5811258559866,3409.581496293685,15.00037043769862
439.0,-1.0,3409.581496293685,3410.081496293685,0.5
440.0,1.0,3410.081496293685,3424.947327553402,14.865831259716742
441.0,-1.0,3424.947327553402,3425.581866731384,0.6345391779818783
442.0,1.0,3425.581866731384,3440.5822371690824,15.00037043769862
443.0,-1.0,3440.5822371690824,3441.0822371690824,0.5
444.0,1.0,3441.0822371690824,3454.9080450932365,13.825807924154105
445.0,-1.0,3454.9080450932365,3456.582607606781,1.6745625135445152
446.0,1.0,3456.582607606781,3470.1384627234497,13.555855116668681
447.0,-1.0,3470.1384627234497,3472.0829780444797,1.9445153210299395
448.0,1.0,3472.0829780444797,3487.081451000927,14.99847295644713
449.0,-1.0,3487.081451000927,3487.5833484821783,0.5018974812514898
450.0,1.0,3487.5833484821783,3501.93750558593,14.354157103751731
451.0,-1.0,3501.93750558593,3503.083718919877,1.1462133339468892
452.0,1.0,3503.0837189198764,3518.0840698928623,15.00035097298587
453.0,-1.0,3518.0840698928623,3518.584089357575,0.50001946471275
454.0,1.0,3518.584089357575,3533.5844597952737,15.00037043769862
455.0,-1.0,3533.5844597952737,3534.0844597952737,0.5
456.0,1.0,3534.0844597952737,3549.0848302329723,15.00037043769862
457.0,-1.0,3549.0848302329723,3549.5848302329723,0.5
458.0,1.0,3549.5848302329723,3564.568090274181,14.983260041208723
459.0,-1.0,3564.568090274181,3565.085200670671,0.5171103964898975
460.0,1.0,3565.085200670671,3580.0611318609826,14.975931190311712
461.0,-1.0,3580.0611318609826,3580.5855711083695,0.5244392473869084
462.0,1.0,3580.5855711083695,3581.284814326235,0.6992432178653871
463.0,-1.0,3581.284814326235,3596.085941546068,14.801127219833234
464.0,1.0,3596.085941546068,3610.98247160843,14.896530062361762
465.0,-1.0,3610.98247160843,3611.586311983767,0.6038403753368584
466.0,1.0,3611.586311983767,3626.5866502404874,15.000338256720624
467.0,-1.0,3626.5866502404874,3627.0866824214654,0.5000321809779962
468.0,1.0,3627.086682421465,3641.213539380369,14.126856958904227
469.0,-1.0,3641.213539380369,3642.5870528591636,1.3735134787943934
470.0,1.0,3642.5870528591636,3643.0870528591636,0.5
471.0,-1.0,3643.0870528591636,3658.087423296862,15.00037043769862
472.0,1.0,3658.087423296862,3672.7329481044617,14.645524807599486
473.0,-1.0,3672.7329481044617,3673.587793734561,0.8548456300991347
474.0,1.0,3673.587793734561,3674.2642234728396,0.6764297382787845
475.0,-1.0,3674.2642234728396,3689.0881641722594,14.823940699419836
476.0,1.0,3689.0881641722594,3703.2549026370257,14.16673846476624
477.0,-1.0,3703.2549026370257,3704.588534609958,1.3336319729323804
478.0,1.0,3704.588534609958,3717.766868330507,13.178333720548835
479.0,-1.0,3717.766868330507,3720.0889050476567,2.3220367171497855
480.0,1.0,3720.0889050476567,3721.519580156478,1.4306751088211058
481.0,-1.0,3721.519580156478,3735.5892754853553,14.069695328877515
482.0,1.0,3735.5892754853553,3750.589645923054,15.00037043769862
483.0,-1.0,3750.589645923054,3751.089645923054,0.5
484.0,1.0,3751.089645923054,3762.813803095582,11.724157172528066
485.0,-1.0,3762.813803095582,3766.5900163607525,3.7762132651705542
486.0,1.0,3766.590016360752,3781.5903867984507,15.00037043769862
487.0,-1.0,3781.5903867984507,3782.0903867984507,0.5
488.0,1.0,3782.0903867984507,3782.9028426411355,0.8124558426848125
489.0,-1.0,3782.9028426411355,3797.5907572361493,14.687914595013808
490.0,1.0,3797.5907572361493,3811.959653032227,14.368895796077595
491.0,-1.0,3811.959653032227,3813.091127673848,1.1314746416210255
492.0,1.0,3813.091127673848,3813.833400316356,0.7422726425079418
493.0,-1.0,3813.833400316356,3828.5914981115466,14.758097795190679
494.0,1.0,3828.5914981115466,3829.150330178589,0.5588320670422036
495.0,-1.0,3829.150330178589,3844.091868549245,14.941538370656417
496.0,1.0,3844.091868549245,3844.591868549245,0.5
497.0,-1.0,3844.591868549245,3859.592238986944,15.00037043769862
498.0,1.0,3859.592238986944,3860.092238986944,0.5
499.0,-1.0,3860.092238986944,3875.0926094246424,15.00037043769862
500.0,1.0,3875.0926094246424,3889.959865940386,14.86725651574352
501.0,-1.0,3889.959865940386,3890.592979862341,0.6331139219551005
502.0,1.0,3890.592979862341,3905.061062018359,14.468082156017772
503.0,-1.0,3905.061062018359,3906.0933503000397,1.0322882816808487
504.0,1.0,3906.093350300039,3921.0724837669554,14.97913346691621
505.0,-1.0,3921.0724837669554,3921.593720737738,0.5212369707824109
506.0,1.0,3921.593720737738,3936.5940911754365,15.00037043769862
507.0,-1.0,3936.5940911754365,3937.0940911754365,0.5
508.0,1.0,3937.0940911754365,3952.025360042507,14.931268867070685
509.0,-1.0,3952.025360042507,3952.594461613135,0.5691015706279359
510.0,1.0,3952.594461613135,3967.5948320508337,15.00037043769862
511.0,-1.0,3967.5948320508337,3968.0948320508337,0.5
512.0,1.0,3968.0948320508337,3969.2107075843246,1.1158755334909074
513.0,-1.0,3969.2107075843246,3983.5952024885323,14.384494904207713
514.0,1.0,3983.5952024885323,3985.8810571062804,2.2858546177481003
515.0,-1.0,3985.8810571062804,3999.095572926231,13.21451581995052
516.0,1.0,3999.095572926231,4001.529107553236,2.433534627004974
517.0,-1.0,4001.529107553236,4014.5959433639296,13.066835810693647
518.0,1.0,4014.5959433639296,4015.283763805621,0.687820441691656
519.0,-1.0,4015.283763805621,4030.096313801628,14.812549996006965
520.0,1.0,4030.096313801628,4043.7356381082786,13.639324306650451
521.0,-1.0,4043.7356381082786,4045.596684239327,1.8610461310481696
522.0,1.0,4045.5966842393264,4046.104797989767,0.5081137504407707
523.0,-1.0,4046.104797989767,4061.097054677025,14.99225668725785
524.0,1.0,4061.097054677025,4061.597054677025,0.5
525.0,-1.0,4061.597054677025,4076.5974251147236,15.00037043769862
526.0,1.0,4076.5974251147236,4077.0974251147236,0.5
527.0,-1.0,4077.0974251147236,4092.097795552422,15.00037043769862
528.0,1.0,4092.097795552422,4107.0977922504835,14.999996698061295
529.0,-1.0,4107.0977922504835,4107.598165990121,0.5003737396373253
530.0,1.0,4107.598165990121,4108.098165990121,0.5
531.0,-1.0,4108.098165990121,4123.098536427819,15.00037043769862
532.0,1.0,4123.098536427819,4138.098905599804,15.000369171984858
533.0,-1.0,4138.098905599804,4138.598906865518,0.5000012657137631
534.0,1.0,4138.598906865518,4153.599277303217,15.00037043769862
535.0,-1.0,4153.599277303217,4154.099277303217,0.5
536.0,1.0,4154.099277303217,4154.603209758181,0.5039324549643425
537.0,-1.0,4154.603209758181,4169.599647740915,14.996437982734278
538.0,1.0,4169.599647740915,4184.599925866044,15.000278125128716
539.0,-1.0,4184.599925866044,4185.100018178614,0.5000923125699046
540.0,1.0,4185.100018178614,4200.003546741456,14.903528562842439
541.0,-1.0,4200.003546741456,4200.600388616313,0.5968418748561817
542.0,1.0,4200.600388616313,4201.161205349953,0.5608167336404222
543.0,-1.0,4201.161205349953,4216.100759054011,14.939553704058198
544.0,1.0,4216.100759054011,4218.8311210224865,2.7303619684753357
545.0,-1.0,4218.8311210224865,4231.60112949171,12.770008469223285
546.0,1.0,4231.60112949171,4232.457732256405,0.8566027646947987
547.0,-1.0,4232.457732256405,4247.101499929408,14.643767673003822
548.0,1.0,4247.1014999294075,4262.101870367106,15.00037043769862
549.0,-1.0,4262.101870367106,4262.601870367106,0.5
550.0,1.0,4262.601870367106,4263.118387248942,0.5165168818357415
551.0,-1.0,4263.118387248942,4278.102240804805,14.98385355586288
552.0,1.0,4278.102240804805,4278.602240804805,0.5
553.0,-1.0,4278.602240804805,4293.602611242503,15.00037043769862
554.0,1.0,4293.602611242503,4294.113432642712,0.5108214002084424
555.0,-1.0,4294.113432642712,4309.102981680202,14.989549037490178
556.0,1.0,4309.102981680202,4309.96968451841,0.866702838207857
557.0,-1.0,4309.96968451841,4324.603352117901,14.633667599490764
558.0,1.0,4324.603352117901,4339.603722555599,15.00037043769862
559.0,-1.0,4339.603722555599,4340.103722555599,0.5
560.0,1.0,4340.103722555599,4355.104092993298,15.00037043769862
561.0,-1.0,4355.104092993298,4355.604092993298,0.5
562.0,1.0,4355.604092993298,4356.9606539898205,1.356560996522603
563.0,-1.0,4356.9606539898205,4371.1044634309965,14.143809441176018
564.0,1.0,4371.1044634309965,4371.6044634309965,0.5
565.0,-1.0,4371.6044634309965,4386.604833868695,15.00037043769862
566.0,1.0,4386.604833868695,4387.104833868695,0.5
567.0,-1.0,4387.104833868695,4402.105204306394,15.00037043769862
568.0,1.0,4402.105204306394,4417.101005277131,14.995800970737037
569.0,-1.0,4417.101005277131,4417.605574744092,0.5045694669615841
570.0,1.0,4417.605574744092,4418.105574744092,0.5
571.0,-1.0,4418.105574744092,4433.105945181791,15.00037043769862
572.0,1.0,4433.105945181791,4448.10631561949,15.00037043769862
573.0,-1.0,4448.10631561949,4448.60631561949,0.5
574.0,1.0,4448.60631561949,4463.606686057188,15.00037043769862
575.0,-1.0,4463.606686057188,4464.106686057188,0.5
576.0,1.0,4464.106686057188,4464.606686057188,0.5
577.0,-1.0,4464.606686057188,4479.607056494887,15.00037043769862
578.0,1.0,4479.607056494887,4480.201163681171,0.5941071862844183
579.0,-1.0,4480.201163681171,4495.107426932585,14.906263251414202
580.0,1.0,4495.107426932585,4495.607426932585,0.5
581.0,-1.0,4495.607426932585,4510.607797370284,15.00037043769862
582.0,1.0,4510.607797370284,4511.1080222497485,0.5002248794644402
583.0,-1.0,4511.1080222497485,4526.108167807983,15.00014555823418
584.0,1.0,4526.108167807982,4526.608167807982,0.5
585.0,-1.0,4526.608167807982,4541.60853824568,15.00037043769862
586.0,1.0,4541.60853824568,4542.688313055031,1.0797748093509654
587.0,-1.0,4542.688313055031,4557.108908683379,14.420595628347655
588.0,1.0,4557.108908683379,4571.733849274423,14.624940591043924
589.0,-1.0,4571.733849274423,4572.609279121078,0.875429846654697
590.0,1.0,4572.609279121078,4587.609649558776,15.00037043769862
591.0,-1.0,4587.609649558776,4588.109649558776,0.5
592.0,1.0,4588.109649558776,4588.609743250067,0.5000936912911129
593.0,-1.0,4588.609743250067,4603.610019996475,15.000276746407508
594.0,1.0,4603.610019996475,4604.110019996475,0.5
595.0,-1.0,4604.110019996475,4619.1103904341735,15.00037043769862
596.0,1.0,4619.1103904341735,4634.110760871872,15.00037043769862
597.0,-1.0,4634.110760871872,4634.610760871872,0.5
598.0,1.0,4634.610760871872,4649.611131309571,15.00037043769862
599.0,-1.0,4649.611131309571,4650.111131309571,0.5
600.0,1.0,4650.111131309571,4663.261424205079,13.150292895507846
601.0,-1.0,4663.261424205079,4665.611501747269,2.3500775421907747
602.0,1.0,4665.611501747269,4666.111502013235,0.5000002659653546
603.0,-1.0,4666.111502013235,4681.111872184968,15.000370171733266
604.0,1.0,4681.111872184968,4696.013728187889,14.901856002920795
605.0,-1.0,4696.013728187889,4696.612242622667,0.598514434777826
606.0,1.0,4696.612242622667,4697.112242622667,0.5
607.0,-1.0,4697.112242622667,4712.112613060365,15.00037043769862
608.0,1.0,4712.112613060365,4727.112983498064,15.00037043769862
609.0,-1.0,4727.112983498064,4727.612983498064,0.5
610.0,1.0,4727.612983498064,4728.116524793401,0.5035412953375271
611.0,-1.0,4728.116524793401,4743.1133539357625,14.996829142361094
612.0,1.0,4743.1133539357625,4743.704974234438,0.5916202986754797
613.0,-1.0,4743.704974234438,4758.613724373461,14.908750139023141
614.0,1.0,4758.613724373461,4759.331027688126,0.7173033146646048
615.0,-1.0,4759.331027688126,4774.11409481116,14.783067123034016
616.0,1.0,4774.11409481116,4784.603551970864,10.489457159704216
617.0,-1.0,4784.603551970864,4789.614465248858,5.010913277994405
618.0,1.0,4789.614465248857,4804.300083445514,14.685618196656833
619.0,-1.0,4804.300083445514,4805.114835686556,0.8147522410417878
620.0,1.0,4805.114835686556,4819.611243442085,14.496407755528708
621.0,-1.0,4819.611243442085,4820.615206124255,1.003962682169913
622.0,1.0,4820.615206124255,4821.18351549141,0.5683093671550523
623.0,-1.0,4821.18351549141,4836.115576561953,14.932061070543568
624.0,1.0,4836.115576561953,4836.615576561953,0.5
625.0,-1.0,4836.615576561953,4851.615946999652,15.00037043769862
626.0,1.0,4851.615946999652,4865.753639990418,14.137692990766482
627.0,-1.0,4865.753639990418,4867.1163174373505,1.362677446932139
628.0,1.0,4867.1163174373505,4882.116687875049,15.00037043769862
629.0,-1.0,4882.116687875049,4882.616687875049,0.5
630.0,1.0,4882.616687875049,4883.116687875049,0.5
631.0,-1.0,4883.116687875049,4898.117058312748,15.00037043769862
632.0,1.0,4898.117058312748,4913.117428750446,15.00037043769862
633.0,-1.0,4913.117428750446,4913.617428750446,0.5
634.0,1.0,4913.617428750446,4928.617799188145,15.00037043769862
635.0,-1.0,4928.617799188145,4929.117799188145,0.5
636.0,1.0,4929.117799188145,4929.618313706038,0.5005145178929524
637.0,-1.0,4929.618313706038,4944.618169625844,14.999855919805668
638.0,1.0,4944.618169625844,4945.203302950346,0.585133324502749
639.0,-1.0,4945.203302950346,4960.118540063542,14.915237113195872
640.0,1.0,4960.118540063542,4960.618540436377,0.5000003728346201
641.0,-1.0,4960.618540436377,4975.618910501241,15.000370064864
642.0,1.0,4975.618910501241,4976.515571119428,0.896660618187525
643.0,-1.0,4976.515571119428,4991.1192809389395,14.603709819511096
644.0,1.0,4991.1192809389395,4996.128591923778,5.009310984838521
645.0,-1.0,4996.128591923778,5006.619651376638,10.4910594528601
646.0,1.0,5006.619651376638,5021.620021814337,15.00037043769862
647.0,-1.0,5021.620021814337,5022.120021814337,0.5
648.0,1.0,5022.120021814337,5024.429490475497,2.309468661160281
649.0,-1.0,5024.429490475497,5037.620392252035,13.19090177653834
650.0,1.0,5037.620392252035,5038.408789340749,0.7883970887132818
651.0,-1.0,5038.408789340749,5053.120762689734,14.711973348985339
652.0,1.0,5053.120762689734,5068.121133127433,15.00037043769862
653.0,-1.0,5068.121133127433,5068.621133127433,0.5
654.0,1.0,5068.621133127432,5083.571757686588,14.950624559156495
655.0,-1.0,5083.571757686588,5084.12150356513,0.5497458785421259
656.0,1.0,5084.12150356513,5084.621507631232,0.5000040661016101
657.0,-1.0,5084.621507631232,5099.621874002829,15.00036637159701
658.0,1.0,5099.621874002829,5113.78923458078,14.167360577951513
659.0,-1.0,5113.78923458078,5115.1222444405275,1.3330098597471078
660.0,1.0,5115.1222444405275,5115.6222444405275,0.5
661.0,-1.0,5115.6222444405275,5130.622614878226,15.00037043769862
662.0,1.0,5130.622614878226,5131.748135396687,1.1255205184606893
663.0,-1.0,5131.748135396687,5146.122985315925,14.374849919237931
664.0,1.0,5146.122985315925,5160.858991641721,14.736006325796552
665.0,-1.0,5160.858991641721,5161.623355753623,0.7643641119020685
666.0,1.0,5161.623355753623,5162.123355753623,0.5
667.0,-1.0,5162.123355753623,5177.123726191322,15.00037043769862
668.0,1.0,5177.123726191322,5179.2939920977105,2.170265906388522
669.0,-1.0,5179.2939920977105,5192.624096629021,13.330104531310099
670.0,1.0,5192.624096629021,5207.624467066719,15.00037043769862
671.0,-1.0,5207.624467066719,5208.124467066719,0.5
672.0,1.0,5208.124467066719,5208.624467066719,0.5
673.0,-1.0,5208.624467066719,5223.624837504418,15.00037043769862
674.0,1.0,5223.624837504418,5238.489769754675,14.86493225025697
675.0,-1.0,5238.489769754675,5239.1252079421165,0.6354381874416504
676.0,1.0,5239.1252079421165,5253.887726695412,14.762518753295808
677.0,-1.0,5253.887726695412,5254.625578379815,0.7378516844028127
678.0,1.0,5254.625578379815,5255.125578379815,0.5
679.0,-1.0,5255.125578379815,5270.125948817514,15.00037043769862
680.0,1.0,5270.125948817514,5285.109434740939,14.983485923425178
681.0,-1.0,5285.109434740939,5285.626319255212,0.5168845142734426
682.0,1.0,5285.626319255212,5287.170317969437,1.5439987142244718
683.0,-1.0,5287.170317969437,5301.126689692911,13.956371723474149
684.0,1.0,5301.126689692911,5316.0440208589835,14.917331166072472
685.0,-1.0,5316.0440208589835,5316.62706013061,0.5830392716261485
686.0,1.0,5316.62706013061,5331.608954770045,14.981894639435268
687.0,-1.0,5331.608954770045,5332.127430568308,0.5184757982633528
688.0,1.0,5332.127430568308,5344.738393912329,12.610963344021002
689.0,-1.0,5344.738393912329,5347.627801006007,2.889407093677619
690.0,1.0,5347.627801006006,5361.927744922832,14.299943916826123
691.0,-1.0,5361.927744922832,5363.128171443705,1.2004265208724973
692.0,1.0,5363.128171443705,5377.837991529692,14.709820085987303
693.0,-1.0,5377.837991529692,5378.628541881403,0.7905503517113175
694.0,1.0,5378.628541881403,5393.3831825206635,14.754640639260288
695.0,-1.0,5393.3831825206635,5394.128912319102,0.7457297984383331
696.0,1.0,5394.128912319102,5394.639946097738,0.5110337786363743
697.0,-1.0,5394.639946097738,5409.6292827568,14.989336659062246
698.0,1.0,5409.6292827568,5410.1292827568,0.5
699.0,-1.0,5410.1292827568,5425.129653194499,15.00037043769862
700.0,1.0,5425.129653194499,5426.042507516647,0.912854322147723
701.0,-1.0,5426.042507516647,5440.630023632198,14.587516115550898
702.0,1.0,5440.630023632198,5441.130886112426,0.500862480228534
703.0,-1.0,5441.130886112426,5456.130394069896,14.999507957470087
704.0,1.0,5456.130394069896,5469.809385385259,13.67899131536251
705.0,-1.0,5469.809385385259,5471.630764507595,1.8213791223361113
706.0,1.0,5471.630764507595,5472.130764507595,0.5
707.0,-1.0,5472.130764507595,5487.1311349452935,15.00037043769862
708.0,1.0,5487.1311349452935,5502.131505382992,15.00037043769862
709.0,-1.0,5502.131505382992,5502.631505382992,0.5
710.0,1.0,5502.631505382992,5517.504919156343,14.873413773350876
711.0,-1.0,5517.504919156343,5518.131875820691,0.6269566643477447
712.0,1.0,5518.131875820691,5533.109605089981,14.977729269290649
713.0,-1.0,5533.109605089981,5533.632246258389,0.5226411684079721
714.0,1.0,5533.632246258389,5548.610347789395,14.97810153100545
715.0,-1.0,5548.610347789395,5549.132616696088,0.5222689066931707
716.0,1.0,5549.132616696088,5560.999256907637,11.866640211548656
717.0,-1.0,5560.999256907637,5564.632987133787,3.6337302261499644
718.0,1.0,5564.632987133787,5565.132987133787,0.5
719.0,-1.0,5565.132987133787,5580.133357571485,15.00037043769862
720.0,1.0,5580.133357571485,5581.082353203664,0.948995632178594
721.0,-1.0,5581.082353203664,5595.633728009184,14.551374805520027
722.0,1.0,5595.633728009184,5610.6340984468825,15.00037043769862
723.0,-1.0,5610.6340984468825,5611.1340984468825,0.5
724.0,1.0,5611.134098446882,5611.63635432665,0.5022558797681995
725.0,-1.0,5611.63635432665,5626.63446888458,14.998114557930421
726.0,1.0,5626.63446888458,5627.36945583281,0.7349869482295617
727.0,-1.0,5627.36945583281,5642.134839322279,14.765383489469059
728.0,1.0,5642.134839322279,5642.683055961714,0.5482166394349406
729.0,-1.0,5642.683055961714,5657.635209759977,14.95215379826368
730.0,1.0,5657.635209759977,5658.135209759977,0.5
731.0,-1.0,5658.135209759977,5673.135580197676,15.00037043769862
732.0,1.0,5673.135580197676,5688.135941716466,15.00036151878976
733.0,-1.0,5688.135941716466,5688.635950635375,0.5000089189088612
734.0,1.0,5688.635950635375,5703.636321073073,15.00037043769862
735.0,-1.0,5703.636321073073,5704.136321073073,0.5
736.0,1.0,5704.136321073073,5704.780416378073,0.6440953049996097
737.0,-1.0,5704.780416378073,5719.636691510772,14.856275132699011
738.0,1.0,5719.636691510772,5720.136691510772,0.5
739.0,-1.0,5720.136691510772,5735.137061948471,15.00037043769862
740.0,1.0,5735.137061948471,5749.984779022159,14.847717073688727
741.0,-1.0,5749.984779022159,5750.637432386169,0.6526533640098933
742.0,1.0,5750.637432386169,5752.385241971119,1.7478095849501187
743.0,-1.0,5752.385241971119,5766.137802823868,13.752560852748502
744.0,1.0,5766.137802823868,5769.205608842527,3.067806018659212
745.0,-1.0,5769.205608842527,5781.638173261566,12.432564419039409
746.0,1.0,5781.638173261566,5782.138173261566,0.5
747.0,-1.0,5782.138173261566,5797.138543699265,15.00037043769862
748.0,1.0,5797.138543699265,5811.488927157579,14.350383458314354
749.0,-1.0,5811.488927157579,5812.638914136964,1.1499869793842663
750.0,1.0,5812.638914136964,5813.138914136964,0.5
751.0,-1.0,5813.138914136964,5828.139284574662,15.00037043769862
752.0,1.0,5828.139284574662,5830.035112068242,1.895827493579418
753.0,-1.0,5830.035112068242,5843.639655012361,13.604542944119203
754.0,1.0,5843.639655012361,5858.6400254500595,15.00037043769862
755.0,-1.0,5858.6400254500595,5859.1400254500595,0.5
756.0,1.0,5859.1400254500595,5873.620714341853,14.480688891793761
757.0,-1.0,5873.620714341853,5874.640395887758,1.0196815459048594
758.0,1.0,5874.640395887758,5875.8387844940235,1.1983886062653255
759.0,-1.0,5875.8387844940235,5890.140766325457,14.301981831433295
760.0,1.0,5890.140766325456,5905.141132416464,15.00036609100789
761.0,-1.0,5905.141132416464,5905.6411367631545,0.50000434669073
762.0,1.0,5905.6411367631545,5907.162561097428,1.5214243342734335
763.0,-1.0,5907.162561097428,5921.141507200853,13.978946103425187
764.0,1.0,5921.141507200853,5921.642027996116,0.5005207952626733
765.0,-1.0,5921.642027996116,5936.641877638552,14.999849642435947
766.0,1.0,5936.641877638552,5937.141877638552,0.5
767.0,-1.0,5937.141877638552,5952.14224807625,15.00037043769862
768.0,1.0,5952.14224807625,5952.64224807625,0.5
769.0,-1.0,5952.64224807625,5967.642618513949,15.00037043769862
770.0,1.0,5967.642618513949,5968.179070118424,0.5364516044746779
771.0,-1.0,5968.179070118424,5983.142988951648,14.963918833223943
772.0,1.0,5983.142988951648,5998.143359389346,15.00037043769862
773.0,-1.0,5998.143359389346,5998.643359389346,0.5
774.0,1.0,5998.643359389346,6013.643729827045,15.00037043769862
775.0,-1.0,6013.643729827045,6014.143729827045,0.5
776.0,1.0,6014.143729827045,6014.651119435496,0.5073896084513763
777.0,-1.0,6014.651119435496,6029.644100264743,14.992980829247244
778.0,1.0,6029.644100264743,6044.5467733927935,14.902673128050083
779.0,-1.0,6044.5467733927935,6045.144470702442,0.5976973096485381
780.0,1.0,6045.144470702442,6060.1443243045605,14.999853602118492
781.0,-1.0,6060.1443243045605,6060.644841140141,0.5005168355801288
782.0,1.0,6060.644841140141,6075.567239527507,14.92239838736623
783.0,-1.0,6075.567239527507,6076.145211577839,0.5779720503323915
784.0,1.0,6076.145211577839,6077.82849087043,1.6832792925906688
785.0,-1.0,6077.82849087043,6091.645582015538,13.817091145107952
786.0,1.0,6091.645582015538,6106.6459524532365,15.00037043769862
787.0,-1.0,6106.6459524532365,6107.1459524532365,0.5
788.0,1.0,6107.1459524532365,6122.108653500498,14.962701047261362
789.0,-1.0,6122.108653500498,6122.646322890935,0.5376693904372587
790.0,1.0,6122.646322890935,6123.196545946781,0.5502230558458905
791.0,-1.0,6123.196545946781,6138.146693328634,14.95014738185273
792.0,1.0,6138.146693328634,6138.651688743806,0.5049954151718339
793.0,-1.0,6138.651688743806,6153.647063766332,14.995375022526787
794.0,1.0,6153.647063766332,6154.1719664775555,0.5249027112231488
795.0,-1.0,6154.1719664775555,6169.147434204031,14.975467726475472
796.0,1.0,6169.14743420403,6184.147804641729,15.00037043769862
797.0,-1.0,6184.147804641729,6184.647804641729,0.5
798.0,1.0,6184.647804641729,6199.620589141356,14.972784499626869
799.0,-1.0,6199.620589141356,6200.148175079427,0.527585938071752
800.0,1.0,6200.148175079427,6200.657188420543,0.5090133411158604
801.0,-1.0,6200.657188420543,6215.648545517126,14.99135709658276
802.0,1.0,6215.648545517126,6230.648915954825,15.00037043769862
803.0,-1.0,6230.648915954825,6231.148915954825,0.5
804.0,1.0,6231.148915954825,6246.144909054131,14.99599309930636
805.0,-1.0,6246.144909054131,6246.649286392523,0.5043773383922598
806.0,1.0,6246.649286392523,6247.149286562168,0.5000001696444087
807.0,-1.0,6247.149286562168,6262.149656830222,15.000370268054212
808.0,1.0,6262.149656830222,6277.029761596067,14.880104765845317
809.0,-1.0,6277.029761596067,6277.65002726792,0.6202656718533035
810.0,1.0,6277.65002726792,6279.543374798534,1.8933475306139371
811.0,-1.0,6279.543374798534,6293.150397705619,13.607022907084684
812.0,1.0,6293.150397705619,6295.036619548506,1.8862218428866981
813.0,-1.0,6295.036619548506,6308.650768143318,13.614148594811923
814.0,1.0,6308.650768143318,6309.150768143318,0.5
815.0,-1.0,6309.150768143318,6324.151138581016,15.00037043769862
816.0,1.0,6324.151138581016,6339.151509018715,15.00037043769862
817.0,-1.0,6339.151509018715,6339.651509018715,0.5
818.0,1.0,6339.651509018715,6340.614637974301,0.9631289555863987
819.0,-1.0,6340.614637974301,6355.151879456414,14.537241482112222
820.0,1.0,6355.151879456414,6355.732043987366,0.5801645309520609
821.0,-1.0,6355.732043987366,6370.652249894112,14.92020590674656
822.0,1.0,6370.652249894112,6385.652620331811,15.00037043769862
823.0,-1.0,6385.652620331811,6386.152620331811,0.5
824.0,1.0,6386.152620331811,6387.405663161532,1.2530428297213803
825.0,-1.0,6387.405663161532,6401.652990769509,14.24732760797724
826.0,1.0,6401.652990769509,6402.152994078162,0.5000033086525946
827.0,-1.0,6402.152994078162,6417.153361207208,15.000367129046026
828.0,1.0,6417.153361207208,6417.653361207208,0.5
829.0,-1.0,6417.653361207208,6432.653731644907,15.00037043769862
830.0,1.0,6432.653731644906,6447.654102082604,15.00037043769862
831.0,-1.0,6447.654102082604,6448.154102082604,0.5
832.0,1.0,6448.154102082604,6449.175334682394,1.0212325997899825
833.0,-1.0,6449.175334682394,6463.654472520303,14.479137837908638
834.0,1.0,6463.654472520303,6464.7307888090645,1.076316288761518
835.0,-1.0,6464.7307888090645,6479.154842958002,14.424054148937103
836.0,1.0,6479.154842958002,6491.6507437228465,12.495900764844919
837.0,-1.0,6491.6507437228465,6494.6552133957,3.004469672853702
838.0,1.0,6494.6552133957,6495.458046947693,0.8028335519929897
839.0,-1.0,6495.458046947693,6510.155583833399,14.697536885705631
840.0,1.0,6510.155583833399,6525.1559542710975,15.00037043769862
841.0,-1.0,6525.1559542710975,6525.6559542710975,0.5
842.0,1.0,6525.6559542710975,6526.171045236552,0.5150909654548741
843.0,-1.0,6526.171045236552,6541.156324708796,14.985279472243747
844.0,1.0,6541.156324708796,6553.923093536118,12.766768827322267
845.0,-1.0,6553.923093536118,6556.656695146495,2.733601610376354
846.0,1.0,6556.656695146495,6557.203397627993,0.5467024814979595
847.0,-1.0,6557.203397627993,6572.157065584193,14.953667956200661
848.0,1.0,6572.157065584193,6572.657409573057,0.5003439888632784
849.0,-1.0,6572.657409573057,6587.657436021892,15.000026448835342
850.0,1.0,6587.657436021892,6588.232591618051,0.5751555961587655
851.0,-1.0,6588.232591618051,6603.157806459591,14.925214841539855
852.0,1.0,6603.157806459591,6618.158176897289,15.00037043769862
853.0,-1.0,6618.158176897289,6618.658176897289,0.5
854.0,1.0,6618.658176897289,6633.658547334988,15.00037043769862
855.0,-1.0,6633.658547334988,6634.158547334988,0.5
856.0,1.0,6634.158547334988,6649.005985616195,14.84743828120736
857.0,-1.0,6649.005985616195,6649.658917772686,0.6529321564912607
858.0,1.0,6649.658917772686,6650.7209153838485,1.0619976111620417
859.0,-1.0,6650.7209153838485,6665.159288210385,14.438372826536579
860.0,1.0,6665.159288210385,6667.4660475158025,2.306759305417472
861.0,-1.0,6667.4660475158025,6680.659658648084,13.193611132281148
862.0,1.0,6680.659658648084,6682.470923568604,1.8112649205204434
863.0,-1.0,6682.470923568604,6696.160029085782,13.689105517178177
864.0,1.0,6696.160029085782,6711.160399523481,15.00037043769862
865.0,-1.0,6711.160399523481,6711.660399523481,0.5
866.0,1.0,6711.66039952348,6713.506814953942,1.8464154304620024
867.0,-1.0,6713.506814953942,6727.160769961179,13.653955007236618
868.0,1.0,6727.160769961179,6727.660769961179,0.5
869.0,-1.0,6727.660769961179,6742.661140398877,15.00037043769862
870.0,1.0,6742.661140398877,6743.416301271513,0.7551608726353152
871.0,-1.0,6743.416301271513,6758.161510836576,14.745209565063305
872.0,1.0,6758.161510836576,6773.1618812742745,15.00037043769862
873.0,-1.0,6773.1618812742745,6773.6618812742745,0.5
874.0,1.0,6773.6618812742745,6774.203828366322,0.5419470920478489
875.0,-1.0,6774.203828366322,6789.162251711973,14.958423345650772
876.0,1.0,6789.162251711973,6804.162622149672,15.00037043769862
877.0,-1.0,6804.162622149672,6804.662622149672,0.5
878.0,1.0,6804.662622149672,6805.162622167031,0.5000000173595254
879.0,-1.0,6805.162622167031,6820.16299258737,15.000370420339095
880.0,1.0,6820.16299258737,6834.847953814254,14.684961226883388
881.0,-1.0,6834.847953814254,6835.663363025069,0.8154092108152327
882.0,1.0,6835.663363025069,6850.663733462768,15.00037043769862
883.0,-1.0,6850.663733462768,6851.163733462768,0.5
884.0,1.0,6851.163733462768,6865.636575701662,14.472842238894373
885.0,-1.0,6865.636575701662,6866.664103900466,1.027528198804248
886.0,1.0,6866.664103900466,6881.500287265381,14.836183364915087
887.0,-1.0,6881.500287265381,6882.164474338165,0.664187072783534
888.0,1.0,6882.164474338165,6883.560730501999,1.3962561638345505
889.0,-1.0,6883.560730501999,6897.6648447758635,14.10411427386407
890.0,1.0,6897.6648447758635,6911.876379062674,14.211534286810092
891.0,-1.0,6911.876379062674,6913.165215213562,1.2888361508885282
892.0,1.0,6913.165215213562,6927.995293938838,14.830078725275598
893.0,-1.0,6927.995293938838,6928.665585651261,0.6702917124230225
894.0,1.0,6928.665585651261,6930.261198356703,1.5956127054423632
895.0,-1.0,6930.261198356703,6944.165956088959,13.904757732256257
896.0,1.0,6944.165956088959,6959.166326526658,15.00037043769862
897.0,-1.0,6959.166326526658,6959.666326526658,0.5
898.0,1.0,6959.666326526658,6974.666690105042,15.000363578384167
899.0,-1.0,6974.666690105042,6975.166696964357,0.5000068593144533
900.0,1.0,6975.166696964357,6987.579192254526,12.412495290169318
901.0,-1.0,6987.579192254526,6990.667067402055,3.087875147529303
902.0,1.0,6990.667067402054,7000.9202907539575,10.253223351903216
903.0,-1.0,7000.9202907539575,7006.167437839753,5.247147085795405
904.0,1.0,7006.167437839753,7020.841803702928,14.674365863174899
905.0,-1.0,7020.841803702928,7021.6678082774515,0.8260045745237221
906.0,1.0,7021.6678082774515,7022.25344242018,0.5856341427288498
907.0,-1.0,7022.25344242018,7037.16817871515,14.91473629496977
908.0,1.0,7037.16817871515,7040.787319645268,3.619140930118192
909.0,-1.0,7040.787319645268,7052.668549152849,11.881229507580429
910.0,1.0,7052.668549152849,7067.5649458525295,14.896396699680736
911.0,-1.0,7067.5649458525295,7068.168919590547,0.6039737380178849
912.0,1.0,7068.168919590547,7068.668919590547,0.5
913.0,-1.0,7068.668919590547,7083.669290028246,15.00037043769862
914.0,1.0,7083.669290028246,7095.20399196286,11.534701934613622
915.0,-1.0,7095.20399196286,7099.169660465945,3.9656685030849985
916.0,1.0,7099.169660465945,7114.170029512792,15.000369046847482
917.0,-1.0,7114.170029512792,7114.670030903643,0.5000013908511391
918.0,1.0,7114.670030903643,7129.668007903891,14.997977000247374
919.0,-1.0,7129.668007903891,7130.170401341342,0.5023934374512464
920.0,1.0,7130.170401341342,7145.145700325758,14.97529898441644
921.0,-1.0,7145.145700325758,7145.6707717790405,0.5250714532821803
922.0,1.0,7145.6707717790405,7160.671142216739,15.00037043769862
923.0,-1.0,7160.671142216739,7161.171142216739,0.5
924.0,1.0,7161.171142216739,7175.207682723176,14.036540506436722
925.0,-1.0,7175.207682723176,7176.671512654438,1.4638299312618983
926.0,1.0,7176.671512654438,7191.671883092136,15.00037043769862
927.0,-1.0,7191.671883092136,7192.171883092136,0.5
928.0,1.0,7192.171883092136,7207.172253529835,15.00037043769862
929.0,-1.0,7207.172253529835,7207.672253529835,0.5
930.0,1.0,7207.672253529835,7208.172272483298,0.5000189534630408
931.0,-1.0,7208.172272483298,7223.172623967534,15.00035148423558
932.0,1.0,7223.172623967534,7224.8672533600575,1.6946293925238933
933.0,-1.0,7224.8672533600575,7238.672994405232,13.805741045174727
934.0,1.0,7238.672994405232,7241.554882812778,2.8818884075453752
935.0,-1.0,7241.554882812778,7254.173364842931,12.618482030153245
936.0,1.0,7254.17336484293,7254.681502239176,0.5081373962457292
937.0,-1.0,7254.681502239176,7269.6737352806285,14.992233041452891
938.0,1.0,7269.6737352806285,7270.502803999976,0.8290687193475605
939.0,-1.0,7270.502803999976,7285.174105718327,14.67130171835106
940.0,1.0,7285.174105718327,7300.174476156026,15.00037043769862
941.0,-1.0,7300.174476156026,7300.674476156026,0.5
942.0,1.0,7300.674476156026,7313.394681984003,12.720205827977225
943.0,-1.0,7313.394681984003,7316.174846593724,2.780164609721396
944.0,1.0,7316.174846593724,7331.129247106236,14.954400512511711
945.0,-1.0,7331.129247106236,7331.675217031423,0.5459699251869097
946.0,1.0,7331.675217031423,7339.888098009646,8.212880978222529
947.0,-1.0,7339.888098009646,7347.175587469122,7.287489459476092
948.0,1.0,7347.175587469122,7362.174601666675,14.999014197553151
949.0,-1.0,7362.174601666675,7362.67595790682,0.5013562401454692
950.0,1.0,7362.67595790682,7375.758614967138,13.082657060317615
951.0,-1.0,7375.758614967138,7378.176328344519,2.4177133773810056
952.0,1.0,7378.176328344519,7379.106517166775,0.9301888222562411
953.0,-1.0,7379.106517166775,7393.6766987822175,14.57018161544238
954.0,1.0,7393.6766987822175,7394.581402896716,0.9047041144985997
955.0,-1.0,7394.581402896716,7409.177069219916,14.595666323200021
956.0,1.0,7409.177069219916,7409.931978222517,0.7549090026004706
957.0,-1.0,7409.931978222517,7424.677439657615,14.74546143509815
958.0,1.0,7424.677439657615,7427.995193900209,3.317754242594674
959.0,-1.0,7427.995193900209,7440.177810095313,12.182616195103947
960.0,1.0,7440.177810095313,7452.379075159959,12.201265064645668
961.0,-1.0,7452.379075159959,7455.678180533012,3.299105373052953
962.0,1.0,7455.678180533012,7456.41631719824,0.7381366652280121
963.0,-1.0,7456.41631719824,7471.178550970711,14.762233772470609
964.0,1.0,7471.178550970711,7473.795581544081,2.617030573370357
965.0,-1.0,7473.795581544081,7486.678921408409,12.883339864328264
966.0,1.0,7486.678921408409,7488.710505469908,2.0315840614985063
967.0,-1.0,7488.710505469908,7502.179291846108,13.468786376200114
968.0,1.0,7502.179291846108,7517.131834874743,14.952543028634864
969.0,-1.0,7517.131834874743,7517.6796622838065,0.5478274090637569
970.0,1.0,7517.6796622838065,7518.303297467553,0.6236351837469556
971.0,-1.0,7518.303297467553,7533.180032721505,14.876735253951665
972.0,1.0,7533.180032721504,7544.596898112026,11.416865390521707
973.0,-1.0,7544.596898112026,7548.680403159203,4.083505047176914
974.0,1.0,7548.680403159203,7549.180403159203,0.5
975.0,-1.0,7549.180403159203,7564.180773596901,15.00037043769862
976.0,1.0,7564.180773596901,7566.3350572013305,2.1542836044291107
977.0,-1.0,7566.3350572013305,7579.6811440346,13.34608683326951
978.0,1.0,7579.6811440346,7580.9733343619855,1.2921903273854696
979.0,-1.0,7580.9733343619855,7595.181514472299,14.208180110313151
980.0,1.0,7595.181514472299,7596.115564478593,0.9340500062944557
981.0,-1.0,7596.115564478593,7610.681884909997,14.566320431404165
982.0,1.0,7610.681884909997,7612.6203600514555,1.9384751414581842
983.0,-1.0,7612.6203600514555,7626.182255347696,13.561895296240436
984.0,1.0,7626.182255347696,7641.169218583813,14.986963236116935
985.0,-1.0,7641.169218583813,7641.6826257853945,0.5134072015816855
986.0,1.0,7641.6826257853945,7654.433705953538,12.751080168143744
987.0,-1.0,7654.433705953538,7657.182996223093,2.7492902695548764
988.0,1.0,7657.182996223093,7669.798517238563,12.615521015470222
989.0,-1.0,7669.798517238563,7672.683366660792,2.884849422228399
990.0,1.0,7672.683366660792,7687.68209238244,14.998725721648043
991.0,-1.0,7687.68209238244,7688.18373709849,0.5016447160505777
992.0,1.0,7688.18373709849,7703.184107536189,15.00037043769862
993.0,-1.0,7703.184107536189,7703.684107536189,0.5
994.0,1.0,7703.684107536189,7718.684477973888,15.00037043769862
995.0,-1.0,7718.684477973888,7719.184477973888,0.5
996.0,1.0,7719.184477973888,7734.1627021119875,14.978224138099904
997.0,-1.0,7734.1627021119875,7734.684848411586,0.5221462995987167
998.0,1.0,7734.684848411586,7749.685218849285,15.00037043769862
999.0,-1.0,7749.685218849285,7750.185218849285,0.5
1000.0,1.0,7750.185218849285,7752.195639475989,2.0104206267042173
1001.0,-1.0,7752.195639475989,7765.6855892869835,13.489949810994403
1002.0,1.0,7765.6855892869835,7766.1855892869835,0.5
1003.0,-1.0,7766.1855892869835,7781.185959724682,15.00037043769862
1004.0,1.0,7781.185959724682,7794.955961229861,13.770001505178698
1005.0,-1.0,7794.955961229861,7796.686330162381,1.730368932519923
1006.0,1.0,7796.686330162381,7797.299552185118,0.6132220227373182
1007.0,-1.0,7797.299552185118,7812.186700600079,14.887148414961302
1008.0,1.0,7812.186700600078,7814.990000304629,2.803299704550227
1009.0,-1.0,7814.990000304629,7827.687071037777,12.697070733148394
1010.0,1.0,7827.687071037777,7841.882076175798,14.19500513802086
1011.0,-1.0,7841.882076175798,7843.187441475476,1.30536529967776
1012.0,1.0,7843.187441475476,7843.687441475476,0.5
1013.0,-1.0,7843.687441475476,7858.687811913174,15.00037043769862
1014.0,1.0,7858.687811913174,7861.799655936272,3.1118440230975466
1015.0,-1.0,7861.799655936272,7874.188182350873,12.388526414601074
1016.0,1.0,7874.188182350873,7888.399072002325,14.210889651451907
1017.0,-1.0,7888.399072002325,7889.6885527885715,1.2894807862467133
1018.0,1.0,7889.6885527885715,7890.518429188289,0.82987639971725
1019.0,-1.0,7890.518429188289,7905.18892322627,14.67049403798137
1020.0,1.0,7905.18892322627,7905.68892322627,0.5
1021.0,-1.0,7905.68892322627,7920.689293663969,15.00037043769862
1022.0,1.0,7920.689293663969,7935.575230932233,14.88593726826457
1023.0,-1.0,7935.575230932233,7936.189664101667,0.6144331694340508
1024.0,1.0,7936.189664101667,7936.77765152203,0.5879874203628788
1025.0,-1.0,7936.77765152203,7951.690034539366,14.912383017335742
1026.0,1.0,7951.690034539366,7952.765699630809,1.0756650914427155
1027.0,-1.0,7952.765699630809,7967.190404977065,14.424705346255905
1028.0,1.0,7967.190404977065,7979.069466625988,11.879061648923198
1029.0,-1.0,7979.069466625988,7982.690775414763,3.6213087887754227
1030.0,1.0,7982.690775414763,7983.190775414763,0.5
1031.0,-1.0,7983.190775414763,7998.191145852462,15.00037043769862
1032.0,1.0,7998.191145852462,7998.780870211139,0.5897243586769036
1033.0,-1.0,7998.780870211139,8013.6915162901605,14.910646079021717
1034.0,1.0,8013.6915162901605,8014.239876733689,0.5483604435285088
1035.0,-1.0,8014.239876733689,8029.191886727859,14.952009994170112
1036.0,1.0,8029.191886727859,8030.149981656062,0.9580949282026268
1037.0,-1.0,8030.149981656062,8044.692257165558,14.542275509495994
1038.0,1.0,8044.692257165558,8045.192257165558,0.5
1039.0,-1.0,8045.192257165558,8060.192627603256,15.00037043769862
1040.0,1.0,8060.192627603256,8060.704436235014,0.5118086317579582
1041.0,-1.0,8060.704436235014,8075.692998040955,14.988561805940662
1042.0,1.0,8075.692998040954,8090.693368478653,15.00037043769862
1043.0,-1.0,8090.693368478653,8091.193368478653,0.5
1044.0,1.0,8091.193368478653,8091.693428330521,0.5000598518681727
1045.0,-1.0,8091.693428330521,8106.693738916351,15.000310585830448
1046.0,1.0,8106.693738916351,8107.193738916351,0.5
1047.0,-1.0,8107.193738916351,8122.19410935405,15.00037043769862
1048.0,1.0,8122.19410935405,8127.7589285016475,5.564819147597518
1049.0,-1.0,8127.7589285016475,8137.694479791749,9.935551290101102
1050.0,1.0,8137.694479791749,8138.194479791749,0.5
1051.0,-1.0,8138.194479791749,8153.194850229447,15.00037043769862
1052.0,1.0,8153.194850229447,8167.988359955425,14.793509725977856
1053.0,-1.0,8167.988359955425,8168.695220667146,0.7068607117207648
1054.0,1.0,8168.695220667146,8183.695591104844,15.00037043769862
1055.0,-1.0,8183.695591104844,8184.195591104844,0.5
1056.0,1.0,8184.195591104844,8184.695591104844,0.5
1057.0,-1.0,8184.695591104844,8199.695961542542,15.000370437697711
1058.0,1.0,8199.695961542544,8214.696331980242,15.000370437697711
1059.0,-1.0,8214.696331980242,8215.196331980242,0.5
1060.0,1.0,8215.196331980242,8215.697695204914,0.5013632246718771
1061.0,-1.0,8215.697695204914,8230.69670241794,14.999007213025834
1062.0,1.0,8230.69670241794,8231.19670241794,0.5
1063.0,-1.0,8231.19670241794,8246.197072855637,15.000370437697711
1064.0,1.0,8246.197072855639,8246.697418468237,0.5003456125978119
1065.0,-1.0,8246.697418468237,8261.697443293337,15.0000248250999
1066.0,1.0,8261.697443293337,8276.493327827377,14.795884534039942
1067.0,-1.0,8276.493327827377,8277.197813731034,0.7044859036577691
1068.0,1.0,8277.197813731036,8292.089545286708,14.891731555671868
1069.0,-1.0,8292.089545286708,8292.698184168734,0.6086388820258435
1070.0,1.0,8292.698184168734,8293.350514498956,0.6523303302219574
1071.0,-1.0,8293.350514498956,8308.198554606432,14.848040107475754
1072.0,1.0,8308.198554606433,8308.698647703788,0.5000930973546929
1073.0,-1.0,8308.698647703788,8323.698925044131,15.000277340343018
1074.0,1.0,8323.698925044131,8324.20165705317,0.5027320090393914
1075.0,-1.0,8324.20165705317,8339.199295481829,14.99763842865832
1076.0,1.0,8339.19929548183,8354.167549371004,14.968253889173866
1077.0,-1.0,8354.167549371004,8354.699665919528,0.5321165485238453
1078.0,1.0,8354.699665919528,8368.079068260566,13.379402341037348
1079.0,-1.0,8368.079068260566,8370.200036357226,2.120968096660363
1080.0,1.0,8370.200036357228,8385.196927872934,14.996891515706011
1081.0,-1.0,8385.196927872934,8385.700406794926,0.5034789219917002
1082.0,1.0,8385.700406794926,8400.700777232623,15.000370437697711
1083.0,-1.0,8400.700777232623,8401.200777232623,0.5
1084.0,1.0,8401.200777232625,8410.172315839689,8.971538607063849
1085.0,-1.0,8410.172315839689,8416.701147670323,6.528831830633862
1086.0,1.0,8416.701147670323,8431.307826740458,14.606679070135215
1087.0,-1.0,8431.307826740458,8432.20151810802,0.8936913675624965
1088.0,1.0,8432.201518108022,8433.446164422296,1.2446463142732682
1089.0,-1.0,8433.446164422296,8447.70188854572,14.255724123424443
1090.0,1.0,8447.70188854572,8460.50308182973,12.80119328400906
1091.0,-1.0,8460.50308182973,8463.202258983418,2.6991771536886517
1092.0,1.0,8463.20225898342,8463.705509506392,0.5032505229719391
1093.0,-1.0,8463.705509506392,8478.702629421117,14.997119914725772
1094.0,1.0,8478.702629421117,8493.70297756586,15.00034814474202
1095.0,-1.0,8493.70297756586,8494.202999858815,0.5000222929556912
1096.0,1.0,8494.202999858815,8494.817531428127,0.614531569312021
1097.0,-1.0,8494.817531428127,8509.703370296513,14.88583886838569
1098.0,1.0,8509.703370296515,8510.203370296515,0.5
1099.0,-1.0,8510.203370296515,8525.203740734212,15.000370437697711
1100.0,1.0,8525.203740734212,8525.823636624558,0.6198958903460152
1101.0,-1.0,8525.823636624558,8540.70411117191,14.880474547351696
1102.0,1.0,8540.704111171912,8541.204217549275,0.5001063773634087
1103.0,-1.0,8541.204217549275,8556.20448160961,15.000264060334302
1104.0,1.0,8556.20448160961,8568.38712698502,12.182645375411084
1105.0,-1.0,8568.38712698502,8571.704852047307,3.317725062286627
1106.0,1.0,8571.704852047309,8572.775953180651,1.0711011333423812
1107.0,-1.0,8572.775953180651,8587.205222485007,14.42926930435533
1108.0,1.0,8587.205222485007,8587.705222485007,0.5
1109.0,-1.0,8587.705222485007,8602.705592922704,15.000370437697711
1110.0,1.0,8602.705592922706,8603.205592924329,0.5000000016225385
1111.0,-1.0,8603.205592924329,8618.205963360404,15.000370436075173
1112.0,1.0,8618.205963360404,8633.120058998447,14.914095638043364
1113.0,-1.0,8633.120058998447,8633.706333798102,0.5862747996543476
1114.0,1.0,8633.706333798104,8648.706513166639,15.0001793685351
1115.0,-1.0,8648.706513166639,8649.206704235801,0.5001910691626108
1116.0,1.0,8649.206704235801,8664.207074673499,15.000370437697711
1117.0,-1.0,8664.207074673499,8664.707074673499,0.5
1118.0,1.0,8664.7070746735,8679.707445111198,15.000370437697711
1119.0,-1.0,8679.707445111198,8680.207445111198,0.5
1120.0,1.0,8680.207445111198,8695.207815548896,15.000370437697711
1121.0,-1.0,8695.207815548896,8695.707815548896,0.5
1122.0,1.0,8695.707815548898,8710.708185986596,15.000370437697711
1123.0,-1.0,8710.708185986596,8711.208185986596,0.5
1124.0,1.0,8711.208185986596,8722.804232684206,11.59604669761029
1125.0,-1.0,8722.804232684206,8726.708556424293,3.9043237400874204
1126.0,1.0,8726.708556424295,8728.536222066728,1.8276656424332032
1127.0,-1.0,8728.536222066728,8742.208926861993,13.672704795264508
1128.0,1.0,8742.208926861993,8757.20929729969,15.000370437697711
1129.0,-1.0,8757.20929729969,8757.70929729969,0.5
1130.0,1.0,8757.70929729969,8772.709667737388,15.000370437697711
1131.0,-1.0,8772.709667737388,8773.209667737388,0.5
1132.0,1.0,8773.20966773739,8786.82912124559,13.619453508199513
1133.0,-1.0,8786.82912124559,8788.710038175088,1.8809169294981984
1134.0,1.0,8788.710038175088,8800.92535710794,12.215318932852824
1135.0,-1.0,8800.92535710794,8804.210408612786,3.285051504844887
1136.0,1.0,8804.210408612787,8813.315430750552,9.105022137764536
1137.0,-1.0,8813.315430750552,8819.710779050485,6.395348299933175
1138.0,1.0,8819.710779050485,8820.210779050485,0.5
1139.0,-1.0,8820.210779050485,8835.211149488183,15.000370437697711
1140.0,1.0,8835.211149488185,8850.211519925882,15.000370437697711
1141.0,-1.0,8850.211519925882,8850.711519925882,0.5
1142.0,1.0,8850.711519925882,8865.71189036358,15.000370437697711
1143.0,-1.0,8865.71189036358,8866.21189036358,0.5
1144.0,1.0,8866.211890363582,8869.692358116523,3.4804677529409673
1145.0,-1.0,8869.692358116523,8881.71226080128,12.019902684756744
1146.0,1.0,8881.71226080128,8882.21226080128,0.5
1147.0,-1.0,8882.21226080128,8897.212631238977,15.000370437697711
1148.0,1.0,8897.21263123898,8897.7130046696,0.500373430621039
1149.0,-1.0,8897.7130046696,8912.713001676677,14.999997007076672
1150.0,1.0,8912.713001676677,8922.838749052322,10.125747375645005
1151.0,-1.0,8922.838749052322,8928.213372114375,5.374623062052706
1152.0,1.0,8928.213372114376,8928.862553430123,0.6491813157463184
1153.0,-1.0,8928.862553430123,8943.713742552074,14.851189121951393
1154.0,1.0,8943.713742552074,8957.608012728799,13.894270176724604
1155.0,-1.0,8957.608012728799,8959.214112989772,1.6061002609731077
1156.0,1.0,8959.214112989774,8970.384306750964,11.170193761190603
1157.0,-1.0,8970.384306750964,8974.714483427471,4.330176676507108
1158.0,1.0,8974.714483427471,8977.322512990395,2.608029562923548
1159.0,-1.0,8977.322512990395,8990.214853865169,12.892340874774163
1160.0,1.0,8990.21485386517,8990.71485386517,0.5
1161.0,-1.0,8990.71485386517,9005.715224302869,15.000370437697711
1162.0,1.0,9005.715224302869,9009.510313377508,3.795089074639691
1163.0,-1.0,9009.510313377508,9021.215594740566,11.70528136305802
1164.0,1.0,9021.215594740568,9035.822621283602,14.607026543033498
1165.0,-1.0,9035.822621283602,9036.715965178266,0.8933438946642127
1166.0,1.0,9036.715965178266,9051.035225097361,14.319259919095202
1167.0,-1.0,9051.035225097361,9052.216335615964,1.1811105186025088
1168.0,1.0,9052.216335615964,9067.177583869043,14.961248253079248
1169.0,-1.0,9067.177583869043,9067.716706053661,0.5391221846184635
1170.0,1.0,9067.716706053663,9068.316109395113,0.5994033414499427
1171.0,-1.0,9068.316109395113,9083.21707649136,14.900967096247768
1172.0,1.0,9083.21707649136,9083.732152152268,0.5150756609073142
1173.0,-1.0,9083.732152152268,9098.717446929058,14.985294776790397
1174.0,1.0,9098.71744692906,9099.21744692906,0.5
1175.0,-1.0,9099.21744692906,9114.217817366758,15.000370437697711
1176.0,1.0,9114.217817366758,9114.717817367147,0.5000000003892637
1177.0,-1.0,9114.717817367147,9129.718187804456,15.000370437308447
1178.0,1.0,9129.718187804458,9144.700389138103,14.982201333645207
1179.0,-1.0,9144.700389138103,9145.218558242155,0.5181691040525038
1180.0,1.0,9145.218558242155,9147.416202762965,2.1976445208092628
1181.0,-1.0,9147.416202762965,9160.718928679853,13.302725916888448
1182.0,1.0,9160.718928679855,9175.176611380233,14.457682700378427
1183.0,-1.0,9175.176611380233,9176.219299117553,1.0426877373192838
1184.0,1.0,9176.219299117553,9176.719299117553,0.5
1185.0,-1.0,9176.719299117553,9191.71966955525,15.000370437697711
1186.0,1.0,9191.719669555252,9206.693601998119,14.973932442866499
1187.0,-1.0,9206.693601998119,9207.22003999295,0.5264379948312126
1188.0,1.0,9207.22003999295,9212.20834629412,4.988306301169359
1189.0,-1.0,9212.20834629412,9222.720410430647,10.512064136528352
1190.0,1.0,9222.72041043065,9237.536317130223,14.815906699574043
1191.0,-1.0,9237.536317130223,9238.220780868347,0.684463738123668
1192.0,1.0,9238.220780868347,9238.720847013568,0.5000661452213535
1193.0,-1.0,9238.720847013568,9253.721151306045,15.000304292476358
1194.0,1.0,9253.721151306047,9255.405879981037,1.6847286749907653
1195.0,-1.0,9255.405879981037,9269.221521743744,13.815641762706946
1196.0,1.0,9269.221521743744,9275.56523237988,6.343710636136166
1197.0,-1.0,9275.56523237988,9284.721892181442,9.156659801561545
1198.0,1.0,9284.721892181444,9299.695228074885,14.97333589344089
1199.0,-1.0,9299.695228074885,9300.222262619141,0.5270345442568214
1200.0,1.0,9300.222262619141,9315.222438526484,15.000175907342054
1201.0,-1.0,9315.222438526484,9315.72263305684,0.5001945303556568
1202.0,1.0,9315.72263305684,9330.720766385099,14.998133328259428
1203.0,-1.0,9330.720766385099,9331.223003494537,0.5022371094382834
1204.0,1.0,9331.223003494539,9342.042641943432,10.819638448892874
1205.0,-1.0,9342.042641943432,9346.723373932236,4.680731988804837
1206.0,1.0,9346.723373932236,9347.273671299698,0.5502973674610985
1207.0,-1.0,9347.273671299698,9362.223744369934,14.950073070236613
1208.0,1.0,9362.223744369936,9375.579467034555,13.355722664618952
1209.0,-1.0,9375.579467034555,9377.724114807634,2.144647773078759
1210.0,1.0,9377.724114807634,9392.723643631452,14.999528823818764
1211.0,-1.0,9392.723643631452,9393.224485245331,0.5008416138789471
1212.0,1.0,9393.224485245333,9407.8040944443,14.579609198966864
1213.0,-1.0,9407.8040944443,9408.724855683031,0.9207612387308473
1214.0,1.0,9408.724855683031,9410.069469771854,1.3446140888227092
1215.0,-1.0,9410.069469771854,9424.225226120729,14.155756348875002
1216.0,1.0,9424.22522612073,9439.225596558428,15.000370437697711
1217.0,-1.0,9439.225596558428,9439.725596558428,0.5
1218.0,1.0,9439.725596558428,9440.228215196741,0.5026186383129243
1219.0,-1.0,9440.228215196741,9455.225966996126,14.997751799384787
1220.0,1.0,9455.225966996128,9468.86639697263,13.640429976501764
1221.0,-1.0,9468.86639697263,9470.726337433825,1.8599404611959471
1222.0,1.0,9470.726337433825,9471.226350053877,0.5000126200520754
1223.0,-1.0,9471.226350053877,9486.226707871523,15.000357817645636
1224.0,1.0,9486.226707871525,9486.755312965583,0.5286050940576388
1225.0,-1.0,9486.755312965583,9501.727078309223,14.971765343640072
1226.0,1.0,9501.727078309223,9502.280152687417,0.5530743781946512
1227.0,-1.0,9502.280152687417,9517.22744874692,14.94729605950306
1228.0,1.0,9517.227448746922,9527.073852889349,9.846404142426763
1229.0,-1.0,9527.073852889349,9532.72781918462,5.653966295270948
1230.0,1.0,9532.72781918462,9547.728189622318,15.000370437697711
1231.0,-1.0,9547.728189622318,9548.228189622318,0.5
1232.0,1.0,9548.22818962232,9562.772780283407,14.544590661087568
1233.0,-1.0,9562.772780283407,9563.728560060017,0.955779776610143
1234.0,1.0,9563.728560060017,9564.228560060017,0.5
1235.0,-1.0,9564.228560060017,9579.228930497715,15.000370437697711
1236.0,1.0,9579.228930497715,9594.229300935413,15.000370437697711
1237.0,-1.0,9594.229300935413,9594.729300935413,0.5
1238.0,1.0,9594.729300935414,9609.627620405452,14.898319470037677
1239.0,-1.0,9609.627620405452,9610.229671373112,0.6020509676600341
1240.0,1.0,9610.229671373112,9611.45760905133,1.2279376782171312
1241.0,-1.0,9611.45760905133,9625.73004181081,14.27243275948058
1242.0,1.0,9625.730041810812,9640.727162341369,14.997120530557368
1243.0,-1.0,9640.727162341369,9641.23041224851,0.5032499071403436
1244.0,1.0,9641.23041224851,9650.774883279038,9.544471030529166
1245.0,-1.0,9650.774883279038,9656.730782686207,5.955899407168545
1246.0,1.0,9656.730782686209,9665.280589272039,8.549806585830083
1247.0,-1.0,9665.280589272039,9672.231153123907,6.950563851867628
1248.0,1.0,9672.231153123907,9687.231523561604,15.000370437697711
1249.0,-1.0,9687.231523561604,9687.731523561604,0.5
1250.0,1.0,9687.731523561606,9702.731893999304,15.000370437697711
1251.0,-1.0,9702.731893999304,9703.231893999304,0.5
1252.0,1.0,9703.231893999304,9708.152600677913,4.920706678609349
1253.0,-1.0,9708.152600677913,9718.732264437002,10.579663759088362
1254.0,1.0,9718.732264437003,9733.269000892826,14.536736455822393
1255.0,-1.0,9733.269000892826,9734.232634874701,0.9636339818753186
1256.0,1.0,9734.232634874701,9749.233005312399,15.000370437697711
1257.0,-1.0,9749.233005312399,9749.733005312399,0.5
1258.0,1.0,9749.7330053124,9764.536066872937,14.803061560536662
1259.0,-1.0,9764.536066872937,9765.233375750098,0.6973088771610492
1260.0,1.0,9765.233375750098,9770.256402561929,5.023026811830277
1261.0,-1.0,9770.256402561929,9780.733746187796,10.477343625867434
1262.0,1.0,9780.733746187798,9793.006162774134,12.272416586336476
1263.0,-1.0,9793.006162774134,9796.234116625496,3.227953851361235
1264.0,1.0,9796.234116625496,9811.234487063193,15.000370437697711
1265.0,-1.0,9811.234487063193,9811.734487063193,0.5
1266.0,1.0,9811.734487063195,9814.594138026623,2.8596509634280665
1267.0,-1.0,9814.594138026623,9827.234857500893,12.640719474269645
1268.0,1.0,9827.234857500893,9831.071740109996,3.8368826091027586
1269.0,-1.0,9831.071740109996,9842.73522793859,11.663487828594953
1270.0,1.0,9842.735227938592,9850.2774625149,7.542234576307237
1271.0,-1.0,9850.2774625149,9858.23559837629,7.958135861390474
1272.0,1.0,9858.23559837629,9873.235968813988,15.000370437697711
1273.0,-1.0,9873.235968813988,9873.735968813988,0.5
1274.0,1.0,9873.735968813988,9875.782647090624,2.0466782766361575
1275.0,-1.0,9875.782647090624,9889.236339251685,13.453692161061554
1276.0,1.0,9889.236339251687,9904.236709689385,15.000370437697711
1277.0,-1.0,9904.236709689385,9904.736709689385,0.5
1278.0,1.0,9904.736709689385,9919.737080127083,15.000370437697711
1279.0,-1.0,9919.737080127083,9920.237080127083,0.5
1280.0,1.0,9920.237080127084,9931.117877509618,10.880797382533274
1281.0,-1.0,9931.117877509618,9935.737450564782,4.619573055164437
1282.0,1.0,9935.737450564782,9950.73782100248,15.000370437697711
1283.0,-1.0,9950.73782100248,9951.23782100248,0.5
1284.0,1.0,9951.237821002482,9955.3135297105,4.075708708018283
1285.0,-1.0,9955.3135297105,9966.73819144018,11.424661729679428
1286.0,1.0,9966.73819144018,9967.238286051255,0.5000946110758377
1287.0,-1.0,9967.238286051255,9982.238561877877,15.000275826621873
1288.0,1.0,9982.238561877879,9989.956197823292,7.717635945413349
1289.0,-1.0,9989.956197823292,9997.738932315577,7.782734492284362
1290.0,1.0,9997.738932315577,9998.238932315577,0.5
1291.0,-1.0,9998.238932315577,10013.239302753274,15.000370437697711
1292.0,1.0,10013.239302753276,10028.239673190974,15.000370437697711
1293.0,-1.0,10028.239673190974,10028.739673190974,0.5
1294.0,1.0,10028.739673190974,10034.41199194393,5.672318752956926
1295.0,-1.0,10034.41199194393,10044.240043628672,9.828051684740785
1296.0,1.0,10044.240043628673,10044.740043628673,0.5
1297.0,-1.0,10044.740043628673,10059.740414066371,15.000370437697711
1298.0,1.0,10059.740414066371,10060.985834575036,1.24542050866512
1299.0,-1.0,10060.985834575036,10075.240784504069,14.254949929032591
1300.0,1.0,10075.24078450407,10090.184387963485,14.94360345941459
1301.0,-1.0,10090.184387963485,10090.741154941768,0.5567669782831217
1302.0,1.0,10090.741154941768,10105.741525379466,15.000370437697711
1303.0,-1.0,10105.741525379466,10106.241525379466,0.5
1304.0,1.0,10106.241525379468,10121.241895817166,15.000370437697711
1305.0,-1.0,10121.241895817166,10121.741895817166,0.5
1306.0,1.0,10121.741895817166,10136.742266254863,15.000370437697711
1307.0,-1.0,10136.742266254863,10137.242266254863,0.5
1308.0,1.0,10137.242266254863,10137.742266254863,0.5
1309.0,-1.0,10137.742266254863,10152.742636692561,15.000370437697711
1310.0,1.0,10152.742636692563,10153.670797849081,0.9281611565183994
1311.0,-1.0,10153.670797849081,10168.24300713026,14.572209281179312
1312.0,1.0,10168.24300713026,10183.177127924124,14.934120793863258
1313.0,-1.0,10183.177127924124,10183.743377567958,0.5662496438344533
1314.0,1.0,10183.74337756796,10184.670739986217,0.927362418256962
1315.0,-1.0,10184.670739986217,10199.243748005658,14.57300801944075
1316.0,1.0,10199.243748005658,10214.202447094167,14.958699088509093
1317.0,-1.0,10214.202447094167,10214.744118443356,0.5416713491886185
1318.0,1.0,10214.744118443357,10229.539871275305,14.795752831947539
1319.0,-1.0,10229.539871275305,10230.244488881055,0.7046176057501725
1320.0,1.0,10230.244488881055,10245.244366299292,14.999877418236792
1321.0,-1.0,10245.244366299292,10245.744859318753,0.5004930194609187
1322.0,1.0,10245.744859318755,10258.613872165852,12.86901284709711
1323.0,-1.0,10258.613872165852,10261.245229756452,2.631357590600601
1324.0,1.0,10261.245229756452,10274.922815636159,13.677585879706385
1325.0,-1.0,10274.922815636159,10276.74560019415,1.8227845579913264
1326.0,1.0,10276.745600194152,10277.24936781679,0.5037676226384065
1327.0,-1.0,10277.24936781679,10292.24597063185,14.996602815059305
1328.0,1.0,10292.24597063185,10292.74597063185,0.5
1329.0,-1.0,10292.74597063185,10307.746341069547,15.000370437697711
1330.0,1.0,10307.746341069549,10322.71414098099,14.967799911441034
1331.0,-1.0,10322.71414098099,10323.246711507247,0.5325705262566771
1332.0,1.0,10323.246711507247,10338.247081896023,15.000370388775991
1333.0,-1.0,10338.247081896023,10338.747081944945,0.50000004892172
1334.0,1.0,10338.747081944946,10339.510152314362,0.7630703694158001
1335.0,-1.0,10339.510152314362,10354.247452382644,14.737300068281911
1336.0,1.0,10354.247452382644,10358.841917905516,4.5944655228722695
1337.0,-1.0,10358.841917905516,10369.747822820342,10.905904914825442
1338.0,1.0,10369.747822820344,10375.200485824136,5.4526630037926225
1339.0,-1.0,10375.200485824136,10385.248193258041,10.047707433905089
1340.0,1.0,10385.248193258041,10390.170325657635,4.922132399593465
1341.0,-1.0,10390.170325657635,10400.748563695739,10.578238038104246
1342.0,1.0,10400.748563695739,10406.431054422132,5.682490726392643
1343.0,-1.0,10406.431054422132,10416.248934133437,9.817879711305068
1344.0,1.0,10416.248934133439,10425.42286290535,9.17392877191196
1345.0,-1.0,10425.42286290535,10431.749304571136,6.326441665785751
1346.0,1.0,10431.749304571136,10445.63403482371,13.884730252573718
1347.0,-1.0,10445.63403482371,10447.249675008834,1.6156401851239934
1348.0,1.0,10447.249675008836,10452.11580087266,4.8661258638239815
1349.0,-1.0,10452.11580087266,10462.750045446533,10.63424457387373
1350.0,1.0,10462.750045446533,10466.700548979665,3.9505035331312683
1351.0,-1.0,10466.700548979665,10478.250415884231,11.549866904566443
1352.0,1.0,10478.250415884233,10483.532502310842,5.282086426608657
1353.0,-1.0,10483.532502310842,10493.75078632193,10.218284011089054
1354.0,1.0,10493.75078632193,10508.73874610023,14.987959778300137
1355.0,-1.0,10508.73874610023,10509.251156759628,0.5124106593975739
1356.0,1.0,10509.25115675963,10509.75115675963,0.5
1357.0,-1.0,10509.75115675963,10524.751527197328,15.000370437697711
1358.0,1.0,10524.751527197328,10539.492320820085,14.740793622757337
1359.0,-1.0,10539.492320820085,10540.251897635026,0.7595768149403739
1360.0,1.0,10540.251897635027,10540.763203740498,0.5113061054707941
1361.0,-1.0,10540.763203740498,10555.752268072725,14.989064332226917
1362.0,1.0,10555.752268072725,10556.339335002467,0.5870669297419226
1363.0,-1.0,10556.339335002467,10571.252638510423,14.913303507955789
1364.0,1.0,10571.252638510425,10571.772421979245,0.5197834688206058
1365.0,-1.0,10571.772421979245,10586.753008948122,14.980586968877105
1366.0,1.0,10586.753008948122,10601.75337938582,15.000370437697711
1367.0,-1.0,10601.75337938582,10602.25337938582,0.5
1368.0,1.0,10602.253379385822,10606.188552660737,3.935173274914632
1369.0,-1.0,10606.188552660737,10617.75374982352,11.565197162783079
1370.0,1.0,10617.75374982352,10618.983062072528,1.229312249008217
1371.0,-1.0,10618.983062072528,10633.254120261217,14.271058188689494
1372.0,1.0,10633.25412026122,10648.254486273003,15.000366011783626
1373.0,-1.0,10648.254486273003,10648.754490698917,0.500004425914085
1374.0,1.0,10648.754490698917,10663.137702330341,14.383211631424274
1375.0,-1.0,10663.137702330341,10664.254861136615,1.1171588062734372
1376.0,1.0,10664.254861136616,10664.785576310856,0.5307151742399583
1377.0,-1.0,10664.785576310856,10679.755231574314,14.969655263457753
1378.0,1.0,10679.755231574314,10680.255231574314,0.5
1379.0,-1.0,10680.255231574314,10695.255602012012,15.000370437697711
1380.0,1.0,10695.255602012012,10710.247703418481,14.992101406469374
1381.0,-1.0,10710.247703418481,10710.75597244971,0.5082690312283376
1382.0,1.0,10710.755972449711,10712.152675116145,1.3967026664340665
1383.0,-1.0,10712.152675116145,10726.25634288741,14.103667771263645
1384.0,1.0,10726.25634288741,10726.75634288741,0.5
1385.0,-1.0,10726.75634288741,10741.756713325107,15.000370437697711
1386.0,1.0,10741.756713325109,10756.75650264787,14.99978932276099
1387.0,-1.0,10756.75650264787,10757.257083762806,0.5005811149367219
1388.0,1.0,10757.257083762806,10766.289057195148,9.031973432342056
1389.0,-1.0,10766.289057195148,10772.757454200504,6.468397005355655
1390.0,1.0,10772.757454200506,10787.757824638204,15.000370437697711
1391.0,-1.0,10787.757824638204,10788.257824638204,0.5
1392.0,1.0,10788.257824638204,10790.934753927639,2.6769292894350656
1393.0,-1.0,10790.934753927639,10803.758195075901,12.823441148262646
1394.0,1.0,10803.758195075903,10818.7585655136,15.000370437697711
1395.0,-1.0,10818.7585655136,10819.2585655136,0.5
1396.0,1.0,10819.2585655136,10822.25254042747,2.993974913868442
1397.0,-1.0,10822.25254042747,10834.758935951299,12.50639552382927
1398.0,1.0,10834.7589359513,10849.754126565105,14.99519061380488
1399.0,-1.0,10849.754126565105,10850.259306388998,0.5051798238928313
1400.0,1.0,10850.259306388998,10859.55068673977,9.29138035077267
1401.0,-1.0,10859.55068673977,10865.759676826696,6.208990086925041
1402.0,1.0,10865.759676826698,10880.176106468592,14.416429641894865
1403.0,-1.0,10880.176106468592,10881.260047264395,1.083940795802846
1404.0,1.0,10881.260047264395,10881.760047264395,0.5
1405.0,-1.0,10881.760047264395,10896.760417702093,15.000370437697711
1406.0,1.0,10896.760417702095,10904.612760267595,7.852342565500294
1407.0,-1.0,10904.612760267595,10912.260788139793,7.648027872197417
1408.0,1.0,10912.260788139793,10912.802662578986,0.5418744391936343
1409.0,-1.0,10912.802662578986,10927.76115857749,14.958495998504077
1410.0,1.0,10927.761158577492,10935.530703118624,7.769544541131836
1411.0,-1.0,10935.530703118624,10943.26152901519,7.730825896565875
1412.0,1.0,10943.26152901519,10956.233781067025,12.972252051835312
1413.0,-1.0,10956.233781067025,10958.761899452888,2.528118385862399
1414.0,1.0,10958.761899452888,10959.479122679819,0.7172232269313099
1415.0,-1.0,10959.479122679819,10974.262269890585,14.783147210766401
1416.0,1.0,10974.262269890587,10979.685956841315,5.423686950727642
1417.0,-1.0,10979.685956841315,10989.762640328285,10.076683486970069
1418.0,1.0,10989.762640328285,10993.429561370434,3.6669210421496246
1419.0,-1.0,10993.429561370434,11005.263010765982,11.833449395548087
1420.0,1.0,11005.263010765984,11020.263381203682,15.000370437697711
1421.0,-1.0,11020.263381203682,11020.763381203682,0.5
1422.0,1.0,11020.763381203682,11021.264060882188,0.5006796785055485
1423.0,-1.0,11021.264060882188,11036.26375164138,14.999690759192163
1424.0,1.0,11036.263751641382,11037.285842349533,1.022090708151154
1425.0,-1.0,11037.285842349533,11051.76412207908,14.478279729546557
1426.0,1.0,11051.76412207908,11066.764417405328,15.000295326248306
1427.0,-1.0,11066.764417405328,11067.264492516777,0.5000751114494051
1428.0,1.0,11067.264492516779,11082.264862954476,15.000370437697711
1429.0,-1.0,11082.264862954476,11082.764862954476,0.5
1430.0,1.0,11082.764862954476,11083.264862954476,0.5
1431.0,-1.0,11083.264862954476,11098.265233392174,15.000370437697711
1432.0,1.0,11098.265233392176,11098.788852099808,0.5236187076316128
1433.0,-1.0,11098.788852099808,11113.765603829874,14.976751730066098
1434.0,1.0,11113.765603829874,11114.267134244312,0.5015304144380934
1435.0,-1.0,11114.267134244312,11129.265974267571,14.998840023259618
1436.0,1.0,11129.265974267573,11129.868069125143,0.6020948575696821
1437.0,-1.0,11129.868069125143,11144.766344705271,14.898275580128029
1438.0,1.0,11144.766344705271,11145.266344705271,0.5
1439.0,-1.0,11145.266344705271,11160.266715142969,15.000370437697711
1440.0,1.0,11160.26671514297,11175.245391036662,14.978675893691616
1441.0,-1.0,11175.245391036662,11175.767085580668,0.5216945440060954
1442.0,1.0,11175.767085580668,11176.267085580668,0.5
1443.0,-1.0,11176.267085580668,11191.267456018366,15.000370437697711
1444.0,1.0,11191.267456018368,11191.767456018368,0.5
1445.0,-1.0,11191.767456018368,11206.767826456065,15.000370437697711
1446.0,1.0,11206.767826456065,11207.267867296843,0.5000408407777286
1447.0,-1.0,11207.267867296843,11222.268196893763,15.000329596919983
1448.0,1.0,11222.268196893763,11224.755015487419,2.4868185936556984
1449.0,-1.0,11224.755015487419,11237.76856733146,13.013551844042013
1450.0,1.0,11237.768567331463,11238.268567331463,0.5
1451.0,-1.0,11238.268567331463,11253.26893776916,15.000370437697711
1452.0,1.0,11253.26893776916,11268.269308206203,15.000370437042875
1453.0,-1.0,11268.269308206203,11268.769308206858,0.5000000006548362
1454.0,1.0,11268.76930820686,11281.493991406955,12.72468320009466
1455.0,-1.0,11281.493991406955,11284.269678644558,2.7756872376030515
1456.0,1.0,11284.269678644558,11299.145176461625,14.875497817067298
1457.0,-1.0,11299.145176461625,11299.770049082255,0.6248726206304127
1458.0,1.0,11299.770049082257,11314.770419519955,15.000370437697711
1459.0,-1.0,11314.770419519955,11315.270419519955,0.5
1460.0,1.0,11315.270419519955,11330.270789957653,15.000370437697711
1461.0,-1.0,11330.270789957653,11330.770789957653,0.5
1462.0,1.0,11330.770789957654,11345.767547637897,14.996757680242808
1463.0,-1.0,11345.767547637897,11346.271160395352,0.5036127574549027
1464.0,1.0,11346.271160395352,11346.771160395352,0.5
1465.0,-1.0,11346.771160395352,11361.77153083305,15.000370437697711
1466.0,1.0,11361.771530833052,11370.735157566281,8.96362673322983
1467.0,-1.0,11370.735157566281,11377.27190127075,6.536743704467881
1468.0,1.0,11377.27190127075,11377.802143227413,0.5302419566633034
1469.0,-1.0,11377.802143227413,11392.772271708447,14.970128481034408
1470.0,1.0,11392.772271708449,11397.558771464663,4.786499756213743
1471.0,-1.0,11397.558771464663,11408.272642146147,10.713870681483968
1472.0,1.0,11408.272642146147,11408.845650451301,0.5730083051548718
1473.0,-1.0,11408.845650451301,11423.773012583844,14.92736213254284
1474.0,1.0,11423.773012583846,11438.742891094422,14.969878510575654
1475.0,-1.0,11438.742891094422,11439.273383021544,0.530491927122057
1476.0,1.0,11439.273383021544,11454.236739783848,14.963356762304102
1477.0,-1.0,11454.236739783848,11454.773753459242,0.5370136753936094
1478.0,1.0,11454.773753459243,11463.450931486086,8.67717802684274
1479.0,-1.0,11463.450931486086,11470.274123896941,6.823192410854972
1480.0,1.0,11470.274123896941,11471.732325355611,1.4582014586703735
1481.0,-1.0,11471.732325355611,11485.774494334639,14.042168979027338
1482.0,1.0,11485.77449433464,11500.75162492423,14.97713058959016
1483.0,-1.0,11500.75162492423,11501.274864772338,0.5232398481075506
1484.0,1.0,11501.274864772338,11501.774864772338,0.5
1485.0,-1.0,11501.774864772338,11516.775235210036,15.000370437697711
1486.0,1.0,11516.775235210036,11517.275235210036,0.5
1487.0,-1.0,11517.275235210036,11532.275605647734,15.000370437697711
1488.0,1.0,11532.275605647736,11532.801560910282,0.5259552625466313
1489.0,-1.0,11532.801560910282,11547.775976085433,14.97441517515108
1490.0,1.0,11547.775976085433,11551.566629855306,3.7906537698727334
1491.0,-1.0,11551.566629855306,11563.276346523131,11.709716667824978
1492.0,1.0,11563.276346523133,11566.62053239501,3.344185871877926
1493.0,-1.0,11566.62053239501,11578.77671696083,12.156184565819785
1494.0,1.0,11578.77671696083,11593.005209242707,14.228492281876242
1495.0,-1.0,11593.005209242707,11594.277087398528,1.2718781558214687
1496.0,1.0,11594.27708739853,11609.241517592392,14.964430193862427
1497.0,-1.0,11609.241517592392,11609.777457836228,0.5359402438352845
1498.0,1.0,11609.777457836228,11623.741298142848,13.963840306620114
1499.0,-1.0,11623.741298142848,11625.277828273925,1.5365301310775976
1500.0,1.0,11625.277828273927,11638.876379854955,13.598551581028005
1501.0,-1.0,11638.876379854955,11640.778198711625,1.9018188566697063
1502.0,1.0,11640.778198711625,11641.280359805633,0.5021610940075334
1503.0,-1.0,11641.280359805633,11656.278569149323,14.998209343690178
1504.0,1.0,11656.278569149325,11671.238447402504,14.95987825317934
1505.0,-1.0,11671.238447402504,11671.778939587022,0.5404921845183708
1506.0,1.0,11671.778939587022,11686.77931002472,15.000370437697711
1507.0,-1.0,11686.77931002472,11687.27931002472,0.5
1508.0,1.0,11687.279310024722,11701.8359793084,14.556669283678275
1509.0,-1.0,11701.8359793084,11702.77968046242,0.9437011540194362
1510.0,1.0,11702.77968046242,11706.767934620571,3.9882541581519035
1511.0,-1.0,11706.767934620571,11718.280050900117,11.512116279545808
1512.0,1.0,11718.280050900119,11733.01751977517,14.73746887505149
1513.0,-1.0,11733.01751977517,11733.780421337817,0.7629015626462206
1514.0,1.0,11733.780421337817,11734.280421337817,0.5
1515.0,-1.0,11734.280421337817,11749.280791775514,15.000370437697711
1516.0,1.0,11749.280791775516,11764.281162213214,15.000370437697711
1517.0,-1.0,11764.281162213214,11764.781162213214,0.5
1518.0,1.0,11764.781162213214,11779.3148074162,14.533645202986008
1519.0,-1.0,11779.3148074162,11780.281532650912,0.9667252347117028
1520.0,1.0,11780.281532650912,11781.076334455342,0.7948018044298806
1521.0,-1.0,11781.076334455342,11795.78190308861,14.70556863326783
1522.0,1.0,11795.781903088611,11810.782273526309,15.000370437697711
1523.0,-1.0,11810.782273526309,11811.282273526309,0.5
1524.0,1.0,11811.282273526309,11826.282643964007,15.000370437697711
1525.0,-1.0,11826.282643964007,11826.782643964007,0.5
1526.0,1.0,11826.782643964008,11827.289909522957,0.5072655589483475
1527.0,-1.0,11827.289909522957,11842.283014401706,14.993104878749364
1528.0,1.0,11842.283014401706,11854.131188490948,11.848174089242093
1529.0,-1.0,11854.131188490948,11857.783384839404,3.652196348455618
1530.0,1.0,11857.783384839406,11872.783755277103,15.000370437697711
1531.0,-1.0,11872.783755277103,11873.283755277103,0.5
1532.0,1.0,11873.283755277103,11884.94652949209,11.662774214986712
1533.0,-1.0,11884.94652949209,11888.784125714801,3.8375962227109994
1534.0,1.0,11888.784125714803,11889.284125714803,0.5
1535.0,-1.0,11889.284125714803,11904.2844961525,15.000370437697711
1536.0,1.0,11904.2844961525,11904.819049289075,0.5345531365746865
1537.0,-1.0,11904.819049289075,11919.784866590198,14.965817301123025
1538.0,1.0,11919.7848665902,11920.761002320654,0.9761357304541889
1539.0,-1.0,11920.761002320654,11935.285237027898,14.524234707243522
1540.0,1.0,11935.285237027898,11950.285445878932,15.000208851033676
1541.0,-1.0,11950.285445878932,11950.785607465596,0.500161586664035
1542.0,1.0,11950.785607465597,11951.285607465597,0.5
1543.0,-1.0,11951.285607465597,11966.285977903295,15.000370437697711
1544.0,1.0,11966.285977903295,11972.788184215082,6.502206311786722
1545.0,-1.0,11972.788184215082,11981.786348340993,8.99816412591099
1546.0,1.0,11981.786348340995,11989.503923043296,7.717574702301135
1547.0,-1.0,11989.503923043296,11997.286718778692,7.782795735396576
1548.0,1.0,11997.286718778692,12011.0830392882,13.796320509507495
1549.0,-1.0,12011.0830392882,12012.78708921639,1.7040499281902157
1550.0,1.0,12012.787089216392,12013.641725526531,0.85463631013954
1551.0,-1.0,12013.641725526531,12028.28745965409,14.645734127558171
1552.0,1.0,12028.28745965409,12029.781645780016,1.494186125926717
1553.0,-1.0,12029.781645780016,12043.787830091787,14.006184311770994
1554.0,1.0,12043.787830091787,12058.788200529485,15.000370437697711
1555.0,-1.0,12058.788200529485,12059.288200529485,0.5
1556.0,1.0,12059.288200529487,12059.788200529487,0.5
1557.0,-1.0,12059.788200529487,12074.788570967185,15.000370437697711
1558.0,1.0,12074.788570967185,12089.788941404882,15.000370437697711
1559.0,-1.0,12089.788941404882,12090.288941404882,0.5
1560.0,1.0,12090.288941404884,12091.117282224188,0.8283408193037758
1561.0,-1.0,12091.117282224188,12105.789311842582,14.672029618393935
1562.0,1.0,12105.789311842582,12117.237391854384,11.448080011801721
1563.0,-1.0,12117.237391854384,12121.28968228028,4.05229042589599
1564.0,1.0,12121.289682280281,12136.290052717979,15.000370437697711
1565.0,-1.0,12136.290052717979,12136.790052717979,0.5
1566.0,1.0,12136.790052717979,12137.290052717979,0.5
1567.0,-1.0,12137.290052717979,12152.290423155677,15.000370437697711
1568.0,1.0,12152.290423155679,12167.290793593376,15.000370437697711
1569.0,-1.0,12167.290793593376,12167.790793593376,0.5
1570.0,1.0,12167.790793593376,12170.815401456319,3.024607862942503
1571.0,-1.0,12170.815401456319,12183.291164031074,12.475762574755208
1572.0,1.0,12183.291164031076,12183.791164031076,0.5
1573.0,-1.0,12183.791164031076,12198.791534468774,15.000370437697711
1574.0,1.0,12198.791534468774,12208.447020095808,9.655485627034068
1575.0,-1.0,12208.447020095808,12214.291904906471,5.844884810663643
1576.0,1.0,12214.291904906473,12226.347119341943,12.05521443546968
1577.0,-1.0,12226.347119341943,12229.79227534417,3.445156002228032
1578.0,1.0,12229.79227534417,12230.29227534417,0.5
1579.0,-1.0,12230.29227534417,12245.292645781868,15.000370437697711
1580.0,1.0,12245.29264578187,12253.165466237222,7.872820455351757
1581.0,-1.0,12253.165466237222,12260.793016219568,7.627549982345954
1582.0,1.0,12260.793016219568,12262.14941950018,1.3564032806116302
1583.0,-1.0,12262.14941950018,12276.293386657266,14.143967157086081
1584.0,1.0,12276.293386657268,12276.793386657268,0.5
1585.0,-1.0,12276.793386657268,12291.793757094965,15.000370437697711
1586.0,1.0,12291.793757094965,12292.579066749362,0.7853096543967695
1587.0,-1.0,12292.579066749362,12307.294127532663,14.715060783300942
1588.0,1.0,12307.294127532665,12322.294497970362,15.000370437697711
1589.0,-1.0,12322.294497970362,12322.794497970362,0.5
1590.0,1.0,12322.794497970362,12323.294497970362,0.5
1591.0,-1.0,12323.294497970362,12338.29486840806,15.000370437697711
1592.0,1.0,12338.29486840806,12342.354331920254,4.05946351219427
1593.0,-1.0,12342.354331920254,12353.795238845758,11.440906925503441
1594.0,1.0,12353.79523884576,12362.099921510518,8.30468266475873
1595.0,-1.0,12362.099921510518,12369.295609283457,7.195687772938982
1596.0,1.0,12369.295609283457,12369.795852568182,0.500243284725002
1597.0,-1.0,12369.795852568182,12384.795979721155,15.00012715297271
1598.0,1.0,12384.795979721157,12385.295979721157,0.5
1599.0,-1.0,12385.295979721157,12400.296350158855,15.000370437697711
1600.0,1.0,12400.296350158855,12415.296720596552,15.000370437697711
1601.0,-1.0,12415.296720596552,12415.796720596552,0.5
1602.0,1.0,12415.796720596554,12423.585330968532,7.788610371977484
1603.0,-1.0,12423.585330968532,12431.297091034252,7.711760065720227
1604.0,1.0,12431.297091034252,12439.450969937236,8.153878902983706
1605.0,-1.0,12439.450969937236,12446.79746147195,7.346491534714005
1606.0,1.0,12446.797461471951,12454.441314490134,7.643853018182199
1607.0,-1.0,12454.441314490134,12462.29783190965,7.856517419515512
1608.0,1.0,12462.29783190965,12476.397638830671,14.099806921021809
1609.0,-1.0,12476.397638830671,12477.798202347347,1.400563516675902
1610.0,1.0,12477.798202347349,12486.812528574179,9.014326226830235
1611.0,-1.0,12486.812528574179,12493.298572785046,6.486044210867476
1612.0,1.0,12493.298572785046,12493.798572785572,0.5000000005256879
1613.0,-1.0,12493.798572785572,12508.798943222744,15.000370437172023
1614.0,1.0,12508.798943222746,12509.817826002805,1.0188827800593572
1615.0,-1.0,12509.817826002805,12524.299313660444,14.481487657638354
1616.0,1.0,12524.299313660444,12538.91086809924,14.611554438795793
1617.0,-1.0,12538.91086809924,12539.799684098141,0.8888159989019186
1618.0,1.0,12539.799684098143,12540.299684098143,0.5
1619.0,-1.0,12540.299684098143,12555.30005453584,15.000370437697711
1620.0,1.0,12555.30005453584,12556.195409757865,0.8953552220245911
1621.0,-1.0,12556.195409757865,12570.800424973539,14.60501521567312
1622.0,1.0,12570.80042497354,12579.161999176802,8.361574203261625
1623.0,-1.0,12579.161999176802,12586.300795411238,7.138796234436086
1624.0,1.0,12586.300795411238,12593.615213077122,7.314417665884321
1625.0,-1.0,12593.615213077122,12601.801165848936,8.18595277181339
1626.0,1.0,12601.801165848936,12611.067227119804,9.266061270867795
1627.0,-1.0,12611.067227119804,12617.301536286634,6.234309166829917
1628.0,1.0,12617.301536286635,12620.37958809979,3.078051813154161
1629.0,-1.0,12620.37958809979,12632.801906724333,12.42231862454355
1630.0,1.0,12632.801906724333,12642.864689220787,10.06278249645402
1631.0,-1.0,12642.864689220787,12648.30227716203,5.437587941243692
1632.0,1.0,12648.302277162033,12648.808726673304,0.5064495112710574
1633.0,-1.0,12648.808726673304,12663.80264759973,14.993920926426654
1634.0,1.0,12663.80264759973,12664.30264759973,0.5
1635.0,-1.0,12664.30264759973,12679.303018037428,15.000370437697711
1636.0,1.0,12679.30301803743,12680.108936138715,0.8059181012849876
1637.0,-1.0,12680.108936138715,12694.803388475128,14.694452336412724
1638.0,1.0,12694.803388475128,12696.440696499492,1.6373080243647564
1639.0,-1.0,12696.440696499492,12710.303758912825,13.863062413332955
1640.0,1.0,12710.303758912827,12725.304129350525,15.000370437697711
1641.0,-1.0,12725.304129350525,12725.804129350525,0.5
1642.0,1.0,12725.804129350525,12726.379576045645,0.575446695120263
1643.0,-1.0,12726.379576045645,12741.304499788223,14.924923742577448
1644.0,1.0,12741.304499788224,12747.48651230438,6.182012516155737
1645.0,-1.0,12747.48651230438,12756.804870225922,9.318357921541974
1646.0,1.0,12756.804870225922,12771.80524066362,15.000370437697711
1647.0,-1.0,12771.80524066362,12772.30524066362,0.5
1648.0,1.0,12772.305240663622,12786.940666058961,14.635425395339553
1649.0,-1.0,12786.940666058961,12787.80561110132,0.8649450423581584
1650.0,1.0,12787.80561110132,12802.805981539017,15.000370437697711
1651.0,-1.0,12802.805981539017,12803.305981539017,0.5
1652.0,1.0,12803.305981539019,12809.842615736672,6.536634197653257
1653.0,-1.0,12809.842615736672,12818.806351976717,8.963736240044454
1654.0,1.0,12818.806351976717,12826.38053991905,7.574187942333083
1655.0,-1.0,12826.38053991905,12834.306722414414,7.926182495364628
1656.0,1.0,12834.306722414416,12845.262704995172,10.955982580755517
1657.0,-1.0,12845.262704995172,12849.807092852114,4.544387856942194
1658.0,1.0,12849.807092852114,12864.807463289811,15.000370437697711
1659.0,-1.0,12864.807463289811,12865.307463289811,0.5
1660.0,1.0,12865.307463289811,12865.80756829149,0.5001050016780937
1661.0,-1.0,12865.80756829149,12880.80783372751,15.000265436019617
1662.0,1.0,12880.807833727511,12881.341951008431,0.5341172809203272
1663.0,-1.0,12881.341951008431,12896.308204165209,14.966253156777384
1664.0,1.0,12896.308204165209,12911.30844267352,15.000238508311668
1665.0,-1.0,12911.30844267352,12911.808574602906,0.5001319293860433
1666.0,1.0,12911.808574602908,12912.308574602908,0.5
1667.0,-1.0,12912.308574602908,12927.308945040606,15.000370437697711
1668.0,1.0,12927.308945040606,12942.309315478304,15.000370437697711
1669.0,-1.0,12942.309315478304,12942.809315478304,0.5
1670.0,1.0,12942.809315478306,12947.452161394356,4.642845916050646
1671.0,-1.0,12947.452161394356,12958.309685916003,10.857524521647065
1672.0,1.0,12958.309685916003,12960.676622399838,2.366936483835161
1673.0,-1.0,12960.676622399838,12973.810056353701,13.13343395386255
1674.0,1.0,12973.810056353703,12979.17732160234,5.367265248636613
1675.0,-1.0,12979.17732160234,12989.3104267914,10.133105189061098
1676.0,1.0,12989.3104267914,13004.310797229098,15.000370437697711
1677.0,-1.0,13004.310797229098,13004.810797229098,0.5
1678.0,1.0,13004.8107972291,13011.87580275777,7.065005528669644
1679.0,-1.0,13011.87580275777,13020.311167666798,8.435364909028067
1680.0,1.0,13020.311167666798,13020.811896579495,0.5007289126970136
1681.0,-1.0,13020.811896579495,13035.811538104495,14.999641525000698
1682.0,1.0,13035.811538104497,13044.341180423819,8.529642319321283
1683.0,-1.0,13044.341180423819,13051.311908542195,6.970728118376428
1684.0,1.0,13051.311908542195,13066.312278979893,15.000370437697711
1685.0,-1.0,13066.312278979893,13066.812278979893,0.5
1686.0,1.0,13066.812278979894,13081.555069125905,14.74279014601052
1687.0,-1.0,13081.555069125905,13082.312649417592,0.7575802916871908
1688.0,1.0,13082.312649417592,13097.31301985529,15.000370437697711
1689.0,-1.0,13097.31301985529,13097.81301985529,0.5
1690.0,1.0,13097.813019855292,13112.80074732414,14.98772746884788
1691.0,-1.0,13112.80074732414,13113.31339029299,0.512642968849832
1692.0,1.0,13113.31339029299,13116.459059835195,3.1456695422057237
1693.0,-1.0,13116.459059835195,13128.813760730687,12.354700895491987
1694.0,1.0,13128.813760730689,13143.37993512906,14.566174398371004
1695.0,-1.0,13143.37993512906,13144.314131168387,0.9341960393267073
1696.0,1.0,13144.314131168387,13144.815767126887,0.5016359585006285
1697.0,-1.0,13144.815767126887,13159.814501606084,14.998734479197083
1698.0,1.0,13159.814501606084,13160.361476456828,0.5469748507439363
1699.0,-1.0,13160.361476456828,13175.314872043782,14.953395586953775
1700.0,1.0,13175.314872043784,13176.186644916936,0.8717728731517127
1701.0,-1.0,13176.186644916936,13190.815242481482,14.628597564545998
1702.0,1.0,13190.815242481482,13196.03016236527,5.2149198837887525
1703.0,-1.0,13196.03016236527,13206.31561291918,10.285450553908959
1704.0,1.0,13206.315612919181,13221.315693834766,15.000080915584476
1705.0,-1.0,13221.315693834766,13221.815983356879,0.5002895221132349
1706.0,1.0,13221.815983356879,13222.315983356879,0.5
1707.0,-1.0,13222.315983356879,13237.316353794577,15.000370437697711
1708.0,1.0,13237.316353794578,13237.817009103172,0.5006553085931955
1709.0,-1.0,13237.817009103172,13252.816724232276,14.999715129104516
1710.0,1.0,13252.816724232276,13253.455432341234,0.6387081089578714
1711.0,-1.0,13253.455432341234,13268.317094669974,14.86166232873984
1712.0,1.0,13268.317094669976,13268.817094669976,0.5
1713.0,-1.0,13268.817094669976,13283.817465107673,15.000370437697711
1714.0,1.0,13283.817465107673,13288.150206333708,4.332741226035068
1715.0,-1.0,13288.150206333708,13299.317835545371,11.167629211662643
1716.0,1.0,13299.317835545373,13314.31820598307,15.000370437697711
1717.0,-1.0,13314.31820598307,13314.81820598307,0.5
1718.0,1.0,13314.81820598307,13323.253630469817,8.435424486746342
1719.0,-1.0,13323.253630469817,13330.318576420768,7.064945950951369
1720.0,1.0,13330.31857642077,13335.074429609593,4.755853188822584
1721.0,-1.0,13335.074429609593,13345.818946858468,10.744517248875127
1722.0,1.0,13345.818946858468,13359.918673753296,14.099726894828564
1723.0,-1.0,13359.918673753296,13361.319317296166,1.4006435428691475
1724.0,1.0,13361.319317296167,13376.319687733865,15.000370437697711
1725.0,-1.0,13376.319687733865,13376.819687733865,0.5
1726.0,1.0,13376.819687733865,13377.319814246246,0.5001265123810299
1727.0,-1.0,13377.319814246246,13392.320058171563,15.000243925316681
1728.0,1.0,13392.320058171565,13405.334931153186,13.01487298162101
1729.0,-1.0,13405.334931153186,13407.820428609262,2.4854974560767005
1730.0,1.0,13407.820428609262,13415.621430723306,7.801002114043513
1731.0,-1.0,13415.621430723306,13423.32079904696,7.699368323654198
1732.0,1.0,13423.32079904696,13438.29344861778,14.972649570820067
1733.0,-1.0,13438.29344861778,13438.821169484658,0.5277208668776439
1734.0,1.0,13438.82116948466,13453.821539922357,15.000370437697711
1735.0,-1.0,13453.821539922357,13454.321539922357,0.5
1736.0,1.0,13454.321539922357,13454.821539922357,0.5
1737.0,-1.0,13454.821539922357,13469.821910360055,15.000370437697711
1738.0,1.0,13469.821910360057,13483.263948228987,13.442037868930129
1739.0,-1.0,13483.263948228987,13485.322280797755,2.0583325687675824
1740.0,1.0,13485.322280797755,13485.928987072324,0.6067062745696603
1741.0,-1.0,13485.928987072324,13500.822651235452,14.89366416312805
1742.0,1.0,13500.822651235454,13515.823021673152,15.000370437697711
1743.0,-1.0,13515.823021673152,13516.323021673152,0.5
1744.0,1.0,13516.323021673152,13531.292383253873,14.969361580720943
1745.0,-1.0,13531.292383253873,13531.82339211085,0.5310088569767686
1746.0,1.0,13531.823392110851,13532.323392110851,0.5
1747.0,-1.0,13532.323392110851,13547.323762548549,15.000370437697711
1748.0,1.0,13547.323762548549,13556.643485082559,9.319722534009998
1749.0,-1.0,13556.643485082559,13562.824132986247,6.1806479036877136
1750.0,1.0,13562.824132986249,13563.8883173132,1.064184326951363
1751.0,-1.0,13563.8883173132,13578.324503423946,14.436186110746348
1752.0,1.0,13578.324503423946,13582.571015994257,4.246512570311097
1753.0,-1.0,13582.571015994257,13593.824873861644,11.253857867386614
1754.0,1.0,13593.824873861646,13594.504704070725,0.6798302090792276
1755.0,-1.0,13594.504704070725,13609.325244299343,14.820540228618484
1756.0,1.0,13609.325244299343,13614.206071516148,4.880827216804391
1757.0,-1.0,13614.206071516148,13624.825614737041,10.61954322089332
1758.0,1.0,13624.825614737043,13625.672668683059,0.8470539460158761
1759.0,-1.0,13625.672668683059,13640.32598517474,14.653316491681835
1760.0,1.0,13640.32598517474,13655.302693809042,14.976708634301758
1761.0,-1.0,13655.302693809042,13655.826355612438,0.523661803395953
1762.0,1.0,13655.82635561244,13656.32635561244,0.5
1763.0,-1.0,13656.32635561244,13671.326726050138,15.000370437697711
1764.0,1.0,13671.326726050138,13671.826726050138,0.5
1765.0,-1.0,13671.826726050138,13686.827096487836,15.000370437697711
1766.0,1.0,13686.827096487836,13701.827446438107,15.000349950270902
1767.0,-1.0,13701.827446438107,13702.327466925533,0.5000204874268093
1768.0,1.0,13702.327466925535,13712.24453520896,9.917068283424669
1769.0,-1.0,13712.24453520896,13717.827837363233,5.583302154273042
1770.0,1.0,13717.827837363233,13731.510852640713,13.68301527748008
1771.0,-1.0,13731.510852640713,13733.32820780093,1.8173551602176303
1772.0,1.0,13733.328207800932,13748.32857823863,15.000370437697711
1773.0,-1.0,13748.32857823863,13748.82857823863,0.5
1774.0,1.0,13748.82857823863,13749.32857823863,0.5
1775.0,-1.0,13749.32857823863,13764.328948676328,15.000370437697711
1776.0,1.0,13764.32894867633,13779.243124847511,14.91417617118168
1777.0,-1.0,13779.243124847511,13779.829319114027,0.5861942665160313
1778.0,1.0,13779.829319114027,13789.083274566865,9.253955452837545
1779.0,-1.0,13789.083274566865,13795.329689551725,6.246414984860166
1780.0,1.0,13795.329689551727,13801.70636667253,6.376677120802924
1781.0,-1.0,13801.70636667253,13810.830059989425,9.123693316894787
1782.0,1.0,13810.830059989425,13811.330059989425,0.5
1783.0,-1.0,13811.330059989425,13826.330430427122,15.000370437697711
1784.0,1.0,13826.330430427124,13836.28206748318,9.951637056055915
1785.0,-1.0,13836.28206748318,13841.830800864822,5.548733381641796
1786.0,1.0,13841.830800864822,13856.83117130252,15.000370437697711
1787.0,-1.0,13856.83117130252,13857.33117130252,0.5
1788.0,1.0,13857.331171302521,13863.952714580006,6.621543277484307
1789.0,-1.0,13863.952714580006,13872.83154174022,8.878827160213405
1790.0,1.0,13872.83154174022,13887.831912177917,15.000370437697711
1791.0,-1.0,13887.831912177917,13888.331912177917,0.5
1792.0,1.0,13888.331912177919,13901.789868352998,13.457956175079744
1793.0,-1.0,13901.789868352998,13903.832282615616,2.0424142626179673
1794.0,1.0,13903.832282615616,13904.332612558319,0.5003299427025922
1795.0,-1.0,13904.332612558319,13919.332653053314,15.000040494995119
1796.0,1.0,13919.332653053316,13933.65292911166,14.320276058344461
1797.0,-1.0,13933.65292911166,13934.833023491014,1.1800943793532497
1798.0,1.0,13934.833023491014,13943.556635902234,8.723612411220529
1799.0,-1.0,13943.556635902234,13950.333393928711,6.776758026477182
1800.0,1.0,13950.333393928713,13951.460948602187,1.127554673474151
1801.0,-1.0,13951.460948602187,13965.83376436641,14.37281576422356
1802.0,1.0,13965.83376436641,13966.33376436641,0.5
1803.0,-1.0,13966.33376436641,13981.334134804109,15.000370437697711
1804.0,1.0,13981.334134804109,13989.198646678024,7.864511873915035
1805.0,-1.0,13989.198646678024,13996.834505241806,7.635858563782676
1806.0,1.0,13996.834505241808,14002.465292117253,5.630786875444755
1807.0,-1.0,14002.465292117253,14012.334875679506,9.869583562252956
1808.0,1.0,14012.334875679506,14012.834875679506,0.5
1809.0,-1.0,14012.834875679506,14027.835246117203,15.000370437697711
1810.0,1.0,14027.835246117205,14041.825537224833,13.990291107627854
1811.0,-1.0,14041.825537224833,14043.335616554903,1.510079330069857
1812.0,1.0,14043.335616554903,14043.835672060144,0.5000555052411073
1813.0,-1.0,14043.835672060144,14058.8359869926,15.000314932456604
1814.0,1.0,14058.835986992603,14063.948539327734,5.112552335131113
1815.0,-1.0,14063.948539327734,14074.3363574303,10.387818102566598
1816.0,1.0,14074.3363574303,14081.524921906615,7.18856447631515
1817.0,-1.0,14081.524921906615,14089.836727867998,8.31180596138256
1818.0,1.0,14089.836727868,14104.837098305698,15.000370437697711
1819.0,-1.0,14104.837098305698,14105.337098305698,0.5
1820.0,1.0,14105.337098305698,14105.837098305698,0.5
1821.0,-1.0,14105.837098305698,14120.837468743395,15.000370437697711
1822.0,1.0,14120.837468743397,14130.070148150597,9.232679407199612
1823.0,-1.0,14130.070148150597,14136.337839181095,6.267691030498099
1824.0,1.0,14136.337839181095,14136.837839181095,0.5
1825.0,-1.0,14136.837839181095,14151.838209618792,15.000370437697711
1826.0,1.0,14151.838209618794,14153.351860873066,1.5136512542721903
1827.0,-1.0,14153.351860873066,14167.338580056492,13.986719183425521
1828.0,1.0,14167.338580056492,14182.24582933966,14.907249283167403
1829.0,-1.0,14182.24582933966,14182.83895049419,0.5931211545303086
1830.0,1.0,14182.838950494192,14197.83932093189,15.000370437697711
1831.0,-1.0,14197.83932093189,14198.33932093189,0.5
1832.0,1.0,14198.33932093189,14213.293066804627,14.953745872737272
1833.0,-1.0,14213.293066804627,14213.839691369587,0.5466245649604389
1834.0,1.0,14213.839691369589,14220.733051265519,6.893359895930189
1835.0,-1.0,14220.733051265519,14229.340061807286,8.607010541767522
1836.0,1.0,14229.340061807286,14244.285363785697,14.945301978410498
1837.0,-1.0,14244.285363785697,14244.840432244984,0.555068459287213
1838.0,1.0,14244.840432244984,14259.837472052486,14.997039807502006
1839.0,-1.0,14259.837472052486,14260.340802682682,0.5033306301957055
1840.0,1.0,14260.340802682684,14263.132806062844,2.7920033801601676
1841.0,-1.0,14263.132806062844,14275.841173120381,12.708367057537544
1842.0,1.0,14275.841173120381,14276.432888113703,0.5917149933211476
1843.0,-1.0,14276.432888113703,14291.34154355808,14.908655444376564
1844.0,1.0,14291.341543558081,14304.771644575752,13.430101017671404
1845.0,-1.0,14304.771644575752,14306.841913995779,2.0702694200263068
1846.0,1.0,14306.841913995779,14321.842284433476,15.000370437697711
1847.0,-1.0,14321.842284433476,14322.342284433476,0.5
1848.0,1.0,14322.342284433478,14336.717066996747,14.374782563269036
1849.0,-1.0,14336.717066996747,14337.842654871176,1.1255878744286747
1850.0,1.0,14337.842654871176,14352.843025308874,15.000370437697711
1851.0,-1.0,14352.843025308874,14353.343025308874,0.5
1852.0,1.0,14353.343025308875,14368.343395746573,15.000370437697711
1853.0,-1.0,14368.343395746573,14368.843395746573,0.5
1854.0,1.0,14368.843395746573,14372.78219568584,3.938799939267483
1855.0,-1.0,14372.78219568584,14384.34376618427,11.561570498430228
1856.0,1.0,14384.343766184273,14391.927843666934,7.584077482661087
1857.0,-1.0,14391.927843666934,14399.84413662197,7.916292955036624
1858.0,1.0,14399.84413662197,14414.844507059668,15.000370437697711
1859.0,-1.0,14414.844507059668,14415.344507059668,0.5
1860.0,1.0,14415.34450705967,14430.344877497368,15.000370437697711
1861.0,-1.0,14430.344877497368,14430.844877497368,0.5
1862.0,1.0,14430.844877497368,14445.845247935065,15.000370437697711
1863.0,-1.0,14445.845247935065,14446.345247935065,0.5
1864.0,1.0,14446.345247935067,14446.845756396224,0.5005084611566417
1865.0,-1.0,14446.845756396224,14461.845618372765,14.99986197654107
1866.0,1.0,14461.845618372765,14468.320606235926,6.4749878631610045
1867.0,-1.0,14468.320606235926,14477.345988810463,9.025382574536707
1868.0,1.0,14477.345988810464,14485.933728306112,8.587739495647838
1869.0,-1.0,14485.933728306112,14492.846359248162,6.912630942049873
1870.0,1.0,14492.846359248162,14507.84672486864,15.000365620477169
1871.0,-1.0,14507.84672486864,14508.34672968586,0.5000048172205425
1872.0,1.0,14508.34672968586,14523.347100123558,15.000370437697711
1873.0,-1.0,14523.347100123558,14523.847100123558,0.5
1874.0,1.0,14523.84710012356,14524.34710012356,0.5
1875.0,-1.0,14524.34710012356,14539.347470561257,15.000370437697711
1876.0,1.0,14539.347470561257,14554.347840998955,15.000370437697711
1877.0,-1.0,14554.347840998955,14554.847840998955,0.5
1878.0,1.0,14554.847840998957,14569.79261318358,14.944772184622707
1879.0,-1.0,14569.79261318358,14570.348211436654,0.5555982530750043
1880.0,1.0,14570.348211436654,14573.624938280527,3.2767268438728934
1881.0,-1.0,14573.624938280527,14585.848581874352,12.223643593824818
1882.0,1.0,14585.848581874354,14600.848952312052,15.000370437697711
1883.0,-1.0,14600.848952312052,14601.348952312052,0.5
1884.0,1.0,14601.348952312052,14604.681177845305,3.3322255332532222
1885.0,-1.0,14604.681177845305,14616.84932274975,12.168144904444489
1886.0,1.0,14616.849322749751,14631.849195002633,14.999872252881687
1887.0,-1.0,14631.849195002633,14632.349693187449,0.5004981848160241
1888.0,1.0,14632.349693187449,14632.945427545801,0.5957343583522743
1889.0,-1.0,14632.945427545801,14647.850063625147,14.904636079345437
1890.0,1.0,14647.850063625148,14649.69585978028,1.8457961551321205
1891.0,-1.0,14649.69585978028,14663.350434062846,13.65457428256559
1892.0,1.0,14663.350434062846,14677.48656483965,14.136130776803839
1893.0,-1.0,14677.48656483965,14678.850804500544,1.3642396608938725
1894.0,1.0,14678.850804500546,14679.355446578102,0.5046420775561273
1895.0,-1.0,14679.355446578102,14694.351174938243,14.995728360141584
1896.0,1.0,14694.351174938243,14703.686170675988,9.334995737744975
1897.0,-1.0,14703.686170675988,14709.851545375941,6.165374699952736
1898.0,1.0,14709.851545375943,14722.947020361367,13.095474985424516
1899.0,-1.0,14722.947020361367,14725.35191581364,2.4048954522731947
1900.0,1.0,14725.35191581364,14738.006395803437,12.654479989796528
1901.0,-1.0,14738.006395803437,14740.852286251338,2.8458904479011835
1902.0,1.0,14740.85228625134,14748.101741939181,7.249455687840964
1903.0,-1.0,14748.101741939181,14756.352656689038,8.250914749856747
1904.0,1.0,14756.352656689038,14756.852656689038,0.5
1905.0,-1.0,14756.852656689038,14771.853027126735,15.000370437697711
1906.0,1.0,14771.853027126737,14786.853397564435,15.000370437697711
1907.0,-1.0,14786.853397564435,14787.353397564435,0.5
1908.0,1.0,14787.353397564435,14793.807422262198,6.454024697763089
1909.0,-1.0,14793.807422262198,14802.853768002133,9.046345739934623
1910.0,1.0,14802.853768002133,14817.85413843983,15.000370437697711
1911.0,-1.0,14817.85413843983,14818.35413843983,0.5
1912.0,1.0,14818.354138439832,14819.636969324769,1.2828308849366294
1913.0,-1.0,14819.636969324769,14833.85450887753,14.217539552761082
1914.0,1.0,14833.85450887753,14834.35952734631,0.5050184687806905
1915.0,-1.0,14834.35952734631,14849.354879315228,14.99535196891702
1916.0,1.0,14849.35487931523,14864.355249752927,15.000370437697711
1917.0,-1.0,14864.355249752927,14864.855249752927,0.5
1918.0,1.0,14864.855249752927,14865.355249752927,0.5
1919.0,-1.0,14865.355249752927,14880.355620190625,15.000370437697711
1920.0,1.0,14880.355620190627,14891.302407232326,10.946787041699281
1921.0,-1.0,14891.302407232326,14895.855990628324,4.55358339599843
1922.0,1.0,14895.855990628324,14900.385579843363,4.529589215038868
1923.0,-1.0,14900.385579843363,14911.356361066022,10.970781222658843
1924.0,1.0,14911.356361066024,14911.894218156249,0.5378570902248612
1925.0,-1.0,14911.894218156249,14926.856731503722,14.96251334747285
1926.0,1.0,14926.856731503722,14941.84237694876,14.985645445038244
1927.0,-1.0,14941.84237694876,14942.35710194142,0.5147249926594668
1928.0,1.0,14942.357101941421,14948.79913548803,6.442033546609309
1929.0,-1.0,14948.79913548803,14957.857472379119,9.058336891088402
1930.0,1.0,14957.857472379119,14972.732600814694,14.87512843557488
1931.0,-1.0,14972.732600814694,14973.357842816817,0.6252420021228318
1932.0,1.0,14973.357842816818,14977.197348541808,3.839505724989067
1933.0,-1.0,14977.197348541808,14988.858213254516,11.660864712708644
1934.0,1.0,14988.858213254516,15002.646506944904,13.788293690387945
1935.0,-1.0,15002.646506944904,15004.358583692214,1.7120767473097658
1936.0,1.0,15004.358583692216,15019.358954129913,15.000370437697711
1937.0,-1.0,15019.358954129913,15019.858954129913,0.5
1938.0,1.0,15019.858954129913,15034.859324567611,15.000370437697711
1939.0,-1.0,15034.859324567611,15035.359324567611,0.5
1940.0,1.0,15035.359324567613,15039.980329748869,4.621005181255896
1941.0,-1.0,15039.980329748869,15050.85969500531,10.879365256441815
1942.0,1.0,15050.85969500531,15051.35969500531,0.5
1943.0,-1.0,15051.35969500531,15066.360065443008,15.000370437697711
1944.0,1.0,15066.360065443008,15066.860065443008,0.5
1945.0,-1.0,15066.860065443008,15081.860435880706,15.000370437697711
1946.0,1.0,15081.860435880708,15082.360435880708,0.5
1947.0,-1.0,15082.360435880708,15097.360806318406,15.000370437697711
1948.0,1.0,15097.360806318406,15097.96858897696,0.607782658555152
1949.0,-1.0,15097.96858897696,15112.861176756103,14.89258777914256
1950.0,1.0,15112.861176756105,15118.331029220053,5.469852463947973
1951.0,-1.0,15118.331029220053,15128.361547193803,10.030517973749738
1952.0,1.0,15128.361547193803,15130.70464636917,2.3430991753666603
1953.0,-1.0,15130.70464636917,15143.8619176315,13.15727126233105
1954.0,1.0,15143.861917631502,15158.8622880692,15.000370437697711
1955.0,-1.0,15158.8622880692,15159.3622880692,0.5
1956.0,1.0,15159.3622880692,15172.91471198442,13.55242391522006
1957.0,-1.0,15172.91471198442,15174.862658506898,1.9479465224776504
1958.0,1.0,15174.8626585069,15189.847177791782,14.98451928488248
1959.0,-1.0,15189.847177791782,15190.363028944597,0.5158511528152303
1960.0,1.0,15190.363028944597,15205.363399382295,15.000370437697711
1961.0,-1.0,15205.363399382295,15205.863399382295,0.5
1962.0,1.0,15205.863399382297,15212.42363300151,6.56023361921325
1963.0,-1.0,15212.42363300151,15221.363769819995,8.940136818484461
1964.0,1.0,15221.363769819995,15221.863769819995,0.5
1965.0,-1.0,15221.863769819995,15236.864140257692,15.000370437697711
1966.0,1.0,15236.864140257694,15251.818623911931,14.954483654237265
1967.0,-1.0,15251.818623911931,15252.364510695392,0.5458867834604462
1968.0,1.0,15252.364510695392,15255.71078485155,3.3462741561579605
1969.0,-1.0,15255.71078485155,15267.86488113309,12.15409628153975
1970.0,1.0,15267.864881133091,15273.680816932565,5.815935799473664
1971.0,-1.0,15273.680816932565,15283.365251570789,9.684434638224047
1972.0,1.0,15283.365251570789,15293.347790066025,9.98253849523644
1973.0,-1.0,15293.347790066025,15298.865622008487,5.517831942461271
1974.0,1.0,15298.865622008489,15312.500494939679,13.63487293119033
1975.0,-1.0,15312.500494939679,15314.365992446186,1.8654975065073813
1976.0,1.0,15314.365992446186,15318.438498344238,4.072505898051531
1977.0,-1.0,15318.438498344238,15329.866362883884,11.42786453964618
1978.0,1.0,15329.866362883884,15344.781412668215,14.915049784331131
1979.0,-1.0,15344.781412668215,15345.366733321582,0.5853206533665798
1980.0,1.0,15345.366733321584,15360.092907780443,14.726174458859532
1981.0,-1.0,15360.092907780443,15360.867103759281,0.7741959788381791
1982.0,1.0,15360.867103759281,15375.867474196979,15.000370437697711
1983.0,-1.0,15375.867474196979,15376.367474196979,0.5
1984.0,1.0,15376.36747419698,15391.367844634678,15.000370437697711
1985.0,-1.0,15391.367844634678,15391.867844634678,0.5
1986.0,1.0,15391.867844634678,15392.367844634678,0.5
1987.0,-1.0,15392.367844634678,15407.368215072376,15.000370437697711
1988.0,1.0,15407.368215072378,15422.368585510076,15.000370437697711
1989.0,-1.0,15422.368585510076,15422.868585510076,0.5
1990.0,1.0,15422.868585510076,15423.372483948096,0.5038984380207694
1991.0,-1.0,15423.372483948096,15438.368955947773,14.996471999676942
1992.0,1.0,15438.368955947775,15445.237275964228,6.868320016452344
1993.0,-1.0,15445.237275964228,15453.869326385473,8.632050421245367
1994.0,1.0,15453.869326385473,15454.369326385473,0.5
1995.0,-1.0,15454.369326385473,15469.36969682317,15.000370437697711
1996.0,1.0,15469.369696823172,15484.315655448736,14.945958625563435
1997.0,-1.0,15484.315655448736,15484.87006726087,0.5544118121342763
1998.0,1.0,15484.87006726087,15492.78773552449,7.917668263618907
1999.0,-1.0,15492.78773552449,15500.370437698568,7.582702174078804
2000.0,1.0,15500.37043769857,15509.669258011963,9.298820313393662
2001.0,-1.0,15509.669258011963,15515.870808136267,6.201550124304049
2002.0,1.0,15515.870808136267,15525.88044699645,10.009638860183259
2003.0,-1.0,15525.88044699645,15531.371178573965,5.4907315775144525
2004.0,1.0,15531.371178573967,15545.60871290896,14.237534334992233
2005.0,-1.0,15545.60871290896,15546.871549011665,1.262836102705478
2006.0,1.0,15546.871549011665,15547.379498816488,0.5079498048235109
2007.0,-1.0,15547.379498816488,15562.371919449362,14.9924206328742
2008.0,1.0,15562.371919449364,15569.835086830566,7.463167381201856
2009.0,-1.0,15569.835086830566,15577.872289887062,8.037203056495855
2010.0,1.0,15577.872289887062,15591.892869264198,14.020579377136528
2011.0,-1.0,15591.892869264198,15593.37266032476,1.4797910605611833
2012.0,1.0,15593.372660324761,15597.665265548125,4.292605223363353
2013.0,-1.0,15597.665265548125,15608.87303076246,11.207765214334358
2014.0,1.0,15608.87303076246,15612.5464504964,3.6734197339410457
2015.0,-1.0,15612.5464504964,15624.373401200157,11.826950703756665
2016.0,1.0,15624.373401200157,15639.373771637855,15.000370437697711
2017.0,-1.0,15639.373771637855,15639.873771637855,0.5
2018.0,1.0,15639.873771637856,15640.373771637856,0.5
2019.0,-1.0,15640.373771637856,15655.374142075554,15.000370437697711
2020.0,1.0,15655.374142075554,15670.374512513252,15.000370437697711
2021.0,-1.0,15670.374512513252,15670.874512513252,0.5
2022.0,1.0,15670.874512513254,15675.186041487945,4.3115289746911
2023.0,-1.0,15675.186041487945,15686.374882950951,11.18884146300661
2024.0,1.0,15686.374882950951,15701.375253388649,15.000370437697711
2025.0,-1.0,15701.375253388649,15701.875253388649,0.5
2026.0,1.0,15701.87525338865,15707.26285328154,5.387599892888829
2027.0,-1.0,15707.26285328154,15717.375623826349,10.112770544808882
2028.0,1.0,15717.375623826349,15717.893795047943,0.5181712215944572
2029.0,-1.0,15717.893795047943,15732.875994264046,14.982199216103254
2030.0,1.0,15732.875994264048,15735.584191301696,2.708197037647551
2031.0,-1.0,15735.584191301696,15748.376364701746,12.79217340005016
2032.0,1.0,15748.376364701746,15763.370831661343,14.994466959597048
2033.0,-1.0,15763.370831661343,15763.876735139444,0.505903478100663
2034.0,1.0,15763.876735139445,15764.383800014783,0.5070648753371643
2035.0,-1.0,15764.383800014783,15779.377105577143,14.993305562360547
2036.0,1.0,15779.377105577143,15793.30332515142,13.926219574277638
2037.0,-1.0,15793.30332515142,15794.87747601484,1.5741508634200727
2038.0,1.0,15794.877476014843,15799.314208896856,4.43673288201353
2039.0,-1.0,15799.314208896856,15810.37784645254,11.063637555684181
2040.0,1.0,15810.37784645254,15825.378216890238,15.000370437697711
2041.0,-1.0,15825.378216890238,15825.878216890238,0.5
2042.0,1.0,15825.87821689024,15832.157890068422,6.279673178181838
2043.0,-1.0,15832.157890068422,15841.378587327938,9.220697259515873
2044.0,1.0,15841.378587327938,15856.378957765635,15.000370437697711
2045.0,-1.0,15856.378957765635,15856.878957765635,0.5
2046.0,1.0,15856.878957765637,15871.879328203335,15.000370437697711
2047.0,-1.0,15871.879328203335,15872.379328203335,0.5
2048.0,1.0,15872.379328203335,15887.379698641033,15.000370437697711
2049.0,-1.0,15887.379698641033,15887.879698641033,0.5
2050.0,1.0,15887.879698641033,15895.326714436187,7.447015795154584
2051.0,-1.0,15895.326714436187,15903.38006907873,8.053354642543127
2052.0,1.0,15903.380069078732,15908.875417764148,5.495348685415593
2053.0,-1.0,15908.875417764148,15918.88043951643,10.005021752282119
2054.0,1.0,15918.88043951643,15924.92659543357,6.046155917139913
2055.0,-1.0,15924.92659543357,15934.380809954127,9.454214520557798
2056.0,1.0,15934.38080995413,15949.228319820104,14.847509865974644
2057.0,-1.0,15949.228319820104,15949.881180391827,0.6528605717230676
2058.0,1.0,15949.881180391827,15962.549368830843,12.668188439016376
2059.0,-1.0,15962.549368830843,15965.381550829525,2.8321819986813352
2060.0,1.0,15965.381550829527,15971.174370605038,5.792819775511816
2061.0,-1.0,15971.174370605038,15980.881921267224,9.707550662185895
2062.0,1.0,15980.881921267224,15986.435249683198,5.553328415973738
2063.0,-1.0,15986.435249683198,15996.382291704922,9.947042021723973
2064.0,1.0,15996.382291704924,15996.882291704924,0.5
2065.0,-1.0,15996.882291704924,16011.882662142621,15.000370437697711
2066.0,1.0,16011.882662142621,16020.296756913476,8.414094770854717
2067.0,-1.0,16020.296756913476,16027.38303258032,7.086275666842994
2068.0,1.0,16027.383032580321,16027.884432226381,0.5013996460602357
2069.0,-1.0,16027.884432226381,16042.883403018019,14.998970791637475
2070.0,1.0,16042.883403018019,16043.383756441268,0.5003534232491802
2071.0,-1.0,16043.383756441268,16058.383773455716,15.000017014448531
2072.0,1.0,16058.383773455718,16061.167096870864,2.7833234151457873
2073.0,-1.0,16061.167096870864,16073.884143893416,12.717047022551924
2074.0,1.0,16073.884143893416,16079.715848990165,5.8317050967489195
2075.0,-1.0,16079.715848990165,16089.384514331114,9.668665340948792
2076.0,1.0,16089.384514331115,16089.884542063237,0.5000277321214526
2077.0,-1.0,16089.884542063237,16104.884884768813,15.000342705576259
2078.0,1.0,16104.884884768813,16119.827308362937,14.942423594124193
2079.0,-1.0,16119.827308362937,16120.385255206511,0.557946843573518
2080.0,1.0,16120.385255206513,16126.007334374604,5.622079168091659
2081.0,-1.0,16126.007334374604,16135.88562564421,9.878291269606052
2082.0,1.0,16135.88562564421,16150.885996081908,15.000370437697711
2083.0,-1.0,16150.885996081908,16151.385996081908,0.5
2084.0,1.0,16151.385996081908,16153.481658157561,2.0956620756533084
2085.0,-1.0,16153.481658157561,16166.886366519606,13.404708362044403
2086.0,1.0,16166.886366519608,16178.432214501225,11.545847981617044
2087.0,-1.0,16178.432214501225,16182.386736957305,3.9545224560806673
2088.0,1.0,16182.386736957305,16197.387107395003,15.000370437697711
2089.0,-1.0,16197.387107395003,16197.887107395003,0.5
2090.0,1.0,16197.887107395005,16208.83055646522,10.943449070215138
2091.0,-1.0,16208.83055646522,16213.387477832703,4.556921367482573
2092.0,1.0,16213.387477832703,16219.665454708853,6.2779768761502055
2093.0,-1.0,16219.665454708853,16228.8878482704,9.222393561547506
2094.0,1.0,16228.887848270402,16229.760320790152,0.8724725197498628
2095.0,-1.0,16229.760320790152,16244.3882187081,14.627897917947848
2096.0,1.0,16244.3882187081,16245.808097029518,1.4198783214178547
2097.0,-1.0,16245.808097029518,16259.888589145798,14.080492116279856
2098.0,1.0,16259.8885891458,16260.400537405518,0.5119482597183378
2099.0,-1.0,16260.400537405518,16275.388959583497,14.988422177979373
2100.0,1.0,16275.388959583497,16279.350127874297,3.961168290799833
2101.0,-1.0,16279.350127874297,16290.889330021195,11.539202146897878
2102.0,1.0,16290.889330021197,16297.386812804503,6.497482783306623
2103.0,-1.0,16297.386812804503,16306.389700458894,9.002887654391088
2104.0,1.0,16306.389700458894,16308.247336175296,1.857635716402001
2105.0,-1.0,16308.247336175296,16321.890070896592,13.64273472129571
2106.0,1.0,16321.890070896594,16336.68478911267,14.794718216076944
2107.0,-1.0,16336.68478911267,16337.390441334292,0.7056522216207668
2108.0,1.0,16337.390441334292,16351.45394367637,14.063502342078209
2109.0,-1.0,16351.45394367637,16352.89081177199,1.4368680956195021
2110.0,1.0,16352.890811771991,16367.888538206107,14.997726434115975
2111.0,-1.0,16367.888538206107,16368.391182209689,0.5026440035817359
2112.0,1.0,16368.391182209689,16383.391495934984,15.0003137252952
2113.0,-1.0,16383.391495934984,16383.891552647387,0.500056712402511
2114.0,1.0,16383.891552647388,16398.891923085088,15.00037043769953
2115.0,-1.0,16398.891923085088,16399.391923085088,0.5
2116.0,1.0,16399.391923085088,16399.911104805044,0.5191817199556681
2117.0,-1.0,16399.911104805044,16414.892293522786,14.981188717742043
2118.0,1.0,16414.892293522786,16429.892663960483,15.000370437697711
2119.0,-1.0,16429.892663960483,16430.392663960483,0.5
2120.0,1.0,16430.392663960483,16430.94644194965,0.553777989167429
2121.0,-1.0,16430.94644194965,16445.89303439818,14.946592448530282
2122.0,1.0,16445.89303439818,16451.291571866306,5.3985374681251415
2123.0,-1.0,16451.291571866306,16461.39340483588,10.10183296957257
2124.0,1.0,16461.39340483588,16462.034802534738,0.641397698858782
2125.0,-1.0,16462.034802534738,16476.893775273576,14.85897273883893
2126.0,1.0,16476.89377527358,16488.15391210071,11.260136827131646
2127.0,-1.0,16488.15391210071,16492.394145711278,4.240233610566065
2128.0,1.0,16492.394145711278,16496.73982997946,4.345684268180776
2129.0,-1.0,16496.73982997946,16507.894516148976,11.154686169516935
2130.0,1.0,16507.894516148976,16522.894886586673,15.000370437697711
2131.0,-1.0,16522.894886586673,16523.394886586673,0.5
2132.0,1.0,16523.394886586673,16537.742416851284,14.347530264611123
2133.0,-1.0,16537.742416851284,16538.89525702437,1.152840173086588
2134.0,1.0,16538.895257024375,16542.386029036687,3.490772012311936
2135.0,-1.0,16542.386029036687,16554.395627462072,12.009598425385775
2136.0,1.0,16554.395627462072,16569.386015203876,14.990387741803715
2137.0,-1.0,16569.386015203876,16569.89599789977,0.5099826958939957
2138.0,1.0,16569.89599789977,16582.332534868387,12.436536968616565
2139.0,-1.0,16582.332534868387,16585.396368337468,3.063833469081146
2140.0,1.0,16585.396368337468,16598.65976073922,13.263392401753663
2141.0,-1.0,16598.65976073922,16600.896738775165,2.2369780359440483
2142.0,1.0,16600.89673877517,16607.56428687951,6.667548104342131
2143.0,-1.0,16607.56428687951,16616.397109212867,8.83282233335558
2144.0,1.0,16616.397109212867,16617.14174943201,0.7446402191417292
2145.0,-1.0,16617.14174943201,16631.897479650564,14.755730218555982
2146.0,1.0,16631.897479650564,16632.39748012312,0.5000004725552571
2147.0,-1.0,16632.39748012312,16647.397850088262,15.000369965142454
2148.0,1.0,16647.397850088262,16647.897850088262,0.5
2149.0,-1.0,16647.897850088262,16662.89822052596,15.000370437697711
2150.0,1.0,16662.898220525964,16672.14922116267,9.251000636704703
2151.0,-1.0,16672.14922116267,16678.39859096366,6.2493698009930085
2152.0,1.0,16678.39859096366,16693.391678495434,14.993087531773199
2153.0,-1.0,16693.391678495434,16693.89896140136,0.5072829059245123
2154.0,1.0,16693.89896140136,16698.454210609387,4.555249208027817
2155.0,-1.0,16698.454210609387,16709.399331839057,10.945121229669894
2156.0,1.0,16709.399331839057,16717.227598974365,7.828267135308124
2157.0,-1.0,16717.227598974365,16724.899702276754,7.672103302389587
2158.0,1.0,16724.899702276754,16737.626243241215,12.726540964460582
2159.0,-1.0,16737.626243241215,16740.400072714452,2.7738294732371287
2160.0,1.0,16740.400072714456,16740.900072714456,0.5
2161.0,-1.0,16740.900072714456,16755.900443152153,15.000370437697711
2162.0,1.0,16755.900443152153,16756.400443152153,0.5
2163.0,-1.0,16756.400443152153,16771.40081358985,15.000370437697711
2164.0,1.0,16771.40081358985,16775.114139547564,3.7133259577130957
2165.0,-1.0,16775.114139547564,16786.90118402755,11.787044479984615
2166.0,1.0,16786.90118402755,16792.15525524652,5.2540712189693295
2167.0,-1.0,16792.15525524652,16802.401554465247,10.246299218728382
2168.0,1.0,16802.40155446525,16802.90155446525,0.5
2169.0,-1.0,16802.90155446525,16817.901924902948,15.000370437697711
2170.0,1.0,16817.901924902948,16822.463178182235,4.5612532792874845
2171.0,-1.0,16822.463178182235,16833.402295340646,10.939117158410227
2172.0,1.0,16833.402295340646,16840.36836085907,6.96606551842342
2173.0,-1.0,16840.36836085907,16848.902665778343,8.534304919274291
2174.0,1.0,16848.902665778343,16863.90303621604,15.000370437697711
2175.0,-1.0,16863.90303621604,16864.40303621604,0.5
2176.0,1.0,16864.403036216045,16875.896647878308,11.493611662262992
2177.0,-1.0,16875.896647878308,16879.903406653742,4.006758775434719
2178.0,1.0,16879.903406653742,16894.894828755223,14.991422101480566
2179.0,-1.0,16894.894828755223,16895.40377709144,0.508948336217145
2180.0,1.0,16895.40377709144,16910.404147529138,15.000370437697711
2181.0,-1.0,16910.404147529138,16910.904147529138,0.5
2182.0,1.0,16910.904147529138,16925.904517966836,15.000370437697711
2183.0,-1.0,16925.904517966836,16926.404517966836,0.5
2184.0,1.0,16926.40451796684,16927.08019687213,0.6756789052924432
2185.0,-1.0,16927.08019687213,16941.904888404537,14.824691532405268
2186.0,1.0,16941.904888404537,16956.905258842235,15.000370437697711
2187.0,-1.0,16956.905258842235,16957.405258842235,0.5
2188.0,1.0,16957.405258842235,16964.25736298492,6.852104142686585
2189.0,-1.0,16964.25736298492,16972.905629279932,8.648266295011126
2190.0,1.0,16972.905629279932,16973.420917162188,0.5152878822555067
2191.0,-1.0,16973.420917162188,16988.40599971763,14.985082555442204
2192.0,1.0,16988.40599971763,16988.913431271838,0.5074315542078693
2193.0,-1.0,16988.913431271838,17003.906370155328,14.992938883489842
2194.0,1.0,17003.90637015533,17018.878914579327,14.972544423995714
2195.0,-1.0,17018.878914579327,17019.40674059303,0.527826013701997
2196.0,1.0,17019.40674059303,17034.407111030727,15.000370437697711
2197.0,-1.0,17034.407111030727,17034.907111030727,0.5
2198.0,1.0,17034.907111030727,17035.407111030727,0.5
2199.0,-1.0,17035.407111030727,17050.407481468425,15.000370437697711
2200.0,1.0,17050.407481468425,17051.163025766316,0.7555442978919018
2201.0,-1.0,17051.163025766316,17065.907851906122,14.74482613980581
2202.0,1.0,17065.907851906126,17066.44964707506,0.5417951689341862
2203.0,-1.0,17066.44964707506,17081.408222343824,14.958575268763525
2204.0,1.0,17081.408222343824,17091.9773197486,10.569097404775675
2205.0,-1.0,17091.9773197486,17096.90859278152,4.931273032922036
2206.0,1.0,17096.90859278152,17103.75156788028,6.84297509875978
2207.0,-1.0,17103.75156788028,17112.40896321922,8.657395338937931
2208.0,1.0,17112.40896321922,17113.595927594975,1.1869643757563608
2209.0,-1.0,17113.595927594975,17127.909333656917,14.31340606194135
2210.0,1.0,17127.90933365692,17132.53720949137,4.627875834448787
2211.0,-1.0,17132.53720949137,17143.409704094618,10.872494603248924
2212.0,1.0,17143.409704094618,17153.11474908297,9.70504498835362
2213.0,-1.0,17153.11474908297,17158.910074532316,5.795325449344091
2214.0,1.0,17158.910074532316,17164.27624395994,5.36616942762339
2215.0,-1.0,17164.27624395994,17174.410444970013,10.134201010074321
2216.0,1.0,17174.410444970013,17174.910444970013,0.5
2217.0,-1.0,17174.910444970013,17189.91081540771,15.000370437697711
2218.0,1.0,17189.910815407715,17190.651253558568,0.7404381508531515
2219.0,-1.0,17190.651253558568,17205.411185845413,14.75993228684456
2220.0,1.0,17205.411185845413,17216.291226426816,10.880040581403591
2221.0,-1.0,17216.291226426816,17220.91155628311,4.62032985629412
2222.0,1.0,17220.91155628311,17221.41155628311,0.5
2223.0,-1.0,17221.41155628311,17236.411926720808,15.000370437697711
2224.0,1.0,17236.411926720808,17245.452005784,9.040079063193843
2225.0,-1.0,17245.452005784,17251.912297158506,6.460291374503868
2226.0,1.0,17251.912297158506,17254.351719924827,2.4394227663215133
2227.0,-1.0,17254.351719924827,17267.412667596203,13.060947671376198
2228.0,1.0,17267.412667596207,17267.912667596207,0.5
2229.0,-1.0,17267.912667596207,17282.913038033905,15.000370437697711
2230.0,1.0,17282.913038033905,17297.88786708726,14.97482905335346
2231.0,-1.0,17297.88786708726,17298.413408471602,0.5255413843442511
2232.0,1.0,17298.413408471602,17313.111282828308,14.697874356705142
2233.0,-1.0,17313.111282828308,17313.9137789093,0.8024960809925687
2234.0,1.0,17313.9137789093,17324.673094603117,10.759315693816461
2235.0,-1.0,17324.673094603117,17329.414149346998,4.74105474388125
2236.0,1.0,17329.414149347,17342.063826789883,12.649677442881512
2237.0,-1.0,17342.063826789883,17344.9145197847,2.8506929948161996
2238.0,1.0,17344.9145197847,17357.616371532527,12.701851747828186
2239.0,-1.0,17357.616371532527,17360.414890222397,2.7985186898695247
2240.0,1.0,17360.414890222397,17375.257658934403,14.842768712005636
2241.0,-1.0,17375.257658934403,17375.915260660095,0.657601725692075
2242.0,1.0,17375.915260660095,17384.65825718648,8.74299652638365
2243.0,-1.0,17384.65825718648,17391.415631097792,6.757373911314062
2244.0,1.0,17391.415631097796,17406.416001535494,15.000370437697711
2245.0,-1.0,17406.416001535494,17406.916001535494,0.5
2246.0,1.0,17406.916001535494,17408.59003469365,1.674033158156817
2247.0,-1.0,17408.59003469365,17422.41637197319,13.826337279540894
2248.0,1.0,17422.41637197319,17423.41189543056,0.9955234573681082
2249.0,-1.0,17423.41189543056,17437.91674241089,14.504846980329603
2250.0,1.0,17437.91674241089,17452.917112848587,15.000370437697711
2251.0,-1.0,17452.917112848587,17453.417112848587,0.5
2252.0,1.0,17453.41711284859,17466.953046797036,13.535933948445745
2253.0,-1.0,17466.953046797036,17468.91748328629,1.9644364892519661
2254.0,1.0,17468.91748328629,17474.362946870187,5.4454635838992544
2255.0,-1.0,17474.362946870187,17484.417853723986,10.054906853798457
2256.0,1.0,17484.417853723986,17499.418224161684,15.000370437697711
2257.0,-1.0,17499.418224161684,17499.918224161684,0.5
2258.0,1.0,17499.918224161684,17514.918594524068,15.000370362384274
2259.0,-1.0,17514.918594524068,17515.41859459938,0.5000000753134373
2260.0,1.0,17515.41859459938,17515.927527824668,0.5089332252864551
2261.0,-1.0,17515.927527824668,17530.91896503708,14.991437212411256
2262.0,1.0,17530.918965037083,17531.41896537348,0.5000003363966243
2263.0,-1.0,17531.41896537348,17546.41933547478,15.000370101301087
2264.0,1.0,17546.41933547478,17548.923441211115,2.504105736334168
2265.0,-1.0,17548.923441211115,17561.919705912478,12.996264701363543
2266.0,1.0,17561.919705912478,17575.97011128201,14.05040536953311
2267.0,-1.0,17575.97011128201,17577.420076350176,1.4499650681646017
2268.0,1.0,17577.420076350176,17591.91025615852,14.490179808344692
2269.0,-1.0,17591.91025615852,17592.920446787874,1.0101906293530192
2270.0,1.0,17592.920446787877,17593.420446787877,0.5
2271.0,-1.0,17593.420446787877,17608.420817225575,15.000370437697711
2272.0,1.0,17608.420817225575,17615.64324787903,7.222430653455376
2273.0,-1.0,17615.64324787903,17623.921187663273,8.277939784242335
2274.0,1.0,17623.921187663273,17638.91978898668,14.998601323408366
2275.0,-1.0,17638.91978898668,17639.42155810097,0.5017691142893455
2276.0,1.0,17639.42155810097,17654.4192445558,14.997686454829818
2277.0,-1.0,17654.4192445558,17654.921928538668,0.5026839828678931
2278.0,1.0,17654.92192853867,17669.723050149794,14.801121611122653
2279.0,-1.0,17669.723050149794,17670.42229897637,0.699248826575058
2280.0,1.0,17670.42229897637,17685.422669414067,15.000370437697711
2281.0,-1.0,17685.422669414067,17685.922669414067,0.5
2282.0,1.0,17685.922669414067,17700.923039851765,15.000370437697711
2283.0,-1.0,17700.923039851765,17701.423039851765,0.5
2284.0,1.0,17701.423039851765,17701.923039851765,0.5
2285.0,-1.0,17701.923039851765,17716.923410289462,15.000370437697711
2286.0,1.0,17716.923410289466,17731.80614187499,14.882731585523288
2287.0,-1.0,17731.80614187499,17732.423780727164,0.6176388521744229
2288.0,1.0,17732.423780727164,17732.930652094896,0.5068713677319465
2289.0,-1.0,17732.930652094896,17747.92415116486,14.993499069965765
2290.0,1.0,17747.92415116486,17748.42415116486,0.5
2291.0,-1.0,17748.42415116486,17763.42452160256,15.000370437697711
2292.0,1.0,17763.42452160256,17763.92452160256,0.5
2293.0,-1.0,17763.92452160256,17778.924892040257,15.000370437697711
2294.0,1.0,17778.92489204026,17791.340699372966,12.415807332705299
2295.0,-1.0,17791.340699372966,17794.42526247796,3.0845631049924123
2296.0,1.0,17794.42526247796,17808.6757003199,14.250437841943494
2297.0,-1.0,17808.6757003199,17809.925632915656,1.249932595754217
2298.0,1.0,17809.925632915656,17824.92072637103,14.995093455374445
2299.0,-1.0,17824.92072637103,17825.426003353354,0.5052769823232666
2300.0,1.0,17825.426003353354,17825.926003353354,0.5
2301.0,-1.0,17825.926003353354,17840.92637379105,15.000370437697711
2302.0,1.0,17840.92637379105,17841.42637379105,0.5
2303.0,-1.0,17841.42637379105,17856.42674422875,15.000370437697711
2304.0,1.0,17856.426744228753,17856.926744228753,0.5
2305.0,-1.0,17856.926744228753,17871.92711466645,15.000370437697711
2306.0,1.0,17871.92711466645,17886.564144972923,14.637030306472298
2307.0,-1.0,17886.564144972923,17887.42748510415,0.8633401312254136
2308.0,1.0,17887.42748510415,17887.92748510464,0.5000000004911271
2309.0,-1.0,17887.92748510464,17902.927855541846,15.000370437206584
2310.0,1.0,17902.927855541846,17913.35369621757,10.42584067572534
2311.0,-1.0,17913.35369621757,17918.428225979544,5.0745297619723715
2312.0,1.0,17918.428225979547,17918.928225979547,0.5
2313.0,-1.0,17918.928225979547,17933.928596417245,15.000370437697711
2314.0,1.0,17933.928596417245,17934.616169073055,0.6875726558100723
2315.0,-1.0,17934.616169073055,17949.428966854943,14.812797781887639
2316.0,1.0,17949.428966854943,17950.762427198133,1.3334603431903815
2317.0,-1.0,17950.762427198133,17964.92933729264,14.16691009450733
2318.0,1.0,17964.92933729264,17965.53169949906,0.6023622064203664
2319.0,-1.0,17965.53169949906,17980.429707730338,14.898008231277345
2320.0,1.0,17980.42970773034,17995.428849600285,14.999141869942832
2321.0,-1.0,17995.428849600285,17995.93007816804,0.5012285677548789
2322.0,1.0,17995.93007816804,17996.555730830718,0.6256526626784762
2323.0,-1.0,17996.555730830718,18011.430448605737,14.874717775019235
2324.0,1.0,18011.430448605737,18022.603417078648,11.172968472910725
2325.0,-1.0,18022.603417078648,18026.930819043435,4.327401964786986
2326.0,1.0,18026.930819043435,18035.597531628307,8.666712584872585
2327.0,-1.0,18035.597531628307,18042.431189481133,6.833657852825127
2328.0,1.0,18042.431189481136,18042.94690625138,0.5157167702454899
2329.0,-1.0,18042.94690625138,18057.931559918834,14.984653667452221
2330.0,1.0,18057.931559918834,18058.431559918834,0.5
2331.0,-1.0,18058.431559918834,18073.43193035653,15.000370437697711
2332.0,1.0,18073.43193035653,18076.203823338128,2.7718929815964657
2333.0,-1.0,18076.203823338128,18088.93230079423,12.728477456101245
2334.0,1.0,18088.93230079423,18089.483858063788,0.5515572695585433
2335.0,-1.0,18089.483858063788,18104.432671231927,14.948813168139168
2336.0,1.0,18104.432671231927,18109.35338428231,4.920713050381892
2337.0,-1.0,18109.35338428231,18119.933041669625,10.57965738731582
2338.0,1.0,18119.93304166963,18120.43304166963,0.5
2339.0,-1.0,18120.43304166963,18135.433412107326,15.000370437697711
2340.0,1.0,18135.433412107326,18145.730843913545,10.29743180621881
2341.0,-1.0,18145.730843913545,18150.933782545024,5.202938631478901
2342.0,1.0,18150.933782545024,18151.45942802828,0.5256454832560848
2343.0,-1.0,18151.45942802828,18166.43415298272,14.974724954441626
2344.0,1.0,18166.43415298272,18181.43452342042,15.000370437697711
2345.0,-1.0,18181.43452342042,18181.93452342042,0.5
2346.0,1.0,18181.934523420423,18193.618584561773,11.684061141349957
2347.0,-1.0,18193.618584561773,18197.43489385812,3.816309296347754
2348.0,1.0,18197.43489385812,18197.93489385812,0.5
2349.0,-1.0,18197.93489385812,18212.93526429582,15.000370437697711
2350.0,1.0,18212.93526429582,18227.935634733516,15.000370437697711
2351.0,-1.0,18227.935634733516,18228.435634733516,0.5
2352.0,1.0,18228.435634733516,18228.935634733516,0.5
2353.0,-1.0,18228.935634733516,18243.936005171214,15.000370437697711
2354.0,1.0,18243.936005171217,18244.440007670277,0.5040024990594247
2355.0,-1.0,18244.440007670277,18259.436375608915,14.996367938638286
2356.0,1.0,18259.436375608915,18261.367751781923,1.931376173008175
2357.0,-1.0,18261.367751781923,18274.936746046613,13.568994264689536
2358.0,1.0,18274.936746046613,18278.01753080128,3.0807847546675475
2359.0,-1.0,18278.01753080128,18290.43711648431,12.419585683030164
2360.0,1.0,18290.43711648431,18292.42668623725,1.9895697529391327
2361.0,-1.0,18292.42668623725,18305.93748692201,13.510800684758578
2362.0,1.0,18305.937486922012,18320.77871661604,14.841229694029607
2363.0,-1.0,18320.77871661604,18321.43785735971,0.6591407436681038
2364.0,1.0,18321.43785735971,18336.438227797407,15.000370437697711
2365.0,-1.0,18336.438227797407,18336.938227797407,0.5
2366.0,1.0,18336.938227797407,18337.573039970946,0.6348121735391032
2367.0,-1.0,18337.573039970946,18352.438598235105,14.865558264158608
2368.0,1.0,18352.438598235105,18367.254376585402,14.815778350297478
2369.0,-1.0,18367.254376585402,18367.938968672803,0.6845920874002331
2370.0,1.0,18367.938968672803,18378.3940332592,10.455064586396475
2371.0,-1.0,18378.3940332592,18383.4393391105,5.0453058513012365
2372.0,1.0,18383.439339110504,18387.201782466353,3.762443355848518
2373.0,-1.0,18387.201782466353,18398.9397095482,11.737927081849193
2374.0,1.0,18398.9397095482,18407.54063551042,8.600925962218753
2375.0,-1.0,18407.54063551042,18414.4400799859,6.899444475478958
2376.0,1.0,18414.4400799859,18421.449200553125,7.009120567225182
2377.0,-1.0,18421.449200553125,18429.940450423597,8.49124987047253
2378.0,1.0,18429.940450423597,18444.940547982715,15.000097559117421
2379.0,-1.0,18444.940547982715,18445.440820861295,0.5002728785802901
2380.0,1.0,18445.4408208613,18448.02466147896,2.583840617662645
2381.0,-1.0,18448.02466147896,18460.941191298996,12.916529820035066
2382.0,1.0,18460.941191298996,18472.365215963866,11.424024664869648
2383.0,-1.0,18472.365215963866,18476.441561736694,4.076345772828063
2384.0,1.0,18476.441561736694,18489.191824192458,12.750262455763732
2385.0,-1.0,18489.191824192458,18491.94193217439,2.7501079819339793
2386.0,1.0,18491.94193217439,18506.042964042856,14.101031868463906
2387.0,-1.0,18506.042964042856,18507.44230261209,1.3993385692338052
2388.0,1.0,18507.442302612093,18519.907470390976,12.46516777888246
2389.0,-1.0,18519.907470390976,18522.94267304979,3.035202658815251
2390.0,1.0,18522.94267304979,18537.942633185452,14.99996013566124
2391.0,-1.0,18537.942633185452,18538.44304348749,0.500410302036471
2392.0,1.0,18538.44304348749,18553.443413925186,15.000370437697711
2393.0,-1.0,18553.443413925186,18553.943413925186,0.5
2394.0,1.0,18553.943413925186,18568.39024157595,14.446827650765044
2395.0,-1.0,18568.39024157595,18569.443784362884,1.0535427869326668
2396.0,1.0,18569.443784362888,18580.939160834205,11.495376471317286
2397.0,-1.0,18580.939160834205,18584.944154800585,4.004993966380425
2398.0,1.0,18584.944154800585,18585.444154800585,0.5
2399.0,-1.0,18585.444154800585,18600.444525238283,15.000370437697711
2400.0,1.0,18600.444525238283,18601.05541412409,0.6108888858070713
2401.0,-1.0,18601.05541412409,18615.94489567598,14.88948155189064
2402.0,1.0,18615.94489567598,18616.492367731353,0.5474720553720545
2403.0,-1.0,18616.492367731353,18631.44526611368,14.952898382325657
2404.0,1.0,18631.44526611368,18636.66184379134,5.216577677660098
2405.0,-1.0,18636.66184379134,18646.945636551376,10.283792760037613
2406.0,1.0,18646.94563655138,18647.65755064597,0.7119140945906111
2407.0,-1.0,18647.65755064597,18662.446006989077,14.7884563431071
2408.0,1.0,18662.446006989077,18668.342362262018,5.896355272940127
2409.0,-1.0,18668.342362262018,18677.946377426775,9.604015164757584
2410.0,1.0,18677.946377426775,18681.287545457868,3.3411680310928205
2411.0,-1.0,18681.287545457868,18693.446747864473,12.15920240660489
2412.0,1.0,18693.446747864473,18702.10560448855,8.658856624078908
2413.0,-1.0,18702.10560448855,18708.94711830217,6.841513813618803
2414.0,1.0,18708.947118302174,18715.74449480392,6.7973765017450205
2415.0,-1.0,18715.74449480392,18724.447488739872,8.70299393595269
2416.0,1.0,18724.447488739872,18730.80119652588,6.353707786009181
2417.0,-1.0,18730.80119652588,18739.94785917757,9.14666265168853
2418.0,1.0,18739.94785917757,18740.47582000173,0.5279608241617098
2419.0,-1.0,18740.47582000173,18755.448229615267,14.972409613536001
2420.0,1.0,18755.448229615267,18760.82385125928,5.375621644012426
2421.0,-1.0,18760.82385125928,18770.948600052965,10.124748793685285
2422.0,1.0,18770.94860005297,18776.74711931619,5.798519263222261
2423.0,-1.0,18776.74711931619,18786.448970490666,9.70185117447545
2424.0,1.0,18786.448970490666,18792.58103671837,6.132066227703035
2425.0,-1.0,18792.58103671837,18801.949340928364,9.368304209994676
2426.0,1.0,18801.949340928364,18808.279364476242,6.330023547878227
2427.0,-1.0,18808.279364476242,18817.449711366062,9.170346889819484
2428.0,1.0,18817.449711366062,18821.548805440998,4.099094074936147
2429.0,-1.0,18821.548805440998,18832.95008180376,11.401276362761564
2430.0,1.0,18832.950081803763,18833.450081803763,0.5
2431.0,-1.0,18833.450081803763,18848.45045224146,15.000370437697711
2432.0,1.0,18848.45045224146,18848.95045224146,0.5
2433.0,-1.0,18848.95045224146,18863.95082267916,15.000370437697711
2434.0,1.0,18863.95082267916,18866.01253966286,2.061716983702354
2435.0,-1.0,18866.01253966286,18879.451193116856,13.438653453995357
2436.0,1.0,18879.451193116856,18894.451563554554,15.000370437697711
2437.0,-1.0,18894.451563554554,18894.951563554554,0.5
2438.0,1.0,18894.951563554554,18909.950000418597,14.99843686404347
2439.0,-1.0,18909.950000418597,18910.45193399225,0.5019335736542416
2440.0,1.0,18910.451933992255,18911.378141693313,0.9262077010571375
2441.0,-1.0,18911.378141693313,18925.952304429953,14.574162736640574
2442.0,1.0,18925.952304429953,18927.917425509982,1.9651210800293484
2443.0,-1.0,18927.917425509982,18941.45267486765,13.535249357668363
2444.0,1.0,18941.45267486765,18956.319116931933,14.866442064281728
2445.0,-1.0,18956.319116931933,18956.95304530535,0.6339283734159835
2446.0,1.0,18956.95304530535,18965.286153206864,8.333107901515177
2447.0,-1.0,18965.286153206864,18972.453415743046,7.167262536182534
2448.0,1.0,18972.45341574305,18979.250685510047,6.797269766997488
2449.0,-1.0,18979.250685510047,18987.953786180748,8.703100670700223
2450.0,1.0,18987.953786180748,19002.56921875101,14.615432570262783
2451.0,-1.0,19002.56921875101,19003.454156618445,0.8849378674349282
2452.0,1.0,19003.454156618445,19018.454527056143,15.000370437697711
2453.0,-1.0,19018.454527056143,19018.954527056143,0.5
2454.0,1.0,19018.954527056143,19028.346756538776,9.392229482633411
2455.0,-1.0,19028.346756538776,19034.45489749384,6.1081409550643
2456.0,1.0,19034.454897493844,19049.453791444037,14.998893950192723
2457.0,-1.0,19049.453791444037,19049.955267931542,0.5014764875049877
2458.0,1.0,19049.955267931542,19050.455267931542,0.5
2459.0,-1.0,19050.455267931542,19065.45563836924,15.000370437697711
2460.0,1.0,19065.45563836924,19080.33112132201,14.875482952771563
2461.0,-1.0,19080.33112132201,19080.956008806937,0.6248874849261483
2462.0,1.0,19080.956008806937,19095.677384707644,14.721375900706335
2463.0,-1.0,19095.677384707644,19096.456379244635,0.7789945369913767
2464.0,1.0,19096.45637924464,19098.469493243334,2.0131139986951894
2465.0,-1.0,19098.469493243334,19111.956749682337,13.487256439002522
2466.0,1.0,19111.956749682337,19118.285212294417,6.32846261208033
2467.0,-1.0,19118.285212294417,19127.457120120034,9.171907825617382
2468.0,1.0,19127.457120120034,19139.35423909852,11.897118978486105
2469.0,-1.0,19139.35423909852,19142.957490557732,3.603251459211606
2470.0,1.0,19142.957490557732,19147.598069849417,4.640579291684844
2471.0,-1.0,19147.598069849417,19158.45786099543,10.859791146012867
2472.0,1.0,19158.45786099543,19162.248608361322,3.7907473658924573
2473.0,-1.0,19162.248608361322,19173.958231433127,11.709623071805254
2474.0,1.0,19173.95823143313,19174.45823143313,0.5
2475.0,-1.0,19174.45823143313,19189.45860187083,15.000370437697711
2476.0,1.0,19189.45860187083,19194.14393926343,4.685337392602378
2477.0,-1.0,19194.14393926343,19204.958972308526,10.815033045095333
2478.0,1.0,19204.958972308526,19219.959342746224,15.000370437697711
2479.0,-1.0,19219.959342746224,19220.459342746224,0.5
2480.0,1.0,19220.459342746224,19235.24596965167,14.78662690544661
2481.0,-1.0,19235.24596965167,19235.959713183922,0.713743532251101
2482.0,1.0,19235.959713183925,19250.95400113022,14.994287946294207
2483.0,-1.0,19250.95400113022,19251.460083621623,0.5060824914035038
2484.0,1.0,19251.460083621623,19266.33671993478,14.876636313158087
2485.0,-1.0,19266.33671993478,19266.96045405932,0.6237341245396237
2486.0,1.0,19266.96045405932,19281.96082449702,15.000370437697711
2487.0,-1.0,19281.96082449702,19282.46082449702,0.5
2488.0,1.0,19282.46082449702,19297.461194934716,15.000370437697711
2489.0,-1.0,19297.461194934716,19297.961194934716,0.5
2490.0,1.0,19297.96119493472,19305.747846623042,7.7866516883223085
2491.0,-1.0,19305.747846623042,19313.461565372418,7.713718749375403
2492.0,1.0,19313.461565372418,19322.84042869384,9.378863321420795
2493.0,-1.0,19322.84042869384,19328.961935810115,6.121507116276916
2494.0,1.0,19328.961935810115,19343.962306247813,15.000370437697711
2495.0,-1.0,19343.962306247813,19344.462306247813,0.5
2496.0,1.0,19344.462306247813,19359.46267668551,15.000370437697711
2497.0,-1.0,19359.46267668551,19359.96267668551,0.5
2498.0,1.0,19359.962676685514,19363.906830784035,3.944154098520812
2499.0,-1.0,19363.906830784035,19375.463047123212,11.556216339176899
2500.0,1.0,19375.463047123212,19390.186156130872,14.723109007660241
2501.0,-1.0,19390.186156130872,19390.96341756091,0.7772614300374698
2502.0,1.0,19390.96341756091,19405.961319266622,14.997901705712138
2503.0,-1.0,19405.961319266622,19406.463787998608,0.502468731985573
2504.0,1.0,19406.463787998608,19411.634452241626,5.170664243018109
2505.0,-1.0,19411.634452241626,19421.964158436305,10.329706194679602
2506.0,1.0,19421.96415843631,19427.78384417314,5.819685736831161
2507.0,-1.0,19427.78384417314,19437.464528874007,9.68068470086655
2508.0,1.0,19437.464528874007,19437.964528874007,0.5
2509.0,-1.0,19437.964528874007,19452.964899311704,15.000370437697711
2510.0,1.0,19452.964899311704,19467.393528209584,14.428628897880117
2511.0,-1.0,19467.393528209584,19468.465269749402,1.0717415398175945
2512.0,1.0,19468.465269749402,19468.965269749402,0.5
2513.0,-1.0,19468.965269749402,19483.9656401871,15.000370437697711
2514.0,1.0,19483.9656401871,19498.966010624797,15.000370437697711
2515.0,-1.0,19498.966010624797,19499.466010624797,0.5
2516.0,1.0,19499.4660106248,19499.9660106248,0.5
2517.0,-1.0,19499.9660106248,19514.9663810625,15.000370437697711
2518.0,1.0,19514.9663810625,19529.966751500197,15.000370437697711
2519.0,-1.0,19529.966751500197,19530.466751500197,0.5
2520.0,1.0,19530.466751500197,19545.27191977389,14.805168273695017
2521.0,-1.0,19545.27191977389,19545.967121937894,0.6952021640026942
2522.0,1.0,19545.967121937894,19556.417153150465,10.450031212571048
2523.0,-1.0,19556.417153150465,19561.467492375592,5.050339225126663
2524.0,1.0,19561.467492375596,19576.467862813293,15.000370437697711
2525.0,-1.0,19576.467862813293,19576.967862813293,0.5
2526.0,1.0,19576.967862813293,19591.769987506494,14.802124693200312
2527.0,-1.0,19591.769987506494,19592.46823325099,0.6982457444973988
2528.0,1.0,19592.46823325099,19607.449461378063,14.981228127071518
2529.0,-1.0,19607.449461378063,19607.96860368869,0.5191423106261936
2530.0,1.0,19607.96860368869,19608.570215357126,0.6016116684368171
2531.0,-1.0,19608.570215357126,19623.468974126386,14.898758769260894
2532.0,1.0,19623.46897412639,19627.29057841504,3.821604288648814
2533.0,-1.0,19627.29057841504,19638.969344564088,11.678766149048897
2534.0,1.0,19638.969344564088,19639.469344564088,0.5
2535.0,-1.0,19639.469344564088,19654.469715001786,15.000370437697711
2536.0,1.0,19654.469715001786,19659.079030355868,4.609315354082355
2537.0,-1.0,19659.079030355868,19669.970085439483,10.891055083615356
2538.0,1.0,19669.970085439483,19674.167070955948,4.196985516464338
2539.0,-1.0,19674.167070955948,19685.47045587718,11.303384921233373
2540.0,1.0,19685.470455877185,19693.52078913161,8.050333254424913
2541.0,-1.0,19693.52078913161,19700.970826314882,7.450037183272798
2542.0,1.0,19700.970826314882,19715.97119675258,15.000370437697711
2543.0,-1.0,19715.97119675258,19716.47119675258,0.5
2544.0,1.0,19716.47119675258,19720.86411167775,4.392914925170771
2545.0,-1.0,19720.86411167775,19731.971567190278,11.10745551252694
2546.0,1.0,19731.971567190278,19739.072802446444,7.101235256166547
2547.0,-1.0,19739.072802446444,19747.471937627975,8.399135181531165
2548.0,1.0,19747.471937627975,19752.3083301368,4.836392508823337
2549.0,-1.0,19752.3083301368,19762.972308065673,10.663977928874374
2550.0,1.0,19762.972308065677,19777.86624451149,14.89393644581287
2551.0,-1.0,19777.86624451149,19778.472678503374,0.6064339918848418
2552.0,1.0,19778.472678503374,19791.156865993842,12.684187490467593
2553.0,-1.0,19791.156865993842,19793.973048941072,2.816182947230118
2554.0,1.0,19793.973048941072,19795.514177865574,1.541128924502118
2555.0,-1.0,19795.514177865574,19809.47341937877,13.959241513195593
2556.0,1.0,19809.47341937877,19824.473789816468,15.000370437697711
2557.0,-1.0,19824.473789816468,19824.973789816468,0.5
2558.0,1.0,19824.97378981647,19825.47378981647,0.5
2559.0,-1.0,19825.47378981647,19840.47416025417,15.000370437697711
2560.0,1.0,19840.47416025417,19855.38567717709,14.911516922922601
2561.0,-1.0,19855.38567717709,19855.974530691867,0.5888535147751099
2562.0,1.0,19855.974530691867,19857.589476970217,1.6149462783505442
2563.0,-1.0,19857.589476970217,19871.474901129564,13.885424159347167
2564.0,1.0,19871.474901129564,19886.47000849251,14.995107362945419
2565.0,-1.0,19886.47000849251,19886.975271567262,0.5052630747522926
2566.0,1.0,19886.975271567266,19901.778162169074,14.80289060180803
2567.0,-1.0,19901.778162169074,19902.475642004963,0.6974798358896805
2568.0,1.0,19902.475642004963,19917.339944658033,14.864302653069899
2569.0,-1.0,19917.339944658033,19917.97601244266,0.6360677846278122
2570.0,1.0,19917.97601244266,19918.6510692211,0.6750567784401937
2571.0,-1.0,19918.6510692211,19933.47638288036,14.825313659257517
2572.0,1.0,19933.47638288036,19939.19201631904,5.715633438681834
2573.0,-1.0,19939.19201631904,19948.976753318057,9.784736999015877
2574.0,1.0,19948.97675331806,19963.969824299475,14.993070981414348
2575.0,-1.0,19963.969824299475,19964.477123755758,0.5072994562833628
2576.0,1.0,19964.477123755758,19973.53614829949,9.05902454373063
2577.0,-1.0,19973.53614829949,19979.977494193456,6.441345893967082
2578.0,1.0,19979.977494193456,19994.96189998456,14.9844057911032
2579.0,-1.0,19994.96189998456,19995.477864631153,0.5159646465945116
2580.0,1.0,19995.477864631153,19995.977864631153,0.5
2581.0,-1.0,19995.977864631153,20010.97823506885,15.000370437697711
2582.0,1.0,20010.97823506885,20016.41655489289,5.438319824039354
2583.0,-1.0,20016.41655489289,20026.47860550655,10.062050613658357
2584.0,1.0,20026.478605506552,20036.020790494807,9.54218498825503
2585.0,-1.0,20036.020790494807,20041.97897594425,5.958185449442681
2586.0,1.0,20041.97897594425,20049.94553331993,7.966557375679258
2587.0,-1.0,20049.94553331993,20057.479346381948,7.533813062018453
2588.0,1.0,20057.479346381948,20058.577161684054,1.097815302106028
2589.0,-1.0,20058.577161684054,20072.979716819646,14.402555135591683
2590.0,1.0,20072.979716819646,20087.980087257343,15.000370437697711
2591.0,-1.0,20087.980087257343,20088.480087257343,0.5
2592.0,1.0,20088.480087257347,20088.980252144713,0.5001648873658269
2593.0,-1.0,20088.980252144713,20103.980457695045,15.000205550331884
2594.0,1.0,20103.980457695045,20118.980491730897,15.000034035852877
2595.0,-1.0,20118.980491730897,20119.480828132742,0.5003364018448337
2596.0,1.0,20119.480828132742,20133.288679868478,13.807851735735312
2597.0,-1.0,20133.288679868478,20134.98119857044,1.692518701962399
2598.0,1.0,20134.98119857044,20141.627133353544,6.645934783104167
2599.0,-1.0,20141.627133353544,20150.481569008138,8.854435654593544
2600.0,1.0,20150.48156900814,20165.48168753864,15.000118530497275
2601.0,-1.0,20165.48168753864,20165.98193944584,0.5002519072004361
2602.0,1.0,20165.98193944584,20179.133918625226,13.151979179387126
2603.0,-1.0,20179.133918625226,20181.482309883537,2.348391258310585
2604.0,1.0,20181.482309883537,20186.774028889482,5.291719005945197
2605.0,-1.0,20186.774028889482,20196.982680321235,10.208651431752514
2606.0,1.0,20196.982680321235,20211.983050758932,15.000370437697711
2607.0,-1.0,20211.983050758932,20212.483050758932,0.5
2608.0,1.0,20212.483050758936,20212.983050758936,0.5
2609.0,-1.0,20212.983050758936,20227.983421196634,15.000370437697711
2610.0,1.0,20227.983421196634,20228.57313224667,0.5897110500372946
2611.0,-1.0,20228.57313224667,20243.48379163433,14.910659387660417
2612.0,1.0,20243.48379163433,20252.946306362435,9.462514728103997
2613.0,-1.0,20252.946306362435,20258.98416207203,6.037855709593714
2614.0,1.0,20258.98416207203,20273.982562293204,14.998400221174961
2615.0,-1.0,20273.982562293204,20274.484532509727,0.50197021652275
2616.0,1.0,20274.484532509727,20289.484902947424,15.000370437697711
2617.0,-1.0,20289.484902947424,20289.984902947424,0.5
2618.0,1.0,20289.984902947428,20290.484902947428,0.5
2619.0,-1.0,20290.484902947428,20305.485273385126,15.000370437697711
2620.0,1.0,20305.485273385126,20320.273168586587,14.787895201461652
2621.0,-1.0,20320.273168586587,20320.985643822823,0.7124752362360596
2622.0,1.0,20320.985643822823,20322.47182278355,1.4861789607275568
2623.0,-1.0,20322.47182278355,20336.48601426052,14.014191476970154
2624.0,1.0,20336.48601426052,20351.45806954829,14.972055287769763
2625.0,-1.0,20351.45806954829,20351.98638469822,0.5283151499279484
2626.0,1.0,20351.986384698223,20352.4878514719,0.5014667736759293
2627.0,-1.0,20352.4878514719,20367.48675513592,14.998903664021782
2628.0,1.0,20367.48675513592,20382.487125573618,15.000370437697711
2629.0,-1.0,20382.487125573618,20382.987125573618,0.5
2630.0,1.0,20382.987125573618,20383.487141353075,0.5000157794565894
2631.0,-1.0,20383.487141353075,20398.487496011316,15.000354658241122
2632.0,1.0,20398.487496011316,20413.436639970947,14.949143959631328
2633.0,-1.0,20413.436639970947,20413.987866449013,0.5512264780663827
2634.0,1.0,20413.987866449017,20414.487866449017,0.5
2635.0,-1.0,20414.487866449017,20429.488236886715,15.000370437697711
2636.0,1.0,20429.488236886715,20430.007505253037,0.5192683663226489
2637.0,-1.0,20430.007505253037,20444.988607324412,14.981102071375062
2638.0,1.0,20444.988607324412,20459.98897776211,15.000370437697711
2639.0,-1.0,20459.98897776211,20460.48897776211,0.5
2640.0,1.0,20460.48897776211,20460.98897776211,0.5
2641.0,-1.0,20460.98897776211,20475.989348199808,15.000370437697711
2642.0,1.0,20475.98934819981,20479.47429248304,3.484944283227378
2643.0,-1.0,20479.47429248304,20491.48971863751,12.015426154470333
2644.0,1.0,20491.48971863751,20492.265924822794,0.7762061852845363
2645.0,-1.0,20492.265924822794,20506.990089075207,14.724164252413175
2646.0,1.0,20506.990089075207,20521.80597140298,14.81588232777358
2647.0,-1.0,20521.80597140298,20522.490459512905,0.684488109924132
2648.0,1.0,20522.490459512905,20522.990459512905,0.5
2649.0,-1.0,20522.990459512905,20537.990829950602,15.000370437697711
2650.0,1.0,20537.990829950602,20538.494318945424,0.5034889948219643
2651.0,-1.0,20538.494318945424,20553.4912003883,14.996881442875747
2652.0,1.0,20553.491200388304,20568.49157070377,15.000370315465261
2653.0,-1.0,20568.49157070377,20568.991570826,0.5000001222324499
2654.0,1.0,20568.991570826,20583.9919412637,15.000370437697711
2655.0,-1.0,20583.9919412637,20584.4919412637,0.5
2656.0,1.0,20584.4919412637,20584.992544662593,0.5006033988938725
2657.0,-1.0,20584.992544662593,20599.992311701397,14.999767038803839
2658.0,1.0,20599.992311701397,20603.1027594459,3.1104477445041994
2659.0,-1.0,20603.1027594459,20615.492682139095,12.389922693193512
2660.0,1.0,20615.492682139098,20621.20918380907,5.716501669972786
2661.0,-1.0,20621.20918380907,20630.993052576796,9.783868767724925
2662.0,1.0,20630.993052576796,20631.954120423612,0.9610678468161495
2663.0,-1.0,20631.954120423612,20646.493423014494,14.539302590881562
2664.0,1.0,20646.493423014494,20647.039191868185,0.5457688536916976
2665.0,-1.0,20647.039191868185,20661.99379345219,14.954601584006014
2666.0,1.0,20661.99379345219,20662.494103039873,0.5003095876818406
2667.0,-1.0,20662.494103039873,20677.49416388989,15.00006085001587
2668.0,1.0,20677.494163889893,20678.261471438713,0.7673075488200993
2669.0,-1.0,20678.261471438713,20692.99453432759,14.733062888877612
2670.0,1.0,20692.99453432759,20707.994762869996,15.000228542405239
2671.0,-1.0,20707.994762869996,20708.494904765288,0.5001418952924723
2672.0,1.0,20708.494904765288,20723.49374195077,14.998837185481534
2673.0,-1.0,20723.49374195077,20723.995275202986,0.5015332522161771
2674.0,1.0,20723.995275202986,20729.2067251992,5.211449996215379
2675.0,-1.0,20729.2067251992,20739.495645640684,10.288920441482333
2676.0,1.0,20739.495645640687,20740.55572730338,1.0600816626938467
2677.0,-1.0,20740.55572730338,20754.996016078385,14.440288775003864
2678.0,1.0,20754.996016078385,20769.905998575956,14.909982497571036
2679.0,-1.0,20769.905998575956,20770.496386516083,0.590387940126675
2680.0,1.0,20770.496386516083,20778.889338478963,8.392951962880034
2681.0,-1.0,20778.889338478963,20785.99675695378,7.107418474817678
2682.0,1.0,20785.99675695378,20786.496757306108,0.5000003523273335
2683.0,-1.0,20786.496757306108,20801.497127391478,15.000370085370378
2684.0,1.0,20801.497127391478,20816.497497829176,15.000370437697711
2685.0,-1.0,20816.497497829176,20816.997497829176,0.5
2686.0,1.0,20816.99749782918,20831.997868266877,15.000370437697711
2687.0,-1.0,20831.997868266877,20832.497868266877,0.5
2688.0,1.0,20832.497868266877,20842.4183377927,9.920469525823137
2689.0,-1.0,20842.4183377927,20847.998238704575,5.579900911874574
2690.0,1.0,20847.998238704575,20848.518210543494,0.5199718389194459
2691.0,-1.0,20848.518210543494,20863.498609142272,14.980398598778265
2692.0,1.0,20863.498609142272,20869.970545396965,6.4719362546929915
2693.0,-1.0,20869.970545396965,20878.99897957997,9.02843418300472
2694.0,1.0,20878.998979579974,20879.502503050953,0.5035234709794167
2695.0,-1.0,20879.502503050953,20894.49935001767,14.996846966718294
2696.0,1.0,20894.49935001767,20909.49972045537,15.000370437697711
2697.0,-1.0,20909.49972045537,20909.99972045537,0.5
2698.0,1.0,20909.99972045537,20921.611784364715,11.612063909346034
2699.0,-1.0,20921.611784364715,20925.500090893067,3.888306528351677
2700.0,1.0,20925.500090893067,20926.000090893067,0.5
2701.0,-1.0,20926.000090893067,20941.000461330765,15.000370437697711
2702.0,1.0,20941.00046133077,20956.000831768466,15.000370437697711
2703.0,-1.0,20956.000831768466,20956.500831768466,0.5
2704.0,1.0,20956.500831768466,20957.294315202038,0.7934834335719643
2705.0,-1.0,20957.294315202038,20972.001202206164,14.706887004125747
2706.0,1.0,20972.001202206164,20986.953372675598,14.95217046943435
2707.0,-1.0,20986.953372675598,20987.50157264386,0.5481999682633614
2708.0,1.0,20987.50157264386,20988.91512376175,1.4135511178901652
2709.0,-1.0,20988.91512376175,21003.00194308156,14.086819319807546
2710.0,1.0,21003.001943081563,21003.501943081563,0.5
2711.0,-1.0,21003.501943081563,21018.50231351926,15.000370437697711
2712.0,1.0,21018.50231351926,21025.360428824402,6.858115305141837
2713.0,-1.0,21025.360428824402,21034.00268395696,8.642255132555874
2714.0,1.0,21034.00268395696,21049.003054394656,15.000370437697711
2715.0,-1.0,21049.003054394656,21049.503054394656,0.5
2716.0,1.0,21049.503054394656,21050.003054394656,0.5
2717.0,-1.0,21050.003054394656,21065.003424832354,15.000370437697711
2718.0,1.0,21065.003424832357,21065.503424832357,0.5
2719.0,-1.0,21065.503424832357,21080.503795270055,15.000370437697711
2720.0,1.0,21080.503795270055,21095.504165707753,15.000370437697711
2721.0,-1.0,21095.504165707753,21096.004165707753,0.5
2722.0,1.0,21096.004165707753,21096.5041931625,0.5000274547455774
2723.0,-1.0,21096.5041931625,21111.50453614545,15.000342982952134
2724.0,1.0,21111.50453614545,21126.50441623528,14.999880089828366
2725.0,-1.0,21126.50441623528,21127.004906583148,0.500490347869345
2726.0,1.0,21127.004906583148,21127.505183238016,0.5002766548677755
2727.0,-1.0,21127.505183238016,21142.505277020846,15.000093782829936
2728.0,1.0,21142.50527702085,21150.413767415677,7.9084903948278225
2729.0,-1.0,21150.413767415677,21158.005647458547,7.591880042869889
2730.0,1.0,21158.005647458547,21169.983099689172,11.977452230625204
2731.0,-1.0,21169.983099689172,21173.506017896245,3.5229182070725074
2732.0,1.0,21173.506017896245,21188.506388333943,15.000370437697711
2733.0,-1.0,21188.506388333943,21189.006388333943,0.5
2734.0,1.0,21189.006388333943,21201.59522107077,12.588832736826589
2735.0,-1.0,21201.59522107077,21204.50675877164,2.911537700871122
2736.0,1.0,21204.506758771644,21205.006758771644,0.5
2737.0,-1.0,21205.006758771644,21220.00712920934,15.000370437697711
2738.0,1.0,21220.00712920934,21220.63551683201,0.628387622669834
2739.0,-1.0,21220.63551683201,21235.50749964704,14.871982815027877
2740.0,1.0,21235.50749964704,21236.040619529293,0.5331198822532315
2741.0,-1.0,21236.040619529293,21251.007870084737,14.96725055544448
2742.0,1.0,21251.007870084737,21266.008240522435,15.000370437697711
2743.0,-1.0,21266.008240522435,21266.508240522435,0.5
2744.0,1.0,21266.50824052244,21267.00824052244,0.5
2745.0,-1.0,21267.00824052244,21282.008610960136,15.000370437697711
2746.0,1.0,21282.008610960136,21296.916008181517,14.907397221380961
2747.0,-1.0,21296.916008181517,21297.508981397834,0.59297321631675
2748.0,1.0,21297.508981397834,21312.509349971046,15.000368573211745
2749.0,-1.0,21312.509349971046,21313.00935183553,0.5000018644859665
2750.0,1.0,21313.00935183553,21313.50935183553,0.5
2751.0,-1.0,21313.50935183553,21328.50972227323,15.000370437697711
2752.0,1.0,21328.509722273233,21329.009722273233,0.5
2753.0,-1.0,21329.009722273233,21344.01009271093,15.000370437697711
2754.0,1.0,21344.01009271093,21350.097863988227,6.0877712772962695
2755.0,-1.0,21350.097863988227,21359.51046314863,9.412599160401442
2756.0,1.0,21359.51046314863,21360.01046314863,0.5
2757.0,-1.0,21360.01046314863,21375.010833586326,15.000370437697711
2758.0,1.0,21375.010833586326,21390.011204024024,15.000370437697711
2759.0,-1.0,21390.011204024024,21390.511204024024,0.5
2760.0,1.0,21390.511204024024,21397.241821353236,6.730617329212691
2761.0,-1.0,21397.241821353236,21406.01157446172,8.76975310848502
2762.0,1.0,21406.011574461725,21421.011944899423,15.000370437697711
2763.0,-1.0,21421.011944899423,21421.511944899423,0.5
2764.0,1.0,21421.511944899423,21436.252671928294,14.740727028871333
2765.0,-1.0,21436.252671928294,21437.01231533712,0.7596434088263777
2766.0,1.0,21437.01231533712,21437.51231533712,0.5
2767.0,-1.0,21437.51231533712,21452.51268577482,15.000370437697711
2768.0,1.0,21452.51268577482,21453.13843059636,0.6257448215401382
2769.0,-1.0,21453.13843059636,21468.013056212516,14.874625616157573
2770.0,1.0,21468.01305621252,21483.013426648336,15.000370435816876
2771.0,-1.0,21483.013426648336,21483.513426650217,0.500000001880835
2772.0,1.0,21483.513426650217,21498.513797087915,15.000370437697711
2773.0,-1.0,21498.513797087915,21499.013797087915,0.5
2774.0,1.0,21499.013797087915,21507.59586779298,8.582070705066144
2775.0,-1.0,21507.59586779298,21514.514167525613,6.918299732631567
2776.0,1.0,21514.514167525613,21529.51453796331,15.000370437697711
2777.0,-1.0,21529.51453796331,21530.01453796331,0.5
2778.0,1.0,21530.014537963314,21545.014908332865,15.000370369551092
2779.0,-1.0,21545.014908332865,21545.51490840101,0.500000068146619
2780.0,1.0,21545.51490840101,21546.01490840101,0.5
2781.0,-1.0,21546.01490840101,21561.01527883871,15.000370437697711
2782.0,1.0,21561.01527883871,21561.51527883871,0.5
2783.0,-1.0,21561.51527883871,21576.515649276407,15.000370437697711
2784.0,1.0,21576.515649276407,21577.059421195976,0.543771919568826
2785.0,-1.0,21577.059421195976,21592.016019714105,14.956598518128885
2786.0,1.0,21592.01601971411,21605.64597524453,13.629955530421284
2787.0,-1.0,21605.64597524453,21607.516390151806,1.8704149072764267
2788.0,1.0,21607.516390151806,21615.99215348211,8.475763330305199
2789.0,-1.0,21615.99215348211,21623.016760589504,7.024607107392512
2790.0,1.0,21623.016760589504,21623.516760589504,0.5
2791.0,-1.0,21623.516760589504,21638.5171310272,15.000370437697711
2792.0,1.0,21638.5171310272,21641.157956818875,2.6408257916737057
2793.0,-1.0,21641.157956818875,21654.0175014649,12.859544646024005
2794.0,1.0,21654.0175014649,21669.017871902597,15.000370437697711
2795.0,-1.0,21669.017871902597,21669.517871902597,0.5
2796.0,1.0,21669.5178719026,21678.130470883792,8.612598981191695
2797.0,-1.0,21678.130470883792,21685.0182423403,6.887771456506016
2798.0,1.0,21685.0182423403,21699.984167302147,14.965924961848941
2799.0,-1.0,21699.984167302147,21700.518612777996,0.53444547584877
2800.0,1.0,21700.518612777996,21701.018612777996,0.5
2801.0,-1.0,21701.018612777996,21716.018983215694,15.000370437697711
2802.0,1.0,21716.018983215694,21716.518983215694,0.5
2803.0,-1.0,21716.518983215694,21731.51935365339,15.000370437697711
2804.0,1.0,21731.519353653395,21737.00383453414,5.48448088074656
2805.0,-1.0,21737.00383453414,21747.019724091093,10.015889556951151
2806.0,1.0,21747.019724091093,21762.02009452879,15.000370437697711
2807.0,-1.0,21762.02009452879,21762.52009452879,0.5
2808.0,1.0,21762.52009452879,21763.180691113415,0.6605965846247273
2809.0,-1.0,21763.180691113415,21778.02046496649,14.839773853072984
2810.0,1.0,21778.02046496649,21792.858884064884,14.838419098396116
2811.0,-1.0,21792.858884064884,21793.520835404186,0.661951339301595
2812.0,1.0,21793.52083540419,21808.521205841887,15.000370437697711
2813.0,-1.0,21808.521205841887,21809.021205841887,0.5
2814.0,1.0,21809.021205841887,21810.961788475037,1.940582633149461
2815.0,-1.0,21810.961788475037,21824.521576279585,13.55978780454825
2816.0,1.0,21824.521576279585,21839.518314697056,14.996738417470624
2817.0,-1.0,21839.518314697056,21840.021946717283,0.5036320202270872
2818.0,1.0,21840.021946717283,21840.521946717283,0.5
2819.0,-1.0,21840.521946717283,21855.52231715498,15.000370437697711
2820.0,1.0,21855.522317154984,21865.496167593326,9.973850438342197
2821.0,-1.0,21865.496167593326,21871.022687592682,5.526519999355514
2822.0,1.0,21871.022687592682,21886.02305803038,15.000370437697711
2823.0,-1.0,21886.02305803038,21886.52305803038,0.5
2824.0,1.0,21886.52305803038,21887.03942944205,0.516371411671571
2825.0,-1.0,21887.03942944205,21902.023428468077,14.98399902602614
2826.0,1.0,21902.023428468077,21917.023798905775,15.000370437697711
2827.0,-1.0,21917.023798905775,21917.523798905775,0.5
2828.0,1.0,21917.523798905775,21918.02581191319,0.5020130074153712
2829.0,-1.0,21918.02581191319,21933.024169343473,14.99835743028234
2830.0,1.0,21933.024169343476,21947.97669427542,14.952524931944936
2831.0,-1.0,21947.97669427542,21948.524539781174,0.5478455057527754
2832.0,1.0,21948.524539781174,21949.024539781174,0.5
2833.0,-1.0,21949.024539781174,21964.02491021887,15.000370437697711
2834.0,1.0,21964.02491021887,21975.70336714644,11.678456927569641
2835.0,-1.0,21975.70336714644,21979.52528065657,3.82191351012807
2836.0,1.0,21979.52528065657,21980.02528065657,0.5
2837.0,-1.0,21980.02528065657,21995.025651094267,15.000370437697711
2838.0,1.0,21995.02565109427,22003.795483954273,8.76983286000177
2839.0,-1.0,22003.795483954273,22010.52602153197,6.730537577695941
2840.0,1.0,22010.52602153197,22011.027725987475,0.5017044555061148
2841.0,-1.0,22011.027725987475,22026.026391969666,14.998665982191596
2842.0,1.0,22026.026391969666,22041.025790802596,14.999398832929728
2843.0,-1.0,22041.025790802596,22041.526762407364,0.5009716047679831
2844.0,1.0,22041.526762407364,22042.026828234015,0.5000658266508253
2845.0,-1.0,22042.026828234015,22057.02713284506,15.000304611046886
2846.0,1.0,22057.027132845065,22057.57275974284,0.5456268977759464
2847.0,-1.0,22057.57275974284,22072.527503282763,14.954743539921765
2848.0,1.0,22072.527503282763,22081.377531553764,8.850028271001065
2849.0,-1.0,22081.377531553764,22088.02787372046,6.650342166696646
2850.0,1.0,22088.02787372046,22088.527908724118,0.5000350036571035
2851.0,-1.0,22088.527908724118,22103.52824415816,15.000335434040608
2852.0,1.0,22103.52824415816,22104.02824415816,0.5
2853.0,-1.0,22104.02824415816,22119.028614595856,15.000370437697711
2854.0,1.0,22119.02861459586,22124.034605812747,5.005991216887196
2855.0,-1.0,22124.034605812747,22134.528985033558,10.494379220810515
2856.0,1.0,22134.528985033558,22135.08138420151,0.55239916795108
2857.0,-1.0,22135.08138420151,22150.029355471255,14.947971269746631
2858.0,1.0,22150.029355471255,22150.668935849557,0.6395803783016163
2859.0,-1.0,22150.668935849557,22165.529725908953,14.860790059396095
2860.0,1.0,22165.529725908953,22180.241497154544,14.71177124559108
2861.0,-1.0,22180.241497154544,22181.03009634665,0.7885991921066307
2862.0,1.0,22181.03009634665,22196.03046678435,15.000370437697711
2863.0,-1.0,22196.03046678435,22196.53046678435,0.5
2864.0,1.0,22196.530466784352,22197.25460129876,0.7241345144066145
2865.0,-1.0,22197.25460129876,22212.03083722205,14.776235923291097
2866.0,1.0,22212.03083722205,22215.171909084358,3.1410718623083085
2867.0,-1.0,22215.171909084358,22227.531207659747,12.359298575389403
2868.0,1.0,22227.531207659747,22242.52066300221,14.98945534246377
2869.0,-1.0,22242.52066300221,22243.031578097445,0.5109150952339405
2870.0,1.0,22243.031578097445,22243.58921745686,0.5576393594164983
2871.0,-1.0,22243.58921745686,22258.531948535143,14.942731078281213
2872.0,1.0,22258.531948535147,22259.267849044558,0.7359005094112945
2873.0,-1.0,22259.267849044558,22274.032318972844,14.764469928286417
2874.0,1.0,22274.032318972844,22275.00155531959,0.9692363467474934
2875.0,-1.0,22275.00155531959,22289.532689410542,14.531134090950218
2876.0,1.0,22289.532689410542,22304.53245155027,14.999762139726954
2877.0,-1.0,22304.53245155027,22305.03305984824,0.5006082979707571
2878.0,1.0,22305.03305984824,22320.033430285937,15.000370437697711
2879.0,-1.0,22320.033430285937,22320.533430285937,0.5
2880.0,1.0,22320.53343028594,22326.514551114615,5.981120828673738
2881.0,-1.0,22326.514551114615,22336.03380072364,9.519249609023973
2882.0,1.0,22336.03380072364,22348.82832412004,12.794523396401928
2883.0,-1.0,22348.82832412004,22351.534171161336,2.705847041295783
2884.0,1.0,22351.534171161336,22366.44112271095,14.906951549612131
2885.0,-1.0,22366.44112271095,22367.034541599034,0.59341888808558
2886.0,1.0,22367.034541599034,22367.534541599034,0.5
2887.0,-1.0,22367.534541599034,22382.534912036732,15.000370437697711
2888.0,1.0,22382.534912036735,22386.52694216395,3.9920301272140932
2889.0,-1.0,22386.52694216395,22398.035282474433,11.508340310483618
2890.0,1.0,22398.035282474433,22398.92773804579,0.8924555713565496
2891.0,-1.0,22398.92773804579,22413.53565291213,14.607914866341162
2892.0,1.0,22413.53565291213,22427.562290755694,14.02663784356264
2893.0,-1.0,22427.562290755694,22429.03602334983,1.4737325941350718
2894.0,1.0,22429.03602334983,22443.976699661176,14.940676311347488
2895.0,-1.0,22443.976699661176,22444.536393787526,0.5596941263502231
2896.0,1.0,22444.536393787526,22459.536764225224,15.000370437697711
2897.0,-1.0,22459.536764225224,22460.036764225224,0.5
2898.0,1.0,22460.036764225228,22460.536764225228,0.5
2899.0,-1.0,22460.536764225228,22475.537134662925,15.000370437697711
2900.0,1.0,22475.537134662925,22476.037134662925,0.5
2901.0,-1.0,22476.037134662925,22491.037505100623,15.000370437697711
2902.0,1.0,22491.037505100623,22505.717132212383,14.679627111760055
2903.0,-1.0,22505.717132212383,22506.53787553832,0.8207433259376558
2904.0,1.0,22506.53787553832,22507.03787553832,0.5
2905.0,-1.0,22507.03787553832,22522.03824597602,15.000370437697711
2906.0,1.0,22522.038245976022,22537.038593846046,15.000347870023688
2907.0,-1.0,22537.038593846046,22537.53861641372,0.5000225676740229
2908.0,1.0,22537.53861641372,22538.038632144384,0.5000157306640176
2909.0,-1.0,22538.038632144384,22553.038986851418,15.000354707033694
2910.0,1.0,22553.038986851418,22553.538986851418,0.5
2911.0,-1.0,22553.538986851418,22568.539357289115,15.000370437697711
2912.0,1.0,22568.539357289115,22569.039357289115,0.5
2913.0,-1.0,22569.039357289115,22584.039727726813,15.000370437697711
2914.0,1.0,22584.039727726817,22585.274631541793,1.2349038149768603
2915.0,-1.0,22585.274631541793,22599.540098164514,14.26546662272085
2916.0,1.0,22599.540098164514,22600.040098164514,0.5
2917.0,-1.0,22600.040098164514,22615.040468602212,15.000370437697711
2918.0,1.0,22615.040468602212,22630.04083903991,15.000370437697711
2919.0,-1.0,22630.04083903991,22630.54083903991,0.5
2920.0,1.0,22630.54083903991,22631.04083903991,0.5
2921.0,-1.0,22631.04083903991,22646.041209477607,15.000370437697711
2922.0,1.0,22646.04120947761,22661.04157991531,15.000370437697711
2923.0,-1.0,22661.04157991531,22661.54157991531,0.5
2924.0,1.0,22661.54157991531,22672.186211350272,10.64463143496323
2925.0,-1.0,22672.186211350272,22677.041950353007,4.855739002734481
2926.0,1.0,22677.041950353007,22692.042320790704,15.000370437697711
2927.0,-1.0,22692.042320790704,22692.542320790704,0.5
2928.0,1.0,22692.542320790704,22693.119018683927,0.5766978932224447
2929.0,-1.0,22693.119018683927,22708.042691228402,14.923672544475266
2930.0,1.0,22708.042691228406,22715.503092030714,7.460400802308868
2931.0,-1.0,22715.503092030714,22723.543061666103,8.039969635388843
2932.0,1.0,22723.543061666103,22724.044675627018,0.5016139609142556
2933.0,-1.0,22724.044675627018,22739.0434321038,14.998756476783456
2934.0,1.0,22739.0434321038,22754.0438025415,15.000370437697711
2935.0,-1.0,22754.0438025415,22754.5438025415,0.5
2936.0,1.0,22754.5438025415,22755.051981770815,0.5081792293167382
2937.0,-1.0,22755.051981770815,22770.044172979196,14.992191208380973
2938.0,1.0,22770.044172979196,22785.020271811718,14.97609883252153
2939.0,-1.0,22785.020271811718,22785.544543416894,0.5242716051761818
2940.0,1.0,22785.544543416898,22786.044543416898,0.5
2941.0,-1.0,22786.044543416898,22801.044913854596,15.000370437697711
2942.0,1.0,22801.044913854596,22801.557643314783,0.5127294601879839
2943.0,-1.0,22801.557643314783,22816.545284292293,14.987640977509727
2944.0,1.0,22816.545284292293,22827.1335849814,10.588300689105381
2945.0,-1.0,22827.1335849814,22832.04565472999,4.91206974859233
2946.0,1.0,22832.04565472999,22832.559141468904,0.5134867389133433
2947.0,-1.0,22832.559141468904,22847.54602516769,14.986883698784368
2948.0,1.0,22847.546025167692,22848.046025167692,0.5
2949.0,-1.0,22848.046025167692,22863.04639560539,15.000370437697711
2950.0,1.0,22863.04639560539,22877.278640797456,14.23224519206633
2951.0,-1.0,22877.278640797456,22878.546766043088,1.2681252456313814
2952.0,1.0,22878.546766043088,22879.046766043088,0.5
2953.0,-1.0,22879.046766043088,22894.047136480785,15.000370437697711
2954.0,1.0,22894.047136480785,22899.981678702996,5.934542222210439
2955.0,-1.0,22899.981678702996,22909.547506918483,9.565828215487272
2956.0,1.0,22909.547506918487,22921.756745088172,12.209238169685705
2957.0,-1.0,22921.756745088172,22925.047877356184,3.2911322680120065
2958.0,1.0,22925.047877356184,22928.42396496006,3.3760876038759307
2959.0,-1.0,22928.42396496006,22940.548247793882,12.12428283382178
2960.0,1.0,22940.548247793882,22941.04850577242,0.5002579785395938
2961.0,-1.0,22941.04850577242,22956.04861823158,15.000112459158117
2962.0,1.0,22956.04861823158,22956.570057709392,0.5214394778122369
2963.0,-1.0,22956.570057709392,22971.548988669278,14.978930959885474
2964.0,1.0,22971.54898866928,22986.540084072687,14.99109540340578
2965.0,-1.0,22986.540084072687,22987.04935910698,0.5092750342919317
2966.0,1.0,22987.04935910698,22993.838805136176,6.789446029197279
2967.0,-1.0,22993.838805136176,23002.549729544677,8.710924408500432
2968.0,1.0,23002.549729544677,23006.408940143832,3.859210599155631
2969.0,-1.0,23006.408940143832,23018.050099982374,11.64115983854208
2970.0,1.0,23018.050099982374,23033.020599663494,14.97049968111969
2971.0,-1.0,23033.020599663494,23033.550470420072,0.5298707565780205
2972.0,1.0,23033.550470420072,23034.050470420072,0.5
2973.0,-1.0,23034.050470420072,23049.05084085777,15.000370437697711
2974.0,1.0,23049.050840857773,23062.307011518882,13.256170661108627
2975.0,-1.0,23062.307011518882,23064.55121129547,2.2441997765890846
2976.0,1.0,23064.55121129547,23079.55158173317,15.000370437697711
2977.0,-1.0,23079.55158173317,23080.05158173317,0.5
2978.0,1.0,23080.05158173317,23090.72389356374,10.672311830570834
2979.0,-1.0,23090.72389356374,23095.551952170867,4.828058607126877
2980.0,1.0,23095.551952170867,23110.552322608564,15.000370437697711
2981.0,-1.0,23110.552322608564,23111.052322608564,0.5
2982.0,1.0,23111.052322608568,23111.552322608568,0.5
2983.0,-1.0,23111.552322608568,23126.552693046266,15.000370437697711
2984.0,1.0,23126.552693046266,23131.19906494936,4.646371903094405
2985.0,-1.0,23131.19906494936,23142.053063483963,10.853998534603306
2986.0,1.0,23142.053063483963,23157.05343392166,15.000370437697711
2987.0,-1.0,23157.05343392166,23157.55343392166,0.5
2988.0,1.0,23157.55343392166,23158.053562959718,0.5001290380569117
2989.0,-1.0,23158.053562959718,23173.05380435936,15.0002413996408
2990.0,1.0,23173.053804359362,23188.05417479706,15.000370437697711
2991.0,-1.0,23188.05417479706,23188.55417479706,0.5
2992.0,1.0,23188.55417479706,23189.05417479706,0.5
2993.0,-1.0,23189.05417479706,23204.054545234758,15.000370437697711
2994.0,1.0,23204.054545234758,23204.554545234758,0.5
2995.0,-1.0,23204.554545234758,23219.554915672456,15.000370437697711
2996.0,1.0,23219.554915672456,23234.555286110153,15.000370437697711
2997.0,-1.0,23234.555286110153,23235.055286110153,0.5
2998.0,1.0,23235.055286110157,23248.328662428423,13.273376318265946
2999.0,-1.0,23248.328662428423,23250.555656547855,2.2269941194317653
3000.0,1.0,23250.555656547855,23251.1496561843,0.5939996364468243
3001.0,-1.0,23251.1496561843,23266.056026985552,14.906370801250887
3002.0,1.0,23266.056026985552,23274.908501783983,8.852474798430194
3003.0,-1.0,23274.908501783983,23281.55639742325,6.647895639267517
3004.0,1.0,23281.55639742325,23293.664001787514,12.107604364264262
3005.0,-1.0,23293.664001787514,23297.056767860948,3.3927660734334495
3006.0,1.0,23297.056767860948,23297.67970301893,0.6229351579822833
3007.0,-1.0,23297.67970301893,23312.557138298645,14.877435279715428
3008.0,1.0,23312.55713829865,23313.273434477665,0.7162961790163536
3009.0,-1.0,23313.273434477665,23328.057508736347,14.784074258681358
3010.0,1.0,23328.057508736347,23330.216967882647,2.1594591462999233
3011.0,-1.0,23330.216967882647,23343.557879174045,13.340911291397788
3012.0,1.0,23343.557879174045,23344.164921710835,0.6070425367906864
3013.0,-1.0,23344.164921710835,23359.058249611742,14.893327900907025
3014.0,1.0,23359.058249611742,23366.81972165465,7.761472042908281
3015.0,-1.0,23366.81972165465,23374.55862004944,7.73889839478943
3016.0,1.0,23374.558620049444,23389.55899048714,15.000370437697711
3017.0,-1.0,23389.55899048714,23390.05899048714,0.5
3018.0,1.0,23390.05899048714,23394.052745724508,3.993755237366713
3019.0,-1.0,23394.052745724508,23405.55936092484,11.506615200330998
3020.0,1.0,23405.55936092484,23411.22254111697,5.663180192132131
3021.0,-1.0,23411.22254111697,23421.059731362537,9.83719024556558
3022.0,1.0,23421.059731362537,23421.559731362537,0.5
3023.0,-1.0,23421.559731362537,23436.560101800234,15.000370437697711
3024.0,1.0,23436.560101800238,23450.70637281246,14.146271012221405
3025.0,-1.0,23450.70637281246,23452.060472237936,1.3540994254763064
3026.0,1.0,23452.060472237936,23452.560472237936,0.5
3027.0,-1.0,23452.560472237936,23467.560842675633,15.000370437697711
3028.0,1.0,23467.560842675633,23468.211804039613,0.6509613639791496
3029.0,-1.0,23468.211804039613,23483.06121311333,14.849409073718562
3030.0,1.0,23483.06121311333,23498.047378200197,14.986165086866094
3031.0,-1.0,23498.047378200197,23498.56158355103,0.5142053508316167
3032.0,1.0,23498.561583551033,23513.561949464813,15.000365913780115
3033.0,-1.0,23513.561949464813,23514.06195398873,0.5000045239175961
3034.0,1.0,23514.06195398873,23529.062324426428,15.000370437697711
3035.0,-1.0,23529.062324426428,23529.562324426428,0.5
3036.0,1.0,23529.562324426428,23530.145575780964,0.5832513545356051
3037.0,-1.0,23530.145575780964,23545.062694864126,14.917119083162106
3038.0,1.0,23545.062694864126,23560.063065301823,15.000370437697711
3039.0,-1.0,23560.063065301823,23560.563065301823,0.5
3040.0,1.0,23560.563065301823,23575.347244981844,14.784179680020316
3041.0,-1.0,23575.347244981844,23576.06343573952,0.7161907576773956
3042.0,1.0,23576.063435739525,23576.563435739525,0.5
3043.0,-1.0,23576.563435739525,23591.563806177222,15.000370437697711
3044.0,1.0,23591.563806177222,23603.9719722472,12.408166069977597
3045.0,-1.0,23603.9719722472,23607.06417661492,3.0922043677201145
3046.0,1.0,23607.06417661492,23607.573082880797,0.5089062658771581
3047.0,-1.0,23607.573082880797,23622.564547052618,14.991464171820553
3048.0,1.0,23622.564547052618,23636.88740845658,14.322861403961724
3049.0,-1.0,23636.88740845658,23638.064917490316,1.177509033735987
3050.0,1.0,23638.06491749032,23651.690479373592,13.625561883272894
3051.0,-1.0,23651.690479373592,23653.565287928017,1.874808554424817
3052.0,1.0,23653.565287928017,23667.80652333024,14.241235402223538
3053.0,-1.0,23667.80652333024,23669.065658365715,1.2591350354741735
3054.0,1.0,23669.065658365715,23684.04171396078,14.97605559506701
3055.0,-1.0,23684.04171396078,23684.566028803412,0.5243148426307016
3056.0,1.0,23684.566028803412,23685.06606694617,0.5000381427562388
3057.0,-1.0,23685.06606694617,23700.06639924111,15.000332294941472
3058.0,1.0,23700.066399241114,23715.06676967881,15.000370437697711
3059.0,-1.0,23715.06676967881,23715.56676967881,0.5
3060.0,1.0,23715.56676967881,23716.066774535862,0.5000048570509534
3061.0,-1.0,23716.066774535862,23731.06714011651,15.000365580646758
3062.0,1.0,23731.06714011651,23746.064056031133,14.996915914623969
3063.0,-1.0,23746.064056031133,23746.567510554207,0.5034545230737422
3064.0,1.0,23746.567510554207,23747.0848104739,0.5172999196947785
3065.0,-1.0,23747.0848104739,23762.067880991905,14.983070518002933
3066.0,1.0,23762.067880991908,23762.57655980127,0.5086788093612995
3067.0,-1.0,23762.57655980127,23777.568251429606,14.991691628336412
3068.0,1.0,23777.568251429606,23778.068251429606,0.5
3069.0,-1.0,23778.068251429606,23793.068621867304,15.000370437697711
3070.0,1.0,23793.068621867304,23793.568621867304,0.5
3071.0,-1.0,23793.568621867304,23808.568992305,15.000370437697711
3072.0,1.0,23808.568992305,23809.068992305,0.5
3073.0,-1.0,23809.068992305,23824.0693627427,15.000370437697711
3074.0,1.0,23824.0693627427,23828.41135118907,4.341988446369214
3075.0,-1.0,23828.41135118907,23839.569733180397,11.158381991328497
3076.0,1.0,23839.5697331804,23854.570103618098,15.000370437697711
3077.0,-1.0,23854.570103618098,23855.070103618098,0.5
3078.0,1.0,23855.070103618098,23855.656118891646,0.5860152735476731
3079.0,-1.0,23855.656118891646,23870.570474055796,14.914355164150038
3080.0,1.0,23870.570474055796,23885.570844493493,15.000370437697711
3081.0,-1.0,23885.570844493493,23886.070844493493,0.5
3082.0,1.0,23886.070844493493,23886.57805743765,0.5072129441577999
3083.0,-1.0,23886.57805743765,23901.57121493119,14.993157493539911
3084.0,1.0,23901.571214931195,23906.016119203963,4.444904272768326
3085.0,-1.0,23906.016119203963,23917.071585368893,11.055466164929385
3086.0,1.0,23917.071585368893,23931.691057551092,14.619472182199388
3087.0,-1.0,23931.691057551092,23932.57195580659,0.8808982554983231
3088.0,1.0,23932.57195580659,23947.20856057559,14.63660476899895
3089.0,-1.0,23947.20856057559,23948.072326244288,0.8637656686987611
3090.0,1.0,23948.072326244288,23949.22668738362,1.1543611393317406
3091.0,-1.0,23949.22668738362,23963.572696681986,14.34600929836597
3092.0,1.0,23963.57269668199,23964.07269668199,0.5
3093.0,-1.0,23964.07269668199,23979.073067119687,15.000370437697711
3094.0,1.0,23979.073067119687,23994.073437557385,15.000370437697711
3095.0,-1.0,23994.073437557385,23994.573437557385,0.5
3096.0,1.0,23994.573437557385,23997.424666033163,2.8512284757780435
3097.0,-1.0,23997.424666033163,24010.073807995082,12.649141961919668
3098.0,1.0,24010.073807995082,24010.574017401592,0.5002094065093843
3099.0,-1.0,24010.574017401592,24025.57417843278,15.000161031188327
3100.0,1.0,24025.574178432784,24040.507703802734,14.933525369950075
3101.0,-1.0,24040.507703802734,24041.07454887048,0.5668450677476358
3102.0,1.0,24041.07454887048,24041.66215226428,0.5876033938002365
3103.0,-1.0,24041.66215226428,24056.57491930818,14.912767043897475
3104.0,1.0,24056.57491930818,24071.575289745877,15.000370437697711
3105.0,-1.0,24071.575289745877,24072.075289745877,0.5
3106.0,1.0,24072.075289745877,24086.095171152723,14.019881406846253
3107.0,-1.0,24086.095171152723,24087.575660183575,1.4804890308514587
3108.0,1.0,24087.575660183575,24090.315973487934,2.740313304359006
3109.0,-1.0,24090.315973487934,24103.076030621272,12.760057133338705
3110.0,1.0,24103.076030621276,24103.57612943902,0.500098817745311
3111.0,-1.0,24103.57612943902,24118.576401058974,15.0002716199524
3112.0,1.0,24118.576401058974,24133.562409634524,14.986008575549931
3113.0,-1.0,24133.562409634524,24134.07677149667,0.5143618621477799
3114.0,1.0,24134.07677149667,24149.076826020017,15.00005452334517
3115.0,-1.0,24149.076826020017,24149.57714193437,0.5003159143525409
3116.0,1.0,24149.57714193437,24155.710047510893,6.132905576523626
3117.0,-1.0,24155.710047510893,24165.077512372067,9.367464861174085
3118.0,1.0,24165.07751237207,24166.125253856142,1.0477414840715937
3119.0,-1.0,24166.125253856142,24180.57788280977,14.452628953626117
3120.0,1.0,24180.57788280977,24181.38255140461,0.8046685948429513
3121.0,-1.0,24181.38255140461,24196.078253247466,14.69570184285476
3122.0,1.0,24196.078253247466,24201.37288771554,5.294634468074946
3123.0,-1.0,24201.37288771554,24211.578623685164,10.205735969622765
3124.0,1.0,24211.578623685164,24212.079240169987,0.5006164848236949
3125.0,-1.0,24212.079240169987,24227.07899412286,14.999753952874016
3126.0,1.0,24227.078994122865,24227.721786907056,0.642792784190533
3127.0,-1.0,24227.721786907056,24242.579364560563,14.857577653507178
3128.0,1.0,24242.579364560563,24257.5791162791,14.999751718536572
3129.0,-1.0,24257.5791162791,24258.07973499826,0.5006187191611389
3130.0,1.0,24258.07973499826,24258.588700228764,0.5089652305032359
3131.0,-1.0,24258.588700228764,24273.580105435958,14.991405207194475
3132.0,1.0,24273.580105435958,24288.580475873656,15.000370437697711
3133.0,-1.0,24288.580475873656,24289.080475873656,0.5
3134.0,1.0,24289.08047587366,24289.64438910229,0.5639132286305539
3135.0,-1.0,24289.64438910229,24304.580846311357,14.936457209067157
3136.0,1.0,24304.580846311357,24305.080846311357,0.5
3137.0,-1.0,24305.080846311357,24320.081216749055,15.000370437697711
3138.0,1.0,24320.081216749055,24329.571480700935,9.490263951880479
3139.0,-1.0,24329.571480700935,24335.581587186753,6.010106485817232
3140.0,1.0,24335.581587186753,24339.13010703857,3.548519851818128
3141.0,-1.0,24339.13010703857,24351.08195762445,11.951850585879583
3142.0,1.0,24351.081957624454,24364.253270709713,13.17131308525859
3143.0,-1.0,24364.253270709713,24366.58232806215,2.329057352439122
3144.0,1.0,24366.58232806215,24367.342145257302,0.75981719515039
3145.0,-1.0,24367.342145257302,24382.08269849985,14.740553242547321
3146.0,1.0,24382.08269849985,24397.083068937547,15.000370437697711
3147.0,-1.0,24397.083068937547,24397.583068937547,0.5
3148.0,1.0,24397.583068937547,24398.09541590125,0.5123469637037488
3149.0,-1.0,24398.09541590125,24413.083439375245,14.988023473993962
3150.0,1.0,24413.083439375245,24428.083809812942,15.000370437697711
3151.0,-1.0,24428.083809812942,24428.583809812942,0.5
3152.0,1.0,24428.583809812946,24443.584180250644,15.000370437697711
3153.0,-1.0,24443.584180250644,24444.084180250644,0.5
3154.0,1.0,24444.084180250644,24459.08455068834,15.000370437697711
3155.0,-1.0,24459.08455068834,24459.58455068834,0.5
3156.0,1.0,24459.58455068834,24460.08561910754,0.5010684191984183
3157.0,-1.0,24460.08561910754,24475.08492112604,14.999302018499293
3158.0,1.0,24475.08492112604,24475.58867221463,0.5037510885922529
3159.0,-1.0,24475.58867221463,24490.585291563737,14.996619349105458
3160.0,1.0,24490.58529156374,24491.262524015416,0.6772324516750814
3161.0,-1.0,24491.262524015416,24506.08566200144,14.82313798602263
3162.0,1.0,24506.08566200144,24518.84383123538,12.758169233940862
3163.0,-1.0,24518.84383123538,24521.586032439136,2.7422012037568493
3164.0,1.0,24521.586032439136,24536.474478974942,14.888446535805997
3165.0,-1.0,24536.474478974942,24537.086402876834,0.6119239018917142
3166.0,1.0,24537.086402876834,24537.58845931866,0.5020564418264257
3167.0,-1.0,24537.58845931866,24552.58677331453,14.998313995871285
3168.0,1.0,24552.586773314535,24565.62836762247,13.041594307935156
3169.0,-1.0,24565.62836762247,24568.087143752233,2.4587761297625548
3170.0,1.0,24568.087143752233,24574.84636828812,6.75922453588646
3171.0,-1.0,24574.84636828812,24583.58751418993,8.741145901811251
3172.0,1.0,24583.58751418993,24584.08751418993,0.5
3173.0,-1.0,24584.08751418993,24599.08788462763,15.000370437697711
3174.0,1.0,24599.08788462763,24599.730730031748,0.6428454041197256
3175.0,-1.0,24599.730730031748,24614.588255065326,14.857525033577986
3176.0,1.0,24614.58825506533,24615.109547238324,0.5212921729944355
3177.0,-1.0,24615.109547238324,24630.088625503027,14.979078264703276
3178.0,1.0,24630.088625503027,24644.753938591453,14.665313088426046
3179.0,-1.0,24644.753938591453,24645.588995940725,0.8350573492716649
3180.0,1.0,24645.588995940725,24660.577254406497,14.98825846577165
3181.0,-1.0,24660.577254406497,24661.089366378423,0.5121119719260605
3182.0,1.0,24661.089366378423,24661.59353265737,0.5041662789481052
3183.0,-1.0,24661.59353265737,24676.58973681612,14.996204158749606
3184.0,1.0,24676.58973681612,24691.590107253818,15.000370437697711
3185.0,-1.0,24691.590107253818,24692.090107253818,0.5
3186.0,1.0,24692.09010725382,24692.811874265673,0.7217670118516253
3187.0,-1.0,24692.811874265673,24707.59047769152,14.778603425846086
3188.0,1.0,24707.59047769152,24722.590848129217,15.000370437697711
3189.0,-1.0,24722.590848129217,24723.090848129217,0.5
3190.0,1.0,24723.090848129217,24738.091218566915,15.000370437697711
3191.0,-1.0,24738.091218566915,24738.591218566915,0.5
3192.0,1.0,24738.591218566915,24753.591589004613,15.000370437697711
3193.0,-1.0,24753.591589004613,24754.091589004613,0.5
3194.0,1.0,24754.091589004616,24768.723907190288,14.632318185671465
3195.0,-1.0,24768.723907190288,24769.591959442314,0.8680522520262457
3196.0,1.0,24769.591959442314,24784.580547724487,14.988588282172714
3197.0,-1.0,24784.580547724487,24785.09232988001,0.5117821555249975
3198.0,1.0,24785.09232988001,24785.592331421816,0.5000015418045223
3199.0,-1.0,24785.592331421816,24800.59270031771,15.000368895893189
3200.0,1.0,24800.59270031771,24815.593070755407,15.000370437697711
3201.0,-1.0,24815.593070755407,24816.093070755407,0.5
3202.0,1.0,24816.09307075541,24816.59307075541,0.5
3203.0,-1.0,24816.59307075541,24831.59344119311,15.000370437697711
3204.0,1.0,24831.59344119311,24846.593811630806,15.000370437697711
3205.0,-1.0,24846.593811630806,24847.093811630806,0.5
3206.0,1.0,24847.093811630806,24862.094182068504,15.000370437697711
3207.0,-1.0,24862.094182068504,24862.594182068504,0.5
3208.0,1.0,24862.594182068504,24863.09425916464,0.5000770961378294
3209.0,-1.0,24863.09425916464,24878.0945525062,15.000293341559882
3210.0,1.0,24878.094552506205,24893.094922943903,15.000370437697711
3211.0,-1.0,24893.094922943903,24893.594922943903,0.5
3212.0,1.0,24893.594922943903,24895.883046102896,2.2881231589926756
3213.0,-1.0,24895.883046102896,24909.0952933816,13.212247278705036
3214.0,1.0,24909.0952933816,24923.77805661602,14.682763234421145
3215.0,-1.0,24923.77805661602,24924.5956638193,0.817607203276566
3216.0,1.0,24924.5956638193,24939.595927835337,15.000264016038273
3217.0,-1.0,24939.595927835337,24940.096034256996,0.5001064216594386
3218.0,1.0,24940.096034256996,24952.979750220944,12.883715963947907
3219.0,-1.0,24952.979750220944,24955.596404694694,2.6166544737498043
3220.0,1.0,24955.596404694697,24956.096404694697,0.5
3221.0,-1.0,24956.096404694697,24971.096775132395,15.000370437697711
3222.0,1.0,24971.096775132395,24972.82754707858,1.730771946185996
3223.0,-1.0,24972.82754707858,24986.597145570093,13.769598491511715
3224.0,1.0,24986.597145570093,24988.035090074438,1.4379445043450687
3225.0,-1.0,24988.035090074438,25002.09751600779,14.062425933352642
3226.0,1.0,25002.09751600779,25003.314846152367,1.2173301445764082
3227.0,-1.0,25003.314846152367,25017.59788644549,14.283040293121303
3228.0,1.0,25017.597886445492,25032.09810036145,14.500213915958739
3229.0,-1.0,25032.09810036145,25033.09825688319,1.0001565217389725
3230.0,1.0,25033.09825688319,25048.0982785599,15.000021676711185
3231.0,-1.0,25048.0982785599,25048.598627320887,0.500348760986526
3232.0,1.0,25048.598627320887,25057.949358460308,9.350731139420532
3233.0,-1.0,25057.949358460308,25064.098997758585,6.1496392982771795
3234.0,1.0,25064.098997758585,25079.058631634725,14.959633876140288
3235.0,-1.0,25079.058631634725,25079.599368196283,0.5407365615574236
3236.0,1.0,25079.599368196286,25094.599738633984,15.000370437697711
3237.0,-1.0,25094.599738633984,25095.099738633984,0.5
3238.0,1.0,25095.099738633984,25110.10010907168,15.000370437697711
3239.0,-1.0,25110.10010907168,25110.60010907168,0.5
3240.0,1.0,25110.60010907168,25111.10010907168,0.5
3241.0,-1.0,25111.10010907168,25126.10047950938,15.000370437697711
3242.0,1.0,25126.10047950938,25141.095504191,14.995024681618816
3243.0,-1.0,25141.095504191,25141.600849947077,0.5053457560788956
3244.0,1.0,25141.60084994708,25156.58149542943,14.980645482348336
3245.0,-1.0,25156.58149542943,25157.10122038478,0.5197249553493748
3246.0,1.0,25157.10122038478,25172.028017879024,14.926797494244965
3247.0,-1.0,25172.028017879024,25172.601590822476,0.5735729434527457
3248.0,1.0,25172.601590822476,25173.73390760811,1.1323167856353393
3249.0,-1.0,25173.73390760811,25188.101961260174,14.368053652062372
3250.0,1.0,25188.101961260174,25203.10233169787,15.000370437697711
3251.0,-1.0,25203.10233169787,25203.60233169787,0.5
3252.0,1.0,25203.60233169787,25204.10233169787,0.5
3253.0,-1.0,25204.10233169787,25219.10270213557,15.000370437697711
3254.0,1.0,25219.102702135573,25219.66225300866,0.5595508730875736
3255.0,-1.0,25219.66225300866,25234.60307257327,14.940819564610138
3256.0,1.0,25234.60307257327,25235.10307257327,0.5
3257.0,-1.0,25235.10307257327,25250.10344301097,15.000370437697711
3258.0,1.0,25250.10344301097,25261.083837147668,10.980394136699033
3259.0,-1.0,25261.083837147668,25265.603813448666,4.519976300998678
3260.0,1.0,25265.603813448666,25279.45440230778,13.850588859113486
3261.0,-1.0,25279.45440230778,25281.104183886364,1.649781578584225
3262.0,1.0,25281.104183886368,25294.338166055117,13.233982168749208
3263.0,-1.0,25294.338166055117,25296.604554324065,2.2663882689485035
3264.0,1.0,25296.604554324065,25311.604924761763,15.000370437697711
3265.0,-1.0,25311.604924761763,25312.104924761763,0.5
3266.0,1.0,25312.104924761763,25312.623489410027,0.5185646482641459
3267.0,-1.0,25312.623489410027,25327.60529519946,14.981805789433565
3268.0,1.0,25327.60529519946,25342.60566563716,15.000370437697711
3269.0,-1.0,25342.60566563716,25343.10566563716,0.5
3270.0,1.0,25343.105665637162,25356.017635714998,12.911970077835576
3271.0,-1.0,25356.017635714998,25358.60603607486,2.588400359862135
3272.0,1.0,25358.60603607486,25373.51244347256,14.906407397698786
3273.0,-1.0,25373.51244347256,25374.106406512557,0.5939630399989255
3274.0,1.0,25374.106406512557,25387.58917776608,13.482771253522515
3275.0,-1.0,25387.58917776608,25389.606776950255,2.0175991841751966
3276.0,1.0,25389.606776950255,25390.106776950255,0.5
3277.0,-1.0,25390.106776950255,25405.107147387953,15.000370437697711
3278.0,1.0,25405.107147387957,25419.679885064597,14.572737676640827
3279.0,-1.0,25419.679885064597,25420.607517825654,0.9276327610568842
3280.0,1.0,25420.607517825654,25421.83854003987,1.231022214215045
3281.0,-1.0,25421.83854003987,25436.107888263352,14.269348223482666
3282.0,1.0,25436.107888263352,25451.106003484387,14.998115221034823
3283.0,-1.0,25451.106003484387,25451.60825870105,0.5022552166628884
3284.0,1.0,25451.60825870105,25452.10825870105,0.5
3285.0,-1.0,25452.10825870105,25467.108629138747,15.000370437697711
3286.0,1.0,25467.108629138747,25481.903158416524,14.794529277776746
3287.0,-1.0,25481.903158416524,25482.608999576445,0.7058411599209649
3288.0,1.0,25482.60899957645,25497.55391525355,14.944915677100653
3289.0,-1.0,25497.55391525355,25498.109370014146,0.5554547605970583
3290.0,1.0,25498.109370014146,25512.7529853942,14.643615380053234
3291.0,-1.0,25512.7529853942,25513.609740451844,0.8567550576444773
3292.0,1.0,25513.609740451844,25528.052060928443,14.44232047659898
3293.0,-1.0,25528.052060928443,25529.110110889542,1.0580499610987317
3294.0,1.0,25529.110110889542,25542.64629992122,13.536189031678077
3295.0,-1.0,25542.64629992122,25544.61048132724,1.9641814060196339
3296.0,1.0,25544.610481327243,25559.61085176494,15.000370437697711
3297.0,-1.0,25559.61085176494,25560.11085176494,0.5
3298.0,1.0,25560.11085176494,25575.11080790831,14.999956143368763
3299.0,-1.0,25575.11080790831,25575.61122220264,0.500414294328948
3300.0,1.0,25575.61122220264,25576.112120783517,0.500898580878129
3301.0,-1.0,25576.112120783517,25591.111592640336,14.999471856819582
3302.0,1.0,25591.111592640336,25603.81293394783,12.70134130749284
3303.0,-1.0,25603.81293394783,25606.611963078034,2.7990291302048718
3304.0,1.0,25606.611963078038,25608.499432883887,1.8874698058498325
3305.0,-1.0,25608.499432883887,25622.112333515735,13.612900631847879
3306.0,1.0,25622.112333515735,25622.612399580437,0.5000660647019686
3307.0,-1.0,25622.612399580437,25637.612703953433,15.000304372995743
3308.0,1.0,25637.612703953433,25638.112703953433,0.5
3309.0,-1.0,25638.112703953433,25653.11307439113,15.000370437697711
3310.0,1.0,25653.11307439113,25660.955707537447,7.842633146316075
3311.0,-1.0,25660.955707537447,25668.61344482883,7.657737291381636
3312.0,1.0,25668.613444828832,25683.61381526653,15.000370437697711
3313.0,-1.0,25683.61381526653,25684.11381526653,0.5
3314.0,1.0,25684.11381526653,25684.72283090456,0.6090156380305416
3315.0,-1.0,25684.72283090456,25699.614185704228,14.89135479966717
3316.0,1.0,25699.614185704228,25714.61435095243,15.000165248202393
3317.0,-1.0,25714.61435095243,25715.114556141925,0.5002051894953183
3318.0,1.0,25715.114556141925,25730.114926579623,15.000370437697711
3319.0,-1.0,25730.114926579623,25730.614926579623,0.5
3320.0,1.0,25730.614926579623,25745.522089705275,14.907163125652005
3321.0,-1.0,25745.522089705275,25746.11529701732,0.5932073120457062
3322.0,1.0,25746.115297017324,25761.11566744857,15.000370431243937
3323.0,-1.0,25761.11566744857,25761.615667455022,0.5000000064537744
3324.0,1.0,25761.615667455022,25776.61603789272,15.000370437697711
3325.0,-1.0,25776.61603789272,25777.11603789272,0.5
3326.0,1.0,25777.11603789272,25777.61603789272,0.5
3327.0,-1.0,25777.61603789272,25792.616408330417,15.000370437697711
3328.0,1.0,25792.616408330417,25793.236986777134,0.6205784467165358
3329.0,-1.0,25793.236986777134,25808.116778768115,14.879791990981175
3330.0,1.0,25808.11677876812,25808.61677876812,0.5
3331.0,-1.0,25808.61677876812,25823.617149205817,15.000370437697711
3332.0,1.0,25823.617149205817,25824.117149205817,0.5
3333.0,-1.0,25824.117149205817,25839.117519643514,15.000370437697711
3334.0,1.0,25839.117519643514,25839.617519643514,0.5
3335.0,-1.0,25839.617519643514,25854.617890081212,15.000370437697711
3336.0,1.0,25854.617890081212,25869.61826051891,15.000370437697711
3337.0,-1.0,25869.61826051891,25870.11826051891,0.5
3338.0,1.0,25870.118260518913,25885.073124500792,14.954863981878589
3339.0,-1.0,25885.073124500792,25885.61863095661,0.5455064558191225
3340.0,1.0,25885.61863095661,25886.51946408339,0.9008331267796166
3341.0,-1.0,25886.51946408339,25901.11900139431,14.599537310918095
3342.0,1.0,25901.11900139431,25915.835481700884,14.71648030657525
3343.0,-1.0,25915.835481700884,25916.619371832006,0.7838901311224618
3344.0,1.0,25916.619371832006,25917.528163458992,0.9087916269854759
3345.0,-1.0,25917.528163458992,25932.119742269704,14.591578810712235
3346.0,1.0,25932.119742269708,25945.96162623582,13.841883966113528
3347.0,-1.0,25945.96162623582,25947.620112707405,1.6584864715841832
3348.0,1.0,25947.620112707405,25962.606403580354,14.986290872948302
3349.0,-1.0,25962.606403580354,25963.120483145103,0.5140795647494087
3350.0,1.0,25963.120483145103,25978.120576296922,15.000093151818874
3351.0,-1.0,25978.120576296922,25978.6208535828,0.5002772858788376
3352.0,1.0,25978.6208535828,25980.83181197974,2.2109583969395317
3353.0,-1.0,25980.83181197974,25994.1212240205,13.28941204075818
3354.0,1.0,25994.121224020502,25994.621224020502,0.5
3355.0,-1.0,25994.621224020502,26009.6215944582,15.000370437697711
3356.0,1.0,26009.6215944582,26024.217909312185,14.59631485398495
3357.0,-1.0,26024.217909312185,26025.121964895898,0.9040555837127613
3358.0,1.0,26025.121964895898,26040.121823129557,14.999858233659324
3359.0,-1.0,26040.121823129557,26040.622335333595,0.5005122040383867
3360.0,1.0,26040.622335333595,26041.12931573122,0.506980397625739
3361.0,-1.0,26041.12931573122,26056.122705771293,14.993390040071972
3362.0,1.0,26056.122705771293,26071.12307620899,15.000370437697711
3363.0,-1.0,26071.12307620899,26071.62307620899,0.5
3364.0,1.0,26071.623076208994,26072.123076208994,0.5
3365.0,-1.0,26072.123076208994,26087.123446646692,15.000370437697711
3366.0,1.0,26087.123446646692,26101.20952023178,14.086073585087433
3367.0,-1.0,26101.20952023178,26102.62381708439,1.4142968526102777
3368.0,1.0,26102.62381708439,26103.12381708439,0.5
3369.0,-1.0,26103.12381708439,26118.124187522088,15.000370437697711
3370.0,1.0,26118.124187522088,26118.995091019784,0.8709034976964176
3371.0,-1.0,26118.995091019784,26133.624557959785,14.629466940001294
3372.0,1.0,26133.62455795979,26134.12455795979,0.5
3373.0,-1.0,26134.12455795979,26149.124928397487,15.000370437697711
3374.0,1.0,26149.124928397487,26149.624928397487,0.5
3375.0,-1.0,26149.624928397487,26164.625298835184,15.000370437697711
3376.0,1.0,26164.625298835184,26179.107154677364,14.481855842179357
3377.0,-1.0,26179.107154677364,26180.125669272882,1.0185145955183543
3378.0,1.0,26180.125669272882,26180.94081067264,0.8151413997584314
3379.0,-1.0,26180.94081067264,26195.62603971058,14.68522903793928
3380.0,1.0,26195.626039710583,26196.281829240193,0.6557895296100469
3381.0,-1.0,26196.281829240193,26211.12641014828,14.844580908087664
3382.0,1.0,26211.12641014828,26225.797954388974,14.671544240693038
3383.0,-1.0,26225.797954388974,26226.62678058598,0.8288261970046733
3384.0,1.0,26226.62678058598,26227.12678058598,0.5
3385.0,-1.0,26227.12678058598,26242.127151023677,15.000370437697711
3386.0,1.0,26242.127151023677,26257.127521461374,15.000370437697711
3387.0,-1.0,26257.127521461374,26257.627521461374,0.5
3388.0,1.0,26257.627521461378,26258.127521461378,0.5
3389.0,-1.0,26258.127521461378,26273.127891899076,15.000370437697711
3390.0,1.0,26273.127891899076,26276.75366618852,3.625774289444962
3391.0,-1.0,26276.75366618852,26288.628262336773,11.87459614825275
3392.0,1.0,26288.628262336773,26302.542254726035,13.913992389261693
3393.0,-1.0,26302.542254726035,26304.12863277447,1.5863780484360177
3394.0,1.0,26304.12863277447,26317.2118445182,13.083211743727588
3395.0,-1.0,26317.2118445182,26319.62900321217,2.417158693970123
3396.0,1.0,26319.62900321217,26334.629373649866,15.000370437697711
3397.0,-1.0,26334.629373649866,26335.129373649866,0.5
3398.0,1.0,26335.12937364987,26350.129744087568,15.000370437697711
3399.0,-1.0,26350.129744087568,26350.629744087568,0.5
3400.0,1.0,26350.629744087568,26351.555752162243,0.9260080746753374
3401.0,-1.0,26351.555752162243,26366.130114525266,14.574362363022374
3402.0,1.0,26366.130114525266,26366.630114525266,0.5
3403.0,-1.0,26366.630114525266,26381.630484962963,15.000370437697711
3404.0,1.0,26381.630484962963,26396.203769353582,14.573284390618937
3405.0,-1.0,26396.203769353582,26397.13085540066,0.9270860470787738
3406.0,1.0,26397.130855400665,26412.13122567854,15.000370277874026
3407.0,-1.0,26412.13122567854,26412.631225838362,0.500000159823685
3408.0,1.0,26412.631225838362,26413.131225838362,0.5
3409.0,-1.0,26413.131225838362,26428.13159627606,15.000370437697711
3410.0,1.0,26428.13159627606,26429.26547937398,1.1338830979184422
3411.0,-1.0,26429.26547937398,26443.631966713758,14.366487339779269
3412.0,1.0,26443.631966713758,26458.498836153507,14.86686943974928
3413.0,-1.0,26458.498836153507,26459.132337151455,0.6335009979484312
3414.0,1.0,26459.13233715146,26459.63233715146,0.5
3415.0,-1.0,26459.63233715146,26474.632707589157,15.000370437697711
3416.0,1.0,26474.632707589157,26481.221304353156,6.588596763998794
3417.0,-1.0,26481.221304353156,26490.133078026854,8.911773673698917
3418.0,1.0,26490.133078026854,26490.712483448166,0.579405421311094
3419.0,-1.0,26490.712483448166,26505.633448464552,14.920965016386617
3420.0,1.0,26505.633448464552,26520.63381890225,15.000370437697711
3421.0,-1.0,26520.63381890225,26521.13381890225,0.5
3422.0,1.0,26521.133818902254,26521.633818902254,0.5
3423.0,-1.0,26521.633818902254,26536.63418933995,15.000370437697711
3424.0,1.0,26536.63418933995,26537.23800608301,0.6038167430597241
3425.0,-1.0,26537.23800608301,26552.13455977765,14.896553694637987
3426.0,1.0,26552.13455977765,26552.63461373485,0.5000539571992704
3427.0,-1.0,26552.63461373485,26567.634930215347,15.00031648049844
3428.0,1.0,26567.634930215347,26568.134930215347,0.5
3429.0,-1.0,26568.134930215347,26583.135300653044,15.000370437697711
3430.0,1.0,26583.135300653044,26598.135667713686,15.00036706064202
3431.0,-1.0,26598.135667713686,26598.635671090742,0.5000033770556911
3432.0,1.0,26598.635671090746,26613.59250688848,14.95683579773322
3433.0,-1.0,26613.59250688848,26614.136041528443,0.5435346399644914
3434.0,1.0,26614.136041528443,26615.04849121165,0.9124496832082514
3435.0,-1.0,26615.04849121165,26629.63641196614,14.58792075448946
3436.0,1.0,26629.63641196614,26630.18518875088,0.5487767847371288
3437.0,-1.0,26630.18518875088,26645.13678240384,14.951593652960582
3438.0,1.0,26645.13678240384,26645.963338359892,0.8265559560531983
3439.0,-1.0,26645.963338359892,26660.637152841537,14.673814481644513
3440.0,1.0,26660.63715284154,26661.139418517618,0.5022656760775135
3441.0,-1.0,26661.139418517618,26676.137523279238,14.998104761620198
3442.0,1.0,26676.137523279238,26677.891144296387,1.7536210171492712
3443.0,-1.0,26677.891144296387,26691.637893716936,13.74674942054844
3444.0,1.0,26691.637893716936,26706.638264154633,15.000370437697711
3445.0,-1.0,26706.638264154633,26707.138264154633,0.5
3446.0,1.0,26707.138264154633,26721.68103948214,14.542775327507115
3447.0,-1.0,26721.68103948214,26722.63863459233,0.9575951101905957
3448.0,1.0,26722.638634592335,26723.43390268189,0.7952680895541562
3449.0,-1.0,26723.43390268189,26738.139005030032,14.705102348143555
3450.0,1.0,26738.139005030032,26739.08783038585,0.948825355819281
3451.0,-1.0,26739.08783038585,26753.63937546773,14.55154508187843
3452.0,1.0,26753.63937546773,26754.35289660585,0.7135211381209956
3453.0,-1.0,26754.35289660585,26769.139745905428,14.786849299576716
3454.0,1.0,26769.139745905428,26784.140116343126,15.000370437697711
3455.0,-1.0,26784.140116343126,26784.640116343126,0.5
3456.0,1.0,26784.64011634313,26799.64029820097,15.000181857842108
3457.0,-1.0,26799.64029820097,26800.140486780827,0.5001885798556032
3458.0,1.0,26800.140486780827,26815.074642241543,14.934155460716283
3459.0,-1.0,26815.074642241543,26815.640857218525,0.5662149769814278
3460.0,1.0,26815.640857218525,26816.1438346326,0.5029774140748486
3461.0,-1.0,26816.1438346326,26831.141227656222,14.997393023622863
3462.0,1.0,26831.141227656222,26832.58628160666,1.4450539504359767
3463.0,-1.0,26832.58628160666,26846.64159809392,14.055316487261734
3464.0,1.0,26846.64159809392,26860.796655114078,14.155057020157983
3465.0,-1.0,26860.796655114078,26862.141968531618,1.345313417539728
3466.0,1.0,26862.14196853162,26877.14233896932,15.000370437697711
3467.0,-1.0,26877.14233896932,26877.64233896932,0.5
3468.0,1.0,26877.64233896932,26878.14233896932,0.5
3469.0,-1.0,26878.14233896932,26893.142709407017,15.000370437697711
3470.0,1.0,26893.142709407017,26908.143079844715,15.000370437697711
3471.0,-1.0,26908.143079844715,26908.643079844715,0.5
3472.0,1.0,26908.643079844715,26922.90951180324,14.266431958523754
3473.0,-1.0,26922.90951180324,26924.143450282412,1.2339384791739576
3474.0,1.0,26924.143450282416,26927.724365148977,3.5809148665612156
3475.0,-1.0,26927.724365148977,26939.643820720114,11.919455571136496
3476.0,1.0,26939.643820720114,26954.64419115781,15.000370437697711
3477.0,-1.0,26954.64419115781,26955.14419115781,0.5
3478.0,1.0,26955.14419115781,26955.691772561713,0.5475814039018587
3479.0,-1.0,26955.691772561713,26970.64456159551,14.952789033795852
3480.0,1.0,26970.64456159551,26971.14456159551,0.5
3481.0,-1.0,26971.14456159551,26986.144932033207,15.000370437697711
3482.0,1.0,26986.14493203321,27000.889392165802,14.744460132591485
3483.0,-1.0,27000.889392165802,27001.645302470908,0.7559103051062266
3484.0,1.0,27001.645302470908,27016.555332183227,14.910029712318646
3485.0,-1.0,27016.555332183227,27017.145672908606,0.5903407253790647
3486.0,1.0,27017.145672908606,27017.645672908606,0.5
3487.0,-1.0,27017.645672908606,27032.646043346303,15.000370437697711
3488.0,1.0,27032.646043346303,27047.28536961565,14.639326269345474
3489.0,-1.0,27047.28536961565,27048.146413784,0.8610441683522367
3490.0,1.0,27048.146413784005,27058.500142117533,10.353728333528124
3491.0,-1.0,27058.500142117533,27063.646784221703,5.146642104169587
3492.0,1.0,27063.646784221703,27065.62739289436,1.9806086726566718
3493.0,-1.0,27065.62739289436,27079.1471546594,13.51976176504104
3494.0,1.0,27079.1471546594,27094.1472812459,15.000126586499391
3495.0,-1.0,27094.1472812459,27094.647525097098,0.50024385119832
3496.0,1.0,27094.647525097098,27095.49360710401,0.8460820069121837
3497.0,-1.0,27095.49360710401,27110.147895534796,14.654288430785527
3498.0,1.0,27110.147895534796,27110.647895534796,0.5
3499.0,-1.0,27110.647895534796,27125.648265972493,15.000370437697711
3500.0,1.0,27125.648265972497,27126.152206228675,0.5039402561778843
3501.0,-1.0,27126.152206228675,27141.148636410195,14.996430181519827
3502.0,1.0,27141.148636410195,27156.149006847892,15.000370437697711
3503.0,-1.0,27156.149006847892,27156.649006847892,0.5
3504.0,1.0,27156.649006847892,27157.719255785803,1.0702489379109466
3505.0,-1.0,27157.719255785803,27172.14937728559,14.430121499786765
3506.0,1.0,27172.14937728559,27187.149747723288,15.000370437697711
3507.0,-1.0,27187.149747723288,27187.649747723288,0.5
3508.0,1.0,27187.64974772329,27188.14974772329,0.5
3509.0,-1.0,27188.14974772329,27203.15011816099,15.000370437697711
3510.0,1.0,27203.15011816099,27217.897465862006,14.747347701017134
3511.0,-1.0,27217.897465862006,27218.650488598687,0.7530227366805775
3512.0,1.0,27218.650488598687,27219.150488598687,0.5
3513.0,-1.0,27219.150488598687,27234.150859036385,15.000370437697711
3514.0,1.0,27234.150859036385,27249.151229474082,15.000370437697711
3515.0,-1.0,27249.151229474082,27249.651229474082,0.5
3516.0,1.0,27249.651229474086,27250.568983817444,0.9177543433579558
3517.0,-1.0,27250.568983817444,27265.151599911784,14.582616094339755
3518.0,1.0,27265.151599911784,27279.608128702814,14.456528791029996
3519.0,-1.0,27279.608128702814,27280.65197034948,1.0438416466677154
3520.0,1.0,27280.65197034948,27281.345485464964,0.6935151154830237
3521.0,-1.0,27281.345485464964,27296.15234078718,14.806855322214687
3522.0,1.0,27296.15234078718,27310.186922275334,14.0345814881548
3523.0,-1.0,27310.186922275334,27311.652711224877,1.4657889495429117
3524.0,1.0,27311.65271122488,27326.645727917505,14.993016692624224
3525.0,-1.0,27326.645727917505,27327.15308166258,0.5073537450734875
3526.0,1.0,27327.15308166258,27342.024387714195,14.871306051616557
3527.0,-1.0,27342.024387714195,27342.653452100276,0.6290643860811542
3528.0,1.0,27342.653452100276,27343.47324709088,0.8197949906025315
3529.0,-1.0,27343.47324709088,27358.153822537974,14.68057544709518
3530.0,1.0,27358.153822537974,27358.732338798683,0.5785162607098755
3531.0,-1.0,27358.732338798683,27373.65419297567,14.921854176987836
3532.0,1.0,27373.65419297567,27374.21661837805,0.5624254023787216
3533.0,-1.0,27374.21661837805,27389.15456341337,14.93794503531899
3534.0,1.0,27389.154563413373,27403.182761675816,14.028198262443766
3535.0,-1.0,27403.182761675816,27404.65493385107,1.4721721752539452
3536.0,1.0,27404.65493385107,27405.39683779687,0.7419039458000043
3537.0,-1.0,27405.39683779687,27420.155304288768,14.758466491897707
3538.0,1.0,27420.155304288768,27435.155674726466,15.000370437697711
3539.0,-1.0,27435.155674726466,27435.655674726466,0.5
3540.0,1.0,27435.655674726466,27438.63482454157,2.9791498151025735
3541.0,-1.0,27438.63482454157,27451.156045164164,12.521220622595138
3542.0,1.0,27451.156045164167,27465.699424976625,14.543379812457715
3543.0,-1.0,27465.699424976625,27466.656415601865,0.956990625239996
3544.0,1.0,27466.656415601865,27481.656786039563,15.000370437697711
3545.0,-1.0,27481.656786039563,27482.156786039563,0.5
3546.0,1.0,27482.156786039563,27482.656806845152,0.5000208055898838
3547.0,-1.0,27482.656806845152,27497.65715647726,15.000349632107827
3548.0,1.0,27497.65715647726,27512.544159319386,14.887002842126094
3549.0,-1.0,27512.544159319386,27513.157526914958,0.6133675955716171
3550.0,1.0,27513.15752691496,27513.65752691496,0.5
3551.0,-1.0,27513.65752691496,27528.65789735266,15.000370437697711
3552.0,1.0,27528.65789735266,27543.344627228613,14.68672987595346
3553.0,-1.0,27543.344627228613,27544.158267790357,0.8136405617442506
3554.0,1.0,27544.158267790357,27558.990651808428,14.832384018071025
3555.0,-1.0,27558.990651808428,27559.658638228055,0.6679864196266863
3556.0,1.0,27559.658638228055,27560.160196459125,0.5015582310697937
3557.0,-1.0,27560.160196459125,27575.159008665752,14.998812206627917
3558.0,1.0,27575.159008665756,27590.159379103454,15.000370437697711
3559.0,-1.0,27590.159379103454,27590.659379103454,0.5
3560.0,1.0,27590.659379103454,27605.536019456886,14.876640353431867
3561.0,-1.0,27605.536019456886,27606.15974954115,0.6237300842658442
3562.0,1.0,27606.15974954115,27606.664667188546,0.5049176473949046
3563.0,-1.0,27606.664667188546,27621.66011997885,14.995452790302807
3564.0,1.0,27621.66011997885,27622.250899296934,0.5907793180849694
3565.0,-1.0,27622.250899296934,27637.160490416547,14.909591119612742
3566.0,1.0,27637.16049041655,27637.66049041655,0.5
3567.0,-1.0,27637.66049041655,27652.66086085425,15.000370437697711
3568.0,1.0,27652.66086085425,27666.39248375019,13.731622895942564
3569.0,-1.0,27666.39248375019,27668.161231291946,1.7687475417551468
3570.0,1.0,27668.161231291946,27681.857874773195,13.696643481249339
3571.0,-1.0,27681.857874773195,27683.661601729644,1.8037269564483722
3572.0,1.0,27683.661601729644,27698.579884357998,14.918282628354063
3573.0,-1.0,27698.579884357998,27699.16197216734,0.5820878093436477
3574.0,1.0,27699.16197216734,27711.708448751542,12.546476584200718
3575.0,-1.0,27711.708448751542,27714.66234260504,2.953893853496993
3576.0,1.0,27714.662342605043,27715.162342605043,0.5
3577.0,-1.0,27715.162342605043,27730.16271304274,15.000370437697711
3578.0,1.0,27730.16271304274,27741.906548870655,11.743835827914154
3579.0,-1.0,27741.906548870655,27745.66308348044,3.7565346097835572
3580.0,1.0,27745.66308348044,27746.16308348044,0.5
3581.0,-1.0,27746.16308348044,27761.163453918136,15.000370437697711
3582.0,1.0,27761.163453918136,27761.663453918136,0.5
3583.0,-1.0,27761.663453918136,27776.663824355834,15.000370437697711
3584.0,1.0,27776.663824355837,27777.163824355837,0.5
3585.0,-1.0,27777.163824355837,27792.164194793535,15.000370437697711
3586.0,1.0,27792.164194793535,27807.164565231233,15.000370437697711
3587.0,-1.0,27807.164565231233,27807.664565231233,0.5
3588.0,1.0,27807.664565231233,27808.58428086792,0.9197156366863055
3589.0,-1.0,27808.58428086792,27823.16493566893,14.580654801011406
3590.0,1.0,27823.16493566893,27838.165222518404,15.000286849473923
3591.0,-1.0,27838.165222518404,27838.665306106628,0.500083588223788
3592.0,1.0,27838.66530610663,27853.66567654433,15.000370437697711
3593.0,-1.0,27853.66567654433,27854.16567654433,0.5
3594.0,1.0,27854.16567654433,27854.666369753584,0.5006932092546776
3595.0,-1.0,27854.666369753584,27869.666046982027,14.999677228443034
3596.0,1.0,27869.666046982027,27884.666417419725,15.000370437697711
3597.0,-1.0,27884.666417419725,27885.166417419725,0.5
3598.0,1.0,27885.166417419725,27885.66681012558,0.5003927058533009
3599.0,-1.0,27885.66681012558,27900.666787857423,14.99997773184441
3600.0,1.0,27900.666787857426,27901.166787857426,0.5
3601.0,-1.0,27901.166787857426,27916.167158295124,15.000370437697711
3602.0,1.0,27916.167158295124,27931.15315718978,14.985998894655495
3603.0,-1.0,27931.15315718978,27931.66752873282,0.5143715430422162
3604.0,1.0,27931.66752873282,27932.16752873282,0.5
3605.0,-1.0,27932.16752873282,27947.16789917052,15.000370437697711
3606.0,1.0,27947.16789917052,27947.66789917052,0.5
3607.0,-1.0,27947.66789917052,27962.668269608217,15.000370437697711
3608.0,1.0,27962.668269608217,27977.668640045915,15.000370437697711
3609.0,-1.0,27977.668640045915,27978.168640045915,0.5
3610.0,1.0,27978.16864004592,27992.11647366611,13.947833620190067
3611.0,-1.0,27992.11647366611,27993.669010483616,1.5525368175076437
3612.0,1.0,27993.669010483616,27994.189162718776,0.5201522351599124
3613.0,-1.0,27994.189162718776,28009.169380921314,14.980218202537799
3614.0,1.0,28009.169380921314,28023.240164827388,14.070783906074212
3615.0,-1.0,28023.240164827388,28024.66975135901,1.4295865316234995
3616.0,1.0,28024.66975135901,28025.16975135901,0.5
3617.0,-1.0,28025.16975135901,28040.17012179671,15.000370437697711
3618.0,1.0,28040.170121796713,28040.673187006585,0.5030652098721475
3619.0,-1.0,28040.673187006585,28055.67049223441,14.997305227825564
3620.0,1.0,28055.67049223441,28056.268915593235,0.5984233588242205
3621.0,-1.0,28056.268915593235,28071.17086267211,14.90194707887349
3622.0,1.0,28071.17086267211,28086.171233109806,15.000370437697711
3623.0,-1.0,28086.171233109806,28086.671233109806,0.5
3624.0,1.0,28086.671233109806,28087.286784812335,0.6155517025290465
3625.0,-1.0,28087.286784812335,28102.171603547504,14.884818735168665
3626.0,1.0,28102.171603547507,28113.347433209834,11.175829662326578
3627.0,-1.0,28113.347433209834,28117.671973985205,4.324540775371133
3628.0,1.0,28117.671973985205,28131.301403926052,13.62942994084733
3629.0,-1.0,28131.301403926052,28133.172344422903,1.8709404968503804
3630.0,1.0,28133.172344422903,28148.1727148606,15.000370437697711
3631.0,-1.0,28148.1727148606,28148.6727148606,0.5
3632.0,1.0,28148.6727148606,28162.754412493126,14.081697632525902
3633.0,-1.0,28162.754412493126,28164.1730852983,1.4186728051718092
3634.0,1.0,28164.173085298302,28178.264620769663,14.091535471361567
3635.0,-1.0,28178.264620769663,28179.673455736,1.4088349663361441
3636.0,1.0,28179.673455736,28194.673826173697,15.000370437697711
3637.0,-1.0,28194.673826173697,28195.173826173697,0.5
3638.0,1.0,28195.173826173697,28195.85811897952,0.6842928058213147
3639.0,-1.0,28195.85811897952,28210.674196611395,14.816077631876396
3640.0,1.0,28210.674196611395,28225.6743657605,15.000169149105204
3641.0,-1.0,28225.6743657605,28226.174567049093,0.5002012885925069
3642.0,1.0,28226.174567049093,28241.17493748679,15.000370437697711
3643.0,-1.0,28241.17493748679,28241.67493748679,0.5
3644.0,1.0,28241.674937486794,28242.174937486794,0.5
3645.0,-1.0,28242.174937486794,28257.17530792449,15.000370437697711
3646.0,1.0,28257.17530792449,28257.67530792449,0.5
3647.0,-1.0,28257.67530792449,28272.67567836219,15.000370437697711
3648.0,1.0,28272.67567836219,28273.17567836219,0.5
3649.0,-1.0,28273.17567836219,28288.176048799887,15.000370437697711
3650.0,1.0,28288.176048799887,28303.176419237585,15.000370437697711
3651.0,-1.0,28303.176419237585,28303.676419237585,0.5
3652.0,1.0,28303.67641923759,28304.17641923759,0.5
3653.0,-1.0,28304.17641923759,28319.176789675286,15.000370437697711
3654.0,1.0,28319.176789675286,28319.73452913547,0.5577394601823471
3655.0,-1.0,28319.73452913547,28334.677160112984,14.942630977515364
3656.0,1.0,28334.677160112984,28349.63306484606,14.95590473307675
3657.0,-1.0,28349.63306484606,28350.17753055068,0.5444657046209613
3658.0,1.0,28350.17753055068,28351.4890526704,1.3115221197185747
3659.0,-1.0,28351.4890526704,28365.67790098838,14.188848317979136
3660.0,1.0,28365.677900988383,28366.17798694368,0.5000859552965267
3661.0,-1.0,28366.17798694368,28381.17827142608,15.000284482401185
3662.0,1.0,28381.17827142608,28381.851778075783,0.6735066497021762
3663.0,-1.0,28381.851778075783,28396.67864186378,14.826863787995535
3664.0,1.0,28396.67864186378,28399.021902827455,2.3432609636765847
3665.0,-1.0,28399.021902827455,28412.179012301476,13.157109474021127
3666.0,1.0,28412.179012301476,28427.16563941014,14.986627108664834
3667.0,-1.0,28427.16563941014,28427.679382739174,0.5137433290328772
3668.0,1.0,28427.679382739178,28428.808584679617,1.1292019404390885
3669.0,-1.0,28428.808584679617,28443.179753176875,14.371168497258623
3670.0,1.0,28443.179753176875,28443.679753176875,0.5
3671.0,-1.0,28443.679753176875,28458.680123614573,15.000370437697711
3672.0,1.0,28458.680123614573,28459.205026869597,0.5249032550236734
3673.0,-1.0,28459.205026869597,28474.18049405227,14.975467182674038
3674.0,1.0,28474.18049405227,28474.692322236915,0.5118281846444006
3675.0,-1.0,28474.692322236915,28489.68086448997,14.98854225305331
3676.0,1.0,28489.68086448997,28504.681234927666,15.000370437697711
3677.0,-1.0,28504.681234927666,28505.181234927666,0.5
3678.0,1.0,28505.18123492767,28517.446911499603,12.265676571933
3679.0,-1.0,28517.446911499603,28520.681605365367,3.2346938657647115
3680.0,1.0,28520.681605365367,28521.24438328795,0.5627779225833365
3681.0,-1.0,28521.24438328795,28536.181975803065,14.937592515114375
3682.0,1.0,28536.181975803065,28536.681975803065,0.5
3683.0,-1.0,28536.681975803065,28551.682346240763,15.000370437697711
3684.0,1.0,28551.682346240763,28566.68271667846,15.000370437697711
3685.0,-1.0,28566.68271667846,28567.18271667846,0.5
3686.0,1.0,28567.182716678464,28582.183087116162,15.000370437697711
3687.0,-1.0,28582.183087116162,28582.683087116162,0.5
3688.0,1.0,28582.683087116162,28583.216327957747,0.5332408415852115
3689.0,-1.0,28583.216327957747,28598.18345755386,14.9671295961125
3690.0,1.0,28598.18345755386,28598.68345755386,0.5
3691.0,-1.0,28598.68345755386,28613.683827991557,15.000370437697711
3692.0,1.0,28613.683827991557,28628.56641266314,14.882584671584482
3693.0,-1.0,28628.56641266314,28629.184198429255,0.6177857661132293
3694.0,1.0,28629.18419842926,28644.184568866956,15.000370437697711
3695.0,-1.0,28644.184568866956,28644.684568866956,0.5
3696.0,1.0,28644.684568866956,28658.89083227347,14.206263406515063
3697.0,-1.0,28658.89083227347,28660.184939304654,1.294107031182648
3698.0,1.0,28660.184939304654,28660.684939304654,0.5
3699.0,-1.0,28660.684939304654,28675.685309742352,15.000370437697711
3700.0,1.0,28675.685309742352,28676.193865995,0.508556252647395
3701.0,-1.0,28676.193865995,28691.18568018005,14.991814185050316
3702.0,1.0,28691.185680180053,28691.685680180053,0.5
3703.0,-1.0,28691.685680180053,28706.68605061775,15.000370437697711
3704.0,1.0,28706.68605061775,28721.67484405959,14.988793441840244
3705.0,-1.0,28721.67484405959,28722.18642105545,0.5115769958574674
3706.0,1.0,28722.18642105545,28722.89218592697,0.7057648715199321
3707.0,-1.0,28722.89218592697,28737.686791493146,14.794605566177779
3708.0,1.0,28737.686791493146,28738.20115843864,0.5143669454919291
3709.0,-1.0,28738.20115843864,28753.187161930844,14.986003492205782
3710.0,1.0,28753.187161930844,28768.18753236854,15.000370437697711
3711.0,-1.0,28768.18753236854,28768.68753236854,0.5
3712.0,1.0,28768.687532368545,28769.187532368545,0.5
3713.0,-1.0,28769.187532368545,28784.187902806243,15.000370437697711
3714.0,1.0,28784.187902806243,28784.705389359762,0.5174865535191202
3715.0,-1.0,28784.705389359762,28799.68827324394,14.982883884178591
3716.0,1.0,28799.68827324394,28800.18827324394,0.5
3717.0,-1.0,28800.18827324394,28815.18864368164,15.000370437697711
3718.0,1.0,28815.18864368164,28816.292551033544,1.1039073519059457
3719.0,-1.0,28816.292551033544,28830.689014119336,14.396463085791765
3720.0,1.0,28830.68901411934,28844.972262692216,14.283248572875891
3721.0,-1.0,28844.972262692216,28846.189384557038,1.21712186482182
3722.0,1.0,28846.189384557038,28846.73395733631,0.54457277927213
3723.0,-1.0,28846.73395733631,28861.689754994735,14.955797658425581
3724.0,1.0,28861.689754994735,28862.189754994735,0.5
3725.0,-1.0,28862.189754994735,28877.190125432433,15.000370437697711
3726.0,1.0,28877.190125432433,28877.7951527682,0.605027335768682
3727.0,-1.0,28877.7951527682,28892.69049587013,14.89534310192903
3728.0,1.0,28892.690495870134,28907.690866307832,15.000370437697711
3729.0,-1.0,28907.690866307832,28908.190866307832,0.5
3730.0,1.0,28908.190866307832,28922.045623414684,13.854757106852048
3731.0,-1.0,28922.045623414684,28923.69123674553,1.6456133308456629
3732.0,1.0,28923.69123674553,28924.19124993151,0.5000131859815156
3733.0,-1.0,28924.19124993151,28939.191607183227,15.000357251716196
3734.0,1.0,28939.191607183227,28939.691607183227,0.5
3735.0,-1.0,28939.691607183227,28954.691977620925,15.000370437697711
3736.0,1.0,28954.69197762093,28969.47660795523,14.784630334299436
3737.0,-1.0,28969.47660795523,28970.192348058627,0.7157401033982751
3738.0,1.0,28970.192348058627,28985.124749323615,14.932401264988584
3739.0,-1.0,28985.124749323615,28985.692718496324,0.5679691727091267
3740.0,1.0,28985.692718496324,29000.69135644871,14.998637952387071
3741.0,-1.0,29000.69135644871,29001.193088934022,0.5017324853106402
3742.0,1.0,29001.193088934022,29016.19345937172,15.000370437697711
3743.0,-1.0,29016.19345937172,29016.69345937172,0.5
3744.0,1.0,29016.69345937172,29017.19345937172,0.5
3745.0,-1.0,29017.19345937172,29032.193829809417,15.000370437697711
3746.0,1.0,29032.19382980942,29032.716381173374,0.5225513639525161
3747.0,-1.0,29032.716381173374,29047.69420024712,14.977819073745195
3748.0,1.0,29047.69420024712,29062.694570684816,15.000370437697711
3749.0,-1.0,29062.694570684816,29063.194570684816,0.5
3750.0,1.0,29063.194570684816,29078.19484176562,15.000271080803941
3751.0,-1.0,29078.19484176562,29078.694941122514,0.5000993568937702
3752.0,1.0,29078.694941122514,29079.194941122514,0.5
3753.0,-1.0,29079.194941122514,29094.195311560212,15.000370437697711
3754.0,1.0,29094.195311560215,29109.195681997913,15.000370437697711
3755.0,-1.0,29109.195681997913,29109.695681997913,0.5
3756.0,1.0,29109.695681997913,29124.695649792546,14.99996779463254
3757.0,-1.0,29124.695649792546,29125.19605243561,0.500402643065172
3758.0,1.0,29125.19605243561,29140.19642287331,15.000370437697711
3759.0,-1.0,29140.19642287331,29140.69642287331,0.5
3760.0,1.0,29140.69642287331,29141.837234053764,1.1408111804557848
3761.0,-1.0,29141.837234053764,29156.196793311006,14.359559257241926
3762.0,1.0,29156.19679331101,29156.69679331101,0.5
3763.0,-1.0,29156.69679331101,29171.697163748708,15.000370437697711
3764.0,1.0,29171.697163748708,29174.694538652682,2.99737490397456
3765.0,-1.0,29174.694538652682,29187.197534186405,12.502995533723151
3766.0,1.0,29187.197534186405,29201.908165442215,14.710631255809858
3767.0,-1.0,29201.908165442215,29202.697904624103,0.7897391818878532
3768.0,1.0,29202.697904624103,29203.197904624103,0.5
3769.0,-1.0,29203.197904624103,29218.1982750618,15.000370437697711
3770.0,1.0,29218.198275061804,29218.698275061804,0.5
3771.0,-1.0,29218.698275061804,29233.698645499502,15.000370437697711
3772.0,1.0,29233.698645499502,29234.198645499502,0.5
3773.0,-1.0,29234.198645499502,29249.1990159372,15.000370437697711
3774.0,1.0,29249.1990159372,29264.199386374898,15.000370437697711
3775.0,-1.0,29264.199386374898,29264.699386374898,0.5
3776.0,1.0,29264.699386374898,29265.880620172844,1.1812337979463337
3777.0,-1.0,29265.880620172844,29280.199756812595,14.319136639751378
3778.0,1.0,29280.1997568126,29295.199794567416,15.00003775481673
3779.0,-1.0,29295.199794567416,29295.700127250297,0.5003326828809804
3780.0,1.0,29295.700127250297,29296.220774894435,0.5206476441380801
3781.0,-1.0,29296.220774894435,29311.200497687994,14.979722793559631
3782.0,1.0,29311.200497687994,29326.200868125692,15.000370437697711
3783.0,-1.0,29326.200868125692,29326.700868125692,0.5
3784.0,1.0,29326.700868125692,29341.70123856339,15.000370437697711
3785.0,-1.0,29341.70123856339,29342.20123856339,0.5
3786.0,1.0,29342.20123856339,29342.938367847582,0.7371292841926333
3787.0,-1.0,29342.938367847582,29357.701609001087,14.763241153505078
3788.0,1.0,29357.70160900109,29358.20160900109,0.5
3789.0,-1.0,29358.20160900109,29373.20197943879,15.000370437697711
3790.0,1.0,29373.20197943879,29373.70197943879,0.5
3791.0,-1.0,29373.70197943879,29388.702349876487,15.000370437697711
3792.0,1.0,29388.702349876487,29403.702720314184,15.000370437697711
3793.0,-1.0,29403.702720314184,29404.202720314184,0.5
3794.0,1.0,29404.202720314184,29404.702720314184,0.5
3795.0,-1.0,29404.702720314184,29419.703090751882,15.000370437697711
3796.0,1.0,29419.703090751886,29420.203090751886,0.5
3797.0,-1.0,29420.203090751886,29435.203461189583,15.000370437697711
3798.0,1.0,29435.203461189583,29449.94402407736,14.740562887775013
3799.0,-1.0,29449.94402407736,29450.70383162728,0.759807549922698
3800.0,1.0,29450.70383162728,29452.29899823608,1.5951666088003549
3801.0,-1.0,29452.29899823608,29466.20420206498,13.905203828897356
3802.0,1.0,29466.20420206498,29481.204572502676,15.000370437697711
3803.0,-1.0,29481.204572502676,29481.704572502676,0.5
3804.0,1.0,29481.70457250268,29482.28784624391,0.5832737412310962
3805.0,-1.0,29482.28784624391,29497.204942940378,14.917096696466615
3806.0,1.0,29497.204942940378,29497.716793343618,0.511850403239805
3807.0,-1.0,29497.716793343618,29512.705313378076,14.988520034457906
3808.0,1.0,29512.705313378076,29513.988811775187,1.2834983971115435
3809.0,-1.0,29513.988811775187,29528.205683815773,14.216872040586168
3810.0,1.0,29528.205683815773,29542.174006423866,13.968322608092421
3811.0,-1.0,29542.174006423866,29543.70605425347,1.5320478296052897
3812.0,1.0,29543.706054253475,29544.37924624728,0.6731919938065403
3813.0,-1.0,29544.37924624728,29559.206424691172,14.827178443891171
3814.0,1.0,29559.206424691172,29574.20679512887,15.000370437697711
3815.0,-1.0,29574.20679512887,29574.70679512887,0.5
3816.0,1.0,29574.70679512887,29575.40149302689,0.6946978980195126
3817.0,-1.0,29575.40149302689,29590.207165566568,14.805672539678199
3818.0,1.0,29590.207165566568,29605.202461523626,14.99529595705826
3819.0,-1.0,29605.202461523626,29605.707536004265,0.5050744806394505
3820.0,1.0,29605.707536004265,29620.514721855463,14.807185851197573
3821.0,-1.0,29620.514721855463,29621.207906441963,0.6931845865001378
3822.0,1.0,29621.207906441967,29621.707906441967,0.5
3823.0,-1.0,29621.707906441967,29636.708276879664,15.000370437697711
3824.0,1.0,29636.708276879664,29637.208276879664,0.5
3825.0,-1.0,29637.208276879664,29652.208647317362,15.000370437697711
3826.0,1.0,29652.208647317362,29667.196850780332,14.988203462969977
3827.0,-1.0,29667.196850780332,29667.70901775506,0.5121669747277338
3828.0,1.0,29667.70901775506,29682.59532550705,14.88630775198908
3829.0,-1.0,29682.59532550705,29683.209388192758,0.6140626857086318
3830.0,1.0,29683.20938819276,29683.70938819276,0.5
3831.0,-1.0,29683.70938819276,29698.70975863046,15.000370437697711
3832.0,1.0,29698.70975863046,29699.20975863046,0.5
3833.0,-1.0,29699.20975863046,29714.210129068157,15.000370437697711
3834.0,1.0,29714.210129068157,29727.958530330463,13.748401262306288
3835.0,-1.0,29727.958530330463,29729.710499505854,1.751969175391423
3836.0,1.0,29729.710499505854,29744.696561252873,14.986061747018539
3837.0,-1.0,29744.696561252873,29745.210869943552,0.5143086906791723
3838.0,1.0,29745.210869943556,29757.740286018234,12.52941607467801
3839.0,-1.0,29757.740286018234,29760.711240381253,2.9709543630197004
3840.0,1.0,29760.711240381253,29761.22727537033,0.5160349890757061
3841.0,-1.0,29761.22727537033,29776.21161081895,14.984335448622005
3842.0,1.0,29776.21161081895,29790.921904352457,14.710293533506047
3843.0,-1.0,29790.921904352457,29791.71198125665,0.7900769041916647
3844.0,1.0,29791.71198125665,29792.22578252387,0.5138012672214245
3845.0,-1.0,29792.22578252387,29807.212351694347,14.986569170476287
3846.0,1.0,29807.21235169435,29807.712770105543,0.5004184111930954
3847.0,-1.0,29807.712770105543,29822.712722132048,14.999952026504616
3848.0,1.0,29822.712722132048,29835.64745207134,12.934729939290264
3849.0,-1.0,29835.64745207134,29838.213092569746,2.565640498407447
3850.0,1.0,29838.213092569746,29853.16446406128,14.951371491533791
3851.0,-1.0,29853.16446406128,29853.713463007443,0.5489989461639198
3852.0,1.0,29853.713463007443,29868.526046842664,14.812583835220721
3853.0,-1.0,29868.526046842664,29869.21383344514,0.6877866024769901
3854.0,1.0,29869.21383344514,29884.21420388284,15.000370437697711
3855.0,-1.0,29884.21420388284,29884.71420388284,0.5
3856.0,1.0,29884.714203882842,29885.31631700601,0.6021131231682375
3857.0,-1.0,29885.31631700601,29900.21457432054,14.898257314529474
3858.0,1.0,29900.21457432054,29900.71457432054,0.5
3859.0,-1.0,29900.71457432054,29915.714944758238,15.000370437697711
3860.0,1.0,29915.714944758238,29916.214944758238,0.5
3861.0,-1.0,29916.214944758238,29931.215315195936,15.000370437697711
3862.0,1.0,29931.215315195936,29944.503622605185,13.288307409249683
3863.0,-1.0,29944.503622605185,29946.715685633633,2.2120630284480285
3864.0,1.0,29946.715685633637,29961.676157870188,14.96047223655114
3865.0,-1.0,29961.676157870188,29962.216056071335,0.5398982011465705
3866.0,1.0,29962.216056071335,29976.987512613257,14.771456541922817
3867.0,-1.0,29976.987512613257,29977.716426509032,0.7289138957748946
3868.0,1.0,29977.716426509032,29992.66206434042,14.945637831388012
3869.0,-1.0,29992.66206434042,29993.21679694673,0.5547326063096989
