signal_nm,fixed_idler_display_nm,pump_from_energy_nm,pmf2_norm,pump_amp_norm,f2_norm
1270.0,1569.2018340265377,701.9178084945811,6.846152099001653e-05,1.942181380436364e-10,2.5824974832518393e-24
1270.01,1569.2018340265377,701.9208631593128,6.801744403615441e-05,1.9643253049127444e-10,2.624586687364694e-24
1270.02,1569.2018340265377,701.923917802527,6.75733742971442e-05,1.986715835455264e-10,2.6672326811802208e-24
1270.03,1569.2018340265377,701.9269724242238,6.712933617031389e-05,2.0093556500947667e-10,2.710439815267663e-24
1270.04,1569.2018340265377,701.9300270244032,6.668535409277572e-05,2.0322474551626916e-10,2.7542124003814328e-24
1270.05,1569.2018340265377,701.9330816030658,6.624145254332496e-05,2.0553939855899374e-10,2.7985547053753175e-24
1270.06,1569.2018340265377,701.9361361602118,6.579765604096371e-05,2.0787980051927705e-10,2.8434709549174416e-24
1270.07,1569.2018340265377,701.9391906958413,6.535398914198099e-05,2.1024623069696561e-10,2.888965327134699e-24
1270.08,1569.2018340265377,701.9422452099544,6.491047643690357e-05,2.1263897134049293e-10,2.9350419512263702e-24
1270.09,1569.2018340265377,701.9452997025516,6.446714255991266e-05,2.150583076767576e-10,2.9817049055968313e-24
1270.1,1569.2018340265377,701.9483541736329,6.402401217579703e-05,2.1750452794171494e-10,3.02895821498048e-24
1270.11,1569.2018340265377,701.9514086231987,6.358110999135369e-05,2.1997792341129924e-10,3.076805848655252e-24
1270.12,1569.2018340265377,701.954463051249,6.313846073600968e-05,2.224787884320886e-10,3.1252517171796675e-24
1270.1299999999999,1569.2018340265377,701.9575174577843,6.269608918435524e-05,2.2500742045365766e-10,3.1742996711525865e-24
1270.1399999999999,1569.2018340265377,701.9605718428048,6.225402014213354e-05,2.2756412005950224e-10,3.2239534981773588e-24
1270.1499999999999,1569.2018340265377,701.9636262063106,6.181227843814145e-05,2.3014919099917727e-10,3.2742169200649824e-24
1270.1599999999999,1569.2018340265377,701.9666805483018,6.137088894022144e-05,2.3276294022115557e-10,3.325093591293292e-24
1270.1699999999998,1569.2018340265377,701.9697348687788,6.092987654378106e-05,2.3540567790505106e-10,3.3765870960329834e-24
1270.1799999999998,1569.2018340265377,701.972789167742,6.048926617319673e-05,2.380777174952236e-10,3.428700945854413e-24
1270.1899999999998,1569.2018340265377,701.9758434451915,6.004908278380842e-05,2.407793757332501e-10,3.481438577443876e-24
1270.1999999999998,1569.2018340265377,701.9788977011273,5.9609351351086725e-05,2.4351097269218266e-10,3.5348033496270246e-24
1270.2099999999998,1569.2018340265377,701.9819519355498,5.917009688528026e-05,2.462728318106717e-10,3.588798541851613e-24
1270.2199999999998,1569.2018340265377,701.9850061484592,5.873134441818307e-05,2.490652799270135e-10,3.643427351064352e-24
1270.2299999999998,1569.2018340265377,701.9880603398559,5.8293119005569294e-05,2.518886473140428e-10,3.698692889509203e-24
1270.2399999999998,1569.2018340265377,701.9911145097399,5.7855445730591055e-05,2.547432677137436e-10,3.754598182614303e-24
1270.2499999999998,1569.2018340265377,701.9941686581114,5.741834969495658e-05,2.5762947837324963e-10,3.8111461661575644e-24
1270.2599999999998,1569.2018340265377,701.997222784971,5.69818560266469e-05,2.6054762008026944e-10,3.868339684483475e-24
1270.2699999999998,1569.2018340265377,702.0002768903184,5.654598987387929e-05,2.6349803719882464e-10,3.926181487871401e-24
1270.2799999999997,1569.2018340265377,702.0033309741542,5.6110776398912625e-05,2.6648107770633993e-10,3.98467422991045e-24
1270.2899999999997,1569.2018340265377,702.0063850364785,5.567624079489559e-05,2.694970932300019e-10,4.0438204665035396e-24
1270.2999999999997,1569.2018340265377,702.0094390772916,5.524240826468624e-05,2.725464390841348e-10,4.103622652283496e-24
1270.3099999999997,1569.2018340265377,702.0124930965937,5.480930403187242e-05,2.7562947430738564e-10,4.164083139309903e-24
1270.3199999999997,1569.2018340265377,702.0155470943849,5.437695333527749e-05,2.787465617008325e-10,4.225204174674045e-24
1270.3299999999997,1569.2018340265377,702.0186010706655,5.394538143167461e-05,2.8189806786636827e-10,4.2869878987684325e-24
1270.3399999999997,1569.2018340265377,702.021655025436,5.3514613592748655e-05,2.850843632457076e-10,4.3494363432030306e-24
1270.3499999999997,1569.2018340265377,702.0247089586961,5.3084675103245505e-05,2.8830582215785764e-10,4.4125514288142025e-24
1270.3599999999997,1569.2018340265377,702.0277628704464,5.265559125858563e-05,2.915628228404293e-10,4.476334963804392e-24
1270.3699999999997,1569.2018340265377,702.030816760687,5.2227387371870746e-05,2.9485574748834945e-10,4.5407886426787455e-24
1270.3799999999997,1569.2018340265377,702.0338706294183,5.180008876531565e-05,2.981849822944194e-10,4.605914044029835e-24
1270.3899999999996,1569.2018340265377,702.0369244766404,5.137372076959948e-05,3.0155091748951074e-10,4.6717126290344095e-24
1270.3999999999996,1569.2018340265377,702.0399783023532,5.0948308725622e-05,3.0495394738365904e-10,4.7381857403034874e-24
1270.4099999999996,1569.2018340265377,702.0430321065575,5.052387798528628e-05,3.0839447040821354e-10,4.805334600813873e-24
1270.4199999999996,1569.2018340265377,702.0460858892533,5.0100453905702946e-05,3.118728891566045e-10,4.873160312296923e-24
1270.4299999999996,1569.2018340265377,702.0491396504408,4.9678061853830625e-05,3.1538961042679035e-10,4.941663854781312e-24
1270.4399999999996,1569.2018340265377,702.0521933901201,4.92567271990511e-05,3.189450452639862e-10,5.0108460851271246e-24
1270.4499999999996,1569.2018340265377,702.0552471082915,4.8836475318328125e-05,3.225396090038273e-10,5.080707736941489e-24
1270.4599999999996,1569.2018340265377,702.0583008049555,4.8417331591471465e-05,3.26173721316097e-10,5.151249419699615e-24
1270.4699999999996,1569.2018340265377,702.0613544801121,4.7999321402144617e-05,3.298478062475193e-10,5.222471618576e-24
1270.4799999999996,1569.2018340265377,702.0644081337614,4.7582470135745905e-05,3.335622922668597e-10,5.294374694207341e-24
1270.4899999999996,1569.2018340265377,702.0674617659038,4.7166803181333686e-05,3.3731761230981096e-10,5.3669588830829156e-24
1270.4999999999995,1569.2018340265377,702.0705153765396,4.675234592463628e-05,3.4111420382390606e-10,5.44022429714574e-24
1270.5099999999995,1569.2018340265377,702.0735689656688,4.633912375397755e-05,3.4495250881369225e-10,5.5141709250616755e-24
1270.5199999999995,1569.2018340265377,702.0766225332917,4.592716205446091e-05,3.488329738876457e-10,5.5887986324528814e-24
1270.5299999999995,1569.2018340265377,702.0796760794085,4.551648621029097e-05,3.5275605030398227e-10,5.6641071632750075e-24
1270.5399999999995,1569.2018340265377,702.0827296040197,4.510712160512993e-05,3.5672219401849007e-10,5.740096141321184e-24
1270.5499999999995,1569.2018340265377,702.0857831071254,4.4699093612771764e-05,3.60731865730645e-10,5.8167650707085944e-24
1270.5599999999995,1569.2018340265377,702.0888365887255,4.42924276054244e-05,3.647855309322135e-10,5.89411333893248e-24
1270.5699999999995,1569.2018340265377,702.0918900488206,4.388714894998081e-05,3.688836599563792e-10,5.9721402187700666e-24
1270.5799999999995,1569.2018340265377,702.0949434874108,4.348328300751115e-05,3.730267280252218e-10,6.0508448708550224e-24
1270.5899999999995,1569.2018340265377,702.0979969044964,4.30808551247675e-05,3.772152152999195e-10,6.1302263455535814e-24
1270.5999999999995,1569.2018340265377,702.1010503000774,4.2679890648395526e-05,3.814496069296173e-10,6.2102835883170904e-24
1270.6099999999994,1569.2018340265377,702.1041036741542,4.2280414910048744e-05,3.8573039310309507e-10,6.291015441466986e-24
1270.6199999999994,1569.2018340265377,702.1071570267272,4.1882453234937865e-05,3.900580690987659e-10,6.3724206496190864e-24
1270.6299999999994,1569.2018340265377,702.1102103577964,4.1486030934839036e-05,3.94433135335112e-10,6.454497863313759e-24
1270.6399999999994,1569.2018340265377,702.1132636673619,4.109117330589931e-05,3.988560974237351e-10,6.5372456438138394e-24
1270.6499999999994,1569.2018340265377,702.1163169554243,4.0697905637792725e-05,4.0332746622144655e-10,6.620662470153128e-24
1270.6599999999994,1569.2018340265377,702.1193702219836,4.030625320214697e-05,4.07847757882239e-10,6.704746743438631e-24
1270.6699999999994,1569.2018340265377,702.12242346704,3.991624125730527e-05,4.1241749391120156e-10,6.789496794276181e-24
1270.6799999999994,1569.2018340265377,702.1254766905938,3.952789504319003e-05,4.1703720121817294e-10,6.874910889129674e-24
1270.6899999999994,1569.2018340265377,702.128529892645,3.914123978308002e-05,4.217074121717021e-10,6.960987238386902e-24
1270.6999999999994,1569.2018340265377,702.1315830731943,3.875630068839276e-05,4.264286646552972e-10,7.0477240057001e-24
1270.7099999999994,1569.2018340265377,702.1346362322416,3.837310294418733e-05,4.3120150212072957e-10,7.135119314403906e-24
1270.7199999999993,1569.2018340265377,702.1376893697872,3.799167171965113e-05,4.360264736451511e-10,7.223171259124789e-24
1270.7299999999993,1569.2018340265377,702.1407424858312,3.761203216356487e-05,4.4090413398775914e-10,7.311877915416234e-24
1270.7399999999993,1569.2018340265377,702.1437955803741,3.7234209403144994e-05,4.4583504364645684e-10,7.401237350685555e-24
1270.7499999999993,1569.2018340265377,702.146848653416,3.685822854347332e-05,4.5081976891503626e-10,7.491247635993606e-24
1270.7599999999993,1569.2018340265377,702.1499017049568,3.648411466594664e-05,4.558588819414928e-10,7.581906858473996e-24
1270.7699999999993,1569.2018340265377,702.1529547349973,3.6111892826182e-05,4.60952960787823e-10,7.673213134479894e-24
1270.7799999999993,1569.2018340265377,702.1560077435373,3.574158806033039e-05,4.661025894876098e-10,7.765164625297116e-24
1270.7899999999993,1569.2018340265377,702.1590607305773,3.5373225370887956e-05,4.713083581067804e-10,7.857759549502362e-24
1270.7999999999993,1569.2018340265377,702.1621136961173,3.5006829737797076e-05,4.765708628038294e-10,7.950996201583428e-24
1270.8099999999993,1569.2018340265377,702.1651666401576,3.464242611578315e-05,4.818907058906195e-10,8.044872968701245e-24
1270.8199999999993,1569.2018340265377,702.1682195626986,3.428003942620978e-05,4.872684958947511e-10,8.139388347161111e-24
1270.8299999999992,1569.2018340265377,702.1712724637405,3.391969456479524e-05,4.927048476207674e-10,8.234540963517813e-24
1270.8399999999992,1569.2018340265377,702.174325343283,3.3561416389875324e-05,4.982003822124877e-10,8.330329592257229e-24
1270.8499999999992,1569.2018340265377,702.177378201327,3.320522973723063e-05,5.037557272188666e-10,8.426753181122726e-24
1270.8599999999992,1569.2018340265377,702.1804310378726,3.285115940588519e-05,5.093715166557591e-10,8.523810870485123e-24
1270.8699999999992,1569.2018340265377,702.1834838529197,3.249923016094837e-05,5.15048391070076e-10,8.621502018103735e-24
1270.8799999999992,1569.2018340265377,702.1865366464688,3.214946673534915e-05,5.207869976073463e-10,8.719826225115066e-24
1270.8899999999992,1569.2018340265377,702.1895894185199,3.180189382479891e-05,5.265879900757016e-10,8.818783361460499e-24
1270.8999999999992,1569.2018340265377,702.1926421690736,3.1456536092265054e-05,5.324520290138744e-10,8.918373595391151e-24
1270.9099999999992,1569.2018340265377,702.1956948981298,3.11134181603911e-05,5.383797817561938e-10,9.018597421031931e-24
1270.9199999999992,1569.2018340265377,702.1987476056887,3.07725646159226e-05,5.443719225023187e-10,9.119455690920732e-24
1270.9299999999992,1569.2018340265377,702.2018002917508,3.043400000827175e-05,5.504291323854978e-10,9.220949648499587e-24
1270.9399999999991,1569.2018340265377,702.2048529563161,3.0097748844418173e-05,5.565520995403335e-10,9.323080961071775e-24
1270.9499999999991,1569.2018340265377,702.2079055993851,2.9763835593276574e-05,5.627415191743709e-10,9.425851757413546e-24
1270.9599999999991,1569.2018340265377,702.2109582209577,2.9432284678913054e-05,5.689980936367036e-10,9.529264663659836e-24
1270.9699999999991,1569.2018340265377,702.2140108210342,2.9103120487330005e-05,5.753225324907157e-10,9.633322845406022e-24
1270.979999999999,1569.2018340265377,702.2170633996151,2.877636735946648e-05,5.817155525852206e-10,9.738030047331846e-24
1270.989999999999,1569.2018340265377,702.2201159567003,2.845204959296859e-05,5.881778781262294e-10,9.843390637595587e-24
1270.999999999999,1569.2018340265377,702.22316849229,2.8130191437831597e-05,5.947102407513248e-10,9.949409652325165e-24
1271.009999999999,1569.2018340265377,702.2262210063848,2.7810817101196264e-05,6.01313379603608e-10,1.0056092845380015e-23
1271.019999999999,1569.2018340265377,702.2292734989845,2.749395074387794e-05,6.079880414048273e-10,1.016344673751675e-23
1271.029999999999,1569.2018340265377,702.2323259700897,2.717961647524421e-05,6.147349805326634e-10,1.0271478667252987e-23
1271.039999999999,1569.2018340265377,702.2353784197004,2.686783836122633e-05,6.2155495909482e-10,1.0380196848875567e-23
1271.049999999999,1569.2018340265377,702.2384308478169,2.655864041183851e-05,6.284487470075395e-10,1.04896104254326e-23
1271.059999999999,1569.2018340265377,702.2414832544393,2.6252046593212753e-05,6.354171220721089e-10,1.0599729533531248e-23
1271.069999999999,1569.2018340265377,702.2445356395681,2.5948080816001328e-05,6.424608700534075e-10,1.0710565361796478e-23
1271.079999999999,1569.2018340265377,702.2475880032033,2.564676694150063e-05,6.495807847588846e-10,1.0822130219016871e-23
1271.089999999999,1569.2018340265377,702.2506403453451,2.5348128775195092e-05,6.567776681180707e-10,1.0934437600133365e-23
1271.099999999999,1569.2018340265377,702.253692665994,2.5052190072197958e-05,6.640523302642003e-10,1.1047502260206379e-23
1271.109999999999,1569.2018340265377,702.25674496515,2.4758974529599443e-05,6.714055896138907e-10,1.1161340285862967e-23
1271.119999999999,1569.2018340265377,702.2597972428132,2.4468505788376812e-05,6.788382729497403e-10,1.1275969174046698e-23
1271.129999999999,1569.2018340265377,702.262849498984,2.4180807437080483e-05,6.863512155046081e-10,1.1391407915132343e-23
1271.139999999999,1569.2018340265377,702.2659017336629,2.3895903004647074e-05,6.939452610441751e-10,1.1507677074463171e-23
1271.149999999999,1569.2018340265377,702.2689539468497,2.361381595965289e-05,7.016212619499852e-10,1.1624798880237384e-23
1271.159999999999,1569.2018340265377,702.2720061385447,2.333456971238319e-05,7.093800793069534e-10,1.1742797316641638e-23
1271.169999999999,1569.2018340265377,702.2750583087482,2.3058187616450928e-05,7.172225829886309e-10,1.1861698220680727e-23
1271.179999999999,1569.2018340265377,702.2781104574606,2.2784692960479946e-05,7.251496517449757e-10,1.198152937798695e-23
1271.189999999999,1569.2018340265377,702.2811625846819,2.251410897393454e-05,7.331621732874631e-10,1.210232062972343e-23
1271.199999999999,1569.2018340265377,702.2842146904122,2.2246458819096872e-05,7.412610443802803e-10,1.2224103976772589e-23
1271.209999999999,1569.2018340265377,702.287266774652,2.1981765601261727e-05,7.494471709291962e-10,1.2346913697945568e-23
1271.219999999999,1569.2018340265377,702.2903188374016,2.172005235689678e-05,7.577214680715102e-10,1.2470786460917894e-23
1271.2299999999989,1569.2018340265377,702.2933708786611,2.146134205926372e-05,7.660848602665968e-10,1.2595761447309864e-23
1271.2399999999989,1569.2018340265377,702.2964228984305,2.1205657611036932e-05,7.745382813881619e-10,1.2721880475363869e-23
1271.2499999999989,1569.2018340265377,702.2994748967102,2.095302185407159e-05,7.830826748187246e-10,1.2849188137719586e-23
1271.2599999999989,1569.2018340265377,702.3025268735006,2.070345755857574e-05,7.917189935418294e-10,1.2977731932245014e-23
1271.2699999999988,1569.2018340265377,702.3055788288018,2.0456987427632415e-05,8.004482002363327e-10,1.3107562407337823e-23
1271.2799999999988,1569.2018340265377,702.3086307626138,2.0213634091487445e-05,8.092712673723015e-10,1.323873330657266e-23
1271.2899999999988,1569.2018340265377,702.3116826749372,1.997342011415227e-05,8.181891773094354e-10,1.3371301727003188e-23
1271.2999999999988,1569.2018340265377,702.3147345657719,1.9736367985995762e-05,8.272029223911672e-10,1.3505328274321605e-23
1271.3099999999988,1569.2018340265377,702.3177864351185,1.9502500125127686e-05,8.363135050459671e-10,1.3640877229966358e-23
1271.3199999999988,1569.2018340265377,702.3208382829769,1.9271838878065973e-05,8.455219378838758e-10,1.377801672410387e-23
1271.3299999999988,1569.2018340265377,702.3238901093473,1.904440651442432e-05,8.548292437987603e-10,1.3916818911130088e-23
1271.3399999999988,1569.2018340265377,702.3269419142304,1.8820225233274017e-05,8.642364560697817e-10,1.4057360160218439e-23
1271.3499999999988,1569.2018340265377,702.3299936976258,1.859931715359367e-05,8.737446184600373e-10,1.419972124133124e-23
1271.3599999999988,1569.2018340265377,702.3330454595341,1.8381704321169596e-05,8.833547853241527e-10,1.4343987530737356e-23
1271.3699999999988,1569.2018340265377,702.3360971999555,1.8167408704156338e-05,8.930680217095385e-10,1.4490249215533306e-23
1271.3799999999987,1569.2018340265377,702.33914891889,1.7956452191051946e-05,9.028854034617542e-10,1.4638601507628344e-23
1271.3899999999987,1569.2018340265377,702.3422006163382,1.7748856591895953e-05,9.128080173320125e-10,1.478914486833293e-23
1271.3999999999987,1569.2018340265377,702.3452522923001,1.7544643636546767e-05,9.228369610816287e-10,1.4941985238817418e-23
1271.4099999999987,1569.2018340265377,702.3483039467758,1.7343834976232005e-05,9.329733435922718e-10,1.5097234282021165e-23
1271.4199999999987,1569.2018340265377,702.3513555797659,1.714645217821974e-05,9.43218284975468e-10,1.5255009627477728e-23
1271.4299999999987,1569.2018340265377,702.3544071912703,1.6952516729192715e-05,9.535729166788734e-10,1.541543513250623e-23
1271.4399999999987,1569.2018340265377,702.3574587812893,1.6762050031881747e-05,9.64038381602406e-10,1.557864114731575e-23
1271.4499999999987,1569.2018340265377,702.3605103498231,1.6575073404490704e-05,9.746158342069427e-10,1.5744764791891083e-23
1271.4599999999987,1569.2018340265377,702.3635618968722,1.6391608081735643e-05,9.85306440629988e-10,1.591395024468059e-23
1271.4699999999987,1569.2018340265377,702.3666134224366,1.6211675212656415e-05,9.961113787975676e-10,1.6086349038499252e-23
1271.4799999999987,1569.2018340265377,702.3696649265162,1.6035295858217402e-05,1.0070318385400545e-09,1.626212036680926e-23
1271.4899999999986,1569.2018340265377,702.3727164091118,1.586249099293541e-05,1.018069021712705e-09,1.6441431405089353e-23
1271.4999999999986,1569.2018340265377,702.3757678702235,1.5693281505490488e-05,1.0292241423071818e-09,1.6624457642483588e-23
1271.5099999999986,1569.2018340265377,702.3788193098513,1.5527688192485328e-05,1.0404984265735105e-09,1.681138321825927e-23
1271.5199999999986,1569.2018340265377,702.3818707279955,1.5365731761158198e-05,1.0518931131399031e-09,1.7002401279398906e-23
1271.5299999999986,1569.2018340265377,702.3849221246563,1.520743282951959e-05,1.0634094531333142e-09,1.7197714348229318e-23
1271.5399999999986,1569.2018340265377,702.3879734998343,1.505281192625773e-05,1.0750487103028639e-09,1.739753470284829e-23
1271.5499999999986,1569.2018340265377,702.3910248535294,1.4901889483466933e-05,1.0868121611396357e-09,1.7602084762306952e-23
1271.5599999999986,1569.2018340265377,702.3940761857416,1.4754685842485316e-05,1.0987010950027249e-09,1.781159750047466e-23
1271.5699999999986,1569.2018340265377,702.3971274964715,1.4611221251713915e-05,1.1107168142484432e-09,1.8026316865207706e-23
1271.5799999999986,1569.2018340265377,702.4001787857192,1.447151586480937e-05,1.122860634351314e-09,1.8246498212029156e-23
1271.5899999999986,1569.2018340265377,702.4032300534851,1.4335589739097516e-05,1.1351338840369318e-09,1.8472408753281354e-23
1271.5999999999985,1569.2018340265377,702.406281299769,1.4203462835898787e-05,1.1475379054052521e-09,1.8704328024777798e-23
1271.6099999999985,1569.2018340265377,702.4093325245715,1.4075155020994744e-05,1.160074054068252e-09,1.8942548369203606e-23
1271.6199999999985,1569.2018340265377,702.4123837278928,1.3950686062165402e-05,1.172743699276992e-09,1.918737543176402e-23
1271.6299999999985,1569.2018340265377,702.4154349097331,1.383007562764464e-05,1.1855482240544231e-09,1.9439128673922253e-23
1271.6399999999985,1569.2018340265377,702.4184860700923,1.3713343287094083e-05,1.1984890253294147e-09,1.9698141908073325e-23
1271.6499999999985,1569.2018340265377,702.421537208971,1.36005085109819e-05,1.2115675140764644e-09,1.9964763848341013e-23
1271.6599999999985,1569.2018340265377,702.4245883263694,1.3491590668214782e-05,1.2247851154465652e-09,2.0239358677006675e-23
1271.6699999999985,1569.2018340265377,702.4276394222877,1.3386609026447607e-05,1.238143268907953e-09,2.052230663413169e-23
1271.6799999999985,1569.2018340265377,702.430690496726,1.3285582750696005e-05,1.251643428384344e-09,2.0814004624299455e-23
1271.6899999999985,1569.2018340265377,702.4337415496844,1.3188530903764012e-05,1.265287062395927e-09,2.1114866846477554e-23
1271.6999999999985,1569.2018340265377,702.4367925811637,1.3095472443593045e-05,1.2790756542037386e-09,2.1425325440064363e-23
1271.7099999999984,1569.2018340265377,702.4398435911636,1.3006426224691106e-05,1.293010701946666e-09,2.1745831158605932e-23
1271.7199999999984,1569.2018340265377,702.4428945796844,1.292141099525393e-05,1.3070937187910994e-09,2.2076854059182258e-23
1271.7299999999984,1569.2018340265377,702.4459455467265,1.2840445398012731e-05,1.321326233075683e-09,2.2418884220479536e-23
1271.7399999999984,1569.2018340265377,702.4489964922901,1.2763547969406315e-05,1.3357097884575386e-09,2.2772432481766316e-23
1271.7499999999984,1569.2018340265377,702.4520474163754,1.2690737136893396e-05,1.3502459440613504e-09,2.3138031202757313e-23
1271.7599999999984,1569.2018340265377,702.4550983189824,1.2622031220704279e-05,1.3649362746282509e-09,2.3516235056198815e-23
1271.7699999999984,1569.2018340265377,702.4581492001116,1.2557448432215986e-05,1.3797823706704148e-09,2.3907621840471532e-23
1271.7799999999984,1569.2018340265377,702.4612000597632,1.2497006872221622e-05,1.3947858386206775e-09,2.4312793318031268e-23
1271.7899999999984,1569.2018340265377,702.4642508979374,1.2440724531779461e-05,1.4099483009877706e-09,2.4732376086124723e-23
1271.7999999999984,1569.2018340265377,702.4673017146342,1.2388619289937883e-05,1.425271396510843e-09,2.516702246954592e-23
1271.8099999999984,1569.2018340265377,702.4703525098543,1.2340708914653302e-05,1.440756780320595e-09,2.5617411448690648e-23
1271.8199999999983,1569.2018340265377,702.4734032835975,1.2297011060794795e-05,1.4564061240921018e-09,2.6084249611263057e-23
1271.8299999999983,1569.2018340265377,702.4764540358642,1.2257543269937442e-05,1.4722211162095025e-09,2.6568272138498015e-23
1271.8399999999983,1569.2018340265377,702.4795047666545,1.222232296937827e-05,1.4882034619240233e-09,2.7070243821023477e-23
1271.8499999999983,1569.2018340265377,702.4825554759689,1.2191367471845952e-05,1.5043548835217609e-09,2.759096010894742e-23
1271.8599999999983,1569.2018340265377,702.4856061638075,1.2164693974621278e-05,1.5206771204829607e-09,2.8131248193723255e-23
1271.8699999999983,1569.2018340265377,702.4886568301704,1.2142319558461986e-05,1.5371719296504207e-09,2.8691968124133053e-23
1271.8799999999983,1569.2018340265377,702.4917074750579,1.2124261187381144e-05,1.5538410853978049e-09,2.927401395951413e-23
1271.8899999999983,1569.2018340265377,702.49475809847,1.2110535707691573e-05,1.5706863797975849e-09,2.9878314957629143e-23
1271.8999999999983,1569.2018340265377,702.4978087004075,1.2101159847601172e-05,1.5877096227956753e-09,3.050583680147176e-23
1271.9099999999983,1569.2018340265377,702.5008592808704,1.2096150216087996e-05,1.6049126423768555e-09,3.115758286241645e-23
1271.9199999999983,1569.2018340265377,702.5039098398585,1.2095523302546524e-05,1.6222972847417882e-09,3.1834595505257156e-23
1271.9299999999982,1569.2018340265377,702.5069603773725,1.2099295475967924e-05,1.6398654144878794e-09,3.253795743296621e-23
1271.9399999999982,1569.2018340265377,702.5100108934124,1.2107482984336806e-05,1.6576189147781102e-09,3.3268793073406545e-23
1271.9499999999982,1569.2018340265377,702.5130613879786,1.2120101953828629e-05,1.6755596875257035e-09,3.402827000920617e-23
1271.9599999999982,1569.2018340265377,702.5161118610712,1.2137168388264736e-05,1.6936896535713908e-09,3.481760045234576e-23
1271.9699999999982,1569.2018340265377,702.5191623126904,1.2158698168454017e-05,1.7120107528676596e-09,3.5638042764314886e-23
1271.9799999999982,1569.2018340265377,702.5222127428366,1.2184707051401284e-05,1.7305249446632882e-09,3.6490903022765987e-23
1271.9899999999982,1569.2018340265377,702.5252631515099,1.2215210669557e-05,1.7492342076848856e-09,3.737753663632824e-23
1271.9999999999982,1569.2018340265377,702.5283135387103,1.2250224530766097e-05,1.7681405403276177e-09,3.8299350011531516e-23
1272.0099999999982,1569.2018340265377,702.5313639044384,1.2289764016733224e-05,1.7872459608456789e-09,3.925780226621788e-23
1272.0199999999982,1569.2018340265377,702.5344142486944,1.2333844382996089e-05,1.806552507539669e-09,4.025440699981095e-23
1272.0299999999982,1569.2018340265377,702.5374645714784,1.2382480757770261e-05,1.8260622389505142e-09,4.129073411426671e-23
1272.0399999999981,1569.2018340265377,702.5405148727906,1.2435688142326096e-05,1.8457772340531191e-09,4.2368411695445564e-23
1272.0499999999981,1569.2018340265377,702.5435651526311,1.2493481409218832e-05,1.865699592453199e-09,4.34891279445864e-23
1272.0599999999981,1569.2018340265377,702.5466154110005,1.2555875301535008e-05,1.885831434588322e-09,4.465463317168628e-23
1272.0699999999981,1569.2018340265377,702.5496656478988,1.2622884433591712e-05,1.9061749019209828e-09,4.5866741853951895e-23
1272.079999999998,1569.2018340265377,702.5527158633262,1.269452328981626e-05,1.9267321571454276e-09,4.712733475066571e-23
1272.089999999998,1569.2018340265377,702.5557660572829,1.2770806222871324e-05,1.9475053843897666e-09,4.843836107840237e-23
1272.099999999998,1569.2018340265377,702.5588162297694,1.2851747454196557e-05,1.9684967894228347e-09,4.980184076064833e-23
1272.109999999998,1569.2018340265377,702.5618663807857,1.293736107401867e-05,1.9897085998569053e-09,5.1219866742906956e-23
1272.119999999998,1569.2018340265377,702.5649165103318,1.3027661039018468e-05,2.0111430653606582e-09,5.2694607368268667e-23
1272.129999999998,1569.2018340265377,702.5679666184084,1.3122661172924987e-05,2.032802457872035e-09,5.422830883522738e-23
1272.139999999998,1569.2018340265377,702.5710167050155,1.3222375165937455e-05,2.054689071807319e-09,5.58232977239574e-23
1272.149999999998,1569.2018340265377,702.5740667701533,1.3326816572966994e-05,2.0768052242769293e-09,5.748198359287011e-23
1272.159999999998,1569.2018340265377,702.577116813822,1.343599881446525e-05,2.0991532553040793e-09,5.920686166316434e-23
1272.169999999998,1569.2018340265377,702.580166836022,1.3549935176001264e-05,2.121735528043853e-09,6.100051557775423e-23
1272.179999999998,1569.2018340265377,702.5832168367534,1.366863880533446e-05,2.1445544290016895e-09,6.286562023012833e-23
1272.189999999998,1569.2018340265377,702.5862668160165,1.3792122713977124e-05,2.1676123682599e-09,6.480494469699027e-23
1272.199999999998,1569.2018340265377,702.5893167738112,1.3920399777298373e-05,2.190911779697576e-09,6.682135525066249e-23
1272.209999999998,1569.2018340265377,702.5923667101382,1.4053482731122886e-05,2.214455121227363e-09,6.891781844398733e-23
1272.219999999998,1569.2018340265377,702.5954166249976,1.4191384172727108e-05,2.2382448750143055e-09,7.109740430507688e-23
1272.229999999998,1569.2018340265377,702.5984665183895,1.4334116561573607e-05,2.2622835477116243e-09,7.33632896258149e-23
1272.239999999998,1569.2018340265377,702.6015163903141,1.4481692216842749e-05,2.286573670695006e-09,7.571876133004993e-23
1272.249999999998,1569.2018340265377,702.6045662407716,1.4634123316890647e-05,2.311117800296635e-09,7.816721994905772e-23
1272.259999999998,1569.2018340265377,702.6076160697626,1.4791421900397291e-05,2.3359185180474616e-09,8.07121832076698e-23
1272.269999999998,1569.2018340265377,702.610665877287,1.4953599863976106e-05,2.3609784309100402e-09,8.335728969485839e-23
1272.279999999998,1569.2018340265377,702.6137156633449,1.5120668963443673e-05,2.3863001715223304e-09,8.61063026610307e-23
1272.289999999998,1569.2018340265377,702.6167654279368,1.5292640809830118e-05,2.411886398449761e-09,8.896311389595518e-23
1272.299999999998,1569.2018340265377,702.6198151710628,1.546952687410824e-05,2.4377397964225037e-09,9.19317477671448e-23
1272.309999999998,1569.2018340265377,702.6228648927233,1.5651338482074088e-05,2.4638630765910815e-09,9.501636531897909e-23
1272.319999999998,1569.2018340265377,702.6259145929183,1.5838086815963367e-05,2.490258976769751e-09,9.822126852756415e-23
1272.3299999999979,1569.2018340265377,702.628964271648,1.6029782913382408e-05,2.516930261697829e-09,1.0155090466310936e-22
1272.3399999999979,1569.2018340265377,702.632013928913,1.6226437666936798e-05,2.5438797232966747e-09,1.0500987078087964e-22
1272.3499999999979,1569.2018340265377,702.6350635647132,1.642806182309058e-05,2.57111018091581e-09,1.086029183343723e-22
1272.3599999999979,1569.2018340265377,702.6381131790487,1.663466598647465e-05,2.5986244816053975e-09,1.1233495795840792e-22
1272.3699999999978,1569.2018340265377,702.64116277192,1.684626060773182e-05,2.6264255003773613e-09,1.1621106427696552e-22
1272.3799999999978,1569.2018340265377,702.6442123433274,1.706285599643274e-05,2.6545161404664813e-09,1.2023648101608274e-22
1272.3899999999978,1569.2018340265377,702.6472618932709,1.7284462312009505e-05,2.6828993335992047e-09,1.2441662611330575e-22
1272.3999999999978,1569.2018340265377,702.6503114217508,1.7511089568128622e-05,2.7115780402658424e-09,1.28757097064656e-22
1272.4099999999978,1569.2018340265377,702.6533609287671,1.7742747626099342e-05,2.7405552499911736e-09,1.332636763435006e-22
1272.4199999999978,1569.2018340265377,702.6564104143206,1.797944620158275e-05,2.7698339816150115e-09,1.3794233707049136e-22
1272.4299999999978,1569.2018340265377,702.659459878411,1.8221194858697466e-05,2.7994172835589327e-09,1.427992487482223e-22
1272.4399999999978,1569.2018340265377,702.6625093210388,1.8468003014071702e-05,2.829308234118497e-09,1.4784078323478437e-22
1272.4499999999978,1569.2018340265377,702.665558742204,1.871987993238603e-05,2.8595099417360717e-09,1.530735208167185e-22
1272.4599999999978,1569.2018340265377,702.668608141907,1.8976834727633944e-05,2.8900255452950633e-09,1.585042564985429e-22
1272.4699999999978,1569.2018340265377,702.6716575201482,1.9238876360453943e-05,2.920858214401095e-09,1.6414000643436063e-22
1272.4799999999977,1569.2018340265377,702.6747068769273,1.9506013644544895e-05,2.9520111496713045e-09,1.6998801461677307e-22
1272.4899999999977,1569.2018340265377,702.677756212245,1.977825523683342e-05,2.9834875830379333e-09,1.7605575961483507e-22
1272.4999999999977,1569.2018340265377,702.6808055261014,2.0055609644404434e-05,3.015290778033807e-09,1.8235096164119104e-22
1272.5099999999977,1569.2018340265377,702.6838548184967,2.0338085218611065e-05,3.0474240300930406e-09,1.8888158970436306e-22
1272.5199999999977,1569.2018340265377,702.686904089431,2.0625690161043044e-05,3.0798906668535527e-09,1.956558690666653e-22
1272.5299999999977,1569.2018340265377,702.6899533389047,2.091843251555202e-05,3.1126940484646092e-09,2.0268228877971442e-22
1272.5399999999977,1569.2018340265377,702.693002566918,2.121632017443372e-05,3.145837567886405e-09,2.0996960955956943e-22
1272.5499999999977,1569.2018340265377,702.6960517734713,2.151936087271372e-05,3.179324651205588e-09,2.1752687176690643e-22
1272.5599999999977,1569.2018340265377,702.6991009585643,2.1827562193800156e-05,3.213158757940213e-09,2.2536340371715346e-22
1272.5699999999977,1569.2018340265377,702.7021501221976,2.2140931561869322e-05,3.247343381367361e-09,2.33488830088036e-22
1272.5799999999977,1569.2018340265377,702.7051992643716,2.2459476244875933e-05,3.2818820488299783e-09,2.419130806614298e-22
1272.5899999999976,1569.2018340265377,702.7082483850861,2.2783203356648956e-05,3.3167783220588974e-09,2.506463992998126e-22
1272.5999999999976,1569.2018340265377,702.7112974843416,2.311211985667415e-05,3.352035797503063e-09,2.596993531457688e-22
1272.6099999999976,1569.2018340265377,702.7143465621382,2.344623254166363e-05,3.3876581066512324e-09,2.6908284197696737e-22
1272.6199999999976,1569.2018340265377,702.7173956184763,2.3785548052088436e-05,3.42364891636427e-09,2.7880810798342793e-22
1272.6299999999976,1569.2018340265377,702.720444653356,2.4130072872995518e-05,3.4600119292038193e-09,2.8888674574927655e-22
1272.6399999999976,1569.2018340265377,702.7234936667774,2.447981333057027e-05,3.4967508837692546e-09,2.993307124559499e-22
1272.6499999999976,1569.2018340265377,702.726542658741,2.483477559245903e-05,3.5338695550460906e-09,3.101523384069088e-22
1272.6599999999976,1569.2018340265377,702.7295916292468,2.519496566195636e-05,3.5713717547299023e-09,3.213643377551666e-22
1272.6699999999976,1569.2018340265377,702.7326405782953,2.556038939067919e-05,3.609261331589319e-09,3.3297981976088377e-22
1272.6799999999976,1569.2018340265377,702.7356895058864,2.5931052467724396e-05,3.647542171795565e-09,3.450123000502811e-22
1272.6899999999976,1569.2018340265377,702.7387384120203,2.6306960418535477e-05,3.686218199290711e-09,3.5747571230263865e-22
1272.6999999999975,1569.2018340265377,702.7417872966978,2.6688118612534246e-05,3.7252933761393775e-09,3.7038442036862374e-22
1272.7099999999975,1569.2018340265377,702.7448361599186,2.7074532258372107e-05,3.764771702870095e-09,3.8375323054682193e-22
1272.7199999999975,1569.2018340265377,702.7478850016828,2.7466206399920407e-05,3.804657218852064e-09,3.975974042004429e-22
1272.7299999999975,1569.2018340265377,702.750933821991,2.786314592384716e-05,3.844954002660681e-09,4.119326708750755e-22
1272.7399999999975,1569.2018340265377,702.7539826208434,2.8265355551779233e-05,3.8856661724346605e-09,4.267752415434705e-22
1272.7499999999975,1569.2018340265377,702.7570313982402,2.8672839842719785e-05,3.926797886249286e-09,4.421418223533957e-22
1272.7599999999975,1569.2018340265377,702.7600801541814,2.908560319907999e-05,3.968353342491911e-09,4.580496288026922e-22
1272.7699999999975,1569.2018340265377,702.7631288886673,2.950364985581469e-05,4.010336780240727e-09,4.745164000298579e-22
1272.7799999999975,1569.2018340265377,702.7661776016985,2.992698388289618e-05,4.0527524796488585e-09,4.915604136871063e-22
1272.7899999999975,1569.2018340265377,702.7692262932748,3.0355609191349797e-05,4.095604762314063e-09,5.092005012677126e-22
1272.7999999999975,1569.2018340265377,702.7722749633964,3.078952952827465e-05,4.138897991680586e-09,5.274560636681195e-22
1272.8099999999974,1569.2018340265377,702.7753236120639,3.122874847536425e-05,4.182636573428661e-09,5.463470872113129e-22
1272.8199999999974,1569.2018340265377,702.7783722392772,3.167326944604795e-05,4.226824955861037e-09,5.658941600647612e-22
1272.8299999999974,1569.2018340265377,702.7814208450368,3.212309570063079e-05,4.27146763030748e-09,5.861184894185856e-22
1272.8399999999974,1569.2018340265377,702.7844694293425,3.257823032561641e-05,4.316569131521516e-09,6.070419184737452e-22
1272.8499999999974,1569.2018340265377,702.7875179921949,3.303867624398585e-05,4.362134038097393e-09,6.286869444328322e-22
1272.8599999999974,1569.2018340265377,702.7905665335943,3.3504436214026966e-05,4.4081669728657735e-09,6.510767367532749e-22
1272.8699999999974,1569.2018340265377,702.7936150535406,3.397551282961709e-05,4.454672603307546e-09,6.742351559099917e-22
1272.8799999999974,1569.2018340265377,702.7966635520343,3.4451908519030467e-05,4.501655641979055e-09,6.981867726227066e-22
1272.8899999999974,1569.2018340265377,702.7997120290753,3.4933625544641333e-05,4.5491208469232136e-09,7.22956887597032e-22
1272.8999999999974,1569.2018340265377,702.8027604846642,3.5420665999286126e-05,4.597073022102211e-09,7.48571551715404e-22
1272.9099999999974,1569.2018340265377,702.8058089188011,3.59130318125961e-05,4.645517017814421e-09,7.750575869557932e-22
1272.9199999999973,1569.2018340265377,702.8088573314859,3.641072474840872e-05,4.694457731129189e-09,8.02442607676447e-22
1272.9299999999973,1569.2018340265377,702.8119057227192,3.6913746402906696e-05,4.7439001063312385e-09,8.307550424670795e-22
1272.9399999999973,1569.2018340265377,702.8149540925014,3.7422098201907945e-05,4.793849135352723e-09,8.600241565382582e-22
1272.9499999999973,1569.2018340265377,702.8180024408322,3.793578140857254e-05,4.844309858204938e-09,8.90280074927464e-22
1272.9599999999973,1569.2018340265377,702.8210507677121,3.84547971161767e-05,4.895287363447708e-09,9.215538059781746e-22
1272.9699999999973,1569.2018340265377,702.8240990731413,3.897914625150392e-05,4.94678678862355e-09,9.538772656544413e-22
1272.9799999999973,1569.2018340265377,702.8271473571202,3.9508829571904804e-05,4.998813320726205e-09,9.872833023442009e-22
1272.9899999999973,1569.2018340265377,702.8301956196489,4.004384766629756e-05,5.051372196640333e-09,1.021805722382401e-21
1272.9999999999973,1569.2018340265377,702.8332438607273,4.058420096048286e-05,5.104468703620046e-09,1.057479316359276e-21
1273.0099999999973,1569.2018340265377,702.8362920803561,4.112988970391746e-05,5.1581081797604955e-09,1.0943398856213512e-21
1273.0199999999973,1569.2018340265377,702.8393402785354,4.1680913983317016e-05,5.212296014453586e-09,1.132424270137869e-21
1273.0299999999972,1569.2018340265377,702.8423884552653,4.223727371403508e-05,5.267037648873346e-09,1.1717703765117677e-21
1273.0399999999972,1569.2018340265377,702.8454366105461,4.279896864656109e-05,5.322338576452112e-09,1.212417207106485e-21
1273.0499999999972,1569.2018340265377,702.848484744378,4.336599835477866e-05,5.378204343368477e-09,1.2544048894109755e-21
1273.0599999999972,1569.2018340265377,702.8515328567613,4.393836224912477e-05,5.434640549038331e-09,1.2977747068551547e-21
1273.0699999999972,1569.2018340265377,702.8545809476961,4.4516059570147445e-05,5.491652846594898e-09,1.3425691298503514e-21
1273.0799999999972,1569.2018340265377,702.8576290171828,4.5099089387461107e-05,5.549246943400938e-09,1.388831847779889e-21
1273.0899999999972,1569.2018340265377,702.8606770652215,4.568745060449133e-05,5.6074286015394744e-09,1.4366078019687093e-21
1273.0999999999972,1569.2018340265377,702.8637250918124,4.628114194406402e-05,5.6662036383288774e-09,1.4859432188990981e-21
1273.1099999999972,1569.2018340265377,702.866773096956,4.688016197467683e-05,5.725577926829014e-09,1.536885645548563e-21
1273.1199999999972,1569.2018340265377,702.8698210806521,4.748450908487494e-05,5.785557396347525e-09,1.5894839839675563e-21
1273.1299999999972,1569.2018340265377,702.872869042901,4.809418149686841e-05,5.846148032977268e-09,1.643788528001616e-21
1273.1399999999971,1569.2018340265377,702.8759169837033,4.870917725754604e-05,5.9073558801142394e-09,1.6998510001840903e-21
1273.1499999999971,1569.2018340265377,702.878964903059,4.932949425074655e-05,5.969187038977328e-09,1.7577245902824632e-21
1273.1599999999971,1569.2018340265377,702.8820128009681,4.995513018600291e-05,6.031647669146477e-09,1.8174639940095955e-21
1273.1699999999971,1569.2018340265377,702.8850606774312,5.0586082601487424e-05,6.0947439891126666e-09,1.8791254531992934e-21
1273.179999999997,1569.2018340265377,702.8881085324484,5.1222348867119524e-05,6.158482276809753e-09,1.9427667969928206e-21
1273.189999999997,1569.2018340265377,702.8911563660199,5.186392617987345e-05,6.222868870157413e-09,2.008447483770276e-21
1273.199999999997,1569.2018340265377,702.8942041781457,5.251081156819915e-05,6.287910167623437e-09,2.076228644482547e-21
1273.209999999997,1569.2018340265377,702.8972519688265,5.316300189075141e-05,6.35361262878893e-09,2.146173126852797e-21
1273.219999999997,1569.2018340265377,702.9002997380622,5.3820493829202705e-05,6.419982774891622e-09,2.218345540414136e-21
1273.229999999997,1569.2018340265377,702.903347485853,5.448328390482447e-05,6.487027189400555e-09,2.2928123036571267e-21
1273.239999999997,1569.2018340265377,702.9063952121994,5.5151368456804924e-05,6.554752518603712e-09,2.3696416907822127e-21
1273.249999999997,1569.2018340265377,702.9094429171013,5.582474366159748e-05,6.6231654721584445e-09,2.4489038812913453e-21
1273.259999999997,1569.2018340265377,702.9124906005592,5.6503405516279516e-05,6.692272823704258e-09,2.5306710093233405e-21
1273.269999999997,1569.2018340265377,702.9155382625731,5.718734985678451e-05,6.762081411423099e-09,2.6150172156905193e-21
1273.279999999997,1569.2018340265377,702.9185859031434,5.787657234201941e-05,6.832598138650117e-09,2.7020186997267697e-21
1273.289999999997,1569.2018340265377,702.9216335222701,5.85710684644392e-05,6.903829974467019e-09,2.791753773588165e-21
1273.299999999997,1569.2018340265377,702.9246811199538,5.927083353415504e-05,6.9757839543113296e-09,2.8843029166641125e-21
1273.309999999997,1569.2018340265377,702.9277286961944,5.997586270394502e-05,7.048467180568955e-09,2.9797488332664765e-21
1273.319999999997,1569.2018340265377,702.9307762509923,6.0686150949826526e-05,7.121886823204783e-09,3.078176509634916e-21
1273.329999999997,1569.2018340265377,702.9338237843475,6.140169307504444e-05,7.1960501203769465e-09,3.1796732734416e-21
1273.339999999997,1569.2018340265377,702.9368712962606,6.212248371006839e-05,7.2709643790678675e-09,3.2843288545753354e-21
1273.349999999997,1569.2018340265377,702.9399187867316,6.284851732271288e-05,7.346636975697986e-09,3.39223544794157e-21
1273.359999999997,1569.2018340265377,702.9429662557606,6.357978820477382e-05,7.423075356775932e-09,3.503487776588433e-21
1273.369999999997,1569.2018340265377,702.946013703348,6.431629047075739e-05,7.500287039546307e-09,3.618183156977806e-21
1273.379999999997,1569.2018340265377,702.949061129494,6.50580180723024e-05,7.578279612622925e-09,3.7364215667242e-21
1273.389999999997,1569.2018340265377,702.9521085341989,6.58049647931713e-05,7.657060736647653e-09,3.8583057129473846e-21
1273.399999999997,1569.2018340265377,702.9551559174628,6.655712423519126e-05,7.736638144943335e-09,3.983941101708966e-21
1273.409999999997,1569.2018340265377,702.9582032792858,6.731448983626356e-05,7.817019644193287e-09,4.113436111034693e-21
1273.419999999997,1569.2018340265377,702.9612506196686,6.807705486420742e-05,7.898213115106206e-09,4.246902064291536e-21
1273.4299999999969,1569.2018340265377,702.964297938611,6.884481241288922e-05,7.980226513077218e-09,4.3844533054422195e-21
1273.4399999999969,1569.2018340265377,702.9673452361133,6.961775540874688e-05,8.063067868885438e-09,4.526207276807e-21
1273.4499999999969,1569.2018340265377,702.9703925121757,7.03958766023964e-05,8.146745289388404e-09,4.6722845977505226e-21
1273.4599999999969,1569.2018340265377,702.9734397667987,7.117916858023703e-05,8.231266958201229e-09,4.822809146545867e-21
1273.4699999999968,1569.2018340265377,702.9764869999824,7.196762374903908e-05,8.316641136403121e-09,4.977908142447573e-21
1273.4799999999968,1569.2018340265377,702.9795342117268,7.2761234365438e-05,8.402876163237428e-09,5.137712232793379e-21
1273.4899999999968,1569.2018340265377,702.9825814020321,7.35599924845576e-05,8.48998045683712e-09,5.302355576604721e-21
1273.4999999999968,1569.2018340265377,702.985628570899,7.436389001896427e-05,8.577962514950698e-09,5.471975937941893e-21
1273.5099999999968,1569.2018340265377,702.9886757183274,7.517291870132138e-05,8.666830915628259e-09,5.646714774637418e-21
1273.5199999999968,1569.2018340265377,702.9917228443175,7.598707009016417e-05,8.756594317995334e-09,5.826717332291885e-21
1273.5299999999968,1569.2018340265377,702.9947699488695,7.680633558013492e-05,8.847261462971295e-09,6.012132740833993e-21
1273.5399999999968,1569.2018340265377,702.9978170319838,7.763070639243375e-05,8.938841174020868e-09,6.203114111923632e-21
1273.5499999999968,1569.2018340265377,703.0008640936607,7.846017357935996e-05,9.031342357897842e-09,6.3998186397370255e-21
1273.5599999999968,1569.2018340265377,703.0039111338999,7.929472802691914e-05,9.12477400539573e-09,6.6024077040315626e-21
1273.5699999999968,1569.2018340265377,703.0069581527022,8.013436044977263e-05,9.219145192142843e-09,6.81104697509295e-21
1273.5799999999967,1569.2018340265377,703.0100051500676,8.097906139087606e-05,9.31446507934231e-09,7.02590652145641e-21
1273.5899999999967,1569.2018340265377,703.0130521259964,8.182882122740967e-05,9.410742914556018e-09,7.247160920794686e-21
1273.5999999999967,1569.2018340265377,703.0160990804887,8.268363017146045e-05,9.507988032495998e-09,7.474989373018503e-21
1273.6099999999967,1569.2018340265377,703.0191460135447,8.354347825607416e-05,9.606209855808305e-09,7.709575814694226e-21
1273.6199999999967,1569.2018340265377,703.022192925165,8.440835535093479e-05,9.705417895889552e-09,7.951109038874667e-21
1273.6299999999967,1569.2018340265377,703.0252398153496,8.527825116651827e-05,9.805621753662173e-09,8.199782816723709e-21
1273.6399999999967,1569.2018340265377,703.0282866840982,8.615315522884402e-05,9.906831120389769e-09,8.455796019222123e-21
1273.6499999999967,1569.2018340265377,703.0313335314119,8.703305690626646e-05,1.0009055778541115e-08,8.719352746784997e-21
1273.6599999999967,1569.2018340265377,703.0343803572905,8.791794539109618e-05,1.01123056025603e-08,8.990662457407079e-21
1273.6699999999967,1569.2018340265377,703.0374271617342,8.880780972562328e-05,1.0216590559717934e-08,9.26994010239774e-21
1273.6799999999967,1569.2018340265377,703.0404739447431,8.970263876634646e-05,1.03219207109636e-08,9.557406258985347e-21
1273.6899999999966,1569.2018340265377,703.0435207063177,9.060242121593675e-05,1.0428306211773894e-08,9.853287273004033e-21
1273.6999999999966,1569.2018340265377,703.0465674464583,9.150714559038998e-05,1.0535757312991955e-08,1.0157815398044294e-20
1273.7099999999966,1569.2018340265377,703.0496141651649,9.241680026307906e-05,1.0644284361693503e-08,1.0471228946248077e-20
1273.7199999999966,1569.2018340265377,703.0526608624376,9.33313734314438e-05,1.0753897802056932e-08,1.079377243417264e-20
1273.7299999999966,1569.2018340265377,703.0557075382769,9.425085311942137e-05,1.0864608176265253e-08,1.1125696735952951e-20
1273.7399999999966,1569.2018340265377,703.0587541926831,9.51752271919597e-05,1.0976426125359098e-08,1.1467259241405239e-20
1273.7499999999966,1569.2018340265377,703.0618008256562,9.61044833456363e-05,1.1089362390137159e-08,1.1818724015127785e-20
1273.7599999999966,1569.2018340265377,703.0648474371964,9.70386091174188e-05,1.1203427812060871e-08,1.2180361961463119e-20
1273.7699999999966,1569.2018340265377,703.067894027304,9.797759187614026e-05,1.1318633334171603e-08,1.2552450991201582e-20
1273.7799999999966,1569.2018340265377,703.0709405959793,9.8921418815756e-05,1.1434990001998096e-08,1.2935276192243523e-20
1273.7899999999966,1569.2018340265377,703.0739871432224,9.987007698401319e-05,1.1552508964467939e-08,1.332913000884462e-20
1273.7999999999965,1569.2018340265377,703.0770336690338,0.00010082355324914872,1.1671201474869866e-08,1.3734312417049724e-20
1273.8099999999965,1569.2018340265377,703.0800801734133,0.00010178183431902301,1.1791078891758722e-08,1.4151131110878053e-20
1273.8199999999965,1569.2018340265377,703.0831266563614,0.0001027449067371047,1.1912152679935058e-08,1.4579901689940516e-20
1273.8299999999965,1569.2018340265377,703.0861731178784,0.00010371275689186029,1.2034434411388072e-08,1.5020947853168398e-20
1273.8399999999965,1569.2018340265377,703.0892195579643,0.00010468537099379928,1.2157935766246615e-08,1.547460159235962e-20
1273.8499999999965,1569.2018340265377,703.0922659766193,0.00010566273510902666,1.2282668533775047e-08,1.5941203398460804e-20
1273.8599999999965,1569.2018340265377,703.095312373844,0.0001066448351164572,1.2408644613359665e-08,1.6421102461298234e-20
1273.8699999999965,1569.2018340265377,703.0983587496382,0.00010763165675450581,1.2535876015456287e-08,1.6914656887178664e-20
1273.8799999999965,1569.2018340265377,703.1014051040024,0.00010862318559296483,1.2664374862635696e-08,1.7422233910441936e-20
1273.8899999999965,1569.2018340265377,703.1044514369366,0.00010961940703252449,1.2794153390562112e-08,1.7944210113745015e-20
1273.8999999999965,1569.2018340265377,703.1074977484413,0.00011062030632083103,1.2925223949033156e-08,1.8480971656281937e-20
1273.9099999999964,1569.2018340265377,703.1105440385167,0.0001116258685419752,1.305759900297494e-08,1.9032914502805538e-20
1273.9199999999964,1569.2018340265377,703.1135903071626,0.00011263607861846505,1.3191291133484957e-08,1.9600444659983322e-20
1273.9299999999964,1569.2018340265377,703.1166365543796,0.00011365092131412006,1.3326313038903845e-08,2.0183978418402684e-20
1273.9399999999964,1569.2018340265377,703.1196827801681,0.00011467038122746282,1.3462677535826998e-08,2.078394259821178e-20
1273.9499999999964,1569.2018340265377,703.1227289845278,0.00011569444280540822,1.3600397560163947e-08,2.1400774804094478e-20
1273.9599999999964,1569.2018340265377,703.1257751674594,0.00011672309033770871,1.3739486168253506e-08,2.203492368280641e-20
1273.9699999999964,1569.2018340265377,703.1288213289628,0.00011775630793642017,1.3879956537880664e-08,2.2686849183232293e-20
1273.9799999999964,1569.2018340265377,703.1318674690385,0.00011879407957745873,1.4021821969431571e-08,2.335702283456112e-20
1273.9899999999964,1569.2018340265377,703.1349135876866,0.00011983638906192892,1.41650958869171e-08,2.404592801501141e-20
1273.9999999999964,1569.2018340265377,703.1379596849072,0.00012088322004390054,1.430979183913159e-08,2.4754060239889836e-20
1274.0099999999964,1569.2018340265377,703.1410057607006,0.00012193455601508726,1.4455923500758729e-08,2.5481927447505343e-20
1274.0199999999963,1569.2018340265377,703.1440518150673,0.00012299038031145297,1.4603504673490994e-08,2.6230050295907983e-20
1274.0299999999963,1569.2018340265377,703.1470978480072,0.00012405067610753447,1.4752549287148586e-08,2.6998962463739745e-20
1274.0399999999963,1569.2018340265377,703.1501438595205,0.00012511542643733168,1.4903071400851014e-08,2.7789210963789266e-20
1274.0499999999963,1569.2018340265377,703.1531898496075,0.00012618461416458,1.5055085204160903e-08,2.860135645245093e-20
1274.0599999999963,1569.2018340265377,703.1562358182688,0.00012725822198747177,1.5208605018265604e-08,2.9435973553541924e-20
1274.0699999999963,1569.2018340265377,703.1592817655041,0.00012833623247426266,1.536364529709994e-08,3.029365119650384e-20
1274.0799999999963,1569.2018340265377,703.1623276913137,0.00012941862802962875,1.552022062857589e-08,3.117499294670654e-20
1274.0899999999963,1569.2018340265377,703.1653735956982,0.00013050539089563368,1.567834573578936e-08,3.208061735073948e-20
1274.0999999999963,1569.2018340265377,703.1684194786574,0.0001315965031695054,1.5838035478172162e-08,3.30111582933863e-20
1274.1099999999963,1569.2018340265377,703.1714653401918,0.00013269194678610445,1.5999304852759754e-08,3.396726535439804e-20
1274.1199999999963,1569.2018340265377,703.1745111803015,0.00013379170354158864,1.6162168995362932e-08,3.4949604183100075e-20
1274.1299999999962,1569.2018340265377,703.1775569989867,0.00013489575506857616,1.632664318186344e-08,3.59588568695044e-20
1274.1399999999962,1569.2018340265377,703.1806027962477,0.00013600408285131918,1.649274282941831e-08,3.69957223334764e-20
1274.1499999999962,1569.2018340265377,703.1836485720848,0.0001371166682201371,1.6660483497728666e-08,3.8060916717424284e-20
1274.1599999999962,1569.2018340265377,703.1866943264981,0.00013823349236252353,1.6829880890300847e-08,3.9155173792193965e-20
1274.1699999999962,1569.2018340265377,703.1897400594878,0.00013935453630585547,1.7000950855737238e-08,4.0279245364153803e-20
1274.1799999999962,1569.2018340265377,703.1927857710542,0.0001404797809293114,1.7173709389025986e-08,4.143390169936199e-20
1274.1899999999962,1569.2018340265377,703.1958314611977,0.00014160920696772023,1.7348172632834636e-08,4.2619931954994254e-20
1274.1999999999962,1569.2018340265377,703.1988771299181,0.00014274279500925573,1.752435687878863e-08,4.383814461839607e-20
1274.2099999999962,1569.2018340265377,703.2019227772158,0.0001438805254782959,1.770227856887197e-08,4.508936795165977e-20
1274.2199999999962,1569.2018340265377,703.2049684030914,0.00014502237865870657,1.7881954296702257e-08,4.6374450457714254e-20
1274.2299999999962,1569.2018340265377,703.2080140075446,0.00014616833470289183,1.8063400808868478e-08,4.769426135300536e-20
1274.2399999999961,1569.2018340265377,703.2110595905759,0.00014731837359782383,1.824663500632055e-08,4.904969103676476e-20
1274.2499999999961,1569.2018340265377,703.2141051521854,0.00014847247518378715,1.8431673945723943e-08,5.044165158714062e-20
1274.2599999999961,1569.2018340265377,703.2171506923735,0.0001496306191619909,1.8618534840845898e-08,5.187107726507393e-20
1274.2699999999961,1569.2018340265377,703.2201962111403,0.00015079278508956884,1.8807235063933057e-08,5.3338925024906716e-20
1274.279999999996,1569.2018340265377,703.223241708486,0.00015195895237327085,1.899779214710667e-08,5.484617503555247e-20
1274.289999999996,1569.2018340265377,703.2262871844109,0.00015312910028399961,1.9190223783827256e-08,5.639383122084478e-20
1274.299999999996,1569.2018340265377,703.2293326389153,0.00015430320792924945,1.938454783025006e-08,5.798292179569503e-20
1274.309999999996,1569.2018340265377,703.2323780719992,0.00015548125429829768,1.9580782306713845e-08,5.961449984151534e-20
1274.319999999996,1569.2018340265377,703.2354234836629,0.00015666321822393334,1.97789453991777e-08,6.128964386286197e-20
1274.329999999996,1569.2018340265377,703.2384688739066,0.00015784907839790132,1.9979055460684098e-08,6.300945837625069e-20
1274.339999999996,1569.2018340265377,703.2415142427309,0.00015903881337247296,2.0181131012849684e-08,6.477507450681604e-20
1274.349999999996,1569.2018340265377,703.2445595901357,0.00016023240155817658,2.0385190747316097e-08,6.658765059606018e-20
1274.359999999996,1569.2018340265377,703.247604916121,0.00016142982122428445,2.0591253527249006e-08,6.844837282407605e-20
1274.369999999996,1569.2018340265377,703.2506502206874,0.00016263105050670054,2.079933838894468e-08,7.035845584911055e-20
1274.379999999996,1569.2018340265377,703.253695503835,0.00016383606738712547,2.1009464543240212e-08,7.231914344724064e-20
1274.389999999996,1569.2018340265377,703.2567407655641,0.00016504484972247426,2.1221651377098794e-08,7.433170918866645e-20
1274.399999999996,1569.2018340265377,703.2597860058748,0.00016625737522323286,2.1435918455169378e-08,7.639745710619355e-20
1274.409999999996,1569.2018340265377,703.2628312247674,0.00016747362147354012,2.1652285521343904e-08,7.85177223966116e-20
1274.419999999996,1569.2018340265377,703.2658764222422,0.0001686935659077206,2.1870772500343058e-08,8.06938721173847e-20
1274.429999999996,1569.2018340265377,703.2689215982994,0.00016991718583456308,2.2091399499292948e-08,8.292730592036471e-20
1274.439999999996,1569.2018340265377,703.2719667529389,0.00017114445841642374,2.231418680931132e-08,8.521945677990058e-20
1274.449999999996,1569.2018340265377,703.2750118861612,0.00017237536068975422,2.253915490720155e-08,8.757179175732033e-20
1274.459999999996,1569.2018340265377,703.2780569979666,0.00017360986955049118,2.2766324457001358e-08,8.998581276340596e-20
1274.469999999996,1569.2018340265377,703.2811020883553,0.00017484796176576363,2.2995716311678798e-08,9.246305735139433e-20
1274.479999999996,1569.2018340265377,703.2841471573274,0.00017608961396858286,2.3227351514757347e-08,9.500509951770776e-20
1274.489999999996,1569.2018340265377,703.2871922048831,0.0001773348026584939,2.346125130200659e-08,9.761355052320483e-20
1274.499999999996,1569.2018340265377,703.290237231023,0.00017858350419504694,2.3697437103164187e-08,1.0029005972811825e-19
1274.509999999996,1569.2018340265377,703.2932822357468,0.00017983569482024606,2.3935930543550764e-08,1.0303631546000568e-19
1274.519999999996,1569.2018340265377,703.296327219055,0.00018109135064604283,2.4176753445872902e-08,1.0585404588248103e-19
1274.5299999999959,1569.2018340265377,703.2993721809479,0.00018235044763965043,2.4419927831918613e-08,1.0874501987939817e-19
1274.5399999999959,1569.2018340265377,703.3024171214255,0.0001836129616467354,2.4665475924274764e-08,1.1171104798003327e-19
1274.5499999999959,1569.2018340265377,703.3054620404884,0.00018487886838822223,2.4913420148159216e-08,1.1475398328980098e-19
1274.5599999999959,1569.2018340265377,703.3085069381362,0.00018614814345334008,2.5163783133084652e-08,1.1787572243647882e-19
1274.5699999999958,1569.2018340265377,703.3115518143696,0.00018742076231094212,2.5416587714767594e-08,1.2107820654995183e-19
1274.5799999999958,1569.2018340265377,703.314596669189,0.00018869670029057946,2.5671856936877276e-08,1.2436342224186058e-19
1274.5899999999958,1569.2018340265377,703.3176415025941,0.00018997593259834953,2.592961405280654e-08,1.2773340262812322e-19
1274.5999999999958,1569.2018340265377,703.3206863145855,0.0001912584343275865,2.6189882527591505e-08,1.31190228371829e-19
1274.6099999999958,1569.2018340265377,703.3237311051631,0.00019254418044543594,2.6452686039704174e-08,1.347360287305944e-19
1274.6199999999958,1569.2018340265377,703.3267758743275,0.00019383314577134944,2.6718048482965005e-08,1.3837298262033284e-19
1274.6299999999958,1569.2018340265377,703.3298206220788,0.0001951253050332401,2.6985993968376136e-08,1.421033197554551e-19
1274.6399999999958,1569.2018340265377,703.332865348417,0.00019642063281837246,2.725654682600511e-08,1.45929321739168e-19
1274.6499999999958,1569.2018340265377,703.3359100533427,0.00019771910359910684,2.7529731606988415e-08,1.4985332323094819e-19
1274.6599999999958,1569.2018340265377,703.3389547368558,0.00019902069171393407,2.7805573085358958e-08,1.538777131037667e-19
1274.6699999999958,1569.2018340265377,703.3419993989568,0.00020032537139990332,2.8084096260039604e-08,1.5800493566623256e-19
1274.6799999999957,1569.2018340265377,703.3450440396457,0.0002016331167698265,2.8365326356794197e-08,1.6223749186774637e-19
1274.6899999999957,1569.2018340265377,703.3480886589226,0.00020294390181313822,2.8649288830181574e-08,1.6657794054630666e-19
1274.6999999999957,1569.2018340265377,703.3511332567882,0.00020425770039848843,2.893600936563531e-08,1.7102889970512906e-19
1274.7099999999957,1569.2018340265377,703.3541778332426,0.00020557448628292127,2.922551388135503e-08,1.7559304781931571e-19
1274.7199999999957,1569.2018340265377,703.3572223882855,0.00020689423310755317,2.9517828530353204e-08,1.802731251603214e-19
1274.7299999999957,1569.2018340265377,703.3602669219177,0.00020821691439256855,2.981297970261754e-08,1.8507193514824137e-19
1274.7399999999957,1569.2018340265377,703.3633114341393,0.00020954250354652252,3.011099402703119e-08,1.8999234574156167e-19
1274.7499999999957,1569.2018340265377,703.3663559249504,0.00021087097386213047,3.041189837351353e-08,1.9503729084654236e-19
1274.7599999999957,1569.2018340265377,703.3694003943513,0.0002122022985167523,3.071571985509335e-08,2.0020977175881809e-19
1274.7699999999957,1569.2018340265377,703.3724448423421,0.0002135364505908325,3.102248583005366e-08,2.055128586528585e-19
1274.7799999999957,1569.2018340265377,703.3754892689234,0.00021487340302797135,3.133222390403997e-08,2.109496920459922e-19
1274.7899999999956,1569.2018340265377,703.378533674095,0.000216213128672854,3.1644961932171055e-08,2.1652348436655972e-19
1274.7999999999956,1569.2018340265377,703.3815780578573,0.000217555600269314,3.196072802126145e-08,2.2223752151865697e-19
1274.8099999999956,1569.2018340265377,703.3846224202105,0.00021890079043255725,3.227955053199376e-08,2.2809516445114585e-19
1274.8199999999956,1569.2018340265377,703.387666761155,0.00022024867168006916,3.260145808110727e-08,2.3409985081845357e-19
1274.8299999999956,1569.2018340265377,703.3907110806907,0.0002215992164164636,3.292647954358034e-08,2.4025509662841194e-19
1274.8399999999956,1569.2018340265377,703.3937553788181,0.00022295239694856633,3.325464405494033e-08,2.465644979573629e-19
1274.8499999999956,1569.2018340265377,703.3967996555372,0.0002243081854689768,3.358598101344596e-08,2.530317326644138e-19
1274.8599999999956,1569.2018340265377,703.3998439108485,0.0002256665540580076,3.3920520082472874e-08,2.5966056216290255e-19
1274.8699999999956,1569.2018340265377,703.402888144752,0.0002270274747054027,3.425829119263386e-08,2.6645483324723175e-19
1274.8799999999956,1569.2018340265377,703.4059323572479,0.00022839091929095857,3.459932454426387e-08,2.734184799156302e-19
1274.8899999999956,1569.2018340265377,703.4089765483367,0.00022975685958904633,3.4943650609653154e-08,2.805555252529308e-19
1274.8999999999955,1569.2018340265377,703.4120207180183,0.00023112526727047284,3.52913001354083e-08,2.8787008335062193e-19
1274.9099999999955,1569.2018340265377,703.4150648662933,0.00023249611390735057,3.5642304144874676e-08,2.953663612707751e-19
1274.9199999999955,1569.2018340265377,703.4181089931615,0.00023386937097905538,3.5996693940420996e-08,3.0304866104938105e-19
1274.9299999999955,1569.2018340265377,703.4211530986233,0.0002352450098460624,3.635450110597964e-08,3.10921381702649e-19
1274.9399999999955,1569.2018340265377,703.4241971826792,0.00023662300178536316,3.671575750939771e-08,3.189890213502001e-19
1274.9499999999955,1569.2018340265377,703.427241245329,0.0002380033179662951,3.708049530484367e-08,3.2725617930457957e-19
1274.9599999999955,1569.2018340265377,703.4302852865732,0.00023938592947184167,3.74487469353983e-08,3.3572755826654064e-19
1274.9699999999955,1569.2018340265377,703.4333293064118,0.00024077080727892916,3.782054513543565e-08,3.444079665049961e-19
1274.9799999999955,1569.2018340265377,703.4363733048452,0.0002421579222688842,3.819592293320174e-08,3.533023201254378e-19
1274.9899999999955,1569.2018340265377,703.4394172818738,0.00024354724523092906,3.8574913653317507e-08,3.6241564537355134e-19
1274.9999999999955,1569.2018340265377,703.4424612374974,0.0002449387468651248,3.895755091925787e-08,3.7175308098409027e-19
1275.0099999999954,1569.2018340265377,703.4455051717164,0.00024633239776776316,3.934386865609538e-08,3.8131988055498788e-19
1275.0199999999954,1569.2018340265377,703.4485490845312,0.0002477281684565077,3.973390109296574e-08,3.9112141502414204e-19
1275.0299999999954,1569.2018340265377,703.4515929759418,0.0002491260293402364,4.012768276565146e-08,4.01163175112582e-19
1275.0399999999954,1569.2018340265377,703.4546368459485,0.0002505259507500209,4.0525248519335124e-08,4.1145077391532397e-19
1275.0499999999954,1569.2018340265377,703.4576806945515,0.0002519279029240775,4.092663351119895e-08,4.219899494686042e-19
1275.0599999999954,1569.2018340265377,703.4607245217512,0.000253331856005479,4.133187321308849e-08,4.3278656738872355e-19
1275.0699999999954,1569.2018340265377,703.4637683275478,0.00025473778006168685,4.1741003414229876e-08,4.43846623601965e-19
1275.0799999999954,1569.2018340265377,703.4668121119411,0.0002561456450757768,4.21540602239057e-08,4.551762470807748e-19
1275.0899999999954,1569.2018340265377,703.4698558749318,0.0002575554209193869,4.2571080074355e-08,4.667817026043406e-19
1275.0999999999954,1569.2018340265377,703.47289961652,0.00025896707740019994,4.299209972334154e-08,4.786693936995081e-19
1275.1099999999954,1569.2018340265377,703.4759433367059,0.000260380584230379,4.3417156257083864e-08,4.908458655071664e-19
1275.1199999999953,1569.2018340265377,703.4789870354896,0.00026179591106622235,4.384628709297384e-08,5.033178078316897e-19
1275.1299999999953,1569.2018340265377,703.4820307128714,0.00026321302743727163,4.427952998250917e-08,5.160920580460291e-19
1275.1399999999953,1569.2018340265377,703.4850743688518,0.00026463190282239473,4.471692301412195e-08,5.291756043319462e-19
1275.1499999999953,1569.2018340265377,703.4881180034308,0.00026605250660343934,4.5158504615996785e-08,5.425755887487415e-19
1275.1599999999953,1569.2018340265377,703.4911616166083,0.0002674748081101233,4.56043135589744e-08,5.562993105447964e-19
1275.1699999999953,1569.2018340265377,703.4942052083851,0.00026889877655223126,4.605438895968282e-08,5.703542293097915e-19
1275.1799999999953,1569.2018340265377,703.4972487787612,0.0002703243810877963,4.6508770283242645e-08,5.847479684583888e-19
1275.1899999999953,1569.2018340265377,703.5002923277368,0.0002717515908028503,4.696749734634378e-08,5.9948831861034275e-19
1275.1999999999953,1569.2018340265377,703.503335855312,0.00027318037468727,4.7430610320247154e-08,6.145832410218808e-19
1275.2099999999953,1569.2018340265377,703.5063793614871,0.0002746107016621736,4.789814973384819e-08,6.300408711985888e-19
1275.2199999999953,1569.2018340265377,703.5094228462626,0.0002760425405860229,4.837015647671094e-08,6.458695225342582e-19
1275.2299999999952,1569.2018340265377,703.5124663096384,0.0002774758602272569,4.884667180203881e-08,6.620776899404492e-19
1275.2399999999952,1569.2018340265377,703.5155097516148,0.0002789106292950316,4.9327737329932994e-08,6.786740536893617e-19
1275.2499999999952,1569.2018340265377,703.518553172192,0.00028034681642250025,4.981339505043285e-08,6.95667483215073e-19
1275.2599999999952,1569.2018340265377,703.5215965713704,0.00028178439016318576,5.0303687326702475e-08,7.130670410216405e-19
1275.2699999999952,1569.2018340265377,703.5246399491501,0.00028322331901951126,5.0798656898153874e-08,7.30881986747217e-19
1275.2799999999952,1569.2018340265377,703.5276833055312,0.0002846635714088154,5.129834688368652e-08,7.491217811528289e-19
1275.2899999999952,1569.2018340265377,703.5307266405142,0.0002861051156972493,5.180280078497183e-08,7.677960903631522e-19
1275.2999999999952,1569.2018340265377,703.5337699540992,0.0002875479201535354,5.231206248959833e-08,7.869147899746659e-19
1275.3099999999952,1569.2018340265377,703.5368132462863,0.0002889919530181797,5.2826176274426534e-08,8.064879695590217e-19
1275.3199999999952,1569.2018340265377,703.5398565170759,0.0002904371824445521,5.334518680888005e-08,8.26525936905565e-19
1275.3299999999952,1569.2018340265377,703.542899766468,0.00029188357652543134,5.386913915826028e-08,8.470392225779819e-19
1275.3399999999951,1569.2018340265377,703.5459429944632,0.00029333110328258146,5.4398078787186873e-08,8.680385844605014e-19
1275.3499999999951,1569.2018340265377,703.5489862010616,0.0002947797307002221,5.493205156289099e-08,8.895350125162185e-19
1275.3599999999951,1569.2018340265377,703.552029386263,0.0002962294266807448,5.547110375860754e-08,9.115397334103597e-19
1275.3699999999951,1569.2018340265377,703.5550725500681,0.0002976801590704313,5.6015282057182836e-08,9.340642154356575e-19
1275.379999999995,1569.2018340265377,703.5581156924771,0.0002991318956639419,5.656463355444613e-08,9.571201734641586e-19
1275.389999999995,1569.2018340265377,703.56115881349,0.0003005846041825357,5.711920576258742e-08,9.80719573909407e-19
1275.399999999995,1569.2018340265377,703.5642019131071,0.0003020382523084967,5.767904661392911e-08,1.0048746399768109e-18
1275.409999999995,1569.2018340265377,703.5672449913287,0.0003034928076598794,5.824420446432236e-08,1.0295978568101009e-18
1275.419999999995,1569.2018340265377,703.5702880481551,0.0003049482377979032,5.8814728096792e-08,1.0549019768490023e-18
1275.429999999995,1569.2018340265377,703.5733310835865,0.00030640451021427006,5.939066672508971e-08,1.080800025217214e-18
1275.439999999995,1569.2018340265377,703.5763740976228,0.00030786159238791724,5.997206999735653e-08,1.1073053054619192e-18
1275.449999999995,1569.2018340265377,703.5794170902644,0.0003093194517169761,6.05589879999032e-08,1.1344314049689781e-18
1275.459999999995,1569.2018340265377,703.5824600615118,0.00031077805554163525,6.115147126080883e-08,1.1621922007899065e-18
1275.469999999995,1569.2018340265377,703.5855030113651,0.00031223737116859064,6.174957075362799e-08,1.1906018655971935e-18
1275.479999999995,1569.2018340265377,703.5885459398243,0.00031369736585057796,6.235333790119485e-08,1.2196748735904306e-18
1275.489999999995,1569.2018340265377,703.5915888468896,0.00031515800679677447,6.29628245794417e-08,1.2494260066293963e-18
1275.499999999995,1569.2018340265377,703.5946317325617,0.0003166192611542868,6.357808312124386e-08,1.2798703603710934e-18
1275.509999999995,1569.2018340265377,703.5976745968404,0.00031808109603520616,6.419916632016052e-08,1.3110233506986955e-18
1275.519999999995,1569.2018340265377,703.6007174397259,0.0003195434785090057,6.482612743436117e-08,1.3429007201439996e-18
1275.529999999995,1569.2018340265377,703.6037602612188,0.00032100637559859366,6.545902019068538e-08,1.37551854444899e-18
1275.539999999995,1569.2018340265377,703.6068030613189,0.00032246975428035945,6.609789878835395e-08,1.4088932392519353e-18
1275.549999999995,1569.2018340265377,703.6098458400269,0.0003239335814836816,6.674281790316062e-08,1.4430415669165554e-18
1275.559999999995,1569.2018340265377,703.6128885973426,0.0003253978241067813,6.739383269129212e-08,1.4779806435473636e-18
1275.569999999995,1569.2018340265377,703.6159313332662,0.0003268624490075538,6.805099879348973e-08,1.5137279460420353e-18
1275.579999999995,1569.2018340265377,703.6189740477984,0.00032832742299174645,6.871437233922541e-08,1.5503013192599939e-18
1275.589999999995,1569.2018340265377,703.6220167409389,0.0003297927128500572,6.938400995048751e-08,1.5877189835372125e-18
1275.599999999995,1569.2018340265377,703.6250594126882,0.00033125828531415654,7.005996874626985e-08,1.6259995419922016e-18
1275.609999999995,1569.2018340265377,703.6281020630465,0.0003327241070869167,7.074230634654459e-08,1.6651619882952604e-18
1275.619999999995,1569.2018340265377,703.631144692014,0.0003341901448336884,7.143108087649606e-08,1.7052257144098074e-18
1275.6299999999949,1569.2018340265377,703.6341872995911,0.00033565636519689945,7.212635097086159e-08,1.746210518599833e-18
1275.6399999999949,1569.2018340265377,703.6372298857775,0.00033712273478013276,7.282817577797599e-08,1.788136613417226e-18
1275.6499999999949,1569.2018340265377,703.640272450574,0.0003385892201498927,7.353661496444257e-08,1.8310246339550857e-18
1275.6599999999949,1569.2018340265377,703.6433149939807,0.00034005578783760545,7.425172871913788e-08,1.8748956462234332e-18
1275.6699999999948,1569.2018340265377,703.6463575159976,0.00034152240436209006,7.497357775771978e-08,1.919771155820451e-18
1275.6799999999948,1569.2018340265377,703.649400016625,0.0003429890361939659,7.570222332706544e-08,1.9656731164402295e-18
1275.6899999999948,1569.2018340265377,703.6524424958632,0.00034445564979741024,7.643772720969591e-08,2.0126239389689605e-18
1275.6999999999948,1569.2018340265377,703.6554849537125,0.00034592221159010446,7.7180151728311e-08,2.0606465002907877e-18
1275.7099999999948,1569.2018340265377,703.6585273901732,0.00034738868796670207,7.792955975017335e-08,2.1097641526103787e-18
1275.7199999999948,1569.2018340265377,703.661569805245,0.000348855045314648,7.868601469168646e-08,2.1600007329232203e-18
1275.7299999999948,1569.2018340265377,703.6646121989286,0.00035032124998190704,7.944958052321208e-08,2.211380572379272e-18
1275.7399999999948,1569.2018340265377,703.6676545712241,0.00035178726828776375,8.02203217734461e-08,2.263928506051651e-18
1275.7499999999948,1569.2018340265377,703.6706969221319,0.00035325306654923784,8.099830353416588e-08,2.3176698830134365e-18
1275.7599999999948,1569.2018340265377,703.6737392516519,0.0003547186110466551,8.178359146487376e-08,2.3726305762029798e-18
1275.7699999999948,1569.2018340265377,703.6767815597844,0.00035618386805433527,8.257625179767809e-08,2.428836992904965e-18
1275.7799999999947,1569.2018340265377,703.67982384653,0.00035764880380743485,8.337635134201999e-08,2.4863160849903616e-18
1275.7899999999947,1569.2018340265377,703.6828661118885,0.0003591133845508581,8.418395748932999e-08,2.5450953598977974e-18
1275.7999999999947,1569.2018340265377,703.6859083558601,0.00036057757649343903,8.499913821800236e-08,2.605202891182817e-18
1275.8099999999947,1569.2018340265377,703.6889505784453,0.00036204134583449083,8.582196209846933e-08,2.666667329766695e-18
1275.8199999999947,1569.2018340265377,703.6919927796442,0.00036350465876151177,8.665249829776422e-08,2.7295179151601433e-18
1275.8299999999947,1569.2018340265377,703.6950349594572,0.0003649674814420939,8.74908165847656e-08,2.7937844868866323e-18
1275.8399999999947,1569.2018340265377,703.6980771178843,0.000366429780039513,8.833698733505039e-08,2.8594974962671566e-18
1275.8499999999947,1569.2018340265377,703.7011192549255,0.00036789152070321754,8.9191081535969e-08,2.926688018244194e-18
1275.8599999999947,1569.2018340265377,703.7041613705817,0.0003693526695688336,9.005317079199228e-08,2.9953877635074223e-18
1275.8699999999947,1569.2018340265377,703.7072034648526,0.00037081319277001534,9.092332732932462e-08,3.0656290908877007e-18
1275.8799999999947,1569.2018340265377,703.7102455377385,0.0003722730564255018,9.180162400152227e-08,3.1374450198415015e-18
1275.8899999999946,1569.2018340265377,703.7132875892397,0.0003737322266523473,9.268813429450572e-08,3.210869243334361e-18
1275.8999999999946,1569.2018340265377,703.7163296193565,0.00037519066955009155,9.358293233188134e-08,3.2859361407332725e-18
1275.9099999999946,1569.2018340265377,703.7193716280891,0.0003766483512423745,9.448609288012691e-08,3.362680791420591e-18
1275.9199999999946,1569.2018340265377,703.7224136154375,0.000378105237813608,9.539769135399204e-08,3.4411389877482e-18
1275.9299999999946,1569.2018340265377,703.7254555814021,0.00037956129537200555,9.631780382194284e-08,3.5213472493438e-18
1275.9399999999946,1569.2018340265377,703.7284975259832,0.0003810164900080098,9.72465070115117e-08,3.603342836733497e-18
1275.9499999999946,1569.2018340265377,703.731539449181,0.00038247078781998887,9.818387831468643e-08,3.687163765821194e-18
1275.9599999999946,1569.2018340265377,703.7345813509957,0.00038392415490171977,9.912999579351746e-08,3.772848822290925e-18
1275.9699999999946,1569.2018340265377,703.7376232314273,0.00038537655736041817,1.0008493818559344e-07,3.860437576550448e-18
1275.9799999999946,1569.2018340265377,703.7406650904763,0.00038682796128380436,1.0104878490977405e-07,3.949970398457803e-18
1275.9899999999946,1569.2018340265377,703.743706928143,0.0003882783327843725,1.0202161607160902e-07,4.041488473056556e-18
1275.9999999999945,1569.2018340265377,703.7467487444272,0.0003897276379747685,1.0300351246912325e-07,4.135033815932287e-18
1276.0099999999945,1569.2018340265377,703.7497905393295,0.0003911758429667269,1.0399455559861015e-07,4.2306492890726395e-18
1276.0199999999945,1569.2018340265377,703.7528323128502,0.0003926229138777639,1.0499482766033195e-07,4.3283786170851804e-18
1276.0299999999945,1569.2018340265377,703.7558740649891,0.00039406881684748415,1.0600441156421571e-07,4.42826640381654e-18
1276.0399999999945,1569.2018340265377,703.7589157957468,0.0003955135180173043,1.0702339093593447e-07,4.53035814889615e-18
1276.0499999999945,1569.2018340265377,703.7619575051233,0.00039695698352569,1.0805185012262817e-07,4.63470026470113e-18
1276.0599999999945,1569.2018340265377,703.7649991931191,0.00039839917953971775,1.090898741990779e-07,4.7413400940852254e-18
1276.0699999999945,1569.2018340265377,703.7680408597342,0.00039984007223601225,1.1013754897332428e-07,4.850325927794293e-18
1276.0799999999945,1569.2018340265377,703.7710825049688,0.0004012796277952821,1.1119496099304934e-07,4.961707022400345e-18
1276.0899999999945,1569.2018340265377,703.7741241288232,0.0004027178124222612,1.1226219755160003e-07,5.0755336188334185e-18
1276.0999999999945,1569.2018340265377,703.7771657312977,0.0004041545923291437,1.1333934669404281e-07,5.191856960796273e-18
1276.1099999999944,1569.2018340265377,703.7802073123925,0.0004055899337545393,1.1442649722339169e-07,5.310729313961966e-18
1276.1199999999944,1569.2018340265377,703.7832488721076,0.00040702380295164225,1.1552373870680202e-07,5.432203985117438e-18
1276.1299999999944,1569.2018340265377,703.7862904104434,0.00040845616618527905,1.1663116148193408e-07,5.556335341763346e-18
1276.1399999999944,1569.2018340265377,703.7893319274003,0.0004098869897418263,1.1774885666337352e-07,5.683178832236291e-18
1276.1499999999944,1569.2018340265377,703.7923734229784,0.0004113162399370066,1.1887691614863477e-07,5.8127910061246785e-18
1276.1599999999944,1569.2018340265377,703.7954148971777,0.0004127438831053071,1.2001543262496967e-07,5.945229534863719e-18
1276.1699999999944,1569.2018340265377,703.7984563499986,0.00041416988559513204,1.211644995757225e-07,6.080553232714968e-18
1276.1799999999944,1569.2018340265377,703.8014977814414,0.00041559421378455677,1.2232421128695256e-07,6.218822078437745e-18
1276.1899999999944,1569.2018340265377,703.8045391915064,0.00041701683408326267,1.2349466285379672e-07,6.3600972371220544e-18
1276.1999999999944,1569.2018340265377,703.8075805801934,0.00041843771292062826,1.246759501871938e-07,6.504441082224124e-18
1276.2099999999944,1569.2018340265377,703.8106219475029,0.00041985681676102267,1.2586817002074125e-07,6.6519172184108775e-18
1276.2199999999943,1569.2018340265377,703.8136632934354,0.00042127411207465676,1.2707141991739552e-07,6.8025905040892565e-18
1276.2299999999943,1569.2018340265377,703.8167046179907,0.0004226895653834269,1.2828579827585838e-07,6.956527075478566e-18
1276.2399999999943,1569.2018340265377,703.8197459211692,0.0004241031432404988,1.295114043380027e-07,7.113794370170422e-18
1276.2499999999943,1569.2018340265377,703.8227872029711,0.0004255148122218925,1.3074833819536138e-07,7.274461151166799e-18
1276.2599999999943,1569.2018340265377,703.8258284633966,0.00042692453892145344,1.3199670079630783e-07,7.43859753145156e-18
1276.2699999999943,1569.2018340265377,703.8288697024461,0.0004283322899977405,1.332565939529189e-07,7.606274999861978e-18
1276.2799999999943,1569.2018340265377,703.8319109201196,0.00042973803213594146,1.345281203480344e-07,7.777566445968375e-18
1276.2899999999943,1569.2018340265377,703.8349521164173,0.0004311417320307459,1.358113835424114e-07,7.952546185712096e-18
1276.2999999999943,1569.2018340265377,703.8379932913398,0.0004325433564431637,1.3710648798213894e-07,8.131289988871862e-18
1276.3099999999943,1569.2018340265377,703.8410344448869,0.0004339428721667537,1.3841353900523043e-07,8.313875105269368e-18
1276.3199999999943,1569.2018340265377,703.8440755770589,0.00043534024601376897,1.3973264284953307e-07,8.50038029190537e-18
1276.3299999999942,1569.2018340265377,703.8471166878561,0.0004367354448694534,1.4106390665976963e-07,8.690885841785141e-18
1276.3399999999942,1569.2018340265377,703.8501577772789,0.00043812843562710696,1.4240743849508365e-07,8.885473610981266e-18
1276.3499999999942,1569.2018340265377,703.8531988453274,0.0004395191852469048,1.437633473361853e-07,9.084227048538535e-18
1276.3599999999942,1569.2018340265377,703.8562398920016,0.00044090766072054364,1.4513174309310628e-07,9.28723122509488e-18
1276.3699999999942,1569.2018340265377,703.8592809173019,0.0004422938290861068,1.4651273661286924e-07,9.494572862985357e-18
1276.3799999999942,1569.2018340265377,703.8623219212287,0.0004436776574254931,1.4790643968685974e-07,9.706340366466465e-18
1276.3899999999942,1569.2018340265377,703.8653629037819,0.0004450591128675656,1.4931296505849801e-07,9.92262385261159e-18
1276.3999999999942,1569.2018340265377,703.868403864962,0.0004464381625943793,1.5073242643129942e-07,1.0143515182857111e-17
1276.4099999999942,1569.2018340265377,703.871444804769,0.00044781477383179963,1.5216493847625198e-07,1.0369107994642416e-17
1276.4199999999942,1569.2018340265377,703.8744857232034,0.0004491889138424175,1.5361061684015522e-07,1.0599497733745639e-17
1276.4299999999942,1569.2018340265377,703.8775266202653,0.0004505605499598954,1.5506957815300814e-07,1.0834781688013823e-17
1276.4399999999941,1569.2018340265377,703.8805674959547,0.0004519296495681843,1.565419400363088e-07,1.1075059020513019e-17
1276.4499999999941,1569.2018340265377,703.8836083502721,0.0004532961800925868,1.5802782111121215e-07,1.132043080346471e-17
1276.4599999999941,1569.2018340265377,703.8866491832176,0.0004546601090086848,1.5952734100630345e-07,1.1571000053128888e-17
1276.4699999999941,1569.2018340265377,703.8896899947915,0.0004560214038536639,1.610406203659906e-07,1.1826871765442286e-17
1276.479999999994,1569.2018340265377,703.892730784994,0.00045738003224023155,1.625677808586716e-07,1.2088152952317526e-17
1276.489999999994,1569.2018340265377,703.8957715538253,0.0004587359618020299,1.641089451850362e-07,1.2354952676759382e-17
1276.499999999994,1569.2018340265377,703.8988123012857,0.00046008916025120684,1.656642370864742e-07,1.2627382091519441e-17
1276.509999999994,1569.2018340265377,703.9018530273754,0.0004614395953553209,1.6723378135332746e-07,1.2905554476265041e-17
1276.519999999994,1569.2018340265377,703.9048937320944,0.00046278723494343085,1.6881770383342637e-07,1.3189585276180071e-17
1276.529999999994,1569.2018340265377,703.9079344154432,0.0004641320469069577,1.704161314410009e-07,1.3479592141131006e-17
1276.539999999994,1569.2018340265377,703.9109750774219,0.00046547399918235545,1.7202919216476095e-07,1.377569496481697e-17
1276.549999999994,1569.2018340265377,703.914015718031,0.0004668130597930408,1.736570150769991e-07,1.4078015926466217e-17
1276.559999999994,1569.2018340265377,703.9170563372703,0.00046814919681886563,1.7529973034179173e-07,1.438667953097278e-17
1276.569999999994,1569.2018340265377,703.9200969351401,0.0004694823783948719,1.7695746922447744e-07,1.470181265073146e-17
1276.579999999994,1569.2018340265377,703.923137511641,0.00047081257272823304,1.786303641003726e-07,1.5023544568616358e-17
1276.589999999994,1569.2018340265377,703.9261780667729,0.0004721397481053874,1.8031854846321587e-07,1.5352007021352342e-17
1276.599999999994,1569.2018340265377,703.9292186005359,0.0004734638728593917,1.82022156934747e-07,1.5687334242495932e-17
1276.609999999994,1569.2018340265377,703.9322591129306,0.00047478491541109915,1.8374132527373587e-07,1.6029663008420337e-17
1276.619999999994,1569.2018340265377,703.935299603957,0.00047610284423126986,1.8547619038475994e-07,1.637913268242268e-17
1276.629999999994,1569.2018340265377,703.9383400736154,0.0004774176278854488,1.8722689032793874e-07,1.6735885262498076e-17
1276.639999999994,1569.2018340265377,703.941380521906,0.0004787292349921489,1.8899356432771732e-07,1.7100065426782298e-17
1276.649999999994,1569.2018340265377,703.9444209488289,0.00048003763425739996,1.907763527826211e-07,1.7471820582546963e-17
1276.659999999994,1569.2018340265377,703.9474613543847,0.0004813427944524493,1.925753972747684e-07,1.7851300913964837e-17
1276.669999999994,1569.2018340265377,703.9505017385732,0.00048264468442025534,1.9439084057871029e-07,1.8238659431537698e-17
1276.679999999994,1569.2018340265377,703.9535421013948,0.0004839432730973477,1.9622282667188464e-07,1.863405202324261e-17
1276.689999999994,1569.2018340265377,703.9565824428497,0.00048523852947889815,1.9807150074374034e-07,1.9037637504116428e-17
1276.699999999994,1569.2018340265377,703.9596227629381,0.00048653042264254064,1.9993700920552363e-07,1.9449577668986088e-17
1276.709999999994,1569.2018340265377,703.9626630616605,0.00048781892175833106,2.01819499700366e-07,1.987003734563897e-17
1276.719999999994,1569.2018340265377,703.9657033390166,0.0004891039960604021,2.0371912111259939e-07,2.0299184447153638e-17
1276.7299999999939,1569.2018340265377,703.9687435950071,0.0004903856148679247,2.0563602357848425e-07,2.0737190027327738e-17
1276.7399999999939,1569.2018340265377,703.971783829632,0.0004916637475849795,2.0757035849545935e-07,2.1184228335882953e-17
1276.7499999999939,1569.2018340265377,703.9748240428917,0.0004929383637045545,2.0952227853281537e-07,2.1640476875026457e-17
1276.7599999999939,1569.2018340265377,703.9778642347861,0.000494209432797014,2.1149193764151545e-07,2.2106116456074122e-17
1276.7699999999938,1569.2018340265377,703.9809044053156,0.0004954769245149199,2.1347949106467031e-07,2.2581331257814616e-17
1276.7799999999938,1569.2018340265377,703.9839445544807,0.0004967408085995937,2.1548509534795396e-07,2.3066308885901533e-17
1276.7899999999938,1569.2018340265377,703.9869846822813,0.0004980010548853586,2.1750890834964139e-07,2.3561240433036328e-17
1276.7999999999938,1569.2018340265377,703.9900247887175,0.0004992576332869223,2.1955108925117005e-07,2.4066320539432645e-17
1276.8099999999938,1569.2018340265377,703.9930648737899,0.0005005105138170423,2.2161179856839822e-07,2.4581747455832118e-17
1276.8199999999938,1569.2018340265377,703.9961049374986,0.0005017596665676731,2.23691198161348e-07,2.510772310545037e-17
1276.8299999999938,1569.2018340265377,703.9991449798437,0.0005030050617219756,2.257894512453079e-07,2.5644453148692028e-17
1276.8399999999938,1569.2018340265377,704.0021850008254,0.0005042466695734891,2.27906722401733e-07,2.6192147049283883e-17
1276.8499999999938,1569.2018340265377,704.005225000444,0.0005054844604887658,2.3004317758905355e-07,2.6751018138544398e-17
1276.8599999999938,1569.2018340265377,704.0082649786999,0.0005067184049316242,2.3219898415374137e-07,2.7321283683867383e-17
1276.8699999999938,1569.2018340265377,704.0113049355932,0.0005079484734729885,2.3437431084120408e-07,2.790316495758334e-17
1276.8799999999937,1569.2018340265377,704.014344871124,0.0005091746367617716,2.365693278068408e-07,2.8496887304820984e-17
1276.8899999999937,1569.2018340265377,704.0173847852926,0.0005103968655633777,2.387842066277667e-07,2.910268021630395e-17
1276.8999999999937,1569.2018340265377,704.0204246780993,0.0005116151307199297,2.4101912031354323e-07,2.972077739772099e-17
1276.9099999999937,1569.2018340265377,704.0234645495444,0.0005128294031918515,2.4327424331807667e-07,3.035141684506871e-17
1276.9199999999937,1569.2018340265377,704.0265043996278,0.0005140396540267616,2.4554975155033993e-07,3.099484091674234e-17
1276.9299999999937,1569.2018340265377,704.02954422835,0.0005152458543767924,2.478458223870403e-07,3.16512964100439e-17
1276.9399999999937,1569.2018340265377,704.0325840357112,0.0005164479754952994,2.5016263468342587e-07,3.2321034637236975e-17
1276.9499999999937,1569.2018340265377,704.0356238217115,0.0005176459887384952,2.5250036878511386e-07,3.3004311503344566e-17
1276.9599999999937,1569.2018340265377,704.0386635863513,0.000518839865573308,2.54859206540432e-07,3.3701387585716647e-17
1276.9699999999937,1569.2018340265377,704.0417033296305,0.0005200295775545476,2.572393313116496e-07,3.441252821257104e-17
1276.9799999999937,1569.2018340265377,704.0447430515499,0.0005212150963493419,2.596409279877755e-07,3.513800354621714e-17
1276.9899999999936,1569.2018340265377,704.0477827521092,0.0005223963937435528,2.620641829957657e-07,3.587808866607175e-17
1276.9999999999936,1569.2018340265377,704.0508224313087,0.000523573441619874,2.64509284313158e-07,3.6633063651413045e-17
1277.0099999999936,1569.2018340265377,704.0538620891488,0.0005247462119604281,2.669764214808068e-07,3.7403213667057367e-17
1277.0199999999936,1569.2018340265377,704.0569017256297,0.0005259146768655818,2.694657856145345e-07,3.8188829051259126e-17
1277.0299999999936,1569.2018340265377,704.0599413407516,0.000527078808549512,2.71977569417767e-07,3.899020540365551e-17
1277.0399999999936,1569.2018340265377,704.0629809345146,0.0005282385793385374,2.745119671941856e-07,3.9807643674759617e-17
1277.0499999999936,1569.2018340265377,704.0660205069191,0.0005293939616592813,2.7706917486066615e-07,4.0641450256131436e-17
1277.0599999999936,1569.2018340265377,704.0690600579652,0.0005305449280500697,2.7964938995935947e-07,4.1491937073420544e-17
1277.0699999999936,1569.2018340265377,704.0720995876533,0.000531691451178929,2.822528116712938e-07,4.2359421681898793e-17
1277.0799999999936,1569.2018340265377,704.0751390959833,0.0005328335038243719,2.848796408285449e-07,4.3244227360159685e-17
1277.0899999999936,1569.2018340265377,704.0781785829557,0.0005339710588591218,2.8753007992794604e-07,4.4146683205815755e-17
1277.0999999999935,1569.2018340265377,704.0812180485708,0.0005351040892969323,2.902043331439271e-07,4.506712423758844e-17
1277.1099999999935,1569.2018340265377,704.0842574928287,0.0005362325682561172,2.929026063415466e-07,4.600589149224843e-17
1277.1199999999935,1569.2018340265377,704.0872969157293,0.0005373564689810855,2.956251070899057e-07,4.6963332127932356e-17
1277.1299999999935,1569.2018340265377,704.0903363172732,0.0005384757648275411,2.9837204467608555e-07,4.793979952615228e-17
1277.1399999999935,1569.2018340265377,704.0933756974608,0.00053959042927491,3.0114363011828015e-07,4.893565339745366e-17
1277.1499999999935,1569.2018340265377,704.096415056292,0.0005407004359200004,3.039400761788862e-07,4.995125988703608e-17
1277.1599999999935,1569.2018340265377,704.099454393767,0.0005418057584833552,3.067615973790696e-07,5.0986991683602453e-17
1277.1699999999935,1569.2018340265377,704.1024937098862,0.0005429063708131422,3.096084100123802e-07,5.204322812937767e-17
1277.1799999999935,1569.2018340265377,704.1055330046497,0.0005440022468627743,3.1248073215848e-07,5.31203553293037e-17
1277.1899999999935,1569.2018340265377,704.1085722780579,0.0005450933607324368,3.1537878369728323e-07,5.421876626817488e-17
1277.1999999999935,1569.2018340265377,704.1116115301107,0.0005461796866376258,3.1830278632297947e-07,5.5338860922504085e-17
1277.2099999999934,1569.2018340265377,704.1146507608086,0.0005472611989123567,3.2125296355850287e-07,5.648104637751313e-17
1277.2199999999934,1569.2018340265377,704.1176899701519,0.0005483378720289387,3.242295407700988e-07,5.764573694769643e-17
1277.2299999999934,1569.2018340265377,704.1207291581406,0.0005494096805778389,3.272327451807894e-07,5.883335429473399e-17
1277.2399999999934,1569.2018340265377,704.1237683247749,0.0005504765992878283,3.3026280588581097e-07,6.004432755206664e-17
1277.2499999999934,1569.2018340265377,704.1268074700552,0.0005515386030033826,3.3331995386740797e-07,6.127909344658175e-17
1277.2599999999934,1569.2018340265377,704.1298465939817,0.0005525956667081848,3.364044220091681e-07,6.253809642693493e-17
1277.2699999999934,1569.2018340265377,704.1328856965546,0.0005536477655197092,3.3951644511066637e-07,6.382178879081937e-17
1277.2799999999934,1569.2018340265377,704.135924777774,0.000554694874681225,3.426562599030391e-07,6.513063081412712e-17
1277.2899999999934,1569.2018340265377,704.1389638376402,0.000555736969557879,3.458241050638657e-07,6.64650908821836e-17
1277.2999999999934,1569.2018340265377,704.1420028761536,0.0005567740256698829,3.49020221232625e-07,6.782564562762949e-17
1277.3099999999934,1569.2018340265377,704.1450418933142,0.0005578060186569191,3.522448510253142e-07,6.921278006188245e-17
1277.3199999999933,1569.2018340265377,704.1480808891223,0.0005588329243061195,3.554982390506029e-07,7.062698771676665e-17
1277.3299999999933,1569.2018340265377,704.1511198635782,0.0005598547185220602,3.5878063192528037e-07,7.206877078084564e-17
1277.3399999999933,1569.2018340265377,704.154158816682,0.0005608713773504283,3.620922782895656e-07,7.353864024438817e-17
1277.3499999999933,1569.2018340265377,704.1571977484341,0.0005618828769884939,3.6543342882350084e-07,7.503711604544553e-17
1277.3599999999933,1569.2018340265377,704.1602366588344,0.0005628891937582637,3.688043362617454e-07,7.65647272124967e-17
1277.3699999999933,1569.2018340265377,704.1632755478834,0.0005638903041251437,3.722052554112148e-07,7.812201201632889e-17
1277.3799999999933,1569.2018340265377,704.1663144155813,0.0005648861846883351,3.756364431659801e-07,7.970951811928136e-17
1277.3899999999933,1569.2018340265377,704.1693532619282,0.0005658768121919836,3.790981585237579e-07,8.132780273019506e-17
1277.3999999999933,1569.2018340265377,704.1723920869244,0.0005668621635291542,3.825906626025495e-07,8.297743276080836e-17
1277.4099999999933,1569.2018340265377,704.1754308905703,0.0005678422157199965,3.8611421865714643e-07,8.465898498060446e-17
1277.4199999999933,1569.2018340265377,704.1784696728658,0.0005688169459301665,3.8966909209534675e-07,8.637304617960164e-17
1277.4299999999932,1569.2018340265377,704.1815084338114,0.0005697863314787031,3.9325555049509406e-07,8.812021333255801e-17
1277.4399999999932,1569.2018340265377,704.184547173407,0.0005707503498240517,3.968738636212044e-07,8.990109376207293e-17
1277.4499999999932,1569.2018340265377,704.1875858916532,0.0005717089785590977,4.0052430344235473e-07,9.171630530542087e-17
1277.4599999999932,1569.2018340265377,704.1906245885501,0.0005726621954308639,4.042071441484701e-07,9.356647648794869e-17
1277.4699999999932,1569.2018340265377,704.1936632640977,0.0005736099783394856,4.0792266216685213e-07,9.545224669526486e-17
1277.4799999999932,1569.2018340265377,704.1967019182965,0.0005745523053242394,4.116711361813364e-07,9.73742663471283e-17
1277.4899999999932,1569.2018340265377,704.1997405511465,0.0005754891545676075,4.15452847148117e-07,9.933319707519415e-17
1277.4999999999932,1569.2018340265377,704.2027791626483,0.0005764205044095867,4.1926807831476563e-07,1.0132971190669802e-16
1277.5099999999932,1569.2018340265377,704.2058177528019,0.0005773463333343343,4.231171152365596e-07,1.0336449544479863e-16
1277.5199999999932,1569.2018340265377,704.2088563216073,0.0005782666199811734,4.270002457951983e-07,1.0543824405688236e-16
1277.5299999999932,1569.2018340265377,704.211894869065,0.0005791813431313972,4.3091776021697074e-07,1.0755166606102138e-16
1277.5399999999931,1569.2018340265377,704.2149333951751,0.0005800904817207276,4.348699510904368e-07,1.0970548191948972e-16
1277.5499999999931,1569.2018340265377,704.217971899938,0.0005809940148391301,4.388571133850123e-07,1.1190042443329135e-16
1277.5599999999931,1569.2018340265377,704.2210103833538,0.0005818919217333556,4.42879544468903e-07,1.1413723893968128e-16
1277.5699999999931,1569.2018340265377,704.2240488454225,0.000582784181799786,4.469375441277877e-07,1.164166835110036e-16
1277.579999999993,1569.2018340265377,704.2270872861449,0.0005836707745710453,4.510314145845551e-07,1.187395291555245e-16
1277.589999999993,1569.2018340265377,704.2301257055208,0.0005845516797684198,4.5516146051628496e-07,1.2110656003306098e-16
1277.599999999993,1569.2018340265377,704.2331641035503,0.0005854268772462097,4.593279890740876e-07,1.2351857365339762e-16
1277.609999999993,1569.2018340265377,704.2362024802338,0.0005862963470175881,4.6353130990282087e-07,1.2597638109389176e-16
1277.619999999993,1569.2018340265377,704.2392408355718,0.0005871600692567978,4.6777173515952225e-07,1.2848080721481704e-16
1277.629999999993,1569.2018340265377,704.2422791695642,0.0005880180242892082,4.720495795326182e-07,1.3103269087551202e-16
1277.639999999993,1569.2018340265377,704.2453174822112,0.0005888701926071794,4.7636516026171274e-07,1.3363288515955408e-16
1277.649999999993,1569.2018340265377,704.2483557735131,0.0005897165548510162,4.807187971574027e-07,1.362822575954104e-16
1277.659999999993,1569.2018340265377,704.2513940434704,0.0005905570918298718,4.851108126213839e-07,1.3898169038935754e-16
1277.669999999993,1569.2018340265377,704.254432292083,0.0005913917845059778,4.895415316649114e-07,1.4173208065241172e-16
1277.679999999993,1569.2018340265377,704.2574705193512,0.000592220614007274,4.940112819303148e-07,1.4453434063877061e-16
1277.689999999993,1569.2018340265377,704.260508725275,0.0005930435616223471,4.985203937107477e-07,1.473893979824914e-16
1277.699999999993,1569.2018340265377,704.2635469098551,0.0005938606087931411,5.030691999708673e-07,1.5029819593734765e-16
1277.709999999993,1569.2018340265377,704.2665850730915,0.0005946717371339345,5.076580363665088e-07,1.5326169362603528e-16
1277.719999999993,1569.2018340265377,704.2696232149842,0.0005954769284212329,5.122872412656533e-07,1.562808662864524e-16
1277.729999999993,1569.2018340265377,704.2726613355337,0.0005962761645930801,5.169571557701059e-07,1.593567055241307e-16
1277.739999999993,1569.2018340265377,704.2756994347403,0.0005970694277399754,5.216681237355965e-07,1.6249021956492227e-16
1277.749999999993,1569.2018340265377,704.278737512604,0.0005978567001424696,5.264204917925079e-07,1.6568243352426407e-16
1277.759999999993,1569.2018340265377,704.2817755691251,0.0005986379642262554,5.312146093680225e-07,1.6893438965877253e-16
1277.769999999993,1569.2018340265377,704.2848136043037,0.0005994132025844992,5.360508287071725e-07,1.722471476387793e-16
1277.779999999993,1569.2018340265377,704.2878516181403,0.0006001823979903155,5.409295048945941e-07,1.7562178482279079e-16
1277.789999999993,1569.2018340265377,704.2908896106351,0.0006009455333682661,5.458509958760607e-07,1.7905939652374117e-16
1277.799999999993,1569.2018340265377,704.2939275817879,0.0006017025918227617,5.50815662479429e-07,1.8256109629498393e-16
1277.809999999993,1569.2018340265377,704.2969655315993,0.0006024535566171461,5.558238684388894e-07,1.861280162079746e-16
1277.819999999993,1569.2018340265377,704.3000034600697,0.0006031984111889232,5.60875980415503e-07,1.897613071420908e-16
1277.8299999999929,1569.2018340265377,704.3030413671988,0.000603937139143477,5.659723680191458e-07,1.9346213907289472e-16
1277.8399999999929,1569.2018340265377,704.3060792529873,0.0006046697242550141,5.711134038327331e-07,1.9723170136807238e-16
1277.8499999999929,1569.2018340265377,704.309117117435,0.0006053961504705112,5.762994634331653e-07,2.0107120308621335e-16
1277.8599999999929,1569.2018340265377,704.3121549605426,0.0006061164019014719,5.815309254159086e-07,2.0498187327817264e-16
1277.8699999999928,1569.2018340265377,704.31519278231,0.0006068304628459834,5.868081714160448e-07,2.089649613002525e-16
1277.8799999999928,1569.2018340265377,704.3182305827373,0.000607538317754793,5.921315861325887e-07,2.1302173711501945e-16
1277.8899999999928,1569.2018340265377,704.3212683618251,0.0006082399512625222,5.975015573522333e-07,2.1715349161796313e-16
1277.8999999999928,1569.2018340265377,704.3243061195734,0.0006089353481759149,6.029184759716395e-07,2.2136153695295265e-16
1277.9099999999928,1569.2018340265377,704.3273438559827,0.0006096244934729845,6.083827360223129e-07,2.256472068374771e-16
1277.9199999999928,1569.2018340265377,704.3303815710527,0.0006103073723063233,6.138947346925867e-07,2.300118568916913e-16
1277.9299999999928,1569.2018340265377,704.333419264784,0.0006109839700042879,6.19454872354084e-07,2.3445686497452496e-16
1277.9399999999928,1569.2018340265377,704.3364569371769,0.00061165427206568,6.250635525846781e-07,2.389836315192287e-16
1277.9499999999928,1569.2018340265377,704.3394945882314,0.0006123182641699125,6.307211821919882e-07,2.435935798797628e-16
1277.9599999999928,1569.2018340265377,704.3425322179478,0.0006129759321717609,6.364281712389198e-07,2.4828815667753414e-16
1277.9699999999928,1569.2018340265377,704.3455698263263,0.0006136272621013804,6.421849330686057e-07,2.5306883215431706e-16
1277.9799999999927,1569.2018340265377,704.3486074133671,0.0006142722401624523,6.479918843286183e-07,2.579371005285356e-16
1277.9899999999927,1569.2018340265377,704.3516449790706,0.0006149108527418142,6.538494449964606e-07,2.6289448036213853e-16
1277.9999999999927,1569.2018340265377,704.3546825234368,0.0006155430863978994,6.59758038404117e-07,2.679425149227802e-16
1278.0099999999927,1569.2018340265377,704.3577200464659,0.0006161689278743477,6.657180912636812e-07,2.7308277256235836e-16
1278.0199999999927,1569.2018340265377,704.3607575481585,0.0006167883640843643,6.717300336944979e-07,2.7831684708920993e-16
1278.0299999999927,1569.2018340265377,704.3637950285146,0.0006174013821267849,6.777942992462527e-07,2.8364635815581064e-16
1278.0399999999927,1569.2018340265377,704.3668324875342,0.0006180079692854124,6.839113249264792e-07,2.8907295164810023e-16
1278.0499999999927,1569.2018340265377,704.3698699252178,0.0006186081130062059,6.900815512269178e-07,2.945983000684635e-16
1278.0599999999927,1569.2018340265377,704.3729073415656,0.000619201800930998,6.963054221491708e-07,3.0022410294954316e-16
1278.0699999999927,1569.2018340265377,704.3759447365777,0.0006197890208761965,7.025833852314213e-07,3.059520872487709e-16
1278.0799999999927,1569.2018340265377,704.3789821102544,0.0006203697608448254,7.089158915748805e-07,3.1178400776363148e-16
1278.0899999999926,1569.2018340265377,704.3820194625958,0.0006209440090100877,7.153033958713974e-07,3.1772164753938917e-16
1278.0999999999926,1569.2018340265377,704.3850567936025,0.0006215117537385327,7.21746356430044e-07,3.237668183011014e-16
1278.1099999999926,1569.2018340265377,704.3880941032744,0.0006220729835711472,7.282452352036697e-07,3.2992136087004677e-16
1278.1199999999926,1569.2018340265377,704.3911313916118,0.0006226276872382025,7.348004978177801e-07,3.361871456049711e-16
1278.1299999999926,1569.2018340265377,704.3941686586148,0.0006231758536459985,7.414126135969884e-07,3.425660728321995e-16
1278.1399999999926,1569.2018340265377,704.3972059042839,0.0006237174718877089,7.480820555938345e-07,3.4906007329630157e-16
1278.1499999999926,1569.2018340265377,704.4002431286192,0.000624252531241536,7.548093006163558e-07,3.5567110860880624e-16
1278.1599999999926,1569.2018340265377,704.4032803316207,0.0006247810211678156,7.615948292552842e-07,3.624011717016475e-16
1278.1699999999926,1569.2018340265377,704.406317513289,0.0006253029313127553,7.684391259147768e-07,3.692522872935839e-16
1278.1799999999926,1569.2018340265377,704.4093546736241,0.0006258182515031126,7.753426788392746e-07,3.762265123537399e-16
1278.1899999999926,1569.2018340265377,704.4123918126262,0.000626326971754474,7.823059801425929e-07,3.8332593658124797e-16
1278.1999999999925,1569.2018340265377,704.4154289302957,0.0006268290822673416,7.893295258377422e-07,3.9055268288467034e-16
1278.2099999999925,1569.2018340265377,704.4184660266325,0.0006273245734284576,7.964138158648671e-07,3.9790890786882486e-16
1278.2199999999925,1569.2018340265377,704.4215031016373,0.000627813435807676,8.035593541230818e-07,4.0539680232892666e-16
1278.2299999999925,1569.2018340265377,704.4245401553101,0.0006282956601622307,8.107666484966746e-07,4.1301859175008813e-16
1278.2399999999925,1569.2018340265377,704.4275771876509,0.0006287712374438098,8.180362108873604e-07,4.2077653682139945e-16
1278.2499999999925,1569.2018340265377,704.4306141986601,0.0006292401587753881,8.253685572446496e-07,4.2867293393456075e-16
1278.2599999999925,1569.2018340265377,704.4336511883381,0.0006297024154767194,8.327642075947828e-07,4.3671011571963065e-16
1278.2699999999925,1569.2018340265377,704.436688156685,0.0006301579990580595,8.402236860717799e-07,4.448904515689642e-16
1278.2799999999925,1569.2018340265377,704.4397251037009,0.0006306069012103467,8.477475209475735e-07,4.532163481638968e-16
1278.2899999999925,1569.2018340265377,704.442762029386,0.0006310491138154437,8.553362446643528e-07,4.616902500244541e-16
1278.2999999999925,1569.2018340265377,704.4457989337408,0.000631484628943497,8.629903938648839e-07,4.703146400549721e-16
1278.3099999999924,1569.2018340265377,704.4488358167654,0.0006319134388517405,8.707105094235666e-07,4.790920400982726e-16
1278.3199999999924,1569.2018340265377,704.4518726784598,0.0006323355359898506,8.784971364777353e-07,4.88025011502038e-16
1278.3299999999924,1569.2018340265377,704.4549095188246,0.0006327509129913883,8.863508244612022e-07,4.971161556842532e-16
1278.3399999999924,1569.2018340265377,704.4579463378598,0.0006331595626813135,8.942721271342425e-07,5.063681147140179e-16
1278.3499999999924,1569.2018340265377,704.4609831355657,0.0006335614780769291,9.022616026173189e-07,5.15783571898999e-16
1278.3599999999924,1569.2018340265377,704.4640199119425,0.0006339566523804057,9.103198134223582e-07,5.253652523705722e-16
1278.3699999999924,1569.2018340265377,704.4670566669902,0.0006343450789868044,9.184473264857534e-07,5.351159236906931e-16
1278.3799999999924,1569.2018340265377,704.4700934007095,0.0006347267514802458,9.26644713203717e-07,5.450383964595494e-16
1278.3899999999924,1569.2018340265377,704.4731301131003,0.0006351016636329953,9.349125494605865e-07,5.551355249247563e-16
1278.3999999999924,1569.2018340265377,704.4761668041629,0.0006354698094143332,9.432514156664647e-07,5.654102076176622e-16
1278.4099999999924,1569.2018340265377,704.4792034738974,0.0006358311829758039,9.516618967890235e-07,5.758653879700347e-16
1278.4199999999923,1569.2018340265377,704.4822401223042,0.0006361857786643636,9.601445823876587e-07,5.865040549656032e-16
1278.4299999999923,1569.2018340265377,704.4852767493836,0.0006365335910180239,9.687000666479084e-07,5.97329243784667e-16
1278.4399999999923,1569.2018340265377,704.4883133551355,0.000636874614766556,9.773289484141639e-07,6.083440364589825e-16
1278.4499999999923,1569.2018340265377,704.4913499395603,0.00063720884482765,9.860318312274604e-07,6.195515625366238e-16
1278.4599999999923,1569.2018340265377,704.4943865026585,0.0006375362763128156,9.948093233574039e-07,6.30954999757016e-16
1278.4699999999923,1569.2018340265377,704.4974230444299,0.0006378569045240055,1.0036620378374895e-06,6.425575747295995e-16
1278.4799999999923,1569.2018340265377,704.5004595648747,0.0006381707249576885,1.0125905925017254e-06,6.543625636297981e-16
1278.4899999999923,1569.2018340265377,704.5034960639935,0.0006384777332999228,1.0215956100198486e-06,6.663732928927023e-16
1278.4999999999923,1569.2018340265377,704.5065325417863,0.0006387779254275953,1.0306777179327869e-06,6.785931399215586e-16
1278.5099999999923,1569.2018340265377,704.5095689982536,0.0006390712974108065,1.0398375486883308e-06,6.910255338064677e-16
1278.5199999999923,1569.2018340265377,704.512605433395,0.0006393578455154708,1.049075739676373e-06,7.036739560516622e-16
1278.5299999999922,1569.2018340265377,704.5156418472113,0.0006396375661933869,1.0583929332695674e-06,7.165419413050843e-16
1278.5399999999922,1569.2018340265377,704.5186782397026,0.0006399104560933458,1.0677897768556385e-06,7.296330781085415e-16
1278.5499999999922,1569.2018340265377,704.521714610869,0.0006401765120560719,1.0772669228764857e-06,7.429510096484084e-16
1278.5599999999922,1569.2018340265377,704.5247509607108,0.0006404357311127658,1.0868250288647678e-06,7.564994345156789e-16
1278.5699999999922,1569.2018340265377,704.5277872892281,0.0006406881104895853,1.0964647574821608e-06,7.702821074844095e-16
1278.5799999999922,1569.2018340265377,704.5308235964213,0.0006409336476039298,1.1061867765575474e-06,7.843028402898942e-16
1278.5899999999922,1569.2018340265377,704.5338598822907,0.0006411723400666576,1.115991759123263e-06,7.985655024203393e-16
1278.5999999999922,1569.2018340265377,704.5368961468362,0.000641404185682841,1.125880383454145e-06,8.130740219203115e-16
1278.6099999999922,1569.2018340265377,704.5399323900582,0.0006416291824477228,1.1358533331079533e-06,8.278323861996854e-16
1278.6199999999922,1569.2018340265377,704.542968611957,0.0006418473285510036,1.1459112969620526e-06,8.428446428572573e-16
1278.6299999999922,1569.2018340265377,704.5460048125328,0.0006420586223761589,1.156054969253253e-06,8.58114900512546e-16
1278.6399999999921,1569.2018340265377,704.5490409917858,0.000642263062499009,1.166285049616821e-06,8.736473296451336e-16
1278.6499999999921,1569.2018340265377,704.552077149716,0.0006424606476876353,1.176602243126526e-06,8.894461634471269e-16
1278.6599999999921,1569.2018340265377,704.5551132863241,0.0006426513769029319,1.1870072603365316e-06,9.05515698689383e-16
1278.6699999999921,1569.2018340265377,704.5581494016099,0.0006428352493016648,1.1975008173165462e-06,9.21860296591321e-16
1278.679999999992,1569.2018340265377,704.5611854955738,0.0006430122642316288,1.2080836356977709e-06,9.384843837062608e-16
1278.689999999992,1569.2018340265377,704.564221568216,0.0006431824212330013,1.2187564427101305e-06,9.553924528123657e-16
1278.699999999992,1569.2018340265377,704.5672576195368,0.0006433457200398046,1.2295199712253167e-06,9.72589063823293e-16
1278.709999999992,1569.2018340265377,704.5702936495363,0.0006435021605810036,1.2403749597964783e-06,9.900788447038842e-16
1278.719999999992,1569.2018340265377,704.5733296582148,0.0006436517429754386,1.25132215270107e-06,1.0078664923919939e-15
1278.729999999992,1569.2018340265377,704.5763656455724,0.0006437944675369317,1.262362299982317e-06,1.0259567737443247e-15
1278.739999999992,1569.2018340265377,704.5794016116096,0.0006439303347717625,1.2734961574918133e-06,1.0443545264834278e-15
1278.749999999992,1569.2018340265377,704.5824375563265,0.0006440593453785074,1.2847244869311872e-06,1.0630646601576546e-15
1278.759999999992,1569.2018340265377,704.5854734797231,0.0006441815002500835,1.2960480558943786e-06,1.0820921571168321e-15
1278.769999999992,1569.2018340265377,704.5885093817998,0.0006442968004716907,1.3074676379128207e-06,1.101442073497333e-15
1278.779999999992,1569.2018340265377,704.5915452625568,0.0006444052473201631,1.3189840124971059e-06,1.1211195402147643e-15
1278.789999999992,1569.2018340265377,704.5945811219946,0.0006445068422649905,1.3305979651818935e-06,1.1411297639763308e-15
1278.799999999992,1569.2018340265377,704.5976169601129,0.000644601586971797,1.3423102875663705e-06,1.1614780283017638e-15
1278.809999999992,1569.2018340265377,704.6006527769123,0.0006446894832934127,1.354121777364152e-06,1.182169694549977e-15
1278.819999999992,1569.2018340265377,704.603688572393,0.0006447705332789236,1.3660332384434478e-06,1.203210202972715e-15
1278.829999999992,1569.2018340265377,704.6067243465551,0.000644844739167596,1.3780454808723097e-06,1.2246050737617228e-15
1278.839999999992,1569.2018340265377,704.6097600993988,0.0006449121033932985,1.3901593209660217e-06,1.2463599081308972e-15
1278.849999999992,1569.2018340265377,704.6127958309244,0.0006449726285792982,1.4023755813302706e-06,1.2684803893850817e-15
1278.859999999992,1569.2018340265377,704.6158315411323,0.0006450263175423301,1.4146950909096782e-06,1.2909722840281641e-15
1278.869999999992,1569.2018340265377,704.6188672300225,0.0006450731732907962,1.427118685029728e-06,1.3138414428605096e-15
1278.879999999992,1569.2018340265377,704.6219028975951,0.0006451131990251643,1.439647205445402e-06,1.337093802105111e-15
1278.889999999992,1569.2018340265377,704.6249385438505,0.0006451463981360501,1.4522815003897616e-06,1.3607353845416463e-15
1278.899999999992,1569.2018340265377,704.6279741687891,0.0006451727742073684,1.4650224246191487e-06,1.3847723006574917e-15
1278.909999999992,1569.2018340265377,704.631009772411,0.000645192331012575,1.477870839458073e-06,1.4092107497964107e-15
1278.919999999992,1569.2018340265377,704.6340453547161,0.0006452050725179267,1.4908276128506434e-06,1.4340570213472859e-15
1278.9299999999919,1569.2018340265377,704.6370809157049,0.0006452110028795559,1.5038936194071674e-06,1.4593174959236905e-15
1278.9399999999919,1569.2018340265377,704.6401164553779,0.00064521012644424,1.5170697404538927e-06,1.4849986465704975e-15
1278.9499999999919,1569.2018340265377,704.6431519737349,0.000645202447749977,1.5303568640772081e-06,1.511107039972748e-15
1278.9599999999919,1569.2018340265377,704.6461874707762,0.0006451879715245228,1.5437558851769987e-06,1.5376493376910327e-15
1278.9699999999918,1569.2018340265377,704.6492229465022,0.0006451667026871011,1.5572677055149598e-06,1.564632297408111e-15
1278.9799999999918,1569.2018340265377,704.652258400913,0.0006451386463449913,1.5708932337632211e-06,1.592062774177558e-15
1278.9899999999918,1569.2018340265377,704.6552938340088,0.0006451038077967413,1.5846333855547696e-06,1.6199477217055826e-15
1278.9999999999918,1569.2018340265377,704.6583292457899,0.0006450621925301374,1.5984890835332173e-06,1.6482941936329394e-15
1279.0099999999918,1569.2018340265377,704.6613646362564,0.0006450138062218019,1.6124612574044413e-06,1.677109344838477e-15
1279.0199999999918,1569.2018340265377,704.6644000054088,0.0006449586547381447,1.6265508439881064e-06,1.7064004327602425e-15
1279.0299999999918,1569.2018340265377,704.667435353247,0.0006448967441341132,1.64075878726579e-06,1.7361748187181423e-15
1279.0399999999918,1569.2018340265377,704.6704706797714,0.0006448280806533408,1.6550860384357809e-06,1.7664399692684794e-15
1279.0499999999918,1569.2018340265377,704.6735059849822,0.0006447526707277667,1.6695335559645748e-06,1.7972034575649085e-15
1279.0599999999918,1569.2018340265377,704.6765412688795,0.0006446705209777473,1.6841023056375834e-06,1.8284729647336638e-15
1279.0699999999918,1569.2018340265377,704.6795765314639,0.0006445816382114963,1.6987932606145534e-06,1.8602562812719134e-15
1279.0799999999917,1569.2018340265377,704.6826117727352,0.0006444860294244745,1.7136074014782266e-06,1.892561308446196e-15
1279.0899999999917,1569.2018340265377,704.6856469926937,0.0006443837017991464,1.7285457162926781e-06,1.9253960597279952e-15
1279.0999999999917,1569.2018340265377,704.6886821913398,0.000644274662706084,1.7436092006548817e-06,1.9587686622339696e-15
1279.1099999999917,1569.2018340265377,704.6917173686737,0.0006441589197022149,1.7587988577482939e-06,1.992687358177462e-15
1279.1199999999917,1569.2018340265377,704.6947525246954,0.0006440364805297544,1.7741156983966976e-06,2.0271605063377163e-15
1279.1299999999917,1569.2018340265377,704.6977876594054,0.0006439073531190249,1.7895607411225155e-06,2.0621965835671258e-15
1279.1399999999917,1569.2018340265377,704.7008227728038,0.0006437715455849347,1.8051350121979817e-06,2.0978041862784212e-15
1279.1499999999917,1569.2018340265377,704.703857864891,0.000643629066227748,1.8208395457042355e-06,2.1339920319789994e-15
1279.1599999999917,1569.2018340265377,704.7068929356667,0.0006434799235324354,1.8366753835813396e-06,2.1707689607958243e-15
1279.1699999999917,1569.2018340265377,704.7099279851317,0.0006433241261720297,1.8526435756946736e-06,2.20814393706845e-15
1279.1799999999917,1569.2018340265377,704.7129630132861,0.000643161683001206,1.868745179882172e-06,2.246126050880696e-15
1279.1899999999916,1569.2018340265377,704.7159980201299,0.0006429926030570685,1.8849812620143082e-06,2.28472451966197e-15
1279.1999999999916,1569.2018340265377,704.7190330056634,0.0006428168955647011,1.9013528960540137e-06,2.323948689822964e-15
1279.2099999999916,1569.2018340265377,704.7220679698869,0.0006426345699302566,1.9178611641120426e-06,2.363808038353532e-15
1279.2199999999916,1569.2018340265377,704.7251029128007,0.0006424456357440178,1.9345071565064922e-06,2.4043121744823406e-15
1279.2299999999916,1569.2018340265377,704.728137834405,0.000642250102778334,1.9512919718195015e-06,2.4454708413284123e-15
1279.2399999999916,1569.2018340265377,704.7311727346997,0.0006420479809874055,1.9682167169574705e-06,2.487293917584996e-15
1279.2499999999916,1569.2018340265377,704.7342076136854,0.000641839280508331,1.9852825072117426e-06,2.5297914192271157e-15
1279.2599999999916,1569.2018340265377,704.7372424713623,0.0006416240116596621,2.0024904663171662e-06,2.5729735012218768e-15
1279.2699999999916,1569.2018340265377,704.7402773077305,0.0006414021849417896,2.0198417265109176e-06,2.6168504592639394e-15
1279.2799999999916,1569.2018340265377,704.7433121227901,0.0006411738110317466,2.0373374285943908e-06,2.661432731513737e-15
1279.2899999999916,1569.2018340265377,704.7463469165415,0.0006409389007940255,2.0549787219948068e-06,2.7067309004185987e-15
1279.2999999999915,1569.2018340265377,704.7493816889851,0.0006406974652673298,2.0727667648279836e-06,2.7527556944565393e-15
1279.3099999999915,1569.2018340265377,704.7524164401208,0.000640449515672056,2.0907027239541165e-06,2.799517989964721e-15
1279.3199999999915,1569.2018340265377,704.7554511699489,0.0006401950634070645,2.108787775045958e-06,2.8470288129748133e-15
1279.3299999999915,1569.2018340265377,704.7584858784696,0.0006399341200504045,2.127023102650102e-06,2.8952993410654916e-15
1279.3399999999915,1569.2018340265377,704.7615205656834,0.0006396666973581008,2.145409900249348e-06,2.9443409052280083e-15
1279.3499999999915,1569.2018340265377,704.7645552315903,0.0006393928072650131,2.1639493703240785e-06,2.9941649917570717e-15
1279.3599999999915,1569.2018340265377,704.7675898761905,0.000639112461880641,2.1826427244202173e-06,3.044783244155337e-15
1279.3699999999915,1569.2018340265377,704.7706244994841,0.0006388256734918533,2.2014911832093212e-06,3.0962074650671553e-15
1279.3799999999915,1569.2018340265377,704.7736591014718,0.0006385324545663631,2.220495976559681e-06,3.1484496182674676e-15
1279.3899999999915,1569.2018340265377,704.7766936821535,0.0006382328177416499,2.2396583435921816e-06,3.201521830556464e-15
1279.3999999999915,1569.2018340265377,704.7797282415291,0.0006379267758340559,2.258979532752259e-06,3.2554363938164477e-15
1279.4099999999914,1569.2018340265377,704.7827627795995,0.000637614341833356,2.2784608018773426e-06,3.310205767005735e-15
1279.4199999999914,1569.2018340265377,704.7857972963644,0.0006372955289054542,2.2981034182567878e-06,3.3658425781909942e-15
1279.4299999999914,1569.2018340265377,704.7888317918245,0.0006369703503888324,2.317908658705274e-06,3.4223596266066165e-15
1279.4399999999914,1569.2018340265377,704.7918662659795,0.0006366388197957345,2.3378778096234492e-06,3.4797698847215015e-15
1279.4499999999914,1569.2018340265377,704.7949007188298,0.0006363009508103055,2.3580121670723103e-06,3.5380865003504508e-15
1279.4599999999914,1569.2018340265377,704.7979351503759,0.0006359567572912858,2.3783130368392746e-06,3.597322798786936e-15
1279.4699999999914,1569.2018340265377,704.8009695606177,0.0006356062532673887,2.398781734502129e-06,3.657492284909524e-15
1279.4799999999914,1569.2018340265377,704.8040039495555,0.0006352494529381506,2.419419585505786e-06,3.7186086453774906e-15
1279.4899999999914,1569.2018340265377,704.8070383171896,0.0006348863706754854,2.440227925225641e-06,3.780685750812057e-15
1279.4999999999914,1569.2018340265377,704.8100726635203,0.0006345170210216196,2.461208099041441e-06,3.843737658010065e-15
1279.5099999999914,1569.2018340265377,704.8131069885477,0.0006341414186888658,2.482361462405415e-06,3.907778612171943e-15
1279.5199999999913,1569.2018340265377,704.8161412922718,0.0006337595785537157,2.503689380911475e-06,3.9728230491188234e-15
1279.5299999999913,1569.2018340265377,704.8191755746932,0.00063337151566911,2.5251932303738183e-06,4.038885597673597e-15
1279.5399999999913,1569.2018340265377,704.8222098358121,0.0006329772452505778,2.5468743968923505e-06,4.105981081861276e-15
1279.5499999999913,1569.2018340265377,704.8252440756286,0.0006325767826813158,2.568734276923383e-06,4.174124523263776e-15
1279.5599999999913,1569.2018340265377,704.8282782941428,0.0006321701435131644,2.5907742773587638e-06,4.2433311434004426e-15
1279.5699999999913,1569.2018340265377,704.831312491355,0.000631757343464003,2.61299581559434e-06,4.3136163660733225e-15
1279.5799999999913,1569.2018340265377,704.8343466672657,0.0006313383984146739,2.6354003196085874e-06,4.3849958197633875e-15
1279.5899999999913,1569.2018340265377,704.8373808218748,0.0006309133244172737,2.657989228029344e-06,4.457485340088876e-15
1279.5999999999913,1569.2018340265377,704.8404149551826,0.0006304821376786705,2.680763990213428e-06,4.5311009721571966e-15
1279.6099999999913,1569.2018340265377,704.8434490671893,0.0006300448545791189,2.7037260663227153e-06,4.605858973173606e-15
1279.6199999999913,1569.2018340265377,704.8464831578954,0.000629601491656355,2.7268769273980813e-06,4.681775814823396e-15
1279.6299999999912,1569.2018340265377,704.8495172273008,0.0006291520656124658,2.7502180554338248e-06,4.758868185839714e-15
1279.6399999999912,1569.2018340265377,704.8525512754057,0.0006286965933123119,2.7737509434559892e-06,4.8371529945489155e-15
1279.6499999999912,1569.2018340265377,704.8555853022106,0.0006282350917792317,2.7974770956012506e-06,4.916647371419937e-15
1279.6599999999912,1569.2018340265377,704.8586193077156,0.0006277675782007049,2.8213980271928486e-06,4.9973686717037696e-15
1279.6699999999912,1569.2018340265377,704.8616532919209,0.0006272940699207511,2.8455152648169154e-06,5.079334477995812e-15
1279.6799999999912,1569.2018340265377,704.8646872548265,0.0006268145844455203,2.869830346401915e-06,5.162562602936334e-15
1279.6899999999912,1569.2018340265377,704.867721196433,0.0006263291394383023,2.8943448213023783e-06,5.247071091867659e-15
1279.6999999999912,1569.2018340265377,704.8707551167405,0.0006258377527216874,2.9190602503740567e-06,5.3328782255426285e-15
1279.7099999999912,1569.2018340265377,704.8737890157493,0.0006253404422764049,2.943978206053157e-06,5.420002522845824e-15
1279.7199999999912,1569.2018340265377,704.8768228934593,0.0006248372262335242,2.969100272438799e-06,5.5084627434926105e-15
1279.7299999999912,1569.2018340265377,704.879856749871,0.0006243281228872165,2.9944280453751594e-06,5.5982778909304665e-15
1279.7399999999911,1569.2018340265377,704.8828905849847,0.0006238131506856104,3.0199631325342614e-06,5.6894672150805485e-15
1279.7499999999911,1569.2018340265377,704.8859243988005,0.0006232923282319287,3.045707153493434e-06,5.782050215172512e-15
1279.7599999999911,1569.2018340265377,704.8889581913185,0.0006227656742753779,3.0716617398199435e-06,5.8760466425366354e-15
1279.7699999999911,1569.2018340265377,704.891991962539,0.0006222332077302549,3.097828535159178e-06,5.971476503698531e-15
1279.779999999991,1569.2018340265377,704.8950257124624,0.000621694947657842,3.124209195312727e-06,6.068360063117523e-15
1279.789999999991,1569.2018340265377,704.8980594410889,0.0006211509132675673,3.150805388325708e-06,6.166717846160809e-15
1279.799999999991,1569.2018340265377,704.9010931484183,0.0006206011239251245,3.1776187945656398e-06,6.266570642143233e-15
1279.809999999991,1569.2018340265377,704.9041268344513,0.0006200455991443342,3.2046511068200137e-06,6.367939507308933e-15
1279.819999999991,1569.2018340265377,704.9071604991881,0.0006194843585923241,3.23190403037326e-06,6.4708457678910646e-15
1279.829999999991,1569.2018340265377,704.9101941426287,0.0006189174220766881,3.2593792830923376e-06,6.5753110230465064e-15
1279.839999999991,1569.2018340265377,704.9132277647733,0.0006183448095593774,3.2870785955178164e-06,6.68135714811575e-15
1279.849999999991,1569.2018340265377,704.9162613656223,0.0006177665411505651,3.3150037109537804e-06,6.789006297701866e-15
1279.859999999991,1569.2018340265377,704.9192949451759,0.0006171826371031074,3.3431563855508726e-06,6.89828090875006e-15
1279.869999999991,1569.2018340265377,704.9223285034344,0.00061659311781733,3.3715383883971565e-06,7.0092037037985464e-15
1279.879999999991,1569.2018340265377,704.9253620403977,0.0006159980038415278,3.4001515016043294e-06,7.12179769419502e-15
1279.889999999991,1569.2018340265377,704.9283955560662,0.0006153973158616318,3.428997520407254e-06,7.236086183271175e-15
1279.899999999991,1569.2018340265377,704.9314290504404,0.0006147910747131739,3.458078253246012e-06,7.352092769728358e-15
1279.909999999991,1569.2018340265377,704.9344625235202,0.0006141793013708156,3.4873955218547554e-06,7.469841350821796e-15
1279.919999999991,1569.2018340265377,704.9374959753059,0.0006135620169528845,3.516951161362066e-06,7.589356125796682e-15
1279.929999999991,1569.2018340265377,704.9405294057975,0.000612939242716203,3.546747020376706e-06,7.710661599175874e-15
1279.939999999991,1569.2018340265377,704.9435628149957,0.0006123110000655782,3.576784961087167e-06,7.833782584318021e-15
1279.949999999991,1569.2018340265377,704.9465962029005,0.0006116773105330664,3.6070668593450413e-06,7.958744206554993e-15
1279.959999999991,1569.2018340265377,704.949629569512,0.0006110381957993968,3.6375946047657098e-06,8.085571906965841e-15
1279.969999999991,1569.2018340265377,704.9526629148306,0.0006103936776786821,3.668370100825413e-06,8.214291445700872e-15
1279.979999999991,1569.2018340265377,704.9556962388564,0.0006097437781271814,3.6993952649483706e-06,8.344928905601263e-15
1279.989999999991,1569.2018340265377,704.9587295415898,0.0006090885192295866,3.730672028613093e-06,8.477510695634766e-15
1279.999999999991,1569.2018340265377,704.9617628230308,0.0006084279232104319,3.762202337434849e-06,8.612063554592445e-15
1280.009999999991,1569.2018340265377,704.9647960831796,0.0006077620124291483,3.79398815127788e-06,8.748614554732182e-15
1280.019999999991,1569.2018340265377,704.9678293220368,0.0006070908093801441,3.826031444344984e-06,8.887191105418774e-15
1280.0299999999909,1569.2018340265377,704.9708625396023,0.0006064143366846735,3.8583342052745414e-06,9.027820956707506e-15
1280.0399999999909,1569.2018340265377,704.9738957358763,0.0006057326170993842,3.890898437241774e-06,9.170532203220186e-15
1280.0499999999909,1569.2018340265377,704.9769289108592,0.0006050456735162258,3.923726158060791e-06,9.31535328793806e-15
1280.0599999999909,1569.2018340265377,704.979962064551,0.0006043535289562546,3.956819400279838e-06,9.46231300590026e-15
1280.0699999999908,1569.2018340265377,704.9829951969524,0.0006036562065618382,3.990180211289561e-06,9.611440507962228e-15
1280.0799999999908,1569.2018340265377,704.986028308063,0.0006029537296129549,4.023810653410753e-06,9.762765304867111e-15
1280.0899999999908,1569.2018340265377,704.9890613978833,0.0006022461215142114,4.057712804011385e-06,9.916317271035395e-15
1280.0999999999908,1569.2018340265377,704.9920944664138,0.0006015334058017646,4.091888755605659e-06,1.0072126648615422e-14
1280.1099999999908,1569.2018340265377,704.9951275136543,0.0006008156061240392,4.1263406159459175e-06,1.0230224051097444e-14
1280.1199999999908,1569.2018340265377,704.9981605396052,0.0006000927462681377,4.161070508143255e-06,1.0390640467861342e-14
1280.1299999999908,1569.2018340265377,705.0011935442667,0.0005993648501406369,4.196080570760622e-06,1.0553407267866655e-14
1280.1399999999908,1569.2018340265377,705.0042265276392,0.0005986319417737248,4.231372957926015e-06,1.0718556203897454e-14
1280.1499999999908,1569.2018340265377,705.0072594897226,0.0005978940453163029,4.26694983942925e-06,1.088611941649754e-14
1280.1599999999908,1569.2018340265377,705.0102924305173,0.0005971511850409825,4.302813400836503e-06,1.1056129438308722e-14
1280.1699999999908,1569.2018340265377,705.0133253500235,0.0005964033853465868,4.338965843595036e-06,1.122861919832396e-14
1280.1799999999907,1569.2018340265377,705.0163582482415,0.0005956506707490226,4.375409385143924e-06,1.1403622025989725e-14
1280.1899999999907,1569.2018340265377,705.0193911251715,0.0005948930658766301,4.412146259014637e-06,1.1581171655362143e-14
1280.1999999999907,1569.2018340265377,705.0224239808136,0.0005941305954815634,4.449178714948395e-06,1.1761302229694784e-14
1280.2099999999907,1569.2018340265377,705.0254568151681,0.0005933632844317334,4.486509019003658e-06,1.1944048305643703e-14
1280.2199999999907,1569.2018340265377,705.0284896282353,0.0005925911577100812,4.524139453668192e-06,1.2129444857667973e-14
1280.2299999999907,1569.2018340265377,705.0315224200154,0.0005918142404165669,4.562072317967756e-06,1.2317527282504813e-14
1280.2399999999907,1569.2018340265377,705.0345551905084,0.0005910325577649329,4.6003099275752615e-06,1.2508331403578096e-14
1280.2499999999907,1569.2018340265377,705.0375879397147,0.0005902461350763535,4.638854614936434e-06,1.2701893475460963e-14
1280.2599999999907,1569.2018340265377,705.0406206676348,0.0005894549977958124,4.67770872937212e-06,1.2898250188734647e-14
1280.2699999999907,1569.2018340265377,705.0436533742685,0.0005886591714688302,4.716874637189308e-06,1.309743867408539e-14
1280.2799999999907,1569.2018340265377,705.0466860596161,0.0005878586817557539,4.7563547218078165e-06,1.3299496507325867e-14
1280.2899999999906,1569.2018340265377,705.049718723678,0.0005870535544224058,4.796151383868705e-06,1.3504461713843697e-14
1280.2999999999906,1569.2018340265377,705.0527513664543,0.0005862438153532693,4.836267041353535e-06,1.3712372773655385e-14
1280.3099999999906,1569.2018340265377,705.0557839879453,0.0005854294905273037,4.876704129697109e-06,1.3923268625605629e-14
1280.3199999999906,1569.2018340265377,705.0588165881511,0.0005846106060396894,4.917465101908089e-06,1.4137188672705051e-14
1280.3299999999906,1569.2018340265377,705.061849167072,0.0005837871880808177,4.958552428690803e-06,1.4354172786516543e-14
1280.3399999999906,1569.2018340265377,705.0648817247082,0.000582959262961722,4.999968598561482e-06,1.4574261312660928e-14
1280.3499999999906,1569.2018340265377,705.0679142610601,0.0005821268570813037,5.041716117965086e-06,1.4797495074950104e-14
1280.3599999999906,1569.2018340265377,705.0709467761277,0.0005812899969462827,5.083797511400896e-06,1.502391538089343e-14
1280.3699999999906,1569.2018340265377,705.0739792699111,0.0005804487091658082,5.1262153215391595e-06,1.5253564026578346e-14
1280.3799999999906,1569.2018340265377,705.077011742411,0.0005796030204572523,5.168972109356159e-06,1.548648330198765e-14
1280.3899999999906,1569.2018340265377,705.0800441936273,0.0005787529576162406,5.212070454238272e-06,1.5722715995219653e-14
1280.3999999999905,1569.2018340265377,705.08307662356,0.0005778985475577589,5.2555129541150424e-06,1.596230539880511e-14
1280.4099999999905,1569.2018340265377,705.0861090322098,0.0005770398172862676,5.299302225592078e-06,1.6205295314186804e-14
1280.4199999999905,1569.2018340265377,705.0891414195768,0.0005761767939074136,5.343440904061801e-06,1.64517300572143e-14
1280.4299999999905,1569.2018340265377,705.0921737856611,0.0005753095046113895,5.387931643837555e-06,1.6701654463033577e-14
1280.4399999999905,1569.2018340265377,705.0952061304629,0.0005744379766891494,5.4327771182772755e-06,1.695511389187983e-14
1280.4499999999905,1569.2018340265377,705.0982384539823,0.0005735622375298957,5.4779800199127385e-06,1.7212154234434025e-14
1280.4599999999905,1569.2018340265377,705.1012707562201,0.0005726823146140489,5.52354306058835e-06,1.747282191714077e-14
1280.4699999999905,1569.2018340265377,705.1043030371759,0.0005717982355052443,5.569468971563084e-06,1.7737163907288622e-14
1280.4799999999905,1569.2018340265377,705.1073352968501,0.0005709100278680052,5.615760503667811e-06,1.8005227719269305e-14
1280.4899999999905,1569.2018340265377,705.1103675352431,0.0005700177194427867,5.6624204274259e-06,1.8277061419341163e-14
1280.4999999999905,1569.2018340265377,705.113399752355,0.0005691213380760178,5.709451533183124e-06,1.8552713632211262e-14
1280.5099999999904,1569.2018340265377,705.1164319481861,0.0005682209116878983,5.756856631241935e-06,1.8832233545726104e-14
1280.5199999999904,1569.2018340265377,705.1194641227363,0.0005673164682933266,5.804638551989166e-06,1.9115670917252932e-14
1280.5299999999904,1569.2018340265377,705.1224962760062,0.0005664080359809485,5.852800146048143e-06,1.9403076078903433e-14
1280.5399999999904,1569.2018340265377,705.1255284079961,0.000565495642938191,5.901344284392096e-06,1.969449994408323e-14
1280.5499999999904,1569.2018340265377,705.1285605187059,0.0005645793174254126,5.950273858488772e-06,1.9989994012578062e-14
1280.5599999999904,1569.2018340265377,705.1315926081359,0.0005636590877878689,5.999591780438823e-06,2.028961037692127e-14
1280.5699999999904,1569.2018340265377,705.1346246762864,0.000562734982452448,6.0493009831133064e-06,2.0593401728289698e-14
1280.5799999999904,1569.2018340265377,705.1376567231576,0.0005618070299306818,6.099404420286306e-06,2.0901421362638173e-14
1280.5899999999904,1569.2018340265377,705.1406887487499,0.0005608752588039737,6.14990506678145e-06,2.1213723186317685e-14
1280.5999999999904,1569.2018340265377,705.143720753063,0.0005599396977355846,6.200805918600526e-06,2.153036172259609e-14
1280.6099999999904,1569.2018340265377,705.1467527360976,0.0005590003754670849,6.252109993083277e-06,2.1851392117882566e-14
1280.6199999999903,1569.2018340265377,705.149784697854,0.0005580573208144374,6.303820329033794e-06,2.2176870147746303e-14
1280.6299999999903,1569.2018340265377,705.1528166383321,0.0005571105626707151,6.355939986859148e-06,2.250685222332296e-14
1280.6399999999903,1569.2018340265377,705.1558485575322,0.0005561601299965633,6.408472048728097e-06,2.284139539742346e-14
1280.6499999999903,1569.2018340265377,705.1588804554544,0.0005552060518317378,6.461419618703688e-06,2.3180557371354456e-14
1280.6599999999903,1569.2018340265377,705.1619123320994,0.0005542483572884241,6.514785822900436e-06,2.3524396501240737e-14
1280.6699999999903,1569.2018340265377,705.1649441874671,0.0005532870755398645,6.568573809612155e-06,2.387297180396242e-14
1280.6799999999903,1569.2018340265377,705.1679760215575,0.0005523222358375845,6.622786749468801e-06,2.4226342964560238e-14
1280.6899999999903,1569.2018340265377,705.1710078343712,0.0005513538674879125,6.67742783559457e-06,2.4584570341966544e-14
1280.6999999999903,1569.2018340265377,705.1740396259082,0.0005503819998927003,6.7325002837381754e-06,2.494771497739689e-14
1280.7099999999903,1569.2018340265377,705.177071396169,0.0005494066624924697,6.788007332434665e-06,2.531583859871294e-14
1280.7199999999903,1569.2018340265377,705.1801031451536,0.0005484278848005319,6.84395224314562e-06,2.568900362869002e-14
1280.7299999999902,1569.2018340265377,705.1831348728621,0.0005474456963958408,6.900338300420821e-06,2.6067273191690257e-14
1280.7399999999902,1569.2018340265377,705.186166579295,0.0005464601269248398,6.957168812050629e-06,2.645071112072928e-14
1280.7499999999902,1569.2018340265377,705.1891982644524,0.0005454712060901572,7.014447109208837e-06,2.6839381963890936e-14
1280.7599999999902,1569.2018340265377,705.1922299283344,0.0005444789636541543,7.0721765466106075e-06,2.723335099160323e-14
1280.7699999999902,1569.2018340265377,705.1952615709415,0.000543483429433997,7.130360502680868e-06,2.7632684203641925e-14
1280.7799999999902,1569.2018340265377,705.1982931922737,0.0005424846333210157,7.189002379688452e-06,2.8037448337161778e-14
1280.7899999999902,1569.2018340265377,705.2013247923314,0.0005414826052519637,7.24810560392276e-06,2.8447710872687427e-14
1280.7999999999902,1569.2018340265377,705.2043563711147,0.0005404773752195941,7.307673625834059e-06,2.8863540041838087e-14
1280.8099999999902,1569.2018340265377,705.2073879286238,0.0005394689732743004,7.367709920205493e-06,2.928500483493001e-14
1280.8199999999902,1569.2018340265377,705.210419464859,0.000538457429529023,7.428217986310792e-06,2.971217500872054e-14
1280.8299999999902,1569.2018340265377,705.2134509798205,0.000537442774136268,7.489201348070515e-06,3.0145121092666706e-14
1280.8399999999901,1569.2018340265377,705.2164824735086,0.0005364250372968758,7.5506635542136676e-06,3.0583914396974974e-14
1280.8499999999901,1569.2018340265377,705.2195139459233,0.0005354042492838333,7.612608178445014e-06,3.102862702168099e-14
1280.8599999999901,1569.2018340265377,705.222545397065,0.0005343804404031348,7.675038819608842e-06,3.1479331862194516e-14
1280.8699999999901,1569.2018340265377,705.2255768269341,0.0005333536410115922,7.737959101851228e-06,3.1936102618085976e-14
1280.87999999999,1569.2018340265377,705.2286082355304,0.0005323238815110289,7.801372674773842e-06,3.239901380053338e-14
1280.88999999999,1569.2018340265377,705.2316396228543,0.0005312911923566491,7.865283213628983e-06,3.286814074102059e-14
1280.89999999999,1569.2018340265377,705.2346709889063,0.000530255604051216,7.929694419463495e-06,3.3343559598841784e-14
1280.90999999999,1569.2018340265377,705.2377023336862,0.0005292171471297949,7.994610019292116e-06,3.3825347368279503e-14
1280.91999999999,1569.2018340265377,705.2407336571945,0.0005281758521770197,8.060033766271818e-06,3.431358188788038e-14
1280.92999999999,1569.2018340265377,705.2437649594311,0.0005271317498158856,8.125969439867742e-06,3.480834184795894e-14
1280.93999999999,1569.2018340265377,705.2467962403969,0.0005260848707255974,8.19242084603954e-06,3.530970680022658e-14
1280.94999999999,1569.2018340265377,705.2498275000914,0.0005250352455979701,8.25939181738205e-06,3.581775716302706e-14
1280.95999999999,1569.2018340265377,705.2528587385151,0.0005239829051808053,8.32688621332844e-06,3.633257423292271e-14
1280.96999999999,1569.2018340265377,705.2558899556683,0.000522927880260171,8.394907920320404e-06,3.685424019205812e-14
1280.97999999999,1569.2018340265377,705.2589211515512,0.0005218702016529169,8.46346085197374e-06,3.738283811617175e-14
1280.98999999999,1569.2018340265377,705.261952326164,0.0005208099002091608,8.532548949254992e-06,3.791845198345268e-14
1280.99999999999,1569.2018340265377,705.2649834795068,0.0005197470068178885,8.602176180672293e-06,3.8461166683847753e-14
1281.00999999999,1569.2018340265377,705.2680146115799,0.0005186815523975187,8.67234654244386e-06,3.90110680271595e-14
1281.01999999999,1569.2018340265377,705.2710457223837,0.0005176135679069505,8.743064058683414e-06,3.9568242752870215e-14
1281.02999999999,1569.2018340265377,705.2740768119183,0.0005165430843222498,8.814332781573196e-06,4.0132778537346906e-14
1281.03999999999,1569.2018340265377,705.2771078801837,0.0005154701326587893,8.886156791548592e-06,4.070476400464531e-14
1281.04999999999,1569.2018340265377,705.2801389271805,0.000514394743946132,8.95854019749757e-06,4.128428873390747e-14
1281.05999999999,1569.2018340265377,705.2831699529086,0.0005133169492666006,9.031487136918103e-06,4.187144327145868e-14
1281.06999999999,1569.2018340265377,705.2862009573686,0.000512236779706158,9.105001776130651e-06,4.246631913652695e-14
1281.07999999999,1569.2018340265377,705.2892319405603,0.0005111542663814371,9.179088310431726e-06,4.306900883252901e-14
1281.08999999999,1569.2018340265377,705.292262902484,0.000510069440437221,9.253750964314382e-06,4.367960585674856e-14
1281.09999999999,1569.2018340265377,705.2952938431404,0.0005089823330436784,9.328993991649031e-06,4.4298204709695374e-14
1281.10999999999,1569.2018340265377,705.2983247625291,0.0005078929753832409,9.404821675847705e-06,4.492490090345347e-14
1281.11999999999,1569.2018340265377,705.3013556606506,0.0005068013986578552,9.481238330091612e-06,4.5559790972437437e-14
1281.1299999999899,1569.2018340265377,705.3043865375053,0.0005057076341026704,9.558248297500706e-06,4.620297248433942e-14
1281.1399999999899,1569.2018340265377,705.307417393093,0.0005046117129588638,9.63585595132937e-06,4.6854544047742335e-14
1281.1499999999899,1569.2018340265377,705.3104482274144,0.0005035136664913477,9.71406569517264e-06,4.751460532392322e-14
1281.1599999999899,1569.2018340265377,705.3134790404694,0.0005024135259696325,9.792881963137966e-06,4.818325703504125e-14
1281.1699999999898,1569.2018340265377,705.3165098322582,0.0005013113226973708,9.87230922007145e-06,4.8860600977520265e-14
1281.1799999999898,1569.2018340265377,705.3195406027813,0.000500207087974769,9.952351961734724e-06,4.954674002867392e-14
1281.1899999999898,1569.2018340265377,705.3225713520387,0.000499100853127309,1.0033014715006974e-05,5.024177815999249e-14
1281.1999999999898,1569.2018340265377,705.3256020800306,0.00049799264947618,1.0114302038090695e-05,5.094582044487998e-14
1281.2099999999898,1569.2018340265377,705.3286327867573,0.0004968825083670414,1.0196218520710299e-05,5.165897307219579e-14
1281.2199999999898,1569.2018340265377,705.3316634722192,0.0004957704611584077,1.0278768784320447e-05,5.238134335601594e-14
1281.2299999999898,1569.2018340265377,705.3346941364164,0.0004946565392013522,1.036195748229123e-05,5.3113039744216353e-14
1281.2399999999898,1569.2018340265377,705.3377247793487,0.0004935407738550152,1.0445789300125148e-05,5.3854171831178275e-14
1281.2499999999898,1569.2018340265377,705.340755401017,0.0004924231965021252,1.0530268955682032e-05,5.4604850370846944e-14
1281.2599999999898,1569.2018340265377,705.3437860014212,0.0004913038385178761,1.0615401199351738e-05,5.536518728427172e-14
1281.2699999999897,1569.2018340265377,705.3468165805616,0.0004901827312810478,1.0701190814278181e-05,5.613529567228551e-14
1281.2799999999897,1569.2018340265377,705.3498471384382,0.0004890599061729468,1.0787642616568824e-05,5.691528982684868e-14
1281.2899999999897,1569.2018340265377,705.3528776750513,0.0004879353945709398,1.087476145550882e-05,5.77052852419033e-14
1281.2999999999897,1569.2018340265377,705.3559081904016,0.0004868092278780002,1.0962552213782957e-05,5.850539862867975e-14
1281.3099999999897,1569.2018340265377,705.3589386844889,0.0004856814374672727,1.1051019807653129e-05,5.931574792060937e-14
1281.3199999999897,1569.2018340265377,705.3619691573131,0.00048455205471819945,1.1140169187195105e-05,6.01364522896989e-14
1281.3299999999897,1569.2018340265377,705.364999608875,0.0004834211110122432,1.1230005336541563e-05,6.096763215842663e-14
1281.3399999999897,1569.2018340265377,705.3680300391748,0.00048228863772826423,1.1320533274052284e-05,6.180940921088182e-14
1281.3499999999897,1569.2018340265377,705.3710604482122,0.00048115466623895384,1.1411758052545535e-05,6.266190640476348e-14
1281.3599999999897,1569.2018340265377,705.374090835988,0.00048001922789582714,1.1503684759544906e-05,6.352524798212126e-14
1281.3699999999897,1569.2018340265377,705.3771212025019,0.0004788823540657332,1.1596318517459053e-05,6.439955948622252e-14
1281.3799999999896,1569.2018340265377,705.3801515477547,0.0004777440760934764,1.1689664483848654e-05,6.528496776987818e-14
1281.3899999999896,1569.2018340265377,705.3831818717464,0.00047660442531909434,1.1783727851604827e-05,6.618160101002718e-14
1281.3999999999896,1569.2018340265377,705.3862121744769,0.00047546343306737734,1.1878513849194234e-05,6.708958871949842e-14
1281.4099999999896,1569.2018340265377,705.3892424559468,0.0004743211306567524,1.1974027740902882e-05,6.800906176153556e-14
1281.4199999999896,1569.2018340265377,705.3922727161562,0.00047317754939182655,1.2070274827028158e-05,6.89401523616139e-14
1281.4299999999896,1569.2018340265377,705.3953029551054,0.00047203272056569386,1.2167260444139363e-05,6.988299412151242e-14
1281.4399999999896,1569.2018340265377,705.3983331727944,0.0004708866754400235,1.226498996527495e-05,7.083772202949745e-14
1281.4499999999896,1569.2018340265377,705.4013633692236,0.00046973944528211386,1.2363468800210227e-05,7.180447247987478e-14
1281.4599999999896,1569.2018340265377,705.4043935443934,0.00046859106133349446,1.2462702395668098e-05,7.278338328194141e-14
1281.4699999999896,1569.2018340265377,705.4074236983037,0.0004674415548181754,1.2562696235541607e-05,7.37745936750136e-14
1281.4799999999896,1569.2018340265377,705.4104538309548,0.00046629095693710823,1.266345584116257e-05,7.477824434205376e-14
1281.4899999999895,1569.2018340265377,705.4134839423469,0.00046513929887235416,1.2764986771508267e-05,7.579447742422358e-14
1281.4999999999895,1569.2018340265377,705.4165140324804,0.00046398661179040387,1.2867294623458248e-05,7.682343653610106e-14
1281.5099999999895,1569.2018340265377,705.4195441013555,0.00046283292682929646,1.2970385032022285e-05,7.786526677804367e-14
1281.5199999999895,1569.2018340265377,705.4225741489723,0.00046167827510061046,1.3074263670580702e-05,7.89201147511932e-14
1281.5299999999895,1569.2018340265377,705.4256041753309,0.00046052268769911255,1.3178936251130346e-05,7.998812857406947e-14
1281.5399999999895,1569.2018340265377,705.4286341804319,0.00045936619568869843,1.3284408524543797e-05,8.106945789546825e-14
1281.5499999999895,1569.2018340265377,705.4316641642753,0.00045820883011038575,1.33906862807787e-05,8.216425391064047e-14
1281.5599999999895,1569.2018340265377,705.4346941268612,0.000457050621972088,1.3497775349151502e-05,8.327266937523739e-14
1281.5699999999895,1569.2018340265377,705.43772406819,0.00045589160225959884,1.3605681598577171e-05,8.439485862276732e-14
1281.5799999999895,1569.2018340265377,705.4407539882619,0.00045473180192196725,1.3714410937818223e-05,8.553097757771603e-14
1281.5899999999895,1569.2018340265377,705.4437838870773,0.0004535712518842014,1.3823969315743303e-05,8.668118377392862e-14
1281.5999999999894,1569.2018340265377,705.446813764636,0.0004524099830321998,1.3934362721546147e-05,8.784563636751215e-14
1281.6099999999894,1569.2018340265377,705.4498436209384,0.00045124802621916135,1.4045597185048327e-05,8.90244961549332e-14
1281.6199999999894,1569.2018340265377,705.452873455985,0.00045008541227208027,1.415767877692921e-05,9.02179255905284e-14
1281.6299999999894,1569.2018340265377,705.4559032697757,0.00044892217197650263,1.42706136089612e-05,9.142608879996182e-14
1281.6399999999894,1569.2018340265377,705.4589330623108,0.00044775833608234314,1.4384407834304986e-05,9.264915159870598e-14
1281.6499999999894,1569.2018340265377,705.4619628335905,0.0004465939353043031,1.4499067647743221e-05,9.388728150891394e-14
1281.6599999999894,1569.2018340265377,705.4649925836152,0.0004454290003160791,1.4614599285962785e-05,9.51406477757966e-14
1281.6699999999894,1569.2018340265377,705.4680223123851,0.00044426356175498213,1.4731009027795145e-05,9.640942138580642e-14
1281.6799999999894,1569.2018340265377,705.4710520199001,0.00044309765021785513,1.4848303194475007e-05,9.769377508343572e-14
1281.6899999999894,1569.2018340265377,705.4740817061606,0.0004419312962561699,1.4966488149940688e-05,9.89938833885078e-14
1281.6999999999894,1569.2018340265377,705.4771113711671,0.0004407645303890043,1.5085570301074376e-05,1.003099226168618e-13
1281.7099999999893,1569.2018340265377,705.4801410149195,0.0004395973830743112,1.5205556097960853e-05,1.0164207089212757e-13
1281.7199999999893,1569.2018340265377,705.4831706374181,0.0004384298847457647,1.532645203418392e-05,1.0299050817300182e-13
1281.7299999999893,1569.2018340265377,705.486200238663,0.0004372620657816954,1.544826464707026e-05,1.043554162646575e-13
1281.7399999999893,1569.2018340265377,705.4892298186547,0.00043609395651218145,1.5571000518003115e-05,1.0573697883987827e-13
1281.7499999999893,1569.2018340265377,705.4922593773935,0.00043492558723008337,1.569466627264165e-05,1.0713538146028439e-13
1281.7599999999893,1569.2018340265377,705.4952889148791,0.000433756988161879,1.581926858122342e-05,1.0855081158911032e-13
1281.7699999999893,1569.2018340265377,705.498318431112,0.00043258818950278377,1.5944814158855783e-05,1.099834586197399e-13
1281.7799999999893,1569.2018340265377,705.5013479260926,0.0004314192214005279,1.607130976578586e-05,1.1143351389176986e-13
1281.7899999999893,1569.2018340265377,705.5043773998211,0.0004302501139302439,1.6198762207661427e-05,1.1290117070447838e-13
1281.7999999999893,1569.2018340265377,705.5074068522974,0.00042908089712791826,1.6327178335822158e-05,1.1438662434595058e-13
1281.8099999999893,1569.2018340265377,705.5104362835219,0.0004279116009768161,1.6456565047602217e-05,1.1589007211072147e-13
1281.8199999999892,1569.2018340265377,705.5134656934952,0.0004267422554101671,1.658692928661097e-05,1.1741171332151728e-13
1281.8299999999892,1569.2018340265377,705.5164950822169,0.0004255728902970768,1.67182780429754e-05,1.1895174934610074e-13
1281.8399999999892,1569.2018340265377,705.5195244496875,0.0004244035354527898,1.6850618353687067e-05,1.205103836224088e-13
1281.8499999999892,1569.2018340265377,705.5225537959072,0.00042323422064420075,1.6983957302862134e-05,1.2208782168164203e-13
1281.8599999999892,1569.2018340265377,705.5255831208764,0.00042206497556847083,1.7118302022043484e-05,1.2368427116450461e-13
1281.8699999999892,1569.2018340265377,705.5286124245952,0.0004208958298699117,1.7253659690483242e-05,1.2529994184825674e-13
1281.8799999999892,1569.2018340265377,705.5316417070636,0.00041972681313534653,1.739003753543214e-05,1.2693504566811216e-13
1281.8899999999892,1569.2018340265377,705.534670968282,0.00041855795488388747,1.752744283245673e-05,1.2858979673749803e-13
1281.8999999999892,1569.2018340265377,705.5377002082508,0.00041738928458673574,1.766588290574736e-05,1.302644113775655e-13
1281.9099999999892,1569.2018340265377,705.54072942697,0.0004162208316307957,1.7805365128350884e-05,1.3195910812866408e-13
1281.9199999999892,1569.2018340265377,705.5437586244399,0.00041505262535618097,1.79458969225601e-05,1.336741077871535e-13
1281.9299999999891,1569.2018340265377,705.5467878006607,0.0004138846950444137,1.8087485760153992e-05,1.354096334253321e-13
1281.9399999999891,1569.2018340265377,705.5498169556327,0.0004127170698904231,1.8230139162728782e-05,1.3716591040729886e-13
1281.9499999999891,1569.2018340265377,705.552846089356,0.00041154977903918986,1.8373864701998954e-05,1.3894316642565247e-13
1281.9599999999891,1569.2018340265377,705.5558752018308,0.0004103828515670332,1.8518670000099778e-05,1.4074163152071368e-13
1281.969999999989,1569.2018340265377,705.5589042930575,0.00040921631647689,1.8664562729918903e-05,1.4256153810481817e-13
1281.979999999989,1569.2018340265377,705.5619333630362,0.0004080502027101518,1.8811550615375146e-05,1.4440312099186053e-13
1281.989999999989,1569.2018340265377,705.5649624117672,0.00040688453913012194,1.895964143174772e-05,1.462666174181474e-13
1281.999999999989,1569.2018340265377,705.5679914392507,0.0004057193545367474,1.9108843006008194e-05,1.481522670745287e-13
1282.009999999989,1569.2018340265377,705.5710204454867,0.00040455467765171724,1.925916321709231e-05,1.5006031212747683e-13
1282.019999999989,1569.2018340265377,705.5740494304758,0.0004033905371357314,1.94106099962801e-05,1.5199099725382488e-13
1282.029999999989,1569.2018340265377,705.5770783942182,0.00040222696156675633,1.9563191327465578e-05,1.539445696598547e-13
1282.039999999989,1569.2018340265377,705.5801073367137,0.00040106397945594485,1.9716915247472133e-05,1.5592127911534483e-13
1282.049999999989,1569.2018340265377,705.5831362579629,0.0003999016192287767,1.9871789846445372e-05,1.579213779760821e-13
1282.059999999989,1569.2018340265377,705.586165157966,0.00039873990924514516,2.0027823268104123e-05,1.5994512121947338e-13
1282.069999999989,1569.2018340265377,705.589194036723,0.00039757887779070817,2.0185023710095594e-05,1.6199276647124424e-13
1282.079999999989,1569.2018340265377,705.5922228942343,0.00039641855306640295,2.034339942433112e-05,1.6406457403117912e-13
1282.089999999989,1569.2018340265377,705.5952517305,0.0003952589631896789,2.050295871731067e-05,1.6616080690362976e-13
1282.099999999989,1569.2018340265377,705.5982805455207,0.0003941001362237016,2.066370995047384e-05,1.6828173084086912e-13
1282.109999999989,1569.2018340265377,705.6013093392962,0.0003929421001222467,2.0825661540479902e-05,1.7042761435033858e-13
1282.119999999989,1569.2018340265377,705.6043381118267,0.0003917848827807494,2.098882195958611e-05,1.7259872874848508e-13
1282.129999999989,1569.2018340265377,705.6073668631127,0.00039062851200091304,2.1153199736016828e-05,1.7479534817832286e-13
1282.139999999989,1569.2018340265377,705.6103955931543,0.00038947301551075863,2.131880345422982e-05,1.7701774964951014e-13
1282.149999999989,1569.2018340265377,705.6134243019518,0.0003883184209562791,2.1485641755313565e-05,1.7926621306878498e-13
1282.159999999989,1569.2018340265377,705.6164529895053,0.0003871647558842731,2.1653723337299912e-05,1.8154102126500858e-13
1282.169999999989,1569.2018340265377,705.619481655815,0.0003860120477733468,2.1823056955521755e-05,1.8384246003763168e-13
1282.179999999989,1569.2018340265377,705.6225103008813,0.00038486032401894096,2.199365142298644e-05,1.8617081818506136e-13
1282.189999999989,1569.2018340265377,705.6255389247044,0.00038370961192061486,2.216551561066752e-05,1.885263875326197e-13
1282.199999999989,1569.2018340265377,705.6285675272843,0.0003825599386926497,2.2338658447894128e-05,1.909094629737194e-13
1282.209999999989,1569.2018340265377,705.6315961086214,0.0003814113314654521,2.2513088922710927e-05,1.933203425069016e-13
1282.2199999999889,1569.2018340265377,705.6346246687159,0.0003802638172914727,2.268881608222025e-05,1.957593272755076e-13
1282.2299999999889,1569.2018340265377,705.6376532075682,0.0003791174231112581,2.2865849032932422e-05,1.9822672158748542e-13
1282.2399999999889,1569.2018340265377,705.640681725178,0.0003779721758023173,2.3044196941104427e-05,2.0072283297788346e-13
1282.2499999999889,1569.2018340265377,705.643710221546,0.0003768281021315762,2.3223869033187762e-05,2.0324797222421237e-13
1282.2599999999888,1569.2018340265377,705.6467386966724,0.00037568522878262837,2.340487459608413e-05,2.0580245339767e-13
1282.2699999999888,1569.2018340265377,705.6497671505573,0.0003745435823548684,2.3587222977570455e-05,2.083865939036196e-13
1282.2799999999888,1569.2018340265377,705.6527955832008,0.00037340318933944686,2.3770923586645495e-05,2.1100071450818366e-13
1282.2899999999888,1569.2018340265377,705.6558239946033,0.000372264076148557,2.3955985893918885e-05,2.1364513939555016e-13
1282.2999999999888,1569.2018340265377,705.6588523847652,0.00037112626910212556,2.4142419431968653e-05,2.1632019620206847e-13
1282.3099999999888,1569.2018340265377,705.6618807536863,0.00036998979441955833,2.4330233795692393e-05,2.1902621605315984e-13
1282.3199999999888,1569.2018340265377,705.664909101367,0.0003688546782215978,2.451943864271695e-05,2.2176353360755227e-13
1282.3299999999888,1569.2018340265377,705.6679374278076,0.00036772094654480747,2.471004369376853e-05,2.2453248710928035e-13
1282.3399999999888,1569.2018340265377,705.6709657330084,0.0003665886253290624,2.49020587330445e-05,2.2733341842447152e-13
1282.3499999999888,1569.2018340265377,705.6739940169693,0.0003654577404012798,2.5095493608564676e-05,2.3016667307537126e-13
1282.3599999999888,1569.2018340265377,705.6770222796908,0.00036432831751363986,2.5290358232619743e-05,2.330326003107421e-13
1282.3699999999887,1569.2018340265377,705.680050521173,0.0003632003823006113,2.5486662582097705e-05,2.359315531242592e-13
1282.3799999999887,1569.2018340265377,705.6830787414164,0.0003620739603156115,2.5684416698915072e-05,2.3886388832553224e-13
1282.3899999999887,1569.2018340265377,705.6861069404208,0.00036094907700795123,2.58836306903539e-05,2.4182996657233993e-13
1282.3999999999887,1569.2018340265377,705.6891351181866,0.00035982575771445604,2.608431472949759e-05,2.4483015241403343e-13
1282.4099999999887,1569.2018340265377,705.6921632747141,0.0003587040276875604,2.628647905560856e-05,2.4786481435929756e-13
1282.4199999999887,1569.2018340265377,705.6951914100034,0.00035758391208030995,2.649013397453208e-05,2.5093432491672693e-13
1282.4299999999887,1569.2018340265377,705.6982195240549,0.00035646543593051725,2.6695289859077832e-05,2.5403906063423673e-13
1282.4399999999887,1569.2018340265377,705.7012476168687,0.0003553486241923645,2.690195714941962e-05,2.5717940217291843e-13
1282.4499999999887,1569.2018340265377,705.7042756884449,0.00035423350169455403,2.7110146353503928e-05,2.603557343300084e-13
1282.4599999999887,1569.2018340265377,705.707303738784,0.00035312009318239714,2.7319868047485827e-05,2.6356844612306624e-13
1282.4699999999887,1569.2018340265377,705.7103317678861,0.0003520084232983192,2.7531132876064326e-05,2.6681793082927075e-13
1282.4799999999886,1569.2018340265377,705.7133597757513,0.0003508985165596522,2.7743951552936654e-05,2.7010458602446155e-13
1282.4899999999886,1569.2018340265377,705.7163877623799,0.0003497903974071034,2.795833486121751e-05,2.7342881367607216e-13
1282.4999999999886,1569.2018340265377,705.7194157277722,0.00034868409016130744,2.8174293653835198e-05,2.767910201670308e-13
1282.5099999999886,1569.2018340265377,705.7224436719285,0.0003475796190369895,2.839183885393838e-05,2.8019161636410023e-13
1282.5199999999886,1569.2018340265377,705.7254715948487,0.0003464770081491,2.8610981455295824e-05,2.836310176814705e-13
1282.5299999999886,1569.2018340265377,705.7284994965332,0.00034537628150189443,2.8831732522781228e-05,2.871096441332891e-13
1282.5399999999886,1569.2018340265377,705.7315273769825,0.00034427746300135024,2.905410319275383e-05,2.9062792040399853e-13
1282.5499999999886,1569.2018340265377,705.7345552361965,0.0003431805764308632,2.9278104673439892e-05,2.9418627588915534e-13
1282.5599999999886,1569.2018340265377,705.7375830741753,0.0003420856454785532,2.9503748245424593e-05,2.9778514478249226e-13
1282.5699999999886,1569.2018340265377,705.7406108909195,0.0003409926937218407,2.9731045262072187e-05,3.0142496612698966e-13
1282.5799999999886,1569.2018340265377,705.743638686429,0.00033990174463400104,2.9960007149905682e-05,3.05106183884679e-13
1282.5899999999885,1569.2018340265377,705.7466664607043,0.00033881282156885675,3.01906454091067e-05,3.0882924699056696e-13
1282.5999999999885,1569.2018340265377,705.7496942137453,0.0003377259477804819,3.0422971613873072e-05,3.1259460943589953e-13
1282.6099999999885,1569.2018340265377,705.7527219455526,0.0003366411464065965,3.0656997412951235e-05,3.1640273032364153e-13
1282.6199999999885,1569.2018340265377,705.7557496561262,0.00033555844048853986,3.089273452998849e-05,3.202540739549113e-13
1282.6299999999885,1569.2018340265377,705.7587773454663,0.00033447785294026563,3.1130194764009196e-05,3.2414910987144946e-13
1282.6399999999885,1569.2018340265377,705.7618050135733,0.0003333994065718687,3.136938998987655e-05,3.280883129499192e-13
1282.6499999999885,1569.2018340265377,705.7648326604472,0.00033232312408462586,3.1610332158703256e-05,3.3207216346996843e-13
1282.6599999999885,1569.2018340265377,705.7678602860882,0.00033124902806548287,3.1853033298326635e-05,3.3610114718386644e-13
1282.6699999999885,1569.2018340265377,705.770887890497,0.0003301771409997288,3.2097505513778706e-05,3.401757554055305e-13
1282.6799999999885,1569.2018340265377,705.773915473673,0.00032910748524262064,3.234376098762859e-05,3.442964850563736e-13
1282.6899999999885,1569.2018340265377,705.7769430356171,0.0003280400830490155,3.259181198062246e-05,3.4846383877766715e-13
1282.6999999999884,1569.2018340265377,705.7799705763296,0.0003269749565681952,3.284167083199433e-05,3.526783250025592e-13
1282.7099999999884,1569.2018340265377,705.7829980958102,0.0003259121278158295,3.309334995994387e-05,3.5694045800745714e-13
1282.7199999999884,1569.2018340265377,705.7860255940593,0.0003248516187117001,3.334686186216479e-05,3.612507580362098e-13
1282.7299999999884,1569.2018340265377,705.7890530710772,0.00032379345105803967,3.360221911626376e-05,3.656097513600866e-13
1282.7399999999884,1569.2018340265377,705.7920805268642,0.00032273764654332254,3.3859434380246435e-05,3.700179703676153e-13
1282.7499999999884,1569.2018340265377,705.7951079614205,0.0003216842267401469,3.4118520392968756e-05,3.744759536486296e-13
1282.7599999999884,1569.2018340265377,705.798135374746,0.00032063321310316155,3.4379489974589226e-05,3.789842460796363e-13
1282.7699999999884,1569.2018340265377,705.8011627668415,0.0003195846269877783,3.4642356027141834e-05,3.835433989380643e-13
1282.7799999999884,1569.2018340265377,705.8041901377067,0.0003185384896224265,3.4907131534876405e-05,3.8815396995837773e-13
1282.7899999999884,1569.2018340265377,705.8072174873422,0.0003174948221161173,3.5173829564866165e-05,3.928165234362843e-13
1282.7999999999884,1569.2018340265377,705.8102448157479,0.00031645364548242664,3.544246326736117e-05,3.975316303503489e-13
1282.8099999999883,1569.2018340265377,705.8132721229241,0.0003154149805982829,3.571304587640282e-05,4.0229986841063914e-13
1282.8199999999883,1569.2018340265377,705.8162994088713,0.00031437884823831767,3.598559071024135e-05,4.0712182219775274e-13
1282.8299999999883,1569.2018340265377,705.8193266735896,0.00031334526906390335,3.626011117182571e-05,4.1199808324955425e-13
1282.8399999999883,1569.2018340265377,705.8223539170788,0.00031231426360668743,3.653662074926386e-05,4.169292501403444e-13
1282.8499999999883,1569.2018340265377,705.8253811393397,0.0003112858523002265,3.6815133016453164e-05,4.2191592862885024e-13
1282.8599999999883,1569.2018340265377,705.8284083403722,0.00031026005544900414,3.709566163340065e-05,4.2695873171864553e-13
1282.8699999999883,1569.2018340265377,705.8314355201768,0.00030923689325011494,3.737822034685924e-05,4.32058279797346e-13
1282.8799999999883,1569.2018340265377,705.8344626787533,0.00030821638577741434,3.766282299072449e-05,4.3721520072165474e-13
1282.8899999999883,1569.2018340265377,705.8374898161022,0.00030719855299646704,3.7949483486646334e-05,4.424301299515821e-13
1282.8999999999883,1569.2018340265377,705.8405169322239,0.00030618341475203775,3.8238215844472547e-05,4.477037106445065e-13
1282.9099999999883,1569.2018340265377,705.8435440271182,0.0003051709907754866,3.852903416273761e-05,4.530365937801368e-13
1282.9199999999882,1569.2018340265377,705.8465711007856,0.0003041613006739607,3.882195262922946e-05,4.584294382628492e-13
1282.9299999999882,1569.2018340265377,705.8495981532262,0.000303154363952557,3.9116985521494425e-05,4.638829110736011e-13
1282.9399999999882,1569.2018340265377,705.8526251844404,0.0003021501999865807,3.941414720733383e-05,4.693976873492527e-13
1282.9499999999882,1569.2018340265377,705.8556521944283,0.0003011488280476367,3.971345214533547e-05,4.74974450545862e-13
1282.9599999999882,1569.2018340265377,705.8586791831899,0.00030015026727478374,4.001491488536316e-05,4.806138925188589e-13
1282.9699999999882,1569.2018340265377,705.8617061507258,0.00029915453670612685,4.0318550069195857e-05,4.86316713703099e-13
1282.9799999999882,1569.2018340265377,705.8647330970362,0.0002981616552623566,4.062437243092148e-05,4.92083623214581e-13
1282.9899999999882,1569.2018340265377,705.867760022121,0.00029717164173649255,4.093239679752393e-05,4.979153389670573e-13
1282.9999999999882,1569.2018340265377,705.8707869259807,0.0002961845148214764,4.124263808942941e-05,5.038125878528191e-13
1283.0099999999882,1569.2018340265377,705.8738138086154,0.00029520029307149553,4.155511132103178e-05,5.097761058151183e-13
1283.0199999999882,1569.2018340265377,705.8768406700254,0.0002942189949485843,4.186983160124462e-05,5.158066380671568e-13
1283.0299999999881,1569.2018340265377,705.879867510211,0.00029324063878850544,4.218681413401889e-05,5.219049391763441e-13
1283.0399999999881,1569.2018340265377,705.8828943291721,0.00029226524280747833,4.250607421886533e-05,5.280717732195722e-13
1283.0499999999881,1569.2018340265377,705.8859211269092,0.0002912928251130791,4.282762725150839e-05,5.343079139530057e-13
1283.0599999999881,1569.2018340265377,705.8889479034226,0.0002903234036957066,4.315148872433116e-05,5.406141449449142e-13
1283.069999999988,1569.2018340265377,705.8919746587122,0.00028935699642763696,4.347767422693876e-05,5.469912597270121e-13
1283.079999999988,1569.2018340265377,705.8950013927786,0.0002883936210688412,4.380619944678855e-05,5.534400619629943e-13
1283.089999999988,1569.2018340265377,705.8980281056215,0.000287433295261165,4.41370801696384e-05,5.59961365593587e-13
1283.099999999988,1569.2018340265377,705.9010547972417,0.00028647603653896947,4.4470332280257365e-05,5.665559950225537e-13
1283.109999999988,1569.2018340265377,705.9040814676393,0.0002855218623080505,4.480597176284151e-05,5.732247852363234e-13
1283.119999999988,1569.2018340265377,705.9071081168141,0.0002845707898664638,4.5144014701604626e-05,5.79968582012533e-13
1283.129999999988,1569.2018340265377,705.9101347447668,0.0002836228364095575,4.548447728148859e-05,5.8678824210573e-13
1283.139999999988,1569.2018340265377,705.9131613514974,0.0002826780190025491,4.582737578857209e-05,5.936846333612008e-13
1283.149999999988,1569.2018340265377,705.9161879370062,0.00028173635460565353,4.6172726610722665e-05,6.006586349449935e-13
1283.159999999988,1569.2018340265377,705.9192145012933,0.000280797860058458,4.65205462381496e-05,6.077111374910899e-13
1283.169999999988,1569.2018340265377,705.922241044359,0.0002798625520911436,4.687085126402559e-05,6.148430433095387e-13
1283.179999999988,1569.2018340265377,705.9252675662036,0.00027893044732963095,4.7223658385032235e-05,6.220552665845034e-13
1283.189999999988,1569.2018340265377,705.9282940668273,0.00027800156227310275,4.7578984401960674e-05,6.29348733515598e-13
1283.199999999988,1569.2018340265377,705.9313205462303,0.00027707591331269067,4.793684622028859e-05,6.367243825520413e-13
1283.209999999988,1569.2018340265377,705.9343470044126,0.00027615351672864393,4.829726085080088e-05,6.441831645850048e-13
1283.219999999988,1569.2018340265377,705.9373734413748,0.0002752343886925394,4.866024541018675e-05,6.51726043154234e-13
1283.229999999988,1569.2018340265377,705.9403998571171,0.00027431854525809655,4.902581712162542e-05,6.59353994631045e-13
1283.239999999988,1569.2018340265377,705.9434262516393,0.00027340600237459197,4.9393993315319544e-05,6.670680084567084e-13
1283.249999999988,1569.2018340265377,705.9464526249419,0.00027249677587732783,4.9764791429266727e-05,6.748690873370545e-13
1283.259999999988,1569.2018340265377,705.9494789770254,0.0002715908814907284,5.0138229009743095e-05,6.827582474627998e-13
1283.269999999988,1569.2018340265377,705.9525053078895,0.00027068833483275884,5.051432371188709e-05,6.907365187404459e-13
1283.279999999988,1569.2018340265377,705.9555316175347,0.00026978915140531275,5.089309330042559e-05,6.988049449956773e-13
1283.289999999988,1569.2018340265377,705.9585579059612,0.0002688933466062109,5.127455565023578e-05,7.069645842309193e-13
1283.299999999988,1569.2018340265377,705.9615841731693,0.0002680009357279835,5.165872874693756e-05,7.152165088553136e-13
1283.309999999988,1569.2018340265377,705.9646104191592,0.0002671119339519433,5.204563068757402e-05,7.235618059082847e-13
1283.3199999999879,1569.2018340265377,705.9676366439307,0.00026622635633739725,5.243527968115074e-05,7.320015772686662e-13
1283.3299999999879,1569.2018340265377,705.9706628474846,0.0002653442178683714,5.2827694049412974e-05,7.40536940032578e-13
1283.3399999999879,1569.2018340265377,705.9736890298211,0.00026446553339452497,5.3222892227361e-05,7.491690266003293e-13
1283.3499999999879,1569.2018340265377,705.97671519094,0.0002635903176697253,5.3620892763841096e-05,7.578989850358935e-13
1283.3599999999878,1569.2018340265377,705.9797413308419,0.00026271858534132516,5.402171432236315e-05,7.667279793032289e-13
1283.3699999999878,1569.2018340265377,705.9827674495267,0.0002618503509537179,5.442537568156419e-05,7.756571895368763e-13
1283.3799999999878,1569.2018340265377,705.985793546995,0.00026098562894567374,5.483189573598922e-05,7.846878123085187e-13
1283.3899999999878,1569.2018340265377,705.9888196232467,0.00026012443365052237,5.524129349663424e-05,7.938210608996388e-13
1283.3999999999878,1569.2018340265377,705.9918456782821,0.0002592667792944018,5.565358809162699e-05,8.030581655770755e-13
1283.4099999999878,1569.2018340265377,705.9948717121015,0.00025841268001185967,5.60687987669757e-05,8.124003739296623e-13
1283.4199999999878,1569.2018340265377,705.9978977247052,0.00025756214982657776,5.6486944887104256e-05,8.218489510969392e-13
1283.4299999999878,1569.2018340265377,706.0009237160932,0.0002567152026666426,5.690804593551172e-05,8.314051801131182e-13
1283.4399999999878,1569.2018340265377,706.0039496862659,0.00025587185234850034,5.733212151556353e-05,8.41070362161666e-13
1283.4499999999878,1569.2018340265377,706.0069756352233,0.00025503211260231043,5.775919135103283e-05,8.508458169615035e-13
1283.4599999999878,1569.2018340265377,706.0100015629661,0.00025419599705396085,5.818927528688426e-05,8.607328830265571e-13
1283.4699999999877,1569.2018340265377,706.0130274694941,0.0002533635192283705,5.8622393289786956e-05,8.707329179908521e-13
1283.4799999999877,1569.2018340265377,706.0160533548075,0.0002525346925482518,5.905856544892018e-05,8.808472989331105e-13
1283.4899999999877,1569.2018340265377,706.0190792189067,0.0002517095303469017,5.9497811976673185e-05,8.910774227534073e-13
1283.4999999999877,1569.2018340265377,706.0221050617918,0.000250888045861181,5.994015320923005e-05,9.014247064851919e-13
1283.5099999999877,1569.2018340265377,706.0251308834632,0.0002500702522279629,6.038560960735667e-05,9.118905876299346e-13
1283.5199999999877,1569.2018340265377,706.0281566839211,0.0002492561624883965,6.0834201756975026e-05,9.22476524519388e-13
1283.5299999999877,1569.2018340265377,706.0311824631655,0.00024844578959253385,6.128595036994116e-05,9.331839966930379e-13
1283.5399999999877,1569.2018340265377,706.0342082211969,0.0002476391463974884,6.174087628479394e-05,9.440145052580823e-13
1283.5499999999877,1569.2018340265377,706.0372339580153,0.00024683624566509694,6.219900046730343e-05,9.549695732473815e-13
1283.5599999999877,1569.2018340265377,706.040259673621,0.00024603710006938204,6.266034401127677e-05,9.660507460296362e-13
1283.5699999999877,1569.2018340265377,706.0432853680143,0.00024524172218833755,6.312492813930119e-05,9.772595916646676e-13
1283.5799999999876,1569.2018340265377,706.0463110411953,0.0002444501245103832,6.359277420335192e-05,9.885977013179622e-13
1283.5899999999876,1569.2018340265377,706.0493366931645,0.0002436623194380752,6.406390368561133e-05,1.0000666896798648e-12
1283.5999999999876,1569.2018340265377,706.0523623239217,0.00024287831928323446,6.453833819902785e-05,1.0116681953495737e-12
1283.6099999999876,1569.2018340265377,706.0553879334672,0.0002420981362729028,6.501609948823178e-05,1.0234038812816615e-12
1283.6199999999876,1569.2018340265377,706.0584135218016,0.0002413217825466089,6.549720943022742e-05,1.035275435198159e-12
1283.6299999999876,1569.2018340265377,706.0614390889248,0.0002405492701560373,6.598169003490419e-05,1.0472845700120231e-12
1283.6399999999876,1569.2018340265377,706.0644646348371,0.0002397806110743106,6.64695634460755e-05,1.0594330243174362e-12
1283.6499999999876,1569.2018340265377,706.0674901595387,0.00023901581717933635,6.696085194197867e-05,1.0717225627584318e-12
1283.6599999999876,1569.2018340265377,706.0705156630298,0.00023825490028278566,6.745557793615984e-05,1.0841549766189522e-12
1283.6699999999876,1569.2018340265377,706.0735411453109,0.00023749787209736408,6.795376397816189e-05,1.0967320841415935e-12
1283.6799999999876,1569.2018340265377,706.0765666063817,0.0002367447442664547,6.845543275419551e-05,1.109455731133338e-12
1283.6899999999875,1569.2018340265377,706.0795920462429,0.00023599552835258731,6.896060708807563e-05,1.1223277914048005e-12
1283.6999999999875,1569.2018340265377,706.0826174648945,0.00023525023584272865,6.946930994178775e-05,1.1353501672828279e-12
1283.7099999999875,1569.2018340265377,706.0856428623367,0.00023450887813121705,6.998156441631858e-05,1.1485247900333781e-12
1283.7199999999875,1569.2018340265377,706.0886682385699,0.00023377146655483117,7.049739375245601e-05,1.1618536205443612e-12
1283.7299999999875,1569.2018340265377,706.091693593594,0.00023303801236705546,7.101682133145547e-05,1.1753386497220117e-12
1283.7399999999875,1569.2018340265377,706.0947189274096,0.00023230852674721914,7.153987067598389e-05,1.1889818990732172e-12
1283.7499999999875,1569.2018340265377,706.0977442400168,0.00023158302080000567,7.206656545063676e-05,1.2027854212374833e-12
1283.7599999999875,1569.2018340265377,706.1007695314156,0.0002308615055582259,7.25969294628877e-05,1.216751300560078e-12
1283.7699999999875,1569.2018340265377,706.1037948016065,0.00023014399199114806,7.31309866638885e-05,1.2308816537014023e-12
1283.7799999999875,1569.2018340265377,706.1068200505897,0.0002294304909936043,7.366876114917295e-05,1.2451786301530539e-12
1283.7899999999875,1569.2018340265377,706.1098452783652,0.0002287210133885579,7.421027715938032e-05,1.2596444128340436e-12
1283.7999999999874,1569.2018340265377,706.1128704849335,0.00022801556993543506,7.475555908122699e-05,1.2742812187395304e-12
1283.8099999999874,1569.2018340265377,706.1158956702945,0.0002273141713285993,7.53046314481171e-05,1.2890912995364604e-12
1283.8199999999874,1569.2018340265377,706.1189208344488,0.0002266168282026097,7.585751894110462e-05,1.3040769422206316e-12
1283.8299999999874,1569.2018340265377,706.1219459773965,0.0002259235511166249,7.641424638958989e-05,1.3192404696570357e-12
1283.8399999999874,1569.2018340265377,706.1249710991375,0.00022523435057690002,7.697483877201923e-05,1.3345842413495857e-12
1283.8499999999874,1569.2018340265377,706.1279961996725,0.0002245492370255552,7.753932121702991e-05,1.3501106540468644e-12
1283.8599999999874,1569.2018340265377,706.1310212790013,0.0002238682208489854,7.810771900388215e-05,1.365822142449365e-12
1283.8699999999874,1569.2018340265377,706.1340463371246,0.00022319131237133369,7.868005756357282e-05,1.3817211798646528e-12
1283.8799999999874,1569.2018340265377,706.1370713740422,0.0002225185218591014,7.925636247939749e-05,1.39781027892238e-12
1283.8899999999874,1569.2018340265377,706.1400963897544,0.00022184985952810124,7.983665948796764e-05,1.41409199233542e-12
1283.8999999999874,1569.2018340265377,706.1431213842616,0.00022118533554072302,8.042097448001757e-05,1.4305689136080155e-12
1283.9099999999873,1569.2018340265377,706.1461463575639,0.00022052496000195834,8.100933350112638e-05,1.4472436777446062e-12
1283.9199999999873,1569.2018340265377,706.1491713096616,0.00021986874296483973,8.160176275264065e-05,1.4641189620397796e-12
1283.9299999999873,1569.2018340265377,706.1521962405548,0.00021921669443948427,8.219828859246771e-05,1.48119748690497e-12
1283.9399999999873,1569.2018340265377,706.1552211502437,0.00021856882438519827,8.279893753598751e-05,1.4984820166028046e-12
1283.9499999999873,1569.2018340265377,706.1582460387289,0.00021792514271004186,8.340373625685458e-05,1.5159753600392477e-12
1283.9599999999873,1569.2018340265377,706.16127090601,0.00021728565928222617,8.401271158775627e-05,1.5336803716520497e-12
1283.9699999999873,1569.2018340265377,706.1642957520877,0.00021665038391973377,8.46258905214743e-05,1.5515999521762873e-12
1283.9799999999873,1569.2018340265377,706.1673205769622,0.0002160193264092848,8.524330021160503e-05,1.5697370496197128e-12
1283.9899999999873,1569.2018340265377,706.1703453806335,0.0002153924964857708,8.586496797337585e-05,1.5880946599776703e-12
1283.9999999999873,1569.2018340265377,706.1733701631019,0.00021476990384856418,8.649092128462832e-05,1.6066758282329357e-12
1284.0099999999873,1569.2018340265377,706.1763949243676,0.00021415155816361232,8.712118778664053e-05,1.6254836492685283e-12
1284.0199999999872,1569.2018340265377,706.179419664431,0.00021353746905632885,8.77557952850275e-05,1.6445212687306245e-12
1284.0299999999872,1569.2018340265377,706.1824443832922,0.00021292764611821453,8.839477175059548e-05,1.6637918840093172e-12
1284.0399999999872,1569.2018340265377,706.1854690809513,0.00021232209890817514,8.90381453201039e-05,1.6832987451955488e-12
1284.0499999999872,1569.2018340265377,706.1884937574087,0.00021172083695367364,8.968594429743992e-05,1.7030451560708576e-12
1284.0599999999872,1569.2018340265377,706.1915184126647,0.000211123869756197,9.033819715429573e-05,1.7230344751324878e-12
1284.0699999999872,1569.2018340265377,706.1945430467192,0.00021053120678420304,9.099493253101022e-05,1.743270116543213e-12
1284.0799999999872,1569.2018340265377,706.1975676595727,0.00020994285748335208,9.165617923766532e-05,1.7637555512498525e-12
1284.0899999999872,1569.2018340265377,706.2005922512252,0.0002093588312730084,9.23219662548659e-05,1.7844943079992651e-12
1284.0999999999872,1569.2018340265377,706.2036168216772,0.0002087791375543071,9.299232273469692e-05,1.8054899744781345e-12
1284.1099999999872,1569.2018340265377,706.2066413709289,0.00020820378570111995,9.36672780015861e-05,1.826746198325065e-12
1284.1199999999872,1569.2018340265377,706.2096658989801,0.00020763278507444574,9.434686155316469e-05,1.848266688364609e-12
1284.1299999999871,1569.2018340265377,706.2126904058315,0.00020706614500812885,9.503110306141892e-05,1.8700552156255252e-12
1284.1399999999871,1569.2018340265377,706.2157148914832,0.00020650387483482876,9.57200323733845e-05,1.892115614720112e-12
1284.1499999999871,1569.2018340265377,706.2187393559353,0.00020594598385871988,9.641367951209834e-05,1.9144517847804547e-12
1284.1599999999871,1569.2018340265377,706.221763799188,0.00020539248138381097,9.711207467763312e-05,1.937067690922891e-12
1284.169999999987,1569.2018340265377,706.2247882212416,0.00020484337669576162,9.781524824801113e-05,1.9599673653081847e-12
1284.179999999987,1569.2018340265377,706.2278126220966,0.0002042986790794058,9.852323078014489e-05,1.983154908557545e-12
1284.189999999987,1569.2018340265377,706.2308370017529,0.00020375839780523272,9.923605301062074e-05,2.006634490894618e-12
1284.199999999987,1569.2018340265377,706.2338613602107,0.0002032225421438986,9.995374585686196e-05,2.0304103535953484e-12
1284.209999999987,1569.2018340265377,706.2368856974701,0.0002026911213676449,0.00010067634041800173,2.0544868103303358e-12
1284.219999999987,1569.2018340265377,706.2399100135318,0.00020216414474025443,0.00010140386797589602,2.078868248421317e-12
1284.229999999987,1569.2018340265377,706.2429343083958,0.0002016416215310992,0.00010213635999595056,2.1035591303579763e-12
1284.239999999987,1569.2018340265377,706.2459585820621,0.00020112356100896014,0.0001028738481281675,2.1285639951480997e-12
1284.249999999987,1569.2018340265377,706.2489828345311,0.0002006099724568389,0.00010361636420814268,2.153887459912125e-12
1284.259999999987,1569.2018340265377,706.2520070658032,0.0002001008651594445,0.00010436394025807247,2.17953422122125e-12
1284.269999999987,1569.2018340265377,706.2550312758784,0.00019959624840597468,0.0001051166084875627,2.205509056612381e-12
1284.279999999987,1569.2018340265377,706.2580554647568,0.0001990961315077597,0.00010587440129475343,2.2318168263134686e-12
1284.289999999987,1569.2018340265377,706.261079632439,0.00019860052378129267,0.00010663735126739255,2.2584624746190456e-12
1284.299999999987,1569.2018340265377,706.2641037789249,0.00019810943456065718,0.00010740549118357453,2.285451031603744e-12
1284.309999999987,1569.2018340265377,706.2671279042149,0.00019762287320494146,0.00010817885401296325,2.3127876148397047e-12
1284.319999999987,1569.2018340265377,706.2701520083091,0.000197140849081507,0.0001089574729176212,2.3404774308488974e-12
1284.329999999987,1569.2018340265377,706.2731760912077,0.00019666337158653476,0.00010974138125319174,2.368525777033756e-12
1284.339999999987,1569.2018340265377,706.2762001529112,0.00019619045014137673,0.00011053061256985048,2.396938043355349e-12
1284.349999999987,1569.2018340265377,706.2792241934195,0.00019572209418986132,0.00011132520061314358,2.4257197140473646e-12
1284.359999999987,1569.2018340265377,706.282248212733,0.00019525831320617646,0.00011212517932527291,2.454876369512832e-12
1284.369999999987,1569.2018340265377,706.2852722108519,0.0001947991166935976,0.00011293058284600287,2.4844136881301804e-12
1284.379999999987,1569.2018340265377,706.2882961877763,0.0001943445141963878,0.00011374144551359691,2.514337448264212e-12
1284.389999999987,1569.2018340265377,706.2913201435067,0.0001938945152826161,0.0001145578018660951,2.5446535299590912e-12
1284.399999999987,1569.2018340265377,706.2943440780429,0.00019344912956306782,0.00011537968664195241,2.5753679171005845e-12
1284.409999999987,1569.2018340265377,706.2973679913854,0.00019300836668905528,0.00011620713478160521,2.6064866993926627e-12
1284.4199999999869,1569.2018340265377,706.3003918835346,0.00019257223635653272,0.00011704018142814896,2.6380160744164288e-12
1284.4299999999869,1569.2018340265377,706.3034157544904,0.00019214074830274292,0.00011787886192832411,2.669962349642108e-12
1284.4399999999869,1569.2018340265377,706.3064396042531,0.00019171391230685456,0.00011872321183391751,2.7023319445514754e-12
1284.4499999999869,1569.2018340265377,706.3094634328229,0.00019129173820543573,0.0001195732669025404,2.735131392985112e-12
1284.4599999999868,1569.2018340265377,706.3124872402002,0.00019087423588614775,0.00012042906309888481,2.7683673452552095e-12
1284.4699999999868,1569.2018340265377,706.3155110263851,0.0001904614152847405,0.0001212906365956017,2.8020465703240015e-12
1284.4799999999868,1569.2018340265377,706.3185347913777,0.00019005328639787713,0.00012215802377443845,2.8361759582690833e-12
1284.4899999999868,1569.2018340265377,706.3215585351785,0.00018964985927947186,0.000123031261227515,2.8707625225655295e-12
1284.4999999999868,1569.2018340265377,706.3245822577875,0.00018925114404669003,0.00012391038575808154,2.9058134025322713e-12
1284.5099999999868,1569.2018340265377,706.327605959205,0.00018885715087667236,0.00012479543438186842,2.9413358657147935e-12
1284.5199999999868,1569.2018340265377,706.3306296394312,0.00018846789001429728,0.00012568644432801765,2.9773373104648525e-12
1284.5299999999868,1569.2018340265377,706.3336532984663,0.00018808337177669065,0.00012658345304027705,3.0138252685381406e-12
1284.5399999999868,1569.2018340265377,706.3366769363107,0.00018770360654910362,0.0001274864981781433,3.050807407604005e-12
1284.5499999999868,1569.2018340265377,706.3397005529645,0.00018732860479068702,0.00012839561761776236,3.088291533950563e-12
1284.5599999999868,1569.2018340265377,706.3427241484277,0.0001869583770363226,0.00012931084945321197,3.126285595200535e-12
1284.5699999999867,1569.2018340265377,706.3457477227008,0.00018659293390114892,0.00013023223199769136,3.164797683122709e-12
1284.5799999999867,1569.2018340265377,706.348771275784,0.00018623228608528398,0.00013115980378443514,3.2038360364926054e-12
1284.5899999999867,1569.2018340265377,706.3517948076776,0.00018587644436561583,0.00013209360356805132,3.2434090438087866e-12
1284.5999999999867,1569.2018340265377,706.3548183183815,0.0001855254196089604,0.00013303367032533478,3.2835252464045584e-12
1284.6099999999867,1569.2018340265377,706.3578418078961,0.00018517922277540774,0.00013398004325682817,3.324193341495772e-12
1284.6199999999867,1569.2018340265377,706.3608652762218,0.00018483786491499136,0.00013493276178775494,3.365422185138944e-12
1284.6299999999867,1569.2018340265377,706.3638887233586,0.0001845013571697212,0.00013589186556898483,3.4072207953432205e-12
1284.6399999999867,1569.2018340265377,706.3669121493068,0.00018416971078230376,0.00013685739447850796,3.4495983553957553e-12
1284.6499999999867,1569.2018340265377,706.3699355540665,0.00018384293709567534,0.0001378293886223776,3.492564217060938e-12
1284.6599999999867,1569.2018340265377,706.3729589376381,0.00018352104755575452,0.00013880788833605238,3.536127903923376e-12
1284.6699999999867,1569.2018340265377,706.375982300022,0.0001832040537120861,0.00013979293418538285,3.580299114739862e-12
1284.6799999999866,1569.2018340265377,706.3790056412179,0.0001828919672247908,0.00014078456696774093,3.625087726989461e-12
1284.6899999999866,1569.2018340265377,706.3820289612263,0.00018258479986845382,0.00014178282771349856,3.670503800458036e-12
1284.6999999999866,1569.2018340265377,706.3850522600476,0.00018228256352598683,0.00014278775768698372,3.7165575806662125e-12
1284.7099999999866,1569.2018340265377,706.3880755376817,0.00018198527020186412,0.0001437993983875918,3.763259502764439e-12
1284.7199999999866,1569.2018340265377,706.391098794129,0.0001816929320180621,0.00014481779155116776,3.810620195173108e-12
1284.7299999999866,1569.2018340265377,706.3941220293898,0.0001814055612208188,0.00014584297915120177,3.8586504835084975e-12
1284.7399999999866,1569.2018340265377,706.397145243464,0.00018112317018368403,0.00014687500339976553,3.90736139450074e-12
1284.7499999999866,1569.2018340265377,706.4001684363524,0.00018084577140584638,0.00014791390674917957,3.95676415992811e-12
1284.7599999999866,1569.2018340265377,706.4031916080545,0.00018057337751892826,0.00014895973189260655,4.006870220756199e-12
1284.7699999999866,1569.2018340265377,706.406214758571,0.0001803060012913669,0.00015001252176593123,4.057691231382459e-12
1284.7799999999866,1569.2018340265377,706.4092378879021,0.0001800436556275549,0.00015107231954859213,4.109239063794029e-12
1284.7899999999865,1569.2018340265377,706.4122609960478,0.0001797863535725294,0.00015213916866472897,4.16152581195103e-12
1284.7999999999865,1569.2018340265377,706.4152840830086,0.00017953410831469615,0.00015321311278477333,4.214563796240825e-12
1284.8099999999865,1569.2018340265377,706.4183071487844,0.00017928693318960043,0.00015429419582632732,4.268365568009456e-12
1284.8199999999865,1569.2018340265377,706.4213301933758,0.00017904484168432738,0.00015538246195576994,4.322943914243078e-12
1284.8299999999865,1569.2018340265377,706.4243532167827,0.00017880784743519923,0.00015647795558910004,4.378311862141534e-12
1284.8399999999865,1569.2018340265377,706.4273762190054,0.0001785759642369815,0.00015758072139343367,4.434482684100292e-12
1284.8499999999865,1569.2018340265377,706.4303992000441,0.00017834920604281308,0.0001586908042883056,4.491469902560417e-12
1284.8599999999865,1569.2018340265377,706.4334221598994,0.00017812758696736673,0.00015980824944689386,4.5492872950319116e-12
1284.8699999999865,1569.2018340265377,706.436445098571,0.0001779111212930773,0.00016093310229703788,4.60794889928857e-12
1284.8799999999865,1569.2018340265377,706.4394680160593,0.0001776998234669479,0.00016206540852288997,4.667469018464208e-12
1284.8899999999865,1569.2018340265377,706.4424909123645,0.00017749370811025801,0.00016320521406594212,4.72786222655159e-12
1284.8999999999864,1569.2018340265377,706.4455137874871,0.0001772927900198808,0.00016435256512657167,4.789143373829573e-12
1284.9099999999864,1569.2018340265377,706.448536641427,0.00017709708416799652,0.00016550750816489868,4.851327592315506e-12
1284.9199999999864,1569.2018340265377,706.4515594741845,0.00017690660571005636,0.0001666700899024726,4.914430301602298e-12
1284.9299999999864,1569.2018340265377,706.4545822857598,0.00017672136998597194,0.00016784035732348622,4.978467214606268e-12
1284.9399999999864,1569.2018340265377,706.4576050761533,0.00017654139252312363,0.0001690183576760409,5.043454343485588e-12
1284.9499999999864,1569.2018340265377,706.460627845365,0.00017636668904035853,0.00017020413847332767,5.109408005704704e-12
1284.9599999999864,1569.2018340265377,706.4636505933953,0.00017619727545064426,0.00017139774749520758,5.176344830210496e-12
1284.9699999999864,1569.2018340265377,706.4666733202441,0.00017603316786523425,0.0001725992327892687,5.244281763749038e-12
1284.9799999999864,1569.2018340265377,706.4696960259122,0.00017587438259581507,0.0001738086426725635,5.31323607729563e-12
1284.9899999999864,1569.2018340265377,706.4727187103994,0.00017572093616040858,0.00017502602573235123,5.3832253726705e-12
1284.9999999999864,1569.2018340265377,706.4757413737059,0.00017557284528215886,0.00017625143082789296,5.454267589140587e-12
1285.0099999999863,1569.2018340265377,706.478764015832,0.0001754301268984673,0.0001774849070916603,5.5263810104397e-12
1285.0199999999863,1569.2018340265377,706.481786636778,0.000175292798159956,0.00017872650393073407,5.599584271633009e-12
1285.0299999999863,1569.2018340265377,706.4848092365442,0.00017516087643595297,0.00017997627102806743,5.673896366318439e-12
1285.0399999999863,1569.2018340265377,706.4878318151304,0.00017503437931715488,0.00018123425834379843,5.749336653892578e-12
1285.0499999999863,1569.2018340265377,706.4908543725373,0.0001749133246198876,0.00018250051611690338,5.825924867041387e-12
1285.0599999999863,1569.2018340265377,706.4938769087651,0.0001747977303892752,0.00018377509486628503,5.903681119315897e-12
1285.0699999999863,1569.2018340265377,706.4968994238137,0.00017468761490177823,0.00018505804539219894,5.982625912865266e-12
1285.0799999999863,1569.2018340265377,706.4999219176834,0.000174582996670813,0.00018634941877768325,6.062780146436398e-12
1285.0899999999863,1569.2018340265377,706.5029443903746,0.00017448389444829076,0.0001876492663900978,6.144165123408675e-12
1285.0999999999863,1569.2018340265377,706.5059668418875,0.0001743903272300541,0.00018895763988222627,6.226802560102627e-12
1285.1099999999863,1569.2018340265377,706.5089892722223,0.00017430231425756231,0.00019027459119392247,6.310714594166334e-12
1285.1199999999862,1569.2018340265377,706.5120116813789,0.00017421987502230205,0.0001916001725532221,6.3959237931974616e-12
1285.1299999999862,1569.2018340265377,706.515034069358,0.0001741430292705216,0.00019293443647824872,6.482453163612474e-12
1285.1399999999862,1569.2018340265377,706.5180564361597,0.00017407179700552335,0.00019427743577819047,6.570326159549516e-12
1285.1499999999862,1569.2018340265377,706.521078781784,0.00017400619849121564,0.00019562922355476466,6.659566692035291e-12
1285.1599999999862,1569.2018340265377,706.5241011062313,0.00017394625425646635,0.00019698985320390765,6.750199138390095e-12
1285.1699999999862,1569.2018340265377,706.5271234095017,0.0001738919850989025,0.00019835937841690166,6.8422483517710604e-12
1285.1799999999862,1569.2018340265377,706.5301456915956,0.00017384341208942175,0.00019973785318227815,6.935739670997436e-12
1285.1899999999862,1569.2018340265377,706.5331679525133,0.0001738005565725745,0.00020112533178665175,7.030698930342484e-12
1285.1999999999862,1569.2018340265377,706.5361901922546,0.0001737634401748848,0.0002025218688164749,7.127152469911688e-12
1285.2099999999862,1569.2018340265377,706.53921241082,0.00017373208480521893,0.00020392751915970992,7.225127145913917e-12
1285.2199999999862,1569.2018340265377,706.5422346082099,0.00017370651266045617,0.0002053423380070361,7.324650341329911e-12
1285.2299999999861,1569.2018340265377,706.5452567844243,0.0001736867462280156,0.000206766380853209,7.425749976685462e-12
1285.2399999999861,1569.2018340265377,706.5482789394633,0.00017367280829076867,0.0002081997034988005,7.528454521178044e-12
1285.2499999999861,1569.2018340265377,706.5513010733273,0.00017366472193054954,0.00020964236205158157,7.632793003952415e-12
1285.2599999999861,1569.2018340265377,706.5543231860165,0.00017366251053190738,0.00021109441292805833,7.738795025633905e-12
1285.269999999986,1569.2018340265377,706.5573452775313,0.00017366619778551705,0.00021255591285491694,7.846490770081308e-12
1285.279999999986,1569.2018340265377,706.5603673478714,0.00017367580769368508,0.00021402691887019133,7.9559110164605e-12
1285.289999999986,1569.2018340265377,706.5633893970376,0.00017369136457228275,0.00021550748832564875,8.067087151500841e-12
1285.299999999986,1569.2018340265377,706.5664114250299,0.00017371289305603458,0.00021699767888742422,8.180051182030661e-12
1285.309999999986,1569.2018340265377,706.5694334318484,0.00017374041810206095,0.00021849754853786363,8.294835747786984e-12
1285.319999999986,1569.2018340265377,706.5724554174934,0.00017377396499410674,0.0002200071555770508,8.411474134502745e-12
1285.329999999986,1569.2018340265377,706.5754773819651,0.00017381355934577172,0.0002215265586244508,8.530000287229739e-12
1285.339999999986,1569.2018340265377,706.578499325264,0.00017385922710594508,0.00022305581662039094,8.650448824036506e-12
1285.349999999986,1569.2018340265377,706.58152124739,0.00017391099456129627,0.00022459498882725762,8.772855049827778e-12
1285.359999999986,1569.2018340265377,706.5845431483434,0.00017396888834135811,0.0002261441348315613,8.897254970649908e-12
1285.369999999986,1569.2018340265377,706.5875650281245,0.00017403293542231734,0.00022770331454520244,9.023685308170941e-12
1285.379999999986,1569.2018340265377,706.5905868867334,0.00017410316313090922,0.000229272588207093,9.152183514497617e-12
1285.389999999986,1569.2018340265377,706.5936087241704,0.00017417959914881433,0.00023085201638471637,9.282787787325344e-12
1285.399999999986,1569.2018340265377,706.5966305404356,0.00017426227151736448,0.00023244165997564676,9.415537085421146e-12
1285.409999999986,1569.2018340265377,706.5996523355294,0.00017435120863979505,0.00023404158020930147,9.550471144318824e-12
1285.419999999986,1569.2018340265377,706.6026741094521,0.00017444643928741547,0.00023565183864841154,9.68763049253273e-12
1285.429999999986,1569.2018340265377,706.6056958622037,0.00017454799260265073,0.0002372724971904287,9.827056467937835e-12
1285.439999999986,1569.2018340265377,706.6087175937844,0.00017465589810479403,0.00023890361806942214,9.968791234685823e-12
1285.449999999986,1569.2018340265377,706.6117393041945,0.00017477018569137337,0.00024054526385762688,1.0112877800200176e-11
1285.459999999986,1569.2018340265377,706.6147609934344,0.00017489088564426786,0.0002421974974669283,1.0259360032791941e-11
1285.469999999986,1569.2018340265377,706.6177826615042,0.0001750180286358504,0.00024386038215054066,1.0408282679670765e-11
1285.479999999986,1569.2018340265377,706.6208043084039,0.00017515164572910605,0.0002455339815044991,1.0559691384962945e-11
1285.489999999986,1569.2018340265377,706.623825934134,0.00017529176838450332,0.00024721835946967034,1.0713632708550851e-11
1285.499999999986,1569.2018340265377,706.6268475386946,0.00017543842846347174,0.00024891358033300704,1.0870154145042943e-11
1285.509999999986,1569.2018340265377,706.629869122086,0.00017559165823520463,0.00025061970872925193,1.102930414338767e-11
1285.5199999999859,1569.2018340265377,706.6328906843083,0.00017575149037529926,0.0002523368096427095,1.1191132126396167e-11
1285.5299999999859,1569.2018340265377,706.6359122253617,0.00017591795797713378,0.0002540649484087751,1.1355688511454496e-11
1285.5399999999859,1569.2018340265377,706.6389337452468,0.0001760910945509953,0.0002558041907159827,1.1523024730944443e-11
1285.5499999999859,1569.2018340265377,706.6419552439636,0.00017627093403055547,0.00025755460260688936,1.1693193253455955e-11
1285.5599999999858,1569.2018340265377,706.644976721512,0.00017645751077847836,0.00025931625048026733,1.1866247605514053e-11
1285.5699999999858,1569.2018340265377,706.6479981778925,0.00017665085958630433,0.0002610892010930488,1.2042242393356134e-11
1285.5799999999858,1569.2018340265377,706.6510196131054,0.00017685101568535162,0.00026287352156141906,1.2221233325831762e-11
1285.5899999999858,1569.2018340265377,706.6540410271509,0.0001770580147447647,0.00026466927936290524,1.240327723700294e-11
1285.5999999999858,1569.2018340265377,706.6570624200291,0.0001772718928833768,0.0002664765423377352,1.258843211010585e-11
1285.6099999999858,1569.2018340265377,706.6600837917402,0.00017749268666580054,0.0002682953786909513,1.277675710098444e-11
1285.6199999999858,1569.2018340265377,706.6631051422846,0.0001777204331123742,0.0002701258569938492,1.2968312562927838e-11
1285.6299999999858,1569.2018340265377,706.6661264716626,0.0001779551697030195,0.00027196804618583037,1.3163160071643265e-11
1285.6399999999858,1569.2018340265377,706.6691477798739,0.00017819693438223094,0.00027382201557578443,1.3361362450790844e-11
1285.6499999999858,1569.2018340265377,706.6721690669192,0.00017844576556024197,0.00027568783484443706,1.3562983797861214e-11
1285.6599999999858,1569.2018340265377,706.6751903327986,0.00017870170211998357,0.00027756557404560604,1.3768089510921604e-11
1285.6699999999857,1569.2018340265377,706.6782115775125,0.0001789647834256885,0.00027945530360815426,1.3976746316132365e-11
1285.6799999999857,1569.2018340265377,706.6812328010607,0.00017923504931944152,0.0002813570943373815,1.418902229485106e-11
1285.6899999999857,1569.2018340265377,706.6842540034436,0.00017951254013114063,0.0002832710174173489,1.4404986912438158e-11
1285.6999999999857,1569.2018340265377,706.6872751846616,0.00017979729668183235,0.0002851971444124375,1.4624711047078208e-11
1285.7099999999857,1569.2018340265377,706.690296344715,0.00018008936028737752,0.0002871355472688221,1.4848267019218547e-11
1285.7199999999857,1569.2018340265377,706.6933174836036,0.0001803887727704064,0.0002890862983163911,1.5075728622360315e-11
1285.7299999999857,1569.2018340265377,706.6963386013279,0.00018069557644898715,0.0002910494702708967,1.5307171152585466e-11
1285.7399999999857,1569.2018340265377,706.699359697888,0.00018100981415879107,0.00029302513623523005,1.5542671441407126e-11
1285.7499999999857,1569.2018340265377,706.7023807732843,0.00018133152924886312,0.0002950133697015908,1.5782307887196967e-11
1285.7599999999857,1569.2018340265377,706.7054018275168,0.00018166076558514895,0.00029701424455290984,1.602616048783125e-11
1285.7699999999857,1569.2018340265377,706.7084228605859,0.00018199756756131577,0.0002990278350651882,1.6274310874766648e-11
1285.7799999999856,1569.2018340265377,706.7114438724918,0.00018234198009694342,0.0003010542159088622,1.6526842346614435e-11
1285.7899999999856,1569.2018340265377,706.7144648632348,0.00018269404864987103,0.0003030934621507006,1.6783839904741796e-11
1285.7999999999856,1569.2018340265377,706.7174858328148,0.00018305381921263772,0.00030514564925570664,1.704539028818176e-11
1285.8099999999856,1569.2018340265377,706.7205067812322,0.0001834213383244656,0.00030721085308911143,1.731158201070685e-11
1285.8199999999856,1569.2018340265377,706.7235277084874,0.00018379665307065787,0.0003092891499180627,1.7582505397483003e-11
1285.8299999999856,1569.2018340265377,706.7265486145805,0.00018417981109016413,0.00031138061641332196,1.7858252623253824e-11
1285.8399999999856,1569.2018340265377,706.7295694995115,0.0001845708605844721,0.0003134853296512693,1.8138917751506715e-11
1285.8499999999856,1569.2018340265377,706.7325903632809,0.00018496985031149097,0.0003156033671159296,1.8424596772992363e-11
1285.8599999999856,1569.2018340265377,706.735611205889,0.00018537682960099837,0.0003177348067006861,1.871538764712702e-11
1285.8699999999856,1569.2018340265377,706.7386320273357,0.00018579184835776748,0.00031987972670991584,1.9011390343055512e-11
1285.8799999999856,1569.2018340265377,706.7416528276214,0.00018621495706258302,0.0003220382058612694,1.931270688142146e-11
1285.8899999999855,1569.2018340265377,706.7446736067462,0.0001866462067786899,0.0003242103232874876,1.9619441377505062e-11
1285.8999999999855,1569.2018340265377,706.7476943647107,0.0001870856491556139,0.0003263961585382202,1.9931700084993495e-11
1285.9099999999855,1569.2018340265377,706.7507151015147,0.00018753333644057777,0.0003285957915816787,2.024959144145988e-11
1285.9199999999855,1569.2018340265377,706.7537358171585,0.00018798932147710801,0.0003308093028068738,2.0573226113505647e-11
1285.9299999999855,1569.2018340265377,706.7567565116425,0.0001884536577103561,0.00033303677302578947,2.0902717043544333e-11
1285.9399999999855,1569.2018340265377,706.7597771849668,0.00018892639919199225,0.00033527828347455746,2.1238179497392512e-11
1285.9499999999855,1569.2018340265377,706.7627978371318,0.00018940760059435967,0.0003375339158161415,2.157973111409969e-11
1285.9599999999855,1569.2018340265377,706.7658184681374,0.00018989731719986584,0.0003398037521415156,2.1927491953831895e-11
1285.9699999999855,1569.2018340265377,706.7688390779838,0.00019039560491751435,0.0003420878749722878,2.228158455000967e-11
1285.9799999999855,1569.2018340265377,706.7718596666717,0.000190902520288543,0.00034438636726274525,2.2642133961249654e-11
1285.9899999999855,1569.2018340265377,706.774880234201,0.00019141812047952127,0.00034669931240077805,2.300926782273989e-11
1285.9999999999854,1569.2018340265377,706.7779007805718,0.00019194246330535113,0.0003490267942109667,2.338311640252974e-11
1286.0099999999854,1569.2018340265377,706.7809213057845,0.0001924756072187865,0.00035136889695604325,2.3763812654775946e-11
1286.0199999999854,1569.2018340265377,706.7839418098393,0.00019301761132220228,0.0003537257053389473,2.41514922768484e-11
1286.0299999999854,1569.2018340265377,706.7869622927367,0.00019356853537647379,0.0003560973045050074,2.4546293767327227e-11
1286.0399999999854,1569.2018340265377,706.7899827544763,0.00019412843979663749,0.00035848378004320705,2.4948358483412138e-11
1286.0499999999854,1569.2018340265377,706.7930031950588,0.00019469738566672636,0.00036088521798926837,2.5357830702205243e-11
1286.0599999999854,1569.2018340265377,706.7960236144843,0.00019527543473671165,0.0003633017048270325,2.57748576807471e-11
1286.0699999999854,1569.2018340265377,706.799044012753,0.00019586264943814786,0.0003657333274903847,2.619958971981543e-11
1286.0799999999854,1569.2018340265377,706.8020643898651,0.0001964590928769731,0.0003681801733654566,2.6632180226077665e-11
1286.0899999999854,1569.2018340265377,706.8050847458209,0.0001970648288497822,0.0003706423302928395,2.7072785778664752e-11
1286.0999999999854,1569.2018340265377,706.8081050806205,0.00019767992183831958,0.0003731198865693497,2.7521566194122153e-11
1286.1099999999853,1569.2018340265377,706.8111253942643,0.000198304437028244,0.00037561293095016445,2.7978684596101113e-11
1286.1199999999853,1569.2018340265377,706.8141456867522,0.00019893844030417738,0.0003781215526506817,2.8444307483179417e-11
1286.1299999999853,1569.2018340265377,706.8171659580848,0.00019958199825588401,0.0003806458413492441,2.8918604799748247e-11
1286.1399999999853,1569.2018340265377,706.8201862082623,0.00020023517818756146,0.000383185887188352,2.940175000860774e-11
1286.1499999999853,1569.2018340265377,706.8232064372846,0.00020089804812047738,0.00038574178077711645,2.989392016430102e-11
1286.1599999999853,1569.2018340265377,706.8262266451522,0.00020157067679994417,0.00038831361319352964,3.039529598857461e-11
1286.1699999999853,1569.2018340265377,706.8292468318652,0.00020225313370176998,0.00039090147598616734,3.0906061947250196e-11
1286.1799999999853,1569.2018340265377,706.8322669974239,0.00020294548903097192,0.0003935054611765788,3.1426406327609407e-11
1286.1899999999853,1569.2018340265377,706.8352871418285,0.00020364781373825137,0.000396125661261482,3.195652132007961e-11
1286.1999999999853,1569.2018340265377,706.838307265079,0.00020436017951370138,0.00039876216921409135,3.249660309795307e-11
1286.2099999999853,1569.2018340265377,706.841327367176,0.00020508265880746118,0.0004014150784875102,3.3046851903324814e-11
1286.2199999999852,1569.2018340265377,706.8443474481195,0.00020581532480842176,0.00040408448301587754,3.360747212773914e-11
1286.2299999999852,1569.2018340265377,706.8473675079098,0.00020655825148131404,0.00040677047721668347,3.417867240409792e-11
1286.2399999999852,1569.2018340265377,706.850387546547,0.00020731151356214217,0.0004094731559931154,3.476066569379864e-11
1286.2499999999852,1569.2018340265377,706.8534075640314,0.0002080751865437621,0.0004121926147360001,3.5353669373834666e-11
1286.2599999999852,1569.2018340265377,706.8564275603634,0.00020884934670385588,0.00041492894932646754,3.5957905332918545e-11
1286.2699999999852,1569.2018340265377,706.8594475355429,0.0002096340711031477,0.00041768225613708876,3.6573600064361114e-11
1286.2799999999852,1569.2018340265377,706.8624674895703,0.00021042943760412418,0.0004204526320350677,3.720098476477475e-11
1286.2899999999852,1569.2018340265377,706.8654874224458,0.0002112355248431281,0.00042324017438379974,3.784029542631399e-11
1286.2999999999852,1569.2018340265377,706.8685073341696,0.00021205241226755542,0.0004260449810455754,3.849177294248602e-11
1286.3099999999852,1569.2018340265377,706.8715272247421,0.00021288018012847944,0.0004288671503831426,3.915566320807486e-11
1286.3199999999852,1569.2018340265377,706.8745470941633,0.00021371890949838926,0.0004317067812623247,3.9832217225855824e-11
1286.3299999999851,1569.2018340265377,706.8775669424333,0.00021456868225048204,0.0004345639730538976,4.0521691208245504e-11
1286.3399999999851,1569.2018340265377,706.8805867695527,0.00021542958109259312,0.00043743882563656563,4.122434669141213e-11
1286.3499999999851,1569.2018340265377,706.8836065755215,0.0002163016895517803,0.0004403314393982073,4.194045064215795e-11
1286.3599999999851,1569.2018340265377,706.88662636034,0.0002171850920029149,0.000443241915238531,4.267027557567033e-11
1286.369999999985,1569.2018340265377,706.8896461240082,0.00021807987364562645,0.0004461703545714237,4.341409966561845e-11
1286.379999999985,1569.2018340265377,706.8926658665266,0.00021898612053678927,0.0004491168593271873,4.4172206867359665e-11
1286.389999999985,1569.2018340265377,706.8956855878954,0.00021990391957653905,0.00045208153195458006,4.494488703445332e-11
1286.399999999985,1569.2018340265377,706.8987052881147,0.0002208333585311997,0.0004550644754230593,4.5732436045013325e-11
1286.409999999985,1569.2018340265377,706.9017249671847,0.00022177452601864213,0.0004580657932252752,4.653515592302739e-11
1286.419999999985,1569.2018340265377,706.9047446251058,0.00022272751152628808,0.00046108558937934515,4.7353354968810794e-11
1286.429999999985,1569.2018340265377,706.907764261878,0.00022369240542763835,0.0004641239684307924,4.818734789189508e-11
1286.439999999985,1569.2018340265377,706.9107838775017,0.00022466929896816442,0.0004671810354551724,4.9037455940228315e-11
1286.449999999985,1569.2018340265377,706.913803471977,0.00022565828427842865,0.0004702568960602554,4.990400703769719e-11
1286.459999999985,1569.2018340265377,706.9168230453041,0.00022665945437131207,0.00047335165638832645,5.0787335921017176e-11
1286.469999999985,1569.2018340265377,706.9198425974836,0.0002276729031839445,0.0004764654231187356,5.168778428951045e-11
1286.479999999985,1569.2018340265377,706.922862128515,0.0002286987255334063,0.0004795983034691515,5.260570093830538e-11
1286.489999999985,1569.2018340265377,706.9258816383992,0.00022973701715067182,0.000482750405199888,5.354144191249064e-11
1286.499999999985,1569.2018340265377,706.9289011271362,0.00023078787468227917,0.0004859218366142407,5.4495370656297223e-11
1286.509999999985,1569.2018340265377,706.9319205947262,0.00023185139570166521,0.0004891127065618756,5.546785816824906e-11
1286.519999999985,1569.2018340265377,706.9349400411693,0.00023292767869811227,0.000492323124440834,5.645928315381894e-11
1286.529999999985,1569.2018340265377,706.9379594664657,0.0002340168231071726,0.0004955532002001144,5.747003219127046e-11
1286.539999999985,1569.2018340265377,706.940978870616,0.0002351189292886587,0.0004988030443422986,5.850049988819157e-11
1286.549999999985,1569.2018340265377,706.9439982536202,0.00023623409854653306,0.0005020727679248096,5.955108905104961e-11
1286.559999999985,1569.2018340265377,706.9470176154782,0.00023736243315321964,0.0005053624825632727,6.062221086001652e-11
1286.569999999985,1569.2018340265377,706.9500369561907,0.0002385040363270971,0.0005086723004341483,6.171428503533969e-11
1286.579999999985,1569.2018340265377,706.9530562757578,0.0002396590122313603,0.0005120023342761441,6.282774001197047e-11
1286.589999999985,1569.2018340265377,706.9560755741797,0.00024082746602473718,0.0005153526973932282,6.396301313178241e-11
1286.599999999985,1569.2018340265377,706.9590948514565,0.00024200950382993026,0.0005187235036566653,6.512055081799916e-11
1286.609999999985,1569.2018340265377,706.9621141075884,0.00024320523274236976,0.000522114867508058,6.630080876381563e-11
1286.6199999999849,1569.2018340265377,706.9651333425759,0.000244414760842022,0.0005255269039615338,6.75042521255112e-11
1286.6299999999849,1569.2018340265377,706.9681525564191,0.0002456381972202182,0.0005289597286056578,6.873135572369103e-11
1286.6399999999849,1569.2018340265377,706.971171749118,0.0002468756519483438,0.0005324134576059946,6.998260423262007e-11
1286.6499999999849,1569.2018340265377,706.974190920673,0.00024812723610564367,0.0005358882077085961,7.125849238999668e-11
1286.6599999999848,1569.2018340265377,706.9772100710844,0.00024939306177709547,0.0005393840962412928,7.255952520203651e-11
1286.6699999999848,1569.2018340265377,706.9802292003524,0.00025067324208105705,0.000542901241116408,7.388621816170623e-11
1286.6799999999848,1569.2018340265377,706.9832483084771,0.00025196789114542413,0.0005464397608334994,7.523909745636391e-11
1286.6899999999848,1569.2018340265377,706.9862673954586,0.0002532771241164348,0.0005499997744815678,7.661870018880196e-11
1286.6999999999848,1569.2018340265377,706.9892864612975,0.0002546010571944004,0.0005535814017420809,7.802557461126389e-11
1286.7099999999848,1569.2018340265377,706.9923055059938,0.00025593980759862546,0.0005571847628906643,7.946028034234058e-11
1286.7199999999848,1569.2018340265377,706.9953245295478,0.00025729349361770137,0.0005608099788001424,8.092338861472216e-11
1286.7299999999848,1569.2018340265377,706.9983435319597,0.00025866223458210835,0.0005644571709429068,8.24154825037883e-11
1286.7399999999848,1569.2018340265377,707.0013625132295,0.0002600461508745708,0.0005681264613933063,8.393715717236787e-11
1286.7499999999848,1569.2018340265377,707.0043814733579,0.00026144536394684257,0.0005718179728307148,8.548902012279081e-11
1286.7599999999848,1569.2018340265377,707.0074004123446,0.00026285999632824663,0.0005755318285411077,8.707169145102195e-11
1286.7699999999847,1569.2018340265377,707.0104193301901,0.0002642901716271151,0.0005792681524204214,8.868580410408579e-11
1286.7799999999847,1569.2018340265377,707.0134382268948,0.0002657360145076404,0.0005830270689772634,9.033200413401159e-11
1286.7899999999847,1569.2018340265377,707.0164571024585,0.0002671976507571932,0.0005868087033340443,9.20109509869451e-11
1286.7999999999847,1569.2018340265377,707.0194759568816,0.0002686752072448507,0.0005906131812312464,9.372331776227764e-11
1286.8099999999847,1569.2018340265377,707.0224947901644,0.00027016881193841705,0.0005944406290292897,9.546979149592948e-11
1286.8199999999847,1569.2018340265377,707.0255136023071,0.00027167859391612556,0.000598291173710968,9.725107344777842e-11
1286.8299999999847,1569.2018340265377,707.02853239331,0.00027320468336382357,0.0006021649428841784,9.906787938976885e-11
1286.8399999999847,1569.2018340265377,707.031551163173,0.0002747472116064257,0.0006060620647842311,1.0092093991202897e-10
1286.8499999999847,1569.2018340265377,707.0345699118966,0.00027630631107792566,0.0006099826682771748,1.0281100071309971e-10
1286.8599999999847,1569.2018340265377,707.0375886394811,0.00027788211533909875,0.0006139268828621294,1.0473882291282133e-10
1286.8699999999847,1569.2018340265377,707.0406073459266,0.00027947475911002564,0.0006178948386731693,1.0670518337718913e-10
1286.8799999999846,1569.2018340265377,707.0436260312331,0.0002810843782514849,0.0006218866664826671,1.0871087503097015e-10
1286.8899999999846,1569.2018340265377,707.046644695401,0.0002827111097635608,0.0006259024977041104,1.1075670718255627e-10
1286.8999999999846,1569.2018340265377,707.0496633384307,0.00028435509180491206,0.0006299424643944349,1.1284350586312295e-10
1286.9099999999846,1569.2018340265377,707.0526819603224,0.00028601646370958055,0.0006340066992565223,1.1497211417187615e-10
1286.9199999999846,1569.2018340265377,707.0557005610759,0.0002876953659784366,0.0006380953356415558,1.1714339261800785e-10
1286.9299999999846,1569.2018340265377,707.0587191406918,0.00028939194028043723,0.0006422085075529133,1.193582194736964e-10
1286.9399999999846,1569.2018340265377,707.0617376991704,0.0002911063294790888,0.0006463463496480812,1.2161749114378428e-10
1286.9499999999846,1569.2018340265377,707.0647562365116,0.00029283867761718623,0.0006505089972403996,1.239221225255165e-10
1286.9599999999846,1569.2018340265377,707.0677747527159,0.00029458912993034946,0.0006546965863037845,1.2627304738834287e-10
1286.9699999999846,1569.2018340265377,707.0707932477832,0.000296357832872304,0.0006589092534733817,1.2867121876494913e-10
1286.9799999999846,1569.2018340265377,707.073811721714,0.00029814493408631966,0.0006631471360501806,1.311176093283251e-10
1286.9899999999845,1569.2018340265377,707.0768301745087,0.0002999505824397857,0.0006674103720022997,1.336132118022268e-10
1286.9999999999845,1569.2018340265377,707.0798486061669,0.0003017749280168023,0.0006716990999675432,1.3615903936198534e-10
1287.0099999999845,1569.2018340265377,707.0828670166894,0.0003036181221369536,0.0006760134592580561,1.387561260556801e-10
1287.0199999999845,1569.2018340265377,707.0858854060762,0.00030548031732471393,0.0006803535898608209,1.4140552720938856e-10
1287.0299999999845,1569.2018340265377,707.0889037743275,0.0003073616673916817,0.0006847196324418547,1.4410831989383116e-10
1287.0399999999845,1569.2018340265377,707.0919221214435,0.00030926232736151044,0.000689111728348147,1.4686560332658606e-10
1287.0499999999845,1569.2018340265377,707.0949404474245,0.000311182453517937,0.0006935300196109279,1.4967849933976605e-10
1287.0599999999845,1569.2018340265377,707.0979587522709,0.0003131222033925149,0.0006979746489485924,1.525481528284915e-10
1287.0699999999845,1569.2018340265377,707.1009770359825,0.0003150817357953521,0.0007024457597683285,1.55475732228286e-10
1287.0799999999845,1569.2018340265377,707.1039952985598,0.00031706121081701786,0.0007069434961703968,1.584624299892592e-10
1287.0899999999845,1569.2018340265377,707.107013540003,0.0003190607898148065,0.0007114680029502667,1.6150946305059411e-10
1287.0999999999844,1569.2018340265377,707.1100317603123,0.00032108063541142146,0.0007160194256010786,1.646180733302342e-10
1287.1099999999844,1569.2018340265377,707.1130499594879,0.0003231209115408492,0.0007205979103169662,1.6778952824880185e-10
1287.1199999999844,1569.2018340265377,707.11606813753,0.00032518178344890234,0.0007252036039956971,1.710251212407621e-10
1287.1299999999844,1569.2018340265377,707.1190862944387,0.0003272634176610259,0.0007298366542413455,1.74326172257967e-10
1287.1399999999844,1569.2018340265377,707.1221044302147,0.0003293659820122234,0.000734497209367981,1.7769402831584424e-10
1287.1499999999844,1569.2018340265377,707.1251225448577,0.0003314896456734303,0.0007391854184007887,1.811300640477619e-10
1287.1599999999844,1569.2018340265377,707.1281406383682,0.0003336345791011772,0.000743901431080645,1.8463568223002158e-10
1287.1699999999844,1569.2018340265377,707.1311587107463,0.000335800954133837,0.0007486453978659455,1.8821231439609724e-10
1287.1799999999844,1569.2018340265377,707.1341767619922,0.0003379889438947373,0.0007534174699361736,1.9186142135689288e-10
1287.1899999999844,1569.2018340265377,707.1371947921064,0.0003401987228822771,0.0007582177991944272,1.95584493834769e-10
1287.1999999999844,1569.2018340265377,707.1402128010886,0.00034243046693339566,0.0007630465382695771,1.9938305303864431e-10
1287.2099999999843,1569.2018340265377,707.1432307889395,0.000344684353239983,0.0007679038405207868,2.0325865128128208e-10
1287.2199999999843,1569.2018340265377,707.1462487556593,0.0003469605603420335,0.0007727898600393344,2.0721287259357256e-10
1287.2299999999843,1569.2018340265377,707.1492667012478,0.0003492592681845731,0.000777704751650956,2.1124733338907226e-10
1287.2399999999843,1569.2018340265377,707.1522846257056,0.00035158065803105813,0.0007826486709204312,2.1536368305642362e-10
1287.2499999999843,1569.2018340265377,707.1553025290328,0.00035392491259866833,0.000787621774153024,2.19563604695942e-10
1287.2599999999843,1569.2018340265377,707.1583204112297,0.0003562922159076823,0.0007926242183983477,2.23848815696637e-10
1287.2699999999843,1569.2018340265377,707.1613382722966,0.0003586827534342445,0.0007976561614527483,2.282210685109962e-10
1287.2799999999843,1569.2018340265377,707.1643561122333,0.00036109671204249684,0.0008027177618620586,2.3268215130798183e-10
1287.2899999999843,1569.2018340265377,707.1673739310404,0.0003635342799857847,0.0008078091789254999,2.3723388868165213e-10
1287.2999999999843,1569.2018340265377,707.1703917287182,0.000365995646939139,0.0008129305726982881,2.4187814239314077e-10
1287.3099999999843,1569.2018340265377,707.1734095052666,0.00036848100401495334,0.0008180821039934411,2.466168121161255e-10
1287.3199999999842,1569.2018340265377,707.176427260686,0.0003709905437169915,0.0008232639343864862,2.5145183615690173e-10
1287.3299999999842,1569.2018340265377,707.1794449949764,0.00037352446002868547,0.0008284762262173097,2.56385192276728e-10
1287.3399999999842,1569.2018340265377,707.1824627081385,0.00037608294831395847,0.0008337191425943119,2.614188984042021e-10
1287.3499999999842,1569.2018340265377,707.1854804001722,0.0003786662054329855,0.0008389928473956644,2.6655501350663607e-10
1287.3599999999842,1569.2018340265377,707.1884980710776,0.0003812744296831219,0.0008442975052732797,2.7179563835949674e-10
1287.3699999999842,1569.2018340265377,707.1915157208551,0.00038390782080274544,0.0008496332816568486,2.771429163734343e-10
1287.3799999999842,1569.2018340265377,707.1945333495049,0.0003865665800199674,0.0008550003427548793,2.8259903446785386e-10
1287.3899999999842,1569.2018340265377,707.1975509570275,0.0003892509100100487,0.0008603988555597372,2.8816622389791944e-10
1287.3999999999842,1569.2018340265377,707.2005685434226,0.00039196101497029575,0.0008658289878482628,2.9384676118043803e-10
1287.4099999999842,1569.2018340265377,707.2035861086905,0.00039469710053640256,0.0008712909081870584,2.9964296892302703e-10
1287.4199999999842,1569.2018340265377,707.206603652832,0.00039745937384754615,0.0008767847859357748,3.0555721677827203e-10
1287.4299999999841,1569.2018340265377,707.2096211758467,0.0004002480435572091,0.0008823107912470907,3.1159192237398135e-10
1287.4399999999841,1569.2018340265377,707.212638677735,0.00040306331981801723,0.000887869095073089,3.1774955224528766e-10
1287.4499999999841,1569.2018340265377,707.2156561584972,0.00040590541427885034,0.0008934598691671062,3.2403262279015104e-10
1287.4599999999841,1569.2018340265377,707.2186736181335,0.0004087745401077092,0.0008990832860866254,3.304437012640987e-10
1287.469999999984,1569.2018340265377,707.2216910566441,0.0004116709120294246,0.0009047395191963705,3.3698540680685093e-10
1287.479999999984,1569.2018340265377,707.2247084740292,0.0004145947462559798,0.0009104287426718405,3.4366041140116486e-10
1287.489999999984,1569.2018340265377,707.227725870289,0.00041754626056783394,0.0009161511315022226,3.5047144097255883e-10
1287.499999999984,1569.2018340265377,707.2307432454238,0.00042052567426419053,0.0009219068614937306,3.574212764022873e-10
1287.509999999984,1569.2018340265377,707.2337605994338,0.00042353320822364696,0.000927696109272104,3.6451275465112167e-10
1287.519999999984,1569.2018340265377,707.2367779323192,0.0004265690848634473,0.000933519052286383,3.717487698195817e-10
1287.529999999984,1569.2018340265377,707.2397952440803,0.00042963352816506714,0.0009393758688118667,3.791322742837636e-10
1287.539999999984,1569.2018340265377,707.2428125347171,0.00043272676367539547,0.0009452667379532509,3.866662798318382e-10
1287.549999999984,1569.2018340265377,707.2458298042302,0.00043584901852995587,0.0009511918396480427,3.943538588418477e-10
1287.559999999984,1569.2018340265377,707.2488470526193,0.0004390005214538648,0.0009571513546685977,4.021981454609658e-10
1287.569999999984,1569.2018340265377,707.251864279885,0.0004421815027407948,0.0009631454646273342,4.1020233678888757e-10
1287.579999999984,1569.2018340265377,707.2548814860277,0.00044539219426896503,0.0009691743519788048,4.183696941141742e-10
1287.589999999984,1569.2018340265377,707.2578986710472,0.0004486328295827687,0.0009752382000217662,4.267035442366433e-10
1287.599999999984,1569.2018340265377,707.2609158349438,0.0004519036437612996,0.0009813371929041845,4.3520728061588484e-10
1287.609999999984,1569.2018340265377,707.2639329777178,0.00045520487356434035,0.0009874715156257942,4.4388436480230365e-10
1287.619999999984,1569.2018340265377,707.2669500993695,0.0004585367573006966,0.0009936413540417718,4.527383276293775e-10
1287.629999999984,1569.2018340265377,707.2699671998992,0.00046189953498566595,0.0009998468948648194,4.6177277070817913e-10
1287.639999999984,1569.2018340265377,707.2729842793067,0.00046529344822411194,0.0010060883256688515,4.709913676819344e-10
1287.649999999984,1569.2018340265377,707.2760013375926,0.00046871874027446214,0.0010123658348934427,4.803978656831984e-10
1287.659999999984,1569.2018340265377,707.279018374757,0.0004721756560282672,0.0010186796118456475,4.899960867313943e-10
1287.669999999984,1569.2018340265377,707.2820353908003,0.00047566444205053213,0.0010250298467037661,4.997899292204809e-10
1287.679999999984,1569.2018340265377,707.2850523857223,0.0004791853465835634,0.0010314167305201089,5.097833693965212e-10
1287.689999999984,1569.2018340265377,707.2880693595235,0.00048273861951492794,0.0010378404552254937,5.199804628256311e-10
1287.699999999984,1569.2018340265377,707.2910863122044,0.00048632451239666535,0.001044301213632065,5.303853459411446e-10
1287.709999999984,1569.2018340265377,707.2941032437648,0.000489943278490377,0.001050799199435367,5.410022376480232e-10
1287.7199999999839,1569.2018340265377,707.2971201542048,0.0004935951727282217,0.0010573346072186036,5.5183544086759e-10
1287.7299999999839,1569.2018340265377,707.300137043525,0.00049728045174765,0.0010639076324572164,5.628893441919161e-10
1287.7399999999839,1569.2018340265377,707.3031539117255,0.0005009993738560559,0.0010705184715202104,5.741684234868849e-10
1287.7499999999839,1569.2018340265377,707.3061707588066,0.0005047521991059248,0.0010771673216739977,5.856772436530312e-10
1287.7599999999838,1569.2018340265377,707.3091875847684,0.000508539189262141,0.0010838543810862055,5.974204602966596e-10
1287.7699999999838,1569.2018340265377,707.312204389611,0.0005123606078174675,0.001090579848828285,6.094028214852585e-10
1287.7799999999838,1569.2018340265377,707.315221173335,0.00051621671993134,0.001097343924880893,6.216291694466285e-10
1287.7899999999838,1569.2018340265377,707.3182379359403,0.0005201077925535736,0.001104146810133938,6.341044425142053e-10
1287.7999999999838,1569.2018340265377,707.3212546774272,0.000524034094366149,0.0011109887063927735,6.468336768985074e-10
1287.8099999999838,1569.2018340265377,707.3242713977959,0.0005279958958070674,0.001117869816380013,6.598220085843503e-10
1287.8199999999838,1569.2018340265377,707.3272880970468,0.0005319934690220248,0.0011247903437402289,6.730746751761429e-10
1287.8299999999838,1569.2018340265377,707.3303047751799,0.0005360270879712999,0.0011317504930415132,6.865970179682813e-10
1287.8399999999838,1569.2018340265377,707.3333214321955,0.0005400970283550746,0.0011387504697804565,7.003944838292808e-10
1287.8499999999838,1569.2018340265377,707.3363380680937,0.0005442035676356074,0.00114579048038501,7.144726272392393e-10
1287.8599999999838,1569.2018340265377,707.3393546828752,0.0005483469850701033,0.0011528707322187404,7.288371123816595e-10
1287.8699999999837,1569.2018340265377,707.3423712765396,0.000552527561710012,0.0011599914335812828,7.43493715225498e-10
1287.8799999999837,1569.2018340265377,707.3453878490874,0.0005567455804002271,0.0011671527937160673,7.584483256538149e-10
1287.8899999999837,1569.2018340265377,707.3484044005189,0.0005610013257513306,0.0011743550228108222,7.737069495844091e-10
1287.8999999999837,1569.2018340265377,707.3514209308341,0.0005652950841920524,0.0011815983320012605,7.892757112424932e-10
1287.9099999999837,1569.2018340265377,707.3544374400336,0.0005696271440191914,0.001188882933376467,8.05160855477063e-10
1287.9199999999837,1569.2018340265377,707.3574539281171,0.0005739977952680646,0.0011962090399790636,8.21368749859075e-10
1287.9299999999837,1569.2018340265377,707.3604703950853,0.0005784073298541514,0.0012035768658125372,8.379058872095316e-10
1287.9399999999837,1569.2018340265377,707.3634868409382,0.0005828560414473541,0.0012109866258419664,8.547788877832341e-10
1287.9499999999837,1569.2018340265377,707.3665032656761,0.000587344225658629,0.0012184385359980511,8.719945019496647e-10
1287.9599999999837,1569.2018340265377,707.369519669299,0.0005918721798964259,0.0012259328131808854,8.895596124407389e-10
1287.9699999999837,1569.2018340265377,707.3725360518073,0.0005964402034324155,0.0012334696752637347,9.074812369453173e-10
1287.9799999999836,1569.2018340265377,707.3755524132014,0.0006010485973458158,0.0012410493410971546,9.257665305692022e-10
1287.9899999999836,1569.2018340265377,707.3785687534812,0.000605697664612391,0.0012486720305099116,9.444227885551057e-10
1287.9999999999836,1569.2018340265377,707.381585072647,0.0006103877101426183,0.0012563379643150921,9.634574489863416e-10
1288.0099999999836,1569.2018340265377,707.3846013706991,0.000615119040605015,0.001264047364313053,9.828780951942378e-10
1288.0199999999836,1569.2018340265377,707.3876176476377,0.0006198919646100827,0.0012718004532944196,1.0026924587760818e-09
1288.0299999999836,1569.2018340265377,707.3906339034633,0.000624706792685793,0.001279597455044191,1.022908422343643e-09
1288.0399999999836,1569.2018340265377,707.3936501381755,0.0006295638372011918,0.0012874385943438286,1.043534022229242e-09
1288.0499999999836,1569.2018340265377,707.3966663517749,0.0006344634124775648,0.0012953240969771822,1.0645774515537617e-09
1288.0599999999836,1569.2018340265377,707.3996825442617,0.0006394058347170689,0.0013032541897328956,1.086047063043822e-09
1288.0699999999836,1569.2018340265377,707.4026987156363,0.0006443914220375437,0.0013112291004079763,1.1079513720766696e-09
1288.0799999999836,1569.2018340265377,707.4057148658985,0.0006494204944891397,0.00131924905780988,1.1302990597481554e-09
1288.0899999999835,1569.2018340265377,707.4087309950488,0.0006544933740210521,0.0013273142917637247,1.1530989759175157e-09
1288.0999999999835,1569.2018340265377,707.4117471030874,0.0006596103845522326,0.00133542503311257,1.1763601424764123e-09
1288.1099999999835,1569.2018340265377,707.4147631900146,0.000664771851936499,0.0013435815137231618,1.2000917565015179e-09
1288.1199999999835,1569.2018340265377,707.4177792558304,0.0006699781039758453,0.0013517839664870883,1.2243031935393676e-09
1288.1299999999835,1569.2018340265377,707.420795300535,0.0006752294703817683,0.0013600326253268773,1.249004010863161e-09
1288.1399999999835,1569.2018340265377,707.423811324129,0.0006805262828872895,0.0013683277251996307,1.274203951060896e-09
1288.1499999999835,1569.2018340265377,707.4268273266123,0.0006858688751425123,0.001376669502097879,1.2999129452828173e-09
1288.1599999999835,1569.2018340265377,707.4298433079852,0.0006912575828511996,0.0013850581930563272,1.3261411170084562e-09
1288.1699999999835,1569.2018340265377,707.4328592682477,0.0006966927435959506,0.001393494036153649,1.3528987852804947e-09
1288.1799999999835,1569.2018340265377,707.4358752074005,0.0007021746969631076,0.00140197727051773,1.3801964685724288e-09
1288.1899999999835,1569.2018340265377,707.4388911254437,0.0007077037846001946,0.001410508136327763,1.4080448885972838e-09
1288.1999999999834,1569.2018340265377,707.441907022377,0.0007132803500766017,0.0014190868748172527,1.4364549737949507e-09
1288.2099999999834,1569.2018340265377,707.4449228982012,0.0007189047390237707,0.0014277137282815752,1.4654378634441801e-09
1288.2199999999834,1569.2018340265377,707.4479387529165,0.0007245772990311525,0.0014363889400778262,1.4950049113428771e-09
1288.2299999999834,1569.2018340265377,707.4509545865227,0.000730298379744824,0.0014451127546288001,1.5251676899724115e-09
1288.2399999999834,1569.2018340265377,707.4539703990204,0.0007360683328138616,0.0014538854174293314,1.5559379944293258e-09
1288.2499999999834,1569.2018340265377,707.4569861904096,0.0007418875119439374,0.0014627071750473969,1.5873278466379081e-09
1288.2599999999834,1569.2018340265377,707.4600019606906,0.0007477562728013618,0.0014715782751294822,1.619349499327739e-09
1288.2699999999834,1569.2018340265377,707.4630177098638,0.0007536749731759863,0.001480498966403306,1.6520154406308462e-09
1288.2799999999834,1569.2018340265377,707.4660334379291,0.0007596439729201363,0.0014894694986812376,1.6853383982831103e-09
1288.2899999999834,1569.2018340265377,707.469049144887,0.0007656636338363875,0.0014984901228660605,1.7193313437819083e-09
1288.2999999999834,1569.2018340265377,707.4720648307376,0.00077173431985758,0.0015075610909526958,1.7540074972572141e-09
1288.3099999999833,1569.2018340265377,707.475080495481,0.0007778563970033994,0.0015166826560319454,1.7893803319402178e-09
1288.3199999999833,1569.2018340265377,707.4780961391177,0.0007840302332902117,0.0015258550722963473,1.825463578600342e-09
1288.3299999999833,1569.2018340265377,707.4811117616475,0.0007902561989413657,0.0015350785950408153,1.8622712307433483e-09
1288.3399999999833,1569.2018340265377,707.4841273630713,0.0007965346660855909,0.0015443534806709584,1.8998175487242044e-09
1288.3499999999833,1569.2018340265377,707.4871429433887,0.0008028660091166844,0.001553679986700932,1.9381170654625987e-09
1288.3599999999833,1569.2018340265377,707.4901585026,0.0008092506044244132,0.0015630583717617785,1.9771845907941864e-09
1288.3699999999833,1569.2018340265377,707.4931740407058,0.0008156888305623101,0.001572488895604551,2.017035216928803e-09
1288.3799999999833,1569.2018340265377,707.4961895577059,0.0008221810680877284,0.0015819718191019871,2.057684323201449e-09
1288.3899999999833,1569.2018340265377,707.4992050536008,0.0008287276998101572,0.0015915074042551632,2.0991475819301144e-09
1288.3999999999833,1569.2018340265377,707.5022205283906,0.0008353291105851962,0.0016010959141944925,2.1414409632296416e-09
1288.4099999999833,1569.2018340265377,707.5052359820754,0.0008419856874210112,0.0016107376131856692,2.1845807407032966e-09
1288.4199999999832,1569.2018340265377,707.5082514146558,0.0008486978194040604,0.0016204327666335561,2.2285834967674196e-09
1288.4299999999832,1569.2018340265377,707.5112668261316,0.0008554658978640296,0.0016301816410838128,2.2734661286862977e-09
1288.4399999999832,1569.2018340265377,707.5142822165033,0.0008622903161823685,0.0016399845042289617,2.3192458537882206e-09
1288.4499999999832,1569.2018340265377,707.517297585771,0.0008691714699728439,0.0016498416249118766,2.3659402157485567e-09
1288.4599999999832,1569.2018340265377,707.5203129339349,0.0008761097568955348,0.0016597532731285425,2.4135670899953178e-09
1288.4699999999832,1569.2018340265377,707.5233282609954,0.0008831055768954285,0.0016697197200338013,2.4621446903716427e-09
1288.4799999999832,1569.2018340265377,707.5263435669524,0.0008901593320735069,0.001679741237941842,2.511691574896251e-09
1288.4899999999832,1569.2018340265377,707.5293588518064,0.0008972714265924258,0.0016898181003349834,2.5622266517259085e-09
1288.4999999999832,1569.2018340265377,707.5323741155576,0.0009044422669285712,0.001699950581863823,2.61376918618022e-09
1288.5099999999832,1569.2018340265377,707.5353893582061,0.0009116722616476525,0.0017101389583518635,2.6663388065457442e-09
1288.5199999999832,1569.2018340265377,707.5384045797522,0.0009189618216195073,0.0017203835068002001,2.7199555112435823e-09
1288.5299999999831,1569.2018340265377,707.5414197801961,0.0009263113598381908,0.0017306845053910388,2.7746396749677926e-09
1288.5399999999831,1569.2018340265377,707.544434959538,0.0009337212915144378,0.0017410422334916428,2.8304120557258685e-09
1288.5499999999831,1569.2018340265377,707.5474501177782,0.0009411920340424015,0.0017514569716586392,2.8872938016295316e-09
1288.5599999999831,1569.2018340265377,707.5504652549167,0.0009487240071341044,0.001761929001639991,2.9453064583082035e-09
1288.569999999983,1569.2018340265377,707.5534803709539,0.0009563176326172936,0.0017724586063824856,3.004471975431836e-09
1288.579999999983,1569.2018340265377,707.5564954658903,0.0009639733345692456,0.0017830460700337333,3.064812714359744e-09
1288.589999999983,1569.2018340265377,707.5595105397256,0.0009716915393646484,0.0017936916779437,3.126351455663436e-09
1288.599999999983,1569.2018340265377,707.5625255924602,0.0009794726756127904,0.0018043957166734741,3.189111406449813e-09
1288.609999999983,1569.2018340265377,707.5655406240945,0.0009873171740703605,0.0018151584739960485,3.253116207689249e-09
1288.619999999983,1569.2018340265377,707.5685556346285,0.0009952254678751787,0.0018259802389006708,3.3183899427339067e-09
1288.629999999983,1569.2018340265377,707.5715706240627,0.0010031979923329928,0.0018368613015984719,3.384957144518911e-09
1288.639999999983,1569.2018340265377,707.5745855923968,0.001011235185060662,0.001847801953522759,3.45284280404322e-09
1288.649999999983,1569.2018340265377,707.5776005396316,0.001019337485965041,0.0018588024873387732,3.5220723784870046e-09
1288.659999999983,1569.2018340265377,707.5806154657671,0.0010275053371263765,0.0018698631969423455,3.5926717990866622e-09
1288.669999999983,1569.2018340265377,707.5836303708035,0.001035739183078141,0.0018809843774659403,3.664667480550008e-09
1288.679999999983,1569.2018340265377,707.5866452547409,0.001044039470470286,0.0018921663252831138,3.738086328470032e-09
1288.689999999983,1569.2018340265377,707.5896601175796,0.0010524066483426596,0.0019034093380116692,3.812955749003206e-09
1288.699999999983,1569.2018340265377,707.59267495932,0.0010608411680159144,0.0019147137145198415,3.889303657373268e-09
1288.709999999983,1569.2018340265377,707.5956897799623,0.0010693434830756166,0.001926079754926914,3.967158486819259e-09
1288.719999999983,1569.2018340265377,707.5987045795063,0.0010779140495578991,0.001937507760607667,4.046549198461626e-09
1288.729999999983,1569.2018340265377,707.6017193579527,0.0010865533256275595,0.001948998034201578,4.1275052894633e-09
1288.739999999983,1569.2018340265377,707.6047341153015,0.0010952617718503147,0.001960550879610019,4.210056803494531e-09
1288.749999999983,1569.2018340265377,707.6077488515531,0.0011040398511803406,0.001972166602004156,4.29423434036594e-09
1288.759999999983,1569.2018340265377,707.6107635667075,0.0011128880288254984,0.0019838455078281824,4.380069065318836e-09
1288.769999999983,1569.2018340265377,707.6137782607649,0.0011218067723943797,0.0019955879048024904,4.4675927195633566e-09
1288.779999999983,1569.2018340265377,707.6167929337258,0.0011307965517772202,0.0020073941019312937,4.556837629970949e-09
1288.789999999983,1569.2018340265377,707.6198075855904,0.0011398578392054588,0.002019264409501398,4.647836719590796e-09
1288.799999999983,1569.2018340265377,707.6228222163584,0.0011489911093584318,0.0020311991390884886,4.740623518581714e-09
1288.809999999983,1569.2018340265377,707.6258368260305,0.0011581968392701627,0.0020431986035648175,4.8352321745220575e-09
1288.8199999999829,1569.2018340265377,707.628851414607,0.0011674755081688977,0.002055263117097938,4.931697462543727e-09
1288.8299999999829,1569.2018340265377,707.6318659820879,0.0011768275978480405,0.0020673929951575093,5.030054797905867e-09
1288.8399999999829,1569.2018340265377,707.6348805284734,0.0011862535924250532,0.0020795885545184687,5.130340246198097e-09
1288.8499999999829,1569.2018340265377,707.6378950537637,0.001195753978402512,0.00209185011326563,5.232590534985477e-09
1288.8599999999828,1569.2018340265377,707.6409095579594,0.0012053292446165243,0.0021041779908001225,5.336843065170734e-09
1288.8699999999828,1569.2018340265377,707.6439240410602,0.001214979882339599,0.00211657250783752,5.443135923181468e-09
1288.8799999999828,1569.2018340265377,707.6469385030666,0.00122470638526787,0.002129033986417966,5.551507892919241e-09
1288.8899999999828,1569.2018340265377,707.6499529439787,0.0012345092494910211,0.0021415627499075576,5.6619984677788965e-09
1288.8999999999828,1569.2018340265377,707.6529673637968,0.0012443889734184675,0.0021541591230029578,5.774647862671507e-09
1288.9099999999828,1569.2018340265377,707.6559817625214,0.0012543460580466867,0.002166823431736501,5.889497027830791e-09
1288.9199999999828,1569.2018340265377,707.6589961401521,0.001264381006643497,0.00217955600347653,6.006587660118091e-09
1288.9299999999828,1569.2018340265377,707.6620104966895,0.001274494324959833,0.0021923571669372937,6.125962217019609e-09
1288.9399999999828,1569.2018340265377,707.665024832134,0.0012846865211922308,0.0022052272521802703,6.247663929668624e-09
1288.9499999999828,1569.2018340265377,707.6680391464854,0.0012949581059606846,0.00221816659061542,6.3717368161453955e-09
1288.9599999999828,1569.2018340265377,707.6710534397441,0.0013053095923158972,0.002231175515011166,6.4982256951847505e-09
1288.9699999999827,1569.2018340265377,707.6740677119104,0.0013157414957558943,0.00224425435949473,6.627176200101871e-09
1288.9799999999827,1569.2018340265377,707.6770819629845,0.001326254334243275,0.0022574034595572896,6.758634792980444e-09
1288.9899999999827,1569.2018340265377,707.6800961929667,0.001336848628222929,0.002270623152058667,6.8926487790968546e-09
1288.9999999999827,1569.2018340265377,707.6831104018569,0.0013475249005656346,0.0022839137752285184,7.029266321176295e-09
1289.0099999999827,1569.2018340265377,707.6861245896556,0.0013582836766360463,0.002297275668677082,7.168536454580006e-09
1289.0199999999827,1569.2018340265377,707.689138756363,0.0013691254841835193,0.0023107091733928623,7.310509101732666e-09
1289.0299999999827,1569.2018340265377,707.6921529019793,0.001380050853547395,0.002324214631749337,7.455235088506643e-09
1289.0399999999827,1569.2018340265377,707.6951670265046,0.00139106031754,0.0023377923875097114,7.602766159158467e-09
1289.0499999999827,1569.2018340265377,707.698181129939,0.001402154411475186,0.0023514427858301167,7.753154992268197e-09
1289.0599999999827,1569.2018340265377,707.7011952122833,0.0014133336729531538,0.0023651661732669634,7.906455215609321e-09
1289.0699999999827,1569.2018340265377,707.7042092735373,0.0014245986423958503,0.002378962897774943,8.062721425380242e-09
1289.0799999999826,1569.2018340265377,707.7072233137011,0.0014359498624946536,0.002392833308715418,8.222009199749603e-09
1289.0899999999826,1569.2018340265377,707.7102373327753,0.0014473878785811057,0.0024067777568633248,8.384375117789966e-09
1289.0999999999826,1569.2018340265377,707.7132513307598,0.0014589132383816393,0.0024207965944050974,8.549876775159195e-09
1289.1099999999826,1569.2018340265377,707.716265307655,0.0014705264921919432,0.0024348901749471547,8.718572802518472e-09
1289.1199999999826,1569.2018340265377,707.7192792634611,0.0014822281929804109,0.002449058853519107,8.890522883840205e-09
1289.1299999999826,1569.2018340265377,707.722293198178,0.0014940188959747434,0.00246330298657695,9.065787771907304e-09
1289.1399999999826,1569.2018340265377,707.7253071118066,0.001505899159067467,0.0024776229320121607,9.244429308997931e-09
1289.1499999999826,1569.2018340265377,707.7283210043465,0.0015178695427192986,0.0024920190491468635,9.426510444813246e-09
1289.1599999999826,1569.2018340265377,707.7313348757982,0.0015299306099185654,0.002506491698747238,9.61209525514868e-09
1289.1699999999826,1569.2018340265377,707.7343487261619,0.0015420829261744394,0.002521041243022957,9.801248960961758e-09
1289.1799999999826,1569.2018340265377,707.7373625554377,0.0015543270595038327,0.0025356680456320294,9.994037947742123e-09
1289.1899999999825,1569.2018340265377,707.7403763636261,0.0015666635806105011,0.002550372471687277,1.0190529786450132e-08
1289.1999999999825,1569.2018340265377,707.743390150727,0.0015790930626874142,0.002565154887756791,1.039079325232581e-08
1289.2099999999825,1569.2018340265377,707.7464039167406,0.001591616081407622,0.0025800156618709584,1.0594898345235494e-08
1289.2199999999825,1569.2018340265377,707.7494176616676,0.001604233215217361,0.002594955163529075,1.0802916312372566e-08
1289.2299999999825,1569.2018340265377,707.7524313855077,0.0016169450449223313,0.0026099737636963408,1.1014919666530225e-08
1289.2399999999825,1569.2018340265377,707.7554450882614,0.00162975215402139,0.002625071834815471,1.1230982209786717e-08
1289.2499999999825,1569.2018340265377,707.7584587699288,0.0016426551286625676,0.0026402497508082354,1.1451179054972965e-08
1289.2599999999825,1569.2018340265377,707.7614724305101,0.0016556545573252783,0.0026555078870786303,1.1675586645547382e-08
1289.2699999999825,1569.2018340265377,707.7644860700058,0.001668751031430686,0.002670846620519489,1.1904282782317416e-08
1289.2799999999825,1569.2018340265377,707.7674996884157,0.0016819451447866217,0.0026862663295139414,1.2137346642360979e-08
1289.2899999999825,1569.2018340265377,707.7705132857402,0.0016952374938663305,0.002701767393943238,1.2374858804178569e-08
1289.2999999999824,1569.2018340265377,707.7735268619797,0.0017086286776409364,0.0027173501951893225,1.2616901270008791e-08
1289.3099999999824,1569.2018340265377,707.7765404171342,0.001722119297878761,0.0027330151161380546,1.2863557491922998e-08
1289.3199999999824,1569.2018340265377,707.779553951204,0.0017357099588111726,0.0027487625411846757,1.3114912393685112e-08
1289.3299999999824,1569.2018340265377,707.7825674641892,0.0017494012674143195,0.0027645928562393843,1.3371052397531585e-08
1289.3399999999824,1569.2018340265377,707.7855809560904,0.001763193833114918,0.002780506448730513,1.3632065447011869e-08
1289.3499999999824,1569.2018340265377,707.7885944269074,0.0017770882681294737,0.0027965037076070733,1.3898041035014489e-08
1289.3599999999824,1569.2018340265377,707.7916078766405,0.0017910851872909852,0.00281258502334613,1.4169070228367514e-08
1289.3699999999824,1569.2018340265377,707.79462130529,0.0018051852080577327,0.002828750787956568,1.4445245694175663e-08
1289.3799999999824,1569.2018340265377,707.7976347128563,0.0018193889504309333,0.002845001394982883,1.4726661725836664e-08
1289.3899999999824,1569.2018340265377,707.8006480993394,0.0018336970371542185,0.002861337239507705,1.5013414271723643e-08
1289.3999999999824,1569.2018340265377,707.8036614647393,0.0018481100936081746,0.002877758718158593,1.5305600961921912e-08
1289.4099999999823,1569.2018340265377,707.8066748090566,0.0018626287478628468,0.0028942662291137154,1.56033211366514e-08
1289.4199999999823,1569.2018340265377,707.8096881322916,0.0018772536305440648,0.0029108601721037635,1.5906675873538964e-08
1289.4299999999823,1569.2018340265377,707.8127014344442,0.0018919853750432292,0.0029275409484144006,1.6215768018204452e-08
1289.4399999999823,1569.2018340265377,707.8157147155147,0.0019068246174386916,0.002944308960895715,1.653070221299604e-08
1289.4499999999823,1569.2018340265377,707.8187279755034,0.0019217719963233618,0.0029611646139641084,1.685158492523337e-08
1289.4599999999823,1569.2018340265377,707.8217412144105,0.0019368281530871643,0.0029781083136053922,1.717852447985651e-08
1289.4699999999823,1569.2018340265377,707.8247544322362,0.0019519937318162258,0.0029951404673811324,1.7511631089313566e-08
1289.4799999999823,1569.2018340265377,707.8277676289807,0.001967269379265733,0.0030122614844323853,1.785101688450479e-08
1289.4899999999823,1569.2018340265377,707.8307808046442,0.001982655744752774,0.00302947177548349,1.8196795945459947e-08
1289.4999999999823,1569.2018340265377,707.8337939592271,0.001998153480498745,0.003046771752849706,1.8549084336658843e-08
1289.5099999999823,1569.2018340265377,707.8368070927295,0.0020137632412427307,0.0030641618304351258,1.8908000136104542e-08
1289.5199999999822,1569.2018340265377,707.8398202051516,0.0020294856845313697,0.0030816424237436147,1.9273663471237757e-08
1289.5299999999822,1569.2018340265377,707.8428332964935,0.0020453214705234654,0.003099213949879301,1.964619655076313e-08
1289.5399999999822,1569.2018340265377,707.8458463667557,0.002061271262174453,0.003116876827554296,2.0025723700648595e-08
1289.5499999999822,1569.2018340265377,707.8488594159384,0.002077335725098641,0.003134631477089176,2.041237139751692e-08
1289.5599999999822,1569.2018340265377,707.8518724440414,0.0020935155276218037,0.0031524783204186415,2.0806268304437982e-08
1289.5699999999822,1569.2018340265377,707.8548854510653,0.002109811340903683,0.003170417781099409,2.120754530803318e-08
1289.5799999999822,1569.2018340265377,707.8578984370104,0.002126223838579675,0.0031884502843105467,2.1616335551228545e-08
1289.5899999999822,1569.2018340265377,707.8609114018766,0.0021427536972357776,0.0032065762568586186,2.2032774474949764e-08
1289.5999999999822,1569.2018340265377,707.8639243456644,0.0021594015961153147,0.003224796127184127,2.2456999852743505e-08
1289.6099999999822,1569.2018340265377,707.8669372683738,0.002176168217212865,0.0032431103253632325,2.288915182977836e-08
1289.6199999999822,1569.2018340265377,707.8699501700052,0.0021930542450621393,0.0032615192831142474,2.3329372959305235e-08
1289.6299999999821,1569.2018340265377,707.8729630505588,0.002210060367271692,0.0032800234338028326,2.3777808247585746e-08
1289.6399999999821,1569.2018340265377,707.8759759100346,0.0022271872741376274,0.0032986232124407803,2.423460518967394e-08
1289.6499999999821,1569.2018340265377,707.8789887484331,0.002244435658362187,0.0033173190556996172,2.469991380690583e-08
1289.6599999999821,1569.2018340265377,707.8820015657544,0.0022618062156992066,0.0033361114019073105,2.51738866948667e-08
1289.669999999982,1569.2018340265377,707.8850143619989,0.002279299644695328,0.003355000691056982,2.565667906246386e-08
1289.679999999982,1569.2018340265377,707.8880271371664,0.0022969166464978704,0.0033739873648077614,2.6148448772085117e-08
1289.689999999982,1569.2018340265377,707.8910398912574,0.0023146579250292,0.003393071866492821,2.6649356384582197e-08
1289.699999999982,1569.2018340265377,707.8940526242721,0.002332524187021029,0.0034122546411238714,2.7159565203358747e-08
1289.709999999982,1569.2018340265377,707.897065336211,0.0023505161419476966,0.0034315361353927406,2.7679241317912763e-08
1289.719999999982,1569.2018340265377,707.9000780270737,0.002368634502205711,0.0034509167976750506,2.8208553650962873e-08
1289.729999999982,1569.2018340265377,707.9030906968609,0.002386879982711736,0.003470397078040516,2.8747673999506152e-08
1289.739999999982,1569.2018340265377,707.9061033455727,0.0024052533012647276,0.0034899774282523472,2.929677708537499e-08
1289.749999999982,1569.2018340265377,707.9091159732093,0.002423755178485614,0.0035096583017731452,2.985604060168956e-08
1289.759999999982,1569.2018340265377,707.9121285797709,0.0024423863378448723,0.0035294401537686124,3.042564526103343e-08
1289.769999999982,1569.2018340265377,707.9151411652575,0.002461147505451393,0.0035493234411127627,3.1005774841393e-08
1289.779999999982,1569.2018340265377,707.9181537296699,0.0024800394101559507,0.0035693086223961704,3.159661623671355e-08
1289.789999999982,1569.2018340265377,707.921166273008,0.0024990627838440017,0.0035893961579214354,3.219835951049891e-08
1289.799999999982,1569.2018340265377,707.9241787952718,0.0025182183610672165,0.0036095865097143425,3.281119794207487e-08
1289.809999999982,1569.2018340265377,707.9271912964618,0.002537506879086472,0.003629880141529187,3.3435328078620625e-08
1289.819999999982,1569.2018340265377,707.9302037765782,0.0025569290780305194,0.0036502775188486636,3.407094978945101e-08
1289.829999999982,1569.2018340265377,707.9332162356212,0.0025764857009673904,0.0036707791088921617,3.471826632020086e-08
1289.839999999982,1569.2018340265377,707.936228673591,0.0025961774935724393,0.003691385380617131,3.53774843422487e-08
1289.849999999982,1569.2018340265377,707.9392410904876,0.0026160052044423166,0.003712096804724353,3.604881401161746e-08
1289.859999999982,1569.2018340265377,707.9422534863116,0.002635969584919942,0.0037329138536678617,3.673246902225953e-08
1289.869999999982,1569.2018340265377,707.9452658610631,0.002656071389302671,0.0037538370016500693,3.742866666512323e-08
1289.879999999982,1569.2018340265377,707.9482782147422,0.0026763113744988345,0.0037748667246316763,3.813762788068039e-08
1289.889999999982,1569.2018340265377,707.9512905473492,0.002696690300424737,0.0037960035003369863,3.8859577322565703e-08
1289.899999999982,1569.2018340265377,707.9543028588844,0.0027172089296787056,0.00381724780825598,3.959474341186045e-08
1289.909999999982,1569.2018340265377,707.957315149348,0.0027378680276856134,0.0038386001296504177,4.034335839895221e-08
1289.9199999999819,1569.2018340265377,707.96032741874,0.002758668363062231,0.003860060947554289,4.1105658429596246e-08
1289.9299999999819,1569.2018340265377,707.9633396670607,0.0027796107067515163,0.0038816307467846914,4.188188359391397e-08
1289.9399999999819,1569.2018340265377,707.9663518943106,0.0028006958326746555,0.003903310013943961,4.2672277998383096e-08
1289.9499999999819,1569.2018340265377,707.9693641004897,0.0028219245177364145,0.0039250992374200355,4.34770898294021e-08
1289.9599999999818,1569.2018340265377,707.9723762855982,0.0028432975417837,0.003946998907396681,4.4296571417289036e-08
1289.9699999999818,1569.2018340265377,707.9753884496363,0.0028648156870077724,0.0039690095158529965,4.513097929219544e-08
1289.9799999999818,1569.2018340265377,707.9784005926044,0.002886479738940488,0.003991131556574535,4.598057426600881e-08
1289.9899999999818,1569.2018340265377,707.9814127145027,0.002908290485792848,0.004013365525149483,4.684562148924548e-08
1289.9999999999818,1569.2018340265377,707.9844248153311,0.0029302487185172464,0.0040357119189780915,4.7726390520322366e-08
1290.0099999999818,1569.2018340265377,707.98743689509,0.002952355231123213,0.004058171237278045,4.862315539998414e-08
1290.0199999999818,1569.2018340265377,707.99044895378,0.0029746108202715164,0.004080743981088097,4.95361947150383e-08
1290.0299999999818,1569.2018340265377,707.9934609914008,0.0029970162856314624,0.00410343065326743,5.0465791675422e-08
1290.0399999999818,1569.2018340265377,707.9964730079528,0.0030195724297604797,0.004126231758507789,5.141223418488888e-08
1290.0499999999818,1569.2018340265377,707.9994850034361,0.0030422800578648627,0.004149147803332838,5.237581491027172e-08
1290.0599999999818,1569.2018340265377,708.0024969778514,0.0030651399780934545,0.0041721792961078065,5.335683136107883e-08
1290.0699999999817,1569.2018340265377,708.0055089311984,0.003088153001643317,0.004195326747035304,5.4355585966859565e-08
1290.0799999999817,1569.2018340265377,708.0085208634774,0.0031113199423959993,0.00421859066816758,5.5372386147863436e-08
1290.0899999999817,1569.2018340265377,708.0115327746888,0.003134641617153621,0.004241971573409272,5.640754439695149e-08
1290.0999999999817,1569.2018340265377,708.0145446648329,0.0031581188455355263,0.004265469978521028,5.746137835676634e-08
1290.1099999999817,1569.2018340265377,708.0175565339096,0.0031817524500032716,0.004289086401120387,5.8534210900215453e-08
1290.1199999999817,1569.2018340265377,708.0205683819192,0.0032055432562561035,0.0043128213606942484,5.962637021935576e-08
1290.1299999999817,1569.2018340265377,708.0235802088621,0.003229492092370086,0.00433667537859621,6.073818989191538e-08
1290.1399999999817,1569.2018340265377,708.0265920147385,0.003253599789550226,0.004360648978056412,6.187000897896225e-08
1290.1499999999817,1569.2018340265377,708.0296037995486,0.0032778671818542936,0.0043847426841796995,6.302217210462863e-08
1290.1599999999817,1569.2018340265377,708.0326155632923,0.003302295106191643,0.004408957023954557,6.419502954236917e-08
1290.1699999999817,1569.2018340265377,708.0356273059703,0.003326884402472841,0.004433292526259415,6.53889373053624e-08
1290.1799999999816,1569.2018340265377,708.0386390275825,0.0033516359132922066,0.00445774972186166,6.660425722887647e-08
1290.1899999999816,1569.2018340265377,708.0416507281293,0.0033765504841571548,0.004482329143426636,6.784135706477993e-08
1290.1999999999816,1569.2018340265377,708.0446624076109,0.0034016289638744155,0.004507031325518415,6.910061058059615e-08
1290.2099999999816,1569.2018340265377,708.0476740660272,0.0034268722035570845,0.00453185680460515,7.03823976322044e-08
1290.2199999999816,1569.2018340265377,708.050685703379,0.003452281057413209,0.00455680611907102,7.168710427374298e-08
1290.2299999999816,1569.2018340265377,708.0536973196662,0.0034778563827233522,0.0045818798092057,7.301512285220434e-08
1290.2399999999816,1569.2018340265377,708.0567089148889,0.0035035990396600526,0.004607078417220943,7.436685210086046e-08
1290.2499999999816,1569.2018340265377,708.0597204890474,0.0035295098909697343,0.004632402487252285,7.574269723042248e-08
1290.2599999999816,1569.2018340265377,708.0627320421421,0.0035555898025322486,0.004657852565361539,7.714307004021818e-08
1290.2699999999816,1569.2018340265377,708.0657435741732,0.0035818396430341943,0.004683429199543168,7.85683890122722e-08
1290.2799999999816,1569.2018340265377,708.0687550851405,0.0036082602842792528,0.0047091329397228885,8.001907942023601e-08
1290.2899999999815,1569.2018340265377,708.0717665750448,0.003634852600725757,0.004734964337774702,8.149557342352652e-08
1290.2999999999815,1569.2018340265377,708.074778043886,0.003661617469798794,0.004760923947512729,8.299831017898526e-08
1290.3099999999815,1569.2018340265377,708.0777894916645,0.003688555771792109,0.004787012324701443,8.45277359457149e-08
1290.3199999999815,1569.2018340265377,708.0808009183802,0.0037156683902203522,0.004813230027057138,8.608430420142976e-08
1290.3299999999815,1569.2018340265377,708.0838123240336,0.00374295621103501,0.004839577614258283,8.766847573458591e-08
1290.3399999999815,1569.2018340265377,708.0868237086248,0.0037704201232162723,0.0048660556479429955,8.928071876900409e-08
1290.3499999999815,1569.2018340265377,708.0898350721542,0.003798061019005516,0.004892664691718446,9.092150908280309e-08
1290.3599999999815,1569.2018340265377,708.0928464146217,0.0038258797930396946,0.00491940531116024,9.259133010237107e-08
1290.3699999999815,1569.2018340265377,708.0958577360278,0.003853877343319489,0.004946278073823853,9.429067304191319e-08
1290.3799999999815,1569.2018340265377,708.0988690363727,0.003882054570430997,0.004973283549241993,9.60200370024619e-08
1290.3899999999815,1569.2018340265377,708.1018803156566,0.003910412377968519,0.005000422308934058,9.77799291017994e-08
1290.3999999999814,1569.2018340265377,708.1048915738794,0.00393895167260546,0.005027694926404361,9.957086459742673e-08
1290.4099999999814,1569.2018340265377,708.1079028110416,0.00396767336376689,0.005055101977155791,1.0139336700179056e-07
1290.4199999999814,1569.2018340265377,708.1109140271437,0.003996578363686426,0.005082644038689056,1.0324796820807686e-07
1290.4299999999814,1569.2018340265377,708.1139252221856,0.004025667587647849,0.005110321690501906,1.0513520862266135e-07
1290.4399999999814,1569.2018340265377,708.1169363961674,0.00405494195409124,0.005138135514101717,1.0705563729671528e-07
1290.4499999999814,1569.2018340265377,708.1199475490895,0.004084402383859956,0.005166086093007877,1.090098120364711e-07
1290.4599999999814,1569.2018340265377,708.1229586809521,0.004114049801055029,0.005194174012754043,1.1099829955737108e-07
1290.4699999999814,1569.2018340265377,708.1259697917556,0.0041438851325597955,0.005222399860893514,1.130216756054125e-07
1290.4799999999814,1569.2018340265377,708.1289808814998,0.004173909308452584,0.005250764227002583,1.1508052510393819e-07
1290.4899999999814,1569.2018340265377,708.1319919501851,0.004204123261309905,0.005279267702685862,1.1717544227222633e-07
1290.4999999999814,1569.2018340265377,708.1350029978121,0.004234527926874782,0.005307910881586113,1.1930703078342016e-07
1290.5099999999813,1569.2018340265377,708.1380140243806,0.004265124243699719,0.0053366943593756225,1.214759038955921e-07
1290.5199999999813,1569.2018340265377,708.1410250298907,0.00429591315358302,0.005365618733769111,1.2368268460792357e-07
1290.5299999999813,1569.2018340265377,708.144036014343,0.004326895600629473,0.005394684604533612,1.2592800577955095e-07
1290.5399999999813,1569.2018340265377,708.1470469777375,0.004358072532512132,0.005423892573479674,1.2821251031256734e-07
1290.5499999999813,1569.2018340265377,708.1500579200746,0.0043894448993560585,0.005453243244474421,1.3053685126974414e-07
1290.5599999999813,1569.2018340265377,708.1530688413543,0.00442101365449724,0.005482737223443677,1.3290169204807682e-07
1290.5699999999813,1569.2018340265377,708.1560797415768,0.004452779754008338,0.005512375118375189,1.3530770651847014e-07
1290.5799999999813,1569.2018340265377,708.1590906207427,0.00448474415680748,0.005542157539328501,1.3775557918487274e-07
1290.5899999999813,1569.2018340265377,708.1621014788519,0.004516907825106036,0.005572085098428066,1.4024600535548106e-07
1290.5999999999813,1569.2018340265377,708.1651123159047,0.004549271723622703,0.005602158409878756,1.4277969127941246e-07
1290.6099999999813,1569.2018340265377,708.1681231319013,0.004581836820415204,0.005632378089964515,1.4535735433450348e-07
1290.6199999999812,1569.2018340265377,708.1711339268419,0.0046146040859656404,0.005662744757052661,1.479797231633163e-07
1290.6299999999812,1569.2018340265377,708.1741447007269,0.004647574494059152,0.005693259031602703,1.5064753786790678e-07
1290.6399999999812,1569.2018340265377,708.1771554535561,0.00468074902128206,0.005723921536161459,1.533615501627666e-07
1290.6499999999812,1569.2018340265377,708.1801661853301,0.004714128647225347,0.005754732895378794,1.5612252355349468e-07
1290.6599999999812,1569.2018340265377,708.1831768960491,0.004747714353927151,0.005785693736003882,1.5893123349176206e-07
1290.6699999999812,1569.2018340265377,708.1861875857132,0.004781507127162608,0.005816804686891672,1.61788467594508e-07
1290.6799999999812,1569.2018340265377,708.1891982543226,0.004815507955123319,0.005848066379004831,1.6469502577883135e-07
1290.6899999999812,1569.2018340265377,708.1922089018776,0.004849717828718962,0.005879479445425043,1.6765172045306068e-07
1290.6999999999812,1569.2018340265377,708.1952195283784,0.0048841377423288115,0.005911044521348972,1.7065937672581868e-07
1290.7099999999812,1569.2018340265377,708.1982301338253,0.004918768692774108,0.005942762244098423,1.7371883255724476e-07
1290.7199999999812,1569.2018340265377,708.2012407182183,0.004953611680154797,0.005974633253118598,1.7683093897632812e-07
1290.7299999999811,1569.2018340265377,708.2042512815578,0.004988667707244701,0.00600665818999064,1.7999656025153402e-07
1290.7399999999811,1569.2018340265377,708.2072618238441,0.005023937779649268,0.006038837698427523,1.8321657408949357e-07
1290.7499999999811,1569.2018340265377,708.2102723450772,0.005059422906134762,0.00607117242428297,1.864918718437753e-07
1290.7599999999811,1569.2018340265377,708.2132828452575,0.005095124098549053,0.006103663015554488,1.8982335871154991e-07
1290.769999999981,1569.2018340265377,708.2162933243849,0.005131042371032479,0.006136310122385059,1.9321195390596813e-07
1290.779999999981,1569.2018340265377,708.2193037824602,0.005167178741177291,0.006169114397078438,1.9665859090439895e-07
1290.789999999981,1569.2018340265377,708.2223142194832,0.005203534229234736,0.006202076494083549,2.0016421762520144e-07
1290.799999999981,1569.2018340265377,708.225324635454,0.005240109858668444,0.0062351970700121875,2.0372979665980864e-07
1290.809999999981,1569.2018340265377,708.2283350303732,0.005276906655381948,0.006268476783649499,2.073563054565132e-07
1290.819999999981,1569.2018340265377,708.2313454042408,0.005313925648354674,0.006301916295939359,2.110447365594944e-07
1290.829999999981,1569.2018340265377,708.2343557570571,0.0053511678698200385,0.006335516270003529,2.1479609783617432e-07
1290.839999999981,1569.2018340265377,708.2373660888222,0.005388634354532565,0.006369277371138244,2.1861141266956606e-07
1290.849999999981,1569.2018340265377,708.2403763995364,0.005426326140280058,0.00640320026682207,2.2249172020352759e-07
1290.859999999981,1569.2018340265377,708.2433866892002,0.00546424426771247,0.006437285626721403,2.2643807556390082e-07
1290.869999999981,1569.2018340265377,708.2463969578134,0.005502389780381161,0.006471534122686796,2.304515500904389e-07
1290.879999999981,1569.2018340265377,708.2494072053762,0.005540763725006691,0.006505946428762148,2.3453323158250058e-07
1290.889999999981,1569.2018340265377,708.2524174318892,0.0055793671507228014,0.006540523221196671,2.386842245050427e-07
1290.899999999981,1569.2018340265377,708.2554276373523,0.0056182011099147645,0.006575265178433301,2.429056502629818e-07
1290.909999999981,1569.2018340265377,708.2584378217659,0.005657266657691992,0.006610172981123209,2.471986474232486e-07
1290.919999999981,1569.2018340265377,708.2614479851302,0.005696564852327419,0.006645247312127232,2.515643719804164e-07
1290.929999999981,1569.2018340265377,708.2644581274452,0.0057360967546283064,0.006680488856518572,2.560039975792468e-07
1290.939999999981,1569.2018340265377,708.2674682487115,0.005775863428476114,0.006715898301592175,2.605187157920473e-07
1290.949999999981,1569.2018340265377,708.270478348929,0.005815865940643009,0.006751476336860783,2.651097363669448e-07
1290.959999999981,1569.2018340265377,708.2734884280981,0.005856105360935726,0.00678722365406287,2.697782874950442e-07
1290.969999999981,1569.2018340265377,708.2764984862189,0.005896582761908213,0.00682314094716943,2.7452561606132655e-07
1290.979999999981,1569.2018340265377,708.2795085232917,0.005937299218622776,0.0068592289123838605,2.7935298789995044e-07
1290.989999999981,1569.2018340265377,708.2825185393168,0.005978255809639247,0.006895488248147354,2.842616881111989e-07
1290.999999999981,1569.2018340265377,708.2855285342941,0.006019453616213878,0.006931919655140071,2.8925302129860926e-07
1291.009999999981,1569.2018340265377,708.2885385082242,0.006060893722387909,0.006968523836293388,2.943283118514638e-07
1291.0199999999809,1569.2018340265377,708.2915484611071,0.006102577215036464,0.0070053014967855895,2.9948890422790563e-07
1291.0299999999809,1569.2018340265377,708.2945583929433,0.006144505184001584,0.007042253344048573,3.0473616324700356e-07
1291.0399999999809,1569.2018340265377,708.2975683037325,0.006186678722057784,0.007079380087768974,3.1007147437613406e-07
1291.0499999999809,1569.2018340265377,708.3005781934753,0.006229098924944942,0.007116682439899041,3.154962440263345e-07
1291.0599999999808,1569.2018340265377,708.3035880621719,0.006271766890838359,0.007154161114656432,3.2101189982187093e-07
1291.0699999999808,1569.2018340265377,708.3065979098226,0.006314683721068045,0.007191816828526681,3.26619890936836e-07
1291.0799999999808,1569.2018340265377,708.3096077364272,0.006357850520038817,0.007229650300264148,3.323216883960984e-07
1291.0899999999808,1569.2018340265377,708.3126175419864,0.006401268394717706,0.007267662250908818,3.3811878535861607e-07
1291.0999999999808,1569.2018340265377,708.3156273265002,0.006444938455084038,0.007305853403777281,3.4401269745214387e-07
1291.1099999999808,1569.2018340265377,708.318637089969,0.006488861813521873,0.007344224484469452,3.500049630579008e-07
1291.1199999999808,1569.2018340265377,708.3216468323926,0.006533039586239817,0.007382776220872338,3.5609714370756826e-07
1291.1299999999808,1569.2018340265377,708.3246565537715,0.0065774728915343585,0.007421509343171175,3.6229082431619144e-07
1291.1399999999808,1569.2018340265377,708.3276662541061,0.006622162850556276,0.007460424583846032,3.6858761355131343e-07
1291.1499999999808,1569.2018340265377,708.3306759333965,0.006667110587506046,0.007499522677674082,3.749891441774312e-07
1291.1599999999808,1569.2018340265377,708.3336855916426,0.006712317229856963,0.007538804361734844,3.8149707340736026e-07
1291.1699999999807,1569.2018340265377,708.336695228845,0.006757783906981205,0.007578270375421359,3.8811308316771285e-07
1291.1799999999807,1569.2018340265377,708.3397048450038,0.006803511751776092,0.007617921460435119,3.948388805363857e-07
1291.1899999999807,1569.2018340265377,708.3427144401193,0.0068495018999792864,0.00765775836079276,4.016761980560505e-07
1291.1999999999807,1569.2018340265377,708.3457240141914,0.006895755489953574,0.007697781822826813,4.0862679407695675e-07
1291.2099999999807,1569.2018340265377,708.3487335672206,0.006942273662681283,0.007737992595196881,4.1569245311720034e-07
1291.2199999999807,1569.2018340265377,708.3517430992073,0.006989057562400189,0.007778391428890524,4.228749862653688e-07
1291.2299999999807,1569.2018340265377,708.3547526101514,0.007036108335802213,0.007818979077219233,4.3017623150187855e-07
1291.2399999999807,1569.2018340265377,708.3577621000532,0.007083427133112221,0.007859756295829723,4.3759805413984925e-07
1291.2499999999807,1569.2018340265377,708.3607715689128,0.007131015106612474,0.007900723842709215,4.4514234711489024e-07
1291.2599999999807,1569.2018340265377,708.3637810167307,0.007178873411453451,0.007941882478186021,4.528110314177645e-07
1291.2699999999807,1569.2018340265377,708.366790443507,0.007227003206047149,0.007983232964930085,4.606060565084951e-07
1291.2799999999806,1569.2018340265377,708.369799849242,0.007275405651172416,0.00802477606796127,4.685294006549864e-07
1291.2899999999806,1569.2018340265377,708.3728092339355,0.007324081910917392,0.008066512554648303,4.765830713916291e-07
1291.2999999999806,1569.2018340265377,708.3758185975884,0.007373033151789755,0.008108443194724922,4.847691058683714e-07
1291.3099999999806,1569.2018340265377,708.3788279402004,0.007422260542751607,0.008150568760273067,4.930895712589199e-07
1291.3199999999806,1569.2018340265377,708.3818372617718,0.007471765256880657,0.008192890025742135,5.015465652876973e-07
1291.3299999999806,1569.2018340265377,708.384846562303,0.007521548468499432,0.008235407767949543,5.101422164594765e-07
1291.3399999999806,1569.2018340265377,708.3878558417941,0.0075716113554743425,0.008278122766080948,5.188786846365869e-07
1291.3499999999806,1569.2018340265377,708.3908651002455,0.007621955098807639,0.008321035801695478,5.277581614443804e-07
1291.3599999999806,1569.2018340265377,708.393874337657,0.007672580881353244,0.008364147658725979,5.367828706185868e-07
1291.3699999999806,1569.2018340265377,708.3968835540293,0.007723489889625992,0.008407459123492222,5.459550685729885e-07
1291.3799999999806,1569.2018340265377,708.3998927493624,0.007774683312449611,0.008450970984694729,5.552770447523387e-07
1291.3899999999805,1569.2018340265377,708.4029019236564,0.007826162341297349,0.008494684033418137,5.647511221083799e-07
1291.3999999999805,1569.2018340265377,708.4059110769117,0.00787792817089249,0.008538599063144586,5.743796576033832e-07
1291.4099999999805,1569.2018340265377,708.4089202091285,0.007929981998425813,0.008582716869745611,5.841650426175036e-07
1291.4199999999805,1569.2018340265377,708.411929320307,0.007982325023912521,0.008627038251492173,5.941097034456862e-07
1291.4299999999805,1569.2018340265377,708.4149384104475,0.008034958449879026,0.0086715640090581,6.042161017508938e-07
1291.4399999999805,1569.2018340265377,708.4179474795499,0.008087883482465258,0.008716294945515094,6.144867351282598e-07
1291.4499999999805,1569.2018340265377,708.4209565276147,0.008141101329149442,0.008761231866352907,6.249241374247394e-07
1291.4599999999805,1569.2018340265377,708.4239655546422,0.00819461320132162,0.008806375579465928,6.355308794255547e-07
1291.4699999999805,1569.2018340265377,708.4269745606325,0.008248420312814444,0.008851726895164932,6.463095692458103e-07
1291.4799999999805,1569.2018340265377,708.4299835455857,0.0083025238800696,0.008897286626176963,6.572628528492292e-07
1291.4899999999805,1569.2018340265377,708.4329925095021,0.00835692512232369,0.008943055587652144,6.683934145766039e-07
1291.4999999999804,1569.2018340265377,708.4360014523821,0.008411625261229225,0.00898903459716872,6.797039776357142e-07
1291.5099999999804,1569.2018340265377,708.4390103742259,0.008466625521924197,0.009035224474727658,6.911973047125615e-07
1291.5199999999804,1569.2018340265377,708.4420192750333,0.008521927131437183,0.009081626042759378,7.028761983765775e-07
1291.5299999999804,1569.2018340265377,708.445028154805,0.00857753132002736,0.009128240126135723,7.147435017298817e-07
1291.5399999999804,1569.2018340265377,708.4480370135409,0.008633439320536283,0.009175067552160977,7.268020988994717e-07
1291.5499999999804,1569.2018340265377,708.4510458512416,0.008689652368383186,0.009222109150585599,7.390549155911657e-07
1291.5599999999804,1569.2018340265377,708.4540546679068,0.008746171702344133,0.009269365753593523,7.515049197135848e-07
1291.5699999999804,1569.2018340265377,708.4570634635371,0.00880299856271528,0.009316838195828365,7.641551217923434e-07
1291.5799999999804,1569.2018340265377,708.4600722381327,0.008860134193337331,0.009364527314378897,7.770085757136752e-07
1291.5899999999804,1569.2018340265377,708.4630809916937,0.008917579840206262,0.009412433948783811,7.900683791865543e-07
1291.5999999999804,1569.2018340265377,708.4660897242203,0.00897533675300612,0.009460558941043938,8.033376744673941e-07
1291.6099999999803,1569.2018340265377,708.4690984357128,0.00903340618303338,0.00950890313561811,8.16819648771415e-07
1291.6199999999803,1569.2018340265377,708.4721071261715,0.009091789384721561,0.009557467379429899,8.305175350106653e-07
1291.6299999999803,1569.2018340265377,708.4751157955965,0.00915048761483865,0.009606252521863373,8.444346123312646e-07
1291.6399999999803,1569.2018340265377,708.478124443988,0.009209502133497567,0.00965525941477709,8.585742068258811e-07
1291.6499999999803,1569.2018340265377,708.4811330713462,0.009268834202576636,0.009704488912498003,8.729396920121544e-07
1291.6599999999803,1569.2018340265377,708.4841416776716,0.009328485087432994,0.009753941871833701,8.875344896263283e-07
1291.6699999999803,1569.2018340265377,708.487150262964,0.009388456055595018,0.009803619152060522,9.023620701398504e-07
1291.6799999999803,1569.2018340265377,708.4901588272239,0.00944874837758039,0.009853521614947087,9.174259534890708e-07
1291.6899999999803,1569.2018340265377,708.4931673704514,0.009509363325771826,0.00990365012473473,9.327297096193296e-07
1291.6999999999803,1569.2018340265377,708.4961758926468,0.009570302176237517,0.00995400554816115,9.482769593301243e-07
1291.7099999999803,1569.2018340265377,708.4991843938104,0.009631566206760202,0.010004588754452048,9.640713747539418e-07
1291.7199999999802,1569.2018340265377,708.5021928739421,0.009693156698737045,0.010055400615316316,9.80116680223361e-07
1291.7299999999802,1569.2018340265377,708.5052013330424,0.00975507493496658,0.010106442004969888,9.964166527435149e-07
1291.7399999999802,1569.2018340265377,708.5082097711115,0.009817322201791245,0.010157713800127323,1.0129751229025876e-06
1291.7499999999802,1569.2018340265377,708.5112181881497,0.009879899787872229,0.010209216879996711,1.0297959754536217e-06
1291.7599999999802,1569.2018340265377,708.5142265841569,0.009942808984539035,0.010260952126292171,1.0468831500665653e-06
1291.7699999999802,1569.2018340265377,708.5172349591334,0.01000605108535958,0.010312920423236727,1.0642406420064586e-06
1291.7799999999802,1569.2018340265377,708.5202433130798,0.010069627386769293,0.010365122657571,1.0818725029326302e-06
1291.7899999999802,1569.2018340265377,708.5232516459961,0.010133539187940247,0.010417559718532317,1.0997828416222018e-06
1291.7999999999802,1569.2018340265377,708.5262599578822,0.010197787790549856,0.010470232497879055,1.1179758247000612e-06
1291.8099999999802,1569.2018340265377,708.5292682487386,0.010262374498924589,0.010523141889893452,1.1364556774135946e-06
1291.8199999999802,1569.2018340265377,708.5322765185657,0.010327300619123455,0.010576288791376424,1.155226684297208e-06
1291.8299999999801,1569.2018340265377,708.5352847673635,0.01039256746066181,0.010629674101646103,1.1742931901389661e-06
1291.8399999999801,1569.2018340265377,708.5382929951322,0.010458176335926007,0.01068329872255254,1.1936596007082846e-06
1291.8499999999801,1569.2018340265377,708.541301201872,0.010524128558696035,0.01073716355846829,1.2133303833810891e-06
1291.8599999999801,1569.2018340265377,708.5443093875833,0.010590425445986505,0.010791269516307135,1.2333100681569766e-06
1291.86999999998,1569.2018340265377,708.5473175522663,0.01065706831726227,0.01084561750550853,1.2536032483823556e-06
1291.87999999998,1569.2018340265377,708.5503256959211,0.010724058494679726,0.01090020843804604,1.2742145816051128e-06
1291.88999999998,1569.2018340265377,708.5533338185478,0.01079139730259797,0.010955043228438238,1.295148790353935e-06
1291.89999999998,1569.2018340265377,708.5563419201469,0.010859086067893743,0.011010122793745023,1.3164106630182032e-06
1291.90999999998,1569.2018340265377,708.5593500007185,0.01092712612034489,0.011065448053565987,1.338005054749039e-06
1291.91999999998,1569.2018340265377,708.5623580602628,0.010995518792156008,0.011121019930049046,1.3599368882697536e-06
1291.92999999998,1569.2018340265377,708.5653660987799,0.011064265417553646,0.011176839347888766,1.3822111546993948e-06
1291.93999999998,1569.2018340265377,708.5683741162704,0.011133367333320557,0.011232907234339246,1.4048329145057295e-06
1291.94999999998,1569.2018340265377,708.5713821127342,0.01120282587920857,0.011289224519195505,1.4278072984494993e-06
1291.95999999998,1569.2018340265377,708.5743900881716,0.011272642397289543,0.011345792134816913,1.4511395084162203e-06
1291.96999999998,1569.2018340265377,708.5773980425828,0.011342818232017826,0.011402611016116856,1.4748348183379479e-06
1291.97999999998,1569.2018340265377,708.580405975968,0.011413354730068073,0.011459682100573593,1.498898575102219e-06
1291.98999999998,1569.2018340265377,708.5834138883276,0.01148425324097667,0.011517006328228293,1.5233361995740544e-06
1291.99999999998,1569.2018340265377,708.5864217796616,0.011555515116320022,0.011574584641678676,1.548153187436877e-06
1292.00999999998,1569.2018340265377,708.5894296499702,0.011627141710941816,0.011632417986098462,1.5733551103222264e-06
1292.01999999998,1569.2018340265377,708.592437499254,0.011699134380708362,0.011690507309235544,1.5989476164806948e-06
1292.02999999998,1569.2018340265377,708.5954453275127,0.011771494484904766,0.011748853561394268,1.6249364320822394e-06
1292.03999999998,1569.2018340265377,708.5984531347468,0.011844223386009297,0.011807457695464018,1.6513273621947188e-06
1292.04999999998,1569.2018340265377,708.6014609209565,0.011917322446715225,0.011866320666908134,1.6781262913741277e-06
1292.05999999998,1569.2018340265377,708.604468686142,0.011990793033716491,0.01192544343377056,1.7053391852084802e-06
1292.06999999998,1569.2018340265377,708.6074764303037,0.012064636516119345,0.01198482695667346,1.7329720911310142e-06
1292.07999999998,1569.2018340265377,708.6104841534413,0.012138854264653453,0.01204447219881472,1.7610311393480193e-06
1292.08999999998,1569.2018340265377,708.6134918555556,0.012213447653454357,0.012104380125990287,1.7895225441560402e-06
1292.09999999998,1569.2018340265377,708.6164995366466,0.012288418057485467,0.012164551706575998,1.8184526046299145e-06
1292.10999999998,1569.2018340265377,708.6195071967145,0.012363766855812407,0.012224987911531735,1.8478277061817121e-06
1292.1199999999799,1569.2018340265377,708.6225148357594,0.012439495428904237,0.012285689714412393,1.877654321261705e-06
1292.1299999999799,1569.2018340265377,708.6255224537816,0.01251560515932006,0.01234665809136777,1.907939010560968e-06
1292.1399999999799,1569.2018340265377,708.6285300507817,0.012592097432750615,0.012407894021144443,1.9386884242881163e-06
1292.1499999999799,1569.2018340265377,708.6315376267594,0.012668973636795547,0.012469398485071441,1.969909303111353e-06
1292.1599999999798,1569.2018340265377,708.634545181715,0.012746235161283447,0.012531172467087497,2.001608479357707e-06
1292.1699999999798,1569.2018340265377,708.6375527156489,0.012823883398909051,0.012593216953731504,2.033792878267381e-06
1292.1799999999798,1569.2018340265377,708.6405602285614,0.012901919743780297,0.012655532934144259,2.066469518936179e-06
1292.1899999999798,1569.2018340265377,708.6435677204524,0.012980345593214265,0.012718121400060706,2.099645515780148e-06
1292.1999999999798,1569.2018340265377,708.6465751913224,0.01305916234655759,0.012780983345833077,2.133328079554991e-06
1292.2099999999798,1569.2018340265377,708.6495826411714,0.013138371404996562,0.012844119768411228,2.1675245185273646e-06
1292.2199999999798,1569.2018340265377,708.6525900699999,0.013217974172629444,0.012907531667365798,2.202242239882654e-06
1292.2299999999798,1569.2018340265377,708.6555974778079,0.013297972055004567,0.012971220044866063,2.2374887507158066e-06
1292.2399999999798,1569.2018340265377,708.6586048645955,0.013378366460859067,0.013035185905695787,2.2732716595785495e-06
1292.2499999999798,1569.2018340265377,708.6616122303632,0.0134591588011086,0.013099430257257398,2.3095986775827918e-06
1292.2599999999798,1569.2018340265377,708.6646195751111,0.013540350488156608,0.013163954109568752,2.346477619561323e-06
1292.2699999999797,1569.2018340265377,708.6676268988396,0.01362194293731085,0.013228758475259823,2.3839164056047314e-06
1292.2799999999797,1569.2018340265377,708.6706342015485,0.013703937565451492,0.013293844369579031,2.4219230621453225e-06
1292.2899999999797,1569.2018340265377,708.6736414832384,0.013786335793103566,0.013359212810399722,2.460505723650016e-06
1292.2999999999797,1569.2018340265377,708.6766487439094,0.013869139041012208,0.013424864818214291,2.4996726333548476e-06
1292.3099999999797,1569.2018340265377,708.6796559835617,0.01395234873364945,0.013490801416138084,2.5394321452437263e-06
1292.3199999999797,1569.2018340265377,708.6826632021955,0.014035966297320769,0.013557023629908306,2.579792725085456e-06
1292.3299999999797,1569.2018340265377,708.6856703998111,0.0141199931601222,0.013623532487892854,2.6207629518134264e-06
1292.3399999999797,1569.2018340265377,708.6886775764087,0.014204430752423733,0.013690329021084321,2.662351519013571e-06
1292.3499999999797,1569.2018340265377,708.6916847319885,0.0142892805076543,0.013757414263101172,2.7045672364932e-06
1292.3599999999797,1569.2018340265377,708.6946918665507,0.014374543859841809,0.013824789250194097,2.7474190312565407e-06
1292.3699999999797,1569.2018340265377,708.6976989800954,0.014460222247130648,0.013892455021244846,2.790915949619855e-06
1292.3799999999796,1569.2018340265377,708.7007060726232,0.014546317107441647,0.01396041261777252,2.8350671578540446e-06
1292.3899999999796,1569.2018340265377,708.703713144134,0.014632829882513083,0.014028663083916926,2.8798819444347747e-06
1292.3999999999796,1569.2018340265377,708.706720194628,0.014719762016321011,0.014097207466462675,2.9253697212548563e-06
1292.4099999999796,1569.2018340265377,708.7097272241056,0.014807114954157097,0.014166046814827641,2.9715400249531282e-06
1292.4199999999796,1569.2018340265377,708.7127342325668,0.014894890143316209,0.014235182181066647,3.0184025185819025e-06
1292.4299999999796,1569.2018340265377,708.7157412200122,0.014983089034006806,0.014304614619875108,3.0659669933452608e-06
1292.4399999999796,1569.2018340265377,708.7187481864416,0.015071713077914778,0.014374345188579565,3.114243369875152e-06
1292.4499999999796,1569.2018340265377,708.7217551318554,0.015160763729119784,0.01444437494715195,3.163241700008864e-06
1292.4599999999796,1569.2018340265377,708.724762056254,0.015250242443464759,0.014514704958213151,3.2129721682650076e-06
1292.4699999999796,1569.2018340265377,708.7277689596374,0.015340150679155288,0.014585336287010217,3.2634450935796504e-06
1292.4799999999796,1569.2018340265377,708.7307758420058,0.015430489896362193,0.014656270001441055,3.3146709308746166e-06
1292.4899999999795,1569.2018340265377,708.7337827033592,0.015521261557716621,0.014727507172044714,3.3666602728176928e-06
1292.4999999999795,1569.2018340265377,708.7367895436985,0.015612467126084524,0.014799048872018487,3.4194238510237534e-06
1292.5099999999795,1569.2018340265377,708.7397963630235,0.01570410806910801,0.014870896177189029,3.472972538721698e-06
1292.5199999999795,1569.2018340265377,708.7428031613342,0.01579618585454138,0.01494305016602651,3.5273173514621573e-06
1292.5299999999795,1569.2018340265377,708.7458099386312,0.015888701952568952,0.015015511919664546,3.582469449361624e-06
1292.5399999999795,1569.2018340265377,708.7488166949147,0.015981657835139943,0.01508828252187922,3.638440138697407e-06
1292.5499999999795,1569.2018340265377,708.7518234301847,0.016075054977178184,0.015161363059084082,3.6952408739514024e-06
1292.5599999999795,1569.2018340265377,708.7548301444415,0.016168894854600824,0.015234754620352897,3.752883259162346e-06
1292.5699999999795,1569.2018340265377,708.7578368376852,0.016263178946059983,0.015308458297403722,3.811379050125329e-06
1292.5799999999795,1569.2018340265377,708.7608435099164,0.016357908730293143,0.01538247518461618,3.870740155611748e-06
1292.5899999999795,1569.2018340265377,708.7638501611351,0.016453085691062262,0.015456806379006949,3.9309786403655995e-06
1292.5999999999794,1569.2018340265377,708.7668567913413,0.016548711311311626,0.015531452980244187,3.992106725606455e-06
1292.6099999999794,1569.2018340265377,708.7698634005355,0.016644787077460917,0.015606416090662096,4.054136791941246e-06
1292.6199999999794,1569.2018340265377,708.7728699887178,0.016741314476943044,0.015681696815233296,4.117081380673612e-06
1292.6299999999794,1569.2018340265377,708.7758765558887,0.016838295000228782,0.015757296261594632,4.180953196241058e-06
1292.6399999999794,1569.2018340265377,708.778883102048,0.0169357301382219,0.01583321554002487,4.245765107516503e-06
1292.6499999999794,1569.2018340265377,708.781889627196,0.017033621385395072,0.015909455763462074,4.311530150567539e-06
1292.6599999999794,1569.2018340265377,708.7848961313333,0.017131970236179055,0.01598601804750412,4.378261529749828e-06
1292.6699999999794,1569.2018340265377,708.7879026144597,0.017230778188210755,0.01606290351038863,4.445972620527779e-06
1292.6799999999794,1569.2018340265377,708.7909090765755,0.017330046741240283,0.016140113273022262,4.514676971261003e-06
1292.6899999999794,1569.2018340265377,708.7939155176811,0.01742977739546249,0.016217648458957665,4.584388304816974e-06
1292.6999999999794,1569.2018340265377,708.7969219377766,0.01752997165347386,0.016295510194408228,4.655120521164262e-06
1292.7099999999793,1569.2018340265377,708.7999283368623,0.017630631020514546,0.016373699608239523,4.726887699545178e-06
1292.7199999999793,1569.2018340265377,708.8029347149381,0.01773175700305098,0.016452217831963316,4.799704100227121e-06
1292.7299999999793,1569.2018340265377,708.8059410720045,0.017833351109589893,0.016531065999761365,4.873584166882236e-06
1292.7399999999793,1569.2018340265377,708.808947408062,0.017935414849000065,0.016610245248470875,4.948542528293297e-06
1292.7499999999793,1569.2018340265377,708.8119537231103,0.018037949734061445,0.01668975671756926,5.024594001511601e-06
1292.7599999999793,1569.2018340265377,708.8149600171498,0.018140957278257396,0.01676960154920115,5.101753593219781e-06
1292.7699999999793,1569.2018340265377,708.8179662901807,0.018244438996817894,0.016849780888160297,5.180036502247653e-06
1292.7799999999793,1569.2018340265377,708.8209725422034,0.018348396406483,0.01693029588190456,5.259458121781783e-06
1292.7899999999793,1569.2018340265377,708.8239787732181,0.01845283102644635,0.017011147680537624,5.340034041916694e-06
1292.7999999999793,1569.2018340265377,708.8269849832246,0.01855774437701482,0.017092337436814715,5.421780051593472e-06
1292.8099999999793,1569.2018340265377,708.8299911722236,0.01866313798082545,0.017173866306157776,5.504712141301507e-06
1292.8199999999792,1569.2018340265377,708.8329973402152,0.018769013361099342,0.017255735446639966,5.588846504924025e-06
1292.8299999999792,1569.2018340265377,708.8360034871995,0.01887537204410822,0.017337946018975963,5.674199542848865e-06
1292.8399999999792,1569.2018340265377,708.8390096131768,0.018982215556933687,0.017420499186549445,5.760787863742399e-06
1292.8499999999792,1569.2018340265377,708.8420157181472,0.019089545428443266,0.017503396115384887,5.8486282872602085e-06
1292.8599999999792,1569.2018340265377,708.8450218021112,0.0191973631895388,0.01758663797417506,5.937737846611889e-06
1292.8699999999792,1569.2018340265377,708.848027865069,0.019305670372009916,0.01767022593425271,6.028133790683986e-06
1292.8799999999792,1569.2018340265377,708.8510339070203,0.019414468510280898,0.01775416116959583,6.119833587103069e-06
1292.8899999999792,1569.2018340265377,708.8540399279658,0.019523759139765794,0.01783844485684962,6.2128549242891896e-06
1292.8999999999792,1569.2018340265377,708.8570459279057,0.019633543796849298,0.017923078175306823,6.307215714000666e-06
1292.9099999999792,1569.2018340265377,708.8600519068402,0.019743824021173025,0.01800806230690713,6.402934094665825e-06
1292.9199999999792,1569.2018340265377,708.8630578647693,0.019854601353061385,0.018093398436230014,6.5000284331882155e-06
1292.9299999999791,1569.2018340265377,708.8660638016934,0.019965877334033724,0.0181790877505197,6.598517327775121e-06
1292.9399999999791,1569.2018340265377,708.8690697176128,0.02007765350703053,0.01826513143966531,6.6984196106761626e-06
1292.9499999999791,1569.2018340265377,708.8720756125275,0.02018993141744754,0.018351530696193507,6.7997543512346245e-06
1292.9599999999791,1569.2018340265377,708.8750814864378,0.02030271261261614,0.018438286715283803,6.902540858475431e-06
1292.969999999979,1569.2018340265377,708.878087339344,0.02041599863929172,0.01852540069476458,7.00679868301454e-06
1292.979999999979,1569.2018340265377,708.8810931712462,0.020529791047850625,0.018612873835102392,7.112547621267412e-06
1292.989999999979,1569.2018340265377,708.8840989821449,0.020644091388439135,0.018700707339417418,7.219807716973447e-06
1292.999999999979,1569.2018340265377,708.8871047720401,0.020758901214689977,0.018788902413459388,7.328599265315867e-06
1293.009999999979,1569.2018340265377,708.8901105409317,0.02087422208065798,0.01887746026561973,7.438942814755914e-06
1293.019999999979,1569.2018340265377,708.8931162888206,0.02099005554077257,0.018966382106953963,7.550859169930066e-06
1293.029999999979,1569.2018340265377,708.8961220157065,0.021106403151985437,0.019055669151127122,7.664369395312434e-06
1293.039999999979,1569.2018340265377,708.8991277215899,0.02122326647418869,0.019145322614462845,7.779494818398938e-06
1293.049999999979,1569.2018340265377,708.9021334064709,0.02134064706597674,0.019235343715908453,7.896257031142098e-06
1293.059999999979,1569.2018340265377,708.9051390703496,0.021458546488315418,0.01932573367705762,8.014677894328308e-06
1293.069999999979,1569.2018340265377,708.9081447132265,0.02157696630466205,0.019416493722138755,8.134779540697058e-06
1293.079999999979,1569.2018340265377,708.9111503351016,0.021695908078492164,0.019507625078003476,8.25658437710734e-06
1293.089999999979,1569.2018340265377,708.9141559359751,0.021815373375199138,0.019599128974142357,8.380115088386022e-06
1293.099999999979,1569.2018340265377,708.9171615158476,0.02193536376169565,0.019691006642687168,8.505394640346913e-06
1293.109999999979,1569.2018340265377,708.9201670747188,0.02205588080552331,0.019783259318374626,8.632446282607987e-06
1293.119999999979,1569.2018340265377,708.9231726125893,0.02217692607725838,0.019875888238590125,8.761293552792612e-06
1293.129999999979,1569.2018340265377,708.9261781294591,0.02229850114669476,0.019968894643338397,8.89196027827282e-06
1293.139999999979,1569.2018340265377,708.9291836253285,0.022420607586051407,0.020062279775245398,9.024470580715115e-06
1293.149999999979,1569.2018340265377,708.9321891001978,0.022543246968430887,0.02015604487956716,9.158848878808557e-06
1293.159999999979,1569.2018340265377,708.9351945540669,0.022666420869501682,0.020250191204170584,9.29511989228893e-06
1293.169999999979,1569.2018340265377,708.9381999869364,0.02279013086406166,0.020344719999556525,9.433308643955092e-06
1293.179999999979,1569.2018340265377,708.9412053988065,0.022914378529593916,0.020439632518836754,9.573440464520154e-06
1293.189999999979,1569.2018340265377,708.9442107896771,0.023039165444687787,0.020534930017732076,9.715540995433174e-06
1293.199999999979,1569.2018340265377,708.9472161595487,0.023164493189462426,0.020630613754592016,9.859636192572291e-06
1293.209999999979,1569.2018340265377,708.9502215084214,0.02329036334350807,0.0207266849903642,1.0005752328869527e-05
1293.2199999999789,1569.2018340265377,708.9532268362955,0.023416777489801376,0.020823144988621343,1.0153915999566924e-05
1293.2299999999789,1569.2018340265377,708.9562321431712,0.023543737211192566,0.020919995015533894,1.0304154124299825e-05
1293.2399999999789,1569.2018340265377,708.9592374290486,0.023671244093355838,0.02101723633987881,1.0456493952021268e-05
1293.2499999999789,1569.2018340265377,708.962242693928,0.023799299720297054,0.02111487023304501,1.0610963062713971e-05
1293.2599999999788,1569.2018340265377,708.9652479378097,0.023927905679257632,0.021212897969020122,1.0767589373238136e-05
1293.2699999999788,1569.2018340265377,708.968253160694,0.024057063558314194,0.021311320824392167,1.092640114003524e-05
1293.2799999999788,1569.2018340265377,708.9712583625808,0.024186774946685415,0.02141014007834345,1.1087426963042889e-05
1293.2899999999788,1569.2018340265377,708.9742635434704,0.024317041434388377,0.021509357012655838,1.1250695789365928e-05
1293.2999999999788,1569.2018340265377,708.9772687033633,0.02444786461208336,0.021608972911708595,1.1416236917057543e-05
1293.3099999999788,1569.2018340265377,708.9802738422596,0.024579246072274866,0.021708989062472286,1.1584079999569646e-05
1293.3199999999788,1569.2018340265377,708.9832789601593,0.02471118741006874,0.02180940675448726,1.175425505004538e-05
1293.3299999999788,1569.2018340265377,708.9862840570628,0.02484369021779698,0.021910227279906963,1.1926792442796614e-05
1293.3399999999788,1569.2018340265377,708.9892891329703,0.02497675609129004,0.02201145193345351,1.210172292022837e-05
1293.3499999999788,1569.2018340265377,708.9922941878821,0.02511038662709153,0.02211308201243818,1.227907759560983e-05
1293.3599999999788,1569.2018340265377,708.9952992217982,0.02524458342369534,0.022215118816739522,1.2458887957750514e-05
1293.3699999999787,1569.2018340265377,708.998304234719,0.025379348079052597,0.02231756364882387,1.264118587393941e-05
1293.3799999999787,1569.2018340265377,709.0013092266447,0.02551468219208215,0.02242041781373125,1.2826003594831181e-05
1293.3899999999787,1569.2018340265377,709.0043141975756,0.025650587364405834,0.022523682619064747,1.3013373759532027e-05
1293.3999999999787,1569.2018340265377,709.0073191475117,0.025787065196560283,0.02262735937499553,1.320332939796541e-05
1293.4099999999787,1569.2018340265377,709.0103240764532,0.025924117291448494,0.02273144939426393,1.3395903936910304e-05
1293.4199999999787,1569.2018340265377,709.0133289844007,0.026061745251942714,0.02283595399218072,1.3591131203129515e-05
1293.4299999999787,1569.2018340265377,709.0163338713542,0.02619995068246775,0.02294087448660435,1.3789045428538677e-05
1293.4399999999787,1569.2018340265377,709.0193387373137,0.026338735188521978,0.0230462121979458,1.398968125440028e-05
1293.4499999999787,1569.2018340265377,709.0223435822796,0.026478100375833976,0.023151968449185635,1.4193073735367585e-05
1293.4599999999787,1569.2018340265377,709.0253484062523,0.026618047850682038,0.023258144565846926,1.4399258344123206e-05
1293.4699999999787,1569.2018340265377,709.0283532092318,0.0267585792218295,0.023364741875996256,1.4608270976986277e-05
1293.4799999999786,1569.2018340265377,709.0313579912183,0.026899696097898874,0.023471761710248406,1.4820147957114016e-05
1293.4899999999786,1569.2018340265377,709.0343627522122,0.027041400087534508,0.023579205401763368,1.503492603921052e-05
1293.4999999999786,1569.2018340265377,709.0373674922135,0.027183692801330372,0.023687074286226763,1.5252642415254145e-05
1293.5099999999786,1569.2018340265377,709.0403722112228,0.027326575850020126,0.02379536970187914,1.5473334718275075e-05
1293.5199999999786,1569.2018340265377,709.0433769092398,0.027470050846282606,0.02390409298946363,1.5697041028084432e-05
1293.5299999999786,1569.2018340265377,709.046381586265,0.027614119401908912,0.024013245492279785,1.5923799874567988e-05
1293.5399999999786,1569.2018340265377,709.0493862422987,0.02775878312993053,0.02412282855613518,1.615365024369213e-05
1293.5499999999786,1569.2018340265377,709.052390877341,0.027904043644965987,0.02423284352936225,1.638663158266209e-05
1293.5599999999786,1569.2018340265377,709.0553954913921,0.02804990256202307,0.024343291762806606,1.6622783804186365e-05
1293.5699999999786,1569.2018340265377,709.0584000844522,0.028196361496641686,0.024454174609831653,1.686214729157408e-05
1293.5799999999786,1569.2018340265377,709.0614046565217,0.02834342206438796,0.024565493426323522,1.710476290349447e-05
1293.5899999999785,1569.2018340265377,709.0644092076008,0.028491085882517444,0.024677249570649446,1.7350671980024188e-05
1293.5999999999785,1569.2018340265377,709.0674137376892,0.028639354568612836,0.024789444403683265,1.7599916347031304e-05
1293.6099999999785,1569.2018340265377,709.0704182467878,0.02878822974160167,0.02490207928882316,1.785253832203067e-05
1293.6199999999785,1569.2018340265377,709.0734227348966,0.028937713018969247,0.025015155591940973,1.8108580717644917e-05
1293.6299999999785,1569.2018340265377,709.0764272020158,0.02908780601965704,0.025128674681403843,1.836808684871285e-05
1293.6399999999785,1569.2018340265377,709.0794316481455,0.02923851036602435,0.025242637928057247,1.8631100538894794e-05
1293.6499999999785,1569.2018340265377,709.0824360732859,0.02938982767735296,0.025357046705238334,1.8897666122003716e-05
1293.6599999999785,1569.2018340265377,709.0854404774376,0.029541759574708545,0.025471902388780564,1.916782845051918e-05
1293.6699999999785,1569.2018340265377,709.0884448606005,0.02969430768006524,0.02558720635695752,1.9441632900474202e-05
1293.6799999999785,1569.2018340265377,709.0914492227747,0.029847473616302522,0.025702959990530787,1.971912537709532e-05
1293.6899999999785,1569.2018340265377,709.0944535639607,0.030001259005219792,0.02581916467273272,2.0000352319077343e-05
1293.6999999999784,1569.2018340265377,709.0974578841585,0.03015566547090836,0.025935821789253556,2.028536070644885e-05
1293.7099999999784,1569.2018340265377,709.1004621833687,0.03031069463634093,0.02605293272824582,2.057419806403564e-05
1293.7199999999784,1569.2018340265377,709.1034664615911,0.030466348127493555,0.026170498880302095,2.0866912469970933e-05
1293.7299999999784,1569.2018340265377,709.106470718826,0.03062262756718703,0.02628852163847281,2.1163552557369394e-05
1293.7399999999784,1569.2018340265377,709.1094749550739,0.030779534581407798,0.026407002398261936,2.146416752449561e-05
1293.7499999999784,1569.2018340265377,709.1124791703346,0.030937070796578345,0.02652594255759099,2.1768807138803065e-05
1293.7599999999784,1569.2018340265377,709.1154833646086,0.031095237838261083,0.02664534351683922,2.2077521742067643e-05
1293.7699999999784,1569.2018340265377,709.1184875378962,0.031254037332409085,0.02676520667880775,2.2390362257228715e-05
1293.7799999999784,1569.2018340265377,709.1214916901973,0.03141347090609051,0.026885533448718992,2.270738019500994e-05
1293.7899999999784,1569.2018340265377,709.1244958215125,0.031573540186755164,0.027006325234225824,2.3028627659578765e-05
1293.7999999999784,1569.2018340265377,709.1274999318415,0.031734246802380066,0.027127583445379192,2.3354157354811226e-05
1293.8099999999783,1569.2018340265377,709.130504021185,0.031895592380543854,0.02724930949466901,2.368402258994944e-05
1293.8199999999783,1569.2018340265377,709.1335080895432,0.03205757854837902,0.027371504796982794,2.4018277285797818e-05
1293.8299999999783,1569.2018340265377,709.1365121369159,0.03222020693614585,0.027494170769586587,2.4356975983748906e-05
1293.8399999999783,1569.2018340265377,709.1395161633038,0.03238347917137826,0.027617308832175242,2.470017384794429e-05
1293.8499999999783,1569.2018340265377,709.1425201687068,0.032547396884145395,0.027740920406812104,2.504792667561708e-05
1293.8599999999783,1569.2018340265377,709.1455241531253,0.03271196170306475,0.02786500691796072,2.5400290900690286e-05
1293.8699999999783,1569.2018340265377,709.1485281165595,0.03287717525756527,0.027989569792465797,2.5757323602077654e-05
1293.8799999999783,1569.2018340265377,709.1515320590095,0.033043039178629864,0.02811461045952924,2.6119082510926316e-05
1293.8899999999783,1569.2018340265377,709.1545359804755,0.03320955509515221,0.02824013035074685,2.6485626014566582e-05
1293.8999999999783,1569.2018340265377,709.157539880958,0.03337672463736499,0.028366130900070435,2.6857013165921746e-05
1293.9099999999783,1569.2018340265377,709.160543760457,0.033544549436054116,0.02849261354381136,2.7233303689780383e-05
1293.9199999999782,1569.2018340265377,709.1635476189726,0.03371303112198291,0.02861957972062581,2.7614557989235475e-05
1293.9299999999782,1569.2018340265377,709.1665514565052,0.03388217132446919,0.028747030871532978,2.800083715152453e-05
1293.9399999999782,1569.2018340265377,709.1695552730553,0.034051971675508635,0.02887496843990486,2.8392202958441207e-05
1293.9499999999782,1569.2018340265377,709.1725590686226,0.03422243380544553,0.029003393871417208,2.8788717889804893e-05
1293.9599999999782,1569.2018340265377,709.1755628432074,0.03439355934688084,0.02913230861409673,2.91904451339815e-05
1293.9699999999782,1569.2018340265377,709.1785665968101,0.03456534992872024,0.029261714118300974,2.9597448590071388e-05
1293.9799999999782,1569.2018340265377,709.181570329431,0.03473780718249723,0.029391611836707777,3.000979288051463e-05
1293.9899999999782,1569.2018340265377,709.1845740410703,0.0349109327395912,0.02952200322430429,3.0427543356112804e-05
1293.9999999999782,1569.2018340265377,709.1875777317279,0.03508472823201931,0.029652889738371182,3.085076610412191e-05
1294.0099999999782,1569.2018340265377,709.1905814014042,0.03525919528997857,0.02978427283851602,3.1279527953667936e-05
1294.0199999999782,1569.2018340265377,709.1935850500996,0.035434335543840026,0.029916153986637814,3.171389648495745e-05
1294.0299999999781,1569.2018340265377,709.1965886778142,0.035610150626204234,0.030048534646915752,3.215394003875252e-05
1294.0399999999781,1569.2018340265377,709.199592284548,0.03578664216778515,0.030181416285802773,3.2599727720400545e-05
1294.0499999999781,1569.2018340265377,709.2025958703015,0.03596381180004742,0.03031480037206471,3.305132941004123e-05
1294.0599999999781,1569.2018340265377,709.2055994350749,0.03614166115293995,0.030448688376713773,3.3508815768236184e-05
1294.069999999978,1569.2018340265377,709.2086029788684,0.03632019185734468,0.03058308177303215,3.3972258246160424e-05
1294.079999999978,1569.2018340265377,709.211606501682,0.03649940554485233,0.030717982036550517,3.4441729093364314e-05
1294.089999999978,1569.2018340265377,709.214610003516,0.03667930384525822,0.030853390645061842,3.491730136350328e-05
1294.099999999978,1569.2018340265377,709.217613484371,0.0368598883892552,0.030989309078625214,3.5399048924984247e-05
1294.109999999978,1569.2018340265377,709.2206169442468,0.03704116080716077,0.03112573881949786,3.5887046467812126e-05
1294.119999999978,1569.2018340265377,709.2236203831437,0.03722312272868624,0.031262681352194885,3.638136951175215e-05
1294.129999999978,1569.2018340265377,709.226623801062,0.03740577578524068,0.031400138163452045,3.688209441683255e-05
1294.139999999978,1569.2018340265377,709.2296271980019,0.03758912160398825,0.03153811074222387,3.738929838591719e-05
1294.149999999978,1569.2018340265377,709.2326305739638,0.03777316181610727,0.03167660057968235,3.790305948129381e-05
1294.159999999978,1569.2018340265377,709.2356339289474,0.03795789805081988,0.031815609169183585,3.842345662728927e-05
1294.169999999978,1569.2018340265377,709.2386372629534,0.03814333193643883,0.03195513800630806,3.895056961998642e-05
1294.179999999978,1569.2018340265377,709.2416405759819,0.03832946510161502,0.03209518858882233,3.948447913709053e-05
1294.189999999978,1569.2018340265377,709.2446438680331,0.038516299174490516,0.03223576241666123,4.002526674580844e-05
1294.199999999978,1569.2018340265377,709.2476471391071,0.03870383578353082,0.03237686099194702,4.0573014912609734e-05
1294.209999999978,1569.2018340265377,709.2506503892043,0.03889207655619636,0.03251848581897725,4.1127807010749595e-05
1294.219999999978,1569.2018340265377,709.253653618325,0.03908102311916736,0.0326606384042066,4.1689727329436845e-05
1294.229999999978,1569.2018340265377,709.2566568264691,0.03927067710004615,0.03280332025623957,4.225886108470785e-05
1294.239999999978,1569.2018340265377,709.2596600136369,0.039461040126051006,0.032946532885828474,4.2835294427222334e-05
1294.249999999978,1569.2018340265377,709.2626631798288,0.03965211382245253,0.03309027780588218,4.34191144498122e-05
1294.259999999978,1569.2018340265377,709.265666325045,0.03984389981405452,0.03323455653143176,4.401040919827091e-05
1294.269999999978,1569.2018340265377,709.2686694492857,0.040036399726793674,0.033379370579628136,4.460926768252073e-05
1294.279999999978,1569.2018340265377,709.2716725525509,0.04022961518658427,0.03352472146973969,4.521577988485776e-05
1294.289999999978,1569.2018340265377,709.274675634841,0.04042354781571538,0.033670610723155935,4.5830036765454315e-05
1294.299999999978,1569.2018340265377,709.2776786961563,0.040618199239117345,0.033817039863368724,4.645213027895635e-05
1294.309999999978,1569.2018340265377,709.280681736497,0.04081357107916004,0.033964010415953094,4.7082153378301495e-05
1294.3199999999779,1569.2018340265377,709.283684755863,0.04100966496042589,0.03411152390856522,4.772020002996308e-05
1294.3299999999779,1569.2018340265377,709.2866877542548,0.041206482503041604,0.034259581870962,4.836636521619733e-05
1294.3399999999779,1569.2018340265377,709.2896907316726,0.04140402532953782,0.03440818583495992,4.902074495281706e-05
1294.3499999999779,1569.2018340265377,709.2926936881169,0.04160229506001234,0.03455733733444355,4.968343629363742e-05
1294.3599999999778,1569.2018340265377,709.2956966235873,0.041801293316487034,0.034707037905329495,5.035453734565711e-05
1294.3699999999778,1569.2018340265377,709.2986995380843,0.04200102171712255,0.034857289085597154,5.1034147272463884e-05
1294.3799999999778,1569.2018340265377,709.3017024316084,0.04220148188197627,0.03500809241528691,5.172236631142054e-05
1294.3899999999778,1569.2018340265377,709.3047053041596,0.04240267542787575,0.03515944943642895,5.241929577763886e-05
1294.3999999999778,1569.2018340265377,709.3077081557379,0.04260460397492709,0.035311361693085956,5.312503808255471e-05
1294.4099999999778,1569.2018340265377,709.3107109863438,0.04280726913834095,0.035463830731344896,5.38396967343965e-05
1294.4199999999778,1569.2018340265377,709.3137137959775,0.04301067253492425,0.0356168580992972,5.456337635678238e-05
1294.4299999999778,1569.2018340265377,709.3167165846393,0.043214815780767704,0.035770445347024185,5.5296182696577045e-05
1294.4399999999778,1569.2018340265377,709.319719352329,0.04341970049072403,0.035924594026576794,5.603822263397943e-05
1294.4499999999778,1569.2018340265377,709.3227220990472,0.043625328276952036,0.03607930569201341,5.6789604191630525e-05
1294.4599999999778,1569.2018340265377,709.3257248247941,0.043831700755366985,0.03623458189935629,5.75504365538429e-05
1294.4699999999777,1569.2018340265377,709.3287275295697,0.04403881953578503,0.036390424206570904,5.832083006483019e-05
1294.4799999999777,1569.2018340265377,709.3317302133744,0.04424668623175324,0.0365468341735862,5.9100896252784465e-05
1294.4899999999777,1569.2018340265377,709.3347328762085,0.04445530245308567,0.036703813362286064,5.989074783132884e-05
1294.4999999999777,1569.2018340265377,709.337735518072,0.04466466980993112,0.03686136333646445,6.0690498716099976e-05
1294.5099999999777,1569.2018340265377,709.3407381389653,0.04487478991105485,0.03701948566185798,6.150026403402651e-05
1294.5199999999777,1569.2018340265377,709.3437407388884,0.045085664365053964,0.03717818190610099,6.232016013638373e-05
1294.5299999999777,1569.2018340265377,709.3467433178417,0.04529729477862878,0.03733745363875815,6.315030460818068e-05
1294.5399999999777,1569.2018340265377,709.3497458758255,0.045509682757498025,0.03749730243127939,6.399081628097894e-05
1294.5499999999777,1569.2018340265377,709.3527484128398,0.04572282990693648,0.037657729856990216,6.484181524545179e-05
1294.5599999999777,1569.2018340265377,709.355750928885,0.045936737832222185,0.037818737491118685,6.570342286407675e-05
1294.5699999999777,1569.2018340265377,709.358753423961,0.04615140813663412,0.037980326910737515,6.657576178013419e-05
1294.5799999999776,1569.2018340265377,709.3617558980685,0.04636684241993417,0.03814249969480312,6.745895592769496e-05
1294.5899999999776,1569.2018340265377,709.3647583512076,0.04658304228557583,0.0383052574241094,6.835313055410109e-05
1294.5999999999776,1569.2018340265377,709.3677607833781,0.04680000933424951,0.038468601681271794,6.925841222296592e-05
1294.6099999999776,1569.2018340265377,709.3707631945806,0.04701774516299989,0.03863253405076672,7.017492882530712e-05
1294.6199999999776,1569.2018340265377,709.3737655848154,0.04723625137056715,0.038797056118885044,7.110280959977253e-05
1294.6299999999776,1569.2018340265377,709.3767679540823,0.047455529553813,0.038962169473703324,7.204218513989849e-05
1294.6399999999776,1569.2018340265377,709.379770302382,0.04767558130871954,0.039127875705136025,7.299318740849554e-05
1294.6499999999776,1569.2018340265377,709.3827726297143,0.04789640822986018,0.03929417640485082,7.395594974935031e-05
1294.6599999999776,1569.2018340265377,709.3857749360798,0.04811801190935066,0.03946107316633338,7.493060689873154e-05
1294.6699999999776,1569.2018340265377,709.3887772214784,0.04834039393990081,0.03962856758480854,7.59172950028202e-05
1294.6799999999776,1569.2018340265377,709.3917794859104,0.04856355591326559,0.03979666125726729,7.691615162859363e-05
1294.6899999999775,1569.2018340265377,709.3947817293762,0.04878749941817494,0.03996535578246965,7.792731577377306e-05
1294.6999999999775,1569.2018340265377,709.3977839518759,0.04901222604418166,0.040134652760902556,7.895092788606569e-05
1294.7099999999775,1569.2018340265377,709.4007861534097,0.049237737376926334,0.040304553794775475,7.99871298690259e-05
1294.7199999999775,1569.2018340265377,709.4037883339779,0.0494640350042156,0.040475060488022956,8.10360651053776e-05
1294.7299999999775,1569.2018340265377,709.4067904935804,0.04969112050908462,0.04064617444627465,8.209787845931311e-05
1294.7399999999775,1569.2018340265377,709.409792632218,0.04991899547511696,0.04081789727690299,8.317271629905696e-05
1294.7499999999775,1569.2018340265377,709.4127947498904,0.05014766148397735,0.040990230588902235,8.426072650621681e-05
1294.7599999999775,1569.2018340265377,709.415796846598,0.05037712011652018,0.04116317599298821,8.536205849198639e-05
1294.7699999999775,1569.2018340265377,709.4187989223411,0.050607372953030645,0.04133673510152884,8.647686321138505e-05
1294.7799999999775,1569.2018340265377,709.4218009771198,0.050838421569676065,0.04151090952853966,8.760529317135988e-05
1294.7899999999775,1569.2018340265377,709.4248030109345,0.05107026754255293,0.04168570088969941,8.874750245197618e-05
1294.7999999999774,1569.2018340265377,709.4278050237851,0.0513029124479245,0.04186111080228596,8.99036467210582e-05
1294.8099999999774,1569.2018340265377,709.430807015672,0.05153635785870314,0.04203714088522483,9.107388324280416e-05
1294.8199999999774,1569.2018340265377,709.4338089865956,0.051770605345494075,0.04221379275905834,9.225837089399765e-05
1294.8299999999774,1569.2018340265377,709.436810936556,0.05200565648011383,0.04239106804590078,9.345727018480348e-05
1294.8399999999774,1569.2018340265377,709.4398128655532,0.052241512832044264,0.04256896836946735,9.467074326751283e-05
1294.8499999999774,1569.2018340265377,709.4428147735875,0.05247817596702383,0.04274749535504253,9.589895394872646e-05
1294.8599999999774,1569.2018340265377,709.4458166606595,0.05271564745143739,0.042926650629502495,9.714206771244646e-05
1294.8699999999774,1569.2018340265377,709.448818526769,0.052953928848676876,0.04310643582123593,9.840025172831118e-05
1294.8799999999774,1569.2018340265377,709.4518203719163,0.05319302172248985,0.04328685256020013,9.967367487331024e-05
1294.8899999999774,1569.2018340265377,709.4548221961015,0.05343292763445128,0.04346790247786884,0.00010096250774233864
1294.8999999999774,1569.2018340265377,709.4578239993253,0.053673648141960226,0.043649587207261274,0.00010226692266000188
1294.9099999999773,1569.2018340265377,709.4608257815875,0.05391518480356653,0.04383190838285495,0.00010358709370589021
1294.9199999999773,1569.2018340265377,709.4638275428883,0.05415753917556594,0.04401486764066324,0.00010492319672433092
1294.9299999999773,1569.2018340265377,709.4668292832281,0.05440071281113734,0.0441984666181614,0.0001062754093381938
1294.9399999999773,1569.2018340265377,709.4698310026072,0.05464470726485817,0.04438270695431612,0.00010764391097381164
1294.9499999999773,1569.2018340265377,709.4728327010257,0.05488952408502212,0.04456759028953184,0.00010902888286183883
1294.9599999999773,1569.2018340265377,709.4758343784836,0.0551351648224206,0.04475311826564519,0.00011043050807067501
1294.9699999999773,1569.2018340265377,709.4788360349813,0.05538163102377582,0.044939292525969156,0.00011184897151013355
1294.9799999999773,1569.2018340265377,709.4818376705193,0.055628924234300034,0.04512611471522473,0.00011328445995261134
1294.9899999999773,1569.2018340265377,709.4848392850975,0.0558770459973655,0.045313586479514036,0.00011473716204890074
1294.9999999999773,1569.2018340265377,709.487840878716,0.05612599785567324,0.04550170946636474,0.00011620726834755508
1295.0099999999773,1569.2018340265377,709.4908424513752,0.05637578134832162,0.045690485324674866,0.00011769497130544127
1295.0199999999772,1569.2018340265377,709.4938440030755,0.05662639801338652,0.04587991570474322,0.00011920046531014969
1295.0299999999772,1569.2018340265377,709.496845533817,0.056877849387322155,0.046070002258192286,0.00012072394669549713
1295.0399999999772,1569.2018340265377,709.4998470435996,0.05713013700468578,0.04626074663799119,0.00012226561375829853
1295.0499999999772,1569.2018340265377,709.5028485324239,0.05738326239660365,0.046452150498471866,0.00012382566677249444
1295.0599999999772,1569.2018340265377,709.50585000029,0.05763722709370853,0.04664421549528038,0.00012540430801262912
1295.0699999999772,1569.2018340265377,709.5088514471983,0.057892032624644624,0.046836943285356446,0.00012700174176819083
1295.0799999999772,1569.2018340265377,709.5118528731485,0.05814768051577505,0.047030335526927626,0.000128618174360659
1295.0899999999772,1569.2018340265377,709.5148542781412,0.05840417229170559,0.047224393879525706,0.00013025381416259332
1295.0999999999772,1569.2018340265377,709.5178556621769,0.058661509473838795,0.047419120003966315,0.00013190887161228517
1295.1099999999772,1569.2018340265377,709.5208570252553,0.05891969358177274,0.04761451556226942,0.00013358355923449478
1295.1199999999772,1569.2018340265377,709.5238583673768,0.05917872613604473,0.047810582217734376,0.00013527809166540477
1295.1299999999771,1569.2018340265377,709.5268596885415,0.059438608649955975,0.048007321634882645,0.00013699268565212045
1295.1399999999771,1569.2018340265377,709.5298609887499,0.0596993426380072,0.04820473547945127,0.00013872756009025684
1295.1499999999771,1569.2018340265377,709.5328622680022,0.059960929611916035,0.04840282541839504,0.00014048293603357486
1295.1599999999771,1569.2018340265377,709.5358635262983,0.060223371082806114,0.0486015931198123,0.0001422590367174338
1295.169999999977,1569.2018340265377,709.5388647636386,0.06048666855592349,0.04880104025302185,0.0001440560875657094
1295.179999999977,1569.2018340265377,709.5418659800234,0.06075082353796748,0.049001168488496456,0.00014587431622669275
1295.189999999977,1569.2018340265377,709.544867175453,0.06101583752881603,0.04920197949784153,0.00014771395257246058
1295.199999999977,1569.2018340265377,709.5478683499273,0.06128171203410781,0.04940347495379652,0.00014957522874844547
1295.209999999977,1569.2018340265377,709.5508695034466,0.06154844854824096,0.049605656530228144,0.00015145837915180063
1295.219999999977,1569.2018340265377,709.5538706360114,0.06181604856798007,0.049808525902124826,0.00015336364048381025
1295.229999999977,1569.2018340265377,709.5568717476217,0.06208451358650629,0.050012084745536124,0.00015529125175482147
1295.239999999977,1569.2018340265377,709.5598728382777,0.062353845098445514,0.05021633473760483,0.00015724145431684437
1295.249999999977,1569.2018340265377,709.5628739079796,0.06262404459013368,0.05042127755653741,0.0001592144918590036
1295.259999999977,1569.2018340265377,709.5658749567278,0.06289511354768848,0.05062691488160526,0.000161210610447758
1295.269999999977,1569.2018340265377,709.5688759845224,0.06316705345738621,0.050833248393076014,0.00016323005854793177
1295.279999999977,1569.2018340265377,709.5718769913636,0.06343986580086294,0.05104027977227675,0.00016527308703129413
1295.289999999977,1569.2018340265377,709.5748779772515,0.06371355205733617,0.05124801070150165,0.00016733994920212358
1295.299999999977,1569.2018340265377,709.5778789421868,0.06398811370227446,0.051456442864099325,0.00016943090081494722
1295.309999999977,1569.2018340265377,709.5808798861692,0.06426355221154431,0.05166557794432468,0.00017154620010534317
1295.319999999977,1569.2018340265377,709.5838808091991,0.06453986905755482,0.05187541762742607,0.00017368610780142059
1295.329999999977,1569.2018340265377,709.5868817112766,0.0648170657086118,0.05208596359960744,0.00017585088714284274
1295.339999999977,1569.2018340265377,709.5898825924023,0.06509514363172597,0.052297217548005516,0.0001780408039094495
1295.349999999977,1569.2018340265377,709.5928834525761,0.06537410429269437,0.052509181160650724,0.00018025612644276325
1295.359999999977,1569.2018340265377,709.5958842917981,0.06565394915372823,0.05272185612649212,0.00018249712566127148
1295.369999999977,1569.2018340265377,709.5988851100687,0.06593467967185586,0.05293524413536641,0.00018476407507733285
1295.379999999977,1569.2018340265377,709.6018859073884,0.06621629730505257,0.05314934687799923,0.0001870572508360631
1295.389999999977,1569.2018340265377,709.6048866837571,0.06649880350703276,0.05336416604594911,0.00018937693172251378
1295.399999999977,1569.2018340265377,709.6078874391748,0.066782199729161,0.053579703331600365,0.00019172339918906386
1295.409999999977,1569.2018340265377,709.6108881736421,0.06706648741980645,0.053795960428221,0.00019409693737629564
1295.4199999999769,1569.2018340265377,709.6138888871591,0.06735166802427582,0.05401293902983309,0.0001964978331342817
1295.4299999999769,1569.2018340265377,709.6168895797261,0.0676377429871516,0.054230640831303766,0.0001989263760526631
1295.4399999999769,1569.2018340265377,709.6198902513432,0.06792471374795578,0.05444906752823099,0.00020138285846994525
1295.4499999999769,1569.2018340265377,709.6228909020106,0.06821258174509626,0.054668220817001824,0.00020386757550833293
1295.4599999999768,1569.2018340265377,709.6258915317286,0.06850134841286046,0.05488810239476882,0.00020638082508774768
1295.4699999999768,1569.2018340265377,709.6288921404974,0.06879101518373734,0.055108713959392826,0.00020892290795549034
1295.4799999999768,1569.2018340265377,709.6318927283172,0.06908158348669421,0.0553300572094516,0.00021149412770449884
1295.4899999999768,1569.2018340265377,709.6348932951882,0.06937305474754536,0.05555213384424099,0.00021409479079791574
1295.4999999999768,1569.2018340265377,709.6378938411108,0.06966543038984822,0.05577494556373378,0.00021672520659518342
1295.5099999999768,1569.2018340265377,709.640894366085,0.06995871183603922,0.05599849406857179,0.00021938568737943213
1295.5199999999768,1569.2018340265377,709.6438948701111,0.07025290050218828,0.05622278106004142,0.00022207654836489752
1295.5299999999768,1569.2018340265377,709.6468953531892,0.07054799780452731,0.0564478082400657,0.0002247981077413486
1295.5399999999768,1569.2018340265377,709.6498958153198,0.07084400515150512,0.0566735773112308,0.00022755068667345576
1295.5499999999768,1569.2018340265377,709.6528962565029,0.07114092395585286,0.05690008997665882,0.00023033460936265946
1295.5599999999768,1569.2018340265377,709.6558966767387,0.07143875562175854,0.057127347940102116,0.00023315020303159168
1295.5699999999767,1569.2018340265377,709.6588970760275,0.07173750155213637,0.05735535290587547,0.00023599779797148408
1295.5799999999767,1569.2018340265377,709.6618974543696,0.07203716314686102,0.05758410657885721,0.00023887772756145975
1295.5899999999767,1569.2018340265377,709.6648978117652,0.07233774180202619,0.057813610664445986,0.00024179032829076957
1295.5999999999767,1569.2018340265377,709.6678981482141,0.07263923891276759,0.05804386686855283,0.0002447359397933677
1295.6099999999767,1569.2018340265377,709.6708984637171,0.07294165586831519,0.05827487689763671,0.0002477149048570867
1295.6199999999767,1569.2018340265377,709.6738987582743,0.07324499405580412,0.0585066424586179,0.00025072756946113316
1295.6299999999767,1569.2018340265377,709.6768990318857,0.07354925486066348,0.05873916525886953,0.00025377428280320226
1295.6399999999767,1569.2018340265377,709.6798992845515,0.0738544396651516,0.058972447006235884,0.00025685539732061327
1295.6499999999767,1569.2018340265377,709.6828995162721,0.07416054984442072,0.05920648940899721,0.00025997126870225485
1295.6599999999767,1569.2018340265377,709.6858997270479,0.07446758677435804,0.05944129417588006,0.00026312225594204416
1295.6699999999767,1569.2018340265377,709.6888999168787,0.07477555182580535,0.059676863015950266,0.00026630872134431245
1295.6799999999766,1569.2018340265377,709.6919000857648,0.0750844463692326,0.059913197638702925,0.00026953103056764904
1295.6899999999766,1569.2018340265377,709.6949002337066,0.07539427176719372,0.060150299753991374,0.0002727895526240855
1295.6999999999766,1569.2018340265377,709.6979003607042,0.07570502938250755,0.06038817107202777,0.00027608465993513573
1295.7099999999766,1569.2018340265377,709.7009004667581,0.07601672057290661,0.06062681330334725,0.0002794167283393411
1295.7199999999766,1569.2018340265377,709.7039005518681,0.07632934669460568,0.06086622815878183,0.000282786137132187
1295.7299999999766,1569.2018340265377,709.7069006160344,0.0766429090989992,0.06110641734947788,0.00028619326908156043
1295.7399999999766,1569.2018340265377,709.7099006592578,0.07695740913189877,0.06134738258688871,0.0002896385104521361
1295.7499999999766,1569.2018340265377,709.712900681538,0.07727284814086123,0.06158912558268318,0.0002931222510596902
1295.7599999999766,1569.2018340265377,709.7159006828753,0.0775892274681798,0.06183164804877343,0.00029664488427318776
1295.7699999999766,1569.2018340265377,709.7189006632699,0.07790654845016932,0.06207495169733357,0.00030020680703997865
1295.7799999999766,1569.2018340265377,709.7219006227222,0.07822481242112057,0.06231903824072691,0.00030380841992828824
1295.7899999999765,1569.2018340265377,709.7249005612324,0.07854402071295351,0.06256390939151513,0.0003074501271545408
1295.7999999999765,1569.2018340265377,709.7279004788005,0.07886417465336103,0.06280956686239382,0.00031113233660412585
1295.8099999999765,1569.2018340265377,709.7309003754268,0.07918527556501706,0.06305601236624832,0.0003148554598574072
1295.8199999999765,1569.2018340265377,709.7339002511118,0.07950732477114161,0.06330324761610805,0.0003186199122402439
1295.8299999999765,1569.2018340265377,709.7369001058553,0.07983032358542438,0.06355127432507128,0.0003224261128122439
1295.8399999999765,1569.2018340265377,709.7398999396578,0.0801542733250979,0.06380009420638087,0.0003262744844490404
1295.8499999999765,1569.2018340265377,709.7428997525193,0.08047917529776015,0.06404970897332089,0.00033016545381773263
1295.8599999999765,1569.2018340265377,709.7458995444402,0.08080503080774154,0.06430012033927339,0.0003340994514324177
1295.8699999999765,1569.2018340265377,709.7488993154209,0.0811318411606399,0.06455133001764322,0.00033807691170213683
1295.8799999999765,1569.2018340265377,709.7518990654611,0.08145960765348863,0.06480333972182942,0.00034209827292001443
1295.8899999999765,1569.2018340265377,709.7548987945614,0.08178833158301052,0.06505615116529204,0.00034616397732821356
1295.8999999999764,1569.2018340265377,709.757898502722,0.08211801423918517,0.06530976606143804,0.0003502744711201467
1295.9099999999764,1569.2018340265377,709.760898189943,0.0824486569093874,0.06556418612364036,0.00035443020448842606
1295.9199999999764,1569.2018340265377,709.7638978562246,0.08278026087917352,0.06581941306523795,0.00035863163165910527
1295.9299999999764,1569.2018340265377,709.7668975015671,0.08311282742762299,0.06607544859947843,0.00036287921090187076
1295.9399999999764,1569.2018340265377,709.7698971259708,0.08344635783078234,0.06633229443954691,0.00036717340457605516
1295.9499999999764,1569.2018340265377,709.7728967294358,0.08378085336243678,0.06658995229847914,0.0003715146791644141
1295.9599999999764,1569.2018340265377,709.7758963119622,0.08411631529096918,0.06684842388919014,0.0003759035052910244
1295.9699999999764,1569.2018340265377,709.7788958735505,0.08445274488052006,0.067107710924475,0.00038034035775779383
1295.9799999999764,1569.2018340265377,709.7818954142008,0.08479014339134021,0.06736781511694005,0.00038482571557694366
1295.9899999999764,1569.2018340265377,709.7848949339133,0.08512851208094799,0.06762873817899338,0.0003893600620080817
1295.9999999999764,1569.2018340265377,709.7878944326882,0.08546785220452081,0.06789048182284436,0.0003939438845922871
1296.0099999999763,1569.2018340265377,709.7908939105255,0.08580816501013044,0.0681530477604547,0.00039857767516195694
1296.0199999999763,1569.2018340265377,709.793893367426,0.08614945174149499,0.06841643770360789,0.00040326192988638244
1296.0299999999763,1569.2018340265377,709.7968928033895,0.08649171364071527,0.06868065336373012,0.0004079971493151148
1296.0399999999763,1569.2018340265377,709.7998922184162,0.08683495194626983,0.06894569645199979,0.00041278383840294435
1296.0499999999763,1569.2018340265377,709.8028916125064,0.08717916788983479,0.06921156867929781,0.0004176225065271527
1296.0599999999763,1569.2018340265377,709.8058909856604,0.08752436270063435,0.06947827175616728,0.00042251366754069477
1296.0699999999763,1569.2018340265377,709.8088903378784,0.08787053760419415,0.06974580739280363,0.00042745783979966526
1296.0799999999763,1569.2018340265377,709.8118896691605,0.08821769382157965,0.07001417729901364,0.00043245554619267333
1296.0899999999763,1569.2018340265377,709.8148889795069,0.08856583256931132,0.07028338318425645,0.0004375073141745864
1296.0999999999763,1569.2018340265377,709.8178882689181,0.08891495505939397,0.07055342675756215,0.0004426136757995081
1296.1099999999763,1569.2018340265377,709.8208875373941,0.08926506250125099,0.07082430972753166,0.0004477751677644947
1296.1199999999762,1569.2018340265377,709.8238867849351,0.08961615610141949,0.07109603380229551,0.0004529923314420778
1296.1299999999762,1569.2018340265377,709.8268860115413,0.0899682370560709,0.0713686006895447,0.0004582657128772767
1296.1399999999762,1569.2018340265377,709.829885217213,0.09032130656329826,0.07164201209646914,0.0004635958628833435
1296.1499999999762,1569.2018340265377,709.8328844019507,0.09067536581367465,0.07191626972976776,0.00046898333702910034
1296.1599999999762,1569.2018340265377,709.835883565754,0.09103041599597182,0.07219137529554452,0.000474428695701774
1296.1699999999762,1569.2018340265377,709.8388827086234,0.09138645829388915,0.07246733049940203,0.0004799325041267348
1296.1799999999762,1569.2018340265377,709.8418818305594,0.09174349388345783,0.07274413704638971,0.00048549533238834565
1296.1899999999762,1569.2018340265377,709.8448809315619,0.09210152394180937,0.07302179664089865,0.000491117755510231
1296.1999999999762,1569.2018340265377,709.8478800116312,0.09246054963799463,0.07330031098674565,0.0004968003534439363
1296.2099999999762,1569.2018340265377,709.8508790707675,0.09282057214043073,0.07357968178708872,0.0005025437111433252
1296.2199999999762,1569.2018340265377,709.853878108971,0.09318159260604521,0.0738599107444375,0.0005083484185424204
1296.2299999999761,1569.2018340265377,709.8568771262421,0.09354361219406468,0.07414099956064304,0.0005142150706659433
1296.2399999999761,1569.2018340265377,709.8598761225808,0.09390663205885841,0.07442294993680165,0.0005201442676262753
1296.2499999999761,1569.2018340265377,709.8628750979873,0.09427065334573227,0.07470576357332923,0.0005261366146376486
1296.2599999999761,1569.2018340265377,709.8658740524621,0.09463567720055299,0.07498944216990812,0.0005321927221054835
1296.269999999976,1569.2018340265377,709.8688729860052,0.09500170476050052,0.07527398742540099,0.0005383132056109397
1296.279999999976,1569.2018340265377,709.8718718986167,0.09536873716159715,0.0755594010379259,0.0005444986859913617
1296.289999999976,1569.2018340265377,709.8748707902971,0.09573677553407825,0.07584568470478052,0.0005507497893507842
1296.299999999976,1569.2018340265377,709.8778696610465,0.09610582100278056,0.0761328401224317,0.0005570671470994368
1296.309999999976,1569.2018340265377,709.8808685108652,0.09647587468835062,0.07642086898650396,0.0005634513959983243
1296.319999999976,1569.2018340265377,709.8838673397531,0.09684693770901799,0.0767097729917032,0.00056990317820668
1296.329999999976,1569.2018340265377,709.8868661477107,0.0972190111758171,0.0769995538318931,0.0005764231412935004
1296.339999999976,1569.2018340265377,709.8898649347384,0.09759209619381547,0.07729021320000735,0.0005830119382814647
1296.349999999976,1569.2018340265377,709.8928637008361,0.09796619386820399,0.07758175278800551,0.0005896702277212563
1296.359999999976,1569.2018340265377,709.895862446004,0.09834130529602471,0.0778741742869058,0.0005963986736817943
1296.369999999976,1569.2018340265377,709.8988611702423,0.09871743157135734,0.07816747938672938,0.0006031979458193197
1296.379999999976,1569.2018340265377,709.9018598735516,0.09909457377960779,0.07846166977654545,0.0006100687193825434
1296.389999999976,1569.2018340265377,709.9048585559319,0.09947273300495751,0.07875674714431474,0.0006170116752949367
1296.399999999976,1569.2018340265377,709.9078572173833,0.09985191033032588,0.07905271317696715,0.0006240275001960897
1296.409999999976,1569.2018340265377,709.910855857906,0.10023210682729201,0.0793495695603795,0.0006311168864185398
1296.419999999976,1569.2018340265377,709.9138544775004,0.1006133235634424,0.07964731797933088,0.0006382805320721323
1296.429999999976,1569.2018340265377,709.9168530761667,0.10099556160422996,0.07994596011745682,0.0006455191410955359
1296.439999999976,1569.2018340265377,709.919851653905,0.10137882201203015,0.08024549765724924,0.0006528334232911678
1296.449999999976,1569.2018340265377,709.9228502107155,0.10176310583724311,0.0805459322800565,0.000660224094308471
1296.459999999976,1569.2018340265377,709.9258487465987,0.10214841413204431,0.08084726566603775,0.0006676918757721004
1296.469999999976,1569.2018340265377,709.9288472615546,0.10253474794102181,0.08114949949410562,0.0006752374952618902
1296.479999999976,1569.2018340265377,709.9318457555833,0.10292210830565658,0.08145263544196021,0.0006828616863836282
1296.489999999976,1569.2018340265377,709.9348442286852,0.10331049625931475,0.08175667518605499,0.0006905651887768197
1296.499999999976,1569.2018340265377,709.9378426808604,0.10369991283264188,0.08206162040153867,0.0006983487481907883
1296.509999999976,1569.2018340265377,709.9408411121094,0.10409035904902347,0.08236747276228988,0.0007062131164967543
1296.5199999999759,1569.2018340265377,709.9438395224321,0.10448183593229111,0.08267423394080146,0.0007141590517798857
1296.5299999999759,1569.2018340265377,709.9468379118287,0.10487434449395538,0.08298190560824925,0.000722187318296055
1296.5399999999759,1569.2018340265377,709.9498362802998,0.10526788574687251,0.08329048943448118,0.0007302986866069402
1296.5499999999759,1569.2018340265377,709.9528346278453,0.10566246069146787,0.08359998708785327,0.0007384939335250253
1296.5599999999758,1569.2018340265377,709.9558329544653,0.10605807033366288,0.08391040023534611,0.0007467738422826434
1296.5699999999758,1569.2018340265377,709.9588312601604,0.10645471566461245,0.08422173054251862,0.0007551392024331004
1296.5799999999758,1569.2018340265377,709.9618295449307,0.10685239767306137,0.08453397967342478,0.0007635908099780597
1296.5899999999758,1569.2018340265377,709.9648278087762,0.10725111734631558,0.08484714929063758,0.0007721294674189483
1296.5999999999758,1569.2018340265377,709.9678260516972,0.1076508756609449,0.08516124105518891,0.0007807559837329019
1296.6099999999758,1569.2018340265377,709.9708242736941,0.10805167359437334,0.08547625662662969,0.0007894711745007363
1296.6199999999758,1569.2018340265377,709.9738224747671,0.10845351210993186,0.08579219766289826,0.000798275861840016
1296.6299999999758,1569.2018340265377,709.9768206549162,0.10885639217647658,0.08610906582034417,0.0008071708745925951
1296.6399999999758,1569.2018340265377,709.9798188141418,0.10926031475102782,0.08642686275372796,0.0008161570482421198
1296.6499999999758,1569.2018340265377,709.982816952444,0.10966528078582018,0.08674559011613678,0.0008252352250081415
1296.6599999999758,1569.2018340265377,709.9858150698232,0.11007129122683114,0.08706524955905719,0.0008344062538811133
1296.6699999999757,1569.2018340265377,709.9888131662794,0.11047834702086456,0.08738584273222931,0.0008436709907182747
1296.6799999999757,1569.2018340265377,709.9918112418128,0.11088644910181415,0.0877073712836832,0.0008530302981853954
1296.6899999999757,1569.2018340265377,709.9948092964239,0.11129559840389659,0.0880298368597878,0.0008624850459033819
1296.6999999999757,1569.2018340265377,709.9978073301128,0.11170579584929363,0.08835324110507971,0.000872036110395499
1296.7099999999757,1569.2018340265377,710.0008053428796,0.11211704236240999,0.08867758566233672,0.0008816843752446133
1296.7199999999757,1569.2018340265377,710.0038033347246,0.11252933885840977,0.08900287217251589,0.0008914307310491444
1296.7299999999757,1569.2018340265377,710.006801305648,0.1129426862475002,0.08932910227476656,0.0009012760755023984
1296.7399999999757,1569.2018340265377,710.00979925565,0.11335708543251277,0.08965627760636778,0.0009112213134181954
1296.7499999999757,1569.2018340265377,710.0127971847311,0.11377253731511874,0.08998439980272904,0.0009212673568270184
1296.7599999999757,1569.2018340265377,710.0157950928909,0.11418904278762301,0.09031347049729023,0.0009314151249548651
1296.7699999999757,1569.2018340265377,710.0187929801301,0.11460660273777927,0.09064349132164613,0.0009416655443109671
1296.7799999999756,1569.2018340265377,710.021790846449,0.1150252180492714,0.09097446390540982,0.0009520195487362188
1296.7899999999756,1569.2018340265377,710.0247886918476,0.11544488959775495,0.09130638987617432,0.0009624780794169299
1296.7999999999756,1569.2018340265377,710.0277865163259,0.1158656182562749,0.09163927085953776,0.000973042084977416
1296.8099999999756,1569.2018340265377,710.0307843198844,0.1162874048893005,0.0919731084790908,0.0009837125214777018
1296.8199999999756,1569.2018340265377,710.0337821025236,0.11671025035666786,0.09230790435637944,0.0009944903524931345
1296.8299999999756,1569.2018340265377,710.0367798642433,0.11713415551604406,0.0926436601108155,0.0010053765491818045
1296.8399999999756,1569.2018340265377,710.0397776050436,0.11755912121347364,0.0929803773597022,0.0010163720902525018
1296.8499999999756,1569.2018340265377,710.0427753249251,0.11798514829380484,0.09331805771827262,0.0010274779621027798
1296.8599999999756,1569.2018340265377,710.0457730238878,0.11841223759270089,0.09365670279954949,0.0010386951587956887
1296.8699999999756,1569.2018340265377,710.0487707019321,0.11884038994208469,0.09399631421438302,0.0010500246821562428
1296.8799999999756,1569.2018340265377,710.051768359058,0.11926960617162193,0.09433689357140002,0.0010614675418329494
1296.8899999999755,1569.2018340265377,710.0547659952657,0.1196998870977437,0.09467844247700391,0.0010730247552495496
1296.8999999999755,1569.2018340265377,710.0577636105558,0.12013123353611596,0.09502096253536182,0.0010846973477641236
1296.9099999999755,1569.2018340265377,710.0607612049281,0.12056364629504256,0.09536445534830139,0.0010964863526577665
1296.9199999999755,1569.2018340265377,710.063758778383,0.12099712617705845,0.09570892251536203,0.001108392811199407
1296.9299999999755,1569.2018340265377,710.0667563309207,0.12143167398441779,0.09605436563375691,0.0011204177727453606
1296.9399999999755,1569.2018340265377,710.0697538625415,0.12186729049930974,0.09640078629830726,0.0011325622946057451
1296.9499999999755,1569.2018340265377,710.0727513732454,0.1223039765142743,0.0967481861014555,0.0011448274423748724
1296.9599999999755,1569.2018340265377,710.0757488630328,0.12274173280734689,0.09709656663322642,0.0011572142897517588
1296.9699999999755,1569.2018340265377,710.0787463319037,0.12318056014912006,0.09744592948118747,0.0011697239186538458
1296.9799999999755,1569.2018340265377,710.0817437798588,0.12362045931082304,0.097796276230489,0.0011823574193453976
1296.9899999999755,1569.2018340265377,710.0847412068979,0.12406143105114202,0.09814760846370518,0.001195115890359828
1296.9999999999754,1569.2018340265377,710.0877386130213,0.12450347612786437,0.09849992776094035,0.0012080004386640084
1297.0099999999754,1569.2018340265377,710.0907359982291,0.12494659528973734,0.09885323569970973,0.0012210121796287952
1297.0199999999754,1569.2018340265377,710.0937333625219,0.1253907892789596,0.09920753385503286,0.0012341522371061972
1297.0299999999754,1569.2018340265377,710.0967307058996,0.1258360588337281,0.09956282379923369,0.0012474217435010828
1297.0399999999754,1569.2018340265377,710.0997280283625,0.12628240469039873,0.09991910710204693,0.0012608218398478422
1297.0499999999754,1569.2018340265377,710.1027253299108,0.12672982756882922,0.10027638533055239,0.0012743536757148205
1297.0599999999754,1569.2018340265377,710.1057226105448,0.12717832819006047,0.10063466004917465,0.0012880184094317814
1297.0699999999754,1569.2018340265377,710.1087198702646,0.12762790726591194,0.10099393281956145,0.0013018172080355738
1297.0799999999754,1569.2018340265377,710.1117171090705,0.12807856550780408,0.10135420520067917,0.0013157512474145404
1297.0899999999754,1569.2018340265377,710.1147143269625,0.1285303036115788,0.10171547874870446,0.001329821712203426
1297.0999999999754,1569.2018340265377,710.1177115239414,0.12898312227532832,0.10207775501709296,0.0013440297960203111
1297.1099999999753,1569.2018340265377,710.1207087000068,0.1294370221840874,0.10244103555637415,0.0013583767013566918
1297.1199999999753,1569.2018340265377,710.1237058551592,0.12989200402725218,0.10280532191428877,0.0013728636398157744
1297.1299999999753,1569.2018340265377,710.1267029893987,0.1303480684758245,0.10317061563572096,0.0013874918319257818
1297.1399999999753,1569.2018340265377,710.1297001027257,0.13080521619668367,0.10353691826264301,0.0014022625073404139
1297.1499999999753,1569.2018340265377,710.1326971951403,0.13126344786156108,0.10390423133410288,0.001417176904989854
1297.1599999999753,1569.2018340265377,710.1356942666426,0.1317227641210555,0.10427255638618177,0.0014322362728551778
1297.1699999999753,1569.2018340265377,710.138691317233,0.13218316563224458,0.10464189495199586,0.0014474418683190738
1297.1799999999753,1569.2018340265377,710.1416883469118,0.1326446530335657,0.10501224856168208,0.0014627949579475723
1297.1899999999753,1569.2018340265377,710.144685355679,0.1331072269667693,0.10538361874228745,0.0014782968177803565
1297.1999999999753,1569.2018340265377,710.1476823435348,0.1335708880640434,0.10575600701781088,0.0014939487332461727
1297.2099999999753,1569.2018340265377,710.1506793104796,0.13403563695009305,0.10612941490920452,0.001509751999239741
1297.2199999999752,1569.2018340265377,710.1536762565136,0.13450147424594264,0.10650384393426122,0.0015257079202161212
1297.2299999999752,1569.2018340265377,710.1566731816371,0.13496840056186804,0.10687929560767216,0.0015418178101676923
1297.2399999999752,1569.2018340265377,710.1596700858499,0.13543641650658322,0.10725577144087091,0.0015580829927787873
1297.2499999999752,1569.2018340265377,710.1626669691525,0.1359055226785426,0.10763327294216216,0.0015745048013859147
1297.2599999999752,1569.2018340265377,710.1656638315453,0.13637571967138284,0.10801180161665194,0.001591084579093217
1297.2699999999752,1569.2018340265377,710.1686606730283,0.13684700807276154,0.10839135896610484,0.0016078236788109497
1297.2799999999752,1569.2018340265377,710.1716574936016,0.13731938846497005,0.10877194648904473,0.001624723463321679
1297.2899999999752,1569.2018340265377,710.1746542932657,0.1377928614187712,0.10915356568069903,0.001641785305261679
1297.2999999999752,1569.2018340265377,710.1776510720207,0.1382674275022835,0.10953621803294125,0.0016590105872798429
1297.3099999999752,1569.2018340265377,710.1806478298669,0.1387430872781386,0.10991990503427758,0.0016764007020608235
1297.3199999999752,1569.2018340265377,710.1836445668042,0.13921984129741752,0.11030462816978952,0.00169395705230638
1297.3299999999751,1569.2018340265377,710.1866412828332,0.13969769011234,0.11069038892119346,0.0017116810509471502
1297.3399999999751,1569.2018340265377,710.189637977954,0.14017663426076418,0.11107718876672483,0.0017295741210078886
1297.3499999999751,1569.2018340265377,710.1926346521667,0.1406566742755458,0.1114650291811095,0.0017476376957763946
1297.3599999999751,1569.2018340265377,710.1956313054717,0.1411378106890336,0.11185391163562418,0.0017658732189193603
1297.369999999975,1569.2018340265377,710.1986279378689,0.14162004401964212,0.11224383759793467,0.001784282144367976
1297.379999999975,1569.2018340265377,710.2016245493589,0.14210337478188145,0.11263480853224565,0.0018028659365040554
1297.389999999975,1569.2018340265377,710.204621139942,0.14258780348129294,0.11302682589909438,0.0018216260701474857
1297.399999999975,1569.2018340265377,710.2076177096178,0.14307333062517308,0.11341989115535123,0.0018405640307507308
1297.409999999975,1569.2018340265377,710.210614258387,0.14355995670276037,0.11381400575434021,0.0018596813142075998
1297.419999999975,1569.2018340265377,710.2136107862499,0.14404768220046818,0.11420917114569175,0.0018789794271000526
1297.429999999975,1569.2018340265377,710.2166072932064,0.14453650760078493,0.11460538877523863,0.001898459886740081
1297.439999999975,1569.2018340265377,710.2196037792568,0.1450264333805233,0.11500266008515209,0.0019181242212104582
1297.449999999975,1569.2018340265377,710.2226002444013,0.1455174600034458,0.11540098651382323,0.0019379739693214644
1297.459999999975,1569.2018340265377,710.2255966886405,0.14600958792871493,0.11580036949589508,0.0019580106807808484
1297.469999999975,1569.2018340265377,710.2285931119742,0.14650281761211148,0.11620081046208161,0.0019782359162637646
1297.479999999975,1569.2018340265377,710.2315895144026,0.14699714949847817,0.11660231083930614,0.001998651247374978
1297.489999999975,1569.2018340265377,710.2345858959261,0.1474925840298301,0.11700487205064153,0.0020192582568148384
1297.499999999975,1569.2018340265377,710.2375822565449,0.1479891216355148,0.11740849551520618,0.0020400585383009403
1297.509999999975,1569.2018340265377,710.2405785962592,0.1484867627448878,0.117813182648195,0.0020610536968014475
1297.519999999975,1569.2018340265377,710.2435749150692,0.14898550777338088,0.11821893486083562,0.0020822453484013793
1297.529999999975,1569.2018340265377,710.246571212975,0.14948535713588118,0.11862575356034377,0.0021036351205453003
1297.539999999975,1569.2018340265377,710.2495674899772,0.14998631123388945,0.11903364014995577,0.0021252246519190467
1297.549999999975,1569.2018340265377,710.2525637460756,0.150488370465387,0.11944259602879148,0.0021470155926421137
1297.559999999975,1569.2018340265377,710.2555599812705,0.15099153522780845,0.11985262259191762,0.0021690096043739445
1297.569999999975,1569.2018340265377,710.2585561955623,0.151495805895723,0.12026372123030322,0.002191208360052554
1297.579999999975,1569.2018340265377,710.2615523889511,0.15200118285191863,0.12067589333075918,0.00221361354439711
1297.589999999975,1569.2018340265377,710.2645485614373,0.1525076664644788,0.12108914027592489,0.002236226853638921
1297.599999999975,1569.2018340265377,710.2675447130208,0.15301525709733102,0.12150346344420676,0.0022590499957312322
1297.609999999975,1569.2018340265377,710.2705408437018,0.1535239551043818,0.12191886420981173,0.002282084690324997
1297.6199999999749,1569.2018340265377,710.2735369534811,0.15403376083238937,0.12233534394274993,0.002305332668870905
1297.6299999999749,1569.2018340265377,710.2765330423582,0.15454467462694374,0.12275290400860012,0.002328795674761135
1297.6399999999749,1569.2018340265377,710.2795291103338,0.1550566968187268,0.12317154576874771,0.002352475463193449
1297.6499999999749,1569.2018340265377,710.2825251574078,0.15556982773722058,0.12359127058015063,0.002376373801428448
1297.6599999999748,1569.2018340265377,710.2855211835806,0.1560840676981632,0.12401207979543592,0.0024004924686641654
1297.6699999999748,1569.2018340265377,710.2885171888526,0.15659941701784053,0.12443397476282254,0.002424833256311881
1297.6799999999748,1569.2018340265377,710.2915131732235,0.15711587600296667,0.12485695682602804,0.002449397967899742
1297.6899999999748,1569.2018340265377,710.2945091366939,0.1576334449482073,0.1252810273243821,0.002474188419098149
1297.6999999999748,1569.2018340265377,710.2975050792642,0.158152124144557,0.12570618759270197,0.0024992064379058977
1297.7099999999748,1569.2018340265377,710.3005010009341,0.1586719138757402,0.12613243896121262,0.0025244538646528696
1297.7199999999748,1569.2018340265377,710.3034969017042,0.15919281442248318,0.12655978275566312,0.0025499325521344102
1297.7299999999748,1569.2018340265377,710.3064927815744,0.15971482604788736,0.1269882202971511,0.0025756443654322086
1297.7399999999748,1569.2018340265377,710.3094886405454,0.16023794901680447,0.12741775290223845,0.002601591182289415
1297.7499999999748,1569.2018340265377,710.3124844786171,0.16076218358312708,0.1278483818827593,0.0026277748929616645
1297.7599999999748,1569.2018340265377,710.3154802957895,0.16128752999464105,0.1282801085458708,0.002654197400358621
1297.7699999999747,1569.2018340265377,710.3184760920633,0.16181398848930525,0.1287129341941218,0.0026808606200476523
1297.7799999999747,1569.2018340265377,710.3214718674385,0.16234155929889,0.129146860125226,0.002707766480365615
1297.7899999999747,1569.2018340265377,710.3244676219152,0.1628702426508754,0.1295818876321466,0.002734916922516733
1297.7999999999747,1569.2018340265377,710.3274633554938,0.1634000387622435,0.13001801800308255,0.002762313900530844
1297.8099999999747,1569.2018340265377,710.3304590681743,0.16393094784067033,0.1304552525213565,0.0027899593813392443
1297.8199999999747,1569.2018340265377,710.3334547599572,0.1644629700900984,0.13089359246553284,0.002817855344936229
1297.8299999999747,1569.2018340265377,710.3364504308428,0.16499610570702877,0.1313330391091891,0.002846003784369681
1297.8399999999747,1569.2018340265377,710.3394460808307,0.16553035487861353,0.13177359372096792,0.002874406705772333
1297.8499999999747,1569.2018340265377,710.3424417099218,0.16606571778261955,0.13221525756468083,0.0029030661284269025
1297.8599999999747,1569.2018340265377,710.3454373181158,0.16660219459243816,0.1326580318990436,0.0029319840849039744
1297.8699999999747,1569.2018340265377,710.3484329054135,0.16713978547578806,0.13310191797786394,0.0029611626211114594
1297.8799999999746,1569.2018340265377,710.3514284718145,0.16767849059037584,0.13354691704980945,0.0029906037962705266
1297.8899999999746,1569.2018340265377,710.3544240173194,0.16821831008319588,0.1339930303585455,0.003020309682970175
1297.8999999999746,1569.2018340265377,710.3574195419284,0.16875924409552112,0.13444025914263724,0.0030502823673137646
1297.9099999999746,1569.2018340265377,710.3604150456415,0.16930129276549494,0.13488860463546853,0.003080523949026192
1297.9199999999746,1569.2018340265377,710.3634105284591,0.16984445622044944,0.13533806806531298,0.003111036541381735
1297.9299999999746,1569.2018340265377,710.3664059903814,0.17038873457822248,0.13578865065523554,0.00314182227128462
1297.9399999999746,1569.2018340265377,710.3694014314085,0.17093412795282875,0.13624035362306197,0.0031728832794344275
1297.9499999999746,1569.2018340265377,710.3723968515409,0.17148063644363418,0.13669317818141644,0.0032042217201906633
1297.9599999999746,1569.2018340265377,710.3753922507784,0.1720282601543996,0.13714712553755407,0.0032358397619816084
1297.9699999999746,1569.2018340265377,710.3783876291216,0.17257699917040742,0.1376021968935016,0.0032677395869481055
1297.9799999999746,1569.2018340265377,710.3813829865705,0.17312685356920188,0.13805839344590684,0.003299923391197332
1297.9899999999745,1569.2018340265377,710.3843783231255,0.1736778234302438,0.13851571638602456,0.00333239338505014
1297.9999999999745,1569.2018340265377,710.3873736387866,0.17422990881947034,0.13897416689972086,0.0033651517928120363
1298.0099999999745,1569.2018340265377,710.390368933554,0.1747831097918823,0.13943374616740709,0.003398200852879537
1298.0199999999745,1569.2018340265377,710.3933642074282,0.17533742639793914,0.13989445536409695,0.0034315428179289933
1298.0299999999745,1569.2018340265377,710.3963594604094,0.17589285867966384,0.14035629565921845,0.0034651799548956826
1298.0399999999745,1569.2018340265377,710.3993546924974,0.17644940667582726,0.1408192682166694,0.0034991145451417774
1298.0499999999745,1569.2018340265377,710.4023499036928,0.1770070704089572,0.14128337419487574,0.003533348884265865
1298.0599999999745,1569.2018340265377,710.4053450939957,0.17756584989832794,0.1417486147466016,0.0035678852824119855
1298.0699999999745,1569.2018340265377,710.4083402634064,0.17812574515927593,0.14221499101900711,0.003602726064324562
1298.0799999999745,1569.2018340265377,710.411335411925,0.1786867561940788,0.14268250415358122,0.00363787356922488
1298.0899999999745,1569.2018340265377,710.4143305395517,0.1792488829938704,0.14315115528612915,0.0036733301509091674
1298.0999999999744,1569.2018340265377,710.4173256462869,0.17981212555045492,0.14362094554683016,0.003709098178056009
1298.1099999999744,1569.2018340265377,710.4203207321308,0.18037648384177102,0.14409187605999302,0.0037451800339806857
1298.1199999999744,1569.2018340265377,710.4233157970833,0.1809419578431704,0.1445639479441851,0.0037815781169363264
1298.1299999999744,1569.2018340265377,710.426310841145,0.18150854751286036,0.14503716231221941,0.0038182948398735976
1298.1399999999744,1569.2018340265377,710.4293058643159,0.18207625281226258,0.1455115202710166,0.0038553326309211274
1298.1499999999744,1569.2018340265377,710.4323008665964,0.18264507368636446,0.14598702292166305,0.003892693933040304
1298.1599999999744,1569.2018340265377,710.4352958479864,0.18321501007672278,0.1464636713592715,0.00393038120435379
1298.1699999999744,1569.2018340265377,710.4382908084863,0.18378606191501057,0.1469414666731131,0.003968396918079162
1298.1799999999744,1569.2018340265377,710.4412857480966,0.1843582291248284,0.1474204099464957,0.00400674356262326
1298.1899999999744,1569.2018340265377,710.4442806668171,0.18493151162450772,0.14790050225664186,0.004045423641699539
1298.1999999999744,1569.2018340265377,710.4472755646482,0.18550590931964164,0.14838174467480272,0.004084439674234376
1298.2099999999743,1569.2018340265377,710.45027044159,0.18608142211316903,0.1488641382661727,0.004123794194645208
1298.2199999999743,1569.2018340265377,710.4532652976429,0.18665804989258544,0.14934768408989463,0.004163489752622042
1298.2299999999743,1569.2018340265377,710.4562601328072,0.18723579254470626,0.14983238319893732,0.004203528913509314
1298.2399999999743,1569.2018340265377,710.4592549470827,0.18781464994627464,0.1503182366401005,0.004243914258161706
1298.2499999999743,1569.2018340265377,710.4622497404698,0.18839462196527987,0.15080524545403853,0.004284648383036472
1298.2599999999743,1569.2018340265377,710.4652445129691,0.18897570845818723,0.15129341067526725,0.004325733900192396
1298.2699999999743,1569.2018340265377,710.4682392645803,0.18955790927946678,0.15178273333191003,0.00436717343755465
1298.2799999999743,1569.2018340265377,710.4712339953038,0.1901412242734381,0.15227321444588848,0.004408969638803275
1298.2899999999743,1569.2018340265377,710.4742287051399,0.19072565327287802,0.15276485503285483,0.004451125163397589
1298.2999999999743,1569.2018340265377,710.4772233940888,0.19131119610507757,0.15325765610206696,0.004493642686770774
1298.3099999999743,1569.2018340265377,710.4802180621507,0.19189785259126738,0.1537516186564323,0.0045365249003828274
1298.3199999999742,1569.2018340265377,710.4832127093257,0.19248562254036924,0.15424674369243813,0.00457977451163137
1298.3299999999742,1569.2018340265377,710.486207335614,0.193074505756536,0.15474303220015867,0.0046233942440913256
1298.3399999999742,1569.2018340265377,710.4892019410163,0.1936645020343278,0.15524048516326105,0.004667386837463481
1298.3499999999742,1569.2018340265377,710.4921965255322,0.19425561115666926,0.15573910355878534,0.00471175504757238
1298.3599999999742,1569.2018340265377,710.4951910891622,0.19484783290443572,0.15623888835733957,0.004756501646670906
1298.3699999999742,1569.2018340265377,710.4981856319065,0.19544116704818174,0.15673984052297454,0.00480162942329591
1298.3799999999742,1569.2018340265377,710.5011801537653,0.19603561334741493,0.1572419610131135,0.0048471411823057045
1298.3899999999742,1569.2018340265377,710.5041746547389,0.19663117155412427,0.15774525077859758,0.004893039745029719
1298.3999999999742,1569.2018340265377,710.5071691348273,0.19722784141682265,0.15824971076355876,0.004939327949423643
1298.4099999999742,1569.2018340265377,710.5101635940309,0.1978256226708391,0.1587553419055028,0.004986008649894781
1298.4199999999742,1569.2018340265377,710.5131580323501,0.19842451504184616,0.15926214513524015,0.005033084717444292
1298.4299999999741,1569.2018340265377,710.5161524497847,0.19902451825206127,0.15977012137671978,0.005080559039874726
1298.4399999999741,1569.2018340265377,710.5191468463352,0.19962563201394654,0.16027927154722815,0.0051284345217052895
1298.4499999999741,1569.2018340265377,710.5221412220016,0.2002278560302345,0.16078959655718522,0.005176714084219057
1298.4599999999741,1569.2018340265377,710.5251355767844,0.20083118999461536,0.16130109731022815,0.005225400665545461
1298.469999999974,1569.2018340265377,710.5281299106837,0.20143563359445038,0.1618137747030644,0.005274497220781602
1298.479999999974,1569.2018340265377,710.5311242236995,0.20204118650879263,0.16232762962547817,0.00532400672200226
1298.489999999974,1569.2018340265377,710.5341185158323,0.20264784840683953,0.16284266296039654,0.0053739321582832586
1298.499999999974,1569.2018340265377,710.5371127870823,0.20325561894796776,0.16335887558372206,0.0054242765357500715
1298.509999999974,1569.2018340265377,710.5401070374497,0.20386449778527496,0.1638762683644181,0.005475042877737033
1298.519999999974,1569.2018340265377,710.5431012669345,0.20447448456694137,0.16439484216430103,0.005526234224871634
1298.529999999974,1569.2018340265377,710.5460954755372,0.20508557892779541,0.16491459783826373,0.005577853634922396
1298.539999999974,1569.2018340265377,710.5490896632579,0.20569778049268264,0.1654355362340286,0.00562990418292956
1298.549999999974,1569.2018340265377,710.5520838300969,0.20631108888377575,0.1659576581922336,0.005682388961469888
1298.559999999974,1569.2018340265377,710.5550779760541,0.20692550370830934,0.16648096454628214,0.00573531108037031
1298.569999999974,1569.2018340265377,710.55807210113,0.2075410245743003,0.16700545612249057,0.005788673667209525
1298.579999999974,1569.2018340265377,710.561066205325,0.20815765106910847,0.16753113373993705,0.005842479866772526
1298.589999999974,1569.2018340265377,710.564060288639,0.20877538278019014,0.16805799821039044,0.005896732841679378
1298.599999999974,1569.2018340265377,710.5670543510723,0.20939421928430893,0.16858605033839882,0.005951435772150378
1298.609999999974,1569.2018340265377,710.570048392625,0.21001416015258006,0.16911529092113708,0.006006591856195647
1298.619999999974,1569.2018340265377,710.5730424132977,0.21063520493964272,0.16964572074853695,0.006062204309372967
1298.629999999974,1569.2018340265377,710.5760364130903,0.21125735319807185,0.17017734060305428,0.006118276365239027
1298.639999999974,1569.2018340265377,710.5790303920029,0.21188060447112,0.17071015125975794,0.006174811275207269
1298.649999999974,1569.2018340265377,710.582024350036,0.2125049582949401,0.17124415348633948,0.006231812308670206
1298.659999999974,1569.2018340265377,710.5850182871898,0.2131304141884248,0.17177934804295977,0.006289282752746743
1298.669999999974,1569.2018340265377,710.5880122034645,0.21375697167265528,0.1723157356823193,0.00634722591291337
1298.679999999974,1569.2018340265377,710.59100609886,0.21438463025583843,0.17285331714950466,0.006405645112609166
1298.689999999974,1569.2018340265377,710.593999973377,0.21501338943602905,0.17339209318216042,0.006464543693382523
1298.699999999974,1569.2018340265377,710.5969938270156,0.21564324870269846,0.173932064510275,0.006523925014977303
1298.709999999974,1569.2018340265377,710.5999876597757,0.21627420754026974,0.17447323185614835,0.00658379245549361
1298.7199999999739,1569.2018340265377,710.6029814716578,0.2169062654223535,0.1750155959345248,0.006644149411279993
1298.7299999999739,1569.2018340265377,710.605975262662,0.21753942181171168,0.1755591574523975,0.006704999296970792
1298.7399999999739,1569.2018340265377,710.6089690327887,0.21817367616752548,0.17610391710907994,0.006766345545769723
1298.7499999999739,1569.2018340265377,710.611962782038,0.21880902793369172,0.1766498755961128,0.006828191609137099
1298.7599999999738,1569.2018340265377,710.6149565104099,0.21944547655129362,0.1771970335972113,0.006890540957225311
1298.7699999999738,1569.2018340265377,710.617950217905,0.22008302145052291,0.17774539178835924,0.006953397078690673
1298.7799999999738,1569.2018340265377,710.6209439045233,0.22072166204985533,0.17829495083763117,0.007016763480705151
1298.7899999999738,1569.2018340265377,710.6239375702651,0.2213613977634749,0.1788457114052456,0.007080643689248526
1298.7999999999738,1569.2018340265377,710.6269312151305,0.22200222799616473,0.17939767414351127,0.007145041248997334
1298.8099999999738,1569.2018340265377,710.6299248391198,0.222644152143128,0.17995083969677644,0.007209959723367375
1298.8199999999738,1569.2018340265377,710.6329184422334,0.22328716958861758,0.18050520870150166,0.007275402694526717
1298.8299999999738,1569.2018340265377,710.6359120244713,0.22393127971336102,0.18106078178601864,0.007341373763669955
1298.8399999999738,1569.2018340265377,710.6389055858335,0.22457648188479884,0.1816175595706672,0.007407876550764424
1298.8499999999738,1569.2018340265377,710.6418991263207,0.22522277546158737,0.1821755426678061,0.007474914694747848
1298.8599999999738,1569.2018340265377,710.6448926459328,0.2258701597935676,0.1827347316815926,0.007542491853560733
1298.8699999999737,1569.2018340265377,710.6478861446702,0.22651863422709412,0.1832951272081196,0.007610611704387653
1298.8799999999737,1569.2018340265377,710.650879622533,0.2271681980928614,0.18385672983527865,0.007679277943290658
1298.8899999999737,1569.2018340265377,710.6538730795213,0.22781885071807545,0.18441954014277143,0.007748494285667559
1298.8999999999737,1569.2018340265377,710.6568665156358,0.2284705914180955,0.1849835587021857,0.007818264466027954
1298.9099999999737,1569.2018340265377,710.6598599308762,0.22912341949635506,0.1855487860766856,0.007888592238011093
1298.9199999999737,1569.2018340265377,710.6628533252427,0.22977733425884633,0.18611522282121595,0.00795948137495085
1298.9299999999737,1569.2018340265377,710.665846698736,0.23043233498828697,0.18668286948251517,0.008030935669037759
1298.9399999999737,1569.2018340265377,710.6688400513559,0.23108842096458695,0.18725172659882544,0.008102958932045346
1298.9499999999737,1569.2018340265377,710.6718333831029,0.23174559146181678,0.18782179470012056,0.008175554995297374
1298.9599999999737,1569.2018340265377,710.674826693977,0.23240384574749895,0.18839307430788024,0.008248727709674445
1298.9699999999737,1569.2018340265377,710.6778199839783,0.2330631830679809,0.18896556593516714,0.008322480945148413
1298.9799999999736,1569.2018340265377,710.6808132531075,0.2337236026691543,0.1895392700866834,0.008396818591565746
1298.9899999999736,1569.2018340265377,710.6838065013645,0.23438510378954547,0.19011418725847898,0.008471744558428066
1298.9999999999736,1569.2018340265377,710.6867997287494,0.23504768565795947,0.19069031793811517,0.008547262774868872
1299.0099999999736,1569.2018340265377,710.6897929352626,0.23571134748970066,0.19126766260465758,0.008623377189559963
1299.0199999999736,1569.2018340265377,710.6927861209044,0.23637608849573966,0.19184622172853447,0.008700091771076763
1299.0299999999736,1569.2018340265377,710.6957792856749,0.23704190787268703,0.1924259957715288,0.008777410507576548
1299.0399999999736,1569.2018340265377,710.6987724295742,0.2377088048151761,0.19300698518676854,0.008855337407297565
1299.0499999999736,1569.2018340265377,710.7017655526026,0.23837677850577502,0.19358919041874004,0.008933876498234431
1299.0599999999736,1569.2018340265377,710.7047586547606,0.23904582811810304,0.19417261190321428,0.00901303182828939
1299.0699999999736,1569.2018340265377,710.7077517360481,0.2397159528121318,0.19475725006717043,0.009092807465130536
1299.0799999999736,1569.2018340265377,710.7107447964652,0.2403871517489388,0.1953431053287881,0.009173207496791732
1299.0899999999735,1569.2018340265377,710.7137378360125,0.24105942407519582,0.19593017809754956,0.009254236031140938
1299.0999999999735,1569.2018340265377,710.7167308546899,0.24173276892547463,0.196518468773987,0.009335897195981584
1299.1099999999735,1569.2018340265377,710.719723852498,0.24240718542760367,0.1971079777498526,0.00941819513931483
1299.1199999999735,1569.2018340265377,710.7227168294364,0.24308267270437722,0.19769870540786363,0.00950113402942603
1299.1299999999735,1569.2018340265377,710.725709785506,0.24375922986330104,0.19829065212198646,0.009584718054554117
1299.1399999999735,1569.2018340265377,710.7287027207066,0.244436856006733,0.1988838182570917,0.009668951423292754
1299.1499999999735,1569.2018340265377,710.7316956350386,0.24511555022646772,0.19947820416912557,0.009753838364435656
1299.1599999999735,1569.2018340265377,710.734688528502,0.2457953116052164,0.2000738102049447,0.009839383127057413
1299.1699999999735,1569.2018340265377,710.7376814010971,0.24647613922377798,0.20067063670239832,0.0099255899808491
1299.1799999999735,1569.2018340265377,710.7406742528244,0.24715803213889306,0.20126868399032088,0.0100124632152675
1299.1899999999735,1569.2018340265377,710.7436670836839,0.24784098941005792,0.2018679523883205,0.01010000714062679
1299.1999999999734,1569.2018340265377,710.7466598936755,0.24852501008616015,0.2024684422068387,0.010188226087608054
1299.2099999999734,1569.2018340265377,710.7496526828,0.24921009320461174,0.2030701537473254,0.010277124407276215
1299.2199999999734,1569.2018340265377,710.7526454510573,0.24989623778818176,0.20367308730184452,0.01036670647094258
1299.2299999999734,1569.2018340265377,710.7556381984477,0.2505834428648656,0.2042772431533171,0.010456976671047318
1299.2399999999734,1569.2018340265377,710.7586309249714,0.2512717074456438,0.2048826215753539,0.010547939420261917
1299.2499999999734,1569.2018340265377,710.7616236306285,0.2519610305267425,0.20548922283229437,0.010639599151613579
1299.2599999999734,1569.2018340265377,710.7646163154195,0.25265141110249045,0.2060970471791999,0.010731960319057916
1299.2699999999734,1569.2018340265377,710.7676089793443,0.25334284815813096,0.20670609486166175,0.010825027397194605
1299.2799999999734,1569.2018340265377,710.7706016224033,0.2540353406649547,0.20731636611597912,0.010918804881109814
1299.2899999999734,1569.2018340265377,710.7735942445967,0.2547288875915505,0.20792786116901382,0.011013297286874045
1299.2999999999734,1569.2018340265377,710.7765868459246,0.2554234878925556,0.20854058023818314,0.011108509151092261
1299.3099999999733,1569.2018340265377,710.7795794263875,0.25611914051265483,0.20915452353145406,0.011204445031103565
1299.3199999999733,1569.2018340265377,710.7825719859853,0.2568158443946736,0.20976969124721934,0.011301109505353898
1299.3299999999733,1569.2018340265377,710.7855645247183,0.25751359846499816,0.2103860835743844,0.011398507172799624
1299.3399999999733,1569.2018340265377,710.788557042587,0.25821240163841624,0.2110037006923386,0.011496642653140366
1299.3499999999733,1569.2018340265377,710.7915495395912,0.25891225283191727,0.21162254277078413,0.0115955205874444
1299.3599999999733,1569.2018340265377,710.7945420157313,0.25961315094442927,0.21224260996984737,0.01169514563729118
1299.3699999999733,1569.2018340265377,710.7975344710076,0.2603150948689025,0.2128639024400262,0.011795522485329507
1299.3799999999733,1569.2018340265377,710.8005269054202,0.26101808348344163,0.21348642032208906,0.011896655834893657
1299.3899999999733,1569.2018340265377,710.8035193189694,0.2617221156684081,0.21411016374714092,0.011998550410813864
1299.3999999999733,1569.2018340265377,710.8065117116553,0.2624271902851302,0.21473513283647433,0.012101210958459258
1299.4099999999733,1569.2018340265377,710.8095040834783,0.2631333061873983,0.2153613277017067,0.012204642244298644
1299.4199999999732,1569.2018340265377,710.8124964344385,0.26384046222145824,0.21598874844458518,0.012308849055905248
1299.4299999999732,1569.2018340265377,710.8154887645361,0.26454865722598203,0.2166173951570512,0.012413836201988897
1299.4399999999732,1569.2018340265377,710.8184810737713,0.2652578900296388,0.2172472679211649,0.012519608512298446
1299.4499999999732,1569.2018340265377,710.8214733621444,0.26596815944853036,0.21787836680914643,0.012626170837526537
1299.4599999999732,1569.2018340265377,710.8244656296557,0.2666794642920955,0.2185106918833003,0.012733528049600411
1299.4699999999732,1569.2018340265377,710.8274578763053,0.26739180336133517,0.2191442431959134,0.012841685041609706
1299.4799999999732,1569.2018340265377,710.8304501020932,0.2681051754472257,0.21977902078932177,0.012950646727759396
1299.4899999999732,1569.2018340265377,710.83344230702,0.26881957933147776,0.22041502469595484,0.013060418043431003
1299.4999999999732,1569.2018340265377,710.8364344910858,0.26953501378327954,0.22105225493808933,0.01317100394501383
1299.5099999999732,1569.2018340265377,710.8394266542908,0.2702514775692142,0.22169071152801254,0.013282409410425678
1299.5199999999732,1569.2018340265377,710.8424187966351,0.27096896944496407,0.22233039446785002,0.013394639438709674
1299.5299999999731,1569.2018340265377,710.845410918119,0.2716874881486603,0.22297130374968066,0.01350769904973232
1299.5399999999731,1569.2018340265377,710.8484030187428,0.2724070324183226,0.22361343935543632,0.013621593285048347
1299.5499999999731,1569.2018340265377,710.8513950985067,0.27312760098103595,0.22425680125682443,0.013736327207375868
1299.5599999999731,1569.2018340265377,710.8543871574108,0.2738491925546961,0.22490138941534704,0.0138519059006996
1299.569999999973,1569.2018340265377,710.8573791954553,0.2745718058470657,0.2255472037823227,0.013968334470240148
1299.579999999973,1569.2018340265377,710.8603712126406,0.27529543955326136,0.22619424429878374,0.014085618042325197
1299.589999999973,1569.2018340265377,710.8633632089669,0.2760200923650661,0.22684251089547255,0.014203761764876177
1299.599999999973,1569.2018340265377,710.8663551844343,0.27674576296073833,0.2274920034927883,0.014322770806895004
1299.609999999973,1569.2018340265377,710.8693471390429,0.2774724500126938,0.22814272200080896,0.014442650358871807
1299.619999999973,1569.2018340265377,710.8723390727934,0.27820015218060984,0.22879466631928658,0.014563405632439179
1299.629999999973,1569.2018340265377,710.8753309856854,0.278928868116648,0.22944783633744706,0.01468504186062639
1299.639999999973,1569.2018340265377,710.8783228777196,0.27965859646194624,0.23010223193420917,0.01480756429771317
1299.649999999973,1569.2018340265377,710.8813147488959,0.28038933585434195,0.23075785297793322,0.014930978219614529
1299.659999999973,1569.2018340265377,710.8843065992147,0.28112108491301774,0.23141469932659245,0.015055288923097052
1299.669999999973,1569.2018340265377,710.8872984286763,0.2818538422563428,0.23207277082759545,0.015180501726709383
1299.679999999973,1569.2018340265377,710.8902902372806,0.2825876064891762,0.2327320673177331,0.015306621970106215
1299.689999999973,1569.2018340265377,710.893282025028,0.2833223762070754,0.2333925886233512,0.015433655014298754
1299.699999999973,1569.2018340265377,710.8962737919189,0.28405814999543344,0.23405433456017252,0.015561606241588458
1299.709999999973,1569.2018340265377,710.8992655379533,0.2847949264328837,0.23471730493321916,0.015690481055746292
1299.719999999973,1569.2018340265377,710.9022572631313,0.2855327040888202,0.23538149953690982,0.015820284881894665
1299.729999999973,1569.2018340265377,710.9052489674534,0.28627148152325815,0.23604691815500836,0.015951023166494778
1299.739999999973,1569.2018340265377,710.9082406509198,0.2870112572826733,0.23671356056054532,0.01608270137710373
1299.749999999973,1569.2018340265377,710.9112323135305,0.2877520299110823,0.2373814265157905,0.01621532500298847
1299.759999999973,1569.2018340265377,710.9142239552857,0.2884937979354102,0.23805051577225084,0.016348899554306257
1299.769999999973,1569.2018340265377,710.9172155761859,0.2892365598811368,0.23872082807072048,0.016483430562989163
1299.779999999973,1569.2018340265377,710.9202071762312,0.28998031425822424,0.23939236314112514,0.016618923581926338
1299.789999999973,1569.2018340265377,710.9231987554217,0.2907250595709237,0.2400651207024962,0.016755384185511996
1299.799999999973,1569.2018340265377,710.9261903137577,0.2914707943149572,0.24073910046307048,0.016892817969497403
1299.809999999973,1569.2018340265377,710.9291818512395,0.2922175169724133,0.2414143021201615,0.017031230550671617
1299.8199999999729,1569.2018340265377,710.9321733678672,0.2929652260160043,0.24209072536015852,0.017170627567097623
1299.8299999999729,1569.2018340265377,710.9351648636411,0.2937139199161843,0.24276836985849926,0.017311014678520836
1299.8399999999729,1569.2018340265377,710.9381563385613,0.2944635971270379,0.2434472352795922,0.01745239756552534
1299.8499999999729,1569.2018340265377,710.9411477926282,0.2952142560994492,0.24412732127697023,0.017594781930320186
1299.8599999999728,1569.2018340265377,710.9441392258419,0.2959658952671119,0.24480862749303203,0.017738173495864425
1299.8699999999728,1569.2018340265377,710.9471306382026,0.2967185130561758,0.24549115355909282,0.01788257800643158
1299.8799999999728,1569.2018340265377,710.9501220297104,0.2974721078956444,0.24617489909546192,0.018028001228242392
1299.8899999999728,1569.2018340265377,710.9531134003657,0.2982266781886462,0.24685986371131263,0.01817444894770308
1299.8999999999728,1569.2018340265377,710.956104750169,0.29898222233413024,0.24754604700473423,0.018321926972701023
1299.9099999999728,1569.2018340265377,710.9590960791201,0.29973873872445306,0.24823344856254972,0.01847044113242327
1299.9199999999728,1569.2018340265377,710.9620873872191,0.30049622574434937,0.24892206796039326,0.018619997277293132
1299.9299999999728,1569.2018340265377,710.9650786744664,0.3012546817656822,0.2496119047627896,0.018770601278641514
1299.9399999999728,1569.2018340265377,710.9680699408625,0.3020141051528373,0.2503029585229973,0.01892225902899808
1299.9499999999728,1569.2018340265377,710.9710611864074,0.3027744942527891,0.2509952287829568,0.019074976441442213
1299.9599999999728,1569.2018340265377,710.9740524111011,0.30353584741830486,0.2516887150732906,0.019228759451039253
1299.9699999999727,1569.2018340265377,710.977043614944,0.3042981629839643,0.25238341691340915,0.019383614013335135
1299.9799999999727,1569.2018340265377,710.9800347979365,0.30506143926967444,0.2530793338113281,0.019539546104516796
1299.9899999999727,1569.2018340265377,710.9830259600786,0.3058256745940032,0.2537764652636946,0.019696561722242916
1299.9999999999727,1569.2018340265377,710.9860171013705,0.30659086726884677,0.2544748107557098,0.0198546668852771
1300.0099999999727,1569.2018340265377,710.9890082218125,0.3073570155914362,0.2551743697612356,0.02001386763296414
1300.0199999999727,1569.2018340265377,710.9919993214048,0.3081241178425752,0.2558751417426903,0.02017417002506359
1300.0299999999727,1569.2018340265377,710.9949904001478,0.3088921723097502,0.2565771261509969,0.020335580143223526
1300.0399999999727,1569.2018340265377,710.9979814580413,0.3096611772631155,0.2572803224255045,0.020498104089379538
1300.0499999999727,1569.2018340265377,711.0009724950858,0.3104311309590231,0.25798472999417676,0.02066174798597636
1300.0599999999727,1569.2018340265377,711.0039635112815,0.3112020316471617,0.2586903482734076,0.020826517976378682
1300.0699999999727,1569.2018340265377,711.0069545066286,0.31197387757416767,0.2593971766679422,0.020992420225075192
1300.0799999999726,1569.2018340265377,711.0099454811274,0.3127466669720138,0.26010521457101354,0.021159460916894506
1300.0899999999726,1569.2018340265377,711.0129364347779,0.3135203980651164,0.26081446136418346,0.021327646257420264
1300.0999999999726,1569.2018340265377,711.0159273675805,0.31429506906224713,0.2615249164174261,0.021496982472420587
1300.1099999999726,1569.2018340265377,711.0189182795353,0.31507067817188306,0.26223657908899545,0.021667475808835154
1300.1199999999726,1569.2018340265377,711.0219091706426,0.31584722358959944,0.26294944872548237,0.021839132533893257
1300.1299999999726,1569.2018340265377,711.0249000409026,0.31662470350162747,0.2636635246617631,0.022011958935308686
1300.1399999999726,1569.2018340265377,711.0278908903157,0.31740311608307664,0.26437880622103044,0.0221859613211221
1300.1499999999726,1569.2018340265377,711.0308817188818,0.3181824594997381,0.2650952927145783,0.022361146019748743
1300.1599999999726,1569.2018340265377,711.0338725266012,0.31896273191625807,0.26581298344199594,0.02253751938054745
1300.1699999999726,1569.2018340265377,711.0368633134741,0.319743931475242,0.26653187769109027,0.02271508777229715
1300.1799999999726,1569.2018340265377,711.039854079501,0.32052605632004416,0.2672519747378345,0.022893857584748524
1300.1899999999725,1569.2018340265377,711.0428448246819,0.32130910457460043,0.2679732738462903,0.023073835227137525
1300.1999999999725,1569.2018340265377,711.0458355490168,0.3220930743700275,0.26869577426861097,0.023255027130041333
1300.2099999999725,1569.2018340265377,711.0488262525063,0.32287796380895534,0.2694194752451556,0.023437439742794587
1300.2199999999725,1569.2018340265377,711.0518169351504,0.323663770995678,0.2701443760043014,0.023621079535572433
1300.2299999999725,1569.2018340265377,711.0548075969494,0.32445049402333,0.27087047576244777,0.02380595299842269
1300.2399999999725,1569.2018340265377,711.0577982379035,0.3252381309812521,0.2715977737240483,0.023992066641761182
1300.2499999999725,1569.2018340265377,711.0607888580129,0.3260266799367034,0.27232626908156005,0.024179426994966224
1300.2599999999725,1569.2018340265377,711.063779457278,0.32681613895681955,0.2730559610154768,0.02436804060794411
1300.2699999999725,1569.2018340265377,711.0667700356987,0.32760650609663317,0.2737868486941118,0.024557914050157073
1300.2799999999725,1569.2018340265377,711.0697605932753,0.3283977794047021,0.274518931273797,0.02474905391102232
1300.2899999999725,1569.2018340265377,711.0727511300082,0.3291899569175169,0.2752522078988331,0.024941466799429282
1300.2999999999724,1569.2018340265377,711.0757416458974,0.3299830366641925,0.2759866777012999,0.025135159344000027
1300.3099999999724,1569.2018340265377,711.0787321409434,0.3307770166589312,0.2767223398012579,0.025330138192493776
1300.3199999999724,1569.2018340265377,711.0817226151462,0.3315718949178082,0.277459193306501,0.02552641001298316
1300.3299999999724,1569.2018340265377,711.0847130685058,0.3323676694374886,0.27819723731267576,0.025723981492190337
1300.3399999999724,1569.2018340265377,711.087703501023,0.33316433820434427,0.2789364709033711,0.02592285933613033
1300.3499999999724,1569.2018340265377,711.0906939126976,0.3339618992104327,0.2796768931497315,0.02612305027122372
1300.3599999999724,1569.2018340265377,711.0936843035298,0.3347603504189899,0.28041850311080063,0.02632456104161295
1300.3699999999724,1569.2018340265377,711.09667467352,0.3355596897951459,0.28116129983335897,0.026527398411453986
1300.3799999999724,1569.2018340265377,711.0996650226683,0.33635991529479997,0.2819052823518178,0.026731569163968117
1300.3899999999724,1569.2018340265377,711.1026553509752,0.33716102485997373,0.28265044968842395,0.026937080101041004
1300.3999999999724,1569.2018340265377,711.1056456584405,0.33796301643366405,0.283396800852927,0.02714393804427308
1300.4099999999723,1569.2018340265377,711.1086359450644,0.33876588792909795,0.28414433484278434,0.02735214983248638
1300.4199999999723,1569.2018340265377,711.1116262108477,0.33956963727553635,0.2848930506432547,0.02756172232534488
1300.4299999999723,1569.2018340265377,711.11461645579,0.340374262370475,0.2856429472269218,0.027772662399342687
1300.4399999999723,1569.2018340265377,711.1176066798919,0.3411797611209706,0.28639402355415733,0.02798497695115984
1300.4499999999723,1569.2018340265377,711.1205968831533,0.34198613141178374,0.28714627857281527,0.02819867289494056
1300.4599999999723,1569.2018340265377,711.1235870655747,0.34279337112022756,0.2878997112183543,0.028413757163442153
1300.4699999999723,1569.2018340265377,711.1265772271563,0.34360147812009767,0.2886543204137314,0.02863023670826646
1300.4799999999723,1569.2018340265377,711.129567367898,0.3444104502750638,0.2894101050693238,0.02884811849922297
1300.4899999999723,1569.2018340265377,711.1325574878003,0.3452202854385779,0.290167064083196,0.029067409524290592
1300.4999999999723,1569.2018340265377,711.1355475868636,0.3460309814474316,0.29092519634073544,0.029288116788915006
1300.5099999999723,1569.2018340265377,711.1385376650877,0.346842536138647,0.29168450071474633,0.029510247317363333
1300.5199999999722,1569.2018340265377,711.1415277224729,0.3476549473380984,0.2924449760655167,0.029733808151699768
1300.5299999999722,1569.2018340265377,711.1445177590195,0.34846821286162316,0.2932066212407705,0.029958806351780356
1300.5399999999722,1569.2018340265377,711.1475077747281,0.34928233051202234,0.2939694350756473,0.03018524899489959
1300.5499999999722,1569.2018340265377,711.1504977695984,0.3500972980895984,0.2947334163925094,0.030413143176567847
1300.5599999999722,1569.2018340265377,711.1534877436305,0.35091311338458747,0.2954985640011243,0.030642496009811716
1300.5699999999722,1569.2018340265377,711.156477696825,0.35172977417318707,0.2962648766986761,0.03087331462473353
1300.5799999999722,1569.2018340265377,711.1594676291821,0.35254727822160936,0.29703235326960026,0.03110560616873002
1300.5899999999722,1569.2018340265377,711.162457540702,0.3533656232963948,0.2978009924856227,0.0313393778073179
1300.5999999999722,1569.2018340265377,711.1654474313847,0.35418480715012324,0.29857079310568224,0.0315746367227686
1300.6099999999722,1569.2018340265377,711.1684373012305,0.3550048275168059,0.2993417538760589,0.03181139011361356
1300.6199999999722,1569.2018340265377,711.1714271502399,0.3558256821355858,0.3001138735302959,0.03204964519664135
1300.6299999999721,1569.2018340265377,711.1744169784128,0.35664736873262176,0.30088715078900596,0.03228940920514851
1300.6399999999721,1569.2018340265377,711.1774067857493,0.3574698850183343,0.30166158436008683,0.0325306893886233
1300.6499999999721,1569.2018340265377,711.1803965722501,0.35829322870165603,0.30243717293867456,0.032773493013920685
1300.6599999999721,1569.2018340265377,711.183386337915,0.35911739747376553,0.3032139152069482,0.033017827363637134
1300.669999999972,1569.2018340265377,711.1863760827445,0.3599423890273032,0.3039918098343482,0.03326369973780691
1300.679999999972,1569.2018340265377,711.1893658067386,0.36076820104301527,0.30477085547732197,0.03351111745252297
1300.689999999972,1569.2018340265377,711.1923555098975,0.361594831186691,0.3055510507794832,0.03376008783956979
1300.699999999972,1569.2018340265377,711.1953451922217,0.3624222771189388,0.30633239437156534,0.03401061824720579
1300.709999999972,1569.2018340265377,711.1983348537111,0.36325053649128686,0.30711488487131505,0.034262716039668975
1300.719999999972,1569.2018340265377,711.2013244943662,0.36407960694718616,0.30789852088359354,0.0345163885971807
1300.729999999972,1569.2018340265377,711.2043141141869,0.36490948612099,0.3086833010002103,0.0347716433156984
1300.739999999972,1569.2018340265377,711.2073037131737,0.3657401716302651,0.30946922380011527,0.035028487606105455
1300.749999999972,1569.2018340265377,711.2102932913268,0.36657166109328926,0.31025628784920267,0.035286928895714595
1300.759999999972,1569.2018340265377,711.2132828486461,0.36740395212307625,0.31104449170026416,0.03554697462758284
1300.769999999972,1569.2018340265377,711.2162723851321,0.36823704231014864,0.31183383389321123,0.035808632258775126
1300.779999999972,1569.2018340265377,711.2192619007851,0.3690709292407507,0.31262431295488,0.03607190926194431
1300.789999999972,1569.2018340265377,711.2222513956051,0.36990561049702186,0.3134159273989541,0.03633681312521782
1300.799999999972,1569.2018340265377,711.2252408695924,0.37074108365313296,0.3142086757261286,0.03660335135174034
1300.809999999972,1569.2018340265377,711.2282303227472,0.3715773462663284,0.31500255642394354,0.03687153145862198
1300.819999999972,1569.2018340265377,711.2312197550697,0.3724143958811382,0.31579756796685876,0.03714136097722724
1300.829999999972,1569.2018340265377,711.2342091665603,0.37325223005051367,0.3165937088162683,0.037412847455157466
1300.839999999972,1569.2018340265377,711.2371985572188,0.37409084630481315,0.3173909774202423,0.03768599845297769
1300.849999999972,1569.2018340265377,711.2401879270459,0.37493024217233273,0.3181893722139358,0.03796082154622431
1300.859999999972,1569.2018340265377,711.2431772760416,0.37577041516258936,0.31898889161914884,0.0382373243234827
1300.869999999972,1569.2018340265377,711.2461666042061,0.37661136278985186,0.31978953404455396,0.03851551438868616
1300.879999999972,1569.2018340265377,711.2491559115396,0.3774530825496455,0.32059129788559004,0.03879539935857293
1300.889999999972,1569.2018340265377,711.2521451980422,0.3782955719305658,0.3213941815245078,0.03907698686375297
1300.899999999972,1569.2018340265377,711.2551344637145,0.3791388284161672,0.3221981833304169,0.039360284548779934
1300.909999999972,1569.2018340265377,711.2581237085566,0.37998284947230954,0.3230033016590265,0.03964530007063551
1300.9199999999719,1569.2018340265377,711.2611129325683,0.38082763256571417,0.32380953485275266,0.03993204110053386
1300.9299999999719,1569.2018340265377,711.2641021357502,0.3816731751512899,0.3246168812409491,0.04022051532252308
1300.9399999999719,1569.2018340265377,711.2670913181025,0.38251947466720615,0.32542533913949523,0.04051073043270727
1300.9499999999719,1569.2018340265377,711.2700804796254,0.38336652855649905,0.3262349068510571,0.04080269414144113
1300.9599999999718,1569.2018340265377,711.2730696203191,0.3842143342455207,0.32704558266492106,0.04109641417086953
1300.9699999999718,1569.2018340265377,711.2760587401837,0.38506288914873626,0.32785736485704,0.041391898255282084
1300.9799999999718,1569.2018340265377,711.2790478392196,0.38591219067871857,0.3286702516901448,0.04168915414205963
1300.9899999999718,1569.2018340265377,711.282036917427,0.38676223623425116,0.32948424141345184,0.04198818959017244
1300.9999999999718,1569.2018340265377,711.2850259748059,0.38761302320925306,0.33029933226280417,0.04228901237101935
1301.0099999999718,1569.2018340265377,711.2880150113566,0.38846454898384897,0.3311155224607829,0.04259163026732996
1301.0199999999718,1569.2018340265377,711.2910040270796,0.38931681093338516,0.33193281021653886,0.04289605107394201
1301.0299999999718,1569.2018340265377,711.2939930219749,0.390169806421338,0.33275119372574863,0.043202282596854207
1301.0399999999718,1569.2018340265377,711.2969819960426,0.39102353280645014,0.3335706711706639,0.04351033265386154
1301.0499999999718,1569.2018340265377,711.299970949283,0.3918779874396345,0.33439124072009896,0.04382020907405231
1301.0599999999718,1569.2018340265377,711.3029598816964,0.3927331676531207,0.3352129005295431,0.04413191969645468
1301.0699999999717,1569.2018340265377,711.305948793283,0.39358907078232835,0.33603564874086755,0.044445472372234895
1301.0799999999717,1569.2018340265377,711.308937684043,0.3944456941448988,0.33685948348253186,0.044760874962235304
1301.0899999999717,1569.2018340265377,711.3119265539767,0.3953030350568353,0.33768440286954055,0.045078135338607855
1301.0999999999717,1569.2018340265377,711.3149154030841,0.3961610908203297,0.338510405003307,0.045397261383229845
1301.1099999999717,1569.2018340265377,711.3179042313657,0.3970198587298598,0.3393374879718596,0.0457182609882728
1301.1199999999717,1569.2018340265377,711.3208930388213,0.39787933607531484,0.34016564984954933,0.046041142056312545
1301.1299999999717,1569.2018340265377,711.3238818254515,0.39873952013371705,0.34099488869738354,0.04636591249929073
1301.1399999999717,1569.2018340265377,711.3268705912566,0.3996004081705554,0.3418252025627318,0.0466925802384005
1301.1499999999717,1569.2018340265377,711.3298593362364,0.40046199744858,0.3426565894793142,0.04702115320492657
1301.1599999999717,1569.2018340265377,711.3328480603914,0.4013242852209043,0.34348904746744385,0.04735163933933215
1301.1699999999717,1569.2018340265377,711.3358367637217,0.40218726873297794,0.3443225745337629,0.047684046591233965
1301.1799999999716,1569.2018340265377,711.3388254462276,0.40305094521160467,0.34515716867139057,0.04801838291795173
1301.1899999999716,1569.2018340265377,711.3418141079094,0.4039153118900316,0.34599282785981744,0.0483546562872665
1301.1999999999716,1569.2018340265377,711.3448027487669,0.40478036598382994,0.3468295500648317,0.04869287467435284
1301.2099999999716,1569.2018340265377,711.3477913688008,0.4056461047039778,0.3476673332387955,0.049033046063220925
1301.2199999999716,1569.2018340265377,711.3507799680114,0.40651252524082204,0.3485061753203806,0.04937517844451424
1301.2299999999716,1569.2018340265377,711.3537685463983,0.4073796247952588,0.34934607423446257,0.049719279819055544
1301.2399999999716,1569.2018340265377,711.3567571039622,0.4082474005505767,0.3501870278924624,0.050065358194350984
1301.2499999999716,1569.2018340265377,711.3597456407031,0.409115849681437,0.35102903419204967,0.05041342158538901
1301.2599999999716,1569.2018340265377,711.3627341566215,0.4099849693469557,0.35187209101735745,0.05076347801364621
1301.2699999999716,1569.2018340265377,711.3657226517174,0.4108547567078044,0.3527161962386529,0.05111553550889893
1301.2799999999716,1569.2018340265377,711.3687111259908,0.411725208916158,0.3535613477125526,0.05146960210785586
1301.2899999999715,1569.2018340265377,711.3716995794424,0.4125963231106095,0.35440754328220625,0.051825685853369594
1301.2999999999715,1569.2018340265377,711.374688012072,0.41346809642023025,0.35525478077677514,0.05218379479457664
1301.3099999999715,1569.2018340265377,711.3776764238803,0.4143405259727718,0.356103058011937,0.052543936987874365
1301.3199999999715,1569.2018340265377,711.380664814867,0.4152136088833745,0.3569523727894604,0.052906120495170406
1301.3299999999715,1569.2018340265377,711.3836531850325,0.4160873422527311,0.35780272289748555,0.05327035338350686
1301.3399999999715,1569.2018340265377,711.3866415343772,0.4169617231852312,0.35865410611051796,0.05363664372716275
1301.3499999999715,1569.2018340265377,711.3896298629011,0.41783674876766475,0.35950652018912865,0.054004999604635125
1301.3599999999715,1569.2018340265377,711.3926181706044,0.4187124160846002,0.36035996288023864,0.05437542910047733
1301.3699999999715,1569.2018340265377,711.3956064574875,0.4195887222029819,0.3612144319170786,0.05474794030307942
1301.3799999999715,1569.2018340265377,711.3985947235504,0.4204656641864361,0.3620699250189876,0.05512254130623563
1301.3899999999715,1569.2018340265377,711.4015829687937,0.42134323909942367,0.3629264398916657,0.05549924020956275
1301.3999999999714,1569.2018340265377,711.4045711932172,0.42222144398588546,0.3637839742268743,0.055878045115389366
1301.4099999999714,1569.2018340265377,711.4075593968211,0.4231002758822743,0.3646425257026896,0.056258964130304095
1301.4199999999714,1569.2018340265377,711.410547579606,0.42397973182192783,0.36550209198353,0.05664200536552598
1301.4299999999714,1569.2018340265377,711.413535741572,0.4248598088268094,0.3663626707197898,0.05702717693547192
1301.4399999999714,1569.2018340265377,711.416523882719,0.42574050391770024,0.3672242595481268,0.05741448695898107
1301.4499999999714,1569.2018340265377,711.4195120030475,0.42662181409174604,0.3680868560914572,0.057803943556063296
1301.4599999999714,1569.2018340265377,711.4225001025577,0.4275037363500658,0.36895045795885123,0.05819555485134423
1301.4699999999714,1569.2018340265377,711.4254881812499,0.42838626768254817,0.36981506274559317,0.058589328971809566
1301.4799999999714,1569.2018340265377,711.428476239124,0.42926940507074585,0.3706806680330444,0.05898527404691446
1301.4899999999714,1569.2018340265377,711.4314642761805,0.43015314548900174,0.3715472713888025,0.05938339820855148
1301.4999999999714,1569.2018340265377,711.4344522924196,0.43103748589940577,0.37241487036669657,0.05978370959011447
1301.5099999999713,1569.2018340265377,711.4374402878414,0.43192242325676977,0.3732834625065841,0.060186216326873
1301.5199999999713,1569.2018340265377,711.4404282624462,0.4328079545160808,0.3741530453345779,0.06059092655684898
1301.5299999999713,1569.2018340265377,711.443416216234,0.4336940766168058,0.3750236163628424,0.06099784841832683
1301.5399999999713,1569.2018340265377,711.4464041492054,0.4345807864851888,0.3758951730898214,0.061406990049982034
1301.5499999999713,1569.2018340265377,711.4493920613604,0.435468081050666,0.3767677130000354,0.06181835959288202
1301.5599999999713,1569.2018340265377,711.4523799526992,0.4363559572282868,0.37764123356407714,0.06223196518776507
1301.5699999999713,1569.2018340265377,711.455367823222,0.43724441192611757,0.37851573223877405,0.06264781497588329
1301.5799999999713,1569.2018340265377,711.4583556729292,0.4381334420388836,0.3793912064670845,0.06306591709780483
1301.5899999999713,1569.2018340265377,711.4613435018208,0.43902304446152535,0.3802676536779954,0.06348627969506852
1301.5999999999713,1569.2018340265377,711.4643313098971,0.43991321608192757,0.3811450712867177,0.06390891090896426
1301.6099999999713,1569.2018340265377,711.4673190971582,0.44080395377065995,0.3820234566944838,0.06433381887871419
1301.6199999999712,1569.2018340265377,711.4703068636047,0.44169525439849905,0.3829028072888452,0.0647610117438515
1301.6299999999712,1569.2018340265377,711.4732946092365,0.4425871148209596,0.38378312044323515,0.06519049764156179
1301.6399999999712,1569.2018340265377,711.4762823340538,0.44347953189071254,0.3846643935173009,0.06562228470834527
1301.6499999999712,1569.2018340265377,711.4792700380569,0.4443725024535354,0.3855466238568002,0.06605638107913338
1301.6599999999712,1569.2018340265377,711.482257721246,0.4452660233419199,0.3864298087935998,0.06649279488607157
1301.6699999999712,1569.2018340265377,711.4852453836215,0.4461600913826436,0.38731394564574034,0.06693153425939212
1301.6799999999712,1569.2018340265377,711.4882330251834,0.44705470339958825,0.38819903171719966,0.06737260732749548
1301.6899999999712,1569.2018340265377,711.4912206459317,0.44794985620153355,0.3890850642981258,0.06781602221492905
1301.6999999999712,1569.2018340265377,711.4942082458672,0.44884554659452475,0.3899720406649716,0.06826178704401843
1301.7099999999712,1569.2018340265377,711.4971958249897,0.4497417713704367,0.3908599580799867,0.06870990993268687
1301.7199999999712,1569.2018340265377,711.5001833832994,0.45063852732269083,0.3917488137916218,0.06916039899671032
1301.7299999999711,1569.2018340265377,711.5031709207967,0.45153581122429554,0.3926386050345614,0.06961326234609959
1301.7399999999711,1569.2018340265377,711.5061584374818,0.45243361985401076,0.3935293290294195,0.07006850808872218
1301.7499999999711,1569.2018340265377,711.509145933355,0.4533319499733649,0.3944209829830433,0.07052614432660083
1301.7599999999711,1569.2018340265377,711.5121334084162,0.45423079834025526,0.39531356408820745,0.07098617915761482
1301.769999999971,1569.2018340265377,711.5151208626656,0.455130161701623,0.396207069523886,0.07144862067417752
1301.779999999971,1569.2018340265377,711.5181082961041,0.45603003679776394,0.39710149645528625,0.07191347696363211
1301.789999999971,1569.2018340265377,711.5210957087312,0.456930420366341,0.3979968420334415,0.0723807561084569
1301.799999999971,1569.2018340265377,711.5240831005473,0.4578313091289957,0.39889310339561856,0.07285046618401093
1301.809999999971,1569.2018340265377,711.5270704715527,0.45873269980691167,0.3997902776652521,0.07332261526067825
1301.819999999971,1569.2018340265377,711.5300578217476,0.45963458910729343,0.40068836195173974,0.07379721140135595
1301.829999999971,1569.2018340265377,711.5330451511325,0.4605369737307616,0.4015873533507503,0.07427426266244329
1301.839999999971,1569.2018340265377,711.5360324597069,0.46143985038067825,0.4024872489437818,0.07475377709489796
1301.849999999971,1569.2018340265377,711.5390197474716,0.462343215734943,0.4033880457987087,0.07523576273958904
1301.859999999971,1569.2018340265377,711.5420070144268,0.463247066475374,0.4042897409694424,0.07572022763161124
1301.869999999971,1569.2018340265377,711.5449942605724,0.4641513992772393,0.40519233149586426,0.07620717979828164
1301.879999999971,1569.2018340265377,711.5479814859088,0.46505621080288484,0.4060958144041357,0.07669662725790719
1301.889999999971,1569.2018340265377,711.5509686904363,0.46596149770930706,0.4070001867064265,0.07718857802061406
1301.899999999971,1569.2018340265377,711.553955874155,0.46686725664370987,0.4079054454010543,0.07768304008736372
1301.909999999971,1569.2018340265377,711.5569430370653,0.4677734842479083,0.4088115874724873,0.07818002145037516
1301.919999999971,1569.2018340265377,711.5599301791669,0.4686801771614407,0.40971860989117487,0.07867953009328213
1301.929999999971,1569.2018340265377,711.5629173004606,0.46958733200479874,0.4106265096138952,0.07918157398814779
1301.939999999971,1569.2018340265377,711.5659044009466,0.47049494539827696,0.4115352835834484,0.07968616109818558
1301.949999999971,1569.2018340265377,711.5688914806246,0.4714030139547972,0.4124449287286589,0.08019329937625243
1301.959999999971,1569.2018340265377,711.5718785394953,0.472311534278678,0.41335544196465657,0.08070299676443318
1301.969999999971,1569.2018340265377,711.5748655775586,0.47322050296371676,0.4142668201926032,0.08121526119328486
1301.979999999971,1569.2018340265377,711.5778525948151,0.474129916599384,0.41517906029990465,0.08173010058265756
1301.989999999971,1569.2018340265377,711.5808395912647,0.47503977177209006,0.4160921591599721,0.08224752284151227
1301.999999999971,1569.2018340265377,711.5838265669076,0.47595006505654047,0.4170061136323997,0.08276753586618255
1302.009999999971,1569.2018340265377,711.5868135217443,0.4768607930148288,0.41792092056303926,0.08329014753990698
1302.0199999999709,1569.2018340265377,711.5898004557747,0.4777719522070391,0.41883657678379566,0.08381536573426387
1302.0299999999709,1569.2018340265377,711.5927873689993,0.4786835391869029,0.41975307911280685,0.08434319830817212
1302.0399999999709,1569.2018340265377,711.5957742614181,0.47959555050522734,0.4206704243542739,0.08487365310810642
1302.0499999999709,1569.2018340265377,711.5987611330313,0.48050798269374934,0.421588609298641,0.08540673796498757
1302.0599999999708,1569.2018340265377,711.6017479838393,0.48142083228230664,0.4225076307226012,0.08594246069687485
1302.0699999999708,1569.2018340265377,711.6047348138424,0.4823340957977391,0.42342748538892794,0.08648082910838963
1302.0799999999708,1569.2018340265377,711.6077216230403,0.4832477697554229,0.42434817004655,0.08702185098890405
1302.0899999999708,1569.2018340265377,711.6107084114337,0.48416185066670575,0.4252696814307331,0.08756553411360861
1302.0999999999708,1569.2018340265377,711.6136951790228,0.4850763350261936,0.4261920162628767,0.08811188624079613
1302.1099999999708,1569.2018340265377,711.6166819258077,0.48599121933724887,0.42711517125058995,0.08866091511616897
1302.1199999999708,1569.2018340265377,711.6196686517884,0.4869065000823512,0.42803914308759367,0.08921262846709091
1302.1299999999708,1569.2018340265377,711.6226553569654,0.48782217374314035,0.4289639284540429,0.08976703400601421
1302.1399999999708,1569.2018340265377,711.625642041339,0.48873823679105866,0.4298895240162186,0.09032413942830503
1302.1499999999708,1569.2018340265377,711.6286287049091,0.48965468569248705,0.4308159264265696,0.0908839524128574
1302.1599999999708,1569.2018340265377,711.6316153476762,0.4905715169121866,0.4317431323238962,0.09144648062247462
1302.1699999999707,1569.2018340265377,711.6346019696404,0.49148872689822287,0.4326711383332178,0.09201173170066648
1302.1799999999707,1569.2018340265377,711.6375885708019,0.49240631209378183,0.4335999410658153,0.09257971327350187
1302.1899999999707,1569.2018340265377,711.640575151161,0.4933242689339459,0.43452953711923964,0.09315043294866247
1302.1999999999707,1569.2018340265377,711.6435617107177,0.4942425938629435,0.43545992307725007,0.09372389831833153
1302.2099999999707,1569.2018340265377,711.6465482494723,0.49516128329445996,0.4363910955099984,0.09430011695142725
1302.2199999999707,1569.2018340265377,711.6495347674254,0.49608033364804793,0.4373230509740043,0.09487909640010717
1302.2299999999707,1569.2018340265377,711.6525212645768,0.49699974133217484,0.4382557860118437,0.09546084419607315
1302.2399999999707,1569.2018340265377,711.6555077409266,0.4979195027536353,0.439189297152549,0.09604536785218658
1302.2499999999707,1569.2018340265377,711.6584941964753,0.4988396143038921,0.4401235809115119,0.09663267485944353
1302.2599999999707,1569.2018340265377,711.6614806312233,0.49976007238251197,0.44105863379049326,0.09722277269114472
1302.2699999999707,1569.2018340265377,711.6644670451706,0.5006808733607644,0.4419944522774554,0.09781566879541043
1302.2799999999706,1569.2018340265377,711.667453438317,0.5016020136246174,0.4429310328466776,0.0984113706032151
1302.2899999999706,1569.2018340265377,711.6704398106633,0.5025234895392469,0.4438683719590531,0.09900988552125232
1302.2999999999706,1569.2018340265377,711.6734261622097,0.5034452974620649,0.4448064660617069,0.09961122093392032
1302.3099999999706,1569.2018340265377,711.6764124929562,0.504367433755457,0.44574531158807695,0.10021538420551729
1302.3199999999706,1569.2018340265377,711.6793988029028,0.5052898947654789,0.44668490495803365,0.10082238267572506
1302.3299999999706,1569.2018340265377,711.6823850920501,0.5062126768368556,0.447625242577961,0.1014322236622425
1302.3399999999706,1569.2018340265377,711.6853713603983,0.507135776305483,0.44856632084059045,0.1020449144588539
1302.3499999999706,1569.2018340265377,711.6883576079476,0.5080591894941304,0.44950813612508317,0.1026604623342167
1302.3599999999706,1569.2018340265377,711.6913438346979,0.5089829127340093,0.45045068479693473,0.1032788745357939
1302.3699999999706,1569.2018340265377,711.6943300406497,0.5099069423389379,0.45139396320827346,0.10390015828441557
1302.3799999999706,1569.2018340265377,711.6973162258032,0.5108312746108009,0.45233796769765805,0.1045243207748827
1302.3899999999705,1569.2018340265377,711.7003023901588,0.5117559058578031,0.4532826945900896,0.10515136917932294
1302.3999999999705,1569.2018340265377,711.7032885337162,0.5126808323805461,0.4542281401969519,0.10578131064396677
1302.4099999999705,1569.2018340265377,711.7062746564759,0.5136060504612502,0.4551743008162765,0.10641415228665313
1302.4199999999705,1569.2018340265377,711.7092607584383,0.5145315563821004,0.45612117273264796,0.10704990120017147
1302.4299999999705,1569.2018340265377,711.7122468396034,0.5154573464231176,0.45706875221703663,0.10768856445138417
1302.4399999999705,1569.2018340265377,711.7152328999714,0.5163834168589365,0.4580170355270283,0.10833014908029344
1302.4499999999705,1569.2018340265377,711.7182189395427,0.5173097639448303,0.458966018906802,0.10897466209670749
1302.4599999999705,1569.2018340265377,711.7212049583173,0.5182363839415447,0.4599156985870356,0.10962211048500707
1302.4699999999705,1569.2018340265377,711.7241909562957,0.5191632731012747,0.4608660707850645,0.11027250120090701
1302.4799999999705,1569.2018340265377,711.7271769334778,0.52009042766874,0.46181713170471456,0.1109258411712083
1302.4899999999705,1569.2018340265377,711.7301628898639,0.5210178438802131,0.4627688775364983,0.1115821372932895
1302.4999999999704,1569.2018340265377,711.7331488254544,0.521945517965573,0.4637213044576288,0.11224139643515586
1302.5099999999704,1569.2018340265377,711.7361347402493,0.5228734461550045,0.46467440863185466,0.11290362543641447
1302.5199999999704,1569.2018340265377,711.7391206342489,0.5238016246680121,0.46562818620958263,0.11356883110558733
1302.5299999999704,1569.2018340265377,711.7421065074535,0.5247300497146103,0.46658263332796646,0.11423702022000073
1302.5399999999704,1569.2018340265377,711.7450923598632,0.5256587175007899,0.4675377461107767,0.11490819952650702
1302.5499999999704,1569.2018340265377,711.7480781914784,0.5265876242263317,0.4684935206685986,0.11558237574071561
1302.5599999999704,1569.2018340265377,711.7510640022989,0.5275167660935138,0.4694499530985204,0.11625955554836093
1302.5699999999704,1569.2018340265377,711.7540497923253,0.5284461392854484,0.47040703948462276,0.11693974560039043
1302.5799999999704,1569.2018340265377,711.7570355615578,0.5293757399802168,0.47136477589763126,0.11762295251547651
1302.5899999999704,1569.2018340265377,711.7600213099965,0.5303055643584258,0.47232315839500616,0.11830918288135014
1302.5999999999704,1569.2018340265377,711.7630070376416,0.5312356085914152,0.4732821830209949,0.11899844325182302
1302.6099999999703,1569.2018340265377,711.7659927444932,0.5321658688466061,0.4742418458066859,0.11969074014760053
1302.6199999999703,1569.2018340265377,711.768978430552,0.5330963412691229,0.47520214277009976,0.120386080051784
1302.6299999999703,1569.2018340265377,711.7719640958179,0.5340270220197584,0.47616306991591334,0.1210844694178606
1302.6399999999703,1569.2018340265377,711.7749497402908,0.5349579072446631,0.4771246232356245,0.12178591466257863
1302.6499999999703,1569.2018340265377,711.7779353639714,0.5358889930818842,0.478086798707862,0.12249042216715421
1302.6599999999703,1569.2018340265377,711.7809209668599,0.5368202756645856,0.4790495922979651,0.1231979982773788
1302.6699999999703,1569.2018340265377,711.7839065489562,0.5377517511254526,0.48001299995818486,0.12390864930433255
1302.6799999999703,1569.2018340265377,711.7868921102606,0.5386834155814997,0.4809770176277021,0.12462238152049408
1302.6899999999703,1569.2018340265377,711.7898776507734,0.5396152651526213,0.48194164123272043,0.1253392011636421
1302.6999999999703,1569.2018340265377,711.792863170495,0.5405472959452361,0.4829068666864482,0.12605911443266102
1302.7099999999703,1569.2018340265377,711.7958486694255,0.5414795040653806,0.4838726898889343,0.12678212749007314
1302.7199999999702,1569.2018340265377,711.7988341475648,0.5424118856155317,0.48483910672723374,0.1275082464609892
1302.7299999999702,1569.2018340265377,711.8018196049135,0.5433444366890114,0.48580611307561244,0.12823747743149225
1302.7399999999702,1569.2018340265377,711.8048050414716,0.5442771533692257,0.48677370479519827,0.1289698264478425
1302.7499999999702,1569.2018340265377,711.8077904572395,0.5452100317370615,0.4877418777343331,0.12970529951798732
1302.7599999999702,1569.2018340265377,711.8107758522173,0.5461430678741945,0.4887106277282607,0.13044390261178387
1302.7699999999702,1569.2018340265377,711.8137612264052,0.5470762578512903,0.4896799505995168,0.1311856416579899
1302.7799999999702,1569.2018340265377,711.8167465798035,0.5480095977235375,0.4906498421576915,0.1319305225426184
1302.7899999999702,1569.2018340265377,711.8197319124123,0.5489430835590239,0.49162029819944947,0.1326785511153401
1302.7999999999702,1569.2018340265377,711.822717224232,0.5498767114082819,0.4925913145087734,0.13342973318189247
1302.8099999999702,1569.2018340265377,711.8257025152626,0.5508104773195589,0.49356288685672667,0.13418407450719408
1302.8199999999702,1569.2018340265377,711.8286877855045,0.5517443773388264,0.4945350110016227,0.134941580815032
1302.8299999999701,1569.2018340265377,711.8316730349578,0.5526784074924272,0.4955076826890101,0.1357022577833862
1302.8399999999701,1569.2018340265377,711.8346582636227,0.5536125638251244,0.4964808976516568,0.13646611105330894
1302.8499999999701,1569.2018340265377,711.8376434714995,0.5545468423588609,0.49745465160968444,0.13723314621848381
1302.8599999999701,1569.2018340265377,711.8406286585886,0.5554812391090194,0.49842894027051654,0.13800336882872874
1302.86999999997,1569.2018340265377,711.8436138248898,0.5564157500932176,0.49940375932875236,0.13877678439168853
1302.87999999997,1569.2018340265377,711.8465989704035,0.5573503713226023,0.500379104466524,0.13955339837046363
1302.88999999997,1569.2018340265377,711.84958409513,0.5582850988063002,0.5013549713532226,0.14033321618414535
1302.89999999997,1569.2018340265377,711.8525691990694,0.5592199285349394,0.5023313556456704,0.14111624320334193
1302.90999999997,1569.2018340265377,711.8555542822222,0.5601548565048002,0.5033082529881815,0.1419024847558386
1302.91999999997,1569.2018340265377,711.8585393445882,0.5610898787101402,0.5042856590122876,0.14269194612411634
1302.92999999997,1569.2018340265377,711.8615243861677,0.5620249911269867,0.5052635693372087,0.14348463254106555
1302.93999999997,1569.2018340265377,711.8645094069614,0.5629601897379896,0.5062419795696546,0.14428054919575084
1302.94999999997,1569.2018340265377,711.8674944069688,0.5638954705141517,0.507220885303625,0.14507970122822425
1302.95999999997,1569.2018340265377,711.8704793861906,0.564830829422393,0.5082002821208819,0.1458820937312848
1302.96999999997,1569.2018340265377,711.8734643446268,0.5657662624299894,0.5091801655906384,0.14668773175102567
1302.97999999997,1569.2018340265377,711.8764492822778,0.5667017654892141,0.510160531269808,0.14749662028257537
1302.98999999997,1569.2018340265377,711.8794341991438,0.5676373345527168,0.5111413747028061,0.14830876427351958
1302.99999999997,1569.2018340265377,711.8824190952247,0.5685729655724843,0.5121226914216124,0.1491241686232577
1303.00999999997,1569.2018340265377,711.8854039705211,0.5695086544878853,0.513104476946133,0.1499428381796549
1303.01999999997,1569.2018340265377,711.8883888250331,0.5704443972364549,0.5140867267837408,0.1507647777411526
1303.02999999997,1569.2018340265377,711.8913736587608,0.5713801897486587,0.5150694364296003,0.15158999205515022
1303.03999999997,1569.2018340265377,711.8943584717044,0.5723160279554057,0.5160526013665822,0.15241848581951
1303.04999999997,1569.2018340265377,711.8973432638643,0.5732519077794281,0.5170362170654017,0.15325026367992664
1303.05999999997,1569.2018340265377,711.9003280352407,0.574187825135329,0.5180202789845714,0.15408533022945992
1303.06999999997,1569.2018340265377,711.9033127858338,0.5751237759349725,0.5190047825703524,0.15492369000950534
1303.07999999997,1569.2018340265377,711.9062975156436,0.5760597560919805,0.5199897232568199,0.1557653475106219
1303.08999999997,1569.2018340265377,711.9092822246706,0.5769957615042021,0.5209750964661147,0.1566103071675224
1303.09999999997,1569.2018340265377,711.9122669129149,0.5779317880691068,0.5219608976080965,0.15745857336256602
1303.10999999997,1569.2018340265377,711.9152515803768,0.5788678316881134,0.5229471220806721,0.15831015042672422
1303.1199999999699,1569.2018340265377,711.9182362270562,0.5798038882448735,0.5239337652695976,0.15916504263310727
1303.1299999999699,1569.2018340265377,711.9212208529536,0.5807399536236499,0.5249208225487322,0.160023254201676
1303.1399999999699,1569.2018340265377,711.9242054580693,0.5816760236965969,0.525908289279955,0.16088478929526362
1303.1499999999699,1569.2018340265377,711.9271900424034,0.5826120943518069,0.5268961608131176,0.16174965202685518
1303.1599999999698,1569.2018340265377,711.930174605956,0.5835481614531902,0.527884432486186,0.16261784644816252
1303.1699999999698,1569.2018340265377,711.9331591487274,0.5844842208665684,0.5288730996251949,0.16348937655635382
1303.1799999999698,1569.2018340265377,711.9361436707179,0.5854202684532349,0.5298621575443897,0.16436424629192795
1303.1899999999698,1569.2018340265377,711.9391281719278,0.5863563000655366,0.5308516015461814,0.16524245953700273
1303.1999999999698,1569.2018340265377,711.942112652357,0.5872923115633989,0.5318414269210249,0.16612402011945043
1303.2099999999698,1569.2018340265377,711.9450971120058,0.5882282987924131,0.5328316289477514,0.16700893180650672
1303.2199999999698,1569.2018340265377,711.9480815508747,0.5891642575904177,0.5338222028934849,0.16789719830610383
1303.2299999999698,1569.2018340265377,711.9510659689637,0.5901001837974683,0.5348131440134849,0.16878882326916528
1303.2399999999698,1569.2018340265377,711.9540503662729,0.5910360732588971,0.5358044475513648,0.16968381029021648
1303.2499999999698,1569.2018340265377,711.9570347428028,0.5919719217885845,0.5367961087391991,0.17058216289648068
1303.2599999999698,1569.2018340265377,711.9600190985534,0.5929077252188539,0.5377881227973277,0.17148388456160177
1303.2699999999697,1569.2018340265377,711.9630034335252,0.5938434793712465,0.5387804849345758,0.1723889786969812
1303.2799999999697,1569.2018340265377,711.9659877477178,0.594779180065184,0.5397731903480218,0.1732974486536789
1303.2899999999697,1569.2018340265377,711.968972041132,0.5957148231125523,0.5407662342235199,0.17420929772073504
1303.2999999999697,1569.2018340265377,711.971956313768,0.5966504043167021,0.541759611735278,0.17512452912415005
1303.3099999999697,1569.2018340265377,711.9749405656258,0.5975859194887732,0.5427533180459666,0.17604314603129817
1303.3199999999697,1569.2018340265377,711.9779247967056,0.5985213644237523,0.5437473483068638,0.17696515154356735
1303.3299999999697,1569.2018340265377,711.9809090070077,0.5994567349233713,0.5447416976579641,0.1778905487027206
1303.3399999999697,1569.2018340265377,711.9838931965323,0.600392026772216,0.5457363612278222,0.1788193404832983
1303.3499999999697,1569.2018340265377,711.9868773652798,0.6013272357617092,0.5467313341336608,0.17975152979934694
1303.3599999999697,1569.2018340265377,711.98986151325,0.6022623576824557,0.5477266114812916,0.18068711950168984
1303.3699999999697,1569.2018340265377,711.9928456404434,0.6031973883036467,0.5487221883654512,0.18162611237152523
1303.3799999999696,1569.2018340265377,711.9958297468604,0.6041323234035529,0.5497180598696448,0.18256851112900546
1303.3899999999696,1569.2018340265377,711.9988138325009,0.6050671587575869,0.5507142210659921,0.1835143184291452
1303.3999999999696,1569.2018340265377,712.0017978973651,0.6060018901361524,0.5517106670155631,0.18446353686095773
1303.4099999999696,1569.2018340265377,712.0047819414533,0.6069365132970465,0.5527073927682998,0.18541616894463675
1303.4199999999696,1569.2018340265377,712.0077659647659,0.6078710240050463,0.5537043933631264,0.18637221713715046
1303.4299999999696,1569.2018340265377,712.010749967303,0.6088054180113417,0.5547016638277942,0.18733168382543067
1303.4399999999696,1569.2018340265377,712.0137339490645,0.6097396910731117,0.555699199178954,0.18829457133197408
1303.4499999999696,1569.2018340265377,712.0167179100512,0.6106738389393812,0.556696994422535,0.18926088191033272
1303.4599999999696,1569.2018340265377,712.0197018502629,0.6116078573500169,0.5576950445532836,0.19023061774402908
1303.4699999999696,1569.2018340265377,712.0226857696999,0.6125417420520438,0.5586933445551053,0.1912037809514136
1303.4799999999696,1569.2018340265377,712.0256696683625,0.6134754887811731,0.5596918894010239,0.19218037357947482
1303.4899999999695,1569.2018340265377,712.0286535462508,0.6144090932694359,0.5606906740531785,0.19316039760575987
1303.4999999999695,1569.2018340265377,712.0316374033652,0.6153425512507463,0.5616896934630137,0.1941438549398239
1303.5099999999695,1569.2018340265377,712.0346212397056,0.6162758584499232,0.5626889425710482,0.1951307474191917
1303.5199999999695,1569.2018340265377,712.0376050552726,0.6172090105926087,0.5636884163071787,0.19612107681225321
1303.5299999999695,1569.2018340265377,712.0405888500661,0.6181420033943275,0.5646881095905264,0.19711484481425978
1303.5399999999695,1569.2018340265377,712.0435726240866,0.6190748325758924,0.5656880173296261,0.19811205305191468
1303.5499999999695,1569.2018340265377,712.0465563773341,0.6200074938437005,0.5666881344223493,0.19911270307660958
1303.5599999999695,1569.2018340265377,712.049540109809,0.6209399829136963,0.5676884557559424,0.20011679637167884
1303.5699999999695,1569.2018340265377,712.052523821511,0.6218722954866279,0.5686889762070634,0.20112433434406468
1303.5799999999695,1569.2018340265377,712.0555075124412,0.6228044272705624,0.5696896906421253,0.20213531833136963
1303.5899999999695,1569.2018340265377,712.0584911825991,0.6237363739583041,0.5706905939167246,0.2031497495937283
1303.5999999999694,1569.2018340265377,712.0614748319852,0.624668131250268,0.5716916808761747,0.20416762932116242
1303.6099999999694,1569.2018340265377,712.0644584605996,0.6255996948380553,0.5726929463554308,0.2051889586277747
1303.6199999999694,1569.2018340265377,712.0674420684427,0.6265310604090131,0.5736943851790894,0.20621373855279002
1303.6299999999694,1569.2018340265377,712.0704256555146,0.6274622236504395,0.5746959921613146,0.20724197006145678
1303.6399999999694,1569.2018340265377,712.0734092218154,0.6283931802464279,0.575697762106066,0.20827365404375645
1303.6499999999694,1569.2018340265377,712.0763927673454,0.6293239258725586,0.5766996898070633,0.20930879131218572
1303.6599999999694,1569.2018340265377,712.079376292105,0.630254456212058,0.5777017700479021,0.21034738260677846
1303.6699999999694,1569.2018340265377,712.0823597960942,0.6311847669287831,0.5787039976018256,0.21138942858552875
1303.6799999999694,1569.2018340265377,712.0853432793134,0.6321148537041685,0.579706367232147,0.2124349298365973
1303.6899999999694,1569.2018340265377,712.0883267417624,0.6330447121981082,0.5807088736919084,0.21348388686456704
1303.6999999999694,1569.2018340265377,712.091310183442,0.6339743380772709,0.5817115117243786,0.21453630009986024
1303.7099999999693,1569.2018340265377,712.0942936043523,0.6349037270021146,0.5827142760626359,0.21559216989365912
1303.7199999999693,1569.2018340265377,712.097277004493,0.6358328746301204,0.5837171614296852,0.21665149651865276
1303.7299999999693,1569.2018340265377,712.1002603838647,0.6367617766190858,0.5847201625388809,0.21771428017005678
1303.7399999999693,1569.2018340265377,712.1032437424677,0.6376904286185567,0.5857232740936252,0.2187805209620519
1303.7499999999693,1569.2018340265377,712.1062270803022,0.6386188262816624,0.5867264907874079,0.219850218931438
1303.7599999999693,1569.2018340265377,712.1092103973682,0.6395469652587465,0.5877298073038881,0.2209233740351153
1303.7699999999693,1569.2018340265377,712.112193693666,0.6404748411843741,0.5887332183170877,0.22199998614531105
1303.7799999999693,1569.2018340265377,712.1151769691959,0.6414024497043564,0.589736718491319,0.22308005505843367
1303.7899999999693,1569.2018340265377,712.1181602239582,0.6423297864553733,0.5907403024811895,0.22416358048763418
1303.7999999999693,1569.2018340265377,712.1211434579527,0.6432568470789332,0.5917439649315667,0.22525056206721686
1303.8099999999692,1569.2018340265377,712.1241266711801,0.6441836272020108,0.592747700477966,0.22634099934576374
1303.8199999999692,1569.2018340265377,712.1271098636404,0.6451101224596694,0.5937515037462106,0.22743489179337173
1303.8299999999692,1569.2018340265377,712.130093035334,0.6460363284758603,0.594755369352704,0.22853223879472276
1303.8399999999692,1569.2018340265377,712.1330761862607,0.646962240880462,0.5957592919042443,0.2296330396545301
1303.8499999999692,1569.2018340265377,712.136059316421,0.6478878552955384,0.5967632659983729,0.230737293592557
1303.8599999999692,1569.2018340265377,712.1390424258152,0.6488131673351558,0.5977672862233044,0.2318449997430602
1303.8699999999692,1569.2018340265377,712.1420255144434,0.6497381726250308,0.598771347157778,0.2329561571612831
1303.8799999999692,1569.2018340265377,712.1450085823058,0.6506628667764633,0.5997754433713325,0.23407076481397202
1303.8899999999692,1569.2018340265377,712.1479916294026,0.6515872454059838,0.6007795694242728,0.23518882158596902
1303.8999999999692,1569.2018340265377,712.1509746557341,0.6525113041179833,0.6017837198677534,0.23631032627363205
1303.9099999999692,1569.2018340265377,712.1539576613005,0.6534350385274987,0.6027878892437081,0.2374352775926012
1303.9199999999691,1569.2018340265377,712.1569406461019,0.6543584442363714,0.6037920720849712,0.23856367416888236
1303.9299999999691,1569.2018340265377,712.1599236101387,0.6552815168507292,0.6047962629153995,0.23969551454487567
1303.9399999999691,1569.2018340265377,712.1629065534111,0.6562042519700991,0.6058004562498405,0.2408307971750008
1303.9499999999691,1569.2018340265377,712.1658894759191,0.6571266451950273,0.6068046465940639,0.24196952042802736
1303.959999999969,1569.2018340265377,712.1688723776631,0.6580486921228078,0.6078088284449972,0.24311168258531185
1303.969999999969,1569.2018340265377,712.1718552586432,0.6589703883496448,0.6088129962906969,0.24425728184117915
1303.979999999969,1569.2018340265377,712.1748381188597,0.6598917294599312,0.6098171446104309,0.24540631629861906
1303.989999999969,1569.2018340265377,712.1778209583131,0.6608127110564418,0.6108212678746877,0.2465587839801123
1303.999999999969,1569.2018340265377,712.1808037770029,0.6617333287237152,0.6118253605449931,0.24771468281351355
1304.009999999969,1569.2018340265377,712.18378657493,0.662653578043253,0.6128294170745686,0.24887401063780784
1304.019999999969,1569.2018340265377,712.1867693520943,0.6635734546020581,0.6138334319077283,0.2500367652054515
1304.029999999969,1569.2018340265377,712.1897521084961,0.6644929539873006,0.6148373994802696,0.2512029441803359
1304.039999999969,1569.2018340265377,712.1927348441355,0.6654120717767942,0.6158413142194061,0.252372545133755
1304.049999999969,1569.2018340265377,712.1957175590128,0.6663308035506166,0.6168451705438919,0.25354556554850405
1304.059999999969,1569.2018340265377,712.1987002531284,0.6672491448807211,0.6178489628641445,0.2547220028146648
1304.069999999969,1569.2018340265377,712.2016829264824,0.668167091346739,0.6188526855819496,0.25590185423500106
1304.079999999969,1569.2018340265377,712.2046655790747,0.6690846385212199,0.6198563330908144,0.2570851170192632
1304.089999999969,1569.2018340265377,712.2076482109059,0.6700017819781572,0.620859899776054,0.2582717882871433
1304.099999999969,1569.2018340265377,712.210630821976,0.6709185172855,0.6218633800146104,0.2594618650648795
1304.109999999969,1569.2018340265377,712.2136134122856,0.6718348400042645,0.6228667681753308,0.26065534428474846
1304.119999999969,1569.2018340265377,712.2165959818343,0.6727507457160959,0.6238700586186713,0.2618522227951455
1304.129999999969,1569.2018340265377,712.2195785306227,0.6736662299765794,0.6248732456972058,0.26305249734255576
1304.139999999969,1569.2018340265377,712.2225610586511,0.6745812883470991,0.6258763237554066,0.2642561645833351
1304.149999999969,1569.2018340265377,712.2255435659196,0.6754959163938856,0.6268792871296558,0.26546322108303183
1304.159999999969,1569.2018340265377,712.2285260524282,0.676410109677428,0.6278821301483332,0.26667366331196657
1304.169999999969,1569.2018340265377,712.2315085181774,0.6773238637513084,0.6288848471320945,0.26788748764462467
1304.179999999969,1569.2018340265377,712.2344909631673,0.6782371741805218,0.6298874323935401,0.26910469036625584
1304.189999999969,1569.2018340265377,712.2374733873983,0.679150036513684,0.6308898802375701,0.2703252676618418
1304.199999999969,1569.2018340265377,712.2404557908703,0.6800624463107333,0.6318921849612433,0.27154921562659173
1304.2099999999689,1569.2018340265377,712.2434381735836,0.6809743991197168,0.6328943408539051,0.2727765302564853
1304.2199999999689,1569.2018340265377,712.2464205355387,0.681885890496873,0.6338963421973891,0.2740072074561028
1304.2299999999689,1569.2018340265377,712.2494028767355,0.6827969159875144,0.6348981832656881,0.27524124303035075
1304.2399999999689,1569.2018340265377,712.2523851971744,0.6837074711496183,0.635899858325385,0.27647863269396955
1304.2499999999688,1569.2018340265377,712.2553674968555,0.6846175515249785,0.6369013616355139,0.27771937205945985
1304.2599999999688,1569.2018340265377,712.258349775779,0.6855271526584715,0.6379026874476498,0.2789634566445662
1304.2699999999688,1569.2018340265377,712.2613320339453,0.6864362700980857,0.6389038300059593,0.28021088187202486
1304.2799999999688,1569.2018340265377,712.2643142713545,0.6873448993927448,0.6399047835472151,0.2814616430683775
1304.2899999999688,1569.2018340265377,712.2672964880067,0.6882530360797054,0.6409055423009237,0.2827157354585885
1304.2999999999688,1569.2018340265377,712.2702786839023,0.6891606757005118,0.6419061004894149,0.2839731541723007
1304.3099999999688,1569.2018340265377,712.2732608590414,0.690067813798766,0.642906452327628,0.2852338942424319
1304.3199999999688,1569.2018340265377,712.2762430134243,0.6909744459192514,0.6439065920235072,0.2864979506048549
1304.3299999999688,1569.2018340265377,712.2792251470512,0.6918805676015484,0.6449065137779014,0.28776531809534606
1304.3399999999688,1569.2018340265377,712.2822072599222,0.6927861743705557,0.6459062117845024,0.2890359914452268
1304.3499999999688,1569.2018340265377,712.2851893520378,0.6936912617778156,0.6469056802302033,0.2903099652985717
1304.3599999999687,1569.2018340265377,712.2881714233978,0.6945958253570033,0.6479049132946558,0.29158723419298777
1304.3699999999687,1569.2018340265377,712.2911534740027,0.6954998606452945,0.6489039051509711,0.29286779256881845
1304.3799999999687,1569.2018340265377,712.2941355038528,0.6964033631653201,0.6499026499652404,0.29415163476080763
1304.3899999999687,1569.2018340265377,712.2971175129481,0.6973063284673914,0.6509011418968165,0.2954387550158447
1304.3999999999687,1569.2018340265377,712.3000995012889,0.6982087520780119,0.651899375098254,0.29672914747090773
1304.4099999999687,1569.2018340265377,712.3030814688752,0.699110629534415,0.652897343715553,0.29802280616755267
1304.4199999999687,1569.2018340265377,712.3060634157077,0.7000119563576143,0.6538950418881374,0.29931972504014526
1304.4299999999687,1569.2018340265377,712.3090453417865,0.7009127280920009,0.6548924637487566,0.3006198979323532
1304.4399999999687,1569.2018340265377,712.3120272471112,0.70181294026257,0.6558896034235413,0.3019233185786549
1304.4499999999687,1569.2018340265377,712.3150091316827,0.7027125884031558,0.6568864550324744,0.30322998061653966
1304.4599999999687,1569.2018340265377,712.3179909955011,0.703611668039784,0.6578830126889911,0.30453987757870565
1304.4699999999686,1569.2018340265377,712.3209728385665,0.7045101747021466,0.6588792705001473,0.3058530028978595
1304.4799999999686,1569.2018340265377,712.323954660879,0.7054081039236906,0.659875222566713,0.30716934990658223
1304.4899999999686,1569.2018340265377,712.3269364624389,0.7063054512280575,0.6608708629832275,0.3084889118312014
1304.4999999999686,1569.2018340265377,712.3299182432467,0.7072022121436877,0.6618661858382445,0.30981168179807705
1304.5099999999686,1569.2018340265377,712.3329000033023,0.7080983822018624,0.6628611852139326,0.311137652832123
1304.5199999999686,1569.2018340265377,712.3358817426058,0.7089939569334888,0.6638558551864722,0.31246681785550673
1304.5299999999686,1569.2018340265377,712.3388634611578,0.7098889318588085,0.6648501898261499,0.3137991696829161
1304.5399999999686,1569.2018340265377,712.3418451589582,0.7107833025040653,0.6658441831971866,0.3151347010284498
1304.5499999999686,1569.2018340265377,712.3448268360075,0.7116770644004864,0.6668378293579841,0.31647340450517014
1304.5599999999686,1569.2018340265377,712.3478084923057,0.7125702130750091,0.6678311223609907,0.3178152726206103
1304.5699999999686,1569.2018340265377,712.3507901278529,0.7134627440522533,0.668824056252911,0.3191602977775661
1304.5799999999685,1569.2018340265377,712.3537717426498,0.7143546528579071,0.6698166250749507,0.3205084722755767
1304.5899999999685,1569.2018340265377,712.3567533366961,0.7152459350184788,0.6708088228622684,0.32185978831004114
1304.5999999999685,1569.2018340265377,712.3597349099923,0.7161365860657427,0.6718006436446763,0.3232142379746469
1304.6099999999685,1569.2018340265377,712.3627164625385,0.7170266015210599,0.6727920814463183,0.32457181325375006
1304.6199999999685,1569.2018340265377,712.365697994335,0.7179159769089297,0.6737831302859176,0.32593250602844964
1304.6299999999685,1569.2018340265377,712.3686795053821,0.7188047077569962,0.6747737841767196,0.32729630807631094
1304.6399999999685,1569.2018340265377,712.3716609956797,0.7196927895982349,0.6757640371264755,0.328663211072128
1304.6499999999685,1569.2018340265377,712.3746424652282,0.7205802179533204,0.6767538831378387,0.33003320658002844
1304.6599999999685,1569.2018340265377,712.377623914028,0.7214669883461645,0.6777433162080838,0.3314062860600203
1304.6699999999685,1569.2018340265377,712.3806053420791,0.7223530963102522,0.6787323303292025,0.3327824408707917
1304.6799999999685,1569.2018340265377,712.3835867493817,0.7232385373689677,0.6797209194881507,0.3341616622606951
1304.6899999999684,1569.2018340265377,712.386568135936,0.7241233070520633,0.6807090776667178,0.33554394137495686
1304.6999999999684,1569.2018340265377,712.3895495017425,0.7250074008866332,0.6816967988417744,0.33692926925154226
1304.7099999999684,1569.2018340265377,712.3925308468012,0.72589081440004,0.6826840769850671,0.33831763682207794
1304.7199999999684,1569.2018340265377,712.395512171112,0.7267735431241925,0.6836709060634659,0.3397090349138778
1304.7299999999684,1569.2018340265377,712.3984934746758,0.727655582583116,0.6846572800391361,0.34110345424410105
1304.7399999999684,1569.2018340265377,712.4014747574923,0.728536928310584,0.685643192869259,0.34250088542749824
1304.7499999999684,1569.2018340265377,712.404456019562,0.7294175758315996,0.6866286385063544,0.3439013189678551
1304.7599999999684,1569.2018340265377,712.4074372608849,0.7302975206830182,0.6876136108982651,0.3453047452674623
1304.7699999999684,1569.2018340265377,712.4104184814612,0.731176758387757,0.6885981039881792,0.3467111546147831
1304.7799999999684,1569.2018340265377,712.4133996812914,0.7320552844848377,0.6895821117148397,0.3481205371986549
1304.7899999999684,1569.2018340265377,712.4163808603756,0.7329330945035916,0.6905656280124169,0.3495328830957706
1304.7999999999683,1569.2018340265377,712.4193620187137,0.7338101839770779,0.691548646810494,0.350948182276818
1304.8099999999683,1569.2018340265377,712.4223431563063,0.7346865484410764,0.692531162034539,0.3523664246063083
1304.8199999999683,1569.2018340265377,712.4253242731536,0.7355621834249954,0.6935131676056289,0.3537875998377528
1304.8299999999683,1569.2018340265377,712.4283053692557,0.7364370844640769,0.6944946574404713,0.35521169761934185
1304.8399999999683,1569.2018340265377,712.4312864446127,0.7373112471025103,0.6954756254516536,0.35663870749556015
1304.8499999999683,1569.2018340265377,712.4342674992249,0.7381846668710789,0.6964560655475913,0.35806861889617314
1304.8599999999683,1569.2018340265377,712.4372485330928,0.7390573393013478,0.6974359716327754,0.35950142114311384
1304.8699999999683,1569.2018340265377,712.4402295462163,0.739929259940152,0.6984153376074975,0.36093710345709873
1304.8799999999683,1569.2018340265377,712.4432105385955,0.740800424325019,0.699394157368098,0.36237565494579355
1304.8899999999683,1569.2018340265377,712.446191510231,0.741670827996481,0.7003724248072137,0.3638170646098792
1304.8999999999683,1569.2018340265377,712.4491724611227,0.7425404664950415,0.7013501338134669,0.3652613213410931
1304.9099999999682,1569.2018340265377,712.452153391271,0.7434093353593112,0.7023272782718616,0.36670841392156023
1304.9199999999682,1569.2018340265377,712.4551343006761,0.744277430141997,0.703303852063548,0.3681583310312859
1304.9299999999682,1569.2018340265377,712.4581151893381,0.7451447463807803,0.7042798490660706,0.3696110612339112
1304.9399999999682,1569.2018340265377,712.4610960572574,0.7460112796196231,0.7052552631535417,0.37106659298723854
1304.9499999999682,1569.2018340265377,712.464076904434,0.7468770254106352,0.7062300881963685,0.3725249146437722
1304.9599999999682,1569.2018340265377,712.4670577308682,0.7477419793011184,0.7072043180615388,0.37398601444444923
1304.9699999999682,1569.2018340265377,712.4700385365603,0.7486061368366064,0.7081779466127585,0.37544988052013495
1304.9799999999682,1569.2018340265377,712.4730193215105,0.7494694935740055,0.7091509677102896,0.3769165008979114
1304.9899999999682,1569.2018340265377,712.476000085719,0.7503320450574182,0.710123375211163,0.3783858634890526
1304.9999999999682,1569.2018340265377,712.4789808291858,0.7511937868464119,0.7110951629691663,0.3798579561030884
1305.0099999999682,1569.2018340265377,712.4819615519115,0.7520547144979066,0.7120663248350184,0.38133276643878444
1305.0199999999681,1569.2018340265377,712.4849422538961,0.752914823558193,0.713036854656321,0.38281028207989004
1305.0299999999681,1569.2018340265377,712.4879229351397,0.7537741095920921,0.7140067462776224,0.3842904905098779
1305.0399999999681,1569.2018340265377,712.4909035956429,0.7546325681589234,0.714975993540591,0.38577337909985576
1305.0499999999681,1569.2018340265377,712.4938842354053,0.7554901948144932,0.7159445902838579,0.38725893510926346
1305.059999999968,1569.2018340265377,712.4968648544278,0.7563469851242407,0.7169125303435232,0.3887471456930419
1305.069999999968,1569.2018340265377,712.4998454527104,0.7572029346520732,0.7178798075526288,0.3902379978952692
1305.079999999968,1569.2018340265377,712.5028260302529,0.7580580389656925,0.718846415741555,0.3917314786522261
1305.089999999968,1569.2018340265377,712.505806587056,0.7589122936293583,0.7198123487382313,0.39322757478880405
1305.099999999968,1569.2018340265377,712.5087871231198,0.7597656942111181,0.7207776003678693,0.3947262730218497
1305.109999999968,1569.2018340265377,712.5117676384444,0.7606182362806987,0.7217421644532105,0.3962275599592697
1305.119999999968,1569.2018340265377,712.51474813303,0.7614699154166087,0.7227060348144806,0.3977314221036128
1305.129999999968,1569.2018340265377,712.517728606877,0.7623207271882068,0.7236692052696745,0.3992378458429666
1305.139999999968,1569.2018340265377,712.5207090599856,0.7631706671657477,0.7246316696344369,0.4007468174559568
1305.149999999968,1569.2018340265377,712.523689492356,0.7640197309381962,0.7255934217220534,0.40225832312104287
1305.159999999968,1569.2018340265377,712.526669903988,0.764867914081542,0.726554455343626,0.40377234890003993
1305.169999999968,1569.2018340265377,712.5296502948823,0.7657152121738211,0.7275147643083206,0.4052888807461838
1305.179999999968,1569.2018340265377,712.5326306650392,0.7665616208028617,0.7284743424231392,0.4068079045079343
1305.189999999968,1569.2018340265377,712.5356110144586,0.7674071355506956,0.7294331834930577,0.40832940592083905
1305.199999999968,1569.2018340265377,712.5385913431409,0.7682517520112194,0.7303912813211654,0.40985337061700916
1305.209999999968,1569.2018340265377,712.541571651086,0.7690954657686152,0.7313486297086192,0.4113797841135524
1305.219999999968,1569.2018340265377,712.5445519382945,0.7699382724161361,0.7323052224549663,0.4129086318228879
1305.229999999968,1569.2018340265377,712.5475322047665,0.7707801675490908,0.7332610533578796,0.4144398990486927
1305.239999999968,1569.2018340265377,712.5505124505021,0.7716211467631259,0.7342161162133339,0.4159735709851411
1305.249999999968,1569.2018340265377,712.5534926755016,0.7724612056599964,0.7351704048158535,0.41750963272026403
1305.259999999968,1569.2018340265377,712.5564728797654,0.7733003398339288,0.7361239129583592,0.4190480692283924
1305.269999999968,1569.2018340265377,712.5594530632934,0.7741385448932298,0.7370766344322712,0.42058886538192514
1305.279999999968,1569.2018340265377,712.5624332260859,0.7749758164435918,0.7380285630276114,0.4221320059424208
1305.289999999968,1569.2018340265377,712.5654133681431,0.775812150093134,0.7389796925331418,0.4236774755634628
1305.299999999968,1569.2018340265377,712.5683934894655,0.7766475414436091,0.7399300167363584,0.42522525878583406
1305.3099999999679,1569.2018340265377,712.571373590053,0.77748198612065,0.7408795294234488,0.42677534005400547
1305.3199999999679,1569.2018340265377,712.5743536699059,0.7783154797328522,0.7418282243795761,0.4283277036940969
1305.3299999999679,1569.2018340265377,712.5773337290244,0.7791480178972156,0.7427760953887642,0.4298823339276523
1305.3399999999679,1569.2018340265377,712.5803137674088,0.7799795962400268,0.7437231362341093,0.4314392148724216
1305.3499999999678,1569.2018340265377,712.5832937850594,0.7808102103698918,0.7446693406977382,0.43299833052742087
1305.3599999999678,1569.2018340265377,712.586273781976,0.7816398559338118,0.7456147025608386,0.43455966480401803
1305.3699999999678,1569.2018340265377,712.5892537581593,0.7824685285427058,0.7465592156039437,0.43612320148502687
1305.3799999999678,1569.2018340265377,712.5922337136093,0.7832962238324863,0.7475028736067452,0.43768892425837147
1305.3899999999678,1569.2018340265377,712.5952136483262,0.7841229374398296,0.7484456703483057,0.4392568167039478
1305.3999999999678,1569.2018340265377,712.5981935623103,0.7849486649944794,0.7493875996070896,0.44082686228935924
1305.4099999999678,1569.2018340265377,712.6011734555616,0.7857734021445032,0.7503286551609941,0.44239904438414396
1305.4199999999678,1569.2018340265377,712.6041533280807,0.7865971445243228,0.7512688307875609,0.44397334624213114
1305.4299999999678,1569.2018340265377,712.6071331798674,0.7874198877780515,0.7522081202637917,0.4455497510143613
1305.4399999999678,1569.2018340265377,712.6101130109222,0.7882416275650919,0.7531465173664312,0.44712824175269433
1305.4499999999678,1569.2018340265377,712.6130928212452,0.7890623595228917,0.7540840158719996,0.448708801388813
1305.4599999999677,1569.2018340265377,712.6160726108368,0.7898820793110694,0.7550206095567871,0.45029141275925616
1305.4699999999677,1569.2018340265377,712.6190523796969,0.7907007825854895,0.7559562921968876,0.45187605859084196
1305.4799999999677,1569.2018340265377,712.622032127826,0.791518465006038,0.7568910575684803,0.4534627215054793
1305.4899999999677,1569.2018340265377,712.6250118552239,0.792335122236601,0.757824899447576,0.4550513840199331
1305.4999999999677,1569.2018340265377,712.6279915618915,0.7931507499366517,0.7587578116105494,0.45664202854170116
1305.5099999999677,1569.2018340265377,712.6309712478285,0.7939653437839078,0.7596897878336011,0.45823463738147396
1305.5199999999677,1569.2018340265377,712.633950913035,0.7947788994460603,0.7606208218932533,0.45982919273756534
1305.5299999999677,1569.2018340265377,712.6369305575117,0.7955914126015238,0.7615509075664534,0.46142567670807
1305.5399999999677,1569.2018340265377,712.6399101812585,0.7964028789225787,0.7624800386303225,0.46302407128090584
1305.5499999999677,1569.2018340265377,712.6428897842758,0.7972132940970217,0.7634082088625083,0.4646243583468913
1305.5599999999677,1569.2018340265377,712.6458693665636,0.798022653809374,0.7643354120410755,0.4662265196888235
1305.5699999999676,1569.2018340265377,712.6488489281222,0.7988309537475432,0.7652616419446814,0.4678305369856532
1305.5799999999676,1569.2018340265377,712.651828468952,0.7996381896037374,0.7661868923526443,0.4694363918132172
1305.5899999999676,1569.2018340265377,712.654807989053,0.8004443570707627,0.7671111570449058,0.47104406564213575
1305.5999999999676,1569.2018340265377,712.6577874884254,0.8012494518543153,0.7680344298021708,0.4726535398453345
1305.6099999999676,1569.2018340265377,712.6607669670694,0.8020534696494911,0.768956704406047,0.4742647956845171
1305.6199999999676,1569.2018340265377,712.6637464249856,0.8028564061661542,0.7698779746390424,0.4758778143252288
1305.6299999999676,1569.2018340265377,712.6667258621737,0.803658257109316,0.7707982342845293,0.4774925768253662
1305.6399999999676,1569.2018340265377,712.6697052786343,0.8044590182007025,0.7717174771270248,0.47910906414844645
1305.6499999999676,1569.2018340265377,712.6726846743672,0.8052586851488167,0.7726356969520486,0.4807272571457933
1305.6599999999676,1569.2018340265377,712.6756640493732,0.8060572536789469,0.7735528875464729,0.48234713657495687
1305.6699999999676,1569.2018340265377,712.6786434036519,0.8068547195116464,0.7744690426982063,0.4839686830866542
1305.6799999999675,1569.2018340265377,712.681622737204,0.8076510783786851,0.775384156196648,0.48559187723502173
1305.6899999999675,1569.2018340265377,712.6846020500294,0.8084463260109551,0.7762982218324779,0.4872166994702773
1305.6999999999675,1569.2018340265377,712.6875813421285,0.8092404581366365,0.7772112333978651,0.48884313013800307
1305.7099999999675,1569.2018340265377,712.6905606135015,0.8100334705054203,0.7781231846865029,0.49047114949397846
1305.7199999999675,1569.2018340265377,712.6935398641484,0.8108253588550811,0.7790340694936435,0.4921007376842344
1305.7299999999675,1569.2018340265377,712.6965190940697,0.8116161189356603,0.7799438816162723,0.49373187476004904
1305.7399999999675,1569.2018340265377,712.6994983032655,0.8124057464900414,0.7808526148530721,0.4953645406662991
1305.7499999999675,1569.2018340265377,712.7024774917361,0.813194237286324,0.7817602630045289,0.4969987152614867
1305.7599999999675,1569.2018340265377,712.7054566594815,0.8139815870745073,0.7826668198729322,0.49863437829154467
1305.7699999999675,1569.2018340265377,712.708435806502,0.8147677916187633,0.7835722792626513,0.5002715094100417
1305.7799999999675,1569.2018340265377,712.7114149327981,0.8155528466864358,0.784476634979999,0.5019100881715101
1305.7899999999674,1569.2018340265377,712.7143940383697,0.8163367480489945,0.7853798808333357,0.5035500940323626
1305.7999999999674,1569.2018340265377,712.7173731232169,0.8171194914847801,0.7862820106331392,0.5051915063528866
1305.8099999999674,1569.2018340265377,712.7203521873403,0.8179010727699564,0.7871830181922818,0.5068343043922245
1305.8199999999674,1569.2018340265377,712.72333123074,0.8186814876885835,0.7880828973258243,0.508478467314538
1305.8299999999674,1569.2018340265377,712.726310253416,0.8194607320316245,0.788981641851121,0.5101239741887705
1305.8399999999674,1569.2018340265377,712.7292892553687,0.8202388015889872,0.7898792455880277,0.5117708039841934
1305.8499999999674,1569.2018340265377,712.7322682365983,0.821015692158444,0.7907757023589368,0.5134189355762225
1305.8599999999674,1569.2018340265377,712.7352471971051,0.8217913995412779,0.791671005988779,0.5150683477439513
1305.8699999999674,1569.2018340265377,712.7382261368891,0.8225659195386594,0.7925651503050943,0.5167190191681983
1305.8799999999674,1569.2018340265377,712.7412050559506,0.8233392479678875,0.7934581291381361,0.5183709284420785
1305.8899999999674,1569.2018340265377,712.7441839542898,0.8241113806399037,0.7943499363210438,0.5200240540573715
1305.8999999999673,1569.2018340265377,712.7471628319071,0.8248823133684046,0.7952405656897086,0.5216783744102825
1305.9099999999673,1569.2018340265377,712.7501416888026,0.8256520419850711,0.7961300110830145,0.523333867811657
1305.9199999999673,1569.2018340265377,712.7531205249765,0.8264205623171561,0.7970182663427389,0.5249905124729655
1305.9299999999673,1569.2018340265377,712.7560993404288,0.827187870191139,0.7979053253137922,0.5266482865091487
1305.9399999999673,1569.2018340265377,712.7590781351602,0.8279539614489169,0.7987911818442892,0.5283071679492736
1305.9499999999673,1569.2018340265377,712.7620569091705,0.8287188319307831,0.7996758297854155,0.5299671347258227
1305.9599999999673,1569.2018340265377,712.76503566246,0.8294824774852714,0.8005592629917021,0.531628164681599
1305.9699999999673,1569.2018340265377,712.768014395029,0.8302448939612517,0.8014414753210276,0.5332902355649612
1305.9799999999673,1569.2018340265377,712.7709931068778,0.831006077213221,0.8023224606347232,0.5349533250336231
1305.9899999999673,1569.2018340265377,712.7739717980065,0.8317660231067302,0.8032022127975752,0.5366174106584579
1305.9999999999673,1569.2018340265377,712.7769504684153,0.8325247275059522,0.804080725677863,0.5382824699158482
1306.0099999999672,1569.2018340265377,712.7799291181043,0.8332821862825566,0.8049579931475642,0.5399484801939681
1306.0199999999672,1569.2018340265377,712.7829077470741,0.8340383953105003,0.8058340090824577,0.5416154187898622
1306.0299999999672,1569.2018340265377,712.7858863553246,0.8347933504678212,0.8067087673618943,0.543283262910594
1306.0399999999672,1569.2018340265377,712.788864942856,0.8355470476428141,0.8075822618691681,0.544951989678082
1306.0499999999672,1569.2018340265377,712.7918435096685,0.8362994827278899,0.8084544864914873,0.5466215761253999
1306.0599999999672,1569.2018340265377,712.7948220557627,0.8370506516160644,0.8093254351201112,0.5482919991949787
1306.0699999999672,1569.2018340265377,712.7978005811384,0.8378005502081962,0.8101951016502217,0.549963235743479
1306.0799999999672,1569.2018340265377,712.8007790857959,0.8385491744074991,0.8110634799811606,0.5516352625388522
1306.0899999999672,1569.2018340265377,712.8037575697355,0.8392965201302715,0.8119305640165664,0.5533080562679157
1306.0999999999672,1569.2018340265377,712.8067360329575,0.8400425832892596,0.8127963476642799,0.5549815935256293
1306.1099999999672,1569.2018340265377,712.8097144754619,0.8407873598040999,0.8136608248364148,0.5566558508223861
1306.1199999999671,1569.2018340265377,712.812692897249,0.8415308456076208,0.8145239894495941,0.5583308045888771
1306.1299999999671,1569.2018340265377,712.815671298319,0.8422730366239424,0.8153858354248564,0.5600064311618097
1306.1399999999671,1569.2018340265377,712.8186496786723,0.843013928795552,0.8162463566878909,0.5616827068025292
1306.1499999999671,1569.2018340265377,712.821628038309,0.8437535180616034,0.8171055471689108,0.5633596076828087
1306.159999999967,1569.2018340265377,712.8246063772291,0.8444918003727385,0.8179634008027913,0.5650371098952587
1306.169999999967,1569.2018340265377,712.8275846954331,0.8452287716806045,0.8188199115293036,0.566715189447035
1306.179999999967,1569.2018340265377,712.8305629929212,0.8459644279432239,0.819675073292989,0.5683938222636166
1306.189999999967,1569.2018340265377,712.8335412696933,0.8466987651258521,0.8205288800432312,0.5700729841898656
1306.199999999967,1569.2018340265377,712.83651952575,0.847431779200017,0.8213813257344896,0.5717526509901006
1306.209999999967,1569.2018340265377,712.8394977610913,0.8481634661377638,0.82223240432624,0.5734327983445131
1306.219999999967,1569.2018340265377,712.8424759757175,0.8488938219209515,0.8230821097831107,0.5751134018560129
1306.229999999967,1569.2018340265377,712.845454169629,0.8496228425370511,0.8239304360748562,0.5767944370477625
1306.239999999967,1569.2018340265377,712.8484323428255,0.8503505239766215,0.8247773771764607,0.5784758793620047
1306.249999999967,1569.2018340265377,712.8514104953076,0.8510768622367882,0.8256229270683713,0.5801577041631466
1306.259999999967,1569.2018340265377,712.8543886270755,0.8518018533237673,0.826467079736374,0.5818398867397235
1306.269999999967,1569.2018340265377,712.8573667381295,0.852525493244442,0.8273098291717301,0.5835224022992619
1306.279999999967,1569.2018340265377,712.8603448284695,0.8532477780165397,0.8281511693711826,0.5852052259756482
1306.289999999967,1569.2018340265377,712.8633228980958,0.8539687036602263,0.8289910943371882,0.5868883328241359
1306.299999999967,1569.2018340265377,712.8663009470089,0.8546882661998882,0.8298295980778915,0.5885716978229376
1306.309999999967,1569.2018340265377,712.8692789752088,0.8554064616690825,0.8306666746071316,0.5902552958770684
1306.319999999967,1569.2018340265377,712.8722569826957,0.8561232861073491,0.83150231794461,0.5919391018168348
1306.329999999967,1569.2018340265377,712.8752349694698,0.8568387355609415,0.8323365221158971,0.5936230903987886
1306.339999999967,1569.2018340265377,712.8782129355315,0.8575528060754377,0.8331692811525989,0.5953072363012817
1306.349999999967,1569.2018340265377,712.8811908808809,0.8582654937091484,0.834000589092364,0.5969915141342022
1306.359999999967,1569.2018340265377,712.884168805518,0.8589767945272099,0.8348304399787957,0.598675898435228
1306.369999999967,1569.2018340265377,712.8871467094434,0.8596867045942146,0.8356588278619361,0.6003603636658319
1306.379999999967,1569.2018340265377,712.8901245926571,0.860395219987471,0.836485746797892,0.6020448842204363
1306.389999999967,1569.2018340265377,712.8931024551595,0.8611023367838878,0.8373111908491917,0.6037294344182382
1306.399999999967,1569.2018340265377,712.8960802969505,0.8618080510804939,0.8381351540846658,0.6054139885178728
1306.4099999999669,1569.2018340265377,712.8990581180304,0.8625123589624407,0.8389576305797074,0.6070985206958328
1306.4199999999669,1569.2018340265377,712.9020359183996,0.8632152565277101,0.8397786144162168,0.6087830050641635
1306.4299999999669,1569.2018340265377,712.9050136980584,0.8639167398846694,0.8405980996827349,0.6104674156694525
1306.4399999999669,1569.2018340265377,712.9079914570065,0.864616805146347,0.8414160804743263,0.6121517264891163
1306.4499999999668,1569.2018340265377,712.9109691952445,0.8653154484304791,0.8422325508930568,0.6138359114326034
1306.4599999999668,1569.2018340265377,712.9139469127729,0.8660126658595266,0.8430475050476886,0.6155199443414406
1306.4699999999668,1569.2018340265377,712.9169246095913,0.8667084535680732,0.8438609370537826,0.6172037989951351
1306.4799999999668,1569.2018340265377,712.9199022857002,0.8674028076963125,0.8446728410339872,0.6188874491074832
1306.4899999999668,1569.2018340265377,712.9228799410998,0.8680957243836088,0.8454832111179535,0.6205708683223427
1306.4999999999668,1569.2018340265377,712.9258575757906,0.8687871997782911,0.8462920414424978,0.622254030221341
1306.5099999999668,1569.2018340265377,712.9288351897724,0.8694772300416375,0.8470993261514567,0.6239369083270476
1306.5199999999668,1569.2018340265377,712.9318127830454,0.8701658113366977,0.8479050593960046,0.625619476095963
1306.5299999999668,1569.2018340265377,712.9347903556101,0.8708529398339102,0.8487092353346622,0.6273017069230615
1306.5399999999668,1569.2018340265377,712.9377679074665,0.8715386117047295,0.8495118481333055,0.6289835741377331
1306.5499999999668,1569.2018340265377,712.9407454386152,0.8722228231424815,0.8503128919652967,0.630665051019544
1306.5599999999667,1569.2018340265377,712.9437229490559,0.8729055703303956,0.8511123610114029,0.6323461107755894
1306.5699999999667,1569.2018340265377,712.946700438789,0.873586849471997,0.8519102494601106,0.634026726563438
1306.5799999999667,1569.2018340265377,712.9496779078148,0.8742666567624271,0.8527065515075731,0.6357068714708274
1306.5899999999667,1569.2018340265377,712.9526553561336,0.8749449884163887,0.8535012613576509,0.6373865185365224
1306.5999999999667,1569.2018340265377,712.9556327837454,0.8756218406537689,0.8542943732219513,0.6390656407405093
1306.6099999999667,1569.2018340265377,712.9586101906505,0.8762972096949752,0.8550858813200507,0.6407442110014557
1306.6199999999667,1569.2018340265377,712.9615875768491,0.8769710917720867,0.8558757798794429,0.6424222021853105
1306.6299999999667,1569.2018340265377,712.9645649423416,0.8776434831232363,0.8566640631356696,0.6440995871019652
1306.6399999999667,1569.2018340265377,712.9675422871278,0.8783143799935751,0.8574507253322403,0.645776338506395
1306.6499999999667,1569.2018340265377,712.9705196112083,0.8789837786383525,0.8582357607209729,0.6474524291020031
1306.6599999999667,1569.2018340265377,712.9734969145832,0.8796516753096417,0.8590191635618524,0.6491278315311998
1306.6699999999666,1569.2018340265377,712.9764741972526,0.8803180662790481,0.8598009281231321,0.6508025183928444
1306.6799999999666,1569.2018340265377,712.979451459217,0.8809829478159246,0.8605810486814921,0.6524764622270088
1306.6899999999666,1569.2018340265377,712.9824287004762,0.8816463162052907,0.8613595195219605,0.654149635528667
1306.6999999999666,1569.2018340265377,712.9854059210309,0.8823081677299681,0.8621363349381914,0.6558220107354764
1306.7099999999666,1569.2018340265377,712.988383120881,0.88296849868536,0.8629114892323552,0.6574935602391384
1306.7199999999666,1569.2018340265377,712.9913603000267,0.8836273053756382,0.8636849767151803,0.6591642563832427
1306.7299999999666,1569.2018340265377,712.9943374584683,0.8842845841068067,0.8644567917062584,0.6608340714591481
1306.7399999999666,1569.2018340265377,712.9973145962061,0.8849403311944404,0.8652269285339363,0.6625029777121717
1306.7499999999666,1569.2018340265377,713.0002917132402,0.8855945429667667,0.8659953815353271,0.6641709473445307
1306.7599999999666,1569.2018340265377,713.0032688095708,0.8862472157501509,0.8667621450565263,0.665837952505405
1306.7699999999666,1569.2018340265377,713.0062458851982,0.8868983458829226,0.8675272134526227,0.6675039653019045
1306.7799999999665,1569.2018340265377,713.0092229401225,0.8875479297130427,0.8682905810877963,0.6691689577980989
1306.7899999999665,1569.2018340265377,713.0121999743442,0.8881959635921272,0.869052242335329,0.6708329020111493
1306.7999999999665,1569.2018340265377,713.0151769878631,0.8888424438814707,0.8698121915776449,0.672495769916516
1306.8099999999665,1569.2018340265377,713.0181539806797,0.8894873669491176,0.8705704232065251,0.6741575334467041
1306.8199999999665,1569.2018340265377,713.0211309527942,0.8901307291668591,0.8713269316230886,0.6758181644895711
1306.8299999999665,1569.2018340265377,713.0241079042067,0.8907725269200646,0.8720817112377747,0.6774776348963776
1306.8399999999665,1569.2018340265377,713.0270848349176,0.8914127566023492,0.8728347564705856,0.6791359164787686
1306.8499999999665,1569.2018340265377,713.0300617449267,0.8920514146082339,0.8735860617509816,0.6807929810036446
1306.8599999999665,1569.2018340265377,713.0330386342348,0.8926884973443587,0.8743356215182086,0.6824488002028359
1306.8699999999665,1569.2018340265377,713.0360155028418,0.8933240012228143,0.8750834302209934,0.6841033457681881
1306.8799999999665,1569.2018340265377,713.0389923507477,0.8939579226684919,0.8758294823178424,0.6857565893582912
1306.8899999999664,1569.2018340265377,713.0419691779531,0.8945902581074298,0.8765737722772518,0.6874085025905334
1306.8999999999664,1569.2018340265377,713.0449459844581,0.8952210039748384,0.8773162945774333,0.6890590570474532
1306.9099999999664,1569.2018340265377,713.0479227702629,0.8958501567152855,0.8780570437066115,0.6907082242780063
1306.9199999999664,1569.2018340265377,713.0508995353676,0.8964777127817388,0.8787960141630342,0.692355975797508
1306.9299999999664,1569.2018340265377,713.0538762797725,0.8971036686409704,0.8795332004549844,0.6940022830924923
1306.9399999999664,1569.2018340265377,713.056853003478,0.8977280207493044,0.8802685971010736,0.6956471176030794
1306.9499999999664,1569.2018340265377,713.0598297064842,0.8983507655877916,0.8810021986299719,0.6972904507503968
1306.9599999999664,1569.2018340265377,713.0628063887909,0.8989718996417022,0.8817339995806168,0.6989322539217379
1306.9699999999664,1569.2018340265377,713.0657830503989,0.8995914194043066,0.8824639945024774,0.7005724984745695
1306.9799999999664,1569.2018340265377,713.0687596913082,0.9002093213681958,0.8831921779553685,0.7022111557301387
1306.9899999999664,1569.2018340265377,713.0717363115191,0.9008256020455138,0.883918544509604,0.7038481969901437
1306.9999999999663,1569.2018340265377,713.0747129110316,0.9014402579528882,0.8846430887460075,0.7054835935257064
1307.0099999999663,1569.2018340265377,713.077689489846,0.9020532856128034,0.8853658052560917,0.7071173165793921
1307.0199999999663,1569.2018340265377,713.0806660479627,0.9026646815544908,0.8860866886421519,0.7087493373667274
1307.0299999999663,1569.2018340265377,713.0836425853818,0.9032744423224575,0.886805733517086,0.7103796270832946
1307.0399999999663,1569.2018340265377,713.0866191021034,0.9038825644650417,0.8875229345047364,0.7120081568969988
1307.0499999999663,1569.2018340265377,713.0895955981277,0.9044890445359886,0.888238286239765,0.7136348979497729
1307.0599999999663,1569.2018340265377,713.0925720734552,0.9050938791000865,0.8889517833679391,0.7152598213631677
1307.0699999999663,1569.2018340265377,713.095548528086,0.9056970647297097,0.8896634205459518,0.7168828982360389
1307.0799999999663,1569.2018340265377,713.0985249620201,0.9062985980097124,0.8903731924415444,0.7185040996493208
1307.0899999999663,1569.2018340265377,713.1015013752578,0.9068984755283336,0.8910810937337897,0.7201233966599861
1307.0999999999663,1569.2018340265377,713.1044777677997,0.9074966938786633,0.891787119112941,0.7217407603026436
1307.1099999999662,1569.2018340265377,713.1074541396455,0.9080932496712967,0.8924912632804183,0.7233561616002793
1307.1199999999662,1569.2018340265377,713.1104304907956,0.9086881395216673,0.8931935209491716,0.7249695715555041
1307.1299999999662,1569.2018340265377,713.1134068212502,0.909281360050909,0.8938938868435308,0.7265809611516897
1307.1399999999662,1569.2018340265377,713.1163831310097,0.909872907892044,0.8945923556993256,0.7281903013588121
1307.1499999999662,1569.2018340265377,713.1193594200741,0.9104627796838418,0.8952889222639523,0.729797563129375
1307.1599999999662,1569.2018340265377,713.1223356884436,0.9110509720736085,0.8959835812963856,0.7314027174013705
1307.1699999999662,1569.2018340265377,713.1253119361186,0.9116374817226127,0.8966763275674045,0.7330057351037309
1307.1799999999662,1569.2018340265377,713.1282881630992,0.9122223052912204,0.8973671558594977,0.7346065871449606
1307.1899999999662,1569.2018340265377,713.1312643693857,0.912805439457156,0.8980560609669566,0.736205244428684
1307.1999999999662,1569.2018340265377,713.1342405549781,0.9133868809007676,0.8987430376959671,0.7378016778426737
1307.2099999999662,1569.2018340265377,713.1372167198767,0.9139666263170781,0.8994280808647271,0.7393958582694885
1307.2199999999661,1569.2018340265377,713.140192864082,0.914544672403727,0.9001111853034591,0.7409877565774906
1307.2299999999661,1569.2018340265377,713.143168987594,0.915121015869804,0.9007923458544228,0.7425773436287345
1307.2399999999661,1569.2018340265377,713.1461450904127,0.9156956534337507,0.9014715573720071,0.7441645902781645
1307.2499999999661,1569.2018340265377,713.1491211725386,0.9162685818228344,0.9021488147229244,0.7457494673742495
1307.259999999966,1569.2018340265377,713.1520972339719,0.916839797769064,0.9028241127861191,0.7473319457562465
1307.269999999966,1569.2018340265377,713.1550732747128,0.9174092980206495,0.9034974464528843,0.7489119962644641
1307.279999999966,1569.2018340265377,713.1580492947614,0.9179770793273048,0.9041688106269009,0.7504895897291017
1307.289999999966,1569.2018340265377,713.1610252941178,0.9185431384529816,0.9048382002243022,0.7520646969814853
1307.299999999966,1569.2018340265377,713.1640012727828,0.9191074721651957,0.9055056101739416,0.7536372888465418
1307.309999999966,1569.2018340265377,713.1669772307561,0.9196700772476674,0.9061710354170489,0.7552073361533252
1307.319999999966,1569.2018340265377,713.1699531680379,0.9202309504891275,0.9068344709076261,0.756774809727267
1307.329999999966,1569.2018340265377,713.1729290846285,0.9207900886827166,0.9074959116124338,0.7583396803903872
1307.339999999966,1569.2018340265377,713.1759049805282,0.921347488637815,0.9081553525109792,0.7599019189717644
1307.349999999966,1569.2018340265377,713.1788808557375,0.9219031471702043,0.9088127885957314,0.761461496300567
1307.359999999966,1569.2018340265377,713.1818567102559,0.9224570611047695,0.9094682148718827,0.7630183832086347
1307.369999999966,1569.2018340265377,713.1848325440841,0.9230092272754327,0.9101216263577885,0.7645725505319217
1307.379999999966,1569.2018340265377,713.1878083572225,0.9235596425221054,0.9107730180848799,0.766123969108585
1307.389999999966,1569.2018340265377,713.1907841496708,0.9241083037002235,0.9114223850975023,0.7676726097873816
1307.399999999966,1569.2018340265377,713.1937599214294,0.9246552076725013,0.9120697224533519,0.7692184434223446
1307.409999999966,1569.2018340265377,713.1967356724988,0.9252003513076347,0.9127150252233398,0.7707614408722334
1307.419999999966,1569.2018340265377,713.1997114028788,0.9257437314810526,0.9133582884916044,0.7723015730019306
1307.429999999966,1569.2018340265377,713.2026871125701,0.9262853450869809,0.9139995073557474,0.7738388106936765
1307.439999999966,1569.2018340265377,713.2056628015722,0.9268251890225693,0.9146386769266504,0.7753731248343072
1307.449999999966,1569.2018340265377,713.208638469886,0.9273632601974,0.9152757923288793,0.7769044863246433
1307.459999999966,1569.2018340265377,713.2116141175114,0.9278995555241675,0.9159108487004294,0.7784328660720307
1307.469999999966,1569.2018340265377,713.2145897444487,0.928434071931209,0.9165438411929083,0.7799582350019209
1307.479999999966,1569.2018340265377,713.2175653506981,0.9289668063549545,0.9171747649716232,0.7814805640524798
1307.489999999966,1569.2018340265377,713.2205409362598,0.9294977557388062,0.9178036152156176,0.7829998241744813
1307.499999999966,1569.2018340265377,713.223516501134,0.930026917040552,0.9184303871177325,0.7845159863384282
1307.5099999999659,1569.2018340265377,713.226492045321,0.9305542872200377,0.9190550758846917,0.7860290215250983
1307.5199999999659,1569.2018340265377,713.2294675688208,0.9310798632533842,0.9196776767370441,0.7875389007382103
1307.5299999999659,1569.2018340265377,713.2324430716338,0.9316036421262428,0.9202981849094392,0.7890455950000048
1307.5399999999659,1569.2018340265377,713.2354185537604,0.9321256208246284,0.9209165956505437,0.7905490753441141
1307.5499999999658,1569.2018340265377,713.2383940152005,0.9326457963544973,0.9215329042230569,0.7920493128329488
1307.5599999999658,1569.2018340265377,713.2413694559543,0.9331641657284135,0.9221471059038885,0.79354627854751
1307.5699999999658,1569.2018340265377,713.2443448760221,0.9336807259666638,0.9227591959841486,0.7950399435890938
1307.5799999999658,1569.2018340265377,713.2473202754043,0.93419547409927,0.9233691697693245,0.7965302790820902
1307.5899999999658,1569.2018340265377,713.250295654101,0.934708407167709,0.9239770225791542,0.7980172561760253
1307.5999999999658,1569.2018340265377,713.2532710121121,0.9352195222273147,0.9245827497477098,0.7995008460485582
1307.6099999999658,1569.2018340265377,713.2562463494382,0.9357288163312459,0.9251863466237135,0.8009810198931203
1307.6199999999658,1569.2018340265377,713.2592216660796,0.9362362865519368,0.925787808570317,0.8024577489376454
1307.6299999999658,1569.2018340265377,713.2621969620362,0.9367419299692148,0.926387130965209,0.8039310044354059
1307.6399999999658,1569.2018340265377,713.2651722373083,0.9372457436733206,0.9269843092007666,0.805400757668651
1307.6499999999658,1569.2018340265377,713.2681474918961,0.9377477247625684,0.9275793386840679,0.8068669799474149
1307.6599999999657,1569.2018340265377,713.2711227258001,0.9382478703450804,0.9281722148369963,0.8083296426119772
1307.6699999999657,1569.2018340265377,713.2740979390202,0.9387461775430018,0.928762933096163,0.809788717037163
1307.6799999999657,1569.2018340265377,713.2770731315566,0.9392426434842436,0.9293514889130796,0.8112441746263305
1307.6899999999657,1569.2018340265377,713.2800483034097,0.9397372653061347,0.9299378777542612,0.8126959868154824
1307.6999999999657,1569.2018340265377,713.2830234545796,0.9402300401593521,0.9305220951011492,0.8141441250773344
1307.7099999999657,1569.2018340265377,713.2859985850666,0.940720965201155,0.9311041364502602,0.8155885609165221
1307.7199999999657,1569.2018340265377,713.2889736948708,0.9412100376028218,0.9316839973131982,0.8170292658768624
1307.7299999999657,1569.2018340265377,713.2919487839924,0.9416972545410103,0.9322616732167578,0.8184662115348452
1307.7399999999657,1569.2018340265377,713.2949238524319,0.9421826132053602,0.9328371597030026,0.8198993695071627
1307.7499999999657,1569.2018340265377,713.2978989001892,0.9426661107927138,0.9334104523291913,0.8213287114463595
1307.7599999999657,1569.2018340265377,713.3008739272647,0.9431477445173703,0.9339815466679667,0.8227542090508961
1307.7699999999656,1569.2018340265377,713.3038489336584,0.9436275115936,0.9345504383073687,0.8241758340507408
1307.7799999999656,1569.2018340265377,713.3068239193708,0.9441054092548057,0.9351171228509129,0.8255935582250081
1307.7899999999656,1569.2018340265377,713.309798884402,0.9445814347372611,0.935681595917582,0.8270073533885618
1307.7999999999656,1569.2018340265377,713.312773828752,0.9450555852925195,0.9362438531419267,0.8284171914038257
1307.8099999999656,1569.2018340265377,713.3157487524213,0.9455278581784037,0.9368038901741639,0.8298230441738841
1307.8199999999656,1569.2018340265377,713.3187236554102,0.9459982506663472,0.9373617026801898,0.8312248836497338
1307.8299999999656,1569.2018340265377,713.3216985377186,0.9464667600380046,0.9379172863415728,0.8326226818281103
1307.8399999999656,1569.2018340265377,713.3246733993468,0.9469333835842163,0.9384706368557151,0.8340164107516633
1307.8499999999656,1569.2018340265377,713.3276482402949,0.9473981186034459,0.9390217499358454,0.835406042508363
1307.8599999999656,1569.2018340265377,713.3306230605637,0.9478609624082884,0.9395706213111996,0.8367915492383539
1307.8699999999656,1569.2018340265377,713.3335978601528,0.9483219123222106,0.9401172467268243,0.838172903131546
1307.8799999999655,1569.2018340265377,713.3365726390625,0.9487809656753161,0.9406616219438001,0.8395500764250693
1307.8899999999655,1569.2018340265377,713.3395473972932,0.9492381198123624,0.9412037427393799,0.8409230414114031
1307.8999999999655,1569.2018340265377,713.3425221348452,0.9496933720816525,0.9417436049068756,0.8422917704291482
1307.9099999999655,1569.2018340265377,713.3454968517185,0.9501467198520344,0.9422812042557349,0.8436562358790196
1307.9199999999655,1569.2018340265377,713.3484715479133,0.9505981604958663,0.9428165366116783,0.845016410209804
1307.9299999999655,1569.2018340265377,713.3514462234298,0.9510476913950304,0.9433495978167111,0.846372265924496
1307.9399999999655,1569.2018340265377,713.3544208782686,0.9514953099461194,0.9438803837292383,0.8477237755859214
1307.9499999999655,1569.2018340265377,713.3573955124294,0.9519410135546802,0.9444088902239157,0.8490709118121549
1307.9599999999655,1569.2018340265377,713.3603701259127,0.9523847996383671,0.9449351131919469,0.8504136472806607
1307.9699999999655,1569.2018340265377,713.3633447187186,0.9528266656212945,0.9454590485410145,0.8517519547239263
1307.9799999999655,1569.2018340265377,713.3663192908474,0.9532666089402521,0.9459806921953539,0.8530858069359348
1307.9899999999654,1569.2018340265377,713.3692938422994,0.9537046270452307,0.9465000400958256,0.8544151767735747
1307.9999999999654,1569.2018340265377,713.3722683730746,0.9541407173947949,0.9470170881998891,0.8557400371532494
1308.0099999999654,1569.2018340265377,713.3752428831733,0.9545748774561724,0.947531832481774,0.8570603610520551
1308.0199999999654,1569.2018340265377,713.3782173725958,0.955007104709321,0.9480442689324531,0.8583761215121715
1308.0299999999654,1569.2018340265377,713.3811918413422,0.9554373966469161,0.9485543935596948,0.8596872916417494
1308.0399999999654,1569.2018340265377,713.3841662894129,0.9558657507673696,0.9490622023881737,0.8609938446096268
1308.0499999999654,1569.2018340265377,713.3871407168077,0.9562921645878322,0.949567691459425,0.8622957536577399
1308.0599999999654,1569.2018340265377,713.3901151235274,0.9567166356242621,0.9500708568320505,0.8635929920843348
1308.0699999999654,1569.2018340265377,713.3930895095718,0.9571391614149187,0.9505716945815772,0.8648855332656743
1308.0799999999654,1569.2018340265377,713.3960638749412,0.9575597395023652,0.9510702008006243,0.8661733506409073
1308.0899999999654,1569.2018340265377,713.3990382196357,0.9579783674449791,0.9515663715989537,0.8674564177233409
1308.0999999999653,1569.2018340265377,713.4020125436559,0.9583950428041632,0.952060203103558,0.8687347080898195
1308.1099999999653,1569.2018340265377,713.4049868470017,0.9588097631595338,0.9525516914585405,0.87000819539504
1308.1199999999653,1569.2018340265377,713.4079611296734,0.9592225261006151,0.9530408328253368,0.8712768533652304
1308.1299999999653,1569.2018340265377,713.4109353916712,0.9596333292230531,0.9535276233827255,0.8725406557955071
1308.1399999999653,1569.2018340265377,713.4139096329952,0.9600421701387235,0.9540120593268226,0.8737995765598283
1308.1499999999653,1569.2018340265377,713.416883853646,0.9604490464685822,0.9544941368712241,0.8750535896055442
1308.1599999999653,1569.2018340265377,713.4198580536233,0.9608539558450072,0.9549738522468887,0.8763026689560955
1308.1699999999653,1569.2018340265377,713.4228322329276,0.9612568959085648,0.9554512017024089,0.8775467887093359
1308.1799999999653,1569.2018340265377,713.4258063915593,0.9616578643160613,0.9559261815039479,0.878785923045542
1308.1899999999653,1569.2018340265377,713.4287805295182,0.962056858729686,0.9563987879351988,0.880020046218208
1308.1999999999653,1569.2018340265377,713.4317546468047,0.962453876826976,0.9568690172975786,0.8812491325642766
1308.2099999999652,1569.2018340265377,713.4347287434191,0.9628489162941559,0.9573368659102389,0.8824731564988484
1308.2199999999652,1569.2018340265377,713.4377028193616,0.9632419748286276,0.9578023301100793,0.8836920925182518
1308.2299999999652,1569.2018340265377,713.4406768746323,0.9636330501412277,0.958265406251812,0.8849059152030081
1308.2399999999652,1569.2018340265377,713.4436509092315,0.9640221399552354,0.9587260907079753,0.8861145992177255
1308.2499999999652,1569.2018340265377,713.4466249231593,0.9644092419974413,0.9591843798690862,0.8873181193039344
1308.2599999999652,1569.2018340265377,713.4495989164161,0.9647943540121411,0.9596402701435643,0.8885164502935701
1308.2699999999652,1569.2018340265377,713.452572889002,0.9651774737543984,0.9600937579578493,0.8897095671037715
1308.2799999999652,1569.2018340265377,713.4555468409172,0.9655585989891716,0.9605448397564302,0.8908974447368904
1308.2899999999652,1569.2018340265377,713.4585207721619,0.9659377274935385,0.9609935120018743,0.8920800582833561
1308.2999999999652,1569.2018340265377,713.4614946827367,0.9663148570527793,0.9614397711749594,0.8932573829190635
1308.3099999999652,1569.2018340265377,713.4644685726412,0.9666899854691711,0.9618836137745317,0.8944293939139902
1308.3199999999651,1569.2018340265377,713.4674424418758,0.9670631105510407,0.962325036317757,0.8955960666233064
1308.3299999999651,1569.2018340265377,713.470416290441,0.9674342301224118,0.9627640353400801,0.896757376496973
1308.3399999999651,1569.2018340265377,713.4733901183369,0.9678033420138571,0.9632006073952537,0.8979132990720784
1308.3499999999651,1569.2018340265377,713.4763639255635,0.968170444070815,0.9636347490553836,0.8990638099813785
1308.359999999965,1569.2018340265377,713.4793377121213,0.9685355341500438,0.9640664569110077,0.9002088849509069
1308.369999999965,1569.2018340265377,713.4823114780102,0.9688986101184751,0.9644957275711068,0.901348499799677
1308.379999999965,1569.2018340265377,713.4852852232307,0.9692596698527437,0.9649225576632149,0.9024826304401897
1308.389999999965,1569.2018340265377,713.4882589477829,0.9696187112447517,0.965346943833365,0.9036112528842499
1308.399999999965,1569.2018340265377,713.491232651667,0.969975732196973,0.9657688827461823,0.9047343432395188
1308.409999999965,1569.2018340265377,713.4942063348832,0.9703307306208763,0.9661883710849449,0.9058518777088873
1308.419999999965,1569.2018340265377,713.4971799974318,0.9706837044410812,0.9666054055516257,0.9069638325951648
1308.429999999965,1569.2018340265377,713.5001536393131,0.9710346515945568,0.9670199828669198,0.9080701843011203
1308.439999999965,1569.2018340265377,713.5031272605271,0.9713835700281436,0.9674320997702252,0.909170909327859
1308.449999999965,1569.2018340265377,713.506100861074,0.971730457702273,0.9678417530197957,0.9102659842793187
1308.459999999965,1569.2018340265377,713.5090744409542,0.9720753125844837,0.9682489393927832,0.9113553858570012
1308.469999999965,1569.2018340265377,713.5120480001679,0.9724181326603731,0.9686536556851392,0.9124390908707708
1308.479999999965,1569.2018340265377,713.515021538715,0.9727589159238778,0.9690558987117971,0.9135170762308166
1308.489999999965,1569.2018340265377,713.5179950565962,0.9730976603774036,0.9694556653066987,0.9145893189485291
1308.499999999965,1569.2018340265377,713.5209685538114,0.9734343640405533,0.9698529523227426,0.9156557961453172
1308.509999999965,1569.2018340265377,713.523942030361,0.9737690249409927,0.9702477566319488,0.9167164850450539
1308.519999999965,1569.2018340265377,713.5269154862449,0.974101641119678,0.970640075125348,0.9177713629794901
1308.529999999965,1569.2018340265377,713.5298889214636,0.9744322106303561,0.9710299047132182,0.9188204073889444
1308.539999999965,1569.2018340265377,713.5328623360174,0.9747607315334861,0.9714172423249893,0.919863595817097
1308.549999999965,1569.2018340265377,713.5358357299062,0.9750872019066339,0.9718020849092555,0.9209009059215123
1308.559999999965,1569.2018340265377,713.5388091031305,0.9754116198375758,0.9721844294339329,0.9219323154681397
1308.569999999965,1569.2018340265377,713.5417824556902,0.9757339834261815,0.9725642728862118,0.9229578023336962
1308.579999999965,1569.2018340265377,713.5447557875858,0.9760542907784816,0.9729416122726681,0.9239773445009574
1308.589999999965,1569.2018340265377,713.5477290988175,0.9763725400220385,0.973316444619216,0.9249909200738997
1308.599999999965,1569.2018340265377,713.5507023893853,0.9766887292913243,0.9736887669711768,0.9259985072646918
1308.6099999999649,1569.2018340265377,713.5536756592895,0.9770028567297036,0.974058576393389,0.9270000843964531
1308.6199999999649,1569.2018340265377,713.5566489085306,0.9773149204953407,0.9744258699701744,0.927995629909472
1308.6299999999649,1569.2018340265377,713.5596221371085,0.9776249187593496,0.974790644805336,0.9289851223601301
1308.6399999999649,1569.2018340265377,713.5625953450234,0.9779328497064447,0.9751528980223074,0.9299685404224908
1308.6499999999648,1569.2018340265377,713.5655685322755,0.9782387115242992,0.9755126267641077,0.9309458628787606
1308.6599999999648,1569.2018340265377,713.5685416988654,0.978542502422485,0.9758698281934606,0.9319170686381976
1308.6699999999648,1569.2018340265377,713.571514844793,0.9788442206182153,0.9762244994927091,0.9328821367240584
1308.6799999999648,1569.2018340265377,713.5744879700584,0.9791438643399136,0.9765766378639211,0.9338410462778566
1308.6899999999648,1569.2018340265377,713.577461074662,0.9794414318286834,0.9769262405289807,0.9347937765615933
1308.6999999999648,1569.2018340265377,713.580434158604,0.9797369213393191,0.9772733047295422,0.9357403069593003
1308.7099999999648,1569.2018340265377,713.5834072218848,0.980030331135808,0.9776178277271077,0.9366806169735448
1308.7199999999648,1569.2018340265377,713.5863802645042,0.9803216594965378,0.9779598068029841,0.9376146862309716
1308.7299999999648,1569.2018340265377,713.5893532864626,0.980610904709871,0.9782992392584635,0.9385424944790676
1308.7399999999648,1569.2018340265377,713.5923262877604,0.9808980650771959,0.9786361224147789,0.9394640215896364
1308.7499999999648,1569.2018340265377,713.5952992683976,0.9811831389119605,0.9789704536130759,0.9403792475584614
1308.7599999999647,1569.2018340265377,713.5982722283745,0.9814661245406211,0.9793022302145636,0.9412881525071446
1308.7699999999647,1569.2018340265377,713.6012451676913,0.981747020299728,0.9796314496004851,0.9421907166808862
1308.7799999999647,1569.2018340265377,713.6042180863482,0.982025824538584,0.9799581091721516,0.943086920451731
1308.7899999999647,1569.2018340265377,713.6071909843455,0.9823025356185909,0.9802822063510279,0.9439767443187295
1308.7999999999647,1569.2018340265377,713.6101638616832,0.982577151915828,0.9806037385786655,0.9448601689109145
1308.8099999999647,1569.2018340265377,713.6131367183616,0.9828496718136455,0.9809227033168485,0.9457371749810815
1308.8199999999647,1569.2018340265377,713.6161095543812,0.9831200937104833,0.9812390980475898,0.9466077434139109
1308.8299999999647,1569.2018340265377,713.6190823697419,0.9833884160171997,0.9815529202731024,0.9474718552239582
1308.8399999999647,1569.2018340265377,713.622055164444,0.9836546371561801,0.9818641675158949,0.9483294915555899
1308.8499999999647,1569.2018340265377,713.6250279384876,0.9839187555613794,0.9821728373188147,0.9491806336837095
1308.8599999999647,1569.2018340265377,713.6280006918731,0.9841807696798729,0.9824789272450443,0.9500252630158462
1308.8699999999646,1569.2018340265377,713.6309734246008,0.9844406779709279,0.9827824348781575,0.9508633610919673
1308.8799999999646,1569.2018340265377,713.6339461366706,0.9846984789033294,0.9830833578220931,0.9516949095824335
1308.8899999999646,1569.2018340265377,713.6369188280829,0.9849541709638079,0.9833816937012907,0.9525198902969954
1308.8999999999646,1569.2018340265377,713.639891498838,0.9852077526471057,0.9836774401606404,0.9533382851756843
1308.9099999999646,1569.2018340265377,713.6428641489359,0.9854592224590896,0.9839705948655266,0.9541500762924806
1308.9199999999646,1569.2018340265377,713.645836778377,0.9857085789225901,0.9842611555018806,0.9549552458616453
1308.9299999999646,1569.2018340265377,713.6488093871612,0.9859558205677588,0.9845491197761894,0.9557537762289775
1308.9399999999646,1569.2018340265377,713.6517819752893,0.9862009459405234,0.9848344854155798,0.9565456498807352
1308.9499999999646,1569.2018340265377,713.6547545427611,0.98644395359712,0.9851172501677505,0.9573308494387686
1308.9599999999646,1569.2018340265377,713.6577270895767,0.9866848421075287,0.9853974118010566,0.9581093576645774
1308.9699999999646,1569.2018340265377,713.6606996157366,0.9869236100543196,0.9856749681045817,0.9588811574588924
1308.9799999999645,1569.2018340265377,713.6636721212409,0.9871602560293532,0.9859499168881021,0.9596462318589478
1308.9899999999645,1569.2018340265377,713.66664460609,0.9873947786407338,0.9862222559821479,0.9604045640459075
1308.9999999999645,1569.2018340265377,713.6696170702837,0.9876271765078143,0.9864919832379689,0.9611561373404895
1309.0099999999645,1569.2018340265377,713.6725895138225,0.9878574482593623,0.986759096527678,0.9619009352019987
1309.0199999999645,1569.2018340265377,713.6755619367068,0.9880855925403224,0.9870235937442252,0.9626389412353901
1309.0299999999645,1569.2018340265377,713.6785343389365,0.9883116080064374,0.9872854728013452,0.9633701391864665
1309.0399999999645,1569.2018340265377,713.6815067205117,0.9885354933268992,0.9875447316336871,0.964094512945241
1309.0499999999645,1569.2018340265377,713.684479081433,0.9887572471812696,0.9878013681968498,0.9648120465435235
1309.0599999999645,1569.2018340265377,713.6874514217004,0.9889768682633542,0.9880553804673299,0.9655227241591176
1309.0699999999645,1569.2018340265377,713.6904237413142,0.9891943552781429,0.9883067664425972,0.966226530113497
1309.0799999999645,1569.2018340265377,713.6933960402746,0.9894097069448693,0.9885555241411025,0.966923448875316
1309.0899999999644,1569.2018340265377,713.6963683185816,0.9896229219947057,0.988801651602313,0.967613465058736
1309.0999999999644,1569.2018340265377,713.6993405762358,0.9898339991693212,0.9890451468867846,0.9682965634226556
1309.1099999999644,1569.2018340265377,713.7023128132372,0.9900429372244045,0.9892860080760657,0.968972728874461
1309.1199999999644,1569.2018340265377,713.7052850295859,0.9902497349288755,0.9895242332728349,0.969641946470018
1309.1299999999644,1569.2018340265377,713.7082572252823,0.9904543910634229,0.9897598206009064,0.9703042014127412
1309.1399999999644,1569.2018340265377,713.7112294003266,0.9906569044200815,0.989992768205209,0.970959479053616
1309.1499999999644,1569.2018340265377,713.714201554719,0.9908572738055839,0.9902230742518473,0.9716077648950838
1309.1599999999644,1569.2018340265377,713.7171736884596,0.9910554980380208,0.9904507369281074,0.9722490445882512
1309.1699999999644,1569.2018340265377,713.7201458015487,0.9912515759489482,0.9906757544424988,0.9728833039355085
1309.1799999999644,1569.2018340265377,713.7231178939867,0.9914455063799941,0.9908981250247857,0.9735105288877254
1309.1899999999644,1569.2018340265377,713.7260899657736,0.9916372881878975,0.9911178469259591,0.9741307055495977
1309.1999999999643,1569.2018340265377,713.7290620169094,0.9918269202430665,0.9913349184183027,0.9747438201788216
1309.2099999999643,1569.2018340265377,713.7320340473948,0.9920144014244976,0.9915493377954319,0.9753498591816249
1309.2199999999643,1569.2018340265377,713.7350060572297,0.9921997306264786,0.9917611033722656,0.9759488091197435
1309.2299999999643,1569.2018340265377,713.7379780464145,0.9923829067554868,0.9919702134850824,0.9765406567079223
1309.2399999999643,1569.2018340265377,713.7409500149491,0.9925639287310327,0.9921766664915257,0.9771253888151924
1309.2499999999643,1569.2018340265377,713.7439219628341,0.9927427954842155,0.9923804607706487,0.9777029924639659
1309.2599999999643,1569.2018340265377,713.7468938900696,0.9929195059592172,0.9925815947229197,0.9782734548319442
1309.2699999999643,1569.2018340265377,713.7498657966556,0.9930940591143185,0.9927800667702129,0.9788367632535191
1309.2799999999643,1569.2018340265377,713.7528376825926,0.9932664539181848,0.9929758753558978,0.9793929052167097
1309.2899999999643,1569.2018340265377,713.7558095478805,0.9934366893532095,0.9931690189447909,0.9799418683667668
1309.2999999999643,1569.2018340265377,713.75878139252,0.9936047644140797,0.9933594960232431,0.9804836405053395
1309.3099999999642,1569.2018340265377,713.7617532165109,0.9937706781087616,0.9935473050990853,0.9810182095917405
1309.3199999999642,1569.2018340265377,713.7647250198534,0.9939344294588769,0.9937324447016861,0.9815455637438276
1309.3299999999642,1569.2018340265377,713.7676968025479,0.9940960174970019,0.9939149133820048,0.9820656912358331
1309.3399999999642,1569.2018340265377,713.7706685645946,0.9942554412669841,0.9940947097125472,0.982578580498972
1309.3499999999642,1569.2018340265377,713.7736403059938,0.994412699829515,0.9942718322874193,0.9830842201274327
1309.3599999999642,1569.2018340265377,713.7766120267454,0.994567792255226,0.9944462797223251,0.9835825988719304
1309.3699999999642,1569.2018340265377,713.7795837268499,0.9947207176296461,0.9946180506546255,0.9840737056450916
1309.3799999999642,1569.2018340265377,713.7825554063074,0.9948714750469693,0.9947871437433145,0.9845575295156082
1309.3899999999642,1569.2018340265377,713.7855270651183,0.9950200636187628,0.9949535576690509,0.9850340597172744
1309.3999999999642,1569.2018340265377,713.7884987032825,0.9951664824667137,0.9951172911341569,0.9855032856421618
1309.4099999999642,1569.2018340265377,713.7914703208003,0.9953107307259949,0.9952783428626848,0.9859651968444327
1309.4199999999641,1569.2018340265377,713.7944419176721,0.9954528075445511,0.9954367116003954,0.986419783039934
1309.4299999999641,1569.2018340265377,713.797413493898,0.9955927120829645,0.9955923961147686,0.986867034106425
1309.4399999999641,1569.2018340265377,713.8003850494782,0.9957304435149328,0.9957453951950322,0.9873069400844401
1309.4499999999641,1569.2018340265377,713.8033565844129,0.9958660010268061,0.9958957076521835,0.9877394911772023
1309.459999999964,1569.2018340265377,713.8063280987025,0.9959993838175801,0.9960433323190088,0.9881646777509796
1309.469999999964,1569.2018340265377,713.809299592347,0.9961305910990758,0.9961882680500654,0.9885824903355425
1309.479999999964,1569.2018340265377,713.8122710653465,0.9962596220965547,0.9963305137217254,0.9889929196251749
1309.489999999964,1569.2018340265377,713.8152425177016,0.9963864760472029,0.9964700682321996,0.9893959564775264
1309.499999999964,1569.2018340265377,713.8182139494122,0.996511152201636,0.9966069305015197,0.9897915919153688
1309.509999999964,1569.2018340265377,713.8211853604787,0.9966336498223312,0.9967410994715734,0.9901798171254076
1309.519999999964,1569.2018340265377,713.8241567509011,0.9967539681875903,0.9968725741061082,0.9905606234625174
1309.529999999964,1569.2018340265377,713.8271281206798,0.9968721065839076,0.9970013533907595,0.9909340024425
1309.539999999964,1569.2018340265377,713.8300994698151,0.9969880643144583,0.9971274363330482,0.9912999457507944
1309.549999999964,1569.2018340265377,713.8330707983071,0.9971018406938712,0.9972508219623991,0.9916584452375927
1309.559999999964,1569.2018340265377,713.8360421061558,0.9972134350499182,0.9973715093301432,0.9920094929197967
1309.569999999964,1569.2018340265377,713.8390133933617,0.9973228467226212,0.9974894975095586,0.9923530809804691
1309.579999999964,1569.2018340265377,713.841984659925,0.9974300750660373,0.9976047855958493,0.9926892017708311
1309.589999999964,1569.2018340265377,713.8449559058458,0.9975351194454821,0.9977173727061797,0.9930178478078172
1309.599999999964,1569.2018340265377,713.8479271311243,0.9976379792411711,0.9978272579796595,0.9933390117779191
1309.609999999964,1569.2018340265377,713.8508983357608,0.9977386538449631,0.9979344405773979,0.9936526865342926
1309.619999999964,1569.2018340265377,713.8538695197556,0.9978371426615419,0.9980389196824708,0.9939588650981054
1309.629999999964,1569.2018340265377,713.8568406831088,0.9979334451084226,0.9981406944999534,0.9942575406588382
1309.639999999964,1569.2018340265377,713.8598118258204,0.9980275606174998,0.9982397642569173,0.9945487065760474
1309.649999999964,1569.2018340265377,713.8627829478909,0.9981194886322132,0.9983361282024605,0.9948323563768215
1309.659999999964,1569.2018340265377,713.8657540493207,0.9982092286089777,0.9984297856077116,0.9951084837574254
1309.669999999964,1569.2018340265377,713.8687251301096,0.9982967800174722,0.9985207357658062,0.9953770825837537
1309.679999999964,1569.2018340265377,713.8716961902579,0.9983821423406087,0.998608977991937,0.9956381468915988
1309.689999999964,1569.2018340265377,713.8746672297659,0.9984653150737308,0.9986945116233499,0.995891670886045
1309.699999999964,1569.2018340265377,713.877638248634,0.9985462977253434,0.9987773360193489,0.9961376489423946
1309.7099999999639,1569.2018340265377,713.8806092468622,0.9986250898163507,0.9988574505612982,0.9963760756055987
1309.7199999999639,1569.2018340265377,713.8835802244505,0.998701690882186,0.998934854652633,0.9966069455925849
1309.7299999999639,1569.2018340265377,713.8865511813995,0.9987761004696608,0.9990095477188823,0.9968302537893338
1309.7399999999639,1569.2018340265377,713.8895221177092,0.998848318139043,0.9990815292076574,0.9970459952530968
1309.7499999999638,1569.2018340265377,713.8924930333801,0.9989183434634856,0.9991507985886644,0.9972541652120169
1309.7599999999638,1569.2018340265377,713.895463928412,0.9989861760297677,0.9992173553537061,0.9974547590660268
1309.7699999999638,1569.2018340265377,713.8984348028054,0.9990518154368943,0.9992811990167013,0.9976477723856445
1309.7799999999638,1569.2018340265377,713.9014056565604,0.999115261296819,0.9993423291136816,0.997833200912834
1309.7899999999638,1569.2018340265377,713.9043764896774,0.9991765132350741,0.9994007452027931,0.9980110405617773
1309.7999999999638,1569.2018340265377,713.9073473021563,0.9992355708899331,0.9994564468643066,0.9981812874181938
1309.8099999999638,1569.2018340265377,713.9103180939974,0.9992924339123261,0.9995094337006245,0.9983439377394004
1309.8199999999638,1569.2018340265377,713.9132888652011,0.9993471019665304,0.9995597053362869,0.9984989879551341
1309.8299999999638,1569.2018340265377,713.9162596157674,0.9993995747296838,0.9996072614179626,0.9986464346671676
1309.8399999999638,1569.2018340265377,713.9192303456967,0.9994498518921635,0.9996521016144722,0.9987862746498457
1309.8499999999638,1569.2018340265377,713.9222010549893,0.9994979331570969,0.9996942256167781,0.9989185048496824
1309.8599999999637,1569.2018340265377,713.925171743645,0.9995438182404195,0.9997336331379896,0.9990431223855285
1309.8699999999637,1569.2018340265377,713.9281424116645,0.9995875068717153,0.9997703239133744,0.9991601245495311
1309.8799999999637,1569.2018340265377,713.9311130590476,0.9996289987928946,0.9998042977003502,0.999269508805883
1309.8899999999637,1569.2018340265377,713.9340836857947,0.9996682937594713,0.9998355542784966,0.9993712727922078
1309.8999999999637,1569.2018340265377,713.9370542919062,0.9997053915392868,0.999864093449553,0.9994654143183541
1309.9099999999637,1569.2018340265377,713.9400248773819,0.9997402919138716,0.9998899150374166,0.9995519313678292
1309.9199999999637,1569.2018340265377,713.9429954422224,0.9997729946774604,0.9999130188881542,0.9996308220968995
1309.9299999999637,1569.2018340265377,713.9459659864276,0.9998034996374503,0.999933404869994,0.9997020848350954
1309.9399999999637,1569.2018340265377,713.948936509998,0.9998318066138475,0.9999510728733323,0.9997657180847241
1309.9499999999637,1569.2018340265377,713.9519070129337,0.9998579154401801,0.9999660228107303,0.9998217205218256
1309.9599999999637,1569.2018340265377,713.9548774952348,0.9998818259628942,0.9999782546169174,0.9998700909956167
1309.9699999999636,1569.2018340265377,713.9578479569016,0.9999035380412367,0.9999877682487908,0.9999108285284118
1309.9799999999636,1569.2018340265377,713.9608183979345,0.9999230515476817,0.9999945636854147,0.9999439323160775
1309.9899999999636,1569.2018340265377,713.9637888183335,0.9999403663676371,0.9999986409280188,0.999969401727761
1309.9999999999636,1569.2018340265377,713.9667592180987,0.9999554823995829,1.0,0.9999872363060542
1310.0099999999636,1569.2018340265377,713.9697295972305,0.9999683995550932,0.9999986409469196,0.999997435767021
1310.0199999999636,1569.2018340265377,713.9726999557292,0.9999791177586322,0.9999945638365021,1.0
1310.0299999999636,1569.2018340265377,713.975670293595,0.9999876369477642,0.9999877687586337,0.9999949290678136
1310.0399999999636,1569.2018340265377,713.9786406108278,0.9999939570731149,0.9999782558253614,0.9999822232067247
1310.0499999999636,1569.2018340265377,713.9816109074281,0.9999980780983079,0.999966025170888,0.9999618828263522
1310.0599999999636,1569.2018340265377,713.9845811833961,1.0,0.9999510769515718,0.9999339085096923
1310.0699999999636,1569.2018340265377,713.9875514387321,0.9999997227678891,0.9999334113459226,0.9998983010130953
1310.0799999999635,1569.2018340265377,713.9905216734361,0.9999972464047079,0.9999130285546007,0.9998550612662331
1310.0899999999635,1569.2018340265377,713.9934918875082,0.9999925709262178,0.9998899288004115,0.9998041903720478
1310.0999999999635,1569.2018340265377,713.9964620809491,0.9999856963612399,0.999864112328297,0.9997456896067275
1310.1099999999635,1569.2018340265377,713.9994322537586,0.9999766227515545,0.9998355794053428,0.9996795604195777
1310.1199999999635,1569.2018340265377,714.0024024059369,0.9999653501520559,0.9998043303207679,0.9996058044331024
1310.1299999999635,1569.2018340265377,714.0053725374845,0.9999518786306419,0.9997703653859115,0.9995244234428148
1310.1399999999635,1569.2018340265377,714.0083426484015,0.9999362082682359,0.9997336849342436,0.9994354194172174
1310.1499999999635,1569.2018340265377,714.011312738688,0.9999183391588389,0.9996942893213498,0.9993387944977561
1310.1599999999635,1569.2018340265377,714.0142828083444,0.999898271409275,0.999652178924928,0.9992345509984871
1310.1699999999635,1569.2018340265377,714.0172528573706,0.9998760051395968,0.9996073541447857,0.9991226914063988
1310.1799999999635,1569.2018340265377,714.0202228857673,0.9998515404831233,0.9995598154028209,0.9990032183813234
1310.1899999999634,1569.2018340265377,714.0231928935343,0.9998248775856501,0.999509563143039,0.9988761347550962
1310.1999999999634,1569.2018340265377,714.026162880672,0.9997960166063149,0.9994565978315214,0.9987414435322572
1310.2099999999634,1569.2018340265377,714.0291328471806,0.9997649577171873,0.9994009199564355,0.9985991478895622
1310.2199999999634,1569.2018340265377,714.0321027930603,0.999731701103583,0.9993425300280169,0.9984492511761519
1310.2299999999634,1569.2018340265377,714.0350727183113,0.999696246963636,0.9992814285785699,0.9982917569130145
1310.2399999999634,1569.2018340265377,714.0380426229337,0.999658595508213,0.9992176161624565,0.9981266687927568
1310.2499999999634,1569.2018340265377,714.0410125069279,0.9996187469618434,0.9991510933560819,0.9979539906803802
1310.2599999999634,1569.2018340265377,714.0439823702942,0.9995767015616935,0.9990818607578911,0.9977737266121207
1310.2699999999634,1569.2018340265377,714.0469522130326,0.9995324595579923,0.9990099189883679,0.9975858807957338
1310.2799999999634,1569.2018340265377,714.0499220351433,0.9994860212138571,0.998935268690013,0.9973904576101356
1310.2899999999634,1569.2018340265377,714.0528918366265,0.999437386805454,0.9988579105273393,0.9971874616054074
1310.2999999999633,1569.2018340265377,714.0558616174827,0.9993865566223706,0.998777845186856,0.9969768975029799
1310.3099999999633,1569.2018340265377,714.058831377712,0.9993335309667449,0.9986950733770769,0.9967587701946258
1310.3199999999633,1569.2018340265377,714.0618011173142,0.9992783101533697,0.9986095958284983,0.9965330847423507
1310.3299999999633,1569.2018340265377,714.06477083629,0.9992208945110516,0.9985214132935721,0.996299846379529
1310.3399999999633,1569.2018340265377,714.0677405346396,0.9991612843809791,0.9984305265467198,0.9960590605091258
1310.3499999999633,1569.2018340265377,714.0707102123631,0.9990994801173156,0.9983369363843153,0.9958107327040737
1310.3599999999633,1569.2018340265377,714.0736798694605,0.9990354820869018,0.9982406436246746,0.9955548687067683
1310.3699999999633,1569.2018340265377,714.0766495059323,0.9989692906706078,0.9981416491080246,0.995291474430161
1310.3799999999633,1569.2018340265377,714.0796191217787,0.9989009062615585,0.998039953696513,0.9950205559558118
1310.3899999999633,1569.2018340265377,714.0825887169999,0.9988303292653637,0.9979355582741886,0.9947421195338756
1310.3999999999633,1569.2018340265377,714.0855582915958,0.9987575601014655,0.9978284637470007,0.9944561715842345
1310.4099999999632,1569.2018340265377,714.0885278455671,0.998682599202053,0.9977186710427458,0.9941627186950942
1310.4199999999632,1569.2018340265377,714.0914973789137,0.9986054470122981,0.9976061811111105,0.9938617676230852
1310.4299999999632,1569.2018340265377,714.094466891636,0.9985261039902487,0.9974909949236095,0.9935533252928049
1310.4399999999632,1569.2018340265377,714.097436383734,0.9984445706067128,0.9973731134736086,0.9932373987965196
1310.4499999999632,1569.2018340265377,714.100405855208,0.9983608473454395,0.9972525377762855,0.9929139953940267
1310.4599999999632,1569.2018340265377,714.1033753060584,0.9982749347044237,0.997129268868614,0.9925831225136783
1310.4699999999632,1569.2018340265377,714.1063447362852,0.9981868331924263,0.9970033078093774,0.9922447877487018
1310.4799999999632,1569.2018340265377,714.1093141458887,0.9980965433323206,0.9968746556791254,0.9918989988601851
1310.4899999999632,1569.2018340265377,714.112283534869,0.9980040656605768,0.9967433135801682,0.9915457637762947
1310.4999999999632,1569.2018340265377,714.1152529032265,0.997909400725667,0.9966092826365553,0.9911850905903824
1310.5099999999632,1569.2018340265377,714.1182222509614,0.997812549088396,0.9964725639940752,0.9908169875610449
1310.5199999999631,1569.2018340265377,714.1211915780736,0.9977135113242872,0.996333158820229,0.9904414631141663
1310.5299999999631,1569.2018340265377,714.1241608845636,0.9976122880203232,0.9961910683042082,0.9900585258393546
1310.5399999999631,1569.2018340265377,714.1271301704318,0.9975088797772096,0.996046293656867,0.9896681844918491
1310.5499999999631,1569.2018340265377,714.1300994356781,0.9974032872079664,0.995898836110754,0.9892704479908936
1310.559999999963,1569.2018340265377,714.1330686803026,0.9972955109388756,0.9957486969200519,0.9888653254202593
1310.569999999963,1569.2018340265377,714.1360379043058,0.9971855516083483,0.9955958773605522,0.9884528260267711
1310.579999999963,1569.2018340265377,714.1390071076879,0.9970734098694808,0.9954403787296671,0.9880329592225543
1310.589999999963,1569.2018340265377,714.1419762904491,0.9969590863865986,0.9952822023464041,0.987605734581249
1310.599999999963,1569.2018340265377,714.1449454525894,0.996842581837142,0.9951213495513436,0.9871711618395136
1310.609999999963,1569.2018340265377,714.1479145941092,0.9967238969120926,0.9949578217065996,0.9867292508970471
1310.619999999963,1569.2018340265377,714.1508837150088,0.9966030323153333,0.9947916201958388,0.9862800118156647
1310.629999999963,1569.2018340265377,714.1538528152882,0.9964799887624821,0.9946227464242416,0.9858234548177306
1310.639999999963,1569.2018340265377,714.1568218949477,0.9963547669826989,0.9944512018184772,0.98535959028756
1310.649999999963,1569.2018340265377,714.1597909539876,0.9962273677184267,0.9942769878266821,0.9848884287707735
1310.659999999963,1569.2018340265377,714.162759992408,0.9960977917243897,0.994100105918453,0.9844099809729456
1310.669999999963,1569.2018340265377,714.1657290102092,0.9959660397687379,0.9939205575848273,0.9839242577603391
1310.679999999963,1569.2018340265377,714.1686980073913,0.9958321126317108,0.993738344338255,0.983431270158172
1310.689999999963,1569.2018340265377,714.1716669839547,0.9956960111058487,0.9935534677125565,0.9829310293503775
1310.699999999963,1569.2018340265377,714.1746359398995,0.9955577359990629,0.9933659292629354,0.9824235466822906
1310.709999999963,1569.2018340265377,714.1776048752258,0.995417288129059,0.9931757305659656,0.9819088336547419
1310.719999999963,1569.2018340265377,714.180573789934,0.9952746683272501,0.9929828732195108,0.9813869019273805
1310.729999999963,1569.2018340265377,714.1835426840241,0.9951298774398658,0.9927873588427604,0.9808577633194547
1310.739999999963,1569.2018340265377,714.1865115574968,0.9949829163234476,0.9925891890761543,0.9803214298048275
1310.749999999963,1569.2018340265377,714.1894804103518,0.994833785847759,0.9923883655814438,0.9797779135145743
1310.759999999963,1569.2018340265377,714.1924492425894,0.9946824868960538,0.9921848900415854,0.9792272267366363
1310.769999999963,1569.2018340265377,714.19541805421,0.9945290203641775,0.991978764160731,0.9786693819145095
1310.779999999963,1569.2018340265377,714.1983868452137,0.994373387160543,0.9917699896642439,0.978104391646843
1310.789999999963,1569.2018340265377,714.2013556156008,0.9942155882067065,0.9915585682986348,0.9775322686874647
1310.799999999963,1569.2018340265377,714.2043243653715,0.9940556244354587,0.9913445018315783,0.9769530259431163
1310.8099999999629,1569.2018340265377,714.2072930945257,0.9938934967945464,0.9911277920518565,0.9763666764765772
1310.8199999999629,1569.2018340265377,714.2102618030641,0.99372920624277,0.9909084407692994,0.9757732335022797
1310.8299999999629,1569.2018340265377,714.2132304909867,0.9935627537531809,0.9906864498148601,0.9751727103891674
1310.8399999999629,1569.2018340265377,714.2161991582936,0.9933941403093889,0.9904618210405062,0.9745651206564121
1310.8499999999628,1569.2018340265377,714.2191678049852,0.9932233669094629,0.9902345563192193,0.9739504779768012
1310.8599999999628,1569.2018340265377,714.2221364310616,0.993050434563979,0.9900046575449682,0.9733287961743182
1310.8699999999628,1569.2018340265377,714.2251050365231,0.9928753442951813,0.9897721266326748,0.9727000892228006
1310.8799999999628,1569.2018340265377,714.22807362137,0.9926980971387849,0.9895369655182129,0.9720643712472484
1310.8899999999628,1569.2018340265377,714.2310421856021,0.9925186941433902,0.9892991761583744,0.9714216565227175
1310.8999999999628,1569.2018340265377,714.23401072922,0.9923371363689916,0.9890587605307866,0.9707719594722319
1310.9099999999628,1569.2018340265377,714.2369792522239,0.9921534248907781,0.9888157206339664,0.9701152946701372
1310.9199999999628,1569.2018340265377,714.2399477546139,0.991967560792702,0.9885700584872573,0.9694516768352078
1310.9299999999628,1569.2018340265377,714.2429162363902,0.9917795451756748,0.9883217761307918,0.9687811208381075
1310.9399999999628,1569.2018340265377,714.245884697553,0.9915893791497454,0.9880708756254719,0.9681036416932195
1310.9499999999628,1569.2018340265377,714.2488531381028,0.9913970638390838,0.9878173590529219,0.967419254562933
1310.9599999999627,1569.2018340265377,714.2518215580393,0.9912026003804512,0.9875612285155465,0.966727974755769
1310.9699999999627,1569.2018340265377,714.2547899573632,0.9910059899227734,0.9873024861363368,0.9660298177250821
1310.9799999999627,1569.2018340265377,714.2577583360745,0.9908072336282123,0.9870411340590065,0.9653247990698718
1310.9899999999627,1569.2018340265377,714.2607266941734,0.9906063326712774,0.9867771744478849,0.9646129345331951
1310.9999999999627,1569.2018340265377,714.2636950316601,0.9904032882388244,0.9865106094878864,0.9638942400015955
1311.0099999999627,1569.2018340265377,714.2666633485348,0.990198101528549,0.9862414413844798,0.9631687315030606
1311.0199999999627,1569.2018340265377,714.269631644798,0.989990773754989,0.9859696723636785,0.9624364252123213
1311.0299999999627,1569.2018340265377,714.2725999204496,0.9897813061418872,0.9856953046720105,0.9616973374428365
1311.0399999999627,1569.2018340265377,714.2755681754898,0.9895696999249631,0.985418340576477,0.9609514846488834
1311.0499999999627,1569.2018340265377,714.278536409919,0.9893559563543741,0.9851387823644895,0.9601988834272875
1311.0599999999627,1569.2018340265377,714.2815046237374,0.9891400766935866,0.9848566323438904,0.9594395505158284
1311.0699999999626,1569.2018340265377,714.284472816945,0.9889220622145084,0.9845718928429339,0.9586735027879381
1311.0799999999626,1569.2018340265377,714.2874409895422,0.9887019142052663,0.9842845662101667,0.9579007572594661
1311.0899999999626,1569.2018340265377,714.2904091415292,0.9884796339657366,0.9839946548144828,0.9571213310839004
1311.0999999999626,1569.2018340265377,714.2933772729062,0.9882552228071878,0.9837021610450246,0.956335241551274
1311.1099999999626,1569.2018340265377,714.2963453836736,0.988028682054908,0.9834070873112175,0.9555425060902185
1311.1199999999626,1569.2018340265377,714.2993134738311,0.9878000130439577,0.9831094360427257,0.9547431422632067
1311.1299999999626,1569.2018340265377,714.3022815433794,0.9875692171239241,0.9828092096893287,0.9539371677703421
1311.1399999999626,1569.2018340265377,714.3052495923185,0.9873362956578995,0.9825064107210008,0.9531246004479543
1311.1499999999626,1569.2018340265377,714.3082176206489,0.9871012500175436,0.9822010416278082,0.952305458263055
1311.1599999999626,1569.2018340265377,714.3111856283703,0.986864081589909,0.9818931049199462,0.9514797593194236
1311.1699999999626,1569.2018340265377,714.3141536154832,0.986624791774126,0.9815826031275984,0.9506475218535491
1311.1799999999625,1569.2018340265377,714.317121581988,0.9863833819808616,0.9812695388009723,0.9498087642335922
1311.1899999999625,1569.2018340265377,714.3200895278845,0.9861398536342509,0.9809539145103012,0.9489635049606587
1311.1999999999625,1569.2018340265377,714.3230574531733,0.9858942081681867,0.9806357328457009,0.9481117626643584
1311.2099999999625,1569.2018340265377,714.3260253578544,0.9856464470311411,0.980314996417231,0.9472535561069649
1311.2199999999625,1569.2018340265377,714.3289932419281,0.985396571685961,0.9799917078548103,0.9463889041824491
1311.2299999999625,1569.2018340265377,714.3319611053946,0.985144583601659,0.9796658698081807,0.9455178259079173
1311.2399999999625,1569.2018340265377,714.3349289482541,0.9848904842650732,0.9793374849469217,0.9446403404342335
1311.2499999999625,1569.2018340265377,714.3378967705066,0.9846342751711507,0.9790065559603509,0.9437564670358847
1311.2599999999625,1569.2018340265377,714.3408645721528,0.9843759578324869,0.9786730855574868,0.9428662251194413
1311.2699999999625,1569.2018340265377,714.3438323531925,0.984115533769124,0.9783370764670886,0.9419696342132333
1311.2799999999625,1569.2018340265377,714.346800113626,0.9838530045145097,0.9779985314375427,0.9410667139722234
1311.2899999999624,1569.2018340265377,714.3497678534537,0.9835883716146081,0.9776574532368375,0.9401574841764776
1311.2999999999624,1569.2018340265377,714.3527355726757,0.9833216366282013,0.9773138446525648,0.9392419647308252
1311.3099999999624,1569.2018340265377,714.3557032712922,0.9830528011259398,0.9769677084918297,0.9383201756631426
1311.3199999999624,1569.2018340265377,714.3586709493034,0.9827818666894068,0.9766190475812787,0.9373921371228784
1311.3299999999624,1569.2018340265377,714.3616386067094,0.982508834913891,0.9762678647669811,0.9364578693828338
1311.3399999999624,1569.2018340265377,714.3646062435107,0.9822337074058984,0.9759141629144443,0.935517392836171
1311.3499999999624,1569.2018340265377,714.3675738597074,0.981956485786281,0.9755579449085607,0.9345707279986462
1311.3599999999624,1569.2018340265377,714.3705414552995,0.981677171683204,0.975199213653583,0.9336178955012153
1311.3699999999624,1569.2018340265377,714.3735090302873,0.9813957667410788,0.9748379720730708,0.9326589160977845
1311.3799999999624,1569.2018340265377,714.3764765846714,0.981112272616155,0.9744742231097819,0.931693810660144
1311.3899999999624,1569.2018340265377,714.3794441184517,0.980826690974399,0.9741079697257982,0.9307226001755378
1311.3999999999623,1569.2018340265377,714.3824116316282,0.9805390234971865,0.9737392149023756,0.9297453057511179
1311.4099999999623,1569.2018340265377,714.3853791242014,0.9802492718728901,0.9733679616398467,0.9287619486051111
1311.4199999999623,1569.2018340265377,714.3883465961717,0.9799574378093325,0.9729942129576921,0.9277725500780937
1311.4299999999623,1569.2018340265377,714.3913140475389,0.9796635230178865,0.9726179718944865,0.926777131617147
1311.4399999999623,1569.2018340265377,714.3942814783034,0.9793675292280243,0.9722392415078008,0.9257757147887803
1311.4499999999623,1569.2018340265377,714.3972488884652,0.9790694581788281,0.9718580248741888,0.9247683212701853
1311.4599999999623,1569.2018340265377,714.400216278025,0.9787693116209744,0.9714743250891162,0.9237549728503023
1311.4699999999623,1569.2018340265377,714.4031836469828,0.9784670913202521,0.9710881452669918,0.9227356914325145
1311.4799999999623,1569.2018340265377,714.4061509953385,0.9781627990494768,0.9706994885411124,0.9217104990262237
1311.4899999999623,1569.2018340265377,714.4091183230927,0.9778564365961666,0.9703083580635009,0.9206794177531007
1311.4999999999623,1569.2018340265377,714.4120856302454,0.9775480057619356,0.9699147570050122,0.919642469846011
1311.5099999999622,1569.2018340265377,714.415052916797,0.9772375083552612,0.9695186885552163,0.9185996776412922
1311.5199999999622,1569.2018340265377,714.4180201827476,0.9769249461993431,0.9691201559223702,0.917551063585402
1311.5299999999622,1569.2018340265377,714.4209874280972,0.9766103211296114,0.9687191623334054,0.9164966502318442
1311.5399999999622,1569.2018340265377,714.4239546528465,0.9762936349930104,0.9683157110337612,0.9154364602394794
1311.5499999999622,1569.2018340265377,714.4269218569954,0.9759748896479183,0.9679098052875572,0.9143705163720673
1311.5599999999622,1569.2018340265377,714.429889040544,0.9756540869630304,0.967501448377348,0.913298841496055
1311.5699999999622,1569.2018340265377,714.4328562034927,0.9753312288214354,0.9670906436041725,0.9122214585837748
1311.5799999999622,1569.2018340265377,714.4358233458419,0.9750063171187856,0.9666773942874778,0.9111383907108669
1311.5899999999622,1569.2018340265377,714.4387904675916,0.9746793537587227,0.9662617037651058,0.9100496610512665
1311.5999999999622,1569.2018340265377,714.4417575687419,0.9743503406577387,0.9658435753932816,0.908955292881011
1311.6099999999622,1569.2018340265377,714.444724649293,0.9740192797459354,0.9654230125464558,0.9078553095779262
1311.6199999999621,1569.2018340265377,714.4476917092455,0.9736861729644265,0.965000018617291,0.906749734618452
1311.6299999999621,1569.2018340265377,714.4506587485993,0.9733510222655848,0.9645745970167613,0.9056385915773365
1311.6399999999621,1569.2018340265377,714.4536257673547,0.9730138296142837,0.9641467511738969,0.9045219041275847
1311.6499999999621,1569.2018340265377,714.4565927655118,0.9726745969838577,0.9637164845358839,0.9033996960361595
1311.659999999962,1569.2018340265377,714.4595597430709,0.972333326365264,0.9632838005679527,0.9022719911715571
1311.669999999962,1569.2018340265377,714.4625267000324,0.9719900197530962,0.9628487027533318,0.9011388134899925
1311.679999999962,1569.2018340265377,714.4654936363961,0.9716446791627508,0.962411194593284,0.9000001870506676
1311.689999999962,1569.2018340265377,714.4684605521626,0.971297306613211,0.9619712796068925,0.8988561359986593
1311.699999999962,1569.2018340265377,714.471427447332,0.9709479041394344,0.961528961331182,0.8977066845758941
1311.709999999962,1569.2018340265377,714.4743943219045,0.9705964737859196,0.9610842433209863,0.8965518571141967
1311.719999999962,1569.2018340265377,714.4773611758801,0.9702430176107286,0.9606371291489528,0.895391678038275
1311.729999999962,1569.2018340265377,714.4803280092593,0.969887537682666,0.9601876224053919,0.8942261718620825
1311.739999999962,1569.2018340265377,714.4832948220424,0.9695300360815892,0.9597357266983313,0.8930553631884623
1311.749999999962,1569.2018340265377,714.4862616142293,0.9691705148967722,0.9592814456534513,0.8918792767067709
1311.759999999962,1569.2018340265377,714.4892283858203,0.9688089762335241,0.9588247829140194,0.8906979371980999
1311.769999999962,1569.2018340265377,714.4921951368157,0.9684454222044333,0.9583657421408066,0.8895113695263033
1311.779999999962,1569.2018340265377,714.4951618672156,0.9680798549381654,0.9579043270120905,0.8883195986453416
1311.789999999962,1569.2018340265377,714.4981285770206,0.9677122765688163,0.9574405412235713,0.8871226495885856
1311.799999999962,1569.2018340265377,714.5010952662304,0.9673426892444563,0.9569743884883938,0.8859205474759517
1311.809999999962,1569.2018340265377,714.5040619348454,0.9669710951283714,0.9565058725370273,0.8847133175140434
1311.819999999962,1569.2018340265377,714.5070285828659,0.9665974963900618,0.9560349971171613,0.8835009849869492
1311.829999999962,1569.2018340265377,714.5099952102921,0.9662218952116389,0.9555617659938174,0.8822835752615538
1311.839999999962,1569.2018340265377,714.512961817124,0.9658442937865045,0.9550861829491916,0.8810611137852685
1311.849999999962,1569.2018340265377,714.5159284033622,0.9654646943224755,0.9546082517825675,0.8798336260879548
1311.859999999962,1569.2018340265377,714.5188949690065,0.9650830990346604,0.954127976310393,0.8786011377747962
1311.869999999962,1569.2018340265377,714.5218615140576,0.9646995101516527,0.9536453603660652,0.8773636745307846
1311.879999999962,1569.2018340265377,714.5248280385152,0.9643139299097073,0.9531604078001001,0.8761212621149619
1311.889999999962,1569.2018340265377,714.5277945423796,0.9639263605602788,0.9526731224798795,0.8748739263660393
1311.899999999962,1569.2018340265377,714.5307610256515,0.9635368043670135,0.9521835082895971,0.8736216931987802
1311.9099999999619,1569.2018340265377,714.5337274883307,0.9631452636001557,0.9516915691304142,0.8723645885984422
1311.9199999999619,1569.2018340265377,714.5366939304173,0.9627517405452415,0.9511973089202391,0.8711026386274807
1311.9299999999619,1569.2018340265377,714.5396603519117,0.9623562374943461,0.9507007315936754,0.8698358694167508
1311.9399999999619,1569.2018340265377,714.5426267528143,0.9619587567566193,0.9502018411020063,0.8685643071742329
1311.9499999999618,1569.2018340265377,714.5455931331252,0.9615593006496332,0.9497006414131628,0.867287978176364
1311.9599999999618,1569.2018340265377,714.5485594928442,0.9611578714977661,0.9491971365117284,0.8660069087658229
1311.9699999999618,1569.2018340265377,714.5515258319721,0.960754471643028,0.9486913303986563,0.8647211253599961
1311.9799999999618,1569.2018340265377,714.5544921505088,0.9603491034346935,0.9481832270914656,0.8634306544412038
1311.9899999999618,1569.2018340265377,714.5574584484547,0.9599417692354588,0.9476728306240935,0.8621355225611921
1311.9999999999618,1569.2018340265377,714.5604247258098,0.9595324714161556,0.9471601450468214,0.8608357563354635
1312.0099999999618,1569.2018340265377,714.5633909825743,0.9591212123595105,0.9466451744262419,0.8595313824458143
1312.0199999999618,1569.2018340265377,714.5663572187487,0.9587079944630765,0.946127922845184,0.8582224276420333
1312.0299999999618,1569.2018340265377,714.5693234343331,0.9582928201305653,0.9456083944027198,0.8569089187333577
1312.0399999999618,1569.2018340265377,714.5722896293274,0.9578756917746086,0.945086593214091,0.8555908825900441
1312.0499999999618,1569.2018340265377,714.5752558037323,0.9574566118279971,0.9445625234105343,0.8542683461523002
1312.0599999999617,1569.2018340265377,714.5782219575477,0.9570355827246397,0.9440361891394067,0.8529413364127102
1312.0699999999617,1569.2018340265377,714.581188090774,0.956612606916632,0.9435075945640315,0.8516098804304093
1312.0799999999617,1569.2018340265377,714.5841542034112,0.956187686857569,0.9429767438637043,0.8502740053154301
1312.0899999999617,1569.2018340265377,714.5871202954596,0.9557608250226853,0.942443641233536,0.8489337382455646
1312.0999999999617,1569.2018340265377,714.5900863669195,0.9553320238956085,0.9419082908844587,0.84758910645378
1312.1099999999617,1569.2018340265377,714.5930524177912,0.9549012859622134,0.9413706970431911,0.846240137221927
1312.1199999999617,1569.2018340265377,714.5960184480746,0.9544686137281081,0.9408308639522244,0.8448868578954487
1312.1299999999617,1569.2018340265377,714.5989844577701,0.9540340097066354,0.940288795869581,0.8435292958714977
1312.1399999999617,1569.2018340265377,714.6019504468779,0.9535974764218581,0.9397444970689861,0.8421674786011063
1312.1499999999617,1569.2018340265377,714.6049164153984,0.9531590164084955,0.9391979718396247,0.8408014335879012
1312.1599999999617,1569.2018340265377,714.6078823633314,0.9527186322129524,0.9386492244862735,0.8394311883884542
1312.1699999999616,1569.2018340265377,714.6108482906774,0.9522763263886893,0.9380982593290564,0.8380567706069704
1312.1799999999616,1569.2018340265377,714.6138141974367,0.9518321015059492,0.9375450807034498,0.8366782079030771
1312.1899999999616,1569.2018340265377,714.6167800836093,0.9513859601409501,0.9369896929603322,0.8352955279815948
1312.1999999999616,1569.2018340265377,714.6197459491954,0.9509379048783743,0.9364321004658435,0.8339087585937007
1312.2099999999616,1569.2018340265377,714.6227117941953,0.9504879383201945,0.9358723076012203,0.8325179275435857
1312.2199999999616,1569.2018340265377,714.6256776186093,0.9500360630769196,0.9353103187629312,0.8311230626802052
1312.2299999999616,1569.2018340265377,714.6286434224376,0.9495822817636892,0.9347461383625123,0.8297241918927926
1312.2399999999616,1569.2018340265377,714.6316092056802,0.9491265970124829,0.9341797708265529,0.8283213431207266
1312.2499999999616,1569.2018340265377,714.6345749683373,0.9486690114614929,0.9336112205966168,0.8269145443433016
1312.2599999999616,1569.2018340265377,714.6375407104097,0.9482095277668249,0.9330404921290744,0.8255038235888454
1312.2699999999616,1569.2018340265377,714.6405064318969,0.947748148586446,0.9324675898953283,0.824089208920329
1312.2799999999615,1569.2018340265377,714.6434721327995,0.9472848765913836,0.9318925183814726,0.8226707284437413
1312.2899999999615,1569.2018340265377,714.6464378131176,0.9468197144635202,0.9313152820883638,0.8212484103054967
1312.2999999999615,1569.2018340265377,714.6494034728514,0.9463526648979123,0.930735885531542,0.8198222826935075
1312.3099999999615,1569.2018340265377,714.6523691120012,0.9458837305949154,0.9301543332411711,0.8183923738294613
1312.3199999999615,1569.2018340265377,714.6553347305671,0.9454129142674476,0.929570629762003,0.8169587119742651
1312.3299999999615,1569.2018340265377,714.6583003285494,0.9449402186414121,0.9289847796532513,0.8155213254273891
1312.3399999999615,1569.2018340265377,714.6612659059484,0.9444656464469301,0.9283967874885992,0.8140802425185152
1312.3499999999615,1569.2018340265377,714.6642314627641,0.9439892004298421,0.9278066578561631,0.8126354916166179
1312.3599999999615,1569.2018340265377,714.6671969989968,0.9435108833428864,0.9272143953582976,0.8111871011212173
1312.3699999999615,1569.2018340265377,714.6701625146467,0.9430306979506431,0.9266200046117171,0.809735099466067
1312.3799999999615,1569.2018340265377,714.6731280097141,0.9425486470278386,0.9260234902472538,0.808279515116478
1312.3899999999614,1569.2018340265377,714.6760934841992,0.9420647333593738,0.9254248569099578,0.8068203765687301
1312.3999999999614,1569.2018340265377,714.6790589381021,0.9415789597373878,0.9248241092589685,0.8053577123465477
1312.4099999999614,1569.2018340265377,714.682024371423,0.9410913289669519,0.9242212519674317,0.803891551005049
1312.4199999999614,1569.2018340265377,714.6849897841626,0.9406018438688967,0.9236162897223916,0.8024219211321668
1312.4299999999614,1569.2018340265377,714.6879551763203,0.9401105072592657,0.9230092272249869,0.8009488513306685
1312.4399999999614,1569.2018340265377,714.6909205478969,0.939617321976663,0.9224000691900174,0.7994723702399683
1312.4499999999614,1569.2018340265377,714.6938858988923,0.9391222908668457,0.9217888203461864,0.7979925065226041
1312.4599999999614,1569.2018340265377,714.6968512293071,0.9386254167814742,0.9211754854358056,0.7965092888618963
1312.4699999999614,1569.2018340265377,714.6998165391412,0.9381267025879351,0.920560069214969,0.795022745969816
1312.4799999999614,1569.2018340265377,714.7027818283948,0.9376261511583305,0.9199425764533741,0.7935329065765411
1312.4899999999614,1569.2018340265377,714.7057470970682,0.9371237653786791,0.9193230119341663,0.7920397994372165
1312.4999999999613,1569.2018340265377,714.7087123451616,0.9366195481443413,0.9187013804540186,0.7905434533274247
1312.5099999999613,1569.2018340265377,714.7116775726755,0.9361135023587343,0.9180776868229987,0.7890438970411022
1312.5199999999613,1569.2018340265377,714.7146427796096,0.9356056309326877,0.9174519358646519,0.787541159389371
1312.5299999999613,1569.2018340265377,714.7176079659642,0.935095936792792,0.9168241324156746,0.786035269206232
1312.5399999999613,1569.2018340265377,714.72057313174,0.9345844228717904,0.9161942813259963,0.7845262553398328
1312.5499999999613,1569.2018340265377,714.7235382769369,0.9340710921152011,0.9155623874588138,0.7830141466573255
1312.5599999999613,1569.2018340265377,714.7265034015549,0.9335559474704318,0.9149284556904331,0.7814989720346918
1312.5699999999613,1569.2018340265377,714.7294685055945,0.9330389919065957,0.914292490910085,0.779980760372267
1312.5799999999613,1569.2018340265377,714.7324335890557,0.932520228392858,0.9136544980201056,0.7784595405761351
1312.5899999999613,1569.2018340265377,714.7353986519391,0.9319996599098226,0.9130144819356543,0.776935341566425
1312.5999999999613,1569.2018340265377,714.7383636942445,0.9314772894494635,0.9123724475848711,0.7754081922767441
1312.6099999999612,1569.2018340265377,714.7413287159721,0.9309531200152481,0.9117283999086182,0.7738781216530656
1312.6199999999612,1569.2018340265377,714.7442937171227,0.9304271546171374,0.9110823438603902,0.7723451586486494
1312.6299999999612,1569.2018340265377,714.7472586976959,0.9298993962745989,0.9104342844065489,0.770809332226194
1312.6399999999612,1569.2018340265377,714.750223657692,0.9293698480147595,0.9097842265259629,0.7692706713549347
1312.6499999999612,1569.2018340265377,714.7531885971115,0.9288385128822738,0.9091321752099925,0.7677292050180261
1312.6599999999612,1569.2018340265377,714.7561535159543,0.9283053939213407,0.9084781354625765,0.7661849621970401
1312.6699999999612,1569.2018340265377,714.759118414221,0.9277704941924193,0.9078221122999686,0.7646379718845988
1312.6799999999612,1569.2018340265377,714.7620832919113,0.9272338167628866,0.9071641107509242,0.763088263076207
1312.6899999999612,1569.2018340265377,714.7650481490258,0.9266953647057241,0.9065041358562842,0.7615358647677312
1312.6999999999612,1569.2018340265377,714.7680129855646,0.9261551411139503,0.905842192669264,0.7599808059670011
1312.7099999999612,1569.2018340265377,714.770977801528,0.9256131490804914,0.9051782862551618,0.7584231156760114
1312.7199999999611,1569.2018340265377,714.773942596916,0.925069391706882,0.9045124216914723,0.7568628228975399
1312.7299999999611,1569.2018340265377,714.776907371729,0.9245238721084085,0.9038446040675673,0.755299956638071
1312.7399999999611,1569.2018340265377,714.7798721259671,0.9239765934121086,0.9031748384848866,0.7537345459057129
1312.7499999999611,1569.2018340265377,714.7828368596307,0.9234275587479148,0.9025031300567449,0.7521666197019025
1312.759999999961,1569.2018340265377,714.7858015727197,0.9228767712548891,0.9018294839083455,0.7505962070257957
1312.769999999961,1569.2018340265377,714.7887662652347,0.9223242340883437,0.9011539051765336,0.7490233368789009
1312.779999999961,1569.2018340265377,714.7917309371757,0.9217699504076217,0.9004763990099904,0.7474480382547148
1312.789999999961,1569.2018340265377,714.7946955885428,0.9212139233810926,0.8997969705689868,0.7458703401416517
1312.799999999961,1569.2018340265377,714.7976602193364,0.9206561561876231,0.8991156250253698,0.7442902715234784
1312.809999999961,1569.2018340265377,714.8006248295566,0.9200966520130357,0.8984323675625241,0.7427078613756521
1312.819999999961,1569.2018340265377,714.8035894192038,0.9195354140555928,0.8977472033751747,0.7411231386686984
1312.829999999961,1569.2018340265377,714.8065539882781,0.9189724455178606,0.8970601376695841,0.7395361323612415
1312.839999999961,1569.2018340265377,714.8095185367795,0.9184077496186714,0.8963711756632781,0.7379468714084662
1312.849999999961,1569.2018340265377,714.8124830647085,0.9178413295745893,0.8956803225849247,0.7363553847462839
1312.859999999961,1569.2018340265377,714.8154475720653,0.9172731886242838,0.8949875836745078,0.7347617013104906
1312.869999999961,1569.2018340265377,714.8184120588501,0.9167033300060843,0.8942929641830489,0.733165850017557
1312.879999999961,1569.2018340265377,714.8213765250629,0.9161317569698051,0.893596469372701,0.7315678597735684
1312.889999999961,1569.2018340265377,714.824340970704,0.9155584727748,0.8928981045165223,0.7299677594715713
1312.899999999961,1569.2018340265377,714.8273053957739,0.9149834806925813,0.8921978748984898,0.7283655779929665
1312.909999999961,1569.2018340265377,714.8302698002726,0.914406783990669,0.8914957858134873,0.7267613441939232
1312.919999999961,1569.2018340265377,714.8332341842001,0.9138283859594328,0.8907918425672123,0.7251550869258988
1312.929999999961,1569.2018340265377,714.8361985475569,0.9132482898926255,0.8900860504759746,0.7235468350190964
1312.939999999961,1569.2018340265377,714.8391628903433,0.9126664990947267,0.889378414866764,0.7219366172877173
1312.949999999961,1569.2018340265377,714.8421272125594,0.912083016872064,0.8886689410772393,0.7203244625222173
1312.959999999961,1569.2018340265377,714.8450915142051,0.9114978465477946,0.8879576344555522,0.7187103995001803
1312.969999999961,1569.2018340265377,714.848055795281,0.9109109914502743,0.887244500360254,0.7170944569762654
1312.979999999961,1569.2018340265377,714.8510200557872,0.9103224549164364,0.8865295441602821,0.7154766636841713
1312.989999999961,1569.2018340265377,714.853984295724,0.909732240293844,0.8858127712349483,0.7138570483375389
1312.999999999961,1569.2018340265377,714.8569485150914,0.9091403509296307,0.8850941869738178,0.7122356396203907
1313.0099999999609,1569.2018340265377,714.8599127138897,0.9085467901932186,0.8843737967766135,0.7106124662041209
1313.0199999999609,1569.2018340265377,714.8628768921193,0.9079515614542099,0.8836516060531217,0.7089875567293098
1313.0299999999609,1569.2018340265377,714.8658410497802,0.9073546680913512,0.8829276202232901,0.7073609398122455
1313.0399999999609,1569.2018340265377,714.8688051868727,0.9067561134931826,0.8822018447169951,0.7057326440443732
1313.0499999999608,1569.2018340265377,714.871769303397,0.906155901054505,0.8814742849740298,0.7041026979888515
1313.0599999999608,1569.2018340265377,714.8747333993533,0.9055540341820214,0.8807449464440077,0.7024711301841183
1313.0699999999608,1569.2018340265377,714.8776974747418,0.9049505162893641,0.8800138345864077,0.7008379691394196
1313.0799999999608,1569.2018340265377,714.8806615295628,0.9043453507956154,0.8792809548703386,0.6992032433326362
1313.0899999999608,1569.2018340265377,714.8836255638163,0.9037385411316377,0.878546312774611,0.6975669812146397
1313.0999999999608,1569.2018340265377,714.8865895775028,0.9031300907344626,0.8778099137875296,0.6959292112039581
1313.1099999999608,1569.2018340265377,714.8895535706225,0.9025200030507027,0.8770717634069932,0.6942899616889182
1313.1199999999608,1569.2018340265377,714.8925175431752,0.9019082815351767,0.8763318671404005,0.6926492610257748
1313.1299999999608,1569.2018340265377,714.8954814951616,0.9012949296472778,0.8755902305043544,0.691007137534812
1313.1399999999608,1569.2018340265377,714.8984454265817,0.9006799508609566,0.8748468590248488,0.6893636195076536
1313.1499999999608,1569.2018340265377,714.9014093374358,0.9000633486539513,0.8741017582371448,0.6877187351981532
1313.1599999999607,1569.2018340265377,714.9043732277239,0.8994451265135398,0.8733549336856731,0.6860725128260158
1313.1699999999607,1569.2018340265377,714.9073370974463,0.8988252879328041,0.8726063909239383,0.6844249805731546
1313.1799999999607,1569.2018340265377,714.9103009466036,0.8982038364172521,0.8718561355143916,0.6827761665879037
1313.1899999999607,1569.2018340265377,714.9132647751956,0.8975807754737722,0.8711041730286218,0.681126098976278
1313.1999999999607,1569.2018340265377,714.9162285832224,0.8969561086208186,0.8703505090470574,0.6794748058086341
1313.2099999999607,1569.2018340265377,714.9191923706845,0.896329839387737,0.8695951491588679,0.6778223151183582
1313.2199999999607,1569.2018340265377,714.9221561375821,0.8957019713095236,0.8688380989620696,0.6761686548974334
1313.2299999999607,1569.2018340265377,714.9251198839154,0.8950725079268838,0.8680793640633114,0.6745138530955453
1313.2399999999607,1569.2018340265377,714.9280836096844,0.8944414527882516,0.8673189500779519,0.6728579376211198
1313.2499999999607,1569.2018340265377,714.9310473148895,0.8938088094543843,0.8665568626298453,0.6712009363438286
1313.2599999999607,1569.2018340265377,714.9340109995311,0.8931745814900126,0.8657931073512429,0.6695428770875382
1313.2699999999606,1569.2018340265377,714.936974663609,0.8925387724691661,0.8650276898830167,0.6678837876340605
1313.2799999999606,1569.2018340265377,714.9399383071237,0.8919013859683282,0.8642606158742102,0.6662236957167319
1313.2899999999606,1569.2018340265377,714.9429019300753,0.8912624255821002,0.8634918909822334,0.6645626290318293
1313.2999999999606,1569.2018340265377,714.9458655324642,0.8906218949067396,0.8627215208726468,0.6629006152253197
1313.3099999999606,1569.2018340265377,714.9488291142903,0.8899797975431697,0.8619495112192097,0.661237681894619
1313.3199999999606,1569.2018340265377,714.951792675554,0.88933613710358,0.8611758677037533,0.6595738565927198
1313.3299999999606,1569.2018340265377,714.9547562162554,0.8886909172070002,0.8604005960160518,0.6579091668241086
1313.3399999999606,1569.2018340265377,714.957719736395,0.88804414148224,0.8596237018538117,0.6562436400463446
1313.3499999999606,1569.2018340265377,714.9606832359727,0.8873958135610638,0.8588451909226931,0.6545773036644634
1313.3599999999606,1569.2018340265377,714.9636467149888,0.8867459370895249,0.8580650689360912,0.6529101850384432
1313.3699999999606,1569.2018340265377,714.9666101734437,0.8860945157074163,0.8572833416150968,0.651242311467424
1313.3799999999605,1569.2018340265377,714.9695736113373,0.8854415530802066,0.8565000146885161,0.6495737102126913
1313.3899999999605,1569.2018340265377,714.9725370286701,0.8847870528700319,0.8557150938926824,0.6479044084754598
1313.3999999999605,1569.2018340265377,714.9755004254421,0.8841310187426102,0.8549285849715367,0.6462344334015602
1313.4099999999605,1569.2018340265377,714.9784638016536,0.8834734543831525,0.8541404936763776,0.6445638120921363
1313.4199999999605,1569.2018340265377,714.9814271573049,0.8828143634757196,0.8533508257658816,0.6428925715880073
1313.4299999999605,1569.2018340265377,714.9843904923961,0.8821537497108775,0.852559587006126,0.6412207388747732
1313.4399999999605,1569.2018340265377,714.9873538069273,0.8814916167894571,0.8517667831703664,0.6395483408846643
1313.4499999999605,1569.2018340265377,714.9903171008989,0.8808279684179229,0.8509724200390287,0.6378754044926135
1313.4599999999605,1569.2018340265377,714.9932803743112,0.8801628083168522,0.8501765033995783,0.6362019565216579
1313.4699999999605,1569.2018340265377,714.9962436271643,0.8794961402023745,0.8493790390466333,0.6345280237291365
1313.4799999999605,1569.2018340265377,714.9992068594582,0.8788279678015121,0.8485800327817427,0.6328536328169503
1313.4899999999604,1569.2018340265377,715.0021700711934,0.8781582948546139,0.847779490413286,0.6311788104326076
1313.4999999999604,1569.2018340265377,715.0051332623702,0.8774871251043692,0.8469774177564339,0.6295035831607171
1313.5099999999604,1569.2018340265377,715.0080964329885,0.8768144622996565,0.8461738206332933,0.6278279775254711
1313.5199999999604,1569.2018340265377,715.0110595830487,0.8761403101924354,0.8453687048724696,0.6261520199872603
1313.5299999999604,1569.2018340265377,715.0140227125507,0.8754646725533395,0.8445620763093046,0.6244757369536643
1313.5399999999604,1569.2018340265377,715.0169858214954,0.874787553149689,0.8437539407854968,0.6227991547626454
1313.5499999999604,1569.2018340265377,715.0199489098825,0.8741089557628071,0.8429443041494353,0.6211222996949108
1313.5599999999604,1569.2018340265377,715.022911977712,0.8734288841696989,0.842133172255882,0.619445197959899
1313.5699999999604,1569.2018340265377,715.0258750249848,0.8727473421669234,0.8413205509657455,0.617767875711923
1313.5799999999604,1569.2018340265377,715.0288380517005,0.8720643335498492,0.8405064461464167,0.6160903590354279
1313.5899999999604,1569.2018340265377,715.0318010578598,0.8713798621261494,0.8396908636713241,0.6144126739534165
1313.5999999999603,1569.2018340265377,715.0347640434625,0.870693931703821,0.8388738094201459,0.6127348464188052
1313.6099999999603,1569.2018340265377,715.0377270085088,0.8700065461031631,0.8380552892785834,0.6110569023220657
1313.6199999999603,1569.2018340265377,715.0406899529994,0.8693177091486737,0.8372353091381654,0.6093788674847441
1313.6299999999603,1569.2018340265377,715.0436528769341,0.8686274246731409,0.8364138748965864,0.6077007676623576
1313.6399999999603,1569.2018340265377,715.0466157803131,0.8679356965077901,0.8355909924572289,0.6060226285363353
1313.6499999999603,1569.2018340265377,715.0495786631369,0.8672425285033819,0.8347666677292499,0.6043444757284395
1313.6599999999603,1569.2018340265377,715.0525415254054,0.8665479245114484,0.8339409066276061,0.6026663347871977
1313.6699999999603,1569.2018340265377,715.0555043671193,0.865851888385279,0.833113715072731,0.6009882311877008
1313.6799999999603,1569.2018340265377,715.0584671882782,0.8651544239901492,0.8322850989908455,0.5993101903387161
1313.6899999999603,1569.2018340265377,715.0614299888825,0.8644555351945833,0.8314550643135067,0.5976322375755065
1313.6999999999603,1569.2018340265377,715.0643927689327,0.8637552258791724,0.8306236169776652,0.595954398165573
1313.7099999999602,1569.2018340265377,715.0673555284288,0.8630534999276338,0.8297907629257547,0.5942766973021456
1313.7199999999602,1569.2018340265377,715.0703182673709,0.8623503612234016,0.8289565081054626,0.5925991601010935
1313.7299999999602,1569.2018340265377,715.0732809857594,0.8616458136644615,0.8281208584695958,0.5909218116105197
1313.7399999999602,1569.2018340265377,715.0762436835946,0.8609398611582636,0.8272838199761707,0.5892446768069203
1313.7499999999602,1569.2018340265377,715.0792063608766,0.8602325076070849,0.8264453985883119,0.5875677805845928
1313.7599999999602,1569.2018340265377,715.0821690176053,0.8595237569242082,0.8256056002741823,0.5858911477662212
1313.7699999999602,1569.2018340265377,715.0851316537813,0.858813613032418,0.8247644310067518,0.5842148031010732
1313.7799999999602,1569.2018340265377,715.0880942694049,0.8581020798623336,0.8239218967638888,0.5825387712635621
1313.7899999999602,1569.2018340265377,715.0910568644761,0.857389161339876,0.8230780035283548,0.5808630768443256
1313.7999999999602,1569.2018340265377,715.094019438995,0.856674861406112,0.8222327572875731,0.5791877443629839
1313.8099999999602,1569.2018340265377,715.0969819929619,0.8559591840073267,0.8213861640336562,0.577512798261017
1313.8199999999601,1569.2018340265377,715.0999445263773,0.8552421330933457,0.8205382297631731,0.5758382628999144
1313.8299999999601,1569.2018340265377,715.1029070392411,0.8545237126207492,0.8196889604773726,0.5741641625632735
1313.8399999999601,1569.2018340265377,715.1058695315536,0.853803926551189,0.818838362181918,0.5724905214549039
1313.8499999999601,1569.2018340265377,715.1088320033149,0.8530827788530904,0.8179864408868174,0.5708173636994885
1313.85999999996,1569.2018340265377,715.1117944545256,0.8523602735057829,0.8171332026062883,0.5691447133447674
1313.86999999996,1569.2018340265377,715.1147568851854,0.8516364144851597,0.8162786533590151,0.5674725943519296
1313.87999999996,1569.2018340265377,715.1177192952948,0.8509112057771551,0.8154227991676863,0.565801030603622
1313.88999999996,1569.2018340265377,715.1206816848539,0.8501846513708173,0.8145656460591221,0.5641300458991316
1313.89999999996,1569.2018340265377,715.1236440538631,0.849456755272121,0.8137072000641379,0.5624596639629995
1313.90999999996,1569.2018340265377,715.1266064023226,0.8487275214798536,0.8128474672175411,0.5607899084286438
1313.91999999996,1569.2018340265377,715.1295687302322,0.8479969540019684,0.8119864535581603,0.559120802848917
1313.92999999996,1569.2018340265377,715.1325310375927,0.8472650568528489,0.8111241651283472,0.5574523706932432
1313.93999999996,1569.2018340265377,715.1354933244039,0.846531834051634,0.8102606079744671,0.5557846353468425
1313.94999999996,1569.2018340265377,715.1384555906662,0.8457972896281232,0.8093957881464342,0.5541176201136241
1313.95999999996,1569.2018340265377,715.1414178363798,0.8450614276091574,0.8085297116978396,0.5524513482070837
1313.96999999996,1569.2018340265377,715.1443800615448,0.8443242520347147,0.8076623846857829,0.5507858427602984
1313.97999999996,1569.2018340265377,715.1473422661616,0.8435857669477772,0.8067938131708021,0.5491211268188528
1313.98999999996,1569.2018340265377,715.1503044502302,0.8428459763949331,0.8059240032169045,0.5474572233409618
1313.99999999996,1569.2018340265377,715.1532666137509,0.842104884425609,0.8050529608914306,0.5457941551964819
1314.00999999996,1569.2018340265377,715.1562287567241,0.8413624950980337,0.8041806922648842,0.5441319451702351
1314.01999999996,1569.2018340265377,715.1591908791497,0.8406188124835597,0.8033072034110974,0.5424706159646889
1314.02999999996,1569.2018340265377,715.1621529810282,0.8398738406450399,0.8024325004069265,0.5408101901852533
1314.03999999996,1569.2018340265377,715.1651150623595,0.8391275836609203,0.8015565893323511,0.5391506903556914
1314.04999999996,1569.2018340265377,715.168077123144,0.8383800456044552,0.8006794762703034,0.5374921389041887
1314.05999999996,1569.2018340265377,715.1710391633821,0.8376312305654684,0.7998011673065657,0.5358345581769159
1314.06999999996,1569.2018340265377,715.1740011830738,0.8368811426301571,0.7989216685299364,0.5341779704249892
1314.07999999996,1569.2018340265377,715.1769631822191,0.8361297859004156,0.7980409860318926,0.5325223978160972
1314.08999999996,1569.2018340265377,715.1799251608186,0.8353771644655998,0.797159125906553,0.5308678624161566
1314.09999999996,1569.2018340265377,715.1828871188724,0.834623282442163,0.7962760942507787,0.5292143862144202
1314.1099999999599,1569.2018340265377,715.1858490563807,0.8338681439357809,0.7953918971639689,0.5275619910988157
1314.1199999999599,1569.2018340265377,715.1888109733434,0.8331117530561148,0.7945065407481277,0.5259106988651949
1314.1299999999599,1569.2018340265377,715.1917728697612,0.8323541139311335,0.793620031107455,0.5242605312255534
1314.1399999999599,1569.2018340265377,715.1947347456342,0.831595230682182,0.7927323743486864,0.5226115097924583
1314.1499999999598,1569.2018340265377,715.1976966009624,0.8308351074399908,0.7918435765808529,0.5209636560885946
1314.1599999999598,1569.2018340265377,715.2006584357462,0.8300737483382653,0.790953643915214,0.51931699154238
1314.1699999999598,1569.2018340265377,715.2036202499856,0.8293111575191753,0.7900625824651195,0.5176715374909764
1314.1799999999598,1569.2018340265377,715.2065820436812,0.82854733912699,0.789170398346009,0.5160273151760567
1314.1899999999598,1569.2018340265377,715.209543816833,0.8277822973062662,0.7882770976754124,0.5143843457424592
1314.1999999999598,1569.2018340265377,715.212505569441,0.8270160362161082,0.7873826865728815,0.5127426502467325
1314.2099999999598,1569.2018340265377,715.2154673015057,0.826248560013151,0.7864871711596118,0.5111022496458201
1314.2199999999598,1569.2018340265377,715.2184290130273,0.8254798728613738,0.7855905575587869,0.5094631648033873
1314.2299999999598,1569.2018340265377,715.2213907040058,0.8247099789266641,0.7846928518953727,0.5078254164859659
1314.2399999999598,1569.2018340265377,715.2243523744417,0.8239388823822001,0.7837940602958765,0.5061890253657498
1314.2499999999598,1569.2018340265377,715.2273140243348,0.8231665874048313,0.7828941888885891,0.504554012018458
1314.2599999999597,1569.2018340265377,715.2302756536858,0.8223930981803879,0.7819932438031025,0.5029203969257557
1314.2699999999597,1569.2018340265377,715.2332372624948,0.8216184188884033,0.7810912311706906,0.501288200466187
1314.2799999999597,1569.2018340265377,715.2361988507616,0.8208425537236451,0.7801881571240344,0.4996574429278044
1314.2899999999597,1569.2018340265377,715.2391604184869,0.8200655068762854,0.7792840277970147,0.4980281444955859
1314.2999999999597,1569.2018340265377,715.2421219656707,0.8192872825535287,0.7783788493248869,0.4964003252646371
1314.3099999999597,1569.2018340265377,715.2450834923134,0.8185078849533458,0.777472627844005,0.49477400522368437
1314.3199999999597,1569.2018340265377,715.2480449984148,0.8177273182816774,0.7765653694920666,0.4931492042656733
1314.3299999999597,1569.2018340265377,715.2510064839754,0.8169455867549856,0.7756570804076278,0.49152594218848195
1314.3399999999597,1569.2018340265377,715.2539679489956,0.8161626945877442,0.7747477667302438,0.4899042386873743
1314.3499999999597,1569.2018340265377,715.2569293934753,0.8153786460021701,0.773837434600611,0.4882841133608802
1314.3599999999597,1569.2018340265377,715.2598908174148,0.8145934452183045,0.772926090160081,0.4866655857040619
1314.3699999999596,1569.2018340265377,715.2628522208142,0.8138070964703903,0.7720137395509064,0.48504867511847305
1314.3799999999596,1569.2018340265377,715.265813603674,0.813019603990383,0.7711003889159997,0.483433400901819
1314.3899999999596,1569.2018340265377,715.2687749659943,0.8122309720179129,0.7701860443989702,0.481819782253806
1314.3999999999596,1569.2018340265377,715.2717363077752,0.8114412047856743,0.7692707121440923,0.48020783826728086
1314.4099999999596,1569.2018340265377,715.2746976290169,0.8106503065459508,0.7683543982960624,0.4785975879435192
1314.4199999999596,1569.2018340265377,715.2776589297199,0.8098582815440055,0.7674371090000377,0.47698905017635107
1314.4299999999596,1569.2018340265377,715.2806202098841,0.8090651340372398,0.7665188504016742,0.4753822437634091
1314.4399999999596,1569.2018340265377,715.2835814695098,0.8082708682731646,0.7655996286468488,0.4737771873926777
1314.4499999999596,1569.2018340265377,715.2865427085973,0.8074754885262477,0.7646794498817684,0.4721738996641477
1314.4599999999596,1569.2018340265377,715.2895039271467,0.8066789990535057,0.7637583202527621,0.47057239906336695
1314.4699999999596,1569.2018340265377,715.2924651251584,0.8058814041222134,0.7628362459063206,0.4689727039776448
1314.4799999999595,1569.2018340265377,715.2954263026322,0.8050827080071277,0.7619132329891002,0.46737483269428604
1314.4899999999595,1569.2018340265377,715.2983874595687,0.8042829149810953,0.7609892876475371,0.46577880339453936
1314.4999999999595,1569.2018340265377,715.3013485959682,0.8034820293310162,0.760064416028101,0.46418463416306655
1314.5099999999595,1569.2018340265377,715.3043097118306,0.8026800553314521,0.7591386242771919,0.4625923429724299
1314.5199999999595,1569.2018340265377,715.3072708071562,0.8018769972690271,0.7582119185408976,0.46100194769683883
1314.5299999999595,1569.2018340265377,715.3102318819451,0.8010728594396211,0.7572843049651397,0.4594134661105657
1314.5399999999595,1569.2018340265377,715.313192936198,0.8002676461369754,0.7563557896952876,0.45782691588082886
1314.5499999999595,1569.2018340265377,715.3161539699147,0.7994613616565117,0.7554263788765557,0.45624231457040915
1314.5599999999595,1569.2018340265377,715.3191149830953,0.7986540102998724,0.7544960786536163,0.45465967963969633
1314.5699999999595,1569.2018340265377,715.3220759757403,0.7978455963665967,0.7535648951705342,0.45307902844178793
1314.5799999999595,1569.2018340265377,715.3250369478498,0.7970361241755904,0.7526328345708073,0.4515003782346681
1314.5899999999594,1569.2018340265377,715.3279978994242,0.7962255980283607,0.7516999029971944,0.4499237461600427
1314.5999999999594,1569.2018340265377,715.3309588304634,0.7954140222411448,0.7507661065919353,0.4483491492617975
1314.6099999999594,1569.2018340265377,715.3339197409675,0.7946014011324714,0.7498314514963281,0.44677660447835416
1314.6199999999594,1569.2018340265377,715.3368806309373,0.7937877390251582,0.7488959438506628,0.44520612864366665
1314.6299999999594,1569.2018340265377,715.3398415003728,0.7929730402433112,0.7479595897945148,0.44363773848583227
1314.6399999999594,1569.2018340265377,715.3428023492738,0.7921573091085163,0.7470223954665014,0.4420714506246405
1314.6499999999594,1569.2018340265377,715.3457631776408,0.7913405499598299,0.7460843670039997,0.44050728158236424
1314.6599999999594,1569.2018340265377,715.3487239854743,0.790522767127997,0.7451455105432621,0.43894524776944155
1314.6699999999594,1569.2018340265377,715.3516847727741,0.7897039649497553,0.744205832219531,0.4373853654925783
1314.6799999999594,1569.2018340265377,715.3546455395406,0.7888841477619263,0.7432653381666503,0.4358276509509728
1314.6899999999594,1569.2018340265377,715.3576062857737,0.7880633199073106,0.742324034517253,0.4342721202397796
1314.6999999999593,1569.2018340265377,715.3605670114742,0.7872414857383845,0.7413819274023715,0.4327187893516404
1314.7099999999593,1569.2018340265377,715.3635277166419,0.7864186496000436,0.7404390229518786,0.43116767416767326
1314.7199999999593,1569.2018340265377,715.366488401277,0.7855948158439058,0.739495327293954,0.4296187904647293
1314.7299999999593,1569.2018340265377,715.36944906538,0.7847699888244855,0.7385508465552001,0.4280721539134036
1314.7399999999593,1569.2018340265377,715.3724097089508,0.7839441728991807,0.7376055868606506,0.42652778007803116
1314.7499999999593,1569.2018340265377,715.3753703319899,0.7831173724319938,0.7366595543335979,0.4249856844185019
1314.7599999999593,1569.2018340265377,715.3783309344972,0.7822895917800985,0.7357127550956012,0.42344588228297375
1314.7699999999593,1569.2018340265377,715.3812915164731,0.7814608353150307,0.7347651952663145,0.4219083889191868
1314.7799999999593,1569.2018340265377,715.3842520779178,0.7806311074012681,0.7338168809635308,0.4203732194629073
1314.7899999999593,1569.2018340265377,715.3872126188315,0.7798004124128489,0.7328678183031196,0.4188403889468628
1314.7999999999593,1569.2018340265377,715.3901731392145,0.7789687547185916,0.7319180133988532,0.4173099122925934
1314.8099999999592,1569.2018340265377,715.3931336390668,0.7781361386996943,0.7309674723625263,0.4157818043200678
1314.8199999999592,1569.2018340265377,715.3960941183889,0.7773025687369784,0.7300162013036371,0.4142560797404778
1314.8299999999592,1569.2018340265377,715.3990545771808,0.7764680492099647,0.7290642063295791,0.4127327531560155
1314.8399999999592,1569.2018340265377,715.4020150154427,0.775632584499572,0.7281114935454697,0.4112118390611666
1314.8499999999592,1569.2018340265377,715.4049754331749,0.7747961789931764,0.7271580690540128,0.40969335184527533
1314.8599999999592,1569.2018340265377,715.4079358303777,0.7739588370854659,0.72620393895551,0.4081773057930196
1314.8699999999592,1569.2018340265377,715.4108962070511,0.7731205631627195,0.7252491093479441,0.40666371507624655
1314.8799999999592,1569.2018340265377,715.4138565631954,0.7722813616175234,0.7242935863266234,0.405152593761415
1314.8899999999592,1569.2018340265377,715.4168168988108,0.7714412368477263,0.7233373759843027,0.40364395580920853
1314.8999999999592,1569.2018340265377,715.4197772138978,0.770600193255366,0.7223804844110102,0.402137815073819
1314.9099999999592,1569.2018340265377,715.4227375084563,0.7697582352379352,0.7214229176942069,0.400634185298623
1314.9199999999591,1569.2018340265377,715.4256977824864,0.7689153671950988,0.7204646819185759,0.3991330801195434
1314.9299999999591,1569.2018340265377,715.4286580359885,0.7680715935356138,0.7195057831658151,0.3976345130684696
1314.9399999999591,1569.2018340265377,715.4316182689629,0.7672269186674215,0.7185462275147947,0.3961384975683402
1314.9499999999591,1569.2018340265377,715.4345784814097,0.7663813469975812,0.7175860210414221,0.3946450469330534
1314.959999999959,1569.2018340265377,715.4375386733292,0.765534882939244,0.7166251698186179,0.39315417437112066
1314.969999999959,1569.2018340265377,715.4404988447213,0.7646875309006483,0.7156636799162167,0.39166589297997534
1314.979999999959,1569.2018340265377,715.4434589955869,0.763839295303852,0.7147015574007217,0.3901802157554061
1314.989999999959,1569.2018340265377,715.4464191259256,0.7629901805630968,0.7137388083357231,0.3886971555810007
1314.999999999959,1569.2018340265377,715.4493792357375,0.7621401910964268,0.7127754387814313,0.3872167252336978
1315.009999999959,1569.2018340265377,715.4523393250233,0.7612893313248655,0.7118114547945784,0.38573893738334764
1315.019999999959,1569.2018340265377,715.4552993937831,0.7604376056782255,0.7108468624286531,0.3842638045959968
1315.029999999959,1569.2018340265377,715.4582594420169,0.7595850185732027,0.7098816677336925,0.38279133932267767
1315.039999999959,1569.2018340265377,715.4612194697252,0.7587315744402794,0.7089158767561471,0.38132155391299366
1315.049999999959,1569.2018340265377,715.4641794769078,0.7578772777056981,0.7079494955390059,0.37985446060624894
1315.059999999959,1569.2018340265377,715.4671394635653,0.7570221328034135,0.7069825301214764,0.37839007153723225
1315.069999999959,1569.2018340265377,715.4700994296978,0.7561661441610832,0.7060149865391838,0.37692839872952655
1315.079999999959,1569.2018340265377,715.4730593753055,0.7553093162109905,0.7050468708239632,0.3754694541008911
1315.089999999959,1569.2018340265377,715.4760193003887,0.7544516533950765,0.7040781890038362,0.3740132494658367
1315.099999999959,1569.2018340265377,715.4789792049473,0.7535931601448191,0.7031089471029889,0.37255979652572824
1315.109999999959,1569.2018340265377,715.481939088982,0.7527338409013337,0.7021391511415627,0.37110910687868737
1315.119999999959,1569.2018340265377,715.4848989524925,0.7518737001011211,0.7011688071359304,0.3696611920129578
1315.129999999959,1569.2018340265377,715.4878587954793,0.7510127421862873,0.7001979210981529,0.36821606331152257
1315.139999999959,1569.2018340265377,715.4908186179428,0.7501509716043145,0.6992264990362544,0.3667737320523978
1315.149999999959,1569.2018340265377,715.4937784198828,0.7492883927930796,0.698254546954239,0.36533420940146444
1315.159999999959,1569.2018340265377,715.4967382012996,0.7484250101978646,0.6972820708517699,0.3638975064206252
1315.169999999959,1569.2018340265377,715.4996979621937,0.7475608282682796,0.6963090767241481,0.362463634066404
1315.179999999959,1569.2018340265377,715.5026577025651,0.7466958514542908,0.6953355705624782,0.36103260318833347
1315.189999999959,1569.2018340265377,715.505617422414,0.7458300842030314,0.6943615583533478,0.35960442452725
1315.199999999959,1569.2018340265377,715.5085771217407,0.7449635309619125,0.6933870460789565,0.3581791087171138
1315.2099999999589,1569.2018340265377,715.5115368005453,0.7440961961875853,0.6924120397169453,0.35675666628930147
1315.2199999999589,1569.2018340265377,715.5144964588283,0.7432280843328491,0.6914365452403008,0.3553371076663637
1315.2299999999589,1569.2018340265377,715.5174560965894,0.7423591998526495,0.6904605686175976,0.3539204431653406
1315.2399999999589,1569.2018340265377,715.5204157138293,0.7414895471948145,0.6894841158124528,0.3525066829929659
1315.2499999999588,1569.2018340265377,715.5233753105479,0.7406191308215784,0.6885071927839187,0.35109583725650867
1315.2599999999588,1569.2018340265377,715.5263348867456,0.7397479551879457,0.6875298054860869,0.3496879159532328
1315.2699999999588,1569.2018340265377,715.5292944424226,0.7388760247550274,0.6865519598683324,0.34828292897717367
1315.2799999999588,1569.2018340265377,715.532253977579,0.7380033439788435,0.6855736618750303,0.3468808861137413
1315.2899999999588,1569.2018340265377,715.535213492215,0.7371299173213279,0.6845949174455744,0.34548179704512927
1315.2999999999588,1569.2018340265377,715.538172986331,0.7362557492443531,0.6836157325142821,0.3440856713475886
1315.3099999999588,1569.2018340265377,715.5411324599272,0.7353808442095693,0.6826361130104135,0.342692518491577
1315.3199999999588,1569.2018340265377,715.5440919130035,0.7345052066785153,0.6816560648581899,0.3413023478420361
1315.3299999999588,1569.2018340265377,715.5470513455604,0.7336288411133713,0.6806755939764362,0.3399151686585929
1315.3399999999588,1569.2018340265377,715.5500107575981,0.7327517519802159,0.6796947062787505,0.33853099009744325
1315.3499999999588,1569.2018340265377,715.5529701491168,0.7318739437437969,0.6787134076734859,0.3371498212091146
1315.3599999999587,1569.2018340265377,715.5559295201166,0.7309954208715235,0.6777317040636569,0.3357716709404327
1315.3699999999587,1569.2018340265377,715.5588888705977,0.7301161878212803,0.676749601346732,0.33439654812893815
1315.3799999999587,1569.2018340265377,715.5618482005605,0.7292362490719848,0.6757671054146928,0.33302446151718823
1315.3899999999587,1569.2018340265377,715.5648075100052,0.7283556090857118,0.6747842221540146,0.3316554197355778
1315.3999999999587,1569.2018340265377,715.5677667989318,0.7274742723240676,0.6738009574456495,0.33028943131009786
1315.4099999999587,1569.2018340265377,715.5707260673406,0.7265922432676557,0.6728173171647831,0.3289265046711433
1315.4199999999587,1569.2018340265377,715.573685315232,0.725709526375894,0.6718333071809292,0.32756664813557823
1315.4299999999587,1569.2018340265377,715.576644542606,0.7248261261220721,0.6708489333578385,0.3262098699228021
1315.4399999999587,1569.2018340265377,715.5796037494628,0.7239420469736679,0.6698642015535186,0.3248561781460842
1315.4499999999587,1569.2018340265377,715.5825629358027,0.7230572934047164,0.6688791176199532,0.3235055808181064
1315.4599999999587,1569.2018340265377,715.585522101626,0.7221718698813053,0.6678936874032745,0.32215808584486266
1315.4699999999586,1569.2018340265377,715.5884812469328,0.721285780878124,0.6669079167436706,0.3208137010332301
1315.4799999999586,1569.2018340265377,715.5914403717233,0.7203990308628038,0.6659218114752946,0.3194724340841303
1315.4899999999586,1569.2018340265377,715.5943994759976,0.7195116243053968,0.6649353774261346,0.3181342925968952
1315.4999999999586,1569.2018340265377,715.5973585597563,0.7186235656811832,0.6639486204180355,0.3167992840707657
1315.5099999999586,1569.2018340265377,715.6003176229993,0.7177348594646129,0.6629615462667592,0.3154674159025106
1315.5199999999586,1569.2018340265377,715.6032766657269,0.7168455101178861,0.6619741607817419,0.3141386953814555
1315.5299999999586,1569.2018340265377,715.6062356879393,0.7159555221176536,0.6609864697660791,0.31281312970147895
1315.5399999999586,1569.2018340265377,715.6091946896366,0.7150648999397624,0.6599984790165855,0.3114907259545952
1315.5499999999586,1569.2018340265377,715.6121536708193,0.7141736480474611,0.6590101943235911,0.3101714911259117
1315.5599999999586,1569.2018340265377,715.6151126314872,0.7132817709196491,0.6580216214711161,0.30885543210637895
1315.5699999999586,1569.2018340265377,715.6180715716409,0.7123892730226651,0.6570327662364384,0.30754255568037475
1315.5799999999585,1569.2018340265377,715.6210304912805,0.7114961588342713,0.656043634390421,0.30623286853669307
1315.5899999999585,1569.2018340265377,715.6239893904062,0.7106024328215764,0.6550542316972705,0.3049263772590464
1315.5999999999585,1569.2018340265377,715.626948269018,0.7097080994568373,0.6540645639145984,0.3036230883332319
1315.6099999999585,1569.2018340265377,715.6299071271164,0.7088131632152125,0.6530746367931414,0.30232300814616236
1315.6199999999585,1569.2018340265377,715.6328659647016,0.7079176285591371,0.6520844560769378,0.3010261429796519
1315.6299999999585,1569.2018340265377,715.6358247817739,0.7070214999685074,0.6510940275032002,0.2997324990234632
1315.6399999999585,1569.2018340265377,715.638783578333,0.7061247819051868,0.650103356802378,0.29844208236053865
1315.6499999999585,1569.2018340265377,715.6417423543795,0.7052274788453265,0.6491124496978018,0.29715489898070024
1315.6599999999585,1569.2018340265377,715.6447011099137,0.7043295952563975,0.648121311905861,0.2958709547713657
1315.6699999999585,1569.2018340265377,715.6476598449357,0.7034311356085199,0.6471299491360288,0.29459025552266815
1315.6799999999585,1569.2018340265377,715.6506185594457,0.7025321043704618,0.6461383670905838,0.29331280692581035
1315.6899999999584,1569.2018340265377,715.6535772534437,0.7016325060083409,0.645146571464787,0.29203861457299535
1315.6999999999584,1569.2018340265377,715.6565359269304,0.7007323449972135,0.6441545679465276,0.2907676839622319
1315.7099999999584,1569.2018340265377,715.6594945799056,0.6998316257959155,0.6431623622166536,0.28950002048747486
1315.7199999999584,1569.2018340265377,715.6624532123697,0.6989303528752748,0.6421699599486932,0.2882356294504159
1315.7299999999584,1569.2018340265377,715.6654118243227,0.6980285306971293,0.6411773668087668,0.2869745160520108
1315.7399999999584,1569.2018340265377,715.6683704157651,0.6971261637342531,0.6401845884556524,0.2857166854010728
1315.7499999999584,1569.2018340265377,715.6713289866972,0.6962232564524271,0.6391916305406591,0.28446214250707696
1315.7599999999584,1569.2018340265377,715.6742875371187,0.6953198133051351,0.638198498707769,0.2832108922784841
1315.7699999999584,1569.2018340265377,715.6772460670302,0.6944158387641179,0.6372051985932832,0.28196293953522594
1315.7799999999584,1569.2018340265377,715.680204576432,0.6935113372908681,0.6362117358258869,0.28071828899742896
1315.7899999999584,1569.2018340265377,715.6831630653239,0.6926063133523583,0.6352181160268302,0.27947694529230505
1315.7999999999583,1569.2018340265377,715.6861215337065,0.6917007713946883,0.6342243448095356,0.2782389129434913
1315.8099999999583,1569.2018340265377,715.6890799815798,0.6907947158916043,0.6332304277797411,0.2770041963910884
1315.8199999999583,1569.2018340265377,715.6920384089441,0.6898881513011725,0.6322363705354133,0.27577279997441695
1315.8299999999583,1569.2018340265377,715.6949968157998,0.6889810820741079,0.6312421786666617,0.27454472793568757
1315.8399999999583,1569.2018340265377,715.6979552021465,0.6880735126718496,0.6302478577559198,0.2733199844277141
1315.8499999999583,1569.2018340265377,715.700913567985,0.687165447556978,0.6292534133774397,0.272098573509943
1315.8599999999583,1569.2018340265377,715.7038719133155,0.6862568911761059,0.6282588510975875,0.27088049914228424
1315.8699999999583,1569.2018340265377,715.706830238138,0.6853478479864817,0.6272641764748736,0.2696657651960384
1315.8799999999583,1569.2018340265377,715.7097885424527,0.6844383224400493,0.6262693950595992,0.2684543754476094
1315.8899999999583,1569.2018340265377,715.7127468262597,0.6835283189928453,0.6252745123940393,0.2672463335827084
1315.8999999999583,1569.2018340265377,715.7157050895597,0.6826178420933656,0.624279534012166,0.26604164319189694
1315.9099999999582,1569.2018340265377,715.7186633323525,0.6817068961900177,0.6232844654399854,0.26484030777415907
1315.9199999999582,1569.2018340265377,715.7216215546383,0.6807954857309664,0.6222893121951842,0.2636423307368827
1315.9299999999582,1569.2018340265377,715.7245797564176,0.6798836151673744,0.6212940797870083,0.26244771539735523
1315.9399999999582,1569.2018340265377,715.7275379376904,0.6789712889416739,0.6202987737165603,0.2612564649788307
1315.9499999999582,1569.2018340265377,715.7304960984569,0.678058511496006,0.6193033994764857,0.2600685826139036
1315.9599999999582,1569.2018340265377,715.7334542387174,0.6771452872775104,0.6183079625510054,0.2588840713469095
1315.9699999999582,1569.2018340265377,715.736412358472,0.6762316207265985,0.6173124684159069,0.2577029341297697
1315.9799999999582,1569.2018340265377,715.7393704577212,0.6753175162843368,0.616316922538309,0.2565251738249935
1315.9899999999582,1569.2018340265377,715.7423285364649,0.6744029783893564,0.6153213303769991,0.2553507932051396
1315.9999999999582,1569.2018340265377,715.7452865947033,0.673488011476511,0.6143256973820818,0.25417979495238724
1316.0099999999582,1569.2018340265377,715.7482446324368,0.6725726199834523,0.613330028994897,0.25301218166132255
1316.0199999999581,1569.2018340265377,715.7512026496656,0.6716568083430824,0.6123343306481661,0.251847955836572
1316.0299999999581,1569.2018340265377,715.75416064639,0.670740580991965,0.6113386077658719,0.25068711989623504
1316.0399999999581,1569.2018340265377,715.7571186226098,0.669823942354388,0.6103428657633283,0.2495296761663439
1316.0499999999581,1569.2018340265377,715.7600765783255,0.6689068968636218,0.6093471100468317,0.24837562688890788
1316.059999999958,1569.2018340265377,715.7630345135376,0.6679894489480334,0.608351346013808,0.2472249742172061
1316.069999999958,1569.2018340265377,715.7659924282458,0.6670716030342773,0.6073555790529989,0.24607772021751045
1316.079999999958,1569.2018340265377,715.7689503224506,0.666153363539711,0.6063598145439588,0.24493386686626503
1316.089999999958,1569.2018340265377,715.771908196152,0.6652347348905987,0.6053640578573575,0.24379341605742783
1316.099999999958,1569.2018340265377,715.7748660493505,0.6643157215092091,0.6043683143547451,0.24265636959788328
1316.109999999958,1569.2018340265377,715.7778238820463,0.6633963278127768,0.6033725893886243,0.24152272920751777
1316.119999999958,1569.2018340265377,715.7807816942392,0.6624765582154749,0.6023768883024841,0.24039249652036432
1316.129999999958,1569.2018340265377,715.7837394859297,0.6615564171339086,0.6013812164304528,0.2392656730867021
1316.139999999958,1569.2018340265377,715.7866972571182,0.6606359089816237,0.6003855790974455,0.23814226037155714
1316.149999999958,1569.2018340265377,715.7896550078046,0.6597150381700826,0.5993899816193525,0.23702225975559502
1316.159999999958,1569.2018340265377,715.7926127379893,0.6587938091013388,0.598394429302539,0.2359056725324892
1316.169999999958,1569.2018340265377,715.7955704476724,0.6578722261892335,0.5973989274441477,0.23479249991716092
1316.179999999958,1569.2018340265377,715.7985281368542,0.6569502938380328,0.5964034813318654,0.23368274303830422
1316.189999999958,1569.2018340265377,715.8014858055349,0.65602801644554,0.595408096244036,0.23257640294001516
1316.199999999958,1569.2018340265377,715.8044434537145,0.6551053984127764,0.5944127774495427,0.2314734805855392
1316.209999999958,1569.2018340265377,715.8074010813936,0.6541824441385811,0.5934175302076525,0.23037397685561162
1316.219999999958,1569.2018340265377,715.8103586885721,0.6532591580217667,0.5924223597682053,0.22927789254975736
1316.229999999958,1569.2018340265377,715.8133162752504,0.6523355444523004,0.591427271371459,0.22818522838346963
1316.239999999958,1569.2018340265377,715.8162738414286,0.6514116078222363,0.5904322702479722,0.22709598499236822
1316.249999999958,1569.2018340265377,715.8192313871068,0.6504873525138039,0.5894373616187567,0.22601016292855192
1316.259999999958,1569.2018340265377,715.8221889122857,0.6495627829293985,0.5884425506948928,0.22492776267113257
1316.269999999958,1569.2018340265377,715.825146416965,0.6486379034410971,0.5874478426780251,0.22384878460946295
1316.279999999958,1569.2018340265377,715.828103901145,0.6477127184314261,0.586453242759865,0.2227732290573429
1316.289999999958,1569.2018340265377,715.8310613648262,0.6467872322826395,0.5854587561222273,0.221701096249702
1316.299999999958,1569.2018340265377,715.8340188080085,0.6458614493691252,0.5844643879371834,0.22063238634051402
1316.3099999999579,1569.2018340265377,715.8369762306922,0.644935374067049,0.5834701433669068,0.21956709940639962
1316.3199999999579,1569.2018340265377,715.8399336328777,0.6440090107435432,0.5824760275635593,0.21850523544325443
1316.3299999999579,1569.2018340265377,715.8428910145648,0.6430823637717895,0.5814820456694427,0.2174467943719085
1316.3399999999579,1569.2018340265377,715.8458483757543,0.6421554375235135,0.5804882028166176,0.21639177603567053
1316.3499999999578,1569.2018340265377,715.8488057164459,0.6412282363546956,0.5794945041274004,0.21534018019630372
1316.3599999999578,1569.2018340265377,715.8517630366399,0.6403007646263215,0.5785009547138665,0.21429200654108482
1316.3699999999578,1569.2018340265377,715.8547203363366,0.6393730266987703,0.5775075596779282,0.21324725468135844
1316.3799999999578,1569.2018340265377,715.8576776155364,0.6384450269264395,0.5765143241113351,0.21220592415115175
1316.3899999999578,1569.2018340265377,715.8606348742394,0.6375167696696351,0.5755212530957136,0.21116801441157282
1316.3999999999578,1569.2018340265377,715.8635921124455,0.6365882592685348,0.5745283517024918,0.21013352484252457
1316.4099999999578,1569.2018340265377,715.8665493301553,0.6356595000723625,0.5735356249926722,0.20910245475264883
1316.4199999999578,1569.2018340265377,715.8695065273689,0.6347304964317968,0.5725430780170234,0.20807480337732656
1316.4299999999578,1569.2018340265377,715.8724637040865,0.6338012526816883,0.5715507158160074,0.2070505698733695
1316.4399999999578,1569.2018340265377,715.8754208603082,0.6328717731636577,0.570558543419703,0.20602975332681164
1316.4499999999578,1569.2018340265377,715.8783779960343,0.6319420622131325,0.5695665658476957,0.20501235274898627
1316.4599999999577,1569.2018340265377,715.8813351112651,0.6310121241625265,0.5685747881091177,0.20399836707802063
1316.4699999999577,1569.2018340265377,715.8842922060009,0.6300819633423221,0.5675832152026877,0.20298779517963123
1316.4799999999577,1569.2018340265377,715.8872492802415,0.6291515840756261,0.5665918521166395,0.2019806358457377
1316.4899999999577,1569.2018340265377,715.8902063339873,0.6282209906878569,0.565600703828533,0.20097688779787146
1316.4999999999577,1569.2018340265377,715.8931633672388,0.6272901875024219,0.5646097753052955,0.1999765496862186
1316.5099999999577,1569.2018340265377,715.896120379996,0.6263591788298177,0.5636190715033789,0.19897962008668343
1316.5199999999577,1569.2018340265377,715.899077372259,0.6254279689936421,0.5626285973685334,0.19798609750943846
1316.5299999999577,1569.2018340265377,715.902034344028,0.624496562293595,0.5616383578357363,0.19699598038753474
1316.5399999999577,1569.2018340265377,715.9049912953035,0.6235649630468789,0.5606483578292716,0.19600926709051028
1316.5499999999577,1569.2018340265377,715.9079482260856,0.6226331755521377,0.5596586022626198,0.19502595591332522
1316.5599999999577,1569.2018340265377,715.9109051363744,0.6217012041101481,0.5586690960386154,0.19404604508343862
1316.5699999999576,1569.2018340265377,715.91386202617,0.6207690530205902,0.5576798440491089,0.1930695327599623
1316.5799999999576,1569.2018340265377,715.916818895473,0.6198367265808089,0.556690851175047,0.1920964170337462
1316.5899999999576,1569.2018340265377,715.9197757442834,0.6189042290771295,0.555702122286669,0.19112669592525158
1316.5999999999576,1569.2018340265377,715.9227325726014,0.6179715647957806,0.554713662243093,0.19016036738809378
1316.6099999999576,1569.2018340265377,715.925689380427,0.617038738026031,0.5537254758926633,0.18919742931065084
1316.6199999999576,1569.2018340265377,715.9286461677609,0.616105753044966,0.5527375680724628,0.1882378795114689
1316.6299999999576,1569.2018340265377,715.931602934603,0.6151726141326801,0.5517499436088122,0.18728171574470326
1316.6399999999576,1569.2018340265377,715.9345596809534,0.6142393255547819,0.5507626073168964,0.18632893569494627
1316.6499999999576,1569.2018340265377,715.9375164068126,0.6133058915897552,0.5497755640006567,0.1853795369859132
1316.6599999999576,1569.2018340265377,715.9404731121807,0.6123723165047709,0.5487888184531013,0.18443351717370493
1316.6699999999576,1569.2018340265377,715.9434297970579,0.6114386045535858,0.5478023754560077,0.1834908737464458
1316.6799999999575,1569.2018340265377,715.9463864614444,0.6105047600004295,0.5468162397799681,0.1825516041319379
1316.6899999999575,1569.2018340265377,715.9493431053403,0.6095707870993025,0.5458304161843959,0.18161570569184943
1316.6999999999575,1569.2018340265377,715.9522997287462,0.6086366901060013,0.5448449094173061,0.18068317572560166
1316.7099999999575,1569.2018340265377,715.955256331662,0.6077024732648011,0.5438597242156633,0.17975401146706044
1316.7199999999575,1569.2018340265377,715.9582129140878,0.6067681408174299,0.5428748653050485,0.1788282100874295
1316.7299999999575,1569.2018340265377,715.961169476024,0.6058336970081964,0.5418903373995908,0.17790576869713395
1316.7399999999575,1569.2018340265377,715.9641260174708,0.604899146075538,0.5409061452021653,0.17698668434387335
1316.7499999999575,1569.2018340265377,715.9670825384286,0.6039644922451388,0.5399222934041364,0.1760709540108863
1316.7599999999575,1569.2018340265377,715.9700390388972,0.6030297397443561,0.5389387866856683,0.17515857462181986
1316.7699999999575,1569.2018340265377,715.972995518877,0.602094892808522,0.5379556297152425,0.17424954304263843
1316.7799999999575,1569.2018340265377,715.9759519783685,0.6011599556505239,0.5369728271498926,0.17334385607337197
1316.7899999999574,1569.2018340265377,715.9789084173715,0.600224932489046,0.5359903836352522,0.17244151045678716
1316.7999999999574,1569.2018340265377,715.9818648358863,0.5992898275387205,0.5350083038053369,0.17154250287580505
1316.8099999999574,1569.2018340265377,715.9848212339132,0.5983546450003928,0.5340265922825909,0.17064682995118405
1316.8199999999574,1569.2018340265377,715.9877776114525,0.5974193890914844,0.5330452536777841,0.16975448825056327
1316.8299999999574,1569.2018340265377,715.9907339685044,0.5964840640002491,0.5320642925902106,0.16886547427595908
1316.8399999999574,1569.2018340265377,715.9936903050689,0.5955486739249678,0.5310837136074715,0.167979784475242
1316.8499999999574,1569.2018340265377,715.9966466211462,0.594613223065171,0.5301035213054479,0.16709741524000835
1316.8599999999574,1569.2018340265377,715.9996029167368,0.5936777156020946,0.5291237202482363,0.16621836290046912
1316.8699999999574,1569.2018340265377,716.0025591918408,0.5927421557247099,0.5281443149883087,0.16534262373331354
1316.8799999999574,1569.2018340265377,716.0055154464582,0.5918065476056947,0.5271653100664117,0.16447019395533394
1316.8899999999574,1569.2018340265377,716.0084716805894,0.5908708954254993,0.5261867100113503,0.16360106973044505
1316.8999999999573,1569.2018340265377,716.0114278942348,0.5899352033547904,0.5252085193401883,0.16273524716533305
1316.9099999999573,1569.2018340265377,716.0143840873943,0.5889994755587732,0.5242307425581836,0.16187272231105884
1316.9199999999573,1569.2018340265377,716.0173402600682,0.5880637161961604,0.5232533841587248,0.16101349116317043
1316.9299999999573,1569.2018340265377,716.0202964122567,0.5871279294299023,0.5222764486232302,0.16015754966500614
1316.9399999999573,1569.2018340265377,716.0232525439602,0.5861921194110046,0.5212999404211973,0.1593048937037113
1316.9499999999573,1569.2018340265377,716.0262086551787,0.5852562902913668,0.5203238640102898,0.15845551911423336
1316.9599999999573,1569.2018340265377,716.0291647459125,0.5843204462064772,0.519348223836125,0.15760942167492292
1316.9699999999573,1569.2018340265377,716.0321208161616,0.5833845913079707,0.5183730243323235,0.1567665971168014
1316.9799999999573,1569.2018340265377,716.0350768659266,0.5824487297222884,0.517398269920447,0.15592704111277772
1316.9899999999573,1569.2018340265377,716.0380328952076,0.5815128655865379,0.5164239650100486,0.15509074928777333
1316.9999999999573,1569.2018340265377,716.0409889040045,0.5805770030234079,0.5154501139987238,0.15425771721243628
1317.0099999999572,1569.2018340265377,716.0439448923179,0.5796411461542655,0.5144767212717481,0.15342794040686575
1317.0199999999572,1569.2018340265377,716.0469008601477,0.5787052991001467,0.5135037912024665,0.15260141434151478
1317.0299999999572,1569.2018340265377,716.0498568074945,0.5777694659665188,0.5125313281519311,0.15177813443337457
1317.0399999999572,1569.2018340265377,716.0528127343581,0.5768336508628656,0.5115593364692158,0.1509580960517652
1317.0499999999572,1569.2018340265377,716.0557686407388,0.575897857895032,0.5105878204910551,0.15014129451650599
1317.0599999999572,1569.2018340265377,716.0587245266372,0.5749620911564549,0.5096167845419342,0.14932772509611053
1317.0699999999572,1569.2018340265377,716.0616803920532,0.5740263547488871,0.5086462329342523,0.14851738301370465
1317.0799999999572,1569.2018340265377,716.0646362369868,0.5730906527485207,0.50767616996815,0.14771026343855095
1317.0899999999572,1569.2018340265377,716.0675920614385,0.5721549892474278,0.5067065999313017,0.14690636149709266
1317.0999999999572,1569.2018340265377,716.0705478654085,0.5712193683273612,0.5057375270992649,0.14610567226677582
1317.1099999999572,1569.2018340265377,716.073503648897,0.5702837940520699,0.5047689557351226,0.14530819077433146
1317.1199999999571,1569.2018340265377,716.0764594119041,0.5693482704945522,0.503800890089798,0.14451391200335906
1317.1299999999571,1569.2018340265377,716.0794151544301,0.5684128017206767,0.5028333344016964,0.14372283089032953
1317.1399999999571,1569.2018340265377,716.0823708764754,0.5674773917881059,0.501866292896796,0.14293494232479706
1317.1499999999571,1569.2018340265377,716.0853265780398,0.5665420447493881,0.5008997697888498,0.14215024115072444
1317.159999999957,1569.2018340265377,716.0882822591238,0.5656067646575723,0.4999337692790296,0.14136872216810167
1317.169999999957,1569.2018340265377,716.0912379197276,0.5646715555507633,0.49896829555609157,0.14059038012958616
1317.179999999957,1569.2018340265377,716.0941935598513,0.5637364214708187,0.4980033527963548,0.13981520974559225
1317.189999999957,1569.2018340265377,716.0971491794953,0.5628013664554167,0.4970389451635332,0.1390432056826104
1317.199999999957,1569.2018340265377,716.1001047786596,0.5618663945218979,0.4960750768090117,0.13827436255979722
1317.209999999957,1569.2018340265377,716.1030603573444,0.5609315097031716,0.49511175187149264,0.13750867495806685
1317.219999999957,1569.2018340265377,716.1060159155502,0.5599967160159751,0.49414897447708656,0.1367461374127074
1317.229999999957,1569.2018340265377,716.1089714532769,0.5590620174708465,0.49318674873951623,0.1359867444163852
1317.239999999957,1569.2018340265377,716.1119269705249,0.5581274180718547,0.49222507875976274,0.135230490419301
1317.249999999957,1569.2018340265377,716.1148824672943,0.5571929218298717,0.4912639686262687,0.13447736983292333
1317.259999999957,1569.2018340265377,716.1178379435854,0.5562585327383986,0.4903034224147348,0.1337273770244199
1317.269999999957,1569.2018340265377,716.1207933993984,0.5553242547856847,0.48934344418835984,0.13298050632015895
1317.279999999957,1569.2018340265377,716.1237488347333,0.5543900919556769,0.48838403799763624,0.1322367520062326
1317.289999999957,1569.2018340265377,716.1267042495907,0.5534560482421857,0.4874252078802227,0.13149610833215894
1317.299999999957,1569.2018340265377,716.1296596439706,0.5525221276075145,0.4864669578612569,0.13075856950159742
1317.309999999957,1569.2018340265377,716.1326150178733,0.5515883340334873,0.48550929195308007,0.13002412968475796
1317.319999999957,1569.2018340265377,716.1355703712987,0.5506546714704381,0.4845522141553293,0.1292927830067639
1317.329999999957,1569.2018340265377,716.1385257042474,0.5497211438892863,0.48359572845481025,0.12856452356028988
1317.339999999957,1569.2018340265377,716.1414810167195,0.5487877552380307,0.48263983882558964,0.12783934539576133
1317.349999999957,1569.2018340265377,716.1444363087152,0.5478545094722298,0.4816845492289419,0.12711724252888248
1317.359999999957,1569.2018340265377,716.1473915802345,0.546921410521093,0.4807298636134051,0.12639820893317263
1317.369999999957,1569.2018340265377,716.150346831278,0.5459884623323267,0.4797757859145447,0.1256822385506625
1317.379999999957,1569.2018340265377,716.1533020618456,0.5450556688359864,0.4788223200551934,0.12496932528402419
1317.389999999957,1569.2018340265377,716.1562572719378,0.5441230339542366,0.4778694699452521,0.1242594629991512
1317.399999999957,1569.2018340265377,716.1592124615545,0.5431905616080966,0.4769172394818564,0.12355264552718981
1317.4099999999569,1569.2018340265377,716.162167630696,0.5422582557127432,0.47596563254917784,0.1228488666637494
1317.4199999999569,1569.2018340265377,716.1651227793627,0.541326120176637,0.47501465301840856,0.12214812016909654
1317.4299999999569,1569.2018340265377,716.1680779075547,0.5403941589035406,0.47406430474796524,0.12145039976911566
1317.4399999999569,1569.2018340265377,716.1710330152721,0.5394623757892912,0.4731145915832541,0.12075569915485611
1317.4499999999568,1569.2018340265377,716.1739881025152,0.5385307747217617,0.47216551735672946,0.12006401198295874
1317.4599999999568,1569.2018340265377,716.1769431692842,0.5375993595949803,0.4712170858878786,0.11937533187918721
1317.4699999999568,1569.2018340265377,716.1798982155794,0.5366681342851525,0.47026930098317093,0.11868965243343901
1317.4799999999568,1569.2018340265377,716.182853241401,0.5357371026615648,0.4693221664361894,0.11800696720265877
1317.4899999999568,1569.2018340265377,716.1858082467489,0.5348062685951898,0.46837568602743346,0.11732726971302226
1317.4999999999568,1569.2018340265377,716.188763231624,0.5338756359489139,0.46742986352426963,0.11665055345813317
1317.5099999999568,1569.2018340265377,716.1917181960258,0.5329452085808221,0.46648470268128117,0.11597681190031142
1317.5199999999568,1569.2018340265377,716.1946731399548,0.5320149903364361,0.46554020723981765,0.11530603846906817
1317.5299999999568,1569.2018340265377,716.1976280634112,0.5310849850597193,0.4645963809282005,0.11463822656400034
1317.5399999999568,1569.2018340265377,716.2005829663954,0.5301551965928691,0.46365322746163595,0.11397336955506873
1317.5499999999568,1569.2018340265377,716.2035378489073,0.5292256287667321,0.46271075054231264,0.11331146078096013
1317.5599999999567,1569.2018340265377,716.2064927109471,0.5282962854049061,0.4617689538593511,0.11265249355034349
1317.5699999999567,1569.2018340265377,716.2094475525154,0.5273671703304496,0.46082784108857394,0.11199646114357008
1317.5799999999567,1569.2018340265377,716.2124023736121,0.5264382873547176,0.45988741589282045,0.11134335681082343
1317.5899999999567,1569.2018340265377,716.2153571742375,0.5255096402896088,0.4589476819217885,0.11069317377502574
1317.5999999999567,1569.2018340265377,716.2183119543918,0.5245812329255698,0.4580086428119869,0.11004590522755121
1317.6099999999567,1569.2018340265377,716.2212667140751,0.5236530690686669,0.45707030218675976,0.10940154433642611
1317.6199999999567,1569.2018340265377,716.2242214532879,0.5227251525099602,0.45613266365623867,0.10876008424021724
1317.6299999999567,1569.2018340265377,716.2271761720302,0.521797487026801,0.4551957308174402,0.10812151804876059
1317.6399999999567,1569.2018340265377,716.2301308703021,0.5208700763923798,0.4542595072542172,0.1074858388455142
1317.6499999999567,1569.2018340265377,716.2330855481041,0.5199429243812445,0.4533239965370336,0.10685303968894964
1317.6599999999567,1569.2018340265377,716.2360402054363,0.5190160347627178,0.4523892022232761,0.1062231136116924
1317.6699999999566,1569.2018340265377,716.2389948422988,0.5180894112878985,0.4514551278571369,0.10559605361818249
1317.6799999999566,1569.2018340265377,716.2419494586919,0.5171630577058465,0.45052177696942214,0.10497185268828985
1317.6899999999566,1569.2018340265377,716.2449040546157,0.516236977769035,0.44958915307783087,0.1043505037788972
1317.6999999999566,1569.2018340265377,716.2478586300708,0.5153111752116214,0.4486572596866207,0.10373199981969579
1317.7099999999566,1569.2018340265377,716.250813185057,0.5143856537656887,0.4477261002869931,0.10311633371703646
1317.7199999999566,1569.2018340265377,716.2537677195746,0.513460417158998,0.44679567835676126,0.10250349835367256
1317.7299999999566,1569.2018340265377,716.2567222336239,0.5125354691097312,0.4458659973604121,0.10189348658809873
1317.7399999999566,1569.2018340265377,716.2596767272051,0.5116108133337689,0.44493706074916944,0.10128629125639553
1317.7499999999566,1569.2018340265377,716.2626312003185,0.5106864535340864,0.4440088719609483,0.10068190517046144
1317.7599999999566,1569.2018340265377,716.2655856529641,0.5097623934125101,0.44308143442041803,0.10008032112073513
1317.7699999999566,1569.2018340265377,716.268540085142,0.5088386366578528,0.4421547515388512,0.09948153187414298
1317.7799999999565,1569.2018340265377,716.271494496853,0.507915186963169,0.44122882671404345,0.09888553017780671
1317.7899999999565,1569.2018340265377,716.2744488880969,0.5069920480051688,0.4403036633307334,0.09829230875555202
1317.7999999999565,1569.2018340265377,716.2774032588737,0.5060692234560883,0.43937926476020267,0.09770186031041396
1317.8099999999565,1569.2018340265377,716.280357609184,0.5051467169870048,0.43845563436026797,0.09711417752561566
1317.8199999999565,1569.2018340265377,716.2833119390278,0.5042245322558014,0.4375327754754516,0.09652925306266971
1317.8299999999565,1569.2018340265377,716.2862662484056,0.5033026729168817,0.4366106914369035,0.09594707956357178
1317.8399999999565,1569.2018340265377,716.2892205373172,0.5023811426115894,0.4356893855624639,0.09536764964934522
1317.8499999999565,1569.2018340265377,716.292174805763,0.501459944989545,0.43476886115647945,0.09479095592436633
1317.8599999999565,1569.2018340265377,716.2951290537434,0.5005390836806803,0.4338491215099035,0.09421699097143091
1317.8699999999565,1569.2018340265377,716.2980832812583,0.4996185623071595,0.4329301699003948,0.09364574735442775
1317.8799999999565,1569.2018340265377,716.3010374883081,0.49869838449292897,0.4320120095920988,0.09307721762037299
1317.8899999999564,1569.2018340265377,716.3039916748929,0.49777855384752984,0.4310946438358191,0.09251139429678404
1317.8999999999564,1569.2018340265377,716.3069458410131,0.4968590739824159,0.4301780758688692,0.09194826989500585
1317.9099999999564,1569.2018340265377,716.3098999866688,0.49593994849669065,0.4292623089151729,0.09138783690793063
1317.9199999999564,1569.2018340265377,716.3128541118601,0.4950211809750843,0.4283473461852942,0.09083008780999831
1317.9299999999564,1569.2018340265377,716.3158082165874,0.4941027750072992,0.42743319087625525,0.09027501506101929
1317.9399999999564,1569.2018340265377,716.3187623008508,0.4931847341782252,0.4265198461716369,0.08972261110472554
1317.9499999999564,1569.2018340265377,716.3217163646506,0.49226706205720744,0.4256073152416793,0.08917286836719435
1317.9599999999564,1569.2018340265377,716.3246704079868,0.4913497621991564,0.4246956012431012,0.08862577925733743
1317.9699999999564,1569.2018340265377,716.3276244308598,0.4904328381724018,0.42378470731913015,0.08808133617227606
1317.9799999999564,1569.2018340265377,716.3305784332699,0.4895162935242787,0.4228746365995688,0.08753953149146475
1317.9899999999564,1569.2018340265377,716.3335324152173,0.48860013179837514,0.4219653922007553,0.08700035758012739
1317.9999999999563,1569.2018340265377,716.3364863767018,0.4876843565311634,0.4210569772256638,0.08646380678901491
1318.0099999999563,1569.2018340265377,716.339440317724,0.4867689712478538,0.420149394763621,0.0859298714538813
1318.0199999999563,1569.2018340265377,716.3423942382842,0.4858539794825911,0.4192426478904775,0.08539854389944408
1318.0299999999563,1569.2018340265377,716.3453481383824,0.48493938474204695,0.41833673966877866,0.08486981643334267
1318.0399999999563,1569.2018340265377,716.3483020180187,0.48402519053651377,0.41743167314751684,0.08434368135185279
1318.0499999999563,1569.2018340265377,716.3512558771935,0.48311140036704275,0.4165274513620933,0.08382013093791796
1318.0599999999563,1569.2018340265377,716.3542097159071,0.48219801772957793,0.41562407733445533,0.0832991574622449
1318.0699999999563,1569.2018340265377,716.3571635341597,0.4812850461065007,0.4147215540731625,0.08278075318218325
1318.0799999999563,1569.2018340265377,716.3601173319511,0.4803724889794595,0.4138198845732794,0.08226491034421746
1318.0899999999563,1569.2018340265377,716.3630711092819,0.47946034982165336,0.4129190718162001,0.08175162118287001
1318.0999999999563,1569.2018340265377,716.3660248661523,0.47854863210136905,0.4120191187699585,0.08124087792174166
1318.1099999999562,1569.2018340265377,716.3689786025625,0.4776373392709419,0.4111200283890526,0.08073267277187639
1318.1199999999562,1569.2018340265377,716.3719323185127,0.47672647478404695,0.410221803614477,0.08022699793502477
1318.1299999999562,1569.2018340265377,716.3748860140028,0.4758160420838429,0.40932444737382573,0.07972384560197227
1318.1399999999562,1569.2018340265377,716.3778396890335,0.47490604460827257,0.40842796258090985,0.07922320795359132
1318.1499999999562,1569.2018340265377,716.3807933436049,0.47399648578155185,0.40753235213630945,0.0787250771599392
1318.1599999999562,1569.2018340265377,716.3837469777168,0.4730873690259202,0.40663761892706174,0.07822944538240412
1318.1699999999562,1569.2018340265377,716.3867005913698,0.4721786977540433,0.40574376582652144,0.07773630477268234
1318.1799999999562,1569.2018340265377,716.3896541845642,0.47127047537866634,0.40485079569467164,0.07724564747478717
1318.1899999999562,1569.2018340265377,716.3926077573,0.4703627052944501,0.4039587113779499,0.07675746562228825
1318.1999999999562,1569.2018340265377,716.3955613095774,0.46945539089295013,0.4030675157093173,0.07627175134110603
1318.2099999999562,1569.2018340265377,716.3985148413966,0.46854853556245823,0.40217721150818897,0.07578849674973824
1318.2199999999561,1569.2018340265377,716.401468352758,0.467642142676355,0.4012878015804349,0.07530769395766274
1318.2299999999561,1569.2018340265377,716.4044218436617,0.46673621560269296,0.40039928871848246,0.07482933506723026
1318.2399999999561,1569.2018340265377,716.4073753141079,0.4658307577030771,0.39951167570121404,0.07435341217372897
1318.2499999999561,1569.2018340265377,716.4103287640967,0.46492577232941995,0.39862496529403607,0.07387991736517903
1318.259999999956,1569.2018340265377,716.4132821936286,0.4640212628430942,0.397739160248743,0.07340884272560616
1318.269999999956,1569.2018340265377,716.4162356027035,0.46311723256715615,0.39685426330375767,0.07294018032783119
1318.279999999956,1569.2018340265377,716.4191889913218,0.46221368483719527,0.3959702771839271,0.07247392224175875
1318.289999999956,1569.2018340265377,716.4221423594837,0.46131062297702363,0.395087204600558,0.07201006053080715
1318.299999999956,1569.2018340265377,716.4250957071894,0.4604080503091173,0.39420504825152086,0.07154858725386365
1318.309999999956,1569.2018340265377,716.4280490344391,0.45950597013778305,0.3933238108211149,0.07108949446288781
1318.319999999956,1569.2018340265377,716.4310023412329,0.45860438575967966,0.39244349498027375,0.07063277420492005
1318.329999999956,1569.2018340265377,716.4339556275711,0.45770330047536184,0.3915641033862625,0.07017841852401728
1318.339999999956,1569.2018340265377,716.4369088934542,0.4568027175682553,0.39068563868284906,0.06972641945834018
1318.349999999956,1569.2018340265377,716.4398621388821,0.45590264031193295,0.389808103500476,0.06927676904162447
1318.359999999956,1569.2018340265377,716.4428153638548,0.4550030719817901,0.3889315004560257,0.0688294593051407
1318.369999999956,1569.2018340265377,716.4457685683728,0.4541040158411757,0.3880558321528234,0.06838448227584365
1318.379999999956,1569.2018340265377,716.4487217524365,0.45320547513944953,0.3871811011806744,0.06794182997637685
1318.389999999956,1569.2018340265377,716.4516749160458,0.45230745312761217,0.3863073101160685,0.06750149442776372
1318.399999999956,1569.2018340265377,716.454628059201,0.4514099530447195,0.3854344615218806,0.06706346764751611
1318.409999999956,1569.2018340265377,716.4575811819022,0.45051297812299246,0.3845625579475755,0.06662774165073869
1318.419999999956,1569.2018340265377,716.46053428415,0.4496165315837565,0.3836916019290441,0.06619430844973179
1318.429999999956,1569.2018340265377,716.4634873659443,0.4487206166435802,0.3828215959888083,0.06576316005523176
1318.439999999956,1569.2018340265377,716.4664404272851,0.447825236507058,0.381952542635991,0.06533428847559468
1318.449999999956,1569.2018340265377,716.469393468173,0.4469303943781506,0.3810844443660188,0.06490768571861111
1318.459999999956,1569.2018340265377,716.4723464886082,0.44603609345195466,0.3802173036610618,0.06448334379069788
1318.469999999956,1569.2018340265377,716.4752994885907,0.44514233690620175,0.37935112298977025,0.06406125469584033
1318.479999999956,1569.2018340265377,716.4782524681208,0.44424912792116344,0.378485904807379,0.0636414104387619
1318.489999999956,1569.2018340265377,716.4812054271987,0.4433564696650043,0.37762165155561256,0.06322380302301876
1318.499999999956,1569.2018340265377,716.4841583658247,0.44246436529582117,0.37675836566279025,0.0628084244515864
1318.5099999999559,1569.2018340265377,716.487111283999,0.441572817964798,0.3758960495437976,0.0623952667275491
1318.5199999999559,1569.2018340265377,716.4900641817216,0.4406818308214089,0.3750347056001577,0.06198432185509671
1318.5299999999559,1569.2018340265377,716.4930170589929,0.4397914069987489,0.3741743362198389,0.061575581837629775
1318.5399999999559,1569.2018340265377,716.4959699158131,0.43890154962504035,0.37331494377749075,0.06116903867971019
1318.5499999999558,1569.2018340265377,716.4989227521826,0.4380122618245843,0.3724565306342855,0.060764684387370545
1318.5599999999558,1569.2018340265377,716.5018755681011,0.43712354670438225,0.371599099138122,0.06036251096655849
1318.5699999999558,1569.2018340265377,716.5048283635692,0.43623540737052463,0.370742651623334,0.05996251042556046
1318.5799999999558,1569.2018340265377,716.5077811385872,0.435347846919008,0.3698871904108954,0.05956467477402474
1318.5899999999558,1569.2018340265377,716.510733893155,0.4344608684428908,0.36903271780852526,0.05916899602420936
1318.5999999999558,1569.2018340265377,716.513686627273,0.43357447501470836,0.3681792361103974,0.05877546618872012
1318.6099999999558,1569.2018340265377,716.5166393409413,0.4326886697061248,0.36732674759744377,0.05838407728352921
1318.6199999999558,1569.2018340265377,716.5195920341603,0.4318034555878726,0.3664752545370989,0.057994821328090994
1318.6299999999558,1569.2018340265377,716.5225447069301,0.43091883571115386,0.3656247591835032,0.05760769034312511
1318.6399999999558,1569.2018340265377,716.5254973592507,0.4300348131252017,0.36477526377757585,0.057222676353236454
1318.6499999999558,1569.2018340265377,716.5284499911227,0.4291513908648777,0.3639267705466297,0.0568397713853558
1318.6599999999557,1569.2018340265377,716.5314026025462,0.428268571967208,0.3630792817047713,0.05645896747128713
1318.6699999999557,1569.2018340265377,716.5343551935213,0.42738635944747705,0.3622327994528758,0.05608025664475058
1318.6799999999557,1569.2018340265377,716.5373077640481,0.4265047563283171,0.36138732597836615,0.05570363094537336
1318.6899999999557,1569.2018340265377,716.540260314127,0.42562376561270754,0.36054286345541686,0.05532908241541282
1318.6999999999557,1569.2018340265377,716.5432128437583,0.42474339029646946,0.35969941404476774,0.05495660310156606
1318.7099999999557,1569.2018340265377,716.5461653529421,0.4238636333701817,0.3588569798940238,0.05458618505551955
1318.7199999999557,1569.2018340265377,716.5491178416785,0.42298449781511677,0.35801556313750216,0.054217820333583744
1318.7299999999557,1569.2018340265377,716.5520703099679,0.42210598660733306,0.35717516589607784,0.053851500997382694
1318.7399999999557,1569.2018340265377,716.5550227578104,0.4212281027104826,0.35633579027751744,0.05348721911324179
1318.7499999999557,1569.2018340265377,716.5579751852064,0.42035084908293685,0.35549743837622877,0.0531249667532323
1318.7599999999557,1569.2018340265377,716.5609275921557,0.4194742286624591,0.35466011227346395,0.05276473599350118
1318.7699999999556,1569.2018340265377,716.5638799786587,0.41859824440197185,0.35382381403716723,0.05240651891894403
1318.7799999999556,1569.2018340265377,716.566832344716,0.4177228992307332,0.3529885457219528,0.05205030761849437
1318.7899999999556,1569.2018340265377,716.5697846903274,0.4168481960644362,0.35215430936937214,0.05169609418670167
1318.7999999999556,1569.2018340265377,716.5727370154931,0.4159741378237477,0.35132110700776154,0.051343870726188484
1318.8099999999556,1569.2018340265377,716.5756893202134,0.4151007274126638,0.35048894065212516,0.050993629345116295
1318.8199999999556,1569.2018340265377,716.5786416044887,0.4142279677288703,0.349657812304337,0.05064536215873185
1318.8299999999556,1569.2018340265377,716.581593868319,0.41335586166361965,0.34882772395308753,0.050299061289525056
1318.8399999999556,1569.2018340265377,716.5845461117045,0.4124844120966772,0.34799867757395697,0.04995471886682511
1318.8499999999556,1569.2018340265377,716.5874983346454,0.41161362189830986,0.347170675129299,0.04961232702720681
1318.8599999999556,1569.2018340265377,716.5904505371421,0.4107434939395038,0.3463437185682193,0.049271877915903504
1318.8699999999556,1569.2018340265377,716.5934027191947,0.40987403106947007,0.3455178098268738,0.04893336368436849
1318.8799999999555,1569.2018340265377,716.5963548808033,0.4090052361371247,0.344692950828192,0.048596776492972664
1318.8899999999555,1569.2018340265377,716.5993070219682,0.40813711197879315,0.3438691434819843,0.04826210850974311
1318.8999999999555,1569.2018340265377,716.6022591426897,0.4072696614273146,0.34304638968492174,0.047929351911623785
1318.9099999999555,1569.2018340265377,716.6052112429682,0.4064028873060125,0.342224691320579,0.047598498883949326
1318.9199999999555,1569.2018340265377,716.6081633228033,0.4055367924235631,0.34140405025960396,0.04726954162007699
1318.9299999999555,1569.2018340265377,716.6111153821955,0.404671379585152,0.34058446835941336,0.04694247232279172
1318.9399999999555,1569.2018340265377,716.6140674211454,0.4038066515874276,0.3397659474642997,0.046617283203917
1318.9499999999555,1569.2018340265377,716.6170194396527,0.40294261121838576,0.33894848940569594,0.04629396648454962
1318.9599999999555,1569.2018340265377,716.6199714377178,0.4020792612534044,0.33813209600190325,0.04597251439470551
1318.9699999999555,1569.2018340265377,716.622923415341,0.4012166044683761,0.33731676905816677,0.04565291917501859
1318.9799999999555,1569.2018340265377,716.6258753725224,0.4003546436194701,0.33650251036678286,0.045335173074624015
1318.9899999999554,1569.2018340265377,716.6288273092623,0.39949338146223856,0.33568932170698523,0.045019268353480066
1318.9999999999554,1569.2018340265377,716.6317792255606,0.3986328207386119,0.3348772048451464,0.04470519728110984
1319.0099999999554,1569.2018340265377,716.634731121418,0.397772964180839,0.3340661615344774,0.04439295213714013
1319.0199999999554,1569.2018340265377,716.6376829968344,0.39691381452658314,0.3332561935153537,0.04408252521323283
1319.0299999999554,1569.2018340265377,716.6406348518102,0.39605537448372796,0.3324473025151722,0.043773908809281774
1319.0399999999554,1569.2018340265377,716.6435866863454,0.395197646766513,0.3316394902484265,0.043467095237625535
1319.0499999999554,1569.2018340265377,716.6465385004402,0.39434063407147846,0.3308327584166897,0.043162076820529464
1319.0599999999554,1569.2018340265377,716.6494902940951,0.3934843390964819,0.3300271087085035,0.042858845892410714
1319.0699999999554,1569.2018340265377,716.6524420673103,0.39262876452462153,0.3292225427996409,0.04255739479829448
1319.0799999999554,1569.2018340265377,716.6553938200855,0.39177391302029474,0.32841906235308815,0.042257715893555065
1319.0899999999554,1569.2018340265377,716.6583455524213,0.3909197872611487,0.32761666901871833,0.04195980154744123
1319.0999999999553,1569.2018340265377,716.6612972643181,0.3900663899000557,0.32681536443367776,0.04166364413920914
1319.1099999999553,1569.2018340265377,716.6642489557759,0.3892137235831444,0.3260151502223374,0.04136923606021866
1319.1199999999553,1569.2018340265377,716.6672006267947,0.3883617909527735,0.325216027996184,0.041076569714364075
1319.1299999999553,1569.2018340265377,716.6701522773749,0.3875105946365571,0.3244179993539273,0.04078563751708101
1319.1399999999553,1569.2018340265377,716.6731039075169,0.3866601372651989,0.3236210658813612,0.04049643189734097
1319.1499999999553,1569.2018340265377,716.6760555172208,0.3858104214397741,0.3228252291516248,0.04020894529442151
1319.1599999999553,1569.2018340265377,716.6790071064864,0.3849614497743666,0.3220304907251852,0.03992317016251952
1319.1699999999553,1569.2018340265377,716.6819586753145,0.38411322485537536,0.32123685214951675,0.039639098966558185
1319.1799999999553,1569.2018340265377,716.6849102237051,0.3832657492763237,0.320444314959514,0.039356724186052426
1319.1899999999553,1569.2018340265377,716.6878617516584,0.3824190256138247,0.3196528806773238,0.03907603831270939
1319.1999999999553,1569.2018340265377,716.6908132591745,0.3815730564347798,0.31886255081242143,0.03879703385133671
1319.2099999999552,1569.2018340265377,716.6937647462536,0.3807278443030695,0.31807332686162626,0.03851970332066097
1319.2199999999552,1569.2018340265377,716.6967162128963,0.3798833917658427,0.31728521030887463,0.03824403925201207
1319.2299999999552,1569.2018340265377,716.6996676591024,0.37903970136830567,0.31649820262572204,0.037970034191078875
1319.2399999999552,1569.2018340265377,716.7026190848723,0.37819677564275467,0.3157123052709336,0.037697680696830604
1319.2499999999552,1569.2018340265377,716.705570490206,0.3773546171156379,0.3149275196907126,0.03742697134241233
1319.2599999999552,1569.2018340265377,716.708521875104,0.376513228298503,0.31414384731859624,0.03715789871434742
1319.2699999999552,1569.2018340265377,716.7114732395664,0.3756726117038897,0.3133612895755624,0.03689045541426522
1319.2799999999552,1569.2018340265377,716.7144245835934,0.37483276981963537,0.3125798478700464,0.03662463405649542
1319.2899999999552,1569.2018340265377,716.7173759071851,0.3739937051482894,0.31179952359792673,0.036360427272059084
1319.2999999999552,1569.2018340265377,716.720327210342,0.37315542015980535,0.3110203181424228,0.036097827704133396
1319.3099999999552,1569.2018340265377,716.723278493064,0.3723179173289758,0.31024223287444147,0.03583682801191416
1319.3199999999551,1569.2018340265377,716.7262297553515,0.37148119911969135,0.30946526915217454,0.0355774208691009
1319.3299999999551,1569.2018340265377,716.7291809972046,0.37064526797706887,0.30868942832147533,0.035319598963356916
1319.3399999999551,1569.2018340265377,716.7321322186236,0.3698101263587279,0.3079147117156363,0.03506335499936357
1319.3499999999551,1569.2018340265377,716.7350834196088,0.3689757766879611,0.3071411206555268,0.034808681694498286
1319.359999999955,1569.2018340265377,716.7380346001601,0.3681422213936997,0.3063686564496693,0.03455557178277718
1319.369999999955,1569.2018340265377,716.7409857602779,0.3673094628938994,0.30559732039398974,0.03430401801332461
1319.379999999955,1569.2018340265377,716.7439368999626,0.36647750359852904,0.30482711377210286,0.03405401315083156
1319.389999999955,1569.2018340265377,716.7468880192142,0.365646345906525,0.3040580378552709,0.03380554997537154
1319.399999999955,1569.2018340265377,716.7498391180328,0.3648159922069353,0.30329009390242095,0.0335586212826227
1319.409999999955,1569.2018340265377,716.7527901964188,0.36398644487774395,0.30252328316001564,0.03331321988384047
1319.419999999955,1569.2018340265377,716.7557412543725,0.3631577062966523,0.30175760686221936,0.03306933860698653
1319.429999999955,1569.2018340265377,716.758692291894,0.362329778823615,0.30099306623097566,0.032826970295247275
1319.439999999955,1569.2018340265377,716.7616433089833,0.36150266481632853,0.3002296624759366,0.03258610780853691
1319.449999999955,1569.2018340265377,716.7645943056408,0.36067636661083835,0.29946739679433504,0.03234674402181649
1319.459999999955,1569.2018340265377,716.7675452818669,0.35985088655338515,0.29870627037123865,0.03210887182811955
1319.469999999955,1569.2018340265377,716.7704962376616,0.35902622696487907,0.2979462843795097,0.03187248413544409
1319.479999999955,1569.2018340265377,716.773447173025,0.35820239016181943,0.2971874399798238,0.03163757386873827
1319.489999999955,1569.2018340265377,716.7763980879574,0.35737937845460394,0.29642973832057185,0.031404133969816214
1319.499999999955,1569.2018340265377,716.7793489824594,0.3565571941464538,0.2956731805379099,0.031172157397362822
1319.509999999955,1569.2018340265377,716.7822998565307,0.3557358395246939,0.2949177677560396,0.03094163712632349
1319.519999999955,1569.2018340265377,716.7852507101716,0.35491531686957495,0.2941635010869072,0.03071256614871066
1319.529999999955,1569.2018340265377,716.7882015433825,0.3540956284540444,0.29341038163028227,0.030484937473687027
1319.539999999955,1569.2018340265377,716.7911523561635,0.3532767765410633,0.29265841047392194,0.03025874412745519
1319.549999999955,1569.2018340265377,716.7941031485149,0.35245876338921606,0.29190758869347483,0.0300339791538053
1319.559999999955,1569.2018340265377,716.7970539204367,0.35164159123166516,0.2911579173525587,0.029810635612423093
1319.569999999955,1569.2018340265377,716.8000046719292,0.3508252623173404,0.2904093975027513,0.029588706582482624
1319.579999999955,1569.2018340265377,716.8029554029929,0.3500097788669211,0.28966203018346726,0.029368185158957692
1319.589999999955,1569.2018340265377,716.8059061136277,0.34919514309572436,0.2889158164223519,0.029149064454736716
1319.599999999955,1569.2018340265377,716.8088568038337,0.3483813572147286,0.2881707572349564,0.028931337600714428
1319.6099999999549,1569.2018340265377,716.8118074736115,0.34756842342190236,0.2874268536248162,0.028714997745161525
1319.6199999999549,1569.2018340265377,716.8147581229609,0.34675634391082993,0.2866841065836431,0.028500038054559012
1319.6299999999549,1569.2018340265377,716.8177087518826,0.34594512085734513,0.2859425170911172,0.028286451712530945
1319.6399999999549,1569.2018340265377,716.8206593603763,0.34513475643289265,0.2852020861151649,0.028074231921080984
1319.6499999999548,1569.2018340265377,716.8236099484426,0.34432525280355497,0.28446281461169387,0.027863371900525784
1319.6599999999548,1569.2018340265377,716.8265605160816,0.3435166121213503,0.2837247035248144,0.027653864888904013
1319.6699999999548,1569.2018340265377,716.8295110632934,0.3427088365321327,0.28298775378685975,0.027445704142695336
1319.6799999999548,1569.2018340265377,716.8324615900782,0.3419019281658294,0.282251966318265,0.027238882936083855
1319.6899999999548,1569.2018340265377,716.8354120964364,0.34109588914886085,0.28151734202770307,0.027033394562052872
1319.6999999999548,1569.2018340265377,716.8383625823681,0.34029072160408336,0.2807838818120764,0.026829232332435504
1319.7099999999548,1569.2018340265377,716.8413130478735,0.3394864276329529,0.2800515865565393,0.026626389576575888
1319.7199999999548,1569.2018340265377,716.8442634929528,0.3386830093351842,0.27932045713457554,0.026424859642969003
1319.7299999999548,1569.2018340265377,716.8472139176062,0.33788046879562933,0.27859049440787903,0.02622463589826915
1319.7399999999548,1569.2018340265377,716.8501643218341,0.337078808104071,0.27786169922643256,0.026025711728908628
1319.7499999999548,1569.2018340265377,716.8531147056365,0.33627802932035217,0.27713407242869775,0.025828080538488955
1319.7599999999547,1569.2018340265377,716.8560650690137,0.33547813450731234,0.27640761484138443,0.02563173575035706
1319.7699999999547,1569.2018340265377,716.8590154119657,0.3346791257232083,0.2756823272796408,0.02543667080710036
1319.7799999999547,1569.2018340265377,716.8619657344932,0.3338810050030747,0.27495821054693637,0.025242879169165545
1319.7899999999547,1569.2018340265377,716.8649160365961,0.33308377438760617,0.2742352654352511,0.025050354317151274
1319.7999999999547,1569.2018340265377,716.8678663182744,0.33228743589516796,0.27351349272507,0.024859089749739945
1319.8099999999547,1569.2018340265377,716.8708165795288,0.3314919915405441,0.27279289318515526,0.024669078985132712
1319.8199999999547,1569.2018340265377,716.873766820359,0.33069744333293144,0.2720734675729578,0.024480315561018987
1319.8299999999547,1569.2018340265377,716.8767170407657,0.3299037932694988,0.271355216634307,0.024292793034091716
1319.8399999999547,1569.2018340265377,716.8796672407487,0.32911104333256813,0.2706381411036828,0.02410650497994736
1319.8499999999547,1569.2018340265377,716.8826174203084,0.3283191955026146,0.269922241704072,0.02392144499406876
1319.8599999999547,1569.2018340265377,716.8855675794453,0.32752825174811384,0.2692075191469649,0.023737606691124243
1319.8699999999546,1569.2018340265377,716.888517718159,0.326738214029126,0.2684939741326528,0.023554983705332384
1319.8799999999546,1569.2018340265377,716.89146783645,0.32594908429280617,0.2677816073499486,0.023373569690136157
1319.8899999999546,1569.2018340265377,716.8944179343187,0.3251608644825243,0.2670704194762648,0.023193358318920693
1319.8999999999546,1569.2018340265377,716.8973680117651,0.32437355653515415,0.2663604111777478,0.023014343284879054
1319.9099999999546,1569.2018340265377,716.9003180687896,0.3235871623626366,0.26565158310927206,0.022836518299748712
1319.9199999999546,1569.2018340265377,716.903268105392,0.3228016838841721,0.26494393591446497,0.022659877096147838
1319.9299999999546,1569.2018340265377,716.9062181215729,0.3220171229968276,0.2642374702255925,0.022484413425514205
1319.9399999999546,1569.2018340265377,716.9091681173325,0.32123348160581694,0.26353218666374834,0.02231012106030535
1319.9499999999546,1569.2018340265377,716.9121180926709,0.3204507615877678,0.2628280858388212,0.0221369937914626
1319.9599999999546,1569.2018340265377,716.9150680475882,0.3196689648192489,0.26212516834957456,0.02196502543045882
1319.9699999999546,1569.2018340265377,716.9180179820847,0.3188880931702158,0.2614234347835337,0.021794209808851883
1319.9799999999545,1569.2018340265377,716.9209678961608,0.3181081484976972,0.26072288571709157,0.02162454077790481
1319.9899999999545,1569.2018340265377,716.9239177898165,0.3173291326457338,0.26002352171561416,0.021456012208641115
1319.9999999999545,1569.2018340265377,716.926867663052,0.3165510474564265,0.25932534333332913,0.021288617992610077
1320.0099999999545,1569.2018340265377,716.9298175158676,0.3157738947542888,0.2586283511133771,0.021122352040868653
1320.0199999999545,1569.2018340265377,716.9327673482637,0.3149976763673498,0.2579325455878637,0.020957208285441117
1320.0299999999545,1569.2018340265377,716.9357171602402,0.31422239409792346,0.25723792727799033,0.0207931806774141
1320.0399999999545,1569.2018340265377,716.9386669517974,0.31344804975082236,0.2565444966938644,0.020630263188822027
1320.0499999999545,1569.2018340265377,716.9416167229355,0.31267464512063275,0.25585225433465797,0.02046844981184797
1320.0599999999545,1569.2018340265377,716.9445664736547,0.31190218198722286,0.2551612006886056,0.020307734558560542
1320.0699999999545,1569.2018340265377,716.9475162039554,0.31113066212565194,0.25447133623302903,0.020148111461596035
1320.0799999999545,1569.2018340265377,716.9504659138374,0.31036008729535197,0.25378266143441536,0.01998957457349216
1320.0899999999544,1569.2018340265377,716.9534156033013,0.3095904592572552,0.2530951767482819,0.019832117967799885
1320.0999999999544,1569.2018340265377,716.9563652723474,0.3088217797548308,0.2524088826193349,0.019675735737905677
1320.1099999999544,1569.2018340265377,716.9593149209755,0.3080540505241319,0.2517237794815731,0.01952042199772131
1320.1199999999544,1569.2018340265377,716.9622645491861,0.3072872732899827,0.2510398677581013,0.019366170881433265
1320.1299999999544,1569.2018340265377,716.9652141569792,0.30652144976888607,0.2503571478613143,0.01921297654373794
1320.1399999999544,1569.2018340265377,716.9681637443554,0.30575658167513414,0.24967562019276418,0.01906083316022062
1320.1499999999544,1569.2018340265377,716.9711133113145,0.30499267070207003,0.2489952851434484,0.018909734926244957
1320.1599999999544,1569.2018340265377,716.9740628578568,0.3042297185426429,0.24831614309362499,0.018759676058229903
1320.1699999999544,1569.2018340265377,716.9770123839826,0.30346772687520257,0.24763819441281174,0.018610650792780827
1320.1799999999544,1569.2018340265377,716.979961889692,0.30270669736866,0.2469614394599695,0.01846265338705724
1320.1899999999544,1569.2018340265377,716.9829113749855,0.30194663169069946,0.2462858785833964,0.018315678119270457
1320.1999999999543,1569.2018340265377,716.985860839863,0.3011875314872342,0.24561151212088458,0.01816971928746869
1320.2099999999543,1569.2018340265377,716.9888102843248,0.3004293984046007,0.24493834039958914,0.018024771210883188
1320.2199999999543,1569.2018340265377,716.9917597083712,0.29967223407803134,0.24426636373615807,0.017880828229256372
1320.2299999999543,1569.2018340265377,716.9947091120025,0.29891604012724665,0.24359558243670693,0.01773788470259115
1320.2399999999543,1569.2018340265377,716.9976584952184,0.29816081816975537,0.24292599679702492,0.017595935011986717
1320.2499999999543,1569.2018340265377,717.0006078580196,0.29740656980841396,0.24225760710218802,0.017454973558850458
1320.2599999999543,1569.2018340265377,717.0035572004064,0.2966532966464539,0.24159041362699837,0.017314994765856677
1320.2699999999543,1569.2018340265377,717.0065065223787,0.29590100026635835,0.24092441663585554,0.017175993075694087
1320.2799999999543,1569.2018340265377,717.0094558239367,0.29514968224305255,0.2402596163827818,0.017037962951856507
1320.2899999999543,1569.2018340265377,717.0124051050806,0.294399344149158,0.23959601311144973,0.016900898878951937
1320.2999999999543,1569.2018340265377,717.015354365811,0.29364998754448374,0.23893360705505437,0.01676479536207902
1320.3099999999542,1569.2018340265377,717.0183036061278,0.2929016139751207,0.23827239843674955,0.016629646926847437
1320.3199999999542,1569.2018340265377,717.0212528260312,0.2921542249822554,0.23761238746926439,0.01649544811983203
1320.3299999999542,1569.2018340265377,717.0242020255214,0.2914078220977361,0.23695357435510914,0.016362193508348964
1320.3399999999542,1569.2018340265377,717.0271512045987,0.29066240684411243,0.2362959592865769,0.016229877680460227
1320.3499999999542,1569.2018340265377,717.0301003632634,0.2899179807372241,0.23563954244574417,0.016098495245118777
1320.3599999999542,1569.2018340265377,717.0330495015154,0.28917454526965014,0.23498432400462438,0.01596804083127207
1320.3699999999542,1569.2018340265377,717.0359986193553,0.28843210194734265,0.23433030412494207,0.01583850908986396
1320.3799999999542,1569.2018340265377,717.0389477167831,0.287690652249513,0.23367748295841212,0.015709894691646326
1320.3899999999542,1569.2018340265377,717.0418967937991,0.2869501976504171,0.2330258606466657,0.015582192328376562
1320.3999999999542,1569.2018340265377,717.0448458504032,0.2862107396167663,0.23237543732127722,0.015455396712671916
1320.4099999999542,1569.2018340265377,717.0477948865961,0.2854722796059427,0.23172621310371613,0.015329502577901097
1320.4199999999541,1569.2018340265377,717.0507439023777,0.2847348190651724,0.2310781881055249,0.015204504678159498
1320.4299999999541,1569.2018340265377,717.0536928977483,0.283998359431547,0.23043136242824572,0.015080397788256657
1320.4399999999541,1569.2018340265377,717.056641872708,0.28326290213370703,0.22978573616349693,0.01495717670381054
1320.4499999999541,1569.2018340265377,717.0595908272572,0.2825284485952785,0.22914130939292668,0.014834836241413948
1320.459999999954,1569.2018340265377,717.0625397613961,0.2817950002220111,0.22849808218831463,0.014713371237962528
1320.469999999954,1569.2018340265377,717.0654886751247,0.28106255841899497,0.22785605461162384,0.014592776551559647
1320.479999999954,1569.2018340265377,717.0684375684434,0.28033112456911846,0.22721522671487918,0.014473047060366975
1320.489999999954,1569.2018340265377,717.0713864413523,0.2796007000640213,0.22657559854039352,0.014354177664231683
1320.499999999954,1569.2018340265377,717.0743352938517,0.2788712862723159,0.22593717012059766,0.014236163283005763
1320.509999999954,1569.2018340265377,717.0772841259419,0.2781428845619614,0.22529994147823992,0.014118998857715915
1320.519999999954,1569.2018340265377,717.0802329376228,0.2774154962813222,0.22466391262636476,0.014002679349580225
1320.529999999954,1569.2018340265377,717.0831817288949,0.2766891227789173,0.22402908356819343,0.013887199740986659
1320.539999999954,1569.2018340265377,717.0861304997584,0.2759637653905838,0.2233954542973965,0.013772555034859734
1320.549999999954,1569.2018340265377,717.0890792502133,0.27523942544456953,0.22276302479795074,0.013658740254886052
1320.559999999954,1569.2018340265377,717.09202798026,0.274516104255602,0.22213179504421532,0.013545750445214052
1320.569999999954,1569.2018340265377,717.0949766898985,0.27379380313348795,0.22150176500098456,0.013433580670872875
1320.579999999954,1569.2018340265377,717.0979253791295,0.27307252337696725,0.2208729346233943,0.013322226017438965
1320.589999999954,1569.2018340265377,717.1008740479527,0.2723522662738923,0.220245303857192,0.013211681591063217
1320.599999999954,1569.2018340265377,717.1038226963684,0.27163303310793807,0.2196188726385717,0.01310194251875925
1320.609999999954,1569.2018340265377,717.106771324377,0.270914825145095,0.21899364089417717,0.012993003947731023
1320.619999999954,1569.2018340265377,717.1097199319785,0.2701976436546988,0.21836960854127582,0.012884861046389183
1320.629999999954,1569.2018340265377,717.1126685191733,0.2694814898860005,0.21774677548766577,0.01277750900319237
1320.639999999954,1569.2018340265377,717.1156170859616,0.2687663650789336,0.21712514163180036,0.012670943027164146
1320.649999999954,1569.2018340265377,717.1185656323433,0.2680522704735001,0.21650470686279233,0.012565158348312611
1320.659999999954,1569.2018340265377,717.1215141583192,0.2673392072912091,0.21588547106027478,0.012460150216715279
1320.669999999954,1569.2018340265377,717.1244626638891,0.2666271767485317,0.21526743409474008,0.012355913903172333
1320.679999999954,1569.2018340265377,717.127411149053,0.2659161800519519,0.21465059582735352,0.012252444698928526
1320.689999999954,1569.2018340265377,717.1303596138116,0.2652062183986601,0.21403495610995785,0.012149737915683348
1320.699999999954,1569.2018340265377,717.133308058165,0.26449729297754243,0.21342051478522106,0.012047788885629213
1320.7099999999539,1569.2018340265377,717.1362564821133,0.26378940496819236,0.2128072716866407,0.011946592961381328
1320.7199999999539,1569.2018340265377,717.1392048856565,0.2630825555394101,0.21219522663857254,0.011846145515888234
1320.7299999999539,1569.2018340265377,717.1421532687951,0.2623767458516275,0.21158437945611724,0.011746441942504095
1320.7399999999539,1569.2018340265377,717.1451016315295,0.26167197705525436,0.21097472994533875,0.011647477654912168
1320.7499999999538,1569.2018340265377,717.1480499738595,0.2609682502956027,0.21036627790329118,0.01154924808731962
1320.7599999999538,1569.2018340265377,717.1509982957855,0.2602655667039136,0.20975902311788416,0.011451748694015104
1320.7699999999538,1569.2018340265377,717.1539465973076,0.2595639273989529,0.2091529653680289,0.011354974949432892
1320.7799999999538,1569.2018340265377,717.1568948784262,0.2588633335058938,0.20854810442361993,0.011258922348947643
1320.7899999999538,1569.2018340265377,717.1598431391415,0.2581637861235365,0.20794444004563403,0.011163586407418769
1320.7999999999538,1569.2018340265377,717.1627913794534,0.257465286348076,0.20734197198611237,0.011068962660202127
1320.8099999999538,1569.2018340265377,717.1657395993624,0.2567678352673853,0.2067406999881659,0.010975046662867713
1320.8199999999538,1569.2018340265377,717.1686877988687,0.2560714339601563,0.20614062378598216,0.01088183399113207
1320.8299999999538,1569.2018340265377,717.1716359779725,0.2553760834967881,0.20554174310499204,0.010789320240882116
1320.8399999999538,1569.2018340265377,717.174584136674,0.254681784936851,0.2049440576617603,0.010697501028024033
1320.8499999999538,1569.2018340265377,717.1775322749731,0.25398853932438686,0.2043475671640844,0.010606371988266973
1320.8599999999537,1569.2018340265377,717.1804803928707,0.2532963477104187,0.20375227131090792,0.010515928778023455
1320.8699999999537,1569.2018340265377,717.1834284903665,0.25260521112235407,0.20315816979255688,0.010426167073117956
1320.8799999999537,1569.2018340265377,717.1863765674606,0.25191513058089376,0.2025652622906763,0.010337082569457505
1320.8899999999537,1569.2018340265377,717.1893246241535,0.2512261071049115,0.20197354847807691,0.0102486709831777
1320.8999999999537,1569.2018340265377,717.1922726604455,0.25053814169684796,0.20138302801903885,0.010160928050037769
1320.9099999999537,1569.2018340265377,717.1952206763366,0.2498512353573827,0.20079370056922613,0.010073849525976456
1320.9199999999537,1569.2018340265377,717.198168671827,0.24916538906679528,0.20020556577569334,0.009987431186320941
1320.9299999999537,1569.2018340265377,717.201116646917,0.24848060380673853,0.19961862327696028,0.009901668826638815
1320.9399999999537,1569.2018340265377,717.2040646016068,0.24779688054575083,0.1990328727029508,0.009816558262108838
1320.9499999999537,1569.2018340265377,717.2070125358966,0.247114220240179,0.19844831367515786,0.00973209532754099
1320.9599999999537,1569.2018340265377,717.2099604497865,0.2464326238443992,0.1978649458066276,0.009648275877740635
1320.9699999999536,1569.2018340265377,717.2129083432769,0.24575209229582468,0.19728276870187586,0.009565095786870294
1320.9799999999536,1569.2018340265377,717.215856216368,0.2450726265339274,0.1967017819570531,0.009482550949172153
1320.9899999999536,1569.2018340265377,717.2188040690601,0.2443942274764321,0.19612198515992854,0.009400637277998738
1320.9999999999536,1569.2018340265377,717.2217519013531,0.24371689603914504,0.19554337788996443,0.009319350706553039
1321.0099999999536,1569.2018340265377,717.2246997132471,0.24304063312411125,0.19496595971827785,0.009238687187386373
1321.0199999999536,1569.2018340265377,717.227647504743,0.24236543963545798,0.19438973020756017,0.00915864269295436
1321.0299999999536,1569.2018340265377,717.2305952758404,0.24169131645480096,0.19381468891246162,0.009079213214675991
1321.0399999999536,1569.2018340265377,717.2335430265397,0.24101826445953195,0.1932408353792655,0.009000394763559317
1321.0499999999536,1569.2018340265377,717.2364907568411,0.24034628452353587,0.19266816914605123,0.008922183370196336
1321.0599999999536,1569.2018340265377,717.2394384667449,0.23967537750382345,0.1920966897427674,0.00884457508422817
1321.0699999999536,1569.2018340265377,717.2423861562513,0.2390055442515943,0.1915263966911743,0.00876756597471157
1321.0799999999535,1569.2018340265377,717.2453338253604,0.2383367856106177,0.19095728950498253,0.008691152130026048
1321.0899999999535,1569.2018340265377,717.2482814740723,0.2376691024141518,0.19038936768977274,0.00861532965770969
1321.0999999999535,1569.2018340265377,717.2512291023877,0.23700249548564722,0.18982263074300457,0.008540094684443262
1321.1099999999535,1569.2018340265377,717.2541767103063,0.23633696564200996,0.18925707815426412,0.008465443356146116
1321.1199999999535,1569.2018340265377,717.2571242978285,0.2356725136888047,0.18869270940503166,0.008391371837737157
1321.1299999999535,1569.2018340265377,717.2600718649544,0.2350091404211724,0.18812952396884244,0.008317876313139435
1321.1399999999535,1569.2018340265377,717.2630194116845,0.23434684663146096,0.18756752131127283,0.008244952985503562
1321.1499999999535,1569.2018340265377,717.2659669380189,0.23368563310233825,0.18700670089001373,0.008172598076921164
1321.1599999999535,1569.2018340265377,717.2689144439576,0.23302550059365973,0.1864470621549432,0.00810080782792939
1321.1699999999535,1569.2018340265377,717.2718619295009,0.2323664498795184,0.18588860454798314,0.008029578498746727
1321.1799999999535,1569.2018340265377,717.2748093946492,0.23170848170277272,0.18533132750328113,0.007958906367656155
1321.1899999999534,1569.2018340265377,717.2777568394026,0.23105159681659784,0.18477523044719618,0.007888787732398556
1321.1999999999534,1569.2018340265377,717.2807042637612,0.2303957959476114,0.18422031279837178,0.007819218908860224
1321.2099999999534,1569.2018340265377,717.2836516677253,0.22974107982898861,0.18366657396765862,0.007750196232153711
1321.2199999999534,1569.2018340265377,717.2865990512952,0.22908744917572751,0.18311401335820893,0.007681716055732663
1321.2299999999534,1569.2018340265377,717.289546414471,0.22843490469633143,0.18256263036554868,0.007613774751748265
1321.2399999999534,1569.2018340265377,717.2924937572529,0.22778344708816736,0.18201242437756457,0.007546368710843135
1321.2499999999534,1569.2018340265377,717.2954410796411,0.22713307704737995,0.18146339477451331,0.007479494342431791
1321.2599999999534,1569.2018340265377,717.298388381636,0.22648379525135615,0.180915540929051,0.007413148074072194
1321.2699999999534,1569.2018340265377,717.3013356632378,0.22583560237481604,0.1803688622062848,0.007347326351953712
1321.2799999999534,1569.2018340265377,717.3042829244463,0.22518849908512398,0.17982335796390791,0.007282025640700336
1321.2899999999534,1569.2018340265377,717.307230165262,0.22454248603175891,0.17927902755199743,0.007217242422964052
1321.2999999999533,1569.2018340265377,717.3101773856853,0.22389756386978593,0.1787358703131923,0.007152973200147547
1321.3099999999533,1569.2018340265377,717.3131245857162,0.22325373323040187,0.17819388558274382,0.007089214491408057
1321.3199999999533,1569.2018340265377,717.3160717653549,0.22261099474584423,0.1776530726885037,0.007025962834405988
1321.3299999999533,1569.2018340265377,717.3190189246016,0.22196934903575635,0.17711343095093288,0.006963214784816995
1321.3399999999533,1569.2018340265377,717.3219660634566,0.22132879671407982,0.176574959683132,0.006900966916501342
1321.3499999999533,1569.2018340265377,717.32491318192,0.22068933838152377,0.17603765819093362,0.006839215821222897
1321.3599999999533,1569.2018340265377,717.3278602799921,0.22005097463151593,0.17550152577286945,0.006777958108781853
1321.3699999999533,1569.2018340265377,717.330807357673,0.21941370605477536,0.17496656172024255,0.006717190407106476
1321.3799999999533,1569.2018340265377,717.3337544149633,0.2187775332213754,0.1744327653170532,0.0066569093616432855
1321.3899999999533,1569.2018340265377,717.3367014518627,0.21814245670454543,0.17390013584025665,0.006597111636054785
1321.3999999999533,1569.2018340265377,717.3396484683717,0.21750847706144563,0.17336867255952462,0.006537793911559061
1321.4099999999532,1569.2018340265377,717.3425954644904,0.21687559484347166,0.17283837473746047,0.006478952887207413
1321.4199999999532,1569.2018340265377,717.3455424402191,0.21624381059339745,0.1723092416295269,0.006420585279737642
1321.4299999999532,1569.2018340265377,717.348489395558,0.21561312484454473,0.1717812724841579,0.006362687823503969
1321.4399999999532,1569.2018340265377,717.351436330507,0.2149835381201159,0.17125446654276769,0.0063052572704046335
1321.4499999999532,1569.2018340265377,717.3543832450669,0.21435505093616375,0.17072882303963857,0.006248290389907161
1321.4599999999532,1569.2018340265377,717.3573301392374,0.21372766380376973,0.17020434120221564,0.006191783969077266
1321.4699999999532,1569.2018340265377,717.3602770130191,0.2131013772202387,0.16968102025091267,0.006135734812252937
1321.4799999999532,1569.2018340265377,717.3632238664119,0.21247619167428794,0.16915885939926417,0.0060801397411536316
1321.4899999999532,1569.2018340265377,717.366170699416,0.21185210764529186,0.1686378578539146,0.006024995594802708
1321.4999999999532,1569.2018340265377,717.369117512032,0.2112291256142605,0.16811801481456867,0.005970299229779444
1321.5099999999532,1569.2018340265377,717.3720643042598,0.2106072460397587,0.16759932947420134,0.005916047519493074
1321.5199999999531,1569.2018340265377,717.3750110760994,0.2099864693790801,0.1670818010189875,0.005862237354725066
1321.5299999999531,1569.2018340265377,717.3779578275515,0.20936679607658926,0.1665654286282326,0.00580886564323852
1321.5399999999531,1569.2018340265377,717.3809045586162,0.2087482265782698,0.16605021147458196,0.005755929310141651
1321.5499999999531,1569.2018340265377,717.3838512692935,0.20813076130777605,0.16553614872397102,0.005703425297162909
1321.559999999953,1569.2018340265377,717.3867979595836,0.20751440068969387,0.16502323953563533,0.005651350563240385
1321.569999999953,1569.2018340265377,717.3897446294868,0.2068991451378686,0.1645114830621802,0.005599702084146003
1321.579999999953,1569.2018340265377,717.3926912790035,0.20628499505552722,0.16400087844951236,0.005548476852429173
1321.589999999953,1569.2018340265377,717.3956379081338,0.20567195084311726,0.16349142483704732,0.005497671877585211
1321.599999999953,1569.2018340265377,717.3985845168777,0.20506001288117578,0.1629831213576397,0.0054472841855334984
1321.609999999953,1569.2018340265377,717.4015311052356,0.20444918155175865,0.1624759671375362,0.0053973108191322176
1321.619999999953,1569.2018340265377,717.4044776732077,0.20383945723064123,0.1619699612965223,0.0053477488379178595
1321.629999999953,1569.2018340265377,717.4074242207943,0.20323084027369093,0.16146510294791358,0.005298595317689928
1321.639999999953,1569.2018340265377,717.4103707479953,0.20262333103837019,0.16096139119862413,0.005249847351024111
1321.649999999953,1569.2018340265377,717.4133172548112,0.2020169298701384,0.16045882514909912,0.005201502046851668
1321.659999999953,1569.2018340265377,717.4162637412422,0.20141163710390136,0.15995740389340377,0.005153556530447243
1321.669999999953,1569.2018340265377,717.4192102072884,0.200807453071849,0.15945712651931057,0.005106007943577302
1321.679999999953,1569.2018340265377,717.4221566529501,0.2002043780928593,0.1589579921082132,0.005058853444163959
1321.689999999953,1569.2018340265377,717.4251030782274,0.1996024124752912,0.15845999973525365,0.005012090206308784
1321.699999999953,1569.2018340265377,717.4280494831205,0.1990015565304093,0.15796314846929332,0.004965715420569039
1321.709999999953,1569.2018340265377,717.4309958676299,0.1984018105484852,0.1574674373729246,0.004919726293298345
1321.719999999953,1569.2018340265377,717.4339422317554,0.19780317481497922,0.15697286550265319,0.004874120047007953
1321.729999999953,1569.2018340265377,717.4368885754974,0.19720564961400755,0.1564794319086989,0.004828893920377493
1321.739999999953,1569.2018340265377,717.4398348988562,0.19660923521227194,0.15598713563515917,0.004784045167809833
1321.749999999953,1569.2018340265377,717.442781201832,0.19601393187100846,0.155495975720077,0.004739571059672033
1321.759999999953,1569.2018340265377,717.4457274844249,0.19541973984456087,0.15500595119535623,0.0046954688821944784
1321.769999999953,1569.2018340265377,717.448673746635,0.1948266593817371,0.15451706108690538,0.004651735937451698
1321.779999999953,1569.2018340265377,717.4516199884628,0.19423469071614424,0.15402930441453505,0.004608369543065407
1321.789999999953,1569.2018340265377,717.4545662099084,0.19364383407804614,0.15354268019210118,0.004565367032438489
1321.799999999953,1569.2018340265377,717.457512410972,0.19305408968734103,0.15305718742753438,0.004522725754528947
1321.8099999999529,1569.2018340265377,717.4604585916537,0.19246545775642396,0.15257282512277542,0.004480443073854652
1321.8199999999529,1569.2018340265377,717.4634047519539,0.1918779384901659,0.15208959227388083,0.004438516370438913
1321.8299999999529,1569.2018340265377,717.4663508918727,0.19129153208729244,0.15160748787105194,0.004396943039783555
1321.8399999999529,1569.2018340265377,717.4692970114104,0.19070623873009834,0.1511265108986085,0.00435572049257113
1321.8499999999528,1569.2018340265377,717.4722431105669,0.1901220586023477,0.15064666033513055,0.004314846155025449
1321.8599999999528,1569.2018340265377,717.4751891893429,0.1895389918748239,0.15016793515326446,0.004274317468507612
1321.8699999999528,1569.2018340265377,717.4781352477385,0.18895703871151864,0.14969033432005055,0.004234131889616953
1321.8799999999528,1569.2018340265377,717.4810812857535,0.18837619926762714,0.14921385679678392,0.004194286890077269
1321.8899999999528,1569.2018340265377,717.4840273033884,0.1877964736868398,0.14873850153899051,0.004154779956615951
1321.8999999999528,1569.2018340265377,717.4869733006435,0.1872178621149042,0.14826426749656665,0.004115608591212196
1321.9099999999528,1569.2018340265377,717.489919277519,0.18664036467663048,0.147791153613772,0.0040767703105269275
1321.9199999999528,1569.2018340265377,717.4928652340149,0.1860639814968395,0.14731915882929525,0.004038262646309765
1321.9299999999528,1569.2018340265377,717.4958111701314,0.1854887126923098,0.14684828207619213,0.004000083145155974
1321.9399999999528,1569.2018340265377,717.4987570858691,0.1849145583690528,0.1463785222819708,0.003962229368392445
1321.9499999999528,1569.2018340265377,717.501702981228,0.18434151862503612,0.14590987836863836,0.003924698892079682
1321.9599999999527,1569.2018340265377,717.5046488562081,0.183769593550945,0.14544234925278496,0.003887489306971944
1321.9699999999527,1569.2018340265377,717.5075947108098,0.1831987832287077,0.14497593384539564,0.0038505982184152067
1321.9799999999527,1569.2018340265377,717.5105405450333,0.18262908773632078,0.14451063105213385,0.0038140232464031797
1321.9899999999527,1569.2018340265377,717.5134863588789,0.1820605071364316,0.14404643977320744,0.0037777620252699537
1321.9999999999527,1569.2018340265377,717.5164321523467,0.1814930414930471,0.14358335890348806,0.0037418122039852403
1322.0099999999527,1569.2018340265377,717.5193779254369,0.18092669084961305,0.143121387332505,0.003706171445638222
1322.0199999999527,1569.2018340265377,717.5223236781497,0.1803614552549036,0.14266052394442064,0.003670837427911015
1322.0299999999527,1569.2018340265377,717.5252694104854,0.17979733474313658,0.1422007676181847,0.0036358078426152684
1322.0399999999527,1569.2018340265377,717.5282151224442,0.17923432934190658,0.14174211722743865,0.0036010803957903684
1322.0499999999527,1569.2018340265377,717.5311608140262,0.1786724390663827,0.14128457164063402,0.0035666528075322924
1322.0599999999527,1569.2018340265377,717.5341064852317,0.17811166393235622,0.14082812972099082,0.003532522812192598
1322.0699999999526,1569.2018340265377,717.537052136061,0.17755200394115336,0.1403727903265969,0.0034986881580201033
1322.0799999999526,1569.2018340265377,717.5399977665141,0.17699345908568512,0.13991855231038472,0.0034651466072218003
1322.0899999999526,1569.2018340265377,717.5429433765913,0.17643602936012787,0.13946541452019517,0.0034318959360941214
1322.0999999999526,1569.2018340265377,717.545888966293,0.17587971474099884,0.13901337579873715,0.0033989339345889234
1322.1099999999526,1569.2018340265377,717.5488345356191,0.1753245151983828,0.13856243498373852,0.0033662584064821275
1322.1199999999526,1569.2018340265377,717.5517800845699,0.17477043070171397,0.13811259090787067,0.0033338671694188777
1322.1299999999526,1569.2018340265377,717.5547256131458,0.1742174612003186,0.13766384239879467,0.003301758054482113
1322.1399999999526,1569.2018340265377,717.5576711213469,0.17366560664995806,0.13721618827924326,0.0032699289066434353
1322.1499999999526,1569.2018340265377,717.5606166091734,0.17311486699094453,0.13676962736697937,0.003238377584282517
1322.1599999999526,1569.2018340265377,717.5635620766253,0.17256524215067426,0.13632415847492899,0.0032071019591847923
1322.1699999999526,1569.2018340265377,717.5665075237031,0.17201673205915008,0.13587978041105536,0.003176099916764799
1322.1799999999525,1569.2018340265377,717.569452950407,0.17146933663480582,0.13543649197849095,0.003145369355745795
1322.1899999999525,1569.2018340265377,717.5723983567372,0.17092305578644154,0.13499429197560026,0.003114908188139902
1322.1999999999525,1569.2018340265377,717.5753437426937,0.1703778894158499,0.1345531791959232,0.0030847143392338286
1322.2099999999525,1569.2018340265377,717.5782891082767,0.1698338374184558,0.13411315242825503,0.003054785747543417
1322.2199999999525,1569.2018340265377,717.5812344534869,0.16929089968456548,0.13367421045659017,0.0030251203647723907
1322.2299999999525,1569.2018340265377,717.5841797783243,0.16874907609176462,0.13323635206028683,0.002995716155623261
1322.2399999999525,1569.2018340265377,717.5871250827886,0.16820836650877924,0.13279957601407816,0.0029665710978086547
1322.2499999999525,1569.2018340265377,717.5900703668805,0.1676687708043526,0.1323638810879323,0.0029376831821411728
1322.2599999999525,1569.2018340265377,717.5930156306002,0.16713028883391365,0.131929266047233,0.002909050412245051
1322.2699999999525,1569.2018340265377,717.5959608739479,0.16659292044603155,0.13149572965282452,0.0028806708046129866
1322.2799999999525,1569.2018340265377,717.5989060969235,0.16605666548352205,0.13106327066097329,0.0028525423885630737
1322.2899999999524,1569.2018340265377,717.6018512995275,0.16552152377926233,0.13063188782337942,0.002824663206106993
1322.2999999999524,1569.2018340265377,717.6047964817603,0.16498749515978292,0.13020157988722247,0.0027970313119544594
1322.3099999999524,1569.2018340265377,717.6077416436218,0.1644545794472774,0.12977234559528938,0.002769644773492131
1322.3199999999524,1569.2018340265377,717.6106867851121,0.16392277644957334,0.1293441836858864,0.0027425016705505084
1322.3299999999524,1569.2018340265377,717.6136319062317,0.16339208597329882,0.1289170928928346,0.0027156000955668065
1322.3399999999524,1569.2018340265377,717.6165770069807,0.1628625078163035,0.12849107194564713,0.0026889381534043067
1322.3499999999524,1569.2018340265377,717.6195220873594,0.16233404176411537,0.12806611956942526,0.0026625139612310384
1322.3599999999524,1569.2018340265377,717.6224671473678,0.16180668759916583,0.12764223448498543,0.0026363256486186355
1322.3699999999524,1569.2018340265377,717.6254121870063,0.16128044509952755,0.12721941540878903,0.0026103713574572537
1322.3799999999524,1569.2018340265377,717.6283572062752,0.16075531402854104,0.12679766105301996,0.0025846492417311065
1322.3899999999524,1569.2018340265377,717.6313022051744,0.16023129415074194,0.12637697012566126,0.0025591574677206862
1322.3999999999523,1569.2018340265377,717.6342471837042,0.15970838521349426,0.12595734133044217,0.0025338942136454916
1322.4099999999523,1569.2018340265377,717.637192141865,0.15918658696176327,0.12553877336689825,0.0025088576698454584
1322.4199999999523,1569.2018340265377,717.6401370796568,0.15866589913743823,0.12512126493038375,0.002484046038709277
1322.4299999999523,1569.2018340265377,717.6430819970801,0.15814632147082322,0.12470481471213224,0.002459457534483395
1322.4399999999523,1569.2018340265377,717.6460268941347,0.15762785368008153,0.12428942139931526,0.0024350903832091667
1322.4499999999523,1569.2018340265377,717.6489717708212,0.15711049548278105,0.12387508367492724,0.0024109428228392808
1322.4599999999523,1569.2018340265377,717.6519166271396,0.15659424659045829,0.12346180021797279,0.0023870131031002236
1322.4699999999523,1569.2018340265377,717.6548614630901,0.15607910670495242,0.12304956970343091,0.0023632994853761908
1322.4799999999523,1569.2018340265377,717.657806278673,0.15556507551607274,0.12263839080226654,0.002339800242617291
1322.4899999999523,1569.2018340265377,717.6607510738885,0.15505215271187422,0.12222826218145856,0.0023165136594382484
1322.4999999999523,1569.2018340265377,717.6636958487368,0.1545403379737624,0.12181918250407527,0.0022934380319876513
1322.5099999999522,1569.2018340265377,717.6666406032181,0.154029630976019,0.12141115042925413,0.002270571667881784
1322.5199999999522,1569.2018340265377,717.6695853373325,0.15352003137858375,0.12100416461226118,0.0022479128860431333
1322.5299999999522,1569.2018340265377,717.6725300510803,0.1530115388437634,0.12059822370447144,0.002225460016888282
1322.5399999999522,1569.2018340265377,717.675474744462,0.1525041530220296,0.12019332635342804,0.002203211402062479
1322.5499999999522,1569.2018340265377,717.6784194174774,0.151997873557936,0.11978947120293196,0.002181165394472411
1322.5599999999522,1569.2018340265377,717.6813640701267,0.15149270008475868,0.11938665689294466,0.0021593203581480543
1322.5699999999522,1569.2018340265377,717.6843087024104,0.15098863223702572,0.11898488205969342,0.0021376746683684496
1322.5799999999522,1569.2018340265377,717.6872533143286,0.15048566963687554,0.11858414533566805,0.0021162267114083785
1322.5899999999522,1569.2018340265377,717.6901979058815,0.14998381189822638,0.11818444534969402,0.0020949748845445052
1322.5999999999522,1569.2018340265377,717.6931424770692,0.14948305863036065,0.11778578072694491,0.002073917596048928
1322.6099999999522,1569.2018340265377,717.6960870278921,0.14898340943553695,0.11738815008887633,0.002053053265095783
1322.6199999999521,1569.2018340265377,717.6990315583503,0.14848486390901028,0.11699155205340796,0.0020323803217110513
1322.6299999999521,1569.2018340265377,717.7019760684441,0.14798742163736933,0.11659598523482734,0.0020118972066897663
1322.6399999999521,1569.2018340265377,717.7049205581735,0.14749108220192747,0.11620144824390875,0.0019916023715900477
1322.6499999999521,1569.2018340265377,717.7078650275389,0.14699584517485964,0.1158079396878487,0.0019714942786217284
1322.659999999952,1569.2018340265377,717.7108094765406,0.1465017101282558,0.1154154581703392,0.0019515714007140765
1322.669999999952,1569.2018340265377,717.7137539051787,0.14600867661868344,0.11502400229162459,0.0019318322212540581
1322.679999999952,1569.2018340265377,717.7166983134531,0.14551674419757438,0.11463357064852808,0.0019122752341714222
1322.689999999952,1569.2018340265377,717.7196427013645,0.14502591241524912,0.11424416183434341,0.0018928989439307641
1322.699999999952,1569.2018340265377,717.7225870689128,0.14453618080945604,0.11385577443905749,0.0018737018653319363
1322.709999999952,1569.2018340265377,717.7255314160985,0.14404754891450236,0.11346840704924152,0.0018546825235707155
1322.719999999952,1569.2018340265377,717.7284757429215,0.14356001625335293,0.11308205824816797,0.0018358394540844787
1322.729999999952,1569.2018340265377,717.7314200493822,0.14307358234562098,0.11269672661574728,0.0018171712025980694
1322.739999999952,1569.2018340265377,717.7343643354808,0.1425882467069755,0.11231241072861449,0.0017986763250622657
1322.749999999952,1569.2018340265377,717.7373086012175,0.142104008838362,0.1119291091601408,0.0017803533874626344
1322.759999999952,1569.2018340265377,717.7402528465924,0.1416208682419328,0.11154682048047487,0.0017622009659673703
1322.769999999952,1569.2018340265377,717.7431970716058,0.14113882440862321,0.11116554325653995,0.0017442176467152997
1322.779999999952,1569.2018340265377,717.7461412762578,0.14065787682546962,0.11078527605207472,0.0017264020258540725
1322.789999999952,1569.2018340265377,717.7490854605489,0.14017802496829987,0.11040601742764543,0.0017087527093955768
1322.799999999952,1569.2018340265377,717.752029624479,0.13969926831193455,0.11002776594074533,0.0016912683132898633
1322.809999999952,1569.2018340265377,717.7549737680484,0.13922160631946867,0.10965052014567443,0.0016739474632357805
1322.819999999952,1569.2018340265377,717.7579178912575,0.13874503845189978,0.10927427859371253,0.0016567887947491408
1322.829999999952,1569.2018340265377,717.7608619941063,0.13826956415963063,0.10889903983308612,0.0016397909530049104
1322.839999999952,1569.2018340265377,717.7638060765951,0.137795182889322,0.10852480240898092,0.001622952592865975
1322.849999999952,1569.2018340265377,717.766750138724,0.13732189407937487,0.10815156486358155,0.0016062723787765036
1322.859999999952,1569.2018340265377,717.7696941804934,0.13684969716493203,0.10777932573608415,0.0015897489847674486
1322.869999999952,1569.2018340265377,717.7726382019034,0.13637859156744442,0.10740808356276496,0.0015733810942833593
1322.879999999952,1569.2018340265377,717.7755822029541,0.1359085767101083,0.10703783687699184,0.001557167400309049
1322.889999999952,1569.2018340265377,717.7785261836458,0.1354396520035867,0.10666858420917873,0.0015411066051493024
1322.899999999952,1569.2018340265377,717.7814701439788,0.1349718168553191,0.10630032408689731,0.0015251974204866599
1322.9099999999519,1569.2018340265377,717.7844140839534,0.13450507066632816,0.1059330550348744,0.001509438567291296
1322.9199999999519,1569.2018340265377,717.7873580035695,0.1340394128278559,0.10556677557504572,0.0014938287757322876
1322.9299999999519,1569.2018340265377,717.7903019028273,0.13357484272641384,0.10520148422652473,0.0014783667851812974
1322.9399999999519,1569.2018340265377,717.7932457817275,0.13311135974752505,0.10483717950561518,0.0014630513442009843
1322.9499999999518,1569.2018340265377,717.79618964027,0.13264896326053494,0.10447385992594838,0.0014478812103287152
1322.9599999999518,1569.2018340265377,717.7991334784548,0.1321876526365746,0.1041115239984389,0.001432855150221587
1322.9699999999518,1569.2018340265377,717.8020772962823,0.13172742723338404,0.10375017023126774,0.0014179719394375554
1322.9799999999518,1569.2018340265377,717.8050210937529,0.1312682864115304,0.10338979712993591,0.0014032303625611316
1322.9899999999518,1569.2018340265377,717.8079648708666,0.13081022951775725,0.10303040319735986,0.0013886292129741578
1322.9999999999518,1569.2018340265377,717.8109086276236,0.1303532558919686,0.10267198693382654,0.0013741672928794888
1323.0099999999518,1569.2018340265377,717.813852364024,0.12989736487419756,0.10231454683701888,0.001359843413323506
1323.0199999999518,1569.2018340265377,717.8167960800685,0.12944255579400019,0.10195808140201358,0.0013456563940323152
1323.0299999999518,1569.2018340265377,717.8197397757568,0.12898882797356256,0.10160258912143084,0.0013316050633983374
1323.0399999999518,1569.2018340265377,717.8226834510893,0.12853618073158637,0.1012480684853342,0.0013176882584670403
1323.0499999999518,1569.2018340265377,717.8256271060662,0.12808461337892155,0.10089451798129824,0.0013039048248426233
1323.0599999999517,1569.2018340265377,717.8285707406877,0.12763412522292877,0.10054193609443247,0.0012902536166828262
1323.0699999999517,1569.2018340265377,717.8315143549542,0.1271847155621056,0.10019032130739354,0.0012767334965940198
1323.0799999999517,1569.2018340265377,717.8344579488655,0.12673638368677,0.09983967210046404,0.0012633433355908243
1323.0899999999517,1569.2018340265377,717.8374015224222,0.12628912888583418,0.09948998695149552,0.0012500820131124077
1323.0999999999517,1569.2018340265377,717.8403450756243,0.12584295044207192,0.09914126433598842,0.0012369484169265346
1323.1099999999517,1569.2018340265377,717.8432886084721,0.12539784762644707,0.09879350272711578,0.001223941443025154
1323.1199999999517,1569.2018340265377,717.8462321209657,0.12495381970908415,0.0984467005957214,0.0012110599956831557
1323.1299999999517,1569.2018340265377,717.8491756131056,0.1245108659529965,0.09810085641034447,0.0011983029873475217
1323.1399999999517,1569.2018340265377,717.8521190848916,0.1240689856146905,0.09775596863729759,0.001185669338596234
1323.1499999999517,1569.2018340265377,717.8550625363242,0.12362817794511745,0.0974120357405977,0.0011731579780968043
1323.1599999999517,1569.2018340265377,717.8580059674034,0.12318844218829045,0.09706905618211045,0.0011607678425477979
1323.1699999999516,1569.2018340265377,717.8609493781297,0.12274977758269243,0.09672702842142837,0.0011484978766407522
1323.1799999999516,1569.2018340265377,717.8638927685032,0.12231218336196127,0.09638595091602795,0.0011363470330217232
1323.1899999999516,1569.2018340265377,717.8668361385239,0.12187565875116393,0.09604582212125377,0.0011243142722078623
1323.1999999999516,1569.2018340265377,717.8697794881923,0.121440202971588,0.09570664049027702,0.001112398562583098
1323.2099999999516,1569.2018340265377,717.8727228175084,0.12100581523807434,0.09536840447422494,0.0011005988803282907
1323.2199999999516,1569.2018340265377,717.8756661264724,0.12057249476112165,0.09503111252211277,0.0010889142093910703
1323.2299999999516,1569.2018340265377,717.8786094150848,0.1201402407438427,0.09469476308090753,0.001077343541411967
1323.2399999999516,1569.2018340265377,717.8815526833455,0.11970905238202909,0.09435935459560353,0.0010658858756797938
1323.2499999999516,1569.2018340265377,717.8844959312548,0.11927892886667088,0.09402488550912964,0.0010545402191050536
1323.2599999999516,1569.2018340265377,717.8874391588131,0.11884986938747695,0.09369135426246375,0.0010433055862060809
1323.2699999999516,1569.2018340265377,717.8903823660204,0.11842187311985478,0.09335875929464368,0.0010321809989475112
1323.2799999999515,1569.2018340265377,717.8933255528768,0.1179949392405051,0.0930270990427778,0.0010211654868314355
1323.2899999999515,1569.2018340265377,717.8962687193828,0.11756906691684779,0.09269637194204325,0.0010102580867578123
1323.2999999999515,1569.2018340265377,717.8992118655385,0.11714425531411679,0.09236657642573504,0.0009994578430408514
1323.3099999999515,1569.2018340265377,717.9021549913441,0.11672050358684663,0.09203771092532803,0.000988763807291009
1323.3199999999515,1569.2018340265377,717.9050980967997,0.116297810887409,0.09170977387043662,0.0009781750384414481
1323.3299999999515,1569.2018340265377,717.9080411819057,0.1158761763600352,0.09138276368886336,0.0009676906026523255
1323.3399999999515,1569.2018340265377,717.9109842466621,0.11545559914874412,0.09105667880662272,0.0009573095733321653
1323.3499999999515,1569.2018340265377,717.9139272910695,0.11503607838505643,0.09073151764793895,0.0009470310309896379
1323.3599999999515,1569.2018340265377,717.9168703151277,0.1146176131988148,0.09040727863537007,0.0009368540632813851
1323.3699999999515,1569.2018340265377,717.9198133188369,0.11420020271139089,0.09008396018969267,0.0009267777649082493
1323.3799999999515,1569.2018340265377,717.9227563021977,0.11378384604393799,0.08976156072996301,0.000916801237639027
1323.3899999999514,1569.2018340265377,717.9256992652101,0.11336854230673568,0.08944007867364004,0.0009069235901814969
1323.3999999999514,1569.2018340265377,717.9286422078741,0.11295429060696091,0.08911951243652043,0.0008971439381998057
1323.4099999999514,1569.2018340265377,717.9315851301902,0.11254109004632167,0.08879986043270013,0.0008874614042500199
1323.4199999999514,1569.2018340265377,717.9345280321585,0.11212893972006663,0.0884811210747582,0.0008778751177319183
1323.4299999999514,1569.2018340265377,717.9374709137793,0.11171783871947091,0.08816329277363119,0.000868384214862085
1323.4399999999514,1569.2018340265377,717.9404137750527,0.11130778612839641,0.08784637393874686,0.0008589878386058229
1323.4499999999514,1569.2018340265377,717.9433566159788,0.1108987810272623,0.08753036297797297,0.0008496851386634957
1323.4599999999514,1569.2018340265377,717.9462994365582,0.11049082248963643,0.08721525829764021,0.0008404752714010921
1323.4699999999514,1569.2018340265377,717.9492422367907,0.11008390958327165,0.08690105830264999,0.0008313573998172977
1323.4799999999514,1569.2018340265377,717.9521850166768,0.10967804137479743,0.08658776139637542,0.0008223306935338122
1323.4899999999514,1569.2018340265377,717.9551277762165,0.10927321691701465,0.08627536598079266,0.0008133943286592818
1323.4999999999513,1569.2018340265377,717.9580705154101,0.108869435268762,0.08596387045641873,0.0008045474878945182
1323.5099999999513,1569.2018340265377,717.961013234258,0.10846669547411593,0.08565327322237047,0.0007957893603354713
1323.5199999999513,1569.2018340265377,717.96395593276,0.10806499657475238,0.08534357267643404,0.0007871191415247616
1323.5299999999513,1569.2018340265377,717.9668986109165,0.10766433760943303,0.08503476721499177,0.0007785360334036925
1323.5399999999513,1569.2018340265377,717.9698412687279,0.10726471760884808,0.08472685523307998,0.0007700392442337485
1323.5499999999513,1569.2018340265377,717.9727839061943,0.10686613560178217,0.08441983512447093,0.0007616279886010057
1323.5599999999513,1569.2018340265377,717.9757265233158,0.10646859060528437,0.08411370528163471,0.0007533014873034286
1323.5699999999513,1569.2018340265377,717.9786691200926,0.10607208163732956,0.08380846409574985,0.0007450589674002895
1323.5799999999513,1569.2018340265377,717.9816116965251,0.10567660771114161,0.08350410995676057,0.0007368996621308321
1323.5899999999513,1569.2018340265377,717.9845542526134,0.10528216783021717,0.08320064125338679,0.0007288228108388675
1323.5999999999513,1569.2018340265377,717.9874967883576,0.10488876099573728,0.08289805637316909,0.00072082765898481
1323.6099999999512,1569.2018340265377,717.9904393037581,0.10449638620330248,0.08259635370242045,0.0007129134580811918
1323.6199999999512,1569.2018340265377,717.9933817988151,0.1041050424443802,0.08229553162631799,0.0007050794656637148
1323.6299999999512,1569.2018340265377,717.9963242735287,0.1037147287044966,0.08199558852892407,0.0006973249452389184
1323.6399999999512,1569.2018340265377,717.9992667278991,0.10332544396453737,0.08169652279315012,0.0006896491662523507
1323.6499999999512,1569.2018340265377,718.0022091619265,0.10293718719774807,0.08139833280083578,0.0006820514040300263
1323.6599999999512,1569.2018340265377,718.0051515756114,0.10254995737641819,0.0811010169327125,0.0006745309397826719
1323.6699999999512,1569.2018340265377,718.0080939689537,0.10216375346652544,0.08080457356850564,0.0006670870605319343
1323.6799999999512,1569.2018340265377,718.0110363419536,0.10177857442821595,0.08050900108689794,0.0006597190590738243
1323.6899999999512,1569.2018340265377,718.0139786946115,0.10139441921714175,0.0802142978655281,0.0006524262339483333
1323.6999999999512,1569.2018340265377,718.0169210269275,0.10101128678361655,0.07992046228108017,0.0006452078893964013
1323.7099999999512,1569.2018340265377,718.0198633389019,0.10062917607442647,0.07962749270925915,0.0006380633353322716
1323.7199999999511,1569.2018340265377,718.0228056305348,0.10024808603015781,0.07933538752483464,0.0006309918872884216
1323.7299999999511,1569.2018340265377,718.0257479018263,0.09986801558830044,0.07904414510163896,0.0006239928663967801
1323.7399999999511,1569.2018340265377,718.028690152777,0.09948896367935306,0.07875376381257698,0.0006170655993260637
1323.7499999999511,1569.2018340265377,718.0316323833869,0.09911092923075357,0.07846424202971439,0.0006102094182697765
1323.759999999951,1569.2018340265377,718.034574593656,0.09873391116163903,0.07817557812424177,0.0006034236608753104
1323.769999999951,1569.2018340265377,718.0375167835848,0.09835790839084176,0.07788777046647336,0.0005967076702555189
1323.779999999951,1569.2018340265377,718.0404589531734,0.09798291983237545,0.07760081742594575,0.0005900607949245207
1323.789999999951,1569.2018340265377,718.0434011024221,0.09760894439209077,0.07731471737134926,0.000583482388739319
1323.799999999951,1569.2018340265377,718.0463432313309,0.09723598097199883,0.07702946867064793,0.0005769718108908749
1323.809999999951,1569.2018340265377,718.0492853399,0.09686402847294238,0.07674506969100076,0.0005705284258814617
1323.819999999951,1569.2018340265377,718.0522274281301,0.09649308578716927,0.07646151879881506,0.0005641516034444896
1323.829999999951,1569.2018340265377,718.0551694960209,0.09612315180534282,0.0761788143598325,0.0005578407185506943
1323.839999999951,1569.2018340265377,718.0581115435727,0.09575422540918573,0.07589695473905048,0.0005515951513274923
1323.849999999951,1569.2018340265377,718.0610535707859,0.09538630547802197,0.07561593830079744,0.000545414287062168
1323.859999999951,1569.2018340265377,718.0639955776606,0.0950193908900041,0.07533576340874142,0.0005392975161724082
1323.869999999951,1569.2018340265377,718.066937564197,0.09465348051490137,0.07505642842592115,0.0005332442341295074
1323.879999999951,1569.2018340265377,718.0698795303953,0.09428857321836635,0.07477793171474433,0.0005272538414472897
1323.889999999951,1569.2018340265377,718.0728214762556,0.09392466786156096,0.07450027163701799,0.0005213257436448457
1323.899999999951,1569.2018340265377,718.0757634017785,0.09356176330327369,0.07422344655394758,0.0005154593512228273
1323.909999999951,1569.2018340265377,718.0787053069638,0.09319985839528815,0.07394745482624139,0.0005096540796039665
1323.919999999951,1569.2018340265377,718.081647191812,0.09283895198579487,0.0736722948139917,0.0005039093491154646
1323.929999999951,1569.2018340265377,718.0845890563229,0.09247904291686847,0.07339796487683312,0.0004982245849426032
1323.939999999951,1569.2018340265377,718.0875309004972,0.09212013003124805,0.07312446337383413,0.0004925992171292146
1323.949999999951,1569.2018340265377,718.090472724335,0.09176221216305068,0.0728517886636231,0.00048703268049464466
1323.959999999951,1569.2018340265377,718.0934145278361,0.09140528814167395,0.07257993910438586,0.00048152441462083186
1323.969999999951,1569.2018340265377,718.0963563110012,0.09104935679378814,0.0723089130538009,0.00047607386382783276
1323.979999999951,1569.2018340265377,718.0992980738303,0.09069441694220814,0.07203870886916418,0.0004706804771353961
1323.989999999951,1569.2018340265377,718.1022398163236,0.09034046740459863,0.07176932490735521,0.000465343708222005
1323.999999999951,1569.2018340265377,718.1051815384814,0.08998750699269387,0.07150075952487764,0.0004600630153880212
1324.0099999999509,1569.2018340265377,718.1081232403037,0.0896355345181191,0.0712330110778568,0.0004548378615521208
1324.0199999999509,1569.2018340265377,718.1110649217911,0.08928454878534328,0.07096607792204922,0.00044966771418192985
1324.0299999999509,1569.2018340265377,718.1140065829436,0.08893454859547717,0.07069995841292298,0.00044455204528155777
1324.0399999999509,1569.2018340265377,718.1169482237613,0.08858553274174363,0.07043465090562481,0.00043949033133568026
1324.0499999999508,1569.2018340265377,718.1198898442444,0.08823750002054662,0.07017015375498893,0.000434482053332168
1324.0599999999508,1569.2018340265377,718.1228314443933,0.08789044921843545,0.0699064653155866,0.0004295266966651325
1324.0699999999508,1569.2018340265377,718.1257730242082,0.08754437911906165,0.06964358394173438,0.00042462375113749536
1324.0799999999508,1569.2018340265377,718.1287145836892,0.08719928850397292,0.06938150798752284,0.00041977271093277847
1324.0899999999508,1569.2018340265377,718.1316561228364,0.08685517614740364,0.06912023580682466,0.0004149730745579678
1324.0999999999508,1569.2018340265377,718.1345976416503,0.08651204082196219,0.0688597657532732,0.0004102243448390075
1324.1099999999508,1569.2018340265377,718.137539140131,0.08616988129656461,0.06860009618037141,0.0004055260288803147
1324.1199999999508,1569.2018340265377,718.1404806182786,0.08582869633375026,0.06834122544144944,0.00040087763802020617
1324.1299999999508,1569.2018340265377,718.1434220760934,0.0854884846924349,0.0680831518896732,0.0003962786878129008
1324.1399999999508,1569.2018340265377,718.1463635135757,0.08514924512914104,0.06782587387809241,0.00039172869800356514
1324.1499999999508,1569.2018340265377,718.1493049307256,0.08481097639762636,0.06756938975964898,0.00038722719249549564
1324.1599999999507,1569.2018340265377,718.1522463275433,0.0844736772429472,0.06731369788721416,0.000382773699292672
1324.1699999999507,1569.2018340265377,718.1551877040288,0.08413734641022398,0.06705879661356759,0.0003783677505091578
1324.1799999999507,1569.2018340265377,718.1581290601829,0.08380198264101976,0.06680468429139537,0.00037400888232181994
1324.1899999999507,1569.2018340265377,718.1610703960052,0.08346758466953302,0.06655135927343576,0.00036969663492479566
1324.1999999999507,1569.2018340265377,718.1640117114963,0.08313415122880696,0.06629881991233959,0.00036543055252571743
1324.2099999999507,1569.2018340265377,718.1669530066562,0.08280168104614527,0.06604706456078627,0.0003612101832966491
1324.2199999999507,1569.2018340265377,718.1698942814852,0.08247017284929493,0.0657960915714523,0.0003570350793710734
1324.2299999999507,1569.2018340265377,718.1728355359836,0.08213962535598368,0.06554589929705834,0.00035290479676918185
1324.2399999999507,1569.2018340265377,718.1757767701514,0.08181003728407849,0.065296486090396,0.0003488188954130896
1324.2499999999507,1569.2018340265377,718.1787179839889,0.08148140734844023,0.06504785030429708,0.0003447769390833154
1324.2599999999507,1569.2018340265377,718.1816591774965,0.08115373425864983,0.06479999029168,0.0003407784953805485
1324.2699999999506,1569.2018340265377,718.1846003506741,0.08082701671907243,0.06455290440559566,0.00033682313569774404
1324.2799999999506,1569.2018340265377,718.1875415035221,0.08050125343152684,0.06430659099919678,0.0003329104352023388
1324.2899999999506,1569.2018340265377,718.1904826360405,0.08017644309646738,0.0640610484257742,0.00032903997281273124
1324.2999999999506,1569.2018340265377,718.19342374823,0.07985258441027888,0.06381627503875503,0.0003252113311584828
1324.3099999999506,1569.2018340265377,718.1963648400904,0.07952967606082413,0.06357226919177665,0.00032142409653491185
1324.3199999999506,1569.2018340265377,718.1993059116218,0.07920771673578077,0.06332902923866524,0.0003176778589089869
1324.3299999999506,1569.2018340265377,718.2022469628247,0.07888670512149157,0.06308655353340605,0.0003139722118860171
1324.3399999999506,1569.2018340265377,718.2051879936993,0.0785666398988494,0.06284484043024478,0.0003103067526663323
1324.3499999999506,1569.2018340265377,718.2081290042456,0.07824751974296357,0.06260388828366671,0.00030668108201646675
1324.3599999999506,1569.2018340265377,718.2110699944641,0.07792934332842644,0.06236369544839453,0.00030309480426254215
1324.3699999999506,1569.2018340265377,718.2140109643545,0.07761210932483231,0.06212426027946099,0.00029954752724597355
1324.3799999999505,1569.2018340265377,718.2169519139178,0.07729581639941725,0.06188558113211399,0.00029603886230578926
1324.3899999999505,1569.2018340265377,718.2198928431536,0.07698046321521039,0.06164765636199067,0.0002925684242461884
1324.3999999999505,1569.2018340265377,718.2228337520622,0.07666604843145176,0.0614104843250132,0.0002891358313104442
1324.4099999999505,1569.2018340265377,718.225774640644,0.07635257070323719,0.06117406337743311,0.00028574070515344446
1324.4199999999505,1569.2018340265377,718.2287155088991,0.07604002868629327,0.06093839187586609,0.0002823826708334035
1324.4299999999505,1569.2018340265377,718.2316563568277,0.07572842102784601,0.06070346817730771,0.0002790613567514861
1324.4399999999505,1569.2018340265377,718.23459718443,0.0754177463736249,0.06046929063913157,0.0002757763946519996
1324.4499999999505,1569.2018340265377,718.2375379917062,0.07510800336782714,0.06023585761911449,0.00027252741959625656
1324.4599999999505,1569.2018340265377,718.2404787786566,0.07479919065063345,0.06000316747545227,0.0002693140699277031
1324.4699999999505,1569.2018340265377,718.2434195452813,0.07449130685780872,0.059771218566775926,0.00026613598724507966
1324.4799999999505,1569.2018340265377,718.2463602915807,0.07418435062011167,0.0595400092521672,0.00026299281637511994
1324.4899999999504,1569.2018340265377,718.2493010175547,0.07387832056932588,0.05930953789119254,0.000259884205368956
1324.4999999999504,1569.2018340265377,718.2522417232038,0.07357321533152247,0.05907980284385602,0.0002568098054524109
1324.5099999999504,1569.2018340265377,718.2551824085282,0.07326903352992742,0.05885080247070431,0.00025376927101215585
1324.5199999999504,1569.2018340265377,718.2581230735278,0.0729657737845684,0.05862253513278882,0.0002507622595692274
1324.5299999999504,1569.2018340265377,718.261063718203,0.07266343471303405,0.05839499919168091,0.00024778843175702594
1324.5399999999504,1569.2018340265377,718.2640043425542,0.07236201492694626,0.058168193009470404,0.0002448474512847005
1324.5499999999504,1569.2018340265377,718.2669449465815,0.07206151304045201,0.057942114948859764,0.00024193898494240723
1324.5599999999504,1569.2018340265377,718.2698855302849,0.07176192765826417,0.05771676337310029,0.00023906270253591622
1324.5699999999504,1569.2018340265377,718.2728260936648,0.07146325738586254,0.05749213664603348,0.00023621827689739047
1324.5799999999504,1569.2018340265377,718.2757666367214,0.07116550082535401,0.057268233132098126,0.00023340538384740233
1324.5899999999504,1569.2018340265377,718.2787071594549,0.07086865657473244,0.05704505119637099,0.00023062370216908593
1324.5999999999503,1569.2018340265377,718.2816476618653,0.07057272322829952,0.05682258920457302,0.0002278729135860149
1324.6099999999503,1569.2018340265377,718.2845881439532,0.07027769937978731,0.05660084552303292,0.00022515270274848457
1324.6199999999503,1569.2018340265377,718.2875286057188,0.06998358361789617,0.05637981851877095,0.00022246275719633424
1324.6299999999503,1569.2018340265377,718.2904690471619,0.06969037452972789,0.056159506559513295,0.0002198027673469215
1324.6399999999503,1569.2018340265377,718.2934094682829,0.0693980706984382,0.05593990801364722,0.00021717242646418372
1324.6499999999503,1569.2018340265377,718.2963498690821,0.06910667070426743,0.055721021250278356,0.00021457143063949514
1324.6599999999503,1569.2018340265377,718.2992902495597,0.068816173126621,0.05550284463922844,0.00021199947877528232
1324.6699999999503,1569.2018340265377,718.3022306097159,0.06852657653862064,0.05528537655107526,0.00020945627254580006
1324.6799999999503,1569.2018340265377,718.3051709495508,0.06823787951260415,0.0550686153571584,0.00020694151639177673
1324.6899999999503,1569.2018340265377,718.3081112690646,0.06795008061839261,0.05485255942955189,0.00020445491749241035
1324.6999999999503,1569.2018340265377,718.3110515682579,0.06766317842234922,0.054637207141120574,0.0002019961857407577
1324.7099999999502,1569.2018340265377,718.3139918471304,0.06737717148702206,0.05442255686555934,0.0001995650337209906
1324.7199999999502,1569.2018340265377,718.3169321056826,0.0670920583749075,0.05420860697734043,0.00019716117669727672
1324.7299999999502,1569.2018340265377,718.3198723439144,0.06680783764271554,0.05399535585177775,0.00019478433257545728
1324.7399999999502,1569.2018340265377,718.3228125618266,0.06652450784647128,0.053782801864991334,0.00019243422189627648
1324.7499999999502,1569.2018340265377,718.325752759419,0.06624206753880174,0.053570943394003735,0.00019011056780657631
1324.7599999999502,1569.2018340265377,718.3286929366916,0.06596051527099707,0.05335977881668809,0.00018781309604352844
1324.7699999999502,1569.2018340265377,718.331633093645,0.06567984958837011,0.05314930651177376,0.00018554153490022164
1324.7799999999502,1569.2018340265377,718.3345732302794,0.06540006903592124,0.05293952485890142,0.00018329561522124245
1324.7899999999502,1569.2018340265377,718.3375133465948,0.06512117215667765,0.05273043223862837,0.00018107507037691078
1324.7999999999502,1569.2018340265377,718.3404534425916,0.06484315748910535,0.05252202703242594,0.00017887963623527175
1324.8099999999502,1569.2018340265377,718.3433935182697,0.06456602357105734,0.05231430762271719,0.00017670905115273303
1324.8199999999501,1569.2018340265377,718.3463335736299,0.06428976893749512,0.05210727239282647,0.00017456305594681896
1324.8299999999501,1569.2018340265377,718.3492736086718,0.06401439211857124,0.051900919727105206,0.00017244139387152539
1324.8399999999501,1569.2018340265377,718.3522136233959,0.0637398916451745,0.05169524801083285,0.00017034381061148242
1324.8499999999501,1569.2018340265377,718.3551536178023,0.06346626604183288,0.051490255630302594,0.00016827005424327032
1324.85999999995,1569.2018340265377,718.3580935918914,0.0631935138360366,0.05128594097280228,0.00016621987524026183
1324.86999999995,1569.2018340265377,718.3610335456632,0.06292163354739622,0.05108230242663607,0.00016419302642407712
1324.87999999995,1569.2018340265377,718.363973479118,0.06265062369565716,0.05087933838113724,0.0001621892629662893
1324.88999999995,1569.2018340265377,718.3669133922559,0.06238048279845218,0.05067704722669717,0.0001602083423630112
1324.89999999995,1569.2018340265377,718.3698532850774,0.06211120937071213,0.05047542735472319,0.00015825002441367182
1324.90999999995,1569.2018340265377,718.3727931575825,0.06184280192467056,0.050274477157730216,0.00015631407120234776
1324.91999999995,1569.2018340265377,718.3757330097714,0.06157525896928358,0.05007419502929861,0.0001544002470769113
1324.92999999995,1569.2018340265377,718.3786728416443,0.06130857901242809,0.049874579364102736,0.0001525083186357406
1324.93999999995,1569.2018340265377,718.3816126532015,0.061042760560296984,0.04967562855792366,0.00015063805470727937
1324.94999999995,1569.2018340265377,718.3845524444432,0.06077780211617092,0.0494773410076618,0.00014878922632827627
1324.95999999995,1569.2018340265377,718.3874922153694,0.060513702178257155,0.049279715111364954,0.00014696160672012505
1324.96999999995,1569.2018340265377,718.3904319659807,0.060250459247504384,0.04908274926818729,0.00014515497128920652
1324.97999999995,1569.2018340265377,718.3933716962771,0.05998807181981468,0.04888644187847809,0.00014336909758993845
1324.98999999995,1569.2018340265377,718.3963114062587,0.059726538389207454,0.04869079134374095,0.00014160376531404631
1324.99999999995,1569.2018340265377,718.3992510959259,0.059465857446603945,0.04849579606666124,0.00013985875626970656
1325.00999999995,1569.2018340265377,718.4021907652786,0.059206027482282673,0.048301454451133444,0.0001381338543695136
1325.01999999995,1569.2018340265377,718.4051304143177,0.05894704698437663,0.048107764902205793,0.00013642884560866375
1325.02999999995,1569.2018340265377,718.4080700430427,0.058688914438580896,0.047914725826220174,0.00013474351804733059
1325.03999999995,1569.2018340265377,718.4110096514539,0.058431628326681175,0.04772233563071133,0.0001330776617891357
1325.04999999995,1569.2018340265377,718.4139492395519,0.058175187130499705,0.04753059272443423,0.00013143106897288415
1325.05999999995,1569.2018340265377,718.4168888073366,0.05791958933127157,0.047339495517443334,0.0001298035337540309
1325.06999999995,1569.2018340265377,718.4198283548084,0.057664833403406446,0.04714904242102218,0.00012819485227302853
1325.07999999995,1569.2018340265377,718.4227678819674,0.05741091782259701,0.04695923184775487,0.00012660482265689532
1325.08999999995,1569.2018340265377,718.4257073888135,0.05715784106249936,0.0467700622115301,0.00012503324499465806
1325.09999999995,1569.2018340265377,718.4286468753477,0.05690560159481152,0.046581531927472435,0.00012347992132026402
1325.1099999999499,1569.2018340265377,718.4315863415695,0.056654197888069587,0.04639363941210022,0.00012194465559405865
1325.1199999999499,1569.2018340265377,718.4345257874793,0.05640362840916191,0.0462063830832201,0.00012042725368890097
1325.1299999999499,1569.2018340265377,718.4374652130774,0.0561538916239549,0.04601976135996075,0.00011892752337510929
1325.1399999999499,1569.2018340265377,718.4404046183639,0.055904985996095176,0.045833772662827565,0.00011744527430173378
1325.1499999999498,1569.2018340265377,718.4433440033393,0.05565690998677756,0.045648415413649376,0.00011598031797952358
1325.1599999999498,1569.2018340265377,718.4462833680035,0.05540966205446532,0.04546368803567558,0.0001145324677647121
1325.1699999999498,1569.2018340265377,718.4492227123566,0.055163240658962755,0.04527958895350872,0.00011310153885102569
1325.1799999999498,1569.2018340265377,718.4521620363993,0.054917644255931826,0.045096116593115854,0.00011168734824237948
1325.1899999999498,1569.2018340265377,718.4551013401314,0.05467287129923959,0.04491326938192509,0.00011028971474245195
1325.1999999999498,1569.2018340265377,718.4580406235532,0.05442892023898699,0.044731045748744,0.0001089084589346109
1325.2099999999498,1569.2018340265377,718.4609798866649,0.05418578953005137,0.04454944412382052,0.00010754340318372471
1325.2199999999498,1569.2018340265377,718.4639191294668,0.05394347761874637,0.044368462938818506,0.00010619437159376033
1325.2299999999498,1569.2018340265377,718.4668583519592,0.05370198295392377,0.04418810062687073,0.00010486119001488814
1325.2399999999498,1569.2018340265377,718.469797554142,0.053461303978476184,0.044008355622575664,0.00010354368601139834
1325.2499999999498,1569.2018340265377,718.4727367360156,0.05322143913787647,0.04382922636198015,0.00010224168886320606
1325.2599999999497,1569.2018340265377,718.4756758975803,0.05298238687449388,0.043650711282604324,0.00010095502953976141
1325.2699999999497,1569.2018340265377,718.4786150388362,0.052744145628794176,0.04347280882349359,9.968354068773909e-05
1325.2799999999497,1569.2018340265377,718.4815541597834,0.05250671383877647,0.043295517425173694,9.842705661496932e-05
1325.2899999999497,1569.2018340265377,718.4844932604223,0.0522700899425012,0.04311883552967534,9.718541328060491e-05
1325.2999999999497,1569.2018340265377,718.487432340753,0.052034272375358716,0.04294276158055815,9.595844827546168e-05
1325.3099999999497,1569.2018340265377,718.4903714007759,0.05179925957170219,0.04276729402291432,9.474600081060694e-05
1325.3199999999497,1569.2018340265377,718.4933104404909,0.05156504996434911,0.042592431303392214,9.354791170213161e-05
1325.3299999999497,1569.2018340265377,718.4962494598983,0.05133164198377565,0.04241817187017277,9.236402335531413e-05
1325.3399999999497,1569.2018340265377,718.4991884589986,0.051099034059224516,0.042244514173000194,9.119417975262016e-05
1325.3499999999497,1569.2018340265377,718.5021274377917,0.0508672246198191,0.042071456663205414,9.003822644168666e-05
1325.3599999999497,1569.2018340265377,718.5050663962778,0.05063621209212,0.041898997793709064,8.889601051698028e-05
1325.3699999999496,1569.2018340265377,718.5080053344573,0.05040599489964319,0.04172713601899829,8.776738060508174e-05
1325.3799999999496,1569.2018340265377,718.5109442523303,0.05017657146821754,0.04155586979517689,8.665218686051241e-05
1325.3899999999496,1569.2018340265377,718.5138831498971,0.049947940218808794,0.041385197579968086,8.555028093953565e-05
1325.3999999999496,1569.2018340265377,718.5168220271577,0.04972009957338276,0.04121511783271787,8.446151599682772e-05
1325.4099999999496,1569.2018340265377,718.5197608841125,0.04949304794987511,0.04104562901438495,8.338574666334959e-05
1325.4199999999496,1569.2018340265377,718.5226997207617,0.04926678376940169,0.04087672958759638,8.232282904546555e-05
1325.4299999999496,1569.2018340265377,718.5256385371056,0.04904130544616543,0.04070841801660485,8.127262069448752e-05
1325.4399999999496,1569.2018340265377,718.5285773331441,0.048816611396772236,0.04054069276735687,8.023498060950438e-05
1325.4499999999496,1569.2018340265377,718.5315161088776,0.04859270003523494,0.0403735523074435,7.920976921574494e-05
1325.4599999999496,1569.2018340265377,718.5344548643064,0.04836956977504749,0.040206995106129725,7.819684835519788e-05
1325.4699999999496,1569.2018340265377,718.5373935994307,0.04814721902796188,0.040041019634395734,7.719608127191906e-05
1325.4799999999495,1569.2018340265377,718.5403323142503,0.04792564620396435,0.039875624364926816,7.62073325992406e-05
1325.4899999999495,1569.2018340265377,718.543271008766,0.04770484971261095,0.03971080777206492,7.523046834908245e-05
1325.4999999999495,1569.2018340265377,718.5462096829777,0.047484827962268016,0.039546568331920544,7.42653558985939e-05
1325.5099999999495,1569.2018340265377,718.5491483368858,0.04726557936062643,0.03938290452230482,7.331186397823882e-05
1325.5199999999495,1569.2018340265377,718.5520869704901,0.0470471023119195,0.03921981482278302,7.236986265533147e-05
1325.5299999999495,1569.2018340265377,718.5550255837911,0.04682939522156839,0.03905729771464595,7.14392233289035e-05
1325.5399999999495,1569.2018340265377,718.5579641767891,0.046612456494092486,0.038895351680937613,7.051981871433352e-05
1325.5499999999495,1569.2018340265377,718.5609027494843,0.04639628452990133,0.03873397520647657,6.96115228265286e-05
1325.5599999999495,1569.2018340265377,718.5638413018766,0.04618087773185546,0.038573166777858485,6.871421097790613e-05
1325.5699999999495,1569.2018340265377,718.5667798339665,0.045966234499738357,0.038412924883427416,6.782775975803246e-05
1325.5799999999495,1569.2018340265377,718.5697183457542,0.0457523532333024,0.03825324801334683,6.695204702666947e-05
1325.5899999999494,1569.2018340265377,718.5726568372398,0.045539232331016026,0.03809413465955852,6.608695190005045e-05
1325.5999999999494,1569.2018340265377,718.5755953084234,0.04532687018935351,0.03793558331583426,6.523235473844949e-05
1325.6099999999494,1569.2018340265377,718.5785337593055,0.045115265205302235,0.03777759247772291,6.438813713812161e-05
1325.6199999999494,1569.2018340265377,718.5814721898862,0.04490441577314743,0.037620160642620325,6.355418191548107e-05
1325.6299999999494,1569.2018340265377,718.5844106001657,0.044694320288448594,0.037463286309746935,6.273037310137354e-05
1325.6399999999494,1569.2018340265377,718.587348990144,0.04448497714362878,0.03730696798017435,6.191659592365205e-05
1325.6499999999494,1569.2018340265377,718.5902873598217,0.04427638473166853,0.037151204156797304,6.111273680115627e-05
1325.6599999999494,1569.2018340265377,718.5932257091987,0.04406854144442761,0.0369959933443842,6.0318683330432366e-05
1325.6699999999494,1569.2018340265377,718.5961640382756,0.043861445673593305,0.036841334049549035,5.953432427596248e-05
1325.6799999999494,1569.2018340265377,718.5991023470519,0.04365509580687148,0.036687224780819545,5.875954955432864e-05
1325.6899999999494,1569.2018340265377,718.6020406355284,0.04344949023404193,0.0365336640485552,5.79942502314018e-05
1325.6999999999493,1569.2018340265377,718.6049789037054,0.043244627345021665,0.03638065036500946,5.7238318509099496e-05
1325.7099999999493,1569.2018340265377,718.6079171515826,0.043040505526039614,0.03622818224437277,5.649164770981455e-05
1325.7199999999493,1569.2018340265377,718.6108553791605,0.042837123163279686,0.036076258202691676,5.575413227051472e-05
1325.7299999999493,1569.2018340265377,718.6137935864392,0.04263447864312234,0.03592487675795353,5.502566773281774e-05
1325.7399999999493,1569.2018340265377,718.6167317734192,0.0424325703514407,0.03577403643003529,5.430615073150153e-05
1325.7499999999493,1569.2018340265377,718.6196699401006,0.04223139667219223,0.03562373574076986,5.359547898261442e-05
1325.7599999999493,1569.2018340265377,718.6226080864833,0.04203095598818063,0.03547397321392433,5.289355127421865e-05
1325.7699999999493,1569.2018340265377,718.6255462125678,0.04183124668408597,0.0353247473751842,5.2200267460020184e-05
1325.7799999999493,1569.2018340265377,718.6284843183541,0.04163226714182344,0.03517605675220186,5.151552844358989e-05
1325.7899999999493,1569.2018340265377,718.6314224038427,0.04143401574289905,0.03502789987457475,5.083923617133411e-05
1325.7999999999493,1569.2018340265377,718.6343604690337,0.041236490868643366,0.03488027527387599,5.017129362297281e-05
1325.8099999999492,1569.2018340265377,718.6372985139271,0.04103969089953655,0.034733181483650066,4.951160480088501e-05
1325.8199999999492,1569.2018340265377,718.6402365385235,0.04084361421571795,0.034586617039403036,4.886007472098031e-05
1325.8299999999492,1569.2018340265377,718.6431745428227,0.04064825919604398,0.034440580478649625,4.821660940205945e-05
1325.8399999999492,1569.2018340265377,718.6461125268252,0.040453624219500724,0.03429507034088623,4.7581115857869174e-05
1325.8499999999492,1569.2018340265377,718.649050490531,0.04025970766409494,0.03415008516760928,4.695350208634055e-05
1325.8599999999492,1569.2018340265377,718.6519884339405,0.04006650790843715,0.034005623502316874,4.633367706203831e-05
1325.8699999999492,1569.2018340265377,718.6549263570539,0.03987402332993085,0.0338616838905269,4.5721550724748436e-05
1325.8799999999492,1569.2018340265377,718.6578642598713,0.03968225230350254,0.03371826487978941,4.511703396884832e-05
1325.8899999999492,1569.2018340265377,718.6608021423928,0.03949119320674788,0.03357536501967661,4.4520038639999234e-05
1325.8999999999492,1569.2018340265377,718.663740004619,0.03930084441545246,0.033432982861767886,4.3930477520848954e-05
1325.9099999999492,1569.2018340265377,718.6666778465496,0.03911120430543355,0.03329111695972842,4.334826432432099e-05
1325.9199999999491,1569.2018340265377,718.6696156681853,0.03892227125030471,0.03314976586923829,4.2773313681997524e-05
1325.9299999999491,1569.2018340265377,718.672553469526,0.038734043625512686,0.0330089281480544,4.220554113988813e-05
1325.9399999999491,1569.2018340265377,718.675491250572,0.03854651980632663,0.03286860235597324,4.164486314725429e-05
1325.9499999999491,1569.2018340265377,718.6784290113236,0.03835969816436992,0.03272878705487553,4.1091197044271934e-05
1325.959999999949,1569.2018340265377,718.6813667517808,0.03817357707530435,0.032589480808716376,4.054446106166108e-05
1325.969999999949,1569.2018340265377,718.684304471944,0.03798815490988335,0.0324506821835261,4.0004574302483904e-05
1325.979999999949,1569.2018340265377,718.6872421718134,0.0378034300437642,0.03231238974741174,3.947145674408994e-05
1325.989999999949,1569.2018340265377,718.6901798513891,0.03761940084755787,0.03217460207060034,3.894502921924865e-05
1325.999999999949,1569.2018340265377,718.6931175106713,0.03743606569397136,0.032037317725397425,3.8425213415221055e-05
1326.009999999949,1569.2018340265377,718.6960551496603,0.037253422955676484,0.03190053528621967,3.791193186326815e-05
1326.019999999949,1569.2018340265377,718.6989927683563,0.037071471004878835,0.03176425332959585,3.740510792998069e-05
1326.029999999949,1569.2018340265377,718.7019303667597,0.03689020821144388,0.03162847043416762,3.690466580725851e-05
1326.039999999949,1569.2018340265377,718.7048679448702,0.03670963294696056,0.03149318518072704,3.6410530508430295e-05
1326.049999999949,1569.2018340265377,718.7078055026884,0.0365297435849284,0.031358396152159525,3.592262786020099e-05
1326.059999999949,1569.2018340265377,718.7107430402145,0.03635053849424432,0.031224101933502377,3.544088448839843e-05
1326.069999999949,1569.2018340265377,718.7136805574487,0.03617201604725186,0.03109030111194,3.496522781804378e-05
1326.079999999949,1569.2018340265377,718.716618054391,0.035994174612367154,0.03095699227680447,3.449558605831792e-05
1326.089999999949,1569.2018340265377,718.7195555310417,0.03581701256292701,0.030824174019576142,3.403188820337644e-05
1326.099999999949,1569.2018340265377,718.7224929874012,0.03564052826819526,0.030691844933884434,3.35740640159892e-05
1326.109999999949,1569.2018340265377,718.7254304234697,0.03546472009921539,0.03056000361553896,3.312204402561923e-05
1326.119999999949,1569.2018340265377,718.728367839247,0.03528958642533075,0.030428648662529957,3.267575951757207e-05
1326.129999999949,1569.2018340265377,718.7313052347337,0.0351151256170717,0.03029777867499303,3.2235142528147933e-05
1326.139999999949,1569.2018340265377,718.73424260993,0.034941336045753404,0.030167392255260717,3.180012583691504e-05
1326.149999999949,1569.2018340265377,718.7371799648361,0.03476821608144159,0.03003748800785745,3.1370642957471436e-05
1326.159999999949,1569.2018340265377,718.7401172994519,0.03459576409381552,0.02990806453950497,3.0946628130980834e-05
1326.169999999949,1569.2018340265377,718.7430546137778,0.03442397845417908,0.029779120459107498,3.052801632070796e-05
1326.179999999949,1569.2018340265377,718.7459919078143,0.034252857531259936,0.029650654377762438,3.0114743201117398e-05
1326.189999999949,1569.2018340265377,718.7489291815613,0.03408239969686982,0.02952266490881016,2.9706745155900593e-05
1326.199999999949,1569.2018340265377,718.7518664350189,0.03391260332145331,0.02939515066778444,2.930395926686745e-05
1326.2099999999489,1569.2018340265377,718.7548036681876,0.03374346677517263,0.02926811027242756,2.8906323307977803e-05
1326.2199999999489,1569.2018340265377,718.7577408810674,0.03357498842848255,0.029141542342725226,2.851377573898964e-05
1326.2299999999489,1569.2018340265377,718.7606780736588,0.03340716665314687,0.029015445500872036,2.8126255699376584e-05
1326.2399999999489,1569.2018340265377,718.7636152459617,0.033239999819098746,0.028889818371320465,2.7743702998957602e-05
1326.2499999999488,1569.2018340265377,718.7665523979763,0.03307348629740627,0.02876465958074192,2.736605811360346e-05
1326.2599999999488,1569.2018340265377,718.769489529703,0.03290762446086413,0.028639967758051242,2.6993262179050907e-05
1326.2699999999488,1569.2018340265377,718.772426641142,0.032742412679726864,0.028515741534421043,2.6625256980780063e-05
1326.2799999999488,1569.2018340265377,718.7753637322935,0.03257784932486027,0.02839197954327196,2.626198495006658e-05
1326.2899999999488,1569.2018340265377,718.7783008031575,0.03241393276984371,0.028268680420287046,2.5903389159165477e-05
1326.2999999999488,1569.2018340265377,718.7812378537345,0.03225066138580509,0.028145842803402016,2.5549413310663603e-05
1326.3099999999488,1569.2018340265377,718.7841748840247,0.032088033545077936,0.028023465332824366,2.5200001734086706e-05
1326.3199999999488,1569.2018340265377,718.7871118940279,0.031926047620660286,0.027901546651042292,2.485509937912371e-05
1326.3299999999488,1569.2018340265377,718.7900488837447,0.03176470198543375,0.02778008540280589,2.4514651808696145e-05
1326.3399999999488,1569.2018340265377,718.7929858531753,0.0316039950120357,0.027659080235145683,2.417860519268293e-05
1326.3499999999487,1569.2018340265377,718.7959228023199,0.03144392507603493,0.027538529797386354,2.384690630420143e-05
1326.3599999999487,1569.2018340265377,718.7988597311784,0.03128449054828451,0.027418432741146383,2.3519502507656284e-05
1326.3699999999487,1569.2018340265377,718.8017966397513,0.031125689804475033,0.027298787720319177,2.3196341759933385e-05
1326.3799999999487,1569.2018340265377,718.8047335280388,0.030967521219911826,0.02717959339110515,2.2877372600444454e-05
1326.3899999999487,1569.2018340265377,718.8076703960412,0.03080998316934191,0.027060848412006767,2.2562544145064848e-05
1326.3999999999487,1569.2018340265377,718.8106072437583,0.03065307402663616,0.026942551443846264,2.2251806080064586e-05
1326.4099999999487,1569.2018340265377,718.8135440711907,0.030496792168833897,0.026824701149733215,2.1945108659159958e-05
1326.4199999999487,1569.2018340265377,718.8164808783387,0.03034113597303025,0.026707296195091566,2.1642402695459302e-05
1326.4299999999487,1569.2018340265377,718.8194176652021,0.030186103813661064,0.026590335247690944,2.1343639553865757e-05
1326.4399999999487,1569.2018340265377,718.8223544317813,0.03003169406927309,0.026473816977600418,2.1048771150155135e-05
1326.4499999999487,1569.2018340265377,718.8252911780764,0.029877905117068324,0.02635774005721976,2.0757749941486794e-05
1326.4599999999486,1569.2018340265377,718.828227904088,0.029724735335469245,0.0262421031612745,2.047052892263282e-05
1326.4699999999486,1569.2018340265377,718.831164609816,0.029572183103025652,0.026126904966828474,2.0187061619694432e-05
1326.4799999999486,1569.2018340265377,718.8341012952606,0.02942024679812759,0.026012144153296547,1.9907302084453935e-05
1326.4899999999486,1569.2018340265377,718.837037960422,0.029268924801106627,0.025897819402412644,1.963120489032029e-05
1326.4999999999486,1569.2018340265377,718.8399746053005,0.029118215492322547,0.025783929398264762,1.9358725125684592e-05
1326.5099999999486,1569.2018340265377,718.8429112298965,0.028968117252172878,0.025670472827289556,1.9089818388597555e-05
1326.5199999999486,1569.2018340265377,718.8458478342097,0.0288186284619987,0.02555744837828476,1.882444078210783e-05
1326.5299999999486,1569.2018340265377,718.8487844182406,0.028669747503908705,0.025444854742395065,1.8562548908877854e-05
1326.5399999999486,1569.2018340265377,718.8517209819896,0.028521472760457977,0.02533269061311145,1.8304099865782012e-05
1326.5499999999486,1569.2018340265377,718.8546575254567,0.028373802615182443,0.02522095468631379,1.8049051239170495e-05
1326.5599999999486,1569.2018340265377,718.8575940486421,0.028226735451209416,0.025109645660230717,1.7797361098829182e-05
1326.5699999999485,1569.2018340265377,718.8605305515459,0.02808026965339445,0.024998762235473225,1.754898799434434e-05
1326.5799999999485,1569.2018340265377,718.8634670341687,0.027934403607750888,0.02488830311500372,1.7303890949673664e-05
1326.5899999999485,1569.2018340265377,718.8664034965104,0.027789135699114505,0.02477826700418202,1.7062029456808432e-05
1326.5999999999485,1569.2018340265377,718.8693399385712,0.027644464313894317,0.024668652610742896,1.6823363472556674e-05
1326.6099999999485,1569.2018340265377,718.8722763603514,0.027500387840219024,0.024559458644795088,1.658785341374231e-05
1326.6199999999485,1569.2018340265377,718.8752127618512,0.027356904666288203,0.02445068381883699,1.6355460151395135e-05
1326.6299999999485,1569.2018340265377,718.8781491430709,0.027214013180371737,0.024342326847755766,1.6126145005992586e-05
1326.6399999999485,1569.2018340265377,718.8810855040106,0.0270717117720157,0.024234386448834317,1.589986974346514e-05
1326.6499999999485,1569.2018340265377,718.8840218446704,0.026929998831379063,0.02412686134174595,1.5676596570103715e-05
1326.6599999999485,1569.2018340265377,718.8869581650507,0.02678887274992499,0.02401975024856154,1.5456288128330316e-05
1326.6699999999485,1569.2018340265377,718.8898944651518,0.026648331920234167,0.023913051893748215,1.5238907491977901e-05
1326.6799999999484,1569.2018340265377,718.8928307449735,0.026508374733757847,0.023806765004192997,1.5024418160483755e-05
1326.6899999999484,1569.2018340265377,718.8957670045163,0.026368999585571037,0.023700888309168232,1.4812784057051995e-05
1326.6999999999484,1569.2018340265377,718.8987032437806,0.026230204868812532,0.023595420540359405,1.4603969521053284e-05
1326.7099999999484,1569.2018340265377,718.9016394627662,0.026091988980111048,0.023490360431879756,1.4397939306677992e-05
1326.7199999999484,1569.2018340265377,718.9045756614735,0.025954350314373088,0.02338570672024048,1.4194658575596996e-05
1326.7299999999484,1569.2018340265377,718.9075118399027,0.025817287269031822,0.0232814581443736,1.399409289501194e-05
1326.7399999999484,1569.2018340265377,718.9104479980541,0.02568079824338802,0.023177613445626626,1.3796208232950525e-05
1326.7499999999484,1569.2018340265377,718.9133841359279,0.025544881635416943,0.023074171367777032,1.3600970952297574e-05
1326.7599999999484,1569.2018340265377,718.9163202535241,0.02540953584500783,0.022971130657030693,1.3408347808333015e-05
1326.7699999999484,1569.2018340265377,718.9192563508429,0.02527475927252447,0.022868490062008254,1.3218305943756907e-05
1326.7799999999484,1569.2018340265377,718.922192427885,0.02514055032088664,0.02276624833375592,1.30308128856493e-05
1326.7899999999483,1569.2018340265377,718.9251284846501,0.02500690739303416,0.02266440422576726,1.2845836540051822e-05
1326.7999999999483,1569.2018340265377,718.9280645211386,0.02487382889119615,0.022562956493965863,1.266334518753316e-05
1326.8099999999483,1569.2018340265377,718.9310005373505,0.024741313221732925,0.022461903896707536,1.2483307481647791e-05
1326.8199999999483,1569.2018340265377,718.9339365332864,0.024609358790158145,0.022361245194778858,1.2305692442387139e-05
1326.8299999999483,1569.2018340265377,718.9368725089464,0.024477964003032673,0.02226097915141874,1.213046945323527e-05
1326.8399999999483,1569.2018340265377,718.9398084643304,0.024347127267965365,0.02216110453231273,1.1957608257250888e-05
1326.8499999999483,1569.2018340265377,718.9427443994389,0.02421684699457144,0.022061620105579674,1.1787078953645543e-05
1326.8599999999483,1569.2018340265377,718.9456803142721,0.024087121593360714,0.021962524641785382,1.1618851993405286e-05
1326.8699999999483,1569.2018340265377,718.9486162088302,0.023957949474442013,0.021863816913948605,1.1452898174882218e-05
1326.8799999999483,1569.2018340265377,718.9515520831133,0.023829329050997074,0.021765495697550416,1.1289188641719046e-05
1326.8899999999483,1569.2018340265377,718.9544879371215,0.02370125873566517,0.021667559770509517,1.1127694877356915e-05
1326.8999999999482,1569.2018340265377,718.9574237708554,0.02357373694387995,0.021570007913195688,1.0968388702947241e-05
1326.9099999999482,1569.2018340265377,718.9603595843149,0.023446762091012246,0.021472838908450538,1.0811242272365495e-05
1326.9199999999482,1569.2018340265377,718.9632953775002,0.023320332593618105,0.021376051541570205,1.0656228069169503e-05
1326.9299999999482,1569.2018340265377,718.9662311504118,0.023194446869571023,0.02127964460029997,1.0503318903069314e-05
1326.9399999999482,1569.2018340265377,718.9691669030495,0.023069103338959097,0.02118361687486193,1.0352487906804971e-05
1326.9499999999482,1569.2018340265377,718.972102635414,0.022944300421758487,0.021087967157927,1.0203708531548372e-05
1326.9599999999482,1569.2018340265377,718.975038347505,0.022820036539012257,0.02099269424464991,1.0056954544003083e-05
1326.9699999999482,1569.2018340265377,718.9779740393229,0.022696310114748278,0.020897796932637554,9.912200023767204e-06
1326.9799999999482,1569.2018340265377,718.9809097108682,0.022573119572628277,0.020803274021961596,9.769419358447942e-06
1326.9899999999482,1569.2018340265377,718.9838453621409,0.02245046333771865,0.020709124315178472,9.628587241092142e-06
1326.9999999999482,1569.2018340265377,718.986780993141,0.022328339836659196,0.02061534661731239,9.489678666892258e-06
1327.0099999999481,1569.2018340265377,718.9897166038688,0.022206747498064942,0.020521939735856816,9.352668930037653e-06
1327.0199999999481,1569.2018340265377,718.9926521943248,0.02208568475056893,0.020428902480772414,9.217533619601877e-06
1327.0299999999481,1569.2018340265377,718.995587764509,0.02196515002525745,0.02033623366451002,9.084248617346406e-06
1327.0399999999481,1569.2018340265377,718.9985233144215,0.021845141752692383,0.0202439321019903,8.952790093243407e-06
1327.049999999948,1569.2018340265377,719.0014588440627,0.021725658367449385,0.020151996610612302,8.823134504176167e-06
1327.059999999948,1569.2018340265377,719.0043943534328,0.021606698303484037,0.020060426010251108,8.69525858886913e-06
1327.069999999948,1569.2018340265377,719.0073298425318,0.021488259996953064,0.019969219123273277,8.569139365940552e-06
1327.079999999948,1569.2018340265377,719.0102653113601,0.021370341884820083,0.019878374774520265,8.444754130230384e-06
1327.089999999948,1569.2018340265377,719.0132007599178,0.021252942405857008,0.019787891791313135,8.322080450146373e-06
1327.099999999948,1569.2018340265377,719.0161361882053,0.021136060000372558,0.019697769003460756,8.201096164528021e-06
1327.109999999948,1569.2018340265377,719.0190715962228,0.021019693109931754,0.0196080052432573,8.08177937953413e-06
1327.119999999948,1569.2018340265377,719.0220069839702,0.020903840176316742,0.01951859934549361,7.964108465288963e-06
1327.129999999948,1569.2018340265377,719.0249423514479,0.020788499644911192,0.01942955014743043,7.848062054218404e-06
1327.139999999948,1569.2018340265377,719.0278776986563,0.02067366996132289,0.019340856488816983,7.73361903685357e-06
1327.149999999948,1569.2018340265377,719.0308130255953,0.02055934957261745,0.019252517211912165,7.620758559444203e-06
1327.159999999948,1569.2018340265377,719.0337483322652,0.020445536927080826,0.019164531161447666,7.509460020988727e-06
1327.169999999948,1569.2018340265377,719.0366836186662,0.020332230475671544,0.019076897184649576,7.399703070960094e-06
1327.179999999948,1569.2018340265377,719.0396188847988,0.02021942866991283,0.01898961413122882,7.291467605722357e-06
1327.189999999948,1569.2018340265377,719.0425541306629,0.020107129962834355,0.018902680853402392,7.184733766131348e-06
1327.199999999948,1569.2018340265377,719.0454893562586,0.019995332808996683,0.018816096205880255,7.079481934793026e-06
1327.209999999948,1569.2018340265377,719.0484245615863,0.0198840356647514,0.018729859045852806,6.9756927334329395e-06
1327.219999999948,1569.2018340265377,719.0513597466463,0.01977323698786709,0.01864396823301168,6.873347020093012e-06
1327.229999999948,1569.2018340265377,719.0542949114388,0.01966293523804712,0.018558422629543648,6.7724258866495445e-06
1327.239999999948,1569.2018340265377,719.0572300559637,0.01955312887516087,0.018473221100137747,6.672910655577999e-06
1327.249999999948,1569.2018340265377,719.0601651802215,0.019443816362832347,0.018388362511969243,6.574782878572702e-06
1327.259999999948,1569.2018340265377,719.0631002842124,0.019334996164995344,0.018303845734710267,6.478024332788961e-06
1327.269999999948,1569.2018340265377,719.0660353679366,0.01922666674718676,0.01821966964053671,6.382617018745843e-06
1327.279999999948,1569.2018340265377,719.0689704313941,0.01911882657606414,0.018135833104125254,6.288543157639741e-06
1327.289999999948,1569.2018340265377,719.0719054745854,0.019011474121668318,0.018052335002634444,6.195785189576435e-06
1327.2999999999479,1569.2018340265377,719.0748404975104,0.01890460785354922,0.017969174215740652,6.10432576984452e-06
1327.3099999999479,1569.2018340265377,719.0777755001698,0.018798226244907904,0.017886349625599627,6.014147767797113e-06
1327.3199999999479,1569.2018340265377,719.0807104825632,0.018692327768234086,0.01780386011688863,5.925234263044254e-06
1327.3299999999479,1569.2018340265377,719.0836454446911,0.018586910900805304,0.017721704576765012,5.837568544787948e-06
1327.3399999999478,1569.2018340265377,719.0865803865539,0.01848197411860464,0.017639881894888867,5.751134107525239e-06
1327.3499999999478,1569.2018340265377,719.0895153081516,0.01837751590104537,0.017558390963429517,5.665914650202236e-06
1327.3599999999478,1569.2018340265377,719.0924502094844,0.01827353472886823,0.017477230677049843,5.581894073210825e-06
1327.3699999999478,1569.2018340265377,719.0953850905524,0.01817002908405044,0.017396399932912646,5.499056476069143e-06
1327.3799999999478,1569.2018340265377,719.0983199513562,0.018066997451036543,0.017315897630677785,5.41738615551767e-06
1327.3899999999478,1569.2018340265377,719.1012547918957,0.017964438315754352,0.017235722672511486,5.336867602968039e-06
1327.3999999999478,1569.2018340265377,719.104189612171,0.017862350165291075,0.017155873963083178,5.257485502178099e-06
1327.4099999999478,1569.2018340265377,719.1071244121825,0.01776073148921843,0.01707635040955012,5.179224727429075e-06
1327.4199999999478,1569.2018340265377,719.1100591919306,0.017659580778637086,0.016997150921572744,5.1020703410641675e-06
1327.4299999999478,1569.2018340265377,719.1129939514153,0.017558896526790914,0.016918274411320815,5.026007591508931e-06
1327.4399999999478,1569.2018340265377,719.1159286906367,0.017458677227889192,0.016839719793460883,4.951021910784993e-06
1327.4499999999477,1569.2018340265377,719.1188634095951,0.017358921379130185,0.01676148598515318,4.877098912970311e-06
1327.4599999999477,1569.2018340265377,719.1217981082908,0.01725962747811425,0.01668357190605759,4.8042243913717346e-06
1327.4699999999477,1569.2018340265377,719.124732786724,0.01716079402532867,0.01660597647833948,4.732384317158401e-06
1327.4799999999477,1569.2018340265377,719.1276674448948,0.01706241952251571,0.016528698626666352,4.6615648368481785e-06
1327.4899999999477,1569.2018340265377,719.1306020828033,0.016964502473847152,0.0164517372781955,4.591752270595649e-06
1327.4999999999477,1569.2018340265377,719.1335367004501,0.016867041384886067,0.01637509136258001,4.522933109900802e-06
1327.5099999999477,1569.2018340265377,719.1364712978352,0.01677003476329864,0.016298759811983032,4.455094015823864e-06
1327.5199999999477,1569.2018340265377,719.1394058749587,0.016673481118295964,0.01622274156106266,4.388221816859827e-06
1327.5299999999477,1569.2018340265377,719.1423404318208,0.016577378961200446,0.016147035546971396,4.322303507143603e-06
1327.5399999999477,1569.2018340265377,719.145274968422,0.016481726805914778,0.0160716407093531,4.257326244640972e-06
1327.5499999999477,1569.2018340265377,719.1482094847623,0.01638652316667776,0.015996555990356983,4.193277348668007e-06
1327.5599999999476,1569.2018340265377,719.1511439808418,0.01629176656110678,0.015921780334634063,4.130144298793751e-06
1327.5699999999476,1569.2018340265377,719.1540784566608,0.016197455508305605,0.01584731268931359,4.0679147324697815e-06
1327.5799999999476,1569.2018340265377,719.1570129122197,0.016103588528760607,0.015773152004031427,4.006576443178843e-06
1327.5899999999476,1569.2018340265377,719.1599473475186,0.01601016414591133,0.01569929723091213,3.946117378992962e-06
1327.5999999999476,1569.2018340265377,719.1628817625576,0.01591718088405858,0.015625747324582676,3.886525640251211e-06
1327.6099999999476,1569.2018340265377,719.1658161573368,0.015824637270134737,0.015552501242160286,3.827789478206782e-06
1327.6199999999476,1569.2018340265377,719.168750531857,0.01573253183358864,0.015479557943240558,3.76989729321758e-06
1327.6299999999476,1569.2018340265377,719.1716848861178,0.0156408631045635,0.015406916389933543,3.7128376325757444e-06
1327.6399999999476,1569.2018340265377,719.1746192201196,0.015549629616074666,0.015334575546826216,3.65659918928482e-06
1327.6499999999476,1569.2018340265377,719.1775535338625,0.015458829903247848,0.01526253438100141,3.601170800169334e-06
1327.6599999999476,1569.2018340265377,719.180487827347,0.015368462502591137,0.015190791862023214,3.546541444004593e-06
1327.6699999999475,1569.2018340265377,719.1834221005731,0.01527852595306652,0.015119346961952643,3.4927002400999982e-06
1327.6799999999475,1569.2018340265377,719.186356353541,0.015189018795676941,0.015048198655341363,3.439636446539789e-06
1327.6899999999475,1569.2018340265377,719.1892905862509,0.015099939572751365,0.01497734591921963,3.387339458376873e-06
1327.6999999999475,1569.2018340265377,719.1922247987033,0.015011286830129426,0.014906787733101053,3.3357988065056685e-06
1327.7099999999475,1569.2018340265377,719.195158990898,0.014923059114784053,0.014836523078998054,3.2850041555252407e-06
1327.7199999999475,1569.2018340265377,719.1980931628354,0.014835254975763563,0.014766550941396197,3.234945302355166e-06
1327.7299999999475,1569.2018340265377,719.2010273145157,0.014747872963701742,0.014696870307269619,3.18561217456595e-06
1327.7399999999475,1569.2018340265377,719.2039614459392,0.014660911633162655,0.014627480166069136,3.1369948293268946e-06
1327.7499999999475,1569.2018340265377,719.2068955571061,0.014574369538976178,0.014558379509726719,3.089083451075905e-06
1327.7599999999475,1569.2018340265377,719.2098296480162,0.01448824523840269,0.014489567332670285,3.0418683504785433e-06
1327.7699999999475,1569.2018340265377,719.2127637186703,0.014402537291631915,0.01442104263177988,2.9953399630062182e-06
1327.7799999999474,1569.2018340265377,719.2156977690684,0.014317244260378855,0.014352804406432006,2.9494888471703686e-06
1327.7899999999474,1569.2018340265377,719.2186317992105,0.01423236470870625,0.014284851658476993,2.904305683215436e-06
1327.7999999999474,1569.2018340265377,719.221565809097,0.0141478972023276,0.014217183392235256,2.8597812715193143e-06
1327.8099999999474,1569.2018340265377,719.224499798728,0.014063840309909929,0.014149798614509271,2.8159065314245194e-06
1327.8199999999474,1569.2018340265377,719.2274337681039,0.013980192601895675,0.014082696334561294,2.7726724995643717e-06
1327.8299999999474,1569.2018340265377,719.2303677172249,0.013896952650996433,0.014015875564135707,2.7300703285646528e-06
1327.8399999999474,1569.2018340265377,719.2333016460908,0.013814119031630134,0.0139493353174549,2.688091285538762e-06
1327.8499999999474,1569.2018340265377,719.2362355547023,0.013731690320990659,0.01388307461118963,2.6467267509094574e-06
1327.8599999999474,1569.2018340265377,719.2391694430594,0.013649665098671535,0.013817092464491155,2.605968216981892e-06
1327.8699999999474,1569.2018340265377,719.2421033111625,0.013568041945695858,0.013751387898971967,2.565807286403642e-06
1327.8799999999474,1569.2018340265377,719.2450371590114,0.013486819445517361,0.013685959938722089,2.526235671032918e-06
1327.8899999999473,1569.2018340265377,719.2479709866066,0.013405996184665573,0.013620807610279647,2.487245190727497e-06
1327.8999999999473,1569.2018340265377,719.2509047939484,0.013325570750960093,0.01355592994264491,2.448827771711143e-06
1327.9099999999473,1569.2018340265377,719.2538385810369,0.013245541734840573,0.013491325967288668,2.410975445538154e-06
1327.9199999999473,1569.2018340265377,719.2567723478721,0.013165907728354334,0.013426994718140604,2.3736803476285787e-06
1327.9299999999473,1569.2018340265377,719.2597060944545,0.013086667327022461,0.013362935231577909,2.336934716342473e-06
1327.9399999999473,1569.2018340265377,719.2626398207841,0.013007819128070624,0.013299146546441066,2.3007308914156537e-06
1327.9499999999473,1569.2018340265377,719.2655735268614,0.012929361730456009,0.01323562770401755,2.265061312730804e-06
1327.9599999999473,1569.2018340265377,719.2685072126864,0.012851293736069998,0.013172377748059759,2.2299185193178796e-06
1327.9699999999473,1569.2018340265377,719.2714408782591,0.012773613749088402,0.0131093957247638,2.1952951480241673e-06
1327.9799999999473,1569.2018340265377,719.2743745235801,0.012696320375908204,0.013046680682770265,2.161183932311936e-06
1327.9899999999473,1569.2018340265377,719.2773081486495,0.012619412224508176,0.012984231673177225,2.1275777009768752e-06
1327.9999999999472,1569.2018340265377,719.2802417534674,0.012542887906540926,0.012922047749521494,2.094469377331433e-06
1328.0099999999472,1569.2018340265377,719.2831753380341,0.012466746034908138,0.012860127967788957,2.0618519776437013e-06
1328.0199999999472,1569.2018340265377,719.2861089023497,0.012390985225468953,0.012798471386405594,2.029718610283239e-06
1328.0299999999472,1569.2018340265377,719.2890424464147,0.012315604096334799,0.012737077066235756,1.9980624744742804e-06
1328.0399999999472,1569.2018340265377,719.2919759702288,0.01224060126699802,0.012675944070592242,1.9668768590453126e-06
1328.0499999999472,1569.2018340265377,719.2949094737927,0.012165975360894223,0.012615071465210672,1.9361551417345122e-06
1328.0599999999472,1569.2018340265377,719.2978429571065,0.012091725002767503,0.012554458318271426,1.9058907876797443e-06
1328.0699999999472,1569.2018340265377,719.3007764201702,0.012017848820083466,0.012494103700388271,1.8760773485665148e-06
1328.0799999999472,1569.2018340265377,719.3037098629842,0.011944345442345222,0.012434006684604005,1.8467084614532718e-06
1328.0899999999472,1569.2018340265377,719.3066432855485,0.011871213501962364,0.012374166346393371,1.8177778478549214e-06
1328.0999999999472,1569.2018340265377,719.3095766878636,0.011798451633814327,0.012314581763651692,1.7892793126283287e-06
1328.1099999999471,1569.2018340265377,719.3125100699297,0.011726058474165232,0.012255252016704674,1.761206742782431e-06
1328.1199999999471,1569.2018340265377,719.3154434317465,0.011654032662797397,0.01219617618831079,1.7335541067859366e-06
1328.1299999999471,1569.2018340265377,719.3183767733149,0.011582372841475898,0.012137353363631781,1.706315453318538e-06
1328.1399999999471,1569.2018340265377,719.3213100946348,0.01151107765439838,0.012078782630260472,1.6794849103529972e-06
1328.149999999947,1569.2018340265377,719.3242433957063,0.01144014574827058,0.012020463078209484,1.6530566841793155e-06
1328.159999999947,1569.2018340265377,719.3271766765297,0.011369575771739615,0.011962393799900056,1.6270250583478232e-06
1328.169999999947,1569.2018340265377,719.3301099371051,0.011299366376894835,0.011904573890171322,1.6013843929267902e-06
1328.179999999947,1569.2018340265377,719.3330431774332,0.011229516217444942,0.01184700244626469,1.5761291232853151e-06
1328.189999999947,1569.2018340265377,719.3359763975137,0.011160023949564321,0.011789678567844112,1.5512537592828302e-06
1328.199999999947,1569.2018340265377,719.3389095973467,0.011090888232705078,0.011732601356978116,1.526752884447361e-06
1328.209999999947,1569.2018340265377,719.3418427769329,0.011022107727815424,0.011675769918126723,1.5026211548059335e-06
1328.219999999947,1569.2018340265377,719.3447759362723,0.010953681099214425,0.011619183358165738,1.4788532982431367e-06
1328.229999999947,1569.2018340265377,719.3477090753651,0.010885607012571009,0.0115628407863669,1.4554441133228374e-06
1328.239999999947,1569.2018340265377,719.3506421942113,0.01081788413702479,0.011506741314402083,1.432388468690808e-06
1328.249999999947,1569.2018340265377,719.3535752928113,0.01075051114404073,0.01145088405633679,1.4096813020400528e-06
1328.259999999947,1569.2018340265377,719.3565083711657,0.010683486707118528,0.011395268128623527,1.3873176192062147e-06
1328.269999999947,1569.2018340265377,719.359441429274,0.010616809503054738,0.011339892650121093,1.3652924934811688e-06
1328.279999999947,1569.2018340265377,719.3623744671368,0.010550478210221564,0.011284756742068417,1.3436010645359203e-06
1328.289999999947,1569.2018340265377,719.3653074847541,0.010484491510379286,0.011229859528088785,1.322238537819414e-06
1328.299999999947,1569.2018340265377,719.3682404821265,0.010418848087192085,0.011175200134189638,1.3012001835407408e-06
1328.309999999947,1569.2018340265377,719.3711734592539,0.010353546627326885,0.011120777688764372,1.2804813359918047e-06
1328.319999999947,1569.2018340265377,719.3741064161366,0.01028858581960676,0.011066591322585613,1.2600773926312134e-06
1328.329999999947,1569.2018340265377,719.3770393527745,0.010223964355258542,0.011012640168802847,1.2399838133174754e-06
1328.339999999947,1569.2018340265377,719.3799722691684,0.010159680929347341,0.010958923362931567,1.2201961196903704e-06
1328.349999999947,1569.2018340265377,719.3829051653181,0.010095734237532813,0.010905440042871757,1.2007098940016414e-06
1328.359999999947,1569.2018340265377,719.3858380412239,0.010032122979479693,0.010852189348884487,1.1815207787518479e-06
1328.369999999947,1569.2018340265377,719.388770896886,0.009968845856673904,0.01079917042360185,1.1626244756674773e-06
1328.379999999947,1569.2018340265377,719.3917037323047,0.009905901574070125,0.010746382412014217,1.1440167451396074e-06
1328.389999999947,1569.2018340265377,719.3946365474801,0.009843288838320273,0.010693824461481984,1.1256934052744526e-06
1328.3999999999469,1569.2018340265377,719.3975693424123,0.009781006358739994,0.010641495721722712,1.1076503312693988e-06
1328.4099999999469,1569.2018340265377,719.4005021171018,0.009719052847685592,0.010589395344804601,1.0898834547264928e-06
1328.4199999999469,1569.2018340265377,719.4034348715488,0.009657427019963225,0.010537522485153956,1.0723887628674704e-06
1328.4299999999469,1569.2018340265377,719.4063676057533,0.009596127593058789,0.010485876299552577,1.0551622978492515e-06
1328.4399999999468,1569.2018340265377,719.4093003197155,0.00953515328642575,0.010434455947127018,1.0382001559821274e-06
1328.4499999999468,1569.2018340265377,719.4122330134356,0.009474502822999106,0.010383260589349977,1.0214984872033205e-06
1328.4599999999468,1569.2018340265377,719.4151656869141,0.00941417492818846,0.01033228939003563,1.0050534942787007e-06
1328.4699999999468,1569.2018340265377,719.418098340151,0.009354168329467345,0.010281541515340952,9.888614320832869e-07
1328.4799999999468,1569.2018340265377,719.4210309731465,0.009294481757439174,0.010231016133764852,9.729186070464071e-07
1328.4899999999468,1569.2018340265377,719.4239635859007,0.009235113945275049,0.010180712416137635,9.572213764275701e-07
1328.4999999999468,1569.2018340265377,719.4268961784142,0.009176063628722536,0.010130629535616352,9.417661476634913e-07
1328.5099999999468,1569.2018340265377,719.4298287506867,0.009117329546177994,0.010080766667701442,9.265493777332354e-07
1328.5199999999468,1569.2018340265377,719.4327613027189,0.009058910438627006,0.010031122990208755,9.115675725089823e-07
1328.5299999999468,1569.2018340265377,719.4356938345104,0.009000805049647577,0.009981697683287941,8.96817286129667e-07
1328.5399999999468,1569.2018340265377,719.4386263460622,0.008943012125962034,0.009932489929394755,8.822951204278032e-07
1328.5499999999467,1569.2018340265377,719.4415588373739,0.008885530416613557,0.009883498913320713,8.679977242365537e-07
1328.5599999999467,1569.2018340265377,719.4444913084459,0.008828358673130768,0.00983472382216537,8.539217927942063e-07
1328.5699999999467,1569.2018340265377,719.4474237592784,0.008771495650050908,0.009786163845339266,8.400640671948533e-07
1328.5799999999467,1569.2018340265377,719.4503561898716,0.008714940104396893,0.00973781817456665,8.264213337439888e-07
1328.5899999999467,1569.2018340265377,719.453288600226,0.008658690796348754,0.009689686003873205,8.129904234337762e-07
1328.5999999999467,1569.2018340265377,719.4562209903412,0.008602746487526005,0.009641766529599966,7.997682112039636e-07
1328.6099999999467,1569.2018340265377,719.4591533602178,0.008547105943759136,0.009594058950377937,7.867516156258794e-07
1328.6199999999467,1569.2018340265377,719.4620857098561,0.008491767933185993,0.009546562467138291,7.739375981579841e-07
1328.6299999999467,1569.2018340265377,719.4650180392562,0.008436731225682895,0.009499276283111195,7.613231625372069e-07
1328.6399999999467,1569.2018340265377,719.4679503484181,0.008381994595127836,0.009452199603820871,7.489053544324484e-07
1328.6499999999467,1569.2018340265377,719.4708826373421,0.00832755681722098,0.00940533163707539,7.366812606988265e-07
1328.6599999999466,1569.2018340265377,719.4738149060287,0.008273416670891215,0.009358671592969131,7.246480089662663e-07
1328.6699999999466,1569.2018340265377,719.476747154478,0.008219572937603685,0.009312218683881575,7.128027670445502e-07
1328.6799999999466,1569.2018340265377,719.4796793826899,0.008166024401369855,0.009265972124475986,7.011427423987431e-07
1328.6899999999466,1569.2018340265377,719.4826115906649,0.008112769849492718,0.00921993113168922,6.896651816920857e-07
1328.6999999999466,1569.2018340265377,719.4855437784032,0.008059808071147902,0.009174094924728619,6.783673701503933e-07
1328.7099999999466,1569.2018340265377,719.4884759459048,0.008007137859244555,0.009128462725081485,6.672466312150278e-07
1328.7199999999466,1569.2018340265377,719.4914080931702,0.007954758008759558,0.009083033756494082,6.563003258972201e-07
1328.7299999999466,1569.2018340265377,719.4943402201993,0.007902667317418741,0.00903780724498456,6.455258523435519e-07
1328.7399999999466,1569.2018340265377,719.4972723269926,0.007850864586440097,0.008992782418825694,6.349206454046752e-07
1328.7499999999466,1569.2018340265377,719.5002044135503,0.007799348618642752,0.00894795850855403,6.244821759993363e-07
1328.7599999999466,1569.2018340265377,719.5031364798722,0.007748118220461959,0.008903334746963122,6.142079508007528e-07
1328.7699999999465,1569.2018340265377,719.5060685259589,0.007697172201092817,0.008858910369091828,6.040955116931841e-07
1328.7799999999465,1569.2018340265377,719.5090005518107,0.007646509372261229,0.008814684612229728,5.941424352895248e-07
1328.7899999999465,1569.2018340265377,719.5119325574275,0.007596128548056198,0.008770656715919022,5.843463324598422e-07
1328.7999999999465,1569.2018340265377,719.5148645428095,0.00754602854599482,0.00872682592193933,5.747048479579e-07
1328.8099999999465,1569.2018340265377,719.5177965079572,0.007496208186027024,0.008683191474306223,5.652156598949282e-07
1328.8199999999465,1569.2018340265377,719.5207284528706,0.007446666291522201,0.008639752619278145,5.558764793724889e-07
1328.8299999999465,1569.2018340265377,719.52366037755,0.007397401687710688,0.008596508605341311,5.466850499253791e-07
1328.8399999999465,1569.2018340265377,719.5265922819954,0.007348413202852076,0.008553458683216553,5.376391471792737e-07
1328.8499999999465,1569.2018340265377,719.5295241662072,0.007299699668290336,0.008510602105844247,5.287365784250538e-07
1328.8599999999465,1569.2018340265377,719.5324560301858,0.007251259918677292,0.008467938128391196,5.199751822130658e-07
1328.8699999999465,1569.2018340265377,719.5353878739311,0.007203092790100986,0.00842546600824713,5.11352827801601e-07
1328.8799999999464,1569.2018340265377,719.5383196974434,0.007155197122424847,0.00838318500501318,5.028674149135429e-07
1328.8899999999464,1569.2018340265377,719.5412515007228,0.007107571757982408,0.008341094380508438,4.945168732367516e-07
1328.8999999999464,1569.2018340265377,719.5441832837698,0.007060215542476125,0.008299193398751892,4.862991620839073e-07
1328.9099999999464,1569.2018340265377,719.5471150465844,0.007013127323699367,0.008257481325981891,4.782122699096176e-07
1328.9199999999464,1569.2018340265377,719.5500467891667,0.006966305952432986,0.008215957430633173,4.7025421397951467e-07
1328.9299999999464,1569.2018340265377,719.5529785115172,0.006919750282504352,0.008174620983336872,4.6242303998730313e-07
1328.9399999999464,1569.2018340265377,719.5559102136359,0.006873459170504,0.008133471256925142,4.5471682165425084e-07
1328.9499999999464,1569.2018340265377,719.5588418955232,0.006827431476013195,0.008092507526421268,4.471336603663939e-07
1328.9599999999464,1569.2018340265377,719.561773557179,0.006781666060742386,0.008051729069041067,4.3967168474622675e-07
1328.9699999999464,1569.2018340265377,719.5647051986036,0.0067361617900480435,0.008011135164181499,4.323290503836682e-07
1328.9799999999464,1569.2018340265377,719.5676368197976,0.006690917531903003,0.007970725093420459,4.251039394051561e-07
1328.9899999999463,1569.2018340265377,719.5705684207608,0.006645932156798043,0.00793049814052271,4.179945601105178e-07
1328.9999999999463,1569.2018340265377,719.5735000014934,0.006601204538335096,0.00789045359142387,4.109991466554022e-07
1329.0099999999463,1569.2018340265377,719.5764315619957,0.006556733552907949,0.00785059073423006,4.041159586813671e-07
1329.0199999999463,1569.2018340265377,719.5793631022681,0.006512518079912836,0.007810908859217576,3.9734328098389216e-07
1329.0299999999463,1569.2018340265377,719.5822946223107,0.006468557001332946,0.007771407258827815,3.9067942314564385e-07
1329.0399999999463,1569.2018340265377,719.5852261221236,0.006424849202060058,0.007732085227665304,3.841227192199667e-07
1329.0499999999463,1569.2018340265377,719.5881576017068,0.006381393569790045,0.007692942062494081,3.7767152739204444e-07
1329.0599999999463,1569.2018340265377,719.5910890610611,0.006338188995734283,0.007653977062223646,3.7132422969143057e-07
1329.0699999999463,1569.2018340265377,719.5940205001863,0.006295234372947117,0.0076151895279251295,3.650792315709194e-07
1329.0799999999463,1569.2018340265377,719.5969519190826,0.006252528597806675,0.007576578762812502,3.5893496167303776e-07
1329.0899999999463,1569.2018340265377,719.5998833177504,0.006210070569551953,0.0075381440722421655,3.5288987148671915e-07
1329.0999999999462,1569.2018340265377,719.6028146961897,0.00616785919058629,0.007499884763713795,3.469424350528302e-07
1329.1099999999462,1569.2018340265377,719.605746054401,0.006125893365634407,0.007461800146860829,3.410911486078112e-07
1329.1199999999462,1569.2018340265377,719.6086773923842,0.006084172002592745,0.007423889533455733,3.353345303288175e-07
1329.1299999999462,1569.2018340265377,719.6116087101396,0.006042694012127126,0.007386152237391661,3.2967112000932827e-07
1329.1399999999462,1569.2018340265377,719.6145400076676,0.006001458308074505,0.007348587574693584,3.240994787860617e-07
1329.1499999999462,1569.2018340265377,719.6174712849682,0.005960463806849852,0.007311194863508724,3.1861818881326367e-07
1329.1599999999462,1569.2018340265377,719.6204025420417,0.0059197094275649864,0.007273973424101537,3.132258529807912e-07
1329.1699999999462,1569.2018340265377,719.6233337788881,0.005879194092635709,0.00723692257885291,3.079210946614247e-07
1329.1799999999462,1569.2018340265377,719.626264995508,0.005838916727124995,0.007200041652249374,3.027025573934964e-07
1329.1899999999462,1569.2018340265377,719.6291961919013,0.005798876259170077,0.007163329970893771,2.9756890462668175e-07
1329.1999999999462,1569.2018340265377,719.6321273680683,0.005759071619276065,0.007126786863488673,2.9251881941010697e-07
1329.2099999999461,1569.2018340265377,719.6350585240092,0.0057195017416762604,0.007090411660835604,2.875510041914506e-07
1329.2199999999461,1569.2018340265377,719.6379896597243,0.005680165562982504,0.007054203695834211,2.826641804804289e-07
1329.2299999999461,1569.2018340265377,719.6409207752138,0.005641062022418111,0.007018162303478486,2.7785708859759503e-07
1329.2399999999461,1569.2018340265377,719.6438518704776,0.005602190062654955,0.006982286820851704,2.7312848745515504e-07
1329.249999999946,1569.2018340265377,719.6467829455162,0.005563548629162322,0.006946576587121276,2.6847715426680885e-07
1329.259999999946,1569.2018340265377,719.6497140003299,0.005525136669898604,0.0069110309435323515,2.6390188427916605e-07
1329.269999999946,1569.2018340265377,719.6526450349189,0.005486953136350111,0.006875649233415076,2.594014905720695e-07
1329.279999999946,1569.2018340265377,719.655576049283,0.0054489969820063966,0.006840430802175321,2.5497480373787625e-07
1329.289999999946,1569.2018340265377,719.6585070434227,0.005411267164194725,0.006805374997282693,2.506206717237705e-07
1329.299999999946,1569.2018340265377,719.6614380173384,0.00537376264282617,0.006770481168273758,2.4633795953154396e-07
1329.309999999946,1569.2018340265377,719.6643689710301,0.005336482380410046,0.006735748666753563,2.4212554898148546e-07
1329.319999999946,1569.2018340265377,719.6672999044978,0.005299425342664122,0.006701176846386493,2.379823385052684e-07
1329.329999999946,1569.2018340265377,719.670230817742,0.005262590497864627,0.006666765062887086,2.3390724288420174e-07
1329.339999999946,1569.2018340265377,719.6731617107629,0.005225976818186353,0.006632512674024364,2.298991930808063e-07
1329.349999999946,1569.2018340265377,719.6760925835606,0.005189583277247019,0.0065984190396166245,2.2595713590375933e-07
1329.359999999946,1569.2018340265377,719.6790234361354,0.005153408852727574,0.006564483521525037,2.220800339011013e-07
1329.369999999946,1569.2018340265377,719.6819542684874,0.005117452524327932,0.006530705483651103,2.1826686505062167e-07
1329.379999999946,1569.2018340265377,719.6848850806169,0.005081713275712533,0.006497084291932901,2.1451662262690634e-07
1329.389999999946,1569.2018340265377,719.6878158725242,0.005046190092610224,0.006463619314341212,2.108283149054257e-07
1329.399999999946,1569.2018340265377,719.6907466442093,0.0050108819639593915,0.0064303099208770234,2.0720096500040452e-07
1329.409999999946,1569.2018340265377,719.6936773956724,0.004975787881280498,0.006397155483566319,2.0363361062976576e-07
1329.419999999946,1569.2018340265377,719.696608126914,0.004940906839867139,0.006364155376449934,2.0012530395777153e-07
1329.429999999946,1569.2018340265377,719.699538837934,0.004906237836942086,0.006331308975597566,1.9667511131723537e-07
1329.439999999946,1569.2018340265377,719.7024695287328,0.004871779873176481,0.00629861565908345,1.9328211307002377e-07
1329.449999999946,1569.2018340265377,719.7054001993105,0.004837531951912508,0.00626607480699401,1.8994540337827065e-07
1329.459999999946,1569.2018340265377,719.7083308496673,0.004803493079806635,0.0062336858014227165,1.866640900345064e-07
1329.469999999946,1569.2018340265377,719.7112614798036,0.004769662265954214,0.006201448026461127,1.834372942341771e-07
1329.479999999946,1569.2018340265377,719.7141920897193,0.004736038522563997,0.006169360868206331,1.8026415041279184e-07
1329.489999999946,1569.2018340265377,719.7171226794147,0.004702620864765352,0.006137423714742006,1.7714380604972404e-07
1329.4999999999459,1569.2018340265377,719.7200532488904,0.004669408310872079,0.006105635956142084,1.7407542149333408e-07
1329.5099999999459,1569.2018340265377,719.7229837981462,0.004636399881650007,0.00607399698447299,1.7105816975106835e-07
1329.5199999999459,1569.2018340265377,719.7259143271822,0.004603594600822512,0.006042506193781037,1.6809123632802315e-07
1329.5299999999459,1569.2018340265377,719.7288448359989,0.004570991495381467,0.0060111629800873615,1.6517381906015035e-07
1329.5399999999458,1569.2018340265377,719.7317753245965,0.004538589595191503,0.005979966741390146,1.6230512792426068e-07
1329.5499999999458,1569.2018340265377,719.7347057929752,0.004506387932542712,0.0059489168776581955,1.5948438484894816e-07
1329.5599999999458,1569.2018340265377,719.737636241135,0.00447438554314137,0.0059180127908306235,1.567108235795025e-07
1329.5699999999458,1569.2018340265377,719.7405666690762,0.004442581465530656,0.005887253884803301,1.5398368948779118e-07
1329.5799999999458,1569.2018340265377,719.7434970767993,0.004410974741061181,0.005856639565432134,1.513022394054345e-07
1329.5899999999458,1569.2018340265377,719.746427464304,0.00437956441418863,0.005826169240532684,1.486657414701517e-07
1329.5999999999458,1569.2018340265377,719.7493578315909,0.004348349531769006,0.005795842319865474,1.4607347493925873e-07
1329.6099999999458,1569.2018340265377,719.75228817866,0.004317329144350194,0.00576565821514273,1.435247300742935e-07
1329.6199999999458,1569.2018340265377,719.7552185055117,0.004286502304810871,0.005735616340014991,1.410188079367799e-07
1329.6299999999458,1569.2018340265377,719.7581488121463,0.0042558680691697475,0.005705716110074179,1.3855502026043312e-07
1329.6399999999458,1569.2018340265377,719.7610790985634,0.004225425496322208,0.005675956942851898,1.361326892889677e-07
1329.6499999999457,1569.2018340265377,719.7640093647639,0.004195173647980493,0.005646338257801566,1.3375114762222518e-07
1329.6599999999457,1569.2018340265377,719.7669396107476,0.004165111589193806,0.00561685947631067,1.314097380842118e-07
1329.6699999999457,1569.2018340265377,719.769869836515,0.00413523838740019,0.00558752002168632,1.2910781354498574e-07
1329.6799999999457,1569.2018340265377,719.772800042066,0.00410555311292429,0.00555831931915818,1.2684473679190517e-07
1329.6899999999457,1569.2018340265377,719.7757302274009,0.004076054839769932,0.00552925679586877,1.246198804102705e-07
1329.6999999999457,1569.2018340265377,719.7786603925201,0.004046742643989726,0.0055003318808694475,1.2243262659135165e-07
1329.7099999999457,1569.2018340265377,719.7815905374237,0.0040176156051359435,0.005471544005123231,1.2028236703800576e-07
1329.7199999999457,1569.2018340265377,719.7845206621118,0.003988672805199308,0.005442892601492881,1.1816850279433408e-07
1329.7299999999457,1569.2018340265377,719.7874507665847,0.00395991332935609,0.005414377104743553,1.1609044413286785e-07
1329.7399999999457,1569.2018340265377,719.7903808508427,0.003931336265965298,0.005385996951531094,1.1404761041981595e-07
1329.7499999999457,1569.2018340265377,719.793310914886,0.0039029407056260764,0.005357751580404598,1.120394299557917e-07
1329.7599999999456,1569.2018340265377,719.7962409587145,0.0038747257424852194,0.005329640431803489,1.1006533988371788e-07
1329.7699999999456,1569.2018340265377,719.7991709823286,0.003846690473168197,0.005301662948045779,1.0812478602897767e-07
1329.7799999999456,1569.2018340265377,719.8021009857288,0.0038188339975737252,0.005273818573327417,1.0621722279553824e-07
1329.7899999999456,1569.2018340265377,719.8050309689149,0.0037911554181173264,0.0052461067537236,1.0434211301977334e-07
1329.7999999999456,1569.2018340265377,719.8079609318872,0.0037636538403206716,0.005218526937179331,1.0249892786353213e-07
1329.8099999999456,1569.2018340265377,719.8108908746461,0.0037363283727723947,0.005191078573503251,1.006871466910711e-07
1329.8199999999456,1569.2018340265377,719.8138207971916,0.003709178126835901,0.005163761114371083,9.89062569413537e-08
1329.8299999999456,1569.2018340265377,719.8167506995242,0.0036822022165313895,0.00513657401331305,9.715575400645903e-08
1329.8399999999456,1569.2018340265377,719.8196805816435,0.0036553997592244252,0.005109516725720418,9.543514113360022e-08
1329.8499999999456,1569.2018340265377,719.8226104435504,0.0036287698748068615,0.005082588708826683,9.374392928768623e-08
1329.8599999999456,1569.2018340265377,719.8255402852449,0.00360231168632503,0.00505578942171718,9.208163705489072e-08
1329.8699999999455,1569.2018340265377,719.8284701067269,0.003576024319630088,0.005029118325321839,9.044779052137519e-08
1329.8799999999455,1569.2018340265377,719.8313999079969,0.0035499069035362465,0.005002574882402814,8.884192316666001e-08
1329.8899999999455,1569.2018340265377,719.8343296890549,0.0035239585695416584,0.004976158557562872,8.726357574818333e-08
1329.8999999999455,1569.2018340265377,719.8372594499016,0.003498178452439454,0.004949868817227908,8.57122962086823e-08
1329.9099999999455,1569.2018340265377,719.8401891905366,0.003472565689431018,0.004923705129658247,8.418763954881018e-08
1329.9199999999455,1569.2018340265377,719.8431189109605,0.003447119420950049,0.004897666964931279,8.26891677426235e-08
1329.9299999999455,1569.2018340265377,719.8460486111732,0.0034218387902013197,0.004871753794944545,8.121644962345314e-08
1329.9399999999455,1569.2018340265377,719.8489782911753,0.0033967229435153423,0.004845965093405556,7.976906079061441e-08
1329.9499999999455,1569.2018340265377,719.8519079509667,0.0033717710297044554,0.00482030033583781,7.8346583494331e-08
1329.9599999999455,1569.2018340265377,719.8548375905477,0.0033469822007018268,0.004794758999567626,7.694860655186061e-08
1329.9699999999455,1569.2018340265377,719.8577672099185,0.0033223556113331923,0.004769340563723082,7.55747252447231e-08
1329.9799999999454,1569.2018340265377,719.8606968090794,0.003297890419391088,0.00474404450922897,7.422454122429722e-08
1329.9899999999454,1569.2018340265377,719.8636263880306,0.0032735857853231575,0.004718870318804659,7.289766241014611e-08
1329.9999999999454,1569.2018340265377,719.866555946772,0.003249440872577162,0.004693817476962879,7.15937029045986e-08
1330.0099999999454,1569.2018340265377,719.8694854853043,0.0032254548474522325,0.004668885469993026,7.031228289690462e-08
1330.0199999999454,1569.2018340265377,719.8724150036273,0.003201626879239781,0.004644073785973558,6.905302857602871e-08
1330.0299999999454,1569.2018340265377,719.8753445017416,0.0031779561400505016,0.004619381914756263,6.78155720369545e-08
1330.0399999999454,1569.2018340265377,719.8782739796469,0.0031544418047614667,0.004594809347968915,6.659955119157635e-08
1330.0499999999454,1569.2018340265377,719.8812034373437,0.0031310830512603516,0.0045703555790054156,6.540460968672847e-08
1330.0599999999454,1569.2018340265377,719.8841328748324,0.003107879060253095,0.004546020103024585,6.423039681434041e-08
1330.0699999999454,1569.2018340265377,719.8870622921129,0.003084829015313793,0.004521802416948871,6.307656742799803e-08
1330.0799999999454,1569.2018340265377,719.8899916891855,0.003061932102939377,0.004497702019454594,6.194278186048406e-08
1330.0899999999453,1569.2018340265377,719.8929210660505,0.003039187512358653,0.004473718410972525,6.082870583779676e-08
1330.0999999999453,1569.2018340265377,719.895850422708,0.0030165944357697693,0.004449851093680043,5.973401040281943e-08
1330.1099999999453,1569.2018340265377,719.8987797591583,0.0029941520682629065,0.00442609957150078,5.8658371833866565e-08
1330.1199999999453,1569.2018340265377,719.9017090754015,0.0029718596077027096,0.004402463350097665,5.760147156349663e-08
1330.1299999999453,1569.2018340265377,719.9046383714377,0.0029497162547138757,0.004378941936871634,5.656299610071382e-08
1330.1399999999453,1569.2018340265377,719.9075676472676,0.002927721213187629,0.004355534840950158,5.554263696389905e-08
1330.1499999999453,1569.2018340265377,719.9104969028908,0.002905873689455932,0.004332241573195936,5.454009058972315e-08
1330.1599999999453,1569.2018340265377,719.913426138308,0.0028841728927006833,0.00430906164619002,5.355505826640535e-08
1330.1699999999453,1569.2018340265377,719.9163553535191,0.002862618035236613,0.004285994574235878,5.258724606574549e-08
1330.1799999999453,1569.2018340265377,719.9192845485244,0.0028412083320677756,0.0042630398733516615,5.1636364762360725e-08
1330.1899999999453,1569.2018340265377,719.9222137233241,0.002819943000996657,0.004240197061266983,5.070212976452513e-08
1330.1999999999452,1569.2018340265377,719.9251428779185,0.0027988212627136507,0.0042174656574196934,4.978426104554158e-08
1330.2099999999452,1569.2018340265377,719.9280720123076,0.002777842340799366,0.004194845182949995,4.888248307441208e-08
1330.2199999999452,1569.2018340265377,719.9310011264919,0.002757005461668881,0.00417233516069546,4.79965247465071e-08
1330.2299999999452,1569.2018340265377,719.9339302204714,0.002736309854402756,0.004149935115192163,4.712611931346238e-08
1330.2399999999452,1569.2018340265377,719.9368592942463,0.0027157547511067514,0.004127644572666196,4.627100432300626e-08
1330.2499999999452,1569.2018340265377,719.9397883478168,0.0026953393866433278,0.004105463061029523,4.5430921548850856e-08
1330.2599999999452,1569.2018340265377,719.9427173811835,0.0026750629987941604,0.004083390109874216,4.4605616928966946e-08
1330.2699999999452,1569.2018340265377,719.9456463943461,0.0026549248278350986,0.004061425250476026,4.379484049511636e-08
1330.2799999999452,1569.2018340265377,719.9485753873049,0.002634924117313111,0.0040395680157833845,4.2998346323040985e-08
1330.2899999999452,1569.2018340265377,719.9515043600603,0.0026150601133315583,0.004017817940412488,4.2215892458782344e-08
1330.2999999999452,1569.2018340265377,719.9544333126125,0.0025953320649022287,0.003996174560647435,4.1447240863785516e-08
1330.3099999999451,1569.2018340265377,719.9573622449616,0.002575739223714436,0.00397463741443605,4.0692157351203026e-08
1330.3199999999451,1569.2018340265377,719.9602911571077,0.0025562808443338925,0.00395320604138243,3.9950411529949306e-08
1330.3299999999451,1569.2018340265377,719.9632200490512,0.0025369561842970793,0.00393187998274369,3.9221776747875565e-08
1330.3399999999451,1569.2018340265377,719.9661489207923,0.002517764503756726,0.0039106587814274965,3.8506030028840185e-08
1330.349999999945,1569.2018340265377,719.9690777723313,0.002498705065695305,0.0038895419819871355,3.780295201950489e-08
1330.359999999945,1569.2018340265377,719.972006603668,0.00247977713591206,0.003868529130619843,3.7112326933408655e-08
1330.369999999945,1569.2018340265377,719.974935414803,0.0024609799830703585,0.0038476197751552855,3.643394249656361e-08
1330.379999999945,1569.2018340265377,719.9778642057363,0.002442312878492597,0.003826813465060524,3.576758989042318e-08
1330.389999999945,1569.2018340265377,719.9807929764684,0.0024237750963803997,0.0038061097514285303,3.511306370167454e-08
1330.399999999945,1569.2018340265377,719.9837217269992,0.002405365913675014,0.003785508186980524,3.4470161867701344e-08
1330.409999999945,1569.2018340265377,719.9866504573289,0.0023870846101690137,0.0037650083260578515,3.383868562630627e-08
1330.419999999945,1569.2018340265377,719.989579167458,0.0023689304683891825,0.003744609724615523,3.321843946290905e-08
1330.429999999945,1569.2018340265377,719.9925078573865,0.002350902773638723,0.003724311940225988,3.260923106098761e-08
1330.439999999945,1569.2018340265377,719.9954365271145,0.002333000814061765,0.003704114532067971,3.201087125324917e-08
1330.449999999945,1569.2018340265377,719.9983651766426,0.00231522388027598,0.003684017060923112,3.142317396774733e-08
1330.459999999945,1569.2018340265377,720.0012938059706,0.002297571266270689,0.003664019089176588,3.084595619209271e-08
1330.469999999945,1569.2018340265377,720.004222415099,0.0022800422681370125,0.0036441201808075237,3.0279037908609435e-08
1330.479999999945,1569.2018340265377,720.0071510040276,0.002262636185096586,0.00362431990139034,2.9722242061675835e-08
1330.489999999945,1569.2018340265377,720.010079572757,0.0022453523190275027,0.0036046178180829014,2.917539450510733e-08
1330.499999999945,1569.2018340265377,720.0130081212875,0.002228189974702693,0.0035850134996294153,2.863832396002518e-08
1330.509999999945,1569.2018340265377,720.015936649619,0.002211148459442514,0.0035655065163554722,2.811086196560828e-08
1330.519999999945,1569.2018340265377,720.0188651577517,0.0021942270833544735,0.0035460964401609514,2.759284283814286e-08
1330.529999999945,1569.2018340265377,720.021793645686,0.002177425159372152,0.003526782844517418,2.708410362809315e-08
1330.539999999945,1569.2018340265377,720.0247221134221,0.00216074200320454,0.0035075653044633203,2.6584484076641808e-08
1330.549999999945,1569.2018340265377,720.0276505609602,0.00214417693314167,0.003488443396601363,2.6093826571186367e-08
1330.559999999945,1569.2018340265377,720.0305789883001,0.0021277292702847304,0.003469416699096647,2.5611976106730526e-08
1330.569999999945,1569.2018340265377,720.0335073954426,0.002111398338425633,0.003450484791663674,2.513878024336447e-08
1330.579999999945,1569.2018340265377,720.0364357823878,0.002095183464329031,0.003431647255571186,2.4674089069450265e-08
1330.589999999945,1569.2018340265377,720.0393641491356,0.0020790839770066004,0.003412903673637261,2.4217755153297337e-08
1330.5999999999449,1569.2018340265377,720.0422924956864,0.002063099208605742,0.0033942536302201632,2.3769633514524287e-08
1330.6099999999449,1569.2018340265377,720.0452208220404,0.002047228493780385,0.003375696711217856,2.3329581578147877e-08
1330.6199999999449,1569.2018340265377,720.0481491281979,0.0020314711700621397,0.0033572325040625516,2.2897459140923717e-08
1330.6299999999449,1569.2018340265377,720.0510774141591,0.0020158265774484693,0.003338860597718738,2.2473128329290917e-08
1330.6399999999448,1569.2018340265377,720.0540056799238,0.0020002940588447348,0.003320580582679087,2.205645356756043e-08
1330.6499999999448,1569.2018340265377,720.0569339254927,0.00198487295976231,0.0033023920509540096,2.1647301538129774e-08
1330.6599999999448,1569.2018340265377,720.0598621508658,0.001969562628443896,0.0032842945960767952,2.124554114727327e-08
1330.6699999999448,1569.2018340265377,720.0627903560435,0.0019543624158247087,0.003266287813093219,2.0851043489414826e-08
1330.6799999999448,1569.2018340265377,720.0657185410257,0.0019392716755239074,0.0032483712985616436,2.0463681812410847e-08
1330.6899999999448,1569.2018340265377,720.0686467058127,0.0019242897637091045,0.0032305446505454544,2.0083331481931907e-08
1330.6999999999448,1569.2018340265377,720.071574850405,0.001909416039486783,0.00321280746860906,1.9709869951923122e-08
1330.7099999999448,1569.2018340265377,720.0745029748026,0.001894649864429893,0.0031951593538172844,1.9343176726531813e-08
1330.7199999999448,1569.2018340265377,720.0774310790055,0.0018799906028377038,0.0031775999087305506,1.8983133330192896e-08
1330.7299999999448,1569.2018340265377,720.0803591630141,0.0018654376217939023,0.003160128737395421,1.8629623275957753e-08
1330.7399999999448,1569.2018340265377,720.0832872268287,0.0018509902909430748,0.0031427454453473577,1.8282532031633245e-08
1330.7499999999447,1569.2018340265377,720.0862152704495,0.0018366479824884273,0.0031254496396025933,1.7941746988572845e-08
1330.7599999999447,1569.2018340265377,720.0891432938765,0.0018224100714073542,0.003108240928658125,1.760715743313634e-08
1330.7699999999447,1569.2018340265377,720.09207129711,0.0018082759353444534,0.003091118922482287,1.7278654515280884e-08
1330.7799999999447,1569.2018340265377,720.0949992801504,0.0017942449546072881,0.003074083232512803,1.695613121873508e-08
1330.7899999999447,1569.2018340265377,720.0979272429977,0.0017803165120940003,0.0030571334716566275,1.6639482331005093e-08
1330.7999999999447,1569.2018340265377,720.1008551856521,0.0017664899932129177,0.0030402692542800397,1.6328604413685862e-08
1330.8099999999447,1569.2018340265377,720.1037831081139,0.0017527647863153464,0.003023490196207878,1.6023395778050022e-08
1330.8199999999447,1569.2018340265377,720.1067110103834,0.0017391402820742191,0.0030067959147188524,1.5723756451228504e-08
1330.8299999999447,1569.2018340265377,720.1096388924606,0.001725615873980303,0.0029901860285421883,1.5429588153198168e-08
1330.8399999999447,1569.2018340265377,720.1125667543457,0.001712190958129695,0.0029736601578522932,1.514079426760089e-08
1330.8499999999447,1569.2018340265377,720.1154945960391,0.0016988649330455003,0.0029572179242654036,1.4857279813421601e-08
1330.8599999999446,1569.2018340265377,720.1184224175411,0.0016856372001605288,0.002940858950834287,1.4578951422872421e-08
1330.8699999999446,1569.2018340265377,720.1213502188515,0.001672507163267411,0.0029245828620493262,1.4305717310628576e-08
1330.8799999999446,1569.2018340265377,720.1242779999708,0.001659474228884205,0.002908389283826896,1.403748725139231e-08
1330.8899999999446,1569.2018340265377,720.1272057608991,0.0016465378061135364,0.0028922778435110496,1.377417255353247e-08
1330.8999999999446,1569.2018340265377,720.1301335016367,0.0016336973065918454,0.0028762481698663845,1.3515686033845249e-08
1330.9099999999446,1569.2018340265377,720.1330612221838,0.0016209521446934674,0.0028602998930765287,1.3261941994859542e-08
1330.9199999999446,1569.2018340265377,720.1359889225404,0.0016083017371848617,0.0028444326447389177,1.3012856197918049e-08
1330.9299999999446,1569.2018340265377,720.138916602707,0.0015957455034895463,0.002828646057858957,1.2768345841694945e-08
1330.9399999999446,1569.2018340265377,720.1418442626838,0.001583282865721805,0.0028129397668497135,1.252832953915235e-08
1330.9499999999446,1569.2018340265377,720.1447719024708,0.0015709132484073441,0.0027973134075261136,1.2292727292335734e-08
1330.9599999999446,1569.2018340265377,720.1476995220683,0.0015586360786536166,0.0027817666171003237,1.2061460471158775e-08
1330.9699999999445,1569.2018340265377,720.1506271214764,0.0015464507862457027,0.0027662990341784195,1.1834451791886067e-08
1330.9799999999445,1569.2018340265377,720.1535547006956,0.0015343568034664268,0.0027509102987557984,1.1611625293810225e-08
1330.9899999999445,1569.2018340265377,720.156482259726,0.001522353565068374,0.0027356000522150187,1.1392906317514792e-08
1330.9999999999445,1569.2018340265377,720.1594097985675,0.0015104405084916618,0.0027203679373212167,1.1178221485279013e-08
1331.0099999999445,1569.2018340265377,720.1623373172207,0.0014986170735947517,0.002705213598214611,1.0967498678113603e-08
1331.0199999999445,1569.2018340265377,720.1652648156856,0.0014868827029115958,0.0026901366804124574,1.0760667017138376e-08
1331.0299999999445,1569.2018340265377,720.1681922939626,0.0014752368413573315,0.0026751368308003745,1.055765684111679e-08
1331.0399999999445,1569.2018340265377,720.1711197520517,0.0014636789364463544,0.0026602136976319273,1.0358399688138694e-08
1331.0499999999445,1569.2018340265377,720.1740471899531,0.001452208438244015,0.0026453669305217444,1.0162828275589713e-08
1331.0599999999445,1569.2018340265377,720.1769746076671,0.0014408247993323714,0.002630596180441619,9.970876480569219e-09
1331.0699999999445,1569.2018340265377,720.1799020051941,0.001429527474754204,0.002615901099719443,9.782479320495722e-09
1331.0799999999444,1569.2018340265377,720.1828293825339,0.0014183159220755059,0.002601281342034112,9.59757293480255e-09
1331.0899999999444,1569.2018340265377,720.185756739687,0.001407189601378757,0.0025867365624087577,9.416094566420214e-09
1331.0999999999444,1569.2018340265377,720.1886840766535,0.0013961479752866244,0.00257226641721082,9.237982543799962e-09
1331.1099999999444,1569.2018340265377,720.1916113934338,0.0013851905088990268,0.002557870564145285,9.063176262591119e-09
1331.1199999999444,1569.2018340265377,720.1945386900278,0.0013743166696778084,0.0025435486622541353,8.89161616733018e-09
1331.1299999999444,1569.2018340265377,720.1974659664357,0.0013635259277621462,0.0025293003719079584,8.723243736152895e-09
1331.1399999999444,1569.2018340265377,720.2003932226582,0.0013528177556793473,0.0025151253548032363,8.558001461855418e-09
1331.1499999999444,1569.2018340265377,720.2033204586951,0.0013421916283800474,0.0025010232739633336,8.395832835399278e-09
1331.1599999999444,1569.2018340265377,720.2062476745465,0.0013316470233844919,0.002486993793728577,8.236682330274325e-09
1331.1699999999444,1569.2018340265377,720.2091748702129,0.0013211834205897896,0.002473036579753462,8.080495385034333e-09
1331.1799999999444,1569.2018340265377,720.2121020456945,0.0013108003024362514,0.0024591512990055136,7.927218388348564e-09
1331.1899999999443,1569.2018340265377,720.2150292009914,0.0013004971537681658,0.0024453376197592176,7.776798662374808e-09
1331.1999999999443,1569.2018340265377,720.2179563361035,0.0012902734617839604,0.0024315952115942694,7.629184446992575e-09
1331.2099999999443,1569.2018340265377,720.2208834510316,0.001280128716350887,0.002417923745386388,7.48432488638242e-09
1331.2199999999443,1569.2018340265377,720.2238105457757,0.0012700624095948333,0.002404322893309851,7.3421700116034465e-09
1331.2299999999443,1569.2018340265377,720.2267376203358,0.001260074036086277,0.0023907923288314687,7.202670726921232e-09
1331.2399999999443,1569.2018340265377,720.2296646747122,0.001250163092951489,0.0023773317267051642,7.065778795876631e-09
1331.2499999999443,1569.2018340265377,720.2325917089054,0.0012403290794834832,0.002363940762968133,6.931446824755347e-09
1331.2599999999443,1569.2018340265377,720.2355187229151,0.0012305714977721898,0.002350619114940635,6.799628252083523e-09
1331.2699999999443,1569.2018340265377,720.238445716742,0.001220889851916504,0.002337366461216435,6.670277330304662e-09
1331.2799999999443,1569.2018340265377,720.2413726903859,0.0012112836487074956,0.0023241824816656997,6.543349115989589e-09
1331.2899999999443,1569.2018340265377,720.2442996438473,0.0012017523971767298,0.002311066857423939,6.418799453866077e-09
1331.2999999999442,1569.2018340265377,720.2472265771264,0.0011922956088975323,0.002298019270893348,6.296584965273977e-09
1331.3099999999442,1569.2018340265377,720.2501534902233,0.0011829127976432153,0.00228503940573841,6.176663033329073e-09
1331.3199999999442,1569.2018340265377,720.253080383138,0.0011736034797478945,0.002272126946880578,6.0589917920373615e-09
1331.3299999999442,1569.2018340265377,720.256007255871,0.0011643671738141958,0.002259281580493473,5.943530112153726e-09
1331.3399999999442,1569.2018340265377,720.2589341084226,0.0011552034008204045,0.0022465029940015725,5.830237589377349e-09
1331.3499999999442,1569.2018340265377,720.2618609407929,0.0011461116842184497,0.0022337908760759304,5.719074532644005e-09
1331.3599999999442,1569.2018340265377,720.2647877529818,0.0011370915496941886,0.0022211449166303254,5.6100019509151935e-09
1331.3699999999442,1569.2018340265377,720.2677145449899,0.001128142525355294,0.002208564806814541,5.50298154231059e-09
1331.3799999999442,1569.2018340265377,720.2706413168172,0.0011192641416804374,0.0021960502390155046,5.3979756822536145e-09
1331.3899999999442,1569.2018340265377,720.2735680684642,0.001110455931461944,0.002183600906849103,5.294947411740816e-09
1331.3999999999442,1569.2018340265377,720.2764947999307,0.0011017174298030743,0.00217121650516123,5.1938604261156076e-09
1331.4099999999441,1569.2018340265377,720.279421511217,0.001093048174161752,0.0021588967300182347,5.0946790641865435e-09
1331.4199999999441,1569.2018340265377,720.2823482023236,0.0010844477043951172,0.0021466412787065434,4.99736829755693e-09
1331.4299999999441,1569.2018340265377,720.2852748732506,0.0010759155625841177,0.0021344498497293672,4.90189371909778e-09
1331.4399999999441,1569.2018340265377,720.2882015239979,0.0010674512931658198,0.0021223221428024433,4.808221533028591e-09
1331.449999999944,1569.2018340265377,720.2911281545661,0.0010590544429103556,0.002110257858847942,4.716318544425572e-09
1331.459999999944,1569.2018340265377,720.2940547649551,0.0010507245608836907,0.0020982566999940325,4.626152148866702e-09
1331.469999999944,1569.2018340265377,720.2969813551655,0.001042461198433579,0.0020863183695687677,4.537690322326752e-09
1331.479999999944,1569.2018340265377,720.2999079251971,0.0010342639091630889,0.00207444257209872,4.450901611205254e-09
1331.489999999944,1569.2018340265377,720.3028344750502,0.001026132249091432,0.0020626290133028947,4.365755123296782e-09
1331.499999999944,1569.2018340265377,720.3057610047252,0.0010180657764044478,0.0020508774000890383,4.282220517155329e-09
1331.509999999944,1569.2018340265377,720.3086875142222,0.0010100640516525596,0.002039187440552668,4.200267993557039e-09
1331.519999999944,1569.2018340265377,720.3116140035413,0.0010021266375445977,0.0020275588439710723,4.1198682853744956e-09
1331.529999999944,1569.2018340265377,720.3145404726829,0.0009942530991220169,0.002015991320798695,4.0409926492110944e-09
1331.539999999944,1569.2018340265377,720.3174669216471,0.0009864430037690595,0.0020044845826661783,3.9636128564885435e-09
1331.549999999944,1569.2018340265377,720.3203933504342,0.0009786959210144055,0.001993038342374818,3.887701183829624e-09
1331.559999999944,1569.2018340265377,720.3233197590441,0.0009710114225992067,0.0019816523138942626,3.813230404696953e-09
1331.569999999944,1569.2018340265377,720.3262461474774,0.0009633890826168358,0.0019703262123561324,3.74017378141529e-09
1331.579999999944,1569.2018340265377,720.3291725157342,0.0009558284773967241,0.001959059754053028,3.6685050563332726e-09
1331.589999999944,1569.2018340265377,720.3320988638145,0.0009483291853843834,0.0019478526564348346,3.5981984431270197e-09
1331.599999999944,1569.2018340265377,720.3350251917187,0.000940890787348537,0.0019367046381028711,3.52922861948776e-09
1331.609999999944,1569.2018340265377,720.3379514994471,0.0009335128662676259,0.0019256154188079964,3.4615707187130707e-09
1331.619999999944,1569.2018340265377,720.3408777869997,0.0009261950073330811,0.0019145847194464874,3.395200321876872e-09
1331.629999999944,1569.2018340265377,720.3438040543768,0.0009189367978764811,0.0019036122620568591,3.330093449853766e-09
1331.639999999944,1569.2018340265377,720.3467303015786,0.0009117378274911382,0.0018926977698153396,3.2662265561788476e-09
1331.649999999944,1569.2018340265377,720.3496565286052,0.0009045976880070264,0.0018818409670330863,3.2035765194876485e-09
1331.659999999944,1569.2018340265377,720.3525827354572,0.0008975159733527269,0.0018710415791504719,3.1421206356786946e-09
1331.669999999944,1569.2018340265377,720.3555089221344,0.0008904922796977165,0.0018602993327376518,3.0818366112210098e-09
1331.679999999944,1569.2018340265377,720.3584350886371,0.0008835262053910776,0.0018496139554871624,3.022702555821458e-09
1331.689999999944,1569.2018340265377,720.3613612349654,0.0008766173508866178,0.0018389851762115703,2.9646969751943703e-09
1331.6999999999439,1569.2018340265377,720.3642873611199,0.0008697653189260921,0.0018284127248394668,2.9077987648202148e-09
1331.7099999999439,1569.2018340265377,720.3672134671006,0.0008629697142982213,0.001817896332412703,2.8519872023762365e-09
1331.7199999999439,1569.2018340265377,720.3701395529074,0.0008562301439705533,0.0018074357310835696,2.7972419415511693e-09
1331.7299999999439,1569.2018340265377,720.3730656185409,0.0008495462170972172,0.0017970306541079824,2.743543005525367e-09
1331.7399999999438,1569.2018340265377,720.3759916640012,0.0008429175449348481,0.0017866808358447373,2.6908707802826393e-09
1331.7499999999438,1569.2018340265377,720.3789176892886,0.0008363437409528399,0.0017763860117507501,2.6392060086470248e-09
1331.7599999999438,1569.2018340265377,720.3818436944031,0.0008298244206033522,0.0017661459183798422,2.5885297833486184e-09
1331.7699999999438,1569.2018340265377,720.3847696793449,0.0008233592016091988,0.0017559602933748108,2.5388235418185956e-09
1331.7799999999438,1569.2018340265377,720.3876956441145,0.0008169477037167025,0.0017458288754666773,2.490069059413492e-09
1331.7899999999438,1569.2018340265377,720.390621588712,0.0008105895488457412,0.001735751404471519,2.44224844398073e-09
1331.7999999999438,1569.2018340265377,720.3935475131374,0.0008042843609522273,0.0017257276212861287,2.3953441296301346e-09
1331.8099999999438,1569.2018340265377,720.396473417391,0.000798031766152541,0.0017157572678840839,2.34933887140258e-09
1331.8199999999438,1569.2018340265377,720.3993993014731,0.0007918313926388212,0.0017058400873126284,2.3042157394010743e-09
1331.8299999999438,1569.2018340265377,720.402325165384,0.000785682870690442,0.001695975823688364,2.259958113305624e-09
1331.8399999999438,1569.2018340265377,720.4052510091236,0.0007795858326450887,0.0016861642221968178,2.216549676872703e-09
1331.8499999999437,1569.2018340265377,720.4081768326923,0.0007735399129225435,0.0016764050290843013,2.173974412657951e-09
1331.8599999999437,1569.2018340265377,720.4111026360904,0.0007675447480528906,0.001666697991657512,2.132216596855792e-09
1331.8699999999437,1569.2018340265377,720.414028419318,0.0007615999765576153,0.001657042858279232,2.0912607938064326e-09
1331.8799999999437,1569.2018340265377,720.4169541823752,0.0007557052390621081,0.0016474393783656124,2.0510918512436946e-09
1331.8899999999437,1569.2018340265377,720.4198799252623,0.000749860178228311,0.0016378873023807953,2.0116948951165317e-09
1331.8999999999437,1569.2018340265377,720.4228056479797,0.0007440644387601172,0.0016283863818345632,1.97305532470705e-09
1331.9099999999437,1569.2018340265377,720.4257313505274,0.0007383176674059439,0.0016189363692796354,1.9351588078207543e-09
1331.9199999999437,1569.2018340265377,720.4286570329054,0.0007326195129241874,0.0016095370183077753,1.8979912759576406e-09
1331.9299999999437,1569.2018340265377,720.4315826951143,0.0007269696261502805,0.0016001880835445318,1.8615389198257835e-09
1331.9399999999437,1569.2018340265377,720.4345083371543,0.0007213676598529314,0.0015908893206479952,1.8257881843967368e-09
1331.9499999999437,1569.2018340265377,720.4374339590254,0.0007158132688901708,0.0015816404863049527,1.7907257648068526e-09
1331.9599999999436,1569.2018340265377,720.4403595607278,0.0007103061100869053,0.0015724413382270977,1.756338601617984e-09
1331.9699999999436,1569.2018340265377,720.4432851422617,0.0007048458422541237,0.0015632916351468714,1.7226138765192941e-09
1331.9799999999436,1569.2018340265377,720.4462107036276,0.0006994321262608365,0.0015541911368151446,1.6895390082300906e-09
1331.9899999999436,1569.2018340265377,720.4491362448256,0.0006940646248582744,0.0015451396039970454,1.657101647866646e-09
1331.9999999999436,1569.2018340265377,720.4520617658554,0.0006887430028825045,0.0015361367984710274,1.625289675309203e-09
1332.0099999999436,1569.2018340265377,720.4549872667179,0.0006834669270714219,0.0015271824830198552,1.5940911946879416e-09
1332.0199999999436,1569.2018340265377,720.457912747413,0.0006782360662062873,0.0015182764214331465,1.5634945307405048e-09
1332.0299999999436,1569.2018340265377,720.4608382079409,0.0006730500909177282,0.001509418378501174,1.5334882244304308e-09
1332.0399999999436,1569.2018340265377,720.4637636483019,0.000667908673884669,0.001500608120011159,1.5040610295532843e-09
1332.0499999999436,1569.2018340265377,720.4666890684961,0.0006628114897026409,0.0014918454127452545,1.4752019086436242e-09
1332.0599999999436,1569.2018340265377,720.4696144685238,0.0006577582149213095,0.001483130024475811,1.4469000293336435e-09
1332.0699999999435,1569.2018340265377,720.4725398483853,0.0006527485280026994,0.0014744617239630339,1.4191447606012973e-09
1332.0799999999435,1569.2018340265377,720.4754652080803,0.0006477821093439607,0.0014658402809526057,1.3919256692252764e-09
1332.0899999999435,1569.2018340265377,720.4783905476097,0.0006428586412768469,0.0014572654661680038,1.3652325162378737e-09
1332.0999999999435,1569.2018340265377,720.4813158669733,0.0006379778080433929,0.0014487370513128275,1.3390552534071347e-09
1332.1099999999435,1569.2018340265377,720.4842411661715,0.0006331392958200087,0.001440254809063457,1.3133840198635638e-09
1332.1199999999435,1569.2018340265377,720.4871664452044,0.0006283427926277945,0.0014318185130677138,1.288209138559461e-09
1332.1299999999435,1569.2018340265377,720.4900917040719,0.000623587988448648,0.0014234279379411955,1.2635211132108752e-09
1332.1399999999435,1569.2018340265377,720.493016942775,0.0006188745751215777,0.0014150828592613552,1.2393106248349174e-09
1332.1499999999435,1569.2018340265377,720.4959421613132,0.0006142022463636937,0.0014067830535693978,1.2155685286177353e-09
1332.1599999999435,1569.2018340265377,720.498867359687,0.000609570697793188,0.001398528298362746,1.1922858508208332e-09
1332.1699999999435,1569.2018340265377,720.5017925378964,0.0006049796268663516,0.0013903183720930471,1.1694537855813596e-09
1332.1799999999434,1569.2018340265377,720.504717695942,0.0006004287329858098,0.0013821530541625532,1.147063692097794e-09
1332.1899999999434,1569.2018340265377,720.5076428338238,0.0005959177172996818,0.0013740321249214903,1.1251070912707607e-09
1332.1999999999434,1569.2018340265377,720.5105679515418,0.000591446282862418,0.0013659553656650753,1.1035756630958297e-09
1332.2099999999434,1569.2018340265377,720.5134930490963,0.0005870141346054919,0.0013579225586293014,1.0824612437321237e-09
1332.2199999999434,1569.2018340265377,720.5164181264878,0.0005826209792621644,0.0013499334869864407,1.0617558225400626e-09
1332.2299999999434,1569.2018340265377,720.5193431837163,0.0005782665253938196,0.0013419879348455202,1.0414515393680195e-09
1332.2399999999434,1569.2018340265377,720.5222682207819,0.0005739504833982158,0.001334085687245966,1.0215406818399118e-09
1332.2499999999434,1569.2018340265377,720.525193237685,0.0005696725654936859,0.0013262265301552819,1.0020156826526723e-09
1332.2599999999434,1569.2018340265377,720.5281182344257,0.0005654324857357206,0.0013184102504658212,9.828691169765057e-10
1332.2699999999434,1569.2018340265377,720.5310432110044,0.00056122995993775,0.0013106366359912562,9.640936997333113e-10
1332.2799999999434,1569.2018340265377,720.533968167421,0.0005570647057226525,0.0013029054754648646,9.456822831538387e-10
1332.2899999999433,1569.2018340265377,720.5368931036758,0.0005529364425666104,0.0012952165585338993,9.276278543535931e-10
1332.2999999999433,1569.2018340265377,720.5398180197692,0.0005488448916597581,0.0012875696757572923,9.099235326478161e-10
1332.3099999999433,1569.2018340265377,720.5427429157013,0.000544789776020661,0.0012799646186039428,8.9256256734183e-10
1332.3199999999433,1569.2018340265377,720.5456677914722,0.0005407708204050214,0.0012724011794480335,8.755383352120302e-10
1332.3299999999433,1569.2018340265377,720.548592647082,0.0005367877513825596,0.0012648791515658367,8.588443383096149e-10
1332.3399999999433,1569.2018340265377,720.5515174825314,0.0005328402972239372,0.0012573983291322573,8.424742014949785e-10
1332.3499999999433,1569.2018340265377,720.5544422978203,0.0005289281880146607,0.0012499585072191267,8.264216703814075e-10
1332.3599999999433,1569.2018340265377,720.5573670929488,0.0005250511555331305,0.0012425594817914252,8.106806089378016e-10
1332.3699999999433,1569.2018340265377,720.5602918679172,0.0005212089333588395,0.0012352010497029922,7.952449974936845e-10
1332.3799999999433,1569.2018340265377,720.5632166227258,0.0005174012567607731,0.0012278830086942289,7.801089304411354e-10
1332.3899999999433,1569.2018340265377,720.5661413573748,0.0005136278627461869,0.0012206051573895379,7.652666142242864e-10
1332.3999999999432,1569.2018340265377,720.5690660718642,0.0005098884900694569,0.001213367295293873,7.507123652998772e-10
1332.4099999999432,1569.2018340265377,720.5719907661944,0.0005061828791365135,0.0012061692227882193,7.36440607979407e-10
1332.4199999999432,1569.2018340265377,720.5749154403657,0.0005025107721609431,0.001199010741128159,7.224458726819874e-10
1332.4299999999432,1569.2018340265377,720.5778400943782,0.0004988719129685663,0.001191891652440186,7.087227937033143e-10
1332.4399999999432,1569.2018340265377,720.5807647282318,0.0004952660471236399,0.0011848117597197073,6.952661074921067e-10
1332.4499999999432,1569.2018340265377,720.5836893419272,0.0004916929218548451,0.0011777708668243426,6.820706506637284e-10
1332.4599999999432,1569.2018340265377,720.5866139354644,0.00048815228613164713,0.0011707687784755284,6.691313582699498e-10
1332.4699999999432,1569.2018340265377,720.5895385088436,0.00048464389053719893,0.0011638053002521233,6.564432618083656e-10
1332.4799999999432,1569.2018340265377,720.592463062065,0.0004811674873249452,0.001156880238588978,6.440014875275883e-10
1332.4899999999432,1569.2018340265377,720.5953875951287,0.0004777228304525749,0.0011499934007732984,6.318012547254616e-10
1332.4999999999432,1569.2018340265377,720.5983121080352,0.00047430967552911953,0.001143144594940794,6.198378739609896e-10
1332.5099999999431,1569.2018340265377,720.6012366007845,0.00047092777978158604,0.0011363336300742209,6.081067453292287e-10
1332.5199999999431,1569.2018340265377,720.6041610733769,0.00046757690208534044,0.0011295603159995225,5.966033568474633e-10
1332.5299999999431,1569.2018340265377,720.6070855258124,0.00046425680297560384,0.0011228244633825202,5.853232828444188e-10
1332.5399999999431,1569.2018340265377,720.6100099580916,0.0004609672446330619,0.0011161258837256356,5.742621823448118e-10
1332.549999999943,1569.2018340265377,720.6129343702144,0.0004577079907969756,0.001109464389366658,5.634157973961619e-10
1332.559999999943,1569.2018340265377,720.615858762181,0.0004544788068700676,0.0011028397934734046,5.52779951659868e-10
1332.569999999943,1569.2018340265377,720.6187831339917,0.000451279459872188,0.0010962519100422392,5.42350548842376e-10
1332.579999999943,1569.2018340265377,720.6217074856468,0.0004481097184094207,0.0010897005538938005,5.321235711725883e-10
1332.589999999943,1569.2018340265377,720.6246318171463,0.0004449693526808143,0.0010831855406717712,5.220950779552721e-10
1332.599999999943,1569.2018340265377,720.6275561284906,0.0004418581344843178,0.001076706686838364,5.122612041454259e-10
1332.609999999943,1569.2018340265377,720.6304804196798,0.0004387758372203492,0.0010702638096718356,5.026181589467434e-10
1332.619999999943,1569.2018340265377,720.6334046907141,0.00043572223583769436,0.0010638567272635243,4.931622243689132e-10
1332.629999999943,1569.2018340265377,720.6363289415939,0.0004326971068674911,0.0010574852585146053,4.838897539120313e-10
1332.639999999943,1569.2018340265377,720.6392531723191,0.0004297002283987017,0.0010511492231343835,4.747971712089832e-10
1332.649999999943,1569.2018340265377,720.64217738289,0.0004267313800953268,0.0010448484416350997,4.658809687357658e-10
1332.659999999943,1569.2018340265377,720.6451015733071,0.000423790343163449,0.0010385827353307155,4.571377064931705e-10
1332.669999999943,1569.2018340265377,720.6480257435702,0.00042087690035281676,0.0010323519263339526,4.4856401074901926e-10
1332.679999999943,1569.2018340265377,720.6509498936797,0.00041799083595256084,0.001026155837552144,4.401565727954493e-10
1332.689999999943,1569.2018340265377,720.6538740236358,0.00041513193577338625,0.001019994292685288,4.3191214771639775e-10
1332.699999999943,1569.2018340265377,720.6567981334388,0.00041229998719158453,0.001013867116222872,4.238275532404912e-10
1332.709999999943,1569.2018340265377,720.6597222230888,0.0004094947790451762,0.0010077741334409602,4.1589966846195827e-10
1332.719999999943,1569.2018340265377,720.6626462925859,0.000406716101721052,0.0010017151703997531,4.081254327821291e-10
1332.729999999943,1569.2018340265377,720.6655703419304,0.00040396374708293455,0.0009956900539395213,4.0050184470588157e-10
1332.739999999943,1569.2018340265377,720.6684943711227,0.0004012375085510768,0.00098969861167841,3.930259608136452e-10
1332.749999999943,1569.2018340265377,720.6714183801628,0.00039853718098708943,0.0009837406720102518,3.8569489455889397e-10
1332.759999999943,1569.2018340265377,720.6743423690509,0.0003958625607229912,0.000977816064100303,3.7850581522949065e-10
1332.769999999943,1569.2018340265377,720.6772663377872,0.00039321344563057774,0.0009719246178837437,3.714559469663205e-10
1332.779999999943,1569.2018340265377,720.6801902863722,0.00039058963501918995,0.0009660661640607602,3.6454256763312823e-10
1332.789999999943,1569.2018340265377,720.6831142148058,0.00038799092967480605,0.0009602405340968942,3.5776300784616477e-10
1332.7999999999429,1569.2018340265377,720.6860381230881,0.00038541713180873525,0.0009544475602174292,3.5111464993236167e-10
1332.8099999999429,1569.2018340265377,720.6889620112196,0.0003828680451293349,0.0009486870754052653,3.44594927022125e-10
1332.8199999999429,1569.2018340265377,720.6918858792004,0.0003803434747995751,0.0009429589133985232,3.382013220531526e-10
1332.8299999999429,1569.2018340265377,720.6948097270308,0.0003778432273668306,0.0009372629086874861,3.3193136676935535e-10
1332.8399999999428,1569.2018340265377,720.6977335547108,0.00037536711085663343,0.0009315988965122251,3.2578264088392656e-10
1332.8499999999428,1569.2018340265377,720.7006573622407,0.00037291493470124643,0.0009259667128586858,3.197527711102887e-10
1332.8599999999428,1569.2018340265377,720.703581149621,0.0003704865097908956,0.0009203661944563221,3.138394303188627e-10
1332.8699999999428,1569.2018340265377,720.7065049168514,0.0003680816483841406,0.0009147971787768241,3.0804033658948927e-10
1332.8799999999428,1569.2018340265377,720.7094286639324,0.0003657001641565446,0.0009092595040287189,3.0235325239659075e-10
1332.8899999999428,1569.2018340265377,720.7123523908641,0.000363341872198348,0.0009037530091565271,2.967759837682476e-10
1332.8999999999428,1569.2018340265377,720.7152760976469,0.0003610065890059637,0.0008982775338369248,2.913063794535719e-10
1332.9099999999428,1569.2018340265377,720.7181997842808,0.00035869413243050976,0.0008928329184768217,2.85942330072531e-10
1332.9199999999428,1569.2018340265377,720.7211234507662,0.00035640432171913777,0.0008874190042099588,2.8068176735550434e-10
1332.9299999999428,1569.2018340265377,720.7240470971029,0.000354136977501917,0.0008820356328947825,2.755226633532635e-10
1332.9399999999428,1569.2018340265377,720.7269707232917,0.00035189192178623947,0.0008766826471100267,2.704630296661733e-10
1332.9499999999427,1569.2018340265377,720.7298943293324,0.0003496689779169664,0.0008713598901549022,2.6550091666445454e-10
1332.9599999999427,1569.2018340265377,720.7328179152254,0.0003474679705958719,0.0008660672060434325,2.606344127651019e-10
1332.9699999999427,1569.2018340265377,720.7357414809707,0.00034528872590965424,0.0008608044395038125,2.5586164373054284e-10
1332.9799999999427,1569.2018340265377,720.7386650265687,0.0003431310712421468,0.0008555714359740433,2.5118077189187706e-10
1332.9899999999427,1569.2018340265377,720.7415885520196,0.0003409948353409522,0.00085036804160065,2.46589995503282e-10
1332.9999999999427,1569.2018340265377,720.7445120573234,0.0003388798482694145,0.0008451941032355612,2.4208754802248106e-10
1333.0099999999427,1569.2018340265377,720.7474355424805,0.0003367859414390752,0.0008400494684324141,2.37671697462688e-10
1333.0199999999427,1569.2018340265377,720.7503590074913,0.0003347129475460492,0.0008349339854448703,2.3334074568926655e-10
1333.0299999999427,1569.2018340265377,720.7532824523555,0.0003326607006239486,0.0008298475032247288,2.2909302781176812e-10
1333.0399999999427,1569.2018340265377,720.7562058770737,0.00033062903599174234,0.0008247898714168517,2.249269115118026e-10
1333.0499999999427,1569.2018340265377,720.7591292816459,0.00032861779027069243,0.0008197609403590919,2.2084079643432372e-10
1333.0599999999426,1569.2018340265377,720.7620526660726,0.00032662680137846874,0.0008147605610770571,2.1683311357141711e-10
1333.0699999999426,1569.2018340265377,720.7649760303538,0.0003246559085264269,0.0008097885852842134,2.1290232466252313e-10
1333.0799999999426,1569.2018340265377,720.7678993744894,0.00032270495218410884,0.0008048448653776507,2.0904692158216156e-10
1333.0899999999426,1569.2018340265377,720.7708226984802,0.00032077377409518015,0.0007999292544345062,2.0526542577342328e-10
1333.0999999999426,1569.2018340265377,720.773746002326,0.0003188622172918566,0.000795041606211828,2.0155638769207644e-10
1333.1099999999426,1569.2018340265377,720.7766692860273,0.00031697012603897285,0.0007901817751416462,1.979183862139577e-10
1333.1199999999426,1569.2018340265377,720.779592549584,0.0003150973458651753,0.0007853496163302615,1.9435002811104581e-10
1333.1299999999426,1569.2018340265377,720.7825157929965,0.0003132437235503338,0.0007805449855537433,1.908499475074945e-10
1333.1399999999426,1569.2018340265377,720.7854390162651,0.00031140910711424294,0.0007757677392566473,1.8741680534846136e-10
1333.1499999999426,1569.2018340265377,720.7883622193898,0.00030959334580802354,0.00077101773454923,1.8404928887992258e-10
1333.1599999999426,1569.2018340265377,720.7912854023707,0.00030779629009401505,0.0007662948292048534,1.8074611113166614e-10
1333.1699999999425,1569.2018340265377,720.7942085652084,0.00030601779168466385,0.0007615988816563034,1.7750601044415595e-10
1333.1799999999425,1569.2018340265377,720.7971317079027,0.0003042577034826548,0.0007569297509950582,1.743277499476566e-10
1333.1899999999425,1569.2018340265377,720.8000548304543,0.0003025158796254304,0.0007522872969670665,1.7121011711029828e-10
1333.1999999999425,1569.2018340265377,720.802977932863,0.0003007921754158641,0.0007476713799718265,1.6815192323095135e-10
1333.2099999999425,1569.2018340265377,720.8059010151289,0.0002990864473913013,0.0007430818610583838,1.6515200301859605e-10
1333.2199999999425,1569.2018340265377,720.8088240772528,0.00029739855324836784,0.000738518601922797,1.6220921409934387e-10
1333.2299999999425,1569.2018340265377,720.8117471192343,0.0002957283518866958,0.0007339814649073772,1.593224365996769e-10
1333.2399999999425,1569.2018340265377,720.8146701410739,0.0002940757033671889,0.000729470312995848,1.5649057268880324e-10
1333.2499999999425,1569.2018340265377,720.8175931427718,0.0002924404689405921,0.0007249850098122426,1.5371254616929729e-10
1333.2599999999425,1569.2018340265377,720.820516124328,0.0002908225110043633,0.0007205254196183772,1.50987302036623e-10
1333.2699999999425,1569.2018340265377,720.8234390857432,0.0002892216931222946,0.0007160914073101272,1.483138060797368e-10
1333.2799999999424,1569.2018340265377,720.826362027017,0.000287637880001671,0.0007116828384170072,1.4569104446839443e-10
1333.2899999999424,1569.2018340265377,720.82928494815,0.00028607093750709575,0.0007072995790974182,1.431180233652929e-10
1333.2999999999424,1569.2018340265377,720.8322078491423,0.0002845207326416408,0.0007029414961375573,1.4059376853038442e-10
1333.3099999999424,1569.2018340265377,720.835130729994,0.00028298713352204347,0.000698608456948745,1.3811732492949183e-10
1333.3199999999424,1569.2018340265377,720.8380535907056,0.0002814700094167198,0.0006943003295644623,1.356877563810284e-10
1333.3299999999424,1569.2018340265377,720.840976431277,0.000279969230702248,0.0006900169826387025,1.3330414516995682e-10
1333.3399999999424,1569.2018340265377,720.8438992517085,0.00027848466887626775,0.0006857582854425242,1.309655916959078e-10
1333.3499999999424,1569.2018340265377,720.8468220520006,0.0002770161965357526,0.0006815241078621044,1.2867121411200273e-10
1333.3599999999424,1569.2018340265377,720.8497448321529,0.00027556368737812284,0.0006773143203970945,1.2642014798153937e-10
1333.3699999999424,1569.2018340265377,720.8526675921661,0.0002741270162020775,0.0006731287941560715,1.2421154593982261e-10
1333.3799999999424,1569.2018340265377,720.8555903320403,0.0002727060589051993,0.0006689674008563858,1.2204457736247212e-10
1333.3899999999423,1569.2018340265377,720.8585130517756,0.0002713006924615996,0.0006648300128204302,1.1991842802981865e-10
1333.3999999999423,1569.2018340265377,720.8614357513724,0.0002699107949003263,0.0006607165029735582,1.17832299799056e-10
1333.4099999999423,1569.2018340265377,720.8643584308305,0.00026853624535663984,0.0006566267448419856,1.1578541031443545e-10
1333.4199999999423,1569.2018340265377,720.8672810901508,0.0002671769240132542,0.0006525606125491186,1.1377699267422368e-10
1333.4299999999423,1569.2018340265377,720.870203729333,0.00026583271210690575,0.0006485179808152229,1.1180629513393467e-10
1333.4399999999423,1569.2018340265377,720.8731263483771,0.0002645034919423214,0.0006444987249537628,1.0987258081685032e-10
1333.4499999999423,1569.2018340265377,720.8760489472838,0.00026318914685549656,0.0006405027208683916,1.0797512740907591e-10
1333.4599999999423,1569.2018340265377,720.8789715260532,0.0002618895612275572,0.0006365298450520029,1.061132268823364e-10
1333.4699999999423,1569.2018340265377,720.8818940846855,0.00026060462048585497,0.0006325799745834123,1.0428618521573103e-10
1333.4799999999423,1569.2018340265377,720.8848166231808,0.0002593342110634251,0.0006286529871259266,1.0249332210685184e-10
1333.4899999999423,1569.2018340265377,720.8877391415391,0.0002580782204307305,0.0006247487609239195,1.0073397071676884e-10
1333.4999999999422,1569.2018340265377,720.8906616397612,0.0002568365370790068,0.0006208671748003309,9.900747740075258e-11
1333.5099999999422,1569.2018340265377,720.8935841178469,0.000255609050496513,0.0006170081081561582,9.73132014423412e-11
1333.5199999999422,1569.2018340265377,720.8965065757964,0.00025439565117596176,0.0006131714409662967,9.565051480346046e-11
1333.5299999999422,1569.2018340265377,720.8994290136098,0.0002531962306156473,0.0006093570537778247,9.401880187751737e-11
1333.5399999999422,1569.2018340265377,720.9023514312878,0.0002520106813120774,0.0006055648277073901,9.241745924370999e-11
1333.5499999999422,1569.2018340265377,720.9052738288303,0.0002508388967292327,0.0006017946444396412,9.084589541796498e-11
1333.5599999999422,1569.2018340265377,720.9081962062373,0.00024968077132195857,0.0005980463862247642,8.93035306282652e-11
1333.5699999999422,1569.2018340265377,720.9111185635093,0.000248536200511012,0.0005943199358751643,8.778979657640526e-11
1333.5799999999422,1569.2018340265377,720.9140409006466,0.00024740508070608306,0.0005906151767639213,8.630413622199476e-11
1333.5899999999422,1569.2018340265377,720.916963217649,0.0002462873092540643,0.0005869319928233515,8.484600354434803e-11
1333.5999999999422,1569.2018340265377,720.919885514517,0.0002451827844682152,0.0005832702685411587,8.34148633366837e-11
1333.6099999999421,1569.2018340265377,720.9228077912508,0.00024409140561248754,0.0005796298889588841,8.201019098924755e-11
1333.6199999999421,1569.2018340265377,720.9257300478505,0.0002430130728978128,0.0005760107396699209,8.063147228066172e-11
1333.6299999999421,1569.2018340265377,720.9286522843165,0.00024194768746674315,0.0005724127068167028,7.927820316923182e-11
1333.6399999999421,1569.2018340265377,720.9315745006487,0.0002408951513955827,0.0005688356770892932,7.794988959452669e-11
1333.649999999942,1569.2018340265377,720.9344966968475,0.00023985536768803987,0.0005652795377218783,7.66460472793775e-11
1333.659999999942,1569.2018340265377,720.9374188729132,0.00023882824027004346,0.0005617441764915249,7.536620153672194e-11
1333.669999999942,1569.2018340265377,720.9403410288459,0.00023781367398644494,0.0005582294817157968,7.410988708046536e-11
1333.679999999942,1569.2018340265377,720.9432631646457,0.00023681157457287766,0.0005547353422502694,7.287664783230696e-11
1333.689999999942,1569.2018340265377,720.946185280313,0.00023582184868965086,0.0005512616474864483,7.166603675166831e-11
1333.699999999942,1569.2018340265377,720.9491073758479,0.00023484440388560988,0.0005478082873495649,7.047761564720755e-11
1333.709999999942,1569.2018340265377,720.9520294512507,0.00023387914859379776,0.0005443751522963762,6.931095500194389e-11
1333.719999999942,1569.2018340265377,720.9549515065214,0.0002329259921409061,0.0005409621333132343,6.81656338058681e-11
1333.729999999942,1569.2018340265377,720.9578735416603,0.00023198484472979988,0.0005375691219132388,6.704123938355544e-11
1333.739999999942,1569.2018340265377,720.9607955566679,0.0002310556174437829,0.0005341960101343264,6.593736723177616e-11
1333.749999999942,1569.2018340265377,720.963717551544,0.00023013822222753836,0.000530842690537884,6.485362085366916e-11
1333.759999999942,1569.2018340265377,720.9666395262891,0.00022923257187501488,0.0005275090562054032,6.378961159781727e-11
1333.769999999942,1569.2018340265377,720.969561480903,0.00022833858007344384,0.0005241950007372311,6.27449585165034e-11
1333.779999999942,1569.2018340265377,720.9724834153865,0.00022745616132437656,0.0005209004182493861,6.171928819213715e-11
1333.789999999942,1569.2018340265377,720.9754053297395,0.00022658523099437937,0.0005176252033725786,6.07122346034639e-11
1333.799999999942,1569.2018340265377,720.978327223962,0.0002257257052760653,0.0005143692512498007,5.97234389694745e-11
1333.809999999942,1569.2018340265377,720.9812490980544,0.00022487750120995484,0.00051113245753331,5.875254961262542e-11
1333.819999999942,1569.2018340265377,720.9841709520169,0.0002240405366560171,0.0005079147183833973,5.7799221811767665e-11
1333.829999999942,1569.2018340265377,720.98709278585,0.00022321473029600637,0.0005047159304658866,5.6863117665843274e-11
1333.839999999942,1569.2018340265377,720.9900145995534,0.00022240000163202347,0.0005015359909506467,5.594390595941978e-11
1333.849999999942,1569.2018340265377,720.9929363931276,0.00022159627097392877,0.0004983747975084877,5.5041262027674435e-11
1333.859999999942,1569.2018340265377,720.9958581665728,0.00022080345943729568,0.0004952322483095708,5.415486762705277e-11
1333.869999999942,1569.2018340265377,720.9987799198892,0.00022002148894163407,0.0004921082420215532,5.328441080842293e-11
1333.879999999942,1569.2018340265377,721.0017016530768,0.00021925028219524714,0.0004890026778073817,5.2429585789398756e-11
1333.889999999942,1569.2018340265377,721.004623366136,0.00021848976269312783,0.00048591545532260694,5.159009283228136e-11
1333.8999999999419,1569.2018340265377,721.0075450590671,0.00021773985472201064,0.00048284647471404286,5.076563812631208e-11
1333.9099999999419,1569.2018340265377,721.0104667318702,0.00021700048334042364,0.0004797956366174616,4.9955933666143055e-11
1333.9199999999419,1569.2018340265377,721.0133883845455,0.00021627157437863236,0.00047676284215577116,4.916069713751263e-11
1333.9299999999419,1569.2018340265377,721.016310017093,0.0002155530544309964,0.0004737479929364803,4.837965180325264e-11
1333.9399999999418,1569.2018340265377,721.0192316295133,0.00021484485085707683,0.00047075099104967394,4.7612526393616675e-11
1333.9499999999418,1569.2018340265377,721.0221532218064,0.00021414689176539652,0.00046777173906666823,4.685905499502909e-11
1333.9599999999418,1569.2018340265377,721.0250747939725,0.00021345910602285593,0.0004648101400372764,4.61189769464249e-11
1333.9699999999418,1569.2018340265377,721.0279963460118,0.0002127814232333906,0.0004618660974880241,4.5392036731084963e-11
1333.9799999999418,1569.2018340265377,721.0309178779247,0.00021211377374517402,0.00045893951542001413,4.467798387674215e-11
1333.9899999999418,1569.2018340265377,721.0338393897113,0.00021145608863375474,0.0004560302983072558,4.397657285259617e-11
1333.9999999999418,1569.2018340265377,721.0367608813715,0.00021080829970619665,0.0004531383510945472,4.3287562972724096e-11
1334.0099999999418,1569.2018340265377,721.0396823529059,0.0002101703394898801,0.0004502635791949112,4.2610718298096205e-11
1334.0199999999418,1569.2018340265377,721.0426038043146,0.00020954214123099465,0.0004474058884882845,4.1945807542776516e-11
1334.0299999999418,1569.2018340265377,721.0455252355978,0.00020892363888691643,0.0004445651853194154,4.1292603980575626e-11
1334.0399999999418,1569.2018340265377,721.0484466467557,0.00020831476711972023,0.0004417413764956638,4.065088535378181e-11
1334.0499999999417,1569.2018340265377,721.0513680377884,0.00020771546129216083,0.0004389343692852473,4.0020433784271244e-11
1334.0599999999417,1569.2018340265377,721.0542894086963,0.00020712565746925908,0.0004361440714149542,3.940103568733361e-11
1334.0699999999417,1569.2018340265377,721.0572107594795,0.00020654529239492222,0.0004333703910685079,3.8792481682562145e-11
1334.0799999999417,1569.2018340265377,721.0601320901382,0.00020597430350352433,0.0004306132368847219,3.819456651314698e-11
1334.0899999999417,1569.2018340265377,721.0630534006726,0.0002054126289074811,0.0004278725179549091,3.76070889620648e-11
1334.0999999999417,1569.2018340265377,721.065974691083,0.0002048602074020204,0.00042514814382169265,3.7029851773363135e-11
1334.1099999999417,1569.2018340265377,721.0688959613697,0.0002043169784359668,0.00042244002447664776,3.64626615686338e-11
1334.1199999999417,1569.2018340265377,721.0718172115326,0.00020378288213126908,0.0004197480703585851,3.5905328774088626e-11
1334.1299999999417,1569.2018340265377,721.074738441572,0.00020325785926586303,0.0004170721923514208,3.5357667542386126e-11
1334.1399999999417,1569.2018340265377,721.0776596514883,0.00020274185127702374,0.0004144123017822619,3.4819495679687034e-11
1334.1499999999417,1569.2018340265377,721.0805808412816,0.00020223480023770488,0.0004117683104197193,3.429063456953472e-11
1334.1599999999416,1569.2018340265377,721.083502010952,0.00020173664887078048,0.0004091401304721901,3.3770909104766255e-11
1334.1699999999416,1569.2018340265377,721.0864231604997,0.00020124734053725415,0.0004065276745851642,3.3260147616129425e-11
1334.1799999999416,1569.2018340265377,721.0893442899252,0.0002007668192301576,0.00040393085584003945,3.2758181803561196e-11
1334.1899999999416,1569.2018340265377,721.0922653992285,0.0002002950295673034,0.0004013495877520443,3.226484666851164e-11
1334.1999999999416,1569.2018340265377,721.0951864884098,0.0001998319167896676,0.00039878378426845865,3.17799804485789e-11
1334.2099999999416,1569.2018340265377,721.0981075574691,0.00019937742675290435,0.00039623335976674186,3.130342455232119e-11
1334.2199999999416,1569.2018340265377,721.1010286064072,0.00019893150593148373,0.00039369822905188363,3.083502349723308e-11
1334.2299999999416,1569.2018340265377,721.1039496352239,0.00019849410139885756,0.00039117830735613203,3.037462484558183e-11
1334.2399999999416,1569.2018340265377,721.1068706439193,0.00019806516083130388,0.00038867351033594855,2.992207914479477e-11
1334.2499999999416,1569.2018340265377,721.1097916324937,0.00019764463250556815,0.0003861837540701757,2.9477239868224236e-11
1334.2599999999416,1569.2018340265377,721.1127126009475,0.0001972324652876104,0.0003837089550587866,2.903996335585021e-11
1334.2699999999415,1569.2018340265377,721.1156335492808,0.00019682860862896176,0.0003812490302205664,2.8610108757162384e-11
1334.2799999999415,1569.2018340265377,721.1185544774937,0.00019643301256251034,0.0003788038968917686,2.81875379752361e-11
1334.2899999999415,1569.2018340265377,721.1214753855865,0.00019604562769943537,0.0003763734728238159,2.7772115611938195e-11
1334.2999999999415,1569.2018340265377,721.1243962735595,0.00019566640522020805,0.00037395767618149855,2.736370891345709e-11
1334.3099999999415,1569.2018340265377,721.1273171414127,0.0001952952968748205,0.0003715564255417269,2.6962187718307868e-11
1334.3199999999415,1569.2018340265377,721.1302379891465,0.00019493225496791935,0.00036916963989116987,2.6567424404115412e-11
1334.3299999999415,1569.2018340265377,721.1331588167609,0.0001945772323701269,0.0003667972386247407,2.617929383918543e-11
1334.3399999999415,1569.2018340265377,721.1360796242564,0.0001942301824976354,0.0003644391415434469,2.579767333061327e-11
1334.3499999999415,1569.2018340265377,721.139000411633,0.00019389105931317963,0.00036209526885315545,2.542244257648221e-11
1334.3599999999415,1569.2018340265377,721.1419211788908,0.0001935598173246543,0.0003597655411626364,2.5053483618565605e-11
1334.3699999999415,1569.2018340265377,721.1448419260303,0.0001932364115737721,0.0003574498794813385,2.469068079464072e-11
1334.3799999999414,1569.2018340265377,721.1477626530516,0.0001929207976361362,0.00035514820521817574,2.4333920693384658e-11
1334.3899999999414,1569.2018340265377,721.1506833599548,0.00019261293161562044,0.0003528604401797646,2.398309210935158e-11
1334.3999999999414,1569.2018340265377,721.1536040467402,0.0001923127701338859,0.0003505865065682295,2.363808599820116e-11
1334.4099999999414,1569.2018340265377,721.1565247134077,0.0001920202703349087,0.00034832632697999325,2.3298795434818186e-11
1334.4199999999414,1569.2018340265377,721.1594453599582,0.0001917353898750747,0.00034607982440324365,2.29651155702993e-11
1334.4299999999414,1569.2018340265377,721.1623659863915,0.0001914580869165018,0.00034384692221735004,2.263694359047812e-11
1334.4399999999414,1569.2018340265377,721.1652865927076,0.00019118832012553566,0.0003416275441903375,2.231417867564011e-11
1334.4499999999414,1569.2018340265377,721.168207178907,0.00019092604866817212,0.00033942161447718096,2.1996721960777673e-11
1334.4599999999414,1569.2018340265377,721.1711277449899,0.0001906712322040606,0.00033722905761826046,2.1684476496499962e-11
1334.4699999999414,1569.2018340265377,721.1740482909564,0.00019042383088039845,0.0003350497985379104,2.137734721073389e-11
1334.4799999999414,1569.2018340265377,721.1769688168066,0.0001901838053305184,0.00033288376254237594,2.107524087164588e-11
1334.4899999999413,1569.2018340265377,721.1798893225409,0.00018995111666668938,0.00033073087531795,2.0778066050676797e-11
1334.4999999999413,1569.2018340265377,721.1828098081596,0.00018972572647648904,0.0003285910629297121,2.0485733086795335e-11
1334.5099999999413,1569.2018340265377,721.1857302736628,0.00018950759681795272,0.00032646425181975076,2.0198154051266033e-11
1334.5199999999413,1569.2018340265377,721.1886507190504,0.00018929669021466346,0.00032435036880549157,1.9915242713132178e-11
1334.5299999999413,1569.2018340265377,721.191571144323,0.0001890929696528986,0.0003222493410776099,1.963691450555571e-11
1334.5399999999413,1569.2018340265377,721.1944915494807,0.0001888963985747285,0.0003201610961988669,1.9363086492519767e-11
1334.5499999999413,1569.2018340265377,721.1974119345239,0.00018870694087375818,0.0003180855621022785,1.9093677336398728e-11
1334.5599999999413,1569.2018340265377,721.2003322994524,0.00018852456089093523,0.00031602266708962806,1.8828607266225057e-11
1334.5699999999413,1569.2018340265377,721.2032526442666,0.00018834922341265937,0.00031397233982941665,1.8567798046750396e-11
1334.5799999999413,1569.2018340265377,721.2061729689668,0.00018818089366141432,0.00031193450935553625,1.831117294747087e-11
1334.5899999999413,1569.2018340265377,721.2090932735531,0.00018801953729360548,0.00030990910506564453,1.8058656712957623e-11
1334.5999999999412,1569.2018340265377,721.2120135580258,0.00018786512039745763,0.00030789605671929007,1.7810175533746283e-11
1334.6099999999412,1569.2018340265377,721.2149338223849,0.00018771760948429377,0.0003058952944366841,1.7565657017253017e-11
1334.6199999999412,1569.2018340265377,721.2178540666308,0.00018757697148667955,0.00030390674869653635,1.7325030159823773e-11
1334.6299999999412,1569.2018340265377,721.2207742907639,0.0001874431737536952,0.00030193035033491207,1.708822531918544e-11
1334.6399999999412,1569.2018340265377,721.2236944947839,0.00018731618404473934,0.00029996603054369646,1.6855174187274004e-11
1334.6499999999412,1569.2018340265377,721.2266146786912,0.00018719597052920775,0.00029801372086845994,1.6625809764072e-11
1334.6599999999412,1569.2018340265377,721.2295348424863,0.00018708250177723335,0.00029607335320716983,1.6400066331261323e-11
1334.6699999999412,1569.2018340265377,721.2324549861692,0.00018697574675969776,0.0002941448598086814,1.6177879427206923e-11
1334.6799999999412,1569.2018340265377,721.23537510974,0.0001868756748386166,0.00029222817327122225,1.595918582159733e-11
1334.6899999999412,1569.2018340265377,721.238295213199,0.0001867822557692625,0.000290323226540447,1.5743923491562815e-11
1334.6999999999412,1569.2018340265377,721.2412152965463,0.00018669545969126608,0.0002884299529082337,1.553203159740476e-11
1334.7099999999411,1569.2018340265377,721.2441353597825,0.0001866152571259441,0.00028654828601075373,1.5323450459267077e-11
1334.7199999999411,1569.2018340265377,721.2470554029073,0.0001865416189710816,0.00028467815982749733,1.5118121534163903e-11
1334.7299999999411,1569.2018340265377,721.2499754259212,0.00018647451649793278,0.0002828195086790583,1.491598739351773e-11
1334.7399999999411,1569.2018340265377,721.2528954288244,0.00018641392134690753,0.0002809722672258828,1.4716991701140986e-11
1334.749999999941,1569.2018340265377,721.255815411617,0.00018635980552187003,0.0002791363704669398,1.4521079191542676e-11
1334.759999999941,1569.2018340265377,721.2587353742994,0.00018631214138736105,0.00027731175373775296,1.4328195648835169e-11
1334.769999999941,1569.2018340265377,721.2616553168714,0.00018627090166432086,0.00027549835270929775,1.4138287886033557e-11
1334.779999999941,1569.2018340265377,721.2645752393337,0.00018623605942521068,0.00027369610338591124,1.3951303724623806e-11
1334.789999999941,1569.2018340265377,721.2674951416863,0.0001862075880903557,0.0002719049421044732,1.3767191974763995e-11
1334.799999999941,1569.2018340265377,721.2704150239292,0.00018618546142371096,0.00027012480553247504,1.3585902415724815e-11
1334.809999999941,1569.2018340265377,721.2733348860629,0.00018616965352885075,0.0002683556306664354,1.3407385776774229e-11
1334.819999999941,1569.2018340265377,721.2762547280876,0.00018616013884499268,0.00026659735483061295,1.3231593718476843e-11
1334.829999999941,1569.2018340265377,721.2791745500033,0.00018615689214233837,0.0002648499156755011,1.3058478814297707e-11
1334.839999999941,1569.2018340265377,721.2820943518104,0.00018615988851874085,0.00026311325117613803,1.2887994532650862e-11
1334.849999999941,1569.2018340265377,721.2850141335089,0.00018616910339523175,0.0002613872996310202,1.2720095219285747e-11
1334.859999999941,1569.2018340265377,721.2879338950993,0.00018618451251185123,0.00025967199965988574,1.2554736079938492e-11
1334.869999999941,1569.2018340265377,721.2908536365817,0.0001862060919247417,0.0002579672902031098,1.2391873163571606e-11
1334.879999999941,1569.2018340265377,721.293773357956,0.00018623381800065658,0.00025627311051989614,1.2231463345658595e-11
1334.889999999941,1569.2018340265377,721.2966930592227,0.00018626766741385012,0.000254589400186354,1.2073464311953207e-11
1334.899999999941,1569.2018340265377,721.299612740382,0.00018630761714202293,0.00025291609909463436,1.1917834542620329e-11
1334.909999999941,1569.2018340265377,721.3025324014343,0.00018635364446244142,0.000251253147451276,1.1764533296620928e-11
1334.919999999941,1569.2018340265377,721.3054520423794,0.0001864057269480716,0.00024960048577588956,1.1613520596441757e-11
1334.929999999941,1569.2018340265377,721.3083716632176,0.0001864638424631015,0.0002479580548995168,1.1464757213062573e-11
1334.939999999941,1569.2018340265377,721.3112912639494,0.0001865279691599679,0.0002463257959629433,1.1318204651313372e-11
1334.949999999941,1569.2018340265377,721.3142108445747,0.00018659808547525104,0.0002447036504160967,1.117382513555283e-11
1334.959999999941,1569.2018340265377,721.3171304050938,0.00018667417012530095,0.00024309156001578884,1.1031581595466473e-11
1334.969999999941,1569.2018340265377,721.320049945507,0.00018675620210273976,0.0002414894668246806,1.0891437652313123e-11
1334.979999999941,1569.2018340265377,721.3229694658144,0.00018684416067304784,0.00023989731320980145,1.0753357605409297e-11
1334.989999999941,1569.2018340265377,721.3258889660164,0.0001869380253701652,0.00023831504184107887,1.0617306418827223e-11
1334.9999999999409,1569.2018340265377,721.3288084461128,0.00018703777599378237,0.00023674259569023918,1.0483249708488255e-11
1335.0099999999409,1569.2018340265377,721.331727906104,0.0001871433926041965,0.00023517991802898128,1.0351153729311225e-11
1335.0199999999409,1569.2018340265377,721.3346473459904,0.00018725485551885802,0.00023362695242758148,1.0220985362752491e-11
1335.0299999999409,1569.2018340265377,721.3375667657722,0.0001873721453098155,0.0002320836427539942,1.0092712104685078e-11
1335.0399999999408,1569.2018340265377,721.3404861654493,0.00018749524279921073,0.00023054993317210334,9.966302053338113e-12
1335.0499999999408,1569.2018340265377,721.343405545022,0.00018762412905612313,0.00022902576814034245,9.841723897582285e-12
1335.0599999999408,1569.2018340265377,721.3463249044908,0.00018775878539095616,0.0002275110924103269,9.71894690532092e-12
1335.0699999999408,1569.2018340265377,721.3492442438557,0.00018789919335520365,0.0002260058510256042,9.597940912403213e-12
1335.0799999999408,1569.2018340265377,721.3521635631167,0.00018804533473470766,0.00022450998932034907,9.478676311415013e-12
1335.0899999999408,1569.2018340265377,721.3550828622743,0.000188197191548277,0.00022302345291771308,9.361124040939734e-12
1335.0999999999408,1569.2018340265377,721.3580021413288,0.0001883547460415089,0.0002215461877286518,9.24525557483123e-12
1335.1099999999408,1569.2018340265377,721.3609214002801,0.00018851798068754316,0.00022007813995080628,9.1310429120477e-12
1335.1199999999408,1569.2018340265377,721.3638406391285,0.00018868687817919302,0.00021861925606664323,9.018458566201704e-12
1335.1299999999408,1569.2018340265377,721.3667598578742,0.0001888614214255692,0.0002171694828426379,8.907475555628406e-12
1335.1399999999408,1569.2018340265377,721.3696790565176,0.00018904159355564486,0.000215728767327431,8.798067393889444e-12
1335.1499999999407,1569.2018340265377,721.3725982350588,0.00018922737790183115,0.00021429705685106586,8.690208079615911e-12
1335.1599999999407,1569.2018340265377,721.3755173934977,0.00018941875801159206,0.0002128742990234426,8.58387208779561e-12
1335.1699999999407,1569.2018340265377,721.378436531835,0.0001896157176304509,0.00021146044173255723,8.479034359895787e-12
1335.1799999999407,1569.2018340265377,721.3813556500708,0.00018981824070671703,0.00021005543314380767,8.37567029526238e-12
1335.1899999999407,1569.2018340265377,721.3842747482049,0.00019002631138668888,0.00020865922169867917,8.273755742203437e-12
1335.1999999999407,1569.2018340265377,721.387193826238,0.00019023991400960935,0.00020727175611284625,8.173266989196376e-12
1335.2099999999407,1569.2018340265377,721.3901128841699,0.00019045903310421883,0.00020589298537558506,8.074180756444902e-12
1335.2199999999407,1569.2018340265377,721.3930319220012,0.0001906836533897742,0.00020452285874778095,7.976474187679747e-12
1335.2299999999407,1569.2018340265377,721.395950939732,0.00019091375976380286,0.00020316132576139853,7.880124841677423e-12
1335.2399999999407,1569.2018340265377,721.3988699373622,0.0001911493373105966,0.00020180833621771387,7.78511068471735e-12
1335.2499999999407,1569.2018340265377,721.4017889148922,0.00019139037128706492,0.00020046384018604515,7.691410082288012e-12
1335.2599999999406,1569.2018340265377,721.4047078723224,0.0001916368471236481,0.00019912778800259057,7.599001791588816e-12
1335.2699999999406,1569.2018340265377,721.4076268096529,0.00019188875042650905,0.00019780013026926387,7.50786495421966e-12
1335.2799999999406,1569.2018340265377,721.4105457268838,0.0001921460669646311,0.00019648081785233237,7.417979088404351e-12
1335.2899999999406,1569.2018340265377,721.4134646240153,0.00019240878267251597,0.00019516980188110996,7.329324081988593e-12
1335.2999999999406,1569.2018340265377,721.4163835010478,0.00019267688364459223,0.00019386703374670795,7.241880185255218e-12
1335.3099999999406,1569.2018340265377,721.4193023579813,0.00019295035613677564,0.00019257246510094348,7.155628004163411e-12
1335.3199999999406,1569.2018340265377,721.4222211948162,0.0001932291865547058,0.00019128604785494682,7.07054849320069e-12
1335.3299999999406,1569.2018340265377,721.4251400115525,0.00019351336146042426,0.00019000773417802825,6.986622949079756e-12
1335.3399999999406,1569.2018340265377,721.4280588081905,0.00019380286756008895,0.00018873747649629516,6.9038330038440135e-12
1335.3499999999406,1569.2018340265377,721.4309775847305,0.00019409769170699665,0.0001874752274915807,6.8221606186894396e-12
1335.3599999999406,1569.2018340265377,721.4338963411725,0.00019439782090051186,0.00018622094010026824,6.741588077745139e-12
1335.3699999999405,1569.2018340265377,721.4368150775168,0.000194703242271533,0.00018497456751183266,6.6620979814909465e-12
1335.3799999999405,1569.2018340265377,721.4397337937638,0.00019501394309173026,0.00018373606316777702,6.583673241159222e-12
1335.3899999999405,1569.2018340265377,721.4426524899135,0.00019532991076739794,0.00018250538076057052,6.50629707270866e-12
1335.3999999999405,1569.2018340265377,721.445571165966,0.00019565113283264037,0.0001812824742322063,6.429952990873839e-12
1335.4099999999405,1569.2018340265377,721.4484898219218,0.00019597759694670838,0.00018006729777305657,6.354624803494852e-12
1335.4199999999405,1569.2018340265377,721.451408457781,0.00019630929089608758,0.00017885980582081976,6.2802966061157355e-12
1335.4299999999405,1569.2018340265377,721.4543270735437,0.0001966462025893516,0.00017765995305919486,6.206952776431314e-12
1335.4399999999405,1569.2018340265377,721.4572456692101,0.0001969883200511339,0.0001764676944167932,6.134577968836201e-12
1335.4499999999405,1569.2018340265377,721.4601642447806,0.0001973356314232109,0.00017528298506581922,6.063157109288787e-12
1335.4599999999405,1569.2018340265377,721.4630828002554,0.0001976881249544573,0.00017410578042099646,5.992675389947735e-12
1335.4699999999405,1569.2018340265377,721.4660013356345,0.000198045789011146,0.00017293603613857943,5.923118264540816e-12
1335.4799999999404,1569.2018340265377,721.4689198509182,0.0001984086120629739,0.0001717737081148226,5.854471443046579e-12
1335.4899999999404,1569.2018340265377,721.4718383461066,0.00019877658268254692,0.00017061875248510205,5.786720886936439e-12
1335.4999999999404,1569.2018340265377,721.4747568212002,0.00019914968954326537,0.00016947112562248575,5.719852804421952e-12
1335.5099999999404,1569.2018340265377,721.4776752761991,0.00019952792141976808,0.00016833078413703827,5.6538536459154616e-12
1335.5199999999404,1569.2018340265377,721.4805937111032,0.00019991126717952654,0.0001671976848743124,5.5887100992715e-12
1335.5299999999404,1569.2018340265377,721.4835121259131,0.0002002997157855402,0.0001660717849141722,5.5244090854589675e-12
1335.5399999999404,1569.2018340265377,721.4864305206289,0.00020069325628699604,0.00016495304156987717,5.4609377539980255e-12
1335.5499999999404,1569.2018340265377,721.4893488952507,0.00020109187782394686,0.0001638414123869501,5.398283478858704e-12
1335.5599999999404,1569.2018340265377,721.4922672497787,0.00020149556961981076,0.0001627368551418772,5.336433854093355e-12
1335.5699999999404,1569.2018340265377,721.4951855842132,0.0002019043209799263,0.0001616393278410325,5.275376689734756e-12
1335.5799999999404,1569.2018340265377,721.4981038985545,0.00020231812128663262,0.0001605487887196475,5.2151000076850995e-12
1335.5899999999403,1569.2018340265377,721.5010221928028,0.00020273696000330273,0.0001594651962406559,5.155592037907801e-12
1335.5999999999403,1569.2018340265377,721.5039404669578,0.0002031608266636782,0.00015838850909375403,5.096841214327726e-12
1335.6099999999403,1569.2018340265377,721.5068587210204,0.0002035897108767189,0.00015731868619375076,5.0388361711617315e-12
1335.6199999999403,1569.2018340265377,721.5097769549905,0.00020402360231382485,0.00015625568668018534,4.981565738959437e-12
1335.6299999999403,1569.2018340265377,721.5126951688684,0.00020446249071902863,0.00015519946991568922,4.925018941209204e-12
1335.6399999999403,1569.2018340265377,721.5156133626541,0.00020490636590089824,0.00015414999548531098,4.869184990617047e-12
1335.6499999999403,1569.2018340265377,721.5185315363478,0.00020535521771940628,0.00015310722319509973,4.81405328530088e-12
1335.6599999999403,1569.2018340265377,721.5214496899501,0.00020580903610281192,0.0001520711130710312,4.7596134057892324e-12
1335.6699999999403,1569.2018340265377,721.5243678234609,0.00020626781103299504,0.00015104162535829312,4.705855111352483e-12
1335.6799999999403,1569.2018340265377,721.5272859368804,0.00020673153254332255,0.00015001872051985136,4.6527683366594856e-12
1335.6899999999403,1569.2018340265377,721.5302040302089,0.0002072001907202518,0.00014900235923546418,4.600343188608825e-12
1335.6999999999402,1569.2018340265377,721.5331221034465,0.00020767377569659484,0.00014799250240073674,4.548569943035175e-12
1335.7099999999402,1569.2018340265377,721.5360401565937,0.0002081522776574532,0.0001469891111259091,4.4974390417422476e-12
1335.7199999999402,1569.2018340265377,721.5389581896502,0.0002086356868266396,0.0001459921467350351,4.446941089189488e-12
1335.7299999999402,1569.2018340265377,721.5418762026167,0.00020912399346888558,0.00014500157076454128,4.397066849551486e-12
1335.7399999999402,1569.2018340265377,721.5447941954932,0.00020961718788984485,0.00014401734496257557,4.347807243829825e-12
1335.7499999999402,1569.2018340265377,721.5477121682799,0.00021011526043556466,0.00014303943128780644,4.299153346973104e-12
1335.7599999999402,1569.2018340265377,721.550630120977,0.00021061820148232717,0.00014206779190835108,4.251096384863317e-12
1335.7699999999402,1569.2018340265377,721.5535480535847,0.00021112600143525584,0.00014110238920078092,4.203627731548941e-12
1335.7799999999402,1569.2018340265377,721.5564659661032,0.0002116386507371481,0.00014014318574909597,4.1567389067286915e-12
1335.7899999999402,1569.2018340265377,721.559383858533,0.0002121561398514158,0.00013919014434366167,4.1104215727658105e-12
1335.7999999999402,1569.2018340265377,721.5623017308737,0.00021267845927634859,0.0001382432279804131,4.0646675323918036e-12
1335.8099999999401,1569.2018340265377,721.565219583126,0.0002132055995225901,0.00013730239985939628,4.019468725701696e-12
1335.8199999999401,1569.2018340265377,721.5681374152902,0.00021373755112746588,0.00013636762338409326,3.97481722796188e-12
1335.8299999999401,1569.2018340265377,721.5710552273661,0.0002142743046454329,0.00013543886216048183,3.930705246986673e-12
1335.8399999999401,1569.2018340265377,721.573973019354,0.00021481585064970956,0.00013451607999578406,3.88712512075771e-12
1335.84999999994,1569.2018340265377,721.5768907912541,0.00021536217972439387,0.00013359924089757286,3.844069314935189e-12
1335.85999999994,1569.2018340265377,721.5798085430669,0.00021591328246687517,0.00013268830907271214,3.801530420594529e-12
1335.86999999994,1569.2018340265377,721.5827262747924,0.00021646914948691797,0.00013178324892654228,3.759501151957144e-12
1335.87999999994,1569.2018340265377,721.5856439864307,0.00021702977140122836,0.00013088402506185862,3.717974344073791e-12
1335.88999999994,1569.2018340265377,721.5885616779822,0.00021759513883316307,0.00012999060227764949,3.676942950628785e-12
1335.89999999994,1569.2018340265377,721.5914793494469,0.00021816524240177748,0.00012910294556850622,3.636400041644173e-12
1335.90999999994,1569.2018340265377,721.5943970008253,0.00021874007274123026,0.00012822102012333497,3.5963388016964615e-12
1335.91999999994,1569.2018340265377,721.5973146321174,0.00021931962047694193,0.000127344791324666,3.556752527476932e-12
1335.92999999994,1569.2018340265377,721.6002322433233,0.0002199038762367731,0.00012647422474754965,3.517634625957682e-12
1335.93999999994,1569.2018340265377,721.6031498344436,0.00022049283063636576,0.0001256092861583605,3.478978612166177e-12
1335.94999999994,1569.2018340265377,721.6060674054783,0.00022108647429375258,0.00012474994151434772,3.4407781075112224e-12
1335.95999999994,1569.2018340265377,721.6089849564272,0.00022168479781598522,0.0001238961569624118,3.403026837651896e-12
1335.96999999994,1569.2018340265377,721.6119024872911,0.00022228779179560065,0.0001230478988379239,3.3657186305692386e-12
1335.97999999994,1569.2018340265377,721.61481999807,0.00022289544681848802,0.00012220513366421467,3.3288474148825637e-12
1335.98999999994,1569.2018340265377,721.6177374887642,0.00022350775345657606,0.00012136782815130257,3.2924072179230988e-12
1335.99999999994,1569.2018340265377,721.6206549593736,0.0002241247022635994,0.00012053594919528727,3.256392163929798e-12
1336.00999999994,1569.2018340265377,721.6235724098985,0.00022474628377363995,0.00011970946387705455,3.2207964722838125e-12
1336.01999999994,1569.2018340265377,721.6264898403396,0.00022537248850617458,0.00011888833946145137,3.1856144558929744e-12
1336.02999999994,1569.2018340265377,721.6294072506965,0.00022600330695451122,0.00011807254339661693,3.1508405193770724e-12
1336.03999999994,1569.2018340265377,721.6323246409696,0.00022663872959255316,0.0001172620433128049,3.1164691575207575e-12
1336.04999999994,1569.2018340265377,721.6352420111592,0.00022727874686897495,0.00011645680702143745,3.082494953589455e-12
1336.05999999994,1569.2018340265377,721.6381593612655,0.00022792334919704212,0.00011565680251438256,3.0489125776338647e-12
1336.06999999994,1569.2018340265377,721.6410766912886,0.00022857252697365028,0.0001148619979629195,3.015716785202369e-12
1336.07999999994,1569.2018340265377,721.6439940012286,0.00022922627056170964,0.00011407236171692649,2.982902415594586e-12
1336.08999999994,1569.2018340265377,721.6469112910861,0.00022988457028990164,0.00011328786230376745,2.9504643903681567e-12
1336.0999999999399,1569.2018340265377,721.649828560861,0.00023054741644638145,0.00011250846842770006,2.918397711822587e-12
1336.1099999999399,1569.2018340265377,721.6527458105536,0.00023121479929847326,0.00011173414896876919,2.886697461812856e-12
1336.1199999999399,1569.2018340265377,721.6556630401641,0.0002318867090683903,0.00011096487298198,2.8553588000409383e-12
1336.1299999999399,1569.2018340265377,721.6585802496926,0.00023256313593583545,0.00011020060969644224,2.824376962722128e-12
1336.1399999999398,1569.2018340265377,721.6614974391395,0.00023324407004784935,0.00010944132851439965,2.7937472613536415e-12
1336.1499999999398,1569.2018340265377,721.6644146085049,0.000233929501500372,0.00010868699901044164,2.7634650811724065e-12
1336.1599999999398,1569.2018340265377,721.6673317577889,0.00023461942035717307,0.0001079375909306608,2.733525880086939e-12
1336.1699999999398,1569.2018340265377,721.6702488869919,0.000235313816627632,0.00010719307419163339,2.7039251871317914e-12
1336.1799999999398,1569.2018340265377,721.6731659961142,0.00023601268027684054,0.00010645341887961481,2.6746586013431844e-12
1336.1899999999398,1569.2018340265377,721.6760830851557,0.0002367160012230341,0.00010571859524987975,2.645721790512442e-12
1336.1999999999398,1569.2018340265377,721.6790001541167,0.00023742376933305476,0.00010498857372554477,2.617110489915734e-12
1336.2099999999398,1569.2018340265377,721.6819172029974,0.00023813597442148146,0.00010426332489688719,2.5888205011340543e-12
1336.2199999999398,1569.2018340265377,721.6848342317983,0.0002388526062497253,0.00010354281952041132,2.5608476908816224e-12
1336.2299999999398,1569.2018340265377,721.6877512405193,0.00023957365452603166,0.00010282702851816718,2.5331879898775583e-12
1336.2399999999398,1569.2018340265377,721.6906682291605,0.00024029910890400547,0.0001021159229768224,2.505837391709816e-12
1336.2499999999397,1569.2018340265377,721.6935851977223,0.00024102895897737368,0.00010140947414660276,2.4787919516749928e-12
1336.2599999999397,1569.2018340265377,721.696502146205,0.0002417631942829975,0.00010070765344078728,2.452047785752789e-12
1336.2699999999397,1569.2018340265377,721.6994190746088,0.00024250180429469825,0.00010001043243471129,2.425601069480568e-12
1336.2799999999397,1569.2018340265377,721.7023359829337,0.00024324477842782764,9.931778286501795e-05,2.399448036969763e-12
1336.2899999999397,1569.2018340265377,721.7052528711799,0.0002439921060341437,9.862967662872466e-05,2.3735849798332875e-12
1336.2999999999397,1569.2018340265377,721.7081697393479,0.0002447437763940949,9.794608578240406e-05,2.3480082461157174e-12
1336.3099999999397,1569.2018340265377,721.7110865874378,0.0002454997787386789,9.726698254149951e-05,2.3227142395332523e-12
1336.3199999999397,1569.2018340265377,721.7140034154495,0.0002462601022161895,9.659233927945667e-05,2.2976994181903643e-12
1336.3299999999397,1569.2018340265377,721.7169202233835,0.0002470247359123043,9.592212852680627e-05,2.2729602938279485e-12
1336.3399999999397,1569.2018340265377,721.71983701124,0.0002477936688402078,9.525632297043898e-05,2.24849343080949e-12
1336.3499999999397,1569.2018340265377,721.7227537790193,0.0002485668899460049,9.459489545282786e-05,2.224295445265245e-12
1336.3599999999396,1569.2018340265377,721.7256705267213,0.0002493443881073624,9.393781897127714e-05,2.200363004189625e-12
1336.3699999999396,1569.2018340265377,721.7285872543462,0.00025012615211941015,9.328506667697275e-05,2.176692824435053e-12
1336.3799999999396,1569.2018340265377,721.7315039618946,0.0002509121707056033,9.263661187416646e-05,2.153281671951955e-12
1336.3899999999396,1569.2018340265377,721.7344206493666,0.0002517024325137253,9.199242801966544e-05,2.1301263609241594e-12
1336.3999999999396,1569.2018340265377,721.737337316762,0.00025249692611897725,9.135248872184225e-05,2.107223752958592e-12
1336.4099999999396,1569.2018340265377,721.7402539640815,0.00025329564001404296,9.071676773975352e-05,2.08457075618526e-12
1336.4199999999396,1569.2018340265377,721.7431705913251,0.0002540985626094516,9.008523898258786e-05,2.0621643244770416e-12
1336.4299999999396,1569.2018340265377,721.746087198493,0.00025490568223992074,8.945787650878878e-05,2.0400014567157855e-12
1336.4399999999396,1569.2018340265377,721.7490037855854,0.00025571698715870733,8.883465452525958e-05,2.018079195976942e-12
1336.4499999999396,1569.2018340265377,721.7519203526025,0.00025653246553163794,8.821554738661875e-05,1.996394628731166e-12
1336.4599999999396,1569.2018340265377,721.7548368995447,0.00025735210544261175,8.760052959441288e-05,1.9749448841490183e-12
1336.4699999999395,1569.2018340265377,721.7577534264119,0.00025817589489705417,8.698957579645028e-05,1.953727133404822e-12
1336.4799999999395,1569.2018340265377,721.7606699332043,0.0002590038218018748,8.638266078594498e-05,1.9327385888070998e-12
1336.4899999999395,1569.2018340265377,721.7635864199224,0.00025983587398886705,8.577975950071919e-05,1.911976503276369e-12
1336.4999999999395,1569.2018340265377,721.7665028865664,0.000260672039188197,8.518084702254506e-05,1.891438169464528e-12
1336.5099999999395,1569.2018340265377,721.7694193331364,0.0002615123050580538,8.458589857644279e-05,1.8711209193022837e-12
1336.5199999999395,1569.2018340265377,721.7723357596324,0.00026235665915588357,8.399488952986622e-05,1.8510221231231263e-12
1336.5299999999395,1569.2018340265377,721.7752521660547,0.0002632050889432118,8.340779539189209e-05,1.8311391890499985e-12
1336.5399999999395,1569.2018340265377,721.7781685524038,0.0002640575817979674,8.282459181250755e-05,1.8114695624460492e-12
1336.5499999999395,1569.2018340265377,721.7810849186798,0.0002649141250069462,8.224525458205845e-05,1.7920107252419012e-12
1336.5599999999395,1569.2018340265377,721.7840012648826,0.00026577470575957993,8.166975963033359e-05,1.77276019527093e-12
1336.5699999999395,1569.2018340265377,721.7869175910126,0.00026663931114681805,8.10980830258389e-05,1.7537155256607293e-12
1336.5799999999394,1569.2018340265377,721.7898338970703,0.00026750792815852855,8.053020097511889e-05,1.734874304228006e-12
1336.5899999999394,1569.2018340265377,721.7927501830552,0.0002683805437069726,7.996608982214535e-05,1.7162341530546554e-12
1336.5999999999394,1569.2018340265377,721.7956664489682,0.0002692571445917836,7.940572604731205e-05,1.6977927276754268e-12
1336.6099999999394,1569.2018340265377,721.7985826948092,0.00027013771751766507,7.884908626702959e-05,1.6795477166479486e-12
1336.6199999999394,1569.2018340265377,721.8014989205785,0.0002710222490878236,7.829614723281581e-05,1.6614968409524874e-12
1336.6299999999394,1569.2018340265377,721.8044151262764,0.00027191072580897796,7.774688583069644e-05,1.6436378534879424e-12
1336.6399999999394,1569.2018340265377,721.8073313119027,0.00027280313408883553,7.720127908047834e-05,1.6259685385242357e-12
1336.6499999999394,1569.2018340265377,721.8102474774579,0.00027369946023349717,7.665930413494153e-05,1.6084867111613922e-12
1336.6599999999394,1569.2018340265377,721.8131636229423,0.0002745996904332313,7.612093827926847e-05,1.5911902167415507e-12
1336.6699999999394,1569.2018340265377,721.8160797483561,0.00027550381078946727,7.558615893030714e-05,1.5740769305051945e-12
1336.6799999999394,1569.2018340265377,721.8189958536992,0.00027641180729958824,7.505494363591873e-05,1.5571447570086889e-12
1336.6899999999393,1569.2018340265377,721.8219119389719,0.0002773236658454701,7.452727007422737e-05,1.5403916295744905e-12
1336.6999999999393,1569.2018340265377,721.8248280041747,0.0002782393722137066,7.400311605285254e-05,1.523815509927932e-12
1336.7099999999393,1569.2018340265377,721.8277440493077,0.0002791589120789867,7.348245950845277e-05,1.5074143876466077e-12
1336.7199999999393,1569.2018340265377,721.8306600743708,0.0002800822710109645,7.296527850594204e-05,1.491186279736993e-12
1336.7299999999393,1569.2018340265377,721.8335760793645,0.000281009434478545,7.245155123767267e-05,1.4751292302009784e-12
1336.7399999999393,1569.2018340265377,721.836492064289,0.0002819403878266116,7.19412560229643e-05,1.459241309479819e-12
1336.7499999999393,1569.2018340265377,721.8394080291446,0.0002828751163058159,7.143437130731331e-05,1.443520614173638e-12
1336.7599999999393,1569.2018340265377,721.8423239739311,0.0002838136050463718,7.093087566184432e-05,1.427965266483464e-12
1336.7699999999393,1569.2018340265377,721.8452398986491,0.00028475583908418905,7.043074778246869e-05,1.4125734139197298e-12
1336.7799999999393,1569.2018340265377,721.8481558032987,0.0002857018033214642,6.993396648936235e-05,1.397343228699229e-12
1336.7899999999393,1569.2018340265377,721.8510716878799,0.00028665148257061126,6.944051072632518e-05,1.3822729075626752e-12
1336.7999999999392,1569.2018340265377,721.8539875523932,0.0002876048615226158,6.895035955995385e-05,1.3673606712142677e-12
1336.8099999999392,1569.2018340265377,721.8569033968386,0.0002885619247564729,6.846349217920182e-05,1.3526047639890978e-12
1336.8199999999392,1569.2018340265377,721.8598192212165,0.0002895226567330449,6.797988789455689e-05,1.338003453436146e-12
1336.8299999999392,1569.2018340265377,721.8627350255272,0.0002904870418137084,6.74995261375314e-05,1.323555030035601e-12
1336.8399999999392,1569.2018340265377,721.8656508097703,0.00029145506423540755,6.702238646001514e-05,1.3092578067140731e-12
1336.8499999999392,1569.2018340265377,721.8685665739465,0.0002924267081247199,6.654844853343262e-05,1.2951101185409656e-12
1336.8599999999392,1569.2018340265377,721.8714823180561,0.0002934019574845549,6.607769214833006e-05,1.2811103223230016e-12
1336.8699999999392,1569.2018340265377,721.8743980420992,0.0002943807962153579,6.561009721368555e-05,1.2672567963474753e-12
1336.8799999999392,1569.2018340265377,721.8773137460757,0.00029536320809449393,6.514564375627618e-05,1.2535479399484032e-12
1336.8899999999392,1569.2018340265377,721.8802294299861,0.0002963491767836311,6.468431191997961e-05,1.2399821732007856e-12
1336.8999999999392,1569.2018340265377,721.8831450938306,0.0002973386858275871,6.422608196520343e-05,1.2265579365876553e-12
1336.9099999999391,1569.2018340265377,721.8860607376096,0.00029833171865242575,6.37709342682803e-05,1.2132736906688133e-12
1336.9199999999391,1569.2018340265377,721.8889763613228,0.0002993282585811169,6.331884932088476e-05,1.2001279158270178e-12
1336.9299999999391,1569.2018340265377,721.8918919649707,0.000300328288792918,6.28698077292746e-05,1.1871191117851818e-12
1336.9399999999391,1569.2018340265377,721.8948075485536,0.0003013317923699624,6.242379021380201e-05,1.1742457974928341e-12
1336.949999999939,1569.2018340265377,721.8977231120714,0.0003023387522675253,6.198077760830267e-05,1.1615065107042583e-12
1336.959999999939,1569.2018340265377,721.9006386555245,0.0003033491513241829,6.154075085940029e-05,1.1488998077196754e-12
1336.969999999939,1569.2018340265377,721.9035541789133,0.0003043629722548728,6.110369102595579e-05,1.1364242630697685e-12
1336.979999999939,1569.2018340265377,721.9064696822378,0.00030538019765570377,6.0669579278498634e-05,1.1240784692499549e-12
1336.989999999939,1569.2018340265377,721.9093851654982,0.00030640081000975916,6.023839689859306e-05,1.111861036459194e-12
1336.999999999939,1569.2018340265377,721.9123006286944,0.00030742479167366466,5.9810125278258794e-05,1.0997705922750336e-12
1337.009999999939,1569.2018340265377,721.9152160718272,0.00030845212488728283,5.9384745919260975e-05,1.0878057814143005e-12
1337.019999999939,1569.2018340265377,721.9181314948967,0.0003094827917707117,5.896224043270422e-05,1.075965265462518e-12
1337.029999999939,1569.2018340265377,721.9210468979028,0.00031051677430990183,5.854259053837615e-05,1.0642477225605246e-12
1337.039999999939,1569.2018340265377,721.9239622808459,0.0003115540543899985,5.8125778064097285e-05,1.0526518472613163e-12
1337.049999999939,1569.2018340265377,721.9268776437259,0.0003125946137653438,5.771178494525328e-05,1.0411763501772175e-12
1337.059999999939,1569.2018340265377,721.9297929865436,0.00031363843405631713,5.730059322402119e-05,1.0298199577171073e-12
1337.069999999939,1569.2018340265377,721.9327083092987,0.0003146854967828353,5.689218504906663e-05,1.0185814119643574e-12
1337.079999999939,1569.2018340265377,721.9356236119917,0.00031573578333564953,5.6486542674745094e-05,1.0074594703331741e-12
1337.089999999939,1569.2018340265377,721.9385388946226,0.0003167892749706529,5.608364846062689e-05,9.964529053211013e-13
1337.099999999939,1569.2018340265377,721.9414541571916,0.00031784595284000663,5.568348487094271e-05,9.855605043782728e-13
1337.109999999939,1569.2018340265377,721.9443693996992,0.0003189057979612074,5.528603447391036e-05,9.747810695783515e-13
1337.119999999939,1569.2018340265377,721.9472846221454,0.00031996879124200205,5.489127994132587e-05,9.641134174792322e-13
1337.129999999939,1569.2018340265377,721.9501998245303,0.000321034913447564,5.449920404791043e-05,9.535563788008517e-13
1337.139999999939,1569.2018340265377,721.9531150068543,0.00032210414523868564,5.410978967072152e-05,9.431087983254168e-13
1337.149999999939,1569.2018340265377,721.9560301691175,0.0003231764671419939,5.372301978870631e-05,9.327695346003309e-13
1337.159999999939,1569.2018340265377,721.9589453113201,0.0003242518595698229,5.333887748205536e-05,9.225374597865069e-13
1337.169999999939,1569.2018340265377,721.9618604334624,0.0003253303028034826,5.2957345931670375e-05,9.124114594066349e-13
1337.179999999939,1569.2018340265377,721.9647755355447,0.00032641177700524506,5.257840841864615e-05,9.02390432180863e-13
1337.189999999939,1569.2018340265377,721.967690617567,0.0003274962622144757,5.2202048323740435e-05,8.924732898193423e-13
1337.1999999999389,1569.2018340265377,721.9706056795293,0.0003285837383491329,5.182824912678707e-05,8.826589568315255e-13
1337.2099999999389,1569.2018340265377,721.9735207214322,0.0003296741852053338,5.145699440611437e-05,8.729463703335062e-13
1337.2199999999389,1569.2018340265377,721.9764357432759,0.00033076758243868565,5.108826783812404e-05,8.633344798165513e-13
1337.2299999999389,1569.2018340265377,721.9793507450606,0.0003318639096141854,5.072205319668485e-05,8.538222470930832e-13
1337.2399999999388,1569.2018340265377,721.9822657267862,0.0003329631461412316,5.035833435265785e-05,8.444086459477283e-13
1337.2499999999388,1569.2018340265377,721.9851806884529,0.00033406527132741413,4.999709527326674e-05,8.350926620975145e-13
1337.2599999999388,1569.2018340265377,721.9880956300615,0.00033517026434889025,4.963832002160229e-05,8.258732929422876e-13
1337.2699999999388,1569.2018340265377,721.9910105516118,0.000336278104256,4.928199275619532e-05,8.167495474123341e-13
1337.2799999999388,1569.2018340265377,721.9939254531038,0.00033738876999216876,4.892809773043887e-05,8.077204458444189e-13
1337.2899999999388,1569.2018340265377,721.996840334538,0.0003385022403554045,4.8576619291972166e-05,7.987850197200829e-13
1337.2999999999388,1569.2018340265377,721.9997551959145,0.0003396184940348002,4.822754188230342e-05,7.899423115970072e-13
1337.3099999999388,1569.2018340265377,722.0026700372337,0.000340737509600223,4.7880850036226245e-05,7.811913749214937e-13
1337.3199999999388,1569.2018340265377,722.0055848584956,0.0003418592654853784,4.7536528381322616e-05,7.725312738336577e-13
1337.3299999999388,1569.2018340265377,722.0084996597003,0.00034298374001824416,4.719456163747984e-05,7.63961083084534e-13
1337.3399999999388,1569.2018340265377,722.0114144408484,0.00034411091138808995,4.685493461629106e-05,7.554798878068508e-13
1337.3499999999387,1569.2018340265377,722.0143292019399,0.0003452407576718475,4.6517632220684843e-05,7.470867834305582e-13
1337.3599999999387,1569.2018340265377,722.0172439429746,0.00034637325682871175,4.6182639444369395e-05,7.387808755220439e-13
1337.3699999999387,1569.2018340265377,722.0201586639533,0.0003475083866844817,4.584994137121562e-05,7.305612796033798e-13
1337.3799999999387,1569.2018340265377,722.0230733648762,0.000348646124950702,4.551952317495792e-05,7.224271210591365e-13
1337.3899999999387,1569.2018340265377,722.0259880457431,0.0003497864492200151,4.519137011859434e-05,7.143775349838277e-13
1337.3999999999387,1569.2018340265377,722.0289027065545,0.0003509293369580282,4.48654675538944e-05,7.064116660290041e-13
1337.4099999999387,1569.2018340265377,722.0318173473103,0.000352074765517964,4.454180092094891e-05,6.985286683005801e-13
1337.4199999999387,1569.2018340265377,722.0347319680111,0.00035322271211631604,4.4220355747581906e-05,6.907277051752673e-13
1337.4299999999387,1569.2018340265377,722.037646568657,0.0003543731538640217,4.390111764901669e-05,6.830079492383576e-13
1337.4399999999387,1569.2018340265377,722.040561149248,0.00035552606775776066,4.3584072327317836e-05,6.753685821355833e-13
1337.4499999999387,1569.2018340265377,722.0434757097845,0.0003566814306506725,4.326920557086215e-05,6.678087943910374e-13
1337.4599999999386,1569.2018340265377,722.0463902502665,0.0003578392192934973,4.295650325395967e-05,6.603277853665505e-13
1337.4699999999386,1569.2018340265377,722.0493047706947,0.0003589994103118631,4.264595133626812e-05,6.52924763093893e-13
1337.4799999999386,1569.2018340265377,722.0522192710687,0.0003601619802327924,4.2337535862466445e-05,6.455989442088672e-13
1337.4899999999386,1569.2018340265377,722.055133751389,0.00036132690542577795,4.20312429616263e-05,6.383495537230232e-13
1337.4999999999386,1569.2018340265377,722.0580482116559,0.00036249416217590133,4.172705884684056e-05,6.311758250442376e-13
1337.5099999999386,1569.2018340265377,722.0609626518693,0.00036366372662958746,4.142496981475675e-05,6.240769997664665e-13
1337.5199999999386,1569.2018340265377,722.0638770720296,0.00036483557483239174,4.112496224505448e-05,6.170523276235898e-13
1337.5299999999386,1569.2018340265377,722.0667914721371,0.00036600968269609197,4.082702260003128e-05,6.101010663248874e-13
1337.5399999999386,1569.2018340265377,722.069705852192,0.0003671860260250521,4.0531137424120256e-05,6.032224814924701e-13
1337.5499999999386,1569.2018340265377,722.0726202121945,0.00036836458050898717,4.023729334346779e-05,5.964158465440457e-13
1337.5599999999386,1569.2018340265377,722.0755345521443,0.00036954532172099445,3.994547706548962e-05,5.896804425862255e-13
1337.5699999999385,1569.2018340265377,722.0784488720423,0.00037072822511072815,3.965567537828235e-05,5.830155582979274e-13
1337.5799999999385,1569.2018340265377,722.0813631718884,0.00037191326601616263,3.9367875150355224e-05,5.764204898546754e-13
1337.5899999999385,1569.2018340265377,722.084277451683,0.0003731004196633569,3.9082063330069355e-05,5.698945408259337e-13
1337.5999999999385,1569.2018340265377,722.0871917114259,0.00037428966116541054,3.879822694526975e-05,5.634370220785758e-13
1337.6099999999385,1569.2018340265377,722.0901059511174,0.00037548096551703896,3.851635310277506e-05,5.570472516714207e-13
1337.6199999999385,1569.2018340265377,722.0930201707582,0.0003766743075996463,3.823642898788212e-05,5.507245547678618e-13
1337.6299999999385,1569.2018340265377,722.0959343703482,0.0003778696621785193,3.795844186411452e-05,5.444682635450487e-13
1337.6399999999385,1569.2018340265377,722.0988485498874,0.0003790670039203672,3.768237907265136e-05,5.382777171245465e-13
1337.6499999999385,1569.2018340265377,722.1017627093762,0.0003802663073628226,3.740822803187383e-05,5.321522614385199e-13
1337.6599999999385,1569.2018340265377,722.1046768488147,0.00038146754693188316,3.713597623700718e-05,5.2609124916997e-13
1337.6699999999385,1569.2018340265377,722.1075909682035,0.00038267069696468805,3.6865611259626716e-05,5.200940396955979e-13
1337.6799999999384,1569.2018340265377,722.1105050675422,0.00038387573166387623,3.659712074731388e-05,5.141599989399888e-13
1337.6899999999384,1569.2018340265377,722.1134191468315,0.00038508262513506483,3.6330492423135314e-05,5.082884993412971e-13
1337.6999999999384,1569.2018340265377,722.1163332060714,0.0003862913513547567,3.606571408526135e-05,5.024789197273254e-13
1337.7099999999384,1569.2018340265377,722.1192472452622,0.00038750188421806563,3.580277360657525e-05,4.967306452986482e-13
1337.7199999999384,1569.2018340265377,722.1221612644038,0.00038871419749709254,3.554165893421145e-05,4.910430674927766e-13
1337.7299999999384,1569.2018340265377,722.1250752634967,0.0003899282648569287,3.5282358089118225e-05,4.854155839267315e-13
1337.7399999999384,1569.2018340265377,722.1279892425412,0.0003911440598505348,3.502485916569364e-05,4.798475983151898e-13
1337.7499999999384,1569.2018340265377,722.1309032015372,0.0003923615559240323,3.476915033137089e-05,4.743385204015814e-13
1337.7599999999384,1569.2018340265377,722.1338171404851,0.0003935807264408806,3.4515219826157634e-05,4.68887765911071e-13
1337.7699999999384,1569.2018340265377,722.1367310593849,0.0003948015446290108,3.426305596228582e-05,4.634947564147895e-13
1337.7799999999384,1569.2018340265377,722.1396449582372,0.00039602398361584764,3.401264712372604e-05,4.58158919298728e-13
1337.7899999999383,1569.2018340265377,722.1425588370421,0.0003972480164322762,3.376398176587131e-05,4.5287968769932034e-13
1337.7999999999383,1569.2018340265377,722.1454726957994,0.00039847361601519804,3.3517048415112507e-05,4.476565004352332e-13
1337.8099999999383,1569.2018340265377,722.1483865345098,0.0003997007551777579,3.3271835668361496e-05,4.4248880190287264e-13
1337.8199999999383,1569.2018340265377,722.151300353173,0.00040092940663347164,3.302833219276677e-05,4.373760420398416e-13
1337.8299999999383,1569.2018340265377,722.1542141517898,0.00040215954300644474,3.2786526725202104e-05,4.323176762660743e-13
1337.8399999999383,1569.2018340265377,722.15712793036,0.00040339113681270604,3.2546408071976305e-05,4.273131654003476e-13
1337.8499999999383,1569.2018340265377,722.160041688884,0.00040462416046580034,3.230796510837286e-05,4.2236197560040015e-13
1337.8599999999383,1569.2018340265377,722.1629554273619,0.0004058585862831228,3.20711867782792e-05,4.1746357830666506e-13
1337.8699999999383,1569.2018340265377,722.1658691457939,0.0004070943864686918,3.183606209380544e-05,4.1261745016224797e-13
1337.8799999999383,1569.2018340265377,722.1687828441802,0.0004083315331509022,3.160258013487105e-05,4.078230729895016e-13
1337.8899999999383,1569.2018340265377,722.1716965225211,0.0004095699983479965,3.1370730048855346e-05,4.0307993369472073e-13
1337.8999999999382,1569.2018340265377,722.1746101808168,0.0004108097539683969,3.114050105017845e-05,3.98387524208835e-13
1337.9099999999382,1569.2018340265377,722.1775238190676,0.0004120507718477233,3.091188241994755e-05,3.937453414656979e-13
1337.9199999999382,1569.2018340265377,722.1804374372731,0.00041329302371652057,3.068486350561179e-05,3.8915288731309233e-13
1337.9299999999382,1569.2018340265377,722.1833510354343,0.0004145364811977034,3.0459433720444238e-05,3.846096684505478e-13
1337.9399999999382,1569.2018340265377,722.1862646135511,0.00041578111582963294,3.0235582543334363e-05,3.801151963995418e-13
1337.9499999999382,1569.2018340265377,722.1891781716238,0.00041702689906646334,3.001329951832603e-05,3.756689874457081e-13
1337.9599999999382,1569.2018340265377,722.1920917096522,0.0004182738022583724,2.979257425428937e-05,3.712705625674273e-13
1337.9699999999382,1569.2018340265377,722.1950052276368,0.00041952179666192963,2.95733964244906e-05,3.6691944739060873e-13
1337.9799999999382,1569.2018340265377,722.197918725578,0.00042077085343793523,2.935575576624204e-05,3.626151721346771e-13
1337.9899999999382,1569.2018340265377,722.2008322034759,0.0004220209436755091,2.9139642080596038e-05,3.5835727158287245e-13
1337.9999999999382,1569.2018340265377,722.2037456613305,0.0004232720383542519,2.892504523193744e-05,3.541452849971802e-13
1338.0099999999381,1569.2018340265377,722.206659099142,0.00042452410838074054,2.8711955147596422e-05,3.4997875609867454e-13
1338.0199999999381,1569.2018340265377,722.2095725169108,0.00042577712454856765,2.850036181752224e-05,3.4585723298529994e-13
1338.0299999999381,1569.2018340265377,722.2124859146372,0.0004270310575899777,2.8290255293908154e-05,3.4178026812540426e-13
1338.0399999999381,1569.2018340265377,722.2153992923212,0.0004282858781380672,2.808162569086706e-05,3.3774741827899125e-13
1338.049999999938,1569.2018340265377,722.218312649963,0.00042954155674625747,2.7874463184036015e-05,3.3375824446515886e-13
1338.059999999938,1569.2018340265377,722.2212259875629,0.00043079806386927763,2.7668758010231538e-05,3.2981231190064056e-13
1338.069999999938,1569.2018340265377,722.2241393051212,0.00043205536988944506,2.7464500467114866e-05,3.259091899747346e-13
1338.079999999938,1569.2018340265377,722.2270526026376,0.0004333134451003685,2.7261680912865746e-05,3.2204845219166995e-13
1338.089999999938,1569.2018340265377,722.2299658801129,0.000434572259722647,2.7060289765740023e-05,3.182296761354158e-13
1338.099999999938,1569.2018340265377,722.2328791375472,0.00043583178387219656,2.6860317503819e-05,3.144524434044856e-13
1338.109999999938,1569.2018340265377,722.2357923749406,0.00043709198761345366,2.66617546646492e-05,3.107163396071416e-13
1338.119999999938,1569.2018340265377,722.2387055922932,0.0004383528409039202,2.6464591844876828e-05,3.070209542776151e-13
1338.129999999938,1569.2018340265377,722.2416187896051,0.0004396143136442768,2.6268819699907258e-05,3.0336588086988566e-13
1338.139999999938,1569.2018340265377,722.244531966877,0.00044087637563843717,2.6074428943551453e-05,2.997507166874154e-13
1338.149999999938,1569.2018340265377,722.2474451241088,0.00044213899662059867,2.5881410347757793e-05,2.961750628627721e-13
1338.159999999938,1569.2018340265377,722.2503582613008,0.0004434021462524234,2.5689754742200335e-05,2.9263852431316353e-13
1338.169999999938,1569.2018340265377,722.253271378453,0.00044466579411168273,2.549945301399882e-05,2.8914070969421116e-13
1338.179999999938,1569.2018340265377,722.2561844755656,0.0004459299096988556,2.531049610734125e-05,2.8568123136421843e-13
1338.189999999938,1569.2018340265377,722.2590975526393,0.00044719446245873774,2.512287502317021e-05,2.8225970535953314e-13
1338.199999999938,1569.2018340265377,722.2620106096738,0.0004484594217368704,2.4936580818904812e-05,2.7887575132949375e-13
1338.209999999938,1569.2018340265377,722.2649236466694,0.00044972475682832286,2.4751604608026904e-05,2.7552899252787524e-13
1338.219999999938,1569.2018340265377,722.2678366636266,0.0004509904369421587,2.456793755981432e-05,2.722190557545734e-13
1338.229999999938,1569.2018340265377,722.2707496605451,0.00045225643122620985,2.4385570899017565e-05,2.6894557133432847e-13
1338.239999999938,1569.2018340265377,722.2736626374254,0.00045352270875697654,2.4204495905502495e-05,2.6570817307343773e-13
1338.249999999938,1569.2018340265377,722.2765755942679,0.000454789238539857,2.4024703913952357e-05,2.625064982247882e-13
1338.259999999938,1569.2018340265377,722.2794885310726,0.0004560559895119037,2.3846186313563293e-05,2.5934018745464077e-13
1338.269999999938,1569.2018340265377,722.2824014478397,0.0004573229305428413,2.3668934547713892e-05,2.5620888480820393e-13
1338.279999999938,1569.2018340265377,722.2853143445691,0.0004585900304442644,2.349294011365709e-05,2.531122376806285e-13
1338.289999999938,1569.2018340265377,722.2882272212615,0.00045985725795974063,2.3318194562159e-05,2.50049896776486e-13
1338.2999999999379,1569.2018340265377,722.2911400779171,0.0004611245817565665,2.314468949726345e-05,2.4702151607378845e-13
1338.3099999999379,1569.2018340265377,722.2940529145359,0.0004623919704492548,2.297241657595371e-05,2.4402675280335555e-13
1338.3199999999379,1569.2018340265377,722.296965731118,0.0004636593926038808,2.28013675078243e-05,2.4106526741777195e-13
1338.3299999999379,1569.2018340265377,722.2998785276636,0.00046492681670801274,2.2631534054794495e-05,2.381367235438502e-13
1338.3399999999378,1569.2018340265377,722.3027913041733,0.0004661942111843715,2.2462908030770274e-05,2.3524078795788306e-13
1338.3499999999378,1569.2018340265377,722.3057040606471,0.0004674615444058744,2.229548130139387e-05,2.3237713056319884e-13
1338.3599999999378,1569.2018340265377,722.308616797085,0.00046872878469439953,2.212924578372817e-05,2.2954542435809315e-13
1338.3699999999378,1569.2018340265377,722.3115295134876,0.00046999590030664896,2.1964193445904557e-05,2.2674534539725691e-13
1338.3799999999378,1569.2018340265377,722.3144422098546,0.00047126285943782653,2.1800316306902096e-05,2.2397657276541236e-13
1338.3899999999378,1569.2018340265377,722.3173548861868,0.00047252963024049956,2.163760643617339e-05,2.2123878855509175e-13
1338.3999999999378,1569.2018340265377,722.3202675424839,0.00047379618080597676,2.1476055953425242e-05,2.1853167782990467e-13
1338.4099999999378,1569.2018340265377,722.3231801787462,0.0004750624791721651,2.1315657028267863e-05,2.158549285982863e-13
1338.4199999999378,1569.2018340265377,722.3260927949742,0.00047632849332044215,2.1156401879922497e-05,2.1320823178357415e-13
1338.4299999999378,1569.2018340265377,722.3290053911678,0.00047759419119790757,2.0998282776993357e-05,2.1059128120704898e-13
1338.4399999999378,1569.2018340265377,722.3319179673273,0.00047885954069235384,2.084129203710283e-05,2.080037735471394e-13
1338.4499999999377,1569.2018340265377,722.334830523453,0.0004801245096268592,2.06854220266355e-05,2.0544540831057137e-13
1338.4599999999377,1569.2018340265377,722.3377430595451,0.00048138906579809634,2.0530665160457934e-05,2.0291588782197938e-13
1338.4699999999377,1569.2018340265377,722.3406555756038,0.0004826531769492597,2.0377013901633332e-05,2.0041491718513197e-13
1338.4799999999377,1569.2018340265377,722.3435680716291,0.0004839168107842932,2.0224460761138517e-05,1.9794220426246028e-13
1338.4899999999377,1569.2018340265377,722.3464805476211,0.0004851799349450711,2.0072998297563955e-05,1.9549745963912057e-13
1338.4999999999377,1569.2018340265377,722.3493930035806,0.00048644251703714277,1.9922619116822357e-05,1.9308039660765832e-13
1338.5099999999377,1569.2018340265377,722.3523054395076,0.0004877045246334232,1.977331587192896e-05,1.9069073114481113e-13
1338.5199999999377,1569.2018340265377,722.355217855402,0.0004889659252580559,1.962508126269413e-05,1.8832818187914374e-13
1338.5299999999377,1569.2018340265377,722.3581302512641,0.0004902266863946665,1.9477908035412652e-05,1.8599247006876158e-13
1338.5399999999377,1569.2018340265377,722.3610426270942,0.0004914867754752102,1.9331788982636556e-05,1.8368331957338474e-13
1338.5499999999377,1569.2018340265377,722.3639549828927,0.0004927461599243492,1.9186716942867272e-05,1.8140045684597583e-13
1338.5599999999376,1569.2018340265377,722.3668673186594,0.0004940048070940132,1.904268480032993e-05,1.7914361088491372e-13
1338.5699999999376,1569.2018340265377,722.3697796343947,0.000495262684323429,1.889968548465212e-05,1.7691251323162117e-13
1338.5799999999376,1569.2018340265377,722.3726919300989,0.0004965197589077011,1.8757711970623987e-05,1.747068979358643e-13
1338.5899999999376,1569.2018340265377,722.3756042057721,0.000497775998104644,1.861675727792535e-05,1.7252650153497635e-13
1338.5999999999376,1569.2018340265377,722.3785164614145,0.0004990313691498158,1.847681447086554e-05,1.7037106303616025e-13
1338.6099999999376,1569.2018340265377,722.3814286970263,0.0005002858392332726,1.8337876658108232e-05,1.6824032388543813e-13
1338.6199999999376,1569.2018340265377,722.3843409126079,0.0005015393755297908,1.8199936992408785e-05,1.661340279555175e-13
1338.6299999999376,1569.2018340265377,722.3872531081594,0.0005027919451723989,1.806298867036364e-05,1.6405192151471682e-13
1338.6399999999376,1569.2018340265377,722.3901652836805,0.0005040435152656401,1.79270249321713e-05,1.6199375320990657e-13
1338.6499999999376,1569.2018340265377,722.3930774391722,0.0005052940529017496,1.7792039061288978e-05,1.599592740483324e-13
1338.6599999999376,1569.2018340265377,722.3959895746344,0.0005065435251113016,1.7658024384276173e-05,1.5794823736217564e-13
1338.6699999999375,1569.2018340265377,722.3989016900673,0.0005077918989402652,1.7524974270491045e-05,1.5596039881090096e-13
1338.6799999999375,1569.2018340265377,722.401813785471,0.0005090391413929971,1.7392882131841083e-05,1.5399551634209808e-13
1338.6899999999375,1569.2018340265377,722.4047258608456,0.0005102852194428641,1.7261741422525116e-05,1.5205335017414516e-13
1338.6999999999375,1569.2018340265377,722.4076379161918,0.0005115301000522988,1.713154563877167e-05,1.5013366278150107e-13
1338.7099999999375,1569.2018340265377,722.4105499515094,0.000512773750153054,1.700228831863409e-05,1.4823621886916896e-13
1338.7199999999375,1569.2018340265377,722.4134619667986,0.0005140161366768095,1.687396304170093e-05,1.4636078536074548e-13
1338.7299999999375,1569.2018340265377,722.4163739620599,0.0005152572265110011,1.6746563428843425e-05,1.4450713136557922e-13
1338.7399999999375,1569.2018340265377,722.4192859372931,0.0005164969865391712,1.6620083142004247e-05,1.4267502817133397e-13
1338.7499999999375,1569.2018340265377,722.4221978924988,0.0005177353836267331,1.6494515883912837e-05,1.408642492196053e-13
1338.7599999999375,1569.2018340265377,722.425109827677,0.000518972384634095,1.6369855397880985e-05,1.390745700908187e-13
1338.7699999999375,1569.2018340265377,722.4280217428279,0.0005202079563796461,1.6246095467531128e-05,1.373057684746174e-13
1338.7799999999374,1569.2018340265377,722.4309336379519,0.000521442065694792,1.6123229916560472e-05,1.3555762416588698e-13
1338.7899999999374,1569.2018340265377,722.4338455130488,0.0005226746793861785,1.6001252608520135e-05,1.3382991903613972e-13
1338.7999999999374,1569.2018340265377,722.4367573681192,0.0005239057642656529,1.5880157446548255e-05,1.321224370222945e-13
1338.8099999999374,1569.2018340265377,722.4396692031631,0.0005251352871101678,1.575993837315211e-05,1.3043496409837383e-13
1338.8199999999374,1569.2018340265377,722.4425810181809,0.0005263632147036126,1.5640589369967126e-05,1.2876728826795335e-13
1338.8299999999374,1569.2018340265377,722.4454928131728,0.0005275895138256603,1.552210445752272e-05,1.271191995431931e-13
1338.8399999999374,1569.2018340265377,722.4484045881387,0.0005288141512403907,1.5404477695017837e-05,1.2549048992440908e-13
1338.8499999999374,1569.2018340265377,722.4513163430788,0.0005300370937184194,1.5287703180075374e-05,1.2388095338755231e-13
1338.8599999999374,1569.2018340265377,722.4542280779938,0.0005312583080059751,1.5171775048493181e-05,1.2229038585912446e-13
1338.8699999999374,1569.2018340265377,722.4571397928836,0.0005324777608592754,1.5056687474064885e-05,1.2071858520785257e-13
1338.8799999999374,1569.2018340265377,722.4600514877483,0.0005336954190488077,1.4942434668324009e-05,1.191653512278392e-13
1338.8899999999373,1569.2018340265377,722.4629631625882,0.0005349112493173814,1.4829010880303624e-05,1.1763048561189672e-13
1338.8999999999373,1569.2018340265377,722.4658748174035,0.000536125218415738,1.4716410396328677e-05,1.1611379194321297e-13
1338.9099999999373,1569.2018340265377,722.4687864521945,0.0005373372931048163,1.4604627539782814e-05,1.1461507567893583e-13
1338.9199999999373,1569.2018340265377,722.4716980669614,0.0005385474401511781,1.4493656670902181e-05,1.1313414413286502e-13
1338.9299999999373,1569.2018340265377,722.4746096617042,0.0005397556263118236,1.4383492186531704e-05,1.1167080645560775e-13
1338.9399999999373,1569.2018340265377,722.4775212364235,0.0005409618183524292,1.4274128519904602e-05,1.102248736223541e-13
1338.9499999999373,1569.2018340265377,722.480432791119,0.0005421659830515984,1.4165560140456712e-05,1.0879615841818455e-13
1338.9599999999373,1569.2018340265377,722.4833443257912,0.0005433680871911318,1.4057781553556904e-05,1.0738447541938849e-13
1338.9699999999373,1569.2018340265377,722.4862558404404,0.0005445680975636874,1.3950787300320004e-05,1.0598964097977357e-13
1338.9799999999373,1569.2018340265377,722.4891673350667,0.0005457659809701657,1.3844571957398683e-05,1.0461147321467803e-13
1338.9899999999373,1569.2018340265377,722.4920788096703,0.0005469617042226571,1.3739130136743687e-05,1.0324979198574291e-13
1338.9999999999372,1569.2018340265377,722.4949902642511,0.000548155234155246,1.3634456485419206e-05,1.0190441888806995e-13
1339.0099999999372,1569.2018340265377,722.4979016988098,0.0005493465375915036,1.3530545685349191e-05,1.005751772283648e-13
1339.0199999999372,1569.2018340265377,722.5008131133465,0.0005505355813864214,1.3427392453143227e-05,9.926189201838334e-14
1339.0299999999372,1569.2018340265377,722.5037245078613,0.0005517223324154428,1.3324991539877846e-05,9.79643899577412e-14
1339.0399999999372,1569.2018340265377,722.5066358823543,0.0005529067575624664,1.3223337730887585e-05,9.66824994170114e-14
1339.0499999999372,1569.2018340265377,722.5095472368257,0.0005540888237245906,1.3122425845544958e-05,9.541605042386799e-14
1339.0599999999372,1569.2018340265377,722.512458571276,0.0005552684978299137,1.3022250737050478e-05,9.416487465164468e-14
1339.0699999999372,1569.2018340265377,722.5153698857055,0.0005564457468258438,1.2922807292254399e-05,9.292880540327455e-14
1339.0799999999372,1569.2018340265377,722.5182811801138,0.000557620537664433,1.2824090431444181e-05,9.170767759454808e-14
1339.0899999999372,1569.2018340265377,722.5211924545015,0.0005587928373460471,1.2726095108118128e-05,9.050132774696901e-14
1339.0999999999372,1569.2018340265377,722.5241037088687,0.0005599626128706437,1.2628816308802448e-05,8.930959396596646e-14
1339.1099999999371,1569.2018340265377,722.5270149432158,0.0005611298312831202,1.2532249052839195e-05,8.813231593430766e-14
1339.1199999999371,1569.2018340265377,722.5299261575428,0.0005622944596457332,1.2436388392212508e-05,8.696933489422615e-14
1339.1299999999371,1569.2018340265377,722.53283735185,0.0005634564650378468,1.234122941131601e-05,8.582049363339963e-14
1339.1399999999371,1569.2018340265377,722.5357485261377,0.000564615814586271,1.224676722677369e-05,8.468563647638615e-14
1339.149999999937,1569.2018340265377,722.5386596804058,0.0005657724754360857,1.2152996987247267e-05,8.356460926676747e-14
1339.159999999937,1569.2018340265377,722.5415708146547,0.0005669264147736833,1.2059913873218366e-05,8.245725935705832e-14
1339.169999999937,1569.2018340265377,722.5444819288847,0.000568077599800867,1.1967513096819937e-05,8.136343559208336e-14
1339.179999999937,1569.2018340265377,722.547393023096,0.0005692259977642992,1.187578990162473e-05,8.028298830002353e-14
1339.189999999937,1569.2018340265377,722.5503040972887,0.0005703715759434594,1.1784739562467386e-05,7.921576927787938e-14
1339.199999999937,1569.2018340265377,722.553215151463,0.0005715143016546082,1.169435738524955e-05,7.81616317791558e-14
1339.209999999937,1569.2018340265377,722.5561261856188,0.0005726541422467316,1.1604638706739136e-05,7.712043050044627e-14
1339.219999999937,1569.2018340265377,722.559037199757,0.0005737910651057716,1.151557889437813e-05,7.609202156938826e-14
1339.229999999937,1569.2018340265377,722.5619481938774,0.0005749250376642608,1.1427173346122462e-05,7.507626253379694e-14
1339.239999999937,1569.2018340265377,722.5648591679801,0.0005760560273867727,1.1339417490233817e-05,7.407301234703441e-14
1339.249999999937,1569.2018340265377,722.5677701220656,0.0005771840017837766,1.1252306785090768e-05,7.308213135751185e-14
1339.259999999937,1569.2018340265377,722.5706810561338,0.0005783089284097286,1.116583671901747e-05,7.21034812963889e-14
1339.269999999937,1569.2018340265377,722.5735919701852,0.0005794307748549575,1.1080002810086091e-05,7.11369252642897e-14
1339.279999999937,1569.2018340265377,722.57650286422,0.0005805495087645144,1.0994800605947921e-05,7.018232772184036e-14
1339.289999999937,1569.2018340265377,722.579413738238,0.0005816650978228257,1.0910225683644359e-05,6.923955447575674e-14
1339.299999999937,1569.2018340265377,722.58232459224,0.0005827775097635378,1.0826273649416762e-05,6.830847266814122e-14
1339.309999999937,1569.2018340265377,722.5852354262256,0.0005838867123704688,1.074294013855271e-05,6.738895076519811e-14
1339.319999999937,1569.2018340265377,722.5881462401953,0.0005849926734692524,1.0660220815177986e-05,6.648085854428681e-14
1339.329999999937,1569.2018340265377,722.5910570341495,0.0005860953609496349,1.0578111372091988e-05,6.558406708513565e-14
1339.339999999937,1569.2018340265377,722.5939678080881,0.0005871947427395093,1.0496607530597287e-05,6.469844875551765e-14
1339.349999999937,1569.2018340265377,722.5968785620116,0.000588290786829376,1.0415705040311307e-05,6.382387720253394e-14
1339.359999999937,1569.2018340265377,722.5997892959197,0.0005893834612593043,1.0335399679016822e-05,6.296022734020806e-14
1339.369999999937,1569.2018340265377,722.6027000098131,0.000590472734125736,1.0255687252434482e-05,6.210737533843169e-14
1339.379999999937,1569.2018340265377,722.6056107036919,0.000591558573579471,1.0176563594113385e-05,6.126519861246046e-14
1339.389999999937,1569.2018340265377,722.6085213775564,0.0005926409478336921,1.0098024565218087e-05,6.043357581227184e-14
1339.3999999999369,1569.2018340265377,722.6114320314064,0.0005937198251525506,1.002006605438288e-05,5.961238681079796e-14
1339.4099999999369,1569.2018340265377,722.6143426652421,0.0005947951738681343,9.942683977520218e-06,5.88015126946023e-14
1339.4199999999369,1569.2018340265377,722.6172532790645,0.0005958669623665359,9.865874277646274e-06,5.800083575168472e-14
1339.4299999999369,1569.2018340265377,722.620163872873,0.0005969351590999967,9.789632924758127e-06,5.721023946260146e-14
1339.4399999999368,1569.2018340265377,722.6230744466682,0.0005979997325904663,9.713955915618363e-06,5.642960848965144e-14
1339.4499999999368,1569.2018340265377,722.6259850004501,0.0005990606514140436,9.638839273610507e-06,5.565882866517576e-14
1339.4599999999368,1569.2018340265377,722.6288955342189,0.0006001178842056134,9.564279048573472e-06,5.48977869816695e-14
1339.4699999999368,1569.2018340265377,722.631806047975,0.0006011713996843469,9.490271316628976e-06,5.414637158372923e-14
1339.4799999999368,1569.2018340265377,722.6347165417186,0.0006022211666369759,9.416812180027002e-06,5.340447175632719e-14
1339.4899999999368,1569.2018340265377,722.6376270154497,0.0006032671539048668,9.343897766986152e-06,5.267197791357608e-14
1339.4999999999368,1569.2018340265377,722.6405374691686,0.0006043093303987192,9.271524231515416e-06,5.194878158984023e-14
1339.5099999999368,1569.2018340265377,722.6434479028756,0.0006053476651168169,9.199687753276172e-06,5.123477543155643e-14
1339.5199999999368,1569.2018340265377,722.6463583165707,0.000606382127122108,9.128384537403201e-06,5.0529853185092884e-14
1339.5299999999368,1569.2018340265377,722.6492687102543,0.0006074126855409863,9.057610814359925e-06,4.9833909687029165e-14
1339.5399999999368,1569.2018340265377,722.6521790839266,0.0006084393095904225,8.987362839769634e-06,4.914684085653857e-14
1339.5499999999367,1569.2018340265377,722.6550894375879,0.0006094619685572087,8.917636894266914e-06,4.8468543684052635e-14
1339.5599999999367,1569.2018340265377,722.657999771238,0.0006104806317955875,8.848429283347172e-06,4.7798916221571573e-14
1339.5699999999367,1569.2018340265377,722.6609100848773,0.0006114952687541103,8.779736337192503e-06,4.713785757505828e-14
1339.5799999999367,1569.2018340265377,722.6638203785062,0.0006125058489469493,8.711554410525931e-06,4.648526789280344e-14
1339.5899999999367,1569.2018340265377,722.6667306521249,0.0006135123419698795,8.64387988246886e-06,4.584104835743601e-14
1339.5999999999367,1569.2018340265377,722.6696409057333,0.0006145147175099784,8.576709156383014e-06,4.5205101177258524e-14
1339.6099999999367,1569.2018340265377,722.6725511393319,0.00061551294532559,8.510038659708567e-06,4.457732957539453e-14
1339.6199999999367,1569.2018340265377,722.6754613529206,0.0006165069952653181,8.443864843826696e-06,4.3957637782182963e-14
1339.6299999999367,1569.2018340265377,722.6783715465,0.0006174968372545178,8.378184183896796e-06,4.334593102496247e-14
1339.6399999999367,1569.2018340265377,722.6812817200699,0.0006184824413143033,8.312993178728112e-06,4.2742115520619307e-14
1339.6499999999367,1569.2018340265377,722.6841918736309,0.0006194637775488171,8.248288350606131e-06,4.2146098465447635e-14
1339.6599999999366,1569.2018340265377,722.6871020071831,0.0006204408161401086,8.184066245163235e-06,4.1557788026128066e-14
1339.6699999999366,1569.2018340265377,722.6900121207264,0.0006214135273735914,8.120323431234687e-06,4.097709333266448e-14
1339.6799999999366,1569.2018340265377,722.6929222142612,0.0006223818816190125,8.057056500693175e-06,4.040392446812258e-14
1339.6899999999366,1569.2018340265377,722.6958322877879,0.0006233458493351897,7.994262068321647e-06,3.983819246045995e-14
1339.6999999999366,1569.2018340265377,722.6987423413066,0.0006243054010748523,7.9319367716644e-06,3.927980927417462e-14
1339.7099999999366,1569.2018340265377,722.7016523748174,0.0006252605074791883,7.870077270886632e-06,3.8728687801435915e-14
1339.7199999999366,1569.2018340265377,722.7045623883204,0.0006262111392981263,7.808680248631938e-06,3.8184741854858005e-14
1339.7299999999366,1569.2018340265377,722.707472381816,0.000627157267357013,7.747742409866806e-06,3.7647886156875396e-14
1339.7399999999366,1569.2018340265377,722.7103823553045,0.0006280988625871284,7.687260481761587e-06,3.7118036333499995e-14
1339.7499999999366,1569.2018340265377,722.7132923087861,0.0006290358960254423,7.627231213538797e-06,3.659510890585586e-14
1339.7599999999366,1569.2018340265377,722.7162022422606,0.0006299683387945631,7.5676513763435e-06,3.607902128085886e-14
1339.7699999999365,1569.2018340265377,722.7191121557285,0.000630896162119075,7.508517763086478e-06,3.556969174385583e-14
1339.7799999999365,1569.2018340265377,722.7220220491901,0.0006318193373305042,7.449827188321215e-06,3.506703945092903e-14
1339.7899999999365,1569.2018340265377,722.7249319226456,0.000632737835856245,7.391576488106925e-06,3.457098442022248e-14
1339.7999999999365,1569.2018340265377,722.7278417760949,0.0006336516292256795,7.333762519879966e-06,3.408144752438804e-14
1339.8099999999365,1569.2018340265377,722.7307516095385,0.0006345606890810452,7.276382162293535e-06,3.359835048301394e-14
1339.8199999999365,1569.2018340265377,722.7336614229765,0.0006354649871545386,7.219432315108703e-06,3.312161585377782e-14
1339.8299999999365,1569.2018340265377,722.7365712164092,0.0006363644952983339,7.1629098990496735e-06,3.265116702615052e-14
1339.8399999999365,1569.2018340265377,722.7394809898367,0.0006372591854629006,7.106811855673379e-06,3.218692821253278e-14
1339.8499999999365,1569.2018340265377,722.7423907432592,0.0006381490297118073,7.051135147239924e-06,3.172882444137476e-14
1339.8599999999365,1569.2018340265377,722.745300476677,0.0006390340002078984,6.995876756574689e-06,3.127678154880506e-14
1339.8699999999365,1569.2018340265377,722.7482101900902,0.0006399140692349652,6.941033686949281e-06,3.083072617225978e-14
1339.8799999999364,1569.2018340265377,722.7511198834991,0.0006407892091864448,6.8866029619365824e-06,3.039058574227136e-14
1339.8899999999364,1569.2018340265377,722.7540295569038,0.0006416593925597006,6.832581625299141e-06,2.9956288474923067e-14
1339.8999999999364,1569.2018340265377,722.7569392103046,0.0006425245919706789,6.778966740846391e-06,2.952776336504186e-14
1339.9099999999364,1569.2018340265377,722.7598488437018,0.0006433847801535951,6.72575539231567e-06,2.910494017891501e-14
1339.9199999999364,1569.2018340265377,722.7627584570952,0.0006442399299454489,6.672944683249729e-06,2.868774944635433e-14
1339.9299999999364,1569.2018340265377,722.7656680504855,0.0006450900143150166,6.620531736850419e-06,2.8276122454624195e-14
1339.9399999999364,1569.2018340265377,722.7685776238727,0.0006459350063278019,6.5685136958803435e-06,2.7869991239952202e-14
1339.9499999999364,1569.2018340265377,722.7714871772571,0.0006467748791873563,6.516887722522002e-06,2.746928858211347e-14
1339.9599999999364,1569.2018340265377,722.7743967106386,0.0006476096062085361,6.4656509982623965e-06,2.7073947996272734e-14
1339.9699999999364,1569.2018340265377,722.7773062240176,0.0006484391608160663,6.414800723759939e-06,2.6683903725878027e-14
1339.9799999999364,1569.2018340265377,722.7802157173944,0.0006492635165717074,6.3643341187285e-06,2.6299090736914407e-14
1339.9899999999363,1569.2018340265377,722.7831251907692,0.0006500826471498768,6.314248421819845e-06,2.5919444710033428e-14
1339.9999999999363,1569.2018340265377,722.7860346441421,0.0006508965263537776,6.264540890496913e-06,2.5544902034341487e-14
1340.0099999999363,1569.2018340265377,722.7889440775132,0.000651705128100499,6.215208800919643e-06,2.517539980008284e-14
1340.0199999999363,1569.2018340265377,722.791853490883,0.0006525084264375763,6.166249447812113e-06,2.4810875792472134e-14
1340.0299999999363,1569.2018340265377,722.7947628842514,0.0006533063955416914,6.117660144365167e-06,2.4451268485135804e-14
1340.0399999999363,1569.2018340265377,722.797672257619,0.0006540990097123111,6.069438222097317e-06,2.4096517033083995e-14
1340.0499999999363,1569.2018340265377,722.8005816109855,0.0006548862433734314,6.021581030754674e-06,2.374656126636301e-14
1340.0599999999363,1569.2018340265377,722.8034909443516,0.0006556680710844908,5.974085938181256e-06,2.3401341683839984e-14
1340.0699999999363,1569.2018340265377,722.8064002577172,0.0006564444675265828,5.9269503302105345e-06,2.3060799446300988e-14
1340.0799999999363,1569.2018340265377,722.8093095510824,0.0006572154075216998,5.880171610553941e-06,2.2724876370760355e-14
1340.0899999999363,1569.2018340265377,722.8122188244478,0.0006579808660097463,5.833747200668036e-06,2.2393514923152204e-14
1340.0999999999362,1569.2018340265377,722.8151280778134,0.0006587408180755382,5.787674539664618e-06,2.206665821315249e-14
1340.1099999999362,1569.2018340265377,722.8180373111794,0.0006594952389261876,5.741951084182739e-06,2.1744249987029715e-14
1340.1199999999362,1569.2018340265377,722.8209465245459,0.0006602441039135226,5.696574308283568e-06,2.1426234622252762e-14
1340.1299999999362,1569.2018340265377,722.8238557179131,0.0006609873885119428,5.651541703329684e-06,2.1112557120533508e-14
1340.1399999999362,1569.2018340265377,722.8267648912815,0.0006617250683441277,5.606850777879277e-06,2.080316310260197e-14
1340.1499999999362,1569.2018340265377,722.8296740446513,0.0006624571191620232,5.562499057577438e-06,2.0497998801542887e-14
1340.1599999999362,1569.2018340265377,722.8325831780223,0.0006631835168574406,5.51848408504798e-06,2.0197011057140572e-14
1340.1699999999362,1569.2018340265377,722.835492291395,0.0006639042374585432,5.474803419777287e-06,1.9900147309756718e-14
1340.1799999999362,1569.2018340265377,722.8384013847694,0.0006646192571352277,5.431454638009342e-06,1.9607355594608872e-14
1340.1899999999362,1569.2018340265377,722.841310458146,0.0006653285521972582,5.38843533263613e-06,1.931858453583423e-14
1340.1999999999362,1569.2018340265377,722.8442195115249,0.0006660320990986049,5.3457431130954084e-06,1.9033783340833888e-14
1340.2099999999361,1569.2018340265377,722.8471285449061,0.0006667298744265509,5.303375605260775e-06,1.8752901794165478e-14
1340.2199999999361,1569.2018340265377,722.8500375582902,0.0006674218549188452,5.2613304513306685e-06,1.847589025227927e-14
1340.2299999999361,1569.2018340265377,722.8529465516771,0.0006681080174545555,5.219605309734636e-06,1.820269963765775e-14
1340.2399999999361,1569.2018340265377,722.8558555250669,0.0006687883390592187,5.1781978550203756e-06,1.793328143327014e-14
1340.249999999936,1569.2018340265377,722.8587644784601,0.0006694627968981304,5.13710577774638e-06,1.7667587676784913e-14
1340.259999999936,1569.2018340265377,722.8616734118569,0.0006701313682929799,5.096326784386664e-06,1.7405570955532287e-14
1340.269999999936,1569.2018340265377,722.8645823252574,0.0006707940307006363,5.055858597227764e-06,1.7147184400445805e-14
1340.279999999936,1569.2018340265377,722.8674912186616,0.0006714507617376806,5.015698954261752e-06,1.6892381681223023e-14
1340.289999999936,1569.2018340265377,722.87040009207,0.0006721015391580043,4.9758456090814215e-06,1.6641117000322685e-14
1340.299999999936,1569.2018340265377,722.8733089454828,0.0006727463408695974,4.936296330787326e-06,1.6393345088092334e-14
1340.309999999936,1569.2018340265377,722.8762177789002,0.0006733851449400172,4.8970489038840524e-06,1.6149021197553097e-14
1340.319999999936,1569.2018340265377,722.8791265923222,0.0006740179295757531,4.858101128184994e-06,1.5908101098654468e-14
1340.329999999936,1569.2018340265377,722.8820353857491,0.00067464467313797,4.819450818702479e-06,1.5670541073366088e-14
1340.339999999936,1569.2018340265377,722.8849441591811,0.0006752653541420086,4.781095805555237e-06,1.54362979105182e-14
1340.349999999936,1569.2018340265377,722.8878529126187,0.0006758799512565371,4.743033933872014e-06,1.5205328900650095e-14
1340.359999999936,1569.2018340265377,722.8907616460617,0.0006764884433114702,4.705263063693874e-06,1.4977591831086258e-14
1340.369999999936,1569.2018340265377,722.8936703595105,0.0006770908092767476,4.667781069876008e-06,1.4753044980398158e-14
1340.379999999936,1569.2018340265377,722.8965790529652,0.0006776870282925439,4.6305858419884374e-06,1.4531647114046955e-14
1340.389999999936,1569.2018340265377,722.8994877264261,0.0006782770796488299,4.59367528422623e-06,1.4313357478994284e-14
1340.399999999936,1569.2018340265377,722.9023963798934,0.000678860942795109,4.557047315308594e-06,1.4098135798951087e-14
1340.409999999936,1569.2018340265377,722.9053050133672,0.0006794385973380737,4.520699868391444e-06,1.3885942269483381e-14
1340.419999999936,1569.2018340265377,722.908213626848,0.0006800100230439304,4.484630890962021e-06,1.3676737553144296e-14
1340.429999999936,1569.2018340265377,722.9111222203358,0.0006805751998395239,4.4488383447611945e-06,1.347048277478729e-14
1340.439999999936,1569.2018340265377,722.9140307938304,0.0006811341078077956,4.4133202056804725e-06,1.3267139516649263e-14
1340.449999999936,1569.2018340265377,722.9169393473327,0.0006816867272055232,4.378074463662927e-06,1.306666981393363e-14
1340.459999999936,1569.2018340265377,722.9198478808427,0.0006822330384306716,4.343099122626875e-06,1.2869036149584781e-14
1340.469999999936,1569.2018340265377,722.9227563943606,0.0006827730220623871,4.308392200366175e-06,1.267420145036706e-14
1340.479999999936,1569.2018340265377,722.9256648878863,0.0006833066588368547,4.2739517284650875e-06,1.2482129081824496e-14
1340.489999999936,1569.2018340265377,722.9285733614201,0.0006838339296532792,4.239775752200057e-06,1.2292782843785742e-14
1340.4999999999359,1569.2018340265377,722.9314818149627,0.0006843548155748195,4.205862330449011e-06,1.2106126965851368e-14
1340.5099999999359,1569.2018340265377,722.9343902485139,0.0006848692978342687,4.172209535616964e-06,1.1922126103092602e-14
1340.5199999999359,1569.2018340265377,722.9372986620738,0.0006853773578256221,4.138815453535502e-06,1.1740745331383432e-14
1340.5299999999359,1569.2018340265377,722.9402070556428,0.0006858789771160878,4.1056781833749955e-06,1.156195014320276e-14
1340.5399999999358,1569.2018340265377,722.9431154292209,0.0006863741374340445,4.072795837562412e-06,1.1385706443085144e-14
1340.5499999999358,1569.2018340265377,722.9460237828088,0.0006868628206774713,4.0401665416879885e-06,1.1211980543398175e-14
1340.5599999999358,1569.2018340265377,722.9489321164062,0.0006873450089200563,4.007788434427948e-06,1.1040739160194706e-14
1340.5699999999358,1569.2018340265377,722.9518404300135,0.0006878206843961556,3.9756596674521574e-06,1.0871949408672372e-14
1340.5799999999358,1569.2018340265377,722.954748723631,0.0006882898295157333,3.943778405335241e-06,1.0705578799178293e-14
1340.5899999999358,1569.2018340265377,722.9576569972586,0.0006887524268574444,3.91214282548671e-06,1.0541595232994824e-14
1340.5999999999358,1569.2018340265377,722.9605652508968,0.0006892084591735902,3.8807511180456645e-06,1.0379966998156289e-14
1340.6099999999358,1569.2018340265377,722.9634734845457,0.0006896579093870634,3.849601485815589e-06,1.0220662765392289e-14
1340.6199999999358,1569.2018340265377,722.9663816982056,0.0006901007605901757,3.818692144170024e-06,1.0063651583979362e-14
1340.6299999999358,1569.2018340265377,722.9692898918767,0.0006905369960570505,3.7880213209759906e-06,9.908902877918542e-15
1340.6399999999358,1569.2018340265377,722.9721980655588,0.0006909665992311653,3.7575872565104968e-06,9.756386441741295e-15
1340.6499999999357,1569.2018340265377,722.9751062192526,0.0006913895537297787,3.7273882033728946e-06,9.606072436580065e-15
1340.6599999999357,1569.2018340265377,722.9780143529582,0.0006918058433462034,3.6974224264096275e-06,9.457931386301478e-15
1340.6699999999357,1569.2018340265377,722.9809224666758,0.0006922154520506733,3.667688202635895e-06,9.311934173633786e-15
1340.6799999999357,1569.2018340265377,722.9838305604055,0.0006926183639922203,3.638183821149454e-06,9.168052036299555e-15
1340.6899999999357,1569.2018340265377,722.9867386341475,0.0006930145634904817,3.608907583054471e-06,9.026256563099293e-15
1340.6999999999357,1569.2018340265377,722.989646687902,0.0006934040350491423,3.5798578013798705e-06,8.886519690287244e-15
1340.7099999999357,1569.2018340265377,722.9925547216694,0.000693786763346589,3.5510328009996327e-06,8.748813697685491e-15
1340.7199999999357,1569.2018340265377,722.9954627354498,0.0006941627332426636,3.5224309185611386e-06,8.613111205081182e-15
1340.7299999999357,1569.2018340265377,722.9983707292432,0.0006945319297745726,3.4940505024018133e-06,8.479385168456902e-15
1340.7399999999357,1569.2018340265377,723.0012787030503,0.0006948943381587288,3.465889912468463e-06,8.347608876343188e-15
1340.7499999999357,1569.2018340265377,723.0041866568706,0.0006952499437966724,3.437947520253696e-06,8.217755946331005e-15
1340.7599999999356,1569.2018340265377,723.0070945907049,0.0006955987322675755,3.4102217087008418e-06,8.089800321300409e-15
1340.7699999999356,1569.2018340265377,723.0100025045532,0.0006959406893304655,3.382710872144517e-06,7.963716265972078e-15
1340.7799999999356,1569.2018340265377,723.0129103984158,0.000696275800929545,3.3554134162253566e-06,7.839478363397743e-15
1340.7899999999356,1569.2018340265377,723.0158182722928,0.0006966040531926748,3.3283277578204414e-06,7.717061511474662e-15
1340.7999999999356,1569.2018340265377,723.0187261261842,0.0006969254324287171,3.3014523249676254e-06,7.596440919450688e-15
1340.8099999999356,1569.2018340265377,723.0216339600906,0.0006972399251297909,3.274785556785283e-06,7.477592104494538e-15
1340.8199999999356,1569.2018340265377,723.0245417740122,0.0006975475179744542,3.248325903408136e-06,7.360490888377627e-15
1340.8299999999356,1569.2018340265377,723.0274495679489,0.0006978481978239847,3.2220718259098733e-06,7.245113394049564e-15
1340.8399999999356,1569.2018340265377,723.030357341901,0.0006981419517272281,3.196021796230432e-06,7.131436042356342e-15
1340.8499999999356,1569.2018340265377,723.0332650958686,0.0006984287669171772,3.1701742971028044e-06,7.019435548697949e-15
1340.8599999999356,1569.2018340265377,723.0361728298523,0.0006987086308125627,3.1445278219802184e-06,6.909088919770061e-15
1340.8699999999355,1569.2018340265377,723.0390805438522,0.0006989815310195979,3.11908087496893e-06,6.800373450359441e-15
1340.8799999999355,1569.2018340265377,723.041988237868,0.0006992474553317483,3.093831970759039e-06,6.693266720138215e-15
1340.8899999999355,1569.2018340265377,723.0448959119005,0.0006995063917306763,3.0687796345432854e-06,6.5877465904462125e-15
1340.8999999999355,1569.2018340265377,723.0478035659496,0.0006997583283841598,3.0439224019587943e-06,6.483791201172798e-15
1340.9099999999355,1569.2018340265377,723.0507112000157,0.0007000032536508301,3.0192588190087065e-06,6.381378967643671e-15
1340.9199999999355,1569.2018340265377,723.0536188140989,0.0007002411560767536,2.9947874420007218e-06,6.2804885775309954e-15
1340.9299999999355,1569.2018340265377,723.0565264081993,0.0007004720243976017,2.970506837472574e-06,6.181098987787879e-15
1340.9399999999355,1569.2018340265377,723.0594339823173,0.0007006958475401675,2.946415582124742e-06,6.08318942163397e-15
1340.9499999999355,1569.2018340265377,723.0623415364529,0.0007009126146197508,2.922512262756237e-06,5.986739365544389e-15
1340.9599999999355,1569.2018340265377,723.0652490706065,0.0007011223149432944,2.8987954761915614e-06,5.8917285662798845e-15
1340.9699999999355,1569.2018340265377,723.0681565847781,0.0007013249380094806,2.875263829218341e-06,5.7981370279604685e-15
1340.9799999999354,1569.2018340265377,723.0710640789682,0.0007015204735051364,2.8519159385159995e-06,5.7059450090991355e-15
1340.9899999999354,1569.2018340265377,723.0739715531769,0.0007017089113129868,2.828750430596068e-06,5.615133019803058e-15
1340.9999999999354,1569.2018340265377,723.076879007404,0.0007018902415073101,2.8057659417325644e-06,5.5256818188595674e-15
1341.0099999999354,1569.2018340265377,723.0797864416503,0.0007020644543530195,2.7829611178921973e-06,5.4375724108784795e-15
1341.0199999999354,1569.2018340265377,723.0826938559159,0.0007022315403086791,2.7603346146765935e-06,5.350786043538644e-15
1341.0299999999354,1569.2018340265377,723.0856012502007,0.0007023914900273927,2.7378850972567316e-06,5.2653042048108665e-15
1341.0399999999354,1569.2018340265377,723.088508624505,0.0007025442943561107,2.7156112403060855e-06,5.181108620189563e-15
1341.0499999999354,1569.2018340265377,723.091415978829,0.0007026899443339893,2.693511727936896e-06,5.098181249955957e-15
1341.0599999999354,1569.2018340265377,723.0943233131733,0.0007028284311957157,2.671585253634228e-06,5.016504286494942e-15
1341.0699999999354,1569.2018340265377,723.0972306275377,0.0007029597463710697,2.6498305202032983e-06,4.936060151658227e-15
1341.0799999999354,1569.2018340265377,723.1001379219223,0.0007030838814851394,2.6282462396973883e-06,4.856831494083742e-15
1341.0899999999353,1569.2018340265377,723.1030451963276,0.0007032008283572505,2.6068311333557e-06,4.778801186569128e-15
1341.0999999999353,1569.2018340265377,723.1059524507538,0.0007033105790027748,2.585583931545825e-06,4.7019523235065784e-15
1341.1099999999353,1569.2018340265377,723.1088596852009,0.000703413125634203,2.5645033737022378e-06,4.626268218320988e-15
1341.1199999999353,1569.2018340265377,723.1117668996692,0.0007035084606597954,2.543588208261066e-06,4.551732400902706e-15
1341.1299999999353,1569.2018340265377,723.1146740941589,0.000703596576684073,2.5228371926036647e-06,4.478328615108934e-15
1341.1399999999353,1569.2018340265377,723.1175812686704,0.0007036774665084517,2.5022490929921955e-06,4.406040816260708e-15
1341.1499999999353,1569.2018340265377,723.1204884232037,0.0007037511231328835,2.4818226845154155e-06,4.3348531687058e-15
1341.1599999999353,1569.2018340265377,723.1233955577588,0.0007038175397533159,2.4615567510258614e-06,4.264750043348006e-15
1341.1699999999353,1569.2018340265377,723.1263026723362,0.0007038767097640836,2.4414500850775903e-06,4.195716015233228e-15
1341.1799999999353,1569.2018340265377,723.1292097669364,0.0007039286267576447,2.421501487870612e-06,4.127735861165048e-15
1341.1899999999353,1569.2018340265377,723.1321168415591,0.0007039732845243864,2.401709769196319e-06,4.060794557346701e-15
1341.1999999999352,1569.2018340265377,723.1350238962045,0.0007040106770540519,2.382073747374027e-06,3.994877277024733e-15
1341.2099999999352,1569.2018340265377,723.1379309308729,0.0007040407985342885,2.3625922491939775e-06,3.929969388160816e-15
1341.2199999999352,1569.2018340265377,723.1408379455648,0.0007040636433521102,2.3432641098586985e-06,3.866056451137324e-15
1341.2299999999352,1569.2018340265377,723.1437449402802,0.0007040792060937835,2.3240881729327626e-06,3.803124216503563e-15
1341.2399999999352,1569.2018340265377,723.1466519150192,0.0007040874815451863,2.3050632902786563e-06,3.741158622700541e-15
1341.2499999999352,1569.2018340265377,723.149558869782,0.0007040884646917771,2.2861883220058183e-06,3.680145793849052e-15
1341.2599999999352,1569.2018340265377,723.1524658045689,0.0007040821507184699,2.267462136410234e-06,3.6200720375280784e-15
1341.2699999999352,1569.2018340265377,723.1553727193804,0.0007040685350110088,2.248883609920546e-06,3.560923842603784e-15
1341.2799999999352,1569.2018340265377,723.1582796142161,0.0007040476131551072,2.2304516270478273e-06,3.5026878770793633e-15
1341.2899999999352,1569.2018340265377,723.1611864890766,0.0007040193809368103,2.212165080322137e-06,3.4453509859306193e-15
1341.2999999999352,1569.2018340265377,723.1640933439622,0.000703983834343231,2.194022870243071e-06,3.3889001890088273e-15
1341.3099999999351,1569.2018340265377,723.1670001788727,0.0007039409695615465,2.1760239052284674e-06,3.333322678949473e-15
1341.3199999999351,1569.2018340265377,723.1699069938086,0.0007038907829803784,2.15816710155279e-06,3.2786058190815472e-15
1341.3299999999351,1569.2018340265377,723.1728137887701,0.0007038332711894119,2.1404513832987024e-06,3.224737141389617e-15
1341.3399999999351,1569.2018340265377,723.1757205637573,0.00070376843098029,2.1228756823052746e-06,3.1717043444914315e-15
1341.349999999935,1569.2018340265377,723.1786273187706,0.0007036962593446046,2.1054389381103872e-06,3.119495291605094e-15
1341.359999999935,1569.2018340265377,723.1815340538097,0.0007036167534771473,2.0881400979058162e-06,3.068098008598135e-15
1341.369999999935,1569.2018340265377,723.1844407688753,0.0007035299107730944,2.070978116474231e-06,3.017500681975241e-15
1341.379999999935,1569.2018340265377,723.1873474639677,0.0007034357288303085,2.0539519561456206e-06,2.9676916569662855e-15
1341.389999999935,1569.2018340265377,723.1902541390868,0.000703334205448575,2.0370605867464524e-06,2.918659435598208e-15
1341.399999999935,1569.2018340265377,723.1931607942329,0.0007032253386285995,2.0203029855438533e-06,2.8703926747714694e-15
1341.409999999935,1569.2018340265377,723.1960674294058,0.0007031091265740275,2.0036781371981292e-06,2.822880184392463e-15
1341.419999999935,1569.2018340265377,723.1989740446065,0.0007029855676920399,1.9871850337064916e-06,2.7761109254935547e-15
1341.429999999935,1569.2018340265377,723.2018806398348,0.0007028546605892798,1.9708226743626247e-06,2.730074008398431e-15
1341.439999999935,1569.2018340265377,723.2047872150907,0.0007027164040770873,1.954590065700976e-06,2.684758690900023e-15
1341.449999999935,1569.2018340265377,723.2076937703748,0.0007025707971681628,1.9384862214447546e-06,2.6401543764337804e-15
1341.459999999935,1569.2018340265377,723.2106003056871,0.0007024178390797202,1.9225101624631187e-06,2.5962506123198185e-15
1341.469999999935,1569.2018340265377,723.2135068210276,0.0007022575292279079,1.9066609167184038e-06,2.5530370879629342e-15
1341.479999999935,1569.2018340265377,723.2164133163969,0.000702089867233908,1.8909375192164102e-06,2.5105036331232228e-15
1341.489999999935,1569.2018340265377,723.219319791795,0.0007019148529226302,1.8753390119624755e-06,2.468640216191828e-15
1341.499999999935,1569.2018340265377,723.2222262472222,0.0007017324863185422,1.8598644439085591e-06,2.4274369424510973e-15
1341.509999999935,1569.2018340265377,723.2251326826787,0.0007015427676526242,1.8445128709105354e-06,2.3868840524187843e-15
1341.519999999935,1569.2018340265377,723.2280390981645,0.0007013456973552128,1.829283355677746e-06,2.346971920139705e-15
1341.529999999935,1569.2018340265377,723.2309454936799,0.0007011412760610909,1.8141749677254681e-06,2.307691051545318e-15
1341.539999999935,1569.2018340265377,723.2338518692254,0.0007009295046086711,1.799186783328746e-06,2.269032082813248e-15
1341.549999999935,1569.2018340265377,723.236758224801,0.0007007103840379836,1.784317885479496e-06,2.2309857787484828e-15
1341.559999999935,1569.2018340265377,723.2396645604066,0.0007004839155908354,1.7695673638362335e-06,2.1935430311702053e-15
1341.569999999935,1569.2018340265377,723.2425708760426,0.0007002501007134288,1.7549343146788383e-06,2.156694857335868e-15
1341.579999999935,1569.2018340265377,723.2454771717096,0.0007000089410563178,1.7404178408613578e-06,2.120432398368166e-15
1341.589999999935,1569.2018340265377,723.2483834474075,0.0006997604384684923,1.7260170517729984e-06,2.0847469177010506e-15
1341.5999999999349,1569.2018340265377,723.2512897031363,0.0006995045950054092,1.7117310632885786e-06,2.0496297995587003e-15
1341.6099999999349,1569.2018340265377,723.2541959388965,0.000699241412922815,1.6975589977221975e-06,2.0150725474155948e-15
1341.6199999999349,1569.2018340265377,723.2571021546881,0.0006989708946806074,1.6834999837868124e-06,1.981066782517024e-15
1341.6299999999349,1569.2018340265377,723.2600083505116,0.0006986930429413634,1.6695531565473154e-06,1.9476042423838903e-15
1341.6399999999348,1569.2018340265377,723.2629145263669,0.0006984078605679163,1.655717657379506e-06,1.9146767793450983e-15
1341.6499999999348,1569.2018340265377,723.2658206822543,0.0006981153506273571,1.6419926339232616e-06,1.882276359089919e-15
1341.6599999999348,1569.2018340265377,723.2687268181743,0.0006978155163927904,1.6283772400409417e-06,1.8503950592411035e-15
1341.6699999999348,1569.2018340265377,723.2716329341265,0.000697508361331214,1.6148706357770694e-06,1.819025067909412e-15
1341.6799999999348,1569.2018340265377,723.2745390301116,0.0006971938891170718,1.601471987309253e-06,1.788158682312499e-15
1341.6899999999348,1569.2018340265377,723.2774451061296,0.0006968721036277742,1.5881804669116232e-06,1.7577883073883366e-15
1341.6999999999348,1569.2018340265377,723.2803511621809,0.0006965430089396381,1.5749952529095125e-06,1.7279064544058753e-15
1341.7099999999348,1569.2018340265377,723.2832571982655,0.0006962066093335851,1.5619155296401978e-06,1.6985057396289124e-15
1341.7199999999348,1569.2018340265377,723.2861632143835,0.0006958629092906972,1.5489404874091967e-06,1.6695788829589837e-15
1341.7299999999348,1569.2018340265377,723.2890692105353,0.0006955119134942414,1.5360693224479734e-06,1.6411187066124123e-15
1341.7399999999348,1569.2018340265377,723.2919751867213,0.0006951536268287899,1.5233012368754044e-06,1.6131181338125997e-15
1341.7499999999347,1569.2018340265377,723.2948811429414,0.0006947880543808698,1.5106354386564647e-06,1.5855701874941693e-15
1341.7599999999347,1569.2018340265377,723.2977870791958,0.0006944152014352068,1.4980711415616956e-06,1.5584679890129005e-15
1341.7699999999347,1569.2018340265377,723.3006929954847,0.0006940350734831931,1.4856075651249266e-06,1.5318047568938916e-15
1341.7799999999347,1569.2018340265377,723.3035988918086,0.0006936476762137643,1.4732439346043392e-06,1.5055738055605952e-15
1341.7899999999347,1569.2018340265377,723.3065047681677,0.0006932530155160899,1.4609794809446194e-06,1.4797685441069168e-15
1341.7999999999347,1569.2018340265377,723.3094106245617,0.0006928510974800327,1.4488134407369763e-06,1.4543824750731642e-15
1341.8099999999347,1569.2018340265377,723.3123164609912,0.0006924419283980696,1.4367450561765243e-06,1.4294091932332135e-15
1341.8199999999347,1569.2018340265377,723.3152222774563,0.0006920255147609989,1.4247735750267267e-06,1.4048423843963204e-15
1341.8299999999347,1569.2018340265377,723.3181280739573,0.0006916018632603545,1.4128982505801264e-06,1.3806758242288251e-15
1341.8399999999347,1569.2018340265377,723.3210338504942,0.0006911709807851152,1.4011183416189689e-06,1.356903377077123e-15
1341.8499999999347,1569.2018340265377,723.3239396070674,0.0006907328744290324,1.3894331123779006e-06,1.3335189948288558e-15
1341.8599999999346,1569.2018340265377,723.3268453436772,0.0006902875514827745,1.3778418325037257e-06,1.3105167157510148e-15
1341.8699999999346,1569.2018340265377,723.3297510603236,0.0006898350194304252,1.366343777022237e-06,1.2878906633640194e-15
1341.8799999999346,1569.2018340265377,723.3326567570066,0.0006893752859655045,1.3549382262975122e-06,1.2656350453503407e-15
1341.8899999999346,1569.2018340265377,723.3355624337269,0.0006889083589715412,1.3436244659925037e-06,1.2437441524113743e-15
1341.8999999999346,1569.2018340265377,723.3384680904845,0.0006884342465378559,1.3324017870369736e-06,1.2222123572164735e-15
1341.9099999999346,1569.2018340265377,723.3413737272796,0.0006879529569463686,1.3212694855889049e-06,1.2010341132984376e-15
1341.9199999999346,1569.2018340265377,723.3442793441122,0.0006874644986757639,1.310226862996705e-06,1.1802039539949017e-15
1341.9299999999346,1569.2018340265377,723.3471849409826,0.0006869688804088943,1.2992732257642486e-06,1.1597164914116588e-15
1341.9399999999346,1569.2018340265377,723.3500905178914,0.0006864661110231516,1.288407885512285e-06,1.1395664153617901e-15
1341.9499999999346,1569.2018340265377,723.3529960748385,0.0006859561995920273,1.2776301589477712e-06,1.119748492350629e-15
1341.9599999999346,1569.2018340265377,723.3559016118239,0.0006854391553833201,1.266939367824864e-06,1.100257564551763e-15
1341.9699999999345,1569.2018340265377,723.3588071288482,0.0006849149878679362,1.256334838907961e-06,1.0810885488154436e-15
1341.9799999999345,1569.2018340265377,723.3617126259112,0.0006843837067113589,1.2458159039411777e-06,1.0622364356712671e-15
1341.9899999999345,1569.2018340265377,723.3646181030135,0.0006838453217711128,1.2353818996085425e-06,1.0436962883365831e-15
1341.9999999999345,1569.2018340265377,723.3675235601551,0.000683299843101159,1.225032167504263e-06,1.0254632417642209e-15
1342.0099999999345,1569.2018340265377,723.3704289973361,0.000682747280954129,1.21476605409424e-06,1.0075325016824707e-15
1342.0199999999345,1569.2018340265377,723.3733344145571,0.0006821876457801229,1.2045829106835303e-06,9.89899343650908e-16
1342.0299999999345,1569.2018340265377,723.3762398118178,0.0006816209482143317,1.1944820933843614e-06,9.725591121120894e-16
1342.0399999999345,1569.2018340265377,723.3791451891187,0.0006810471990920513,1.1844629630772397e-06,9.555072194829227e-16
1342.0499999999345,1569.2018340265377,723.38205054646,0.000680466409449898,1.1745248853829985e-06,9.387391452534499e-16
1342.0599999999345,1569.2018340265377,723.3849558838419,0.0006798785905028085,1.1646672306263135e-06,9.222504350491934e-16
1342.0699999999345,1569.2018340265377,723.3878612012646,0.0006792837536727977,1.1548893738034663e-06,9.060366997831144e-16
1342.0799999999344,1569.2018340265377,723.3907664987281,0.0006786819105648517,1.145190694550204e-06,8.900936147447202e-16
1342.0899999999344,1569.2018340265377,723.3936717762328,0.0006780730729858005,1.1355705771068516e-06,8.744169187537991e-16
1342.0999999999344,1569.2018340265377,723.3965770337792,0.0006774572529278347,1.126028410287794e-06,8.590024132838228e-16
1342.1099999999344,1569.2018340265377,723.399482271367,0.00067683446257655,1.1165635874503898e-06,8.438459616270857e-16
1342.1199999999344,1569.2018340265377,723.4023874889965,0.0006762047143100087,1.1071755064603036e-06,8.289434880522657e-16
1342.1299999999344,1569.2018340265377,723.4052926866678,0.0006755680206999885,1.0978635696612746e-06,8.142909769813785e-16
1342.1399999999344,1569.2018340265377,723.4081978643818,0.0006749243945045315,1.0886271838409795e-06,7.998844721601307e-16
1342.1499999999344,1569.2018340265377,723.411103022138,0.0006742738486746697,1.0794657602054695e-06,7.857200758680188e-16
1342.1599999999344,1569.2018340265377,723.4140081599368,0.0006736163963460208,1.0703787143425764e-06,7.717939481034216e-16
1342.1699999999344,1569.2018340265377,723.4169132777785,0.0006729520508533751,1.0613654661920651e-06,7.581023058150887e-16
1342.1799999999344,1569.2018340265377,723.4198183756632,0.0006722808257123048,1.052425440016681e-06,7.446414221059286e-16
1342.1899999999343,1569.2018340265377,723.422723453591,0.0006716027346363723,1.0435580643711986e-06,7.314076254839508e-16
1342.1999999999343,1569.2018340265377,723.4256285115623,0.000670917791511569,1.034762772068986e-06,7.183972990712035e-16
1342.2099999999343,1569.2018340265377,723.4285335495773,0.0006702260104246576,1.0260390001563985e-06,7.056068798923201e-16
1342.2199999999343,1569.2018340265377,723.4314385676362,0.0006695274056485935,1.017386189880022e-06,6.930328581144034e-16
1342.2299999999343,1569.2018340265377,723.4343435657393,0.0006688219916383968,1.0088037866573403e-06,6.806717763128186e-16
1342.2399999999343,1569.2018340265377,723.4372485438862,0.0006681097830399847,1.0002912400495046e-06,6.685202287619138e-16
1342.2499999999343,1569.2018340265377,723.4401535020778,0.0006673907946786908,9.91848003726643e-07,6.565748607034524e-16
1342.2599999999343,1569.2018340265377,723.4430584403142,0.0006666650415766402,9.834735354440896e-07,6.448323676674174e-16
1342.2699999999343,1569.2018340265377,723.4459633585955,0.0006659325389265367,9.751672970113882e-07,6.332894947483309e-16
1342.2799999999343,1569.2018340265377,723.4488682569217,0.0006651933021207512,9.669287542635398e-07,6.219430359472775e-16
1342.2899999999343,1569.2018340265377,723.4517731352931,0.0006644473467169302,9.58757377032432e-07,6.107898334612992e-16
1342.2999999999342,1569.2018340265377,723.4546779937103,0.0006636946884798619,9.506526391168721e-07,5.998267770514189e-16
1342.3099999999342,1569.2018340265377,723.4575828321732,0.0006629353433361953,9.426140182582402e-07,5.89050803344597e-16
1342.3199999999342,1569.2018340265377,723.4604876506819,0.0006621693274063675,9.346409961095761e-07,5.78458895206922e-16
1342.3299999999342,1569.2018340265377,723.4633924492366,0.0006613966569893414,9.267330582081272e-07,5.680480810857806e-16
1342.3399999999342,1569.2018340265377,723.4662972278377,0.0006606173485704005,9.188896939476985e-07,5.578154343804603e-16
1342.3499999999342,1569.2018340265377,723.4692019864855,0.0006598314188010991,9.111103965515562e-07,5.477580727974064e-16
1342.3599999999342,1569.2018340265377,723.4721067251797,0.0006590388845339596,9.033946630466494e-07,5.378731577611019e-16
1342.3699999999342,1569.2018340265377,723.4750114439211,0.0006582397627874291,8.957419942328988e-07,5.281578937677649e-16
1342.3799999999342,1569.2018340265377,723.4779161427097,0.0006574340707605113,8.881518946593421e-07,5.186095277969331e-16
1342.3899999999342,1569.2018340265377,723.4808208215454,0.0006566218258397616,8.806238725973785e-07,5.092253487197951e-16
1342.3999999999342,1569.2018340265377,723.4837254804287,0.0006558030455747675,8.731574400121622e-07,5.000026866881941e-16
1342.4099999999341,1569.2018340265377,723.4866301193598,0.0006549777477110152,8.657521125374415e-07,4.909389125799015e-16
1342.4199999999341,1569.2018340265377,723.489534738339,0.0006541459501559975,8.584074094496614e-07,4.820314373984433e-16
1342.4299999999341,1569.2018340265377,723.4924393373664,0.0006533076710003771,8.511228536419473e-07,4.732777117223758e-16
1342.4399999999341,1569.2018340265377,723.4953439164418,0.0006524629285071885,8.438979715985331e-07,4.646752251377294e-16
1342.449999999934,1569.2018340265377,723.498248475566,0.0006516117411206726,8.367322933665797e-07,4.562215056891053e-16
1342.459999999934,1569.2018340265377,723.5011530147391,0.0006507541274543644,8.296253525340795e-07,4.479141193294766e-16
1342.469999999934,1569.2018340265377,723.5040575339613,0.0006498901063031496,8.225766862028402e-07,4.3975066938838877e-16
1342.479999999934,1569.2018340265377,723.5069620332324,0.0006490196966210752,8.155858349644444e-07,4.3172879602653196e-16
1342.489999999934,1569.2018340265377,723.5098665125529,0.000648142917548736,8.086523428733352e-07,4.2384617572783386e-16
1342.499999999934,1569.2018340265377,723.5127709719231,0.0006472597883985386,8.017757574228773e-07,4.1610052077240374e-16
1342.509999999934,1569.2018340265377,723.5156754113433,0.000646370328643154,7.949556295217673e-07,4.084895787193133e-16
1342.519999999934,1569.2018340265377,723.5185798308133,0.0006454745579385288,7.881915134690193e-07,4.010111319165088e-16
1342.529999999934,1569.2018340265377,723.5214842303336,0.00064457249610182,7.814829669285887e-07,3.9366299698774555e-16
1342.539999999934,1569.2018340265377,723.5243886099042,0.0006436641631302659,7.748295509065505e-07,3.8644302435440853e-16
1342.549999999934,1569.2018340265377,723.5272929695257,0.0006427495791787727,7.68230829725817e-07,3.793490977355018e-16
1342.559999999934,1569.2018340265377,723.5301973091978,0.0006418287645759873,7.61686371004395e-07,3.7237913368103014e-16
1342.569999999934,1569.2018340265377,723.533101628921,0.0006409017398219566,7.551957456291279e-07,3.655310810954877e-16
1342.579999999934,1569.2018340265377,723.5360059286957,0.0006399685255817653,7.487585277340156e-07,3.5880292076979305e-16
1342.589999999934,1569.2018340265377,723.5389102085217,0.000639029142681804,7.42374294676854e-07,3.5219266491928767e-16
1342.599999999934,1569.2018340265377,723.5418144683991,0.0006380836121177635,7.360426270152821e-07,3.4569835673361185e-16
1342.609999999934,1569.2018340265377,723.5447187083287,0.0006371319550539324,7.297631084830355e-07,3.3931806992753845e-16
1342.619999999934,1569.2018340265377,723.5476229283103,0.0006361741928184704,7.235353259693058e-07,3.3304990829838603e-16
1342.629999999934,1569.2018340265377,723.5505271283442,0.0006352103468904424,7.173588694940522e-07,3.268920052813117e-16
1342.639999999934,1569.2018340265377,723.5534313084305,0.0006342404389333607,7.112333321871305e-07,3.208425235379725e-16
1342.649999999934,1569.2018340265377,723.5563354685694,0.0006332644907548266,7.051583102639538e-07,3.148996545090319e-16
1342.659999999934,1569.2018340265377,723.5592396087615,0.0006322825243397714,6.991334030037565e-07,3.0906161801262227e-16
1342.669999999934,1569.2018340265377,723.5621437290066,0.0006312945618180433,6.931582127293614e-07,3.0332666181626477e-16
1342.679999999934,1569.2018340265377,723.565047829305,0.000630300625488449,6.872323447833233e-07,2.976930612391902e-16
1342.689999999934,1569.2018340265377,723.5679519096567,0.0006293007378106277,6.813554075063653e-07,2.921591187458875e-16
1342.6999999999339,1569.2018340265377,723.5708559700622,0.0006282949214082487,6.7552701221574e-07,2.8672316355037517e-16
1342.7099999999339,1569.2018340265377,723.5737600105218,0.0006272831990437166,6.697467731839588e-07,2.8138355121301776e-16
1342.7199999999339,1569.2018340265377,723.5766640310355,0.0006262655936502543,6.640143076180798e-07,2.761386632693699e-16
1342.7299999999339,1569.2018340265377,723.5795680316035,0.0006252421283203864,6.583292356375938e-07,2.7098690684249637e-16
1342.7399999999338,1569.2018340265377,723.582472012226,0.000624212826301992,6.52691180252913e-07,2.659267142645759e-16
1342.7499999999338,1569.2018340265377,723.5853759729033,0.0006231777109894224,6.470997673459932e-07,2.6095654270328333e-16
1342.7599999999338,1569.2018340265377,723.5882799136355,0.0006221368059353347,6.415546256482171e-07,2.560748737996825e-16
1342.7699999999338,1569.2018340265377,723.5911838344228,0.0006210901348490023,6.360553867199882e-07,2.5128021330636053e-16
1342.7799999999338,1569.2018340265377,723.5940877352657,0.0006200377215898595,6.306016849306356e-07,2.465710907287273e-16
1342.7899999999338,1569.2018340265377,723.5969916161641,0.0006189795901779233,6.251931574380743e-07,2.4194605897766653e-16
1342.7999999999338,1569.2018340265377,723.599895477118,0.0006179157647671967,6.198294441687578e-07,2.3740369401240526e-16
1342.8099999999338,1569.2018340265377,723.6027993181281,0.0006168462696727264,6.145101877957136e-07,2.3294259450782837e-16
1342.8199999999338,1569.2018340265377,723.6057031391944,0.0006157711293655156,6.092350337211263e-07,2.28561381516815e-16
1342.8299999999338,1569.2018340265377,723.6086069403171,0.0006146903684562315,6.040036300552504e-07,2.2425869813032615e-16
1342.8399999999338,1569.2018340265377,723.6115107214964,0.0006136040116972745,5.98815627597359e-07,2.200332091506748e-16
1342.8499999999337,1569.2018340265377,723.6144144827323,0.000612512084009455,5.936706798155677e-07,2.1588360077689612e-16
1342.8599999999337,1569.2018340265377,723.6173182240254,0.0006114146104457974,5.885684428266558e-07,2.1180858027170452e-16
1342.8699999999337,1569.2018340265377,723.6202219453758,0.0006103116162030682,5.835085753791889e-07,2.0780687565266608e-16
1342.8799999999337,1569.2018340265377,723.6231256467835,0.0006092031266336564,5.784907388323638e-07,2.03877235384153e-16
1342.8899999999337,1569.2018340265377,723.6260293282488,0.0006080891672175137,5.735145971376015e-07,2.0001842806191236e-16
1342.8999999999337,1569.2018340265377,723.6289329897719,0.0006069697635967267,5.685798168198623e-07,1.962292421227386e-16
1342.9099999999337,1569.2018340265377,723.6318366313532,0.0006058449415447909,5.636860669581217e-07,1.9250848553569786e-16
1342.9199999999337,1569.2018340265377,723.6347402529925,0.000604714726975477,5.588330191682853e-07,1.8885498551244014e-16
1342.9299999999337,1569.2018340265377,723.6376438546904,0.0006035791459574989,5.540203475827747e-07,1.852675882206558e-16
1342.9399999999337,1569.2018340265377,723.640547436447,0.0006024382246803894,5.492477288335063e-07,1.8174515848858622e-16
1342.9499999999337,1569.2018340265377,723.6434509982624,0.0006012919894882666,5.445148420336323e-07,1.782865795337351e-16
1342.9599999999336,1569.2018340265377,723.6463545401367,0.0006001404668521941,5.398213687588609e-07,1.748907526761732e-16
1342.9699999999336,1569.2018340265377,723.6492580620704,0.0005989836833849007,5.351669930289318e-07,1.7155659706871376e-16
1342.9799999999336,1569.2018340265377,723.6521615640637,0.0005978216658453451,5.305514012912157e-07,1.6828304942886923e-16
1342.9899999999336,1569.2018340265377,723.6550650461166,0.0005966544411135273,5.259742824022259e-07,1.6506906376475452e-16
1342.9999999999336,1569.2018340265377,723.6579685082294,0.0005954820362079834,5.214353276100054e-07,1.6191361111752774e-16
1343.0099999999336,1569.2018340265377,723.6608719504021,0.000594304478286061,5.169342305364376e-07,1.5881567930225637e-16
1343.0199999999336,1569.2018340265377,723.6637753726353,0.0005931217946421073,5.124706871597197e-07,1.5577427265187772e-16
1343.0299999999336,1569.2018340265377,723.6666787749291,0.0005919340126865466,5.080443957979622e-07,1.5278841176045706e-16
1343.0399999999336,1569.2018340265377,723.6695821572833,0.0005907411599758452,5.036550570918736e-07,1.498571332427906e-16
1343.0499999999336,1569.2018340265377,723.6724855196986,0.0005895432641908391,4.993023739863575e-07,1.4697948948310322e-16
1343.0599999999336,1569.2018340265377,723.6753888621749,0.0005883403531509409,4.949860517155024e-07,1.4415454839850624e-16
1343.0699999999335,1569.2018340265377,723.6782921847127,0.0005871324547895172,4.907057977842683e-07,1.4138139319408391e-16
1343.0799999999335,1569.2018340265377,723.6811954873119,0.0005859195971807019,4.864613219533209e-07,1.386591221359067e-16
1343.0899999999335,1569.2018340265377,723.6840987699728,0.0005847018085102066,4.822523362209832e-07,1.3598684831190431e-16
1343.0999999999335,1569.2018340265377,723.6870020326958,0.0005834791171111368,4.780785548074562e-07,1.333636994128307e-16
1343.1099999999335,1569.2018340265377,723.6899052754808,0.0005822515514254385,4.7393969413898447e-07,1.307888174987626e-16
1343.1199999999335,1569.2018340265377,723.6928084983282,0.000581019140023231,4.69835472830674e-07,1.2826135878165787e-16
1343.1299999999335,1569.2018340265377,723.6957117012381,0.0005797819115982544,4.657656116711887e-07,1.257804934063995e-16
1343.1399999999335,1569.2018340265377,723.6986148842109,0.0005785398949704659,4.617298336061251e-07,1.2334540523577303e-16
1343.1499999999335,1569.2018340265377,723.7015180472466,0.0005772931190837594,4.5772786372278654e-07,1.2095529163812527e-16
1343.1599999999335,1569.2018340265377,723.7044211903453,0.0005760416129807439,4.537594292342288e-07,1.1860936327290956e-16
1343.1699999999335,1569.2018340265377,723.7073243135075,0.0005747854058544649,4.498242594628391e-07,1.1630684389502797e-16
1343.1799999999334,1569.2018340265377,723.7102274167333,0.0005735245270019619,4.4592208582557835e-07,1.1404697014230918e-16
1343.1899999999334,1569.2018340265377,723.713130500023,0.0005722590058307006,4.420526418188314e-07,1.118289913369272e-16
1343.1999999999334,1569.2018340265377,723.7160335633766,0.0005709888718725534,4.3821566300230415e-07,1.096521692904497e-16
1343.2099999999334,1569.2018340265377,723.7189366067942,0.0005697141547778108,4.3441088698456677e-07,1.0751577810844794e-16
1343.2199999999334,1569.2018340265377,723.7218396302765,0.0005684348843179182,4.306380534061343e-07,1.0541910399835563e-16
1343.2299999999334,1569.2018340265377,723.7247426338233,0.0005671510903558413,4.2689690392728845e-07,1.0336144507643567e-16
1343.2399999999334,1569.2018340265377,723.7276456174349,0.0005658628028885305,4.2318718221122684e-07,1.013421111885619e-16
1343.2499999999334,1569.2018340265377,723.7305485811115,0.0005645700520106545,4.1950863390927594e-07,9.93604237200112e-17
1343.2599999999334,1569.2018340265377,723.7334515248533,0.0005632728679535114,4.1586100664720005e-07,9.741571542204715e-17
1343.2699999999334,1569.2018340265377,723.7363544486607,0.000561971281017457,4.1224405000945455e-07,9.550733022127711e-17
1343.2799999999334,1569.2018340265377,723.7392573525335,0.0005606653216440293,4.0865751552596754e-07,9.363462305727847e-17
1343.2899999999333,1569.2018340265377,723.7421602364723,0.0005593550203762164,4.0510115665633333e-07,9.179695970186925e-17
1343.2999999999333,1569.2018340265377,723.7450631004771,0.0005580404078646002,4.015747287766392e-07,8.999371659016776e-17
1343.3099999999333,1569.2018340265377,723.7479659445482,0.0005567215148532665,3.980779891645844e-07,8.822428064997956e-17
1343.3199999999333,1569.2018340265377,723.7508687686856,0.0005553983722048595,3.946106969863276e-07,8.6488049140691e-17
1343.3299999999333,1569.2018340265377,723.7537715728897,0.0005540710108867375,3.911726132807309e-07,8.478442948700815e-17
1343.3399999999333,1569.2018340265377,723.7566743571608,0.0005527394619608836,3.8776350094722833e-07,8.311283911743291e-17
1343.3499999999333,1569.2018340265377,723.759577121499,0.0005514037566032214,3.843831247313406e-07,8.147270530849923e-17
1343.3599999999333,1569.2018340265377,723.7624798659043,0.0005500639260782431,3.8103125121097124e-07,7.98634650248418e-17
1343.3699999999333,1569.2018340265377,723.765382590377,0.0005487200017552645,3.777076487826686e-07,7.828456476782595e-17
1343.3799999999333,1569.2018340265377,723.7682852949176,0.0005473720151125284,3.7441208764799183e-07,7.673546042448689e-17
1343.3899999999333,1569.2018340265377,723.7711879795262,0.0005460199977083293,3.711443398007359e-07,7.521561711440585e-17
1343.3999999999332,1569.2018340265377,723.7740906442027,0.0005446639812096879,3.679041790133474e-07,7.37245090466125e-17
1343.4099999999332,1569.2018340265377,723.7769932889476,0.000543303997388034,3.646913808231875e-07,7.226161937375759e-17
1343.4199999999332,1569.2018340265377,723.7798959137608,0.0005419400780946795,3.6150572252002434e-07,7.082644004630656e-17
1343.4299999999332,1569.2018340265377,723.782798518643,0.0005405722552853763,3.58346983132377e-07,6.941847167498537e-17
1343.4399999999332,1569.2018340265377,723.785701103594,0.0005392005609957147,3.5521494341541916e-07,6.803722338934204e-17
1343.4499999999332,1569.2018340265377,723.7886036686141,0.0005378250273735406,3.5210938583738306e-07,6.668221270513354e-17
1343.4599999999332,1569.2018340265377,723.7915062137035,0.0005364456866410263,3.490300945670333e-07,6.535296538512363e-17
1343.4699999999332,1569.2018340265377,723.7944087388624,0.0005350625711248677,3.459768554611077e-07,6.404901531047327e-17
1343.4799999999332,1569.2018340265377,723.7973112440911,0.0005336757132162768,3.4294945605137215e-07,6.276990434527748e-17
1343.4899999999332,1569.2018340265377,723.8002137293898,0.000532285145423031,3.399476855324672e-07,6.151518221444536e-17
1343.4999999999332,1569.2018340265377,723.8031161947588,0.0005308909003373469,3.369713347493907e-07,6.028440637312371e-17
1343.5099999999331,1569.2018340265377,723.806018640198,0.000529493010609392,3.3402019618538877e-07,5.907714187915086e-17
1343.5199999999331,1569.2018340265377,723.8089210657075,0.0005280915090026797,3.310940639493705e-07,5.789296127645553e-17
1343.5299999999331,1569.2018340265377,723.811823471288,0.0005266864283593181,3.2819273376342523e-07,5.673144446994653e-17
1343.5399999999331,1569.2018340265377,723.8147258569396,0.0005252778016052388,3.253160029515541e-07,5.559217860724555e-17
1343.549999999933,1569.2018340265377,723.8176282226624,0.0005238656617241182,3.2246367042756584e-07,5.447475795856011e-17
1343.559999999933,1569.2018340265377,723.8205305684563,0.0005224500418179277,3.1963553668295364e-07,5.337878380742304e-17
1343.569999999933,1569.2018340265377,723.8234328943219,0.0005210309750426923,3.1683140377464537e-07,5.230386432991818e-17
1343.579999999933,1569.2018340265377,723.8263352002593,0.0005196084946445583,3.140510753138324e-07,5.124961448654237e-17
1343.589999999933,1569.2018340265377,723.8292374862689,0.0005181826339457467,3.1129435645443567e-07,5.021565591035921e-17
1343.599999999933,1569.2018340265377,723.8321397523505,0.0005167534263434867,3.0856105388141826e-07,4.9201616798126086e-17
1343.609999999933,1569.2018340265377,723.8350419985045,0.0005153209053045509,3.0585097579888875e-07,4.8207131802573975e-17
1343.619999999933,1569.2018340265377,723.837944224731,0.0005138851043912654,3.031639319192299e-07,4.7231841929557275e-17
1343.629999999933,1569.2018340265377,723.8408464310306,0.0005124460572096406,3.004997334511591e-07,4.627539442914996e-17
1343.639999999933,1569.2018340265377,723.8437486174031,0.000511003797459965,2.978581930896323e-07,4.5337442698459123e-17
1343.649999999933,1569.2018340265377,723.8466507838488,0.0005095583589093617,2.9523912500343423e-07,4.441764617796136e-17
1343.659999999933,1569.2018340265377,723.849552930368,0.0005081097753861934,2.9264234482463585e-07,4.351567025206122e-17
1343.669999999933,1569.2018340265377,723.8524550569607,0.0005066580808069602,2.9006766963788475e-07,4.2631186153858826e-17
1343.679999999933,1569.2018340265377,723.8553571636273,0.0005052033091345367,2.8751491796888097e-07,4.176387086522418e-17
1343.689999999933,1569.2018340265377,723.8582592503681,0.0005037454944175832,2.849839097739422e-07,4.091340702560594e-17
1343.699999999933,1569.2018340265377,723.8611613171831,0.0005022846707550528,2.824744664291345e-07,4.007948283581227e-17
1343.709999999933,1569.2018340265377,723.8640633640725,0.0005008208723251177,2.799864107197748e-07,3.9261791968659113e-17
1343.719999999933,1569.2018340265377,723.8669653910366,0.0004993541333509263,2.7751956682933576e-07,3.8460033475725205e-17
1343.729999999933,1569.2018340265377,723.8698673980754,0.0004978844881409341,2.7507376032948827e-07,3.7673911701720325e-17
1343.739999999933,1569.2018340265377,723.8727693851895,0.0004964119710612609,2.7264881816877555e-07,3.690313619443797e-17
1343.749999999933,1569.2018340265377,723.875671352379,0.0004949366165220699,2.7024456866338214e-07,3.614742161786127e-17
1343.759999999933,1569.2018340265377,723.8785732996437,0.000493458459000157,2.678608414863247e-07,3.540648766884073e-17
1343.769999999933,1569.2018340265377,723.8814752269842,0.0004919775330388606,2.654974676565715e-07,3.4680058993278447e-17
1343.779999999933,1569.2018340265377,723.8843771344006,0.0004904938732448701,2.631542795298953e-07,3.396786510383249e-17
1343.789999999933,1569.2018340265377,723.887279021893,0.0004890075142564654,2.6083111078804837e-07,3.326964029651085e-17
1343.7999999999329,1569.2018340265377,723.8901808894619,0.00048751849078645704,2.585277964291037e-07,3.258512357403224e-17
1343.8099999999329,1569.2018340265377,723.8930827371072,0.0004860268376035477,2.562441727575919e-07,3.1914058565993985e-17
1343.8199999999329,1569.2018340265377,723.8959845648293,0.0004845325895105001,2.5398007737409344e-07,3.1256193450035077e-17
1343.8299999999329,1569.2018340265377,723.8988863726282,0.00048303578137757076,2.5173534916613886e-07,3.061128087816255e-17
1343.8399999999328,1569.2018340265377,723.9017881605042,0.0004815364481279103,2.495098282979387e-07,2.997907790073161e-17
1343.8499999999328,1569.2018340265377,723.9046899284576,0.0004800346247253987,2.473033562008137e-07,2.935934589200149e-17
1343.8599999999328,1569.2018340265377,723.9075916764888,0.0004785303461933734,2.4511577556368204e-07,2.8751850478772205e-17
1343.8699999999328,1569.2018340265377,723.9104934045976,0.00047702364758697935,2.4294693032387366e-07,2.81563614673546e-17
1343.8799999999328,1569.2018340265377,723.913395112784,0.00047551456402381963,2.4079666565723193e-07,2.757265277502892e-17
1343.8899999999328,1569.2018340265377,723.9162968010488,0.00047400313064930894,2.3866482796823064e-07,2.7000502358688332e-17
1343.8999999999328,1569.2018340265377,723.9191984693921,0.0004724893826773122,2.365512648818234e-07,2.6439692149373546e-17
1343.9099999999328,1569.2018340265377,723.9221001178139,0.0004709733553442576,2.344558252335159e-07,2.589000798244846e-17
1343.9199999999328,1569.2018340265377,723.9250017463144,0.00046945508394278433,2.323783590602495e-07,2.535123953357147e-17
1343.9299999999328,1569.2018340265377,723.9279033548937,0.00046793460378035496,2.3031871759120612e-07,2.4823180251494347e-17
1343.9399999999328,1569.2018340265377,723.9308049435524,0.00046641195024969064,2.2827675323866633e-07,2.4305627297946347e-17
1343.9499999999327,1569.2018340265377,723.9337065122905,0.0004648871587457679,2.2625231958942108e-07,2.379838148038038e-17
1343.9599999999327,1569.2018340265377,723.9366080611082,0.00046336026470387753,2.2424527139559703e-07,2.330124719212034e-17
1343.9699999999327,1569.2018340265377,723.9395095900056,0.00046183130360777017,2.222554645657903e-07,2.2814032351852045e-17
1343.9799999999327,1569.2018340265377,723.942411098983,0.0004603003109830362,2.2028275615611654e-07,2.2336548343290165e-17
1343.9899999999327,1569.2018340265377,723.9453125880408,0.000458767322372066,2.183270043616297e-07,2.1868609955017828e-17
1343.9999999999327,1569.2018340265377,723.9482140571788,0.0004572323733520443,2.163880685079517e-07,2.1410035323432573e-17
1344.0099999999327,1569.2018340265377,723.9511155063974,0.00045569549954571544,2.1446580904205188e-07,2.0960645876006213e-17
1344.0199999999327,1569.2018340265377,723.954016935697,0.00045415673660232053,2.1256008752392775e-07,2.0520266274224618e-17
1344.0299999999327,1569.2018340265377,723.9569183450775,0.00045261612019051903,2.1067076661864255e-07,2.0088724358102136e-17
1344.0399999999327,1569.2018340265377,723.9598197345392,0.000451073686013619,2.0879771008700198e-07,1.9665851092307958e-17
1344.0499999999327,1569.2018340265377,723.9627211040823,0.0004495294698080375,2.0694078277785958e-07,1.9251480512675106e-17
1344.0599999999326,1569.2018340265377,723.9656224537073,0.0004479835073400355,2.0509985061937653e-07,1.8845449673288625e-17
1344.0699999999326,1569.2018340265377,723.9685237834141,0.0004464358343889026,2.0327478061127985e-07,1.844759859404941e-17
1344.0799999999326,1569.2018340265377,723.9714250932028,0.00044488648675838167,2.014654408163161e-07,1.8057770210127978e-17
1344.0899999999326,1569.2018340265377,723.9743263830736,0.00044333550029372474,1.9967170035220087e-07,1.7675810322491772e-17
1344.0999999999326,1569.2018340265377,723.9772276530272,0.00044178291084240686,1.9789342938320536e-07,1.7301567546885292e-17
1344.1099999999326,1569.2018340265377,723.9801289030634,0.000440228754282267,1.9613049911298692e-07,1.6934893266574545e-17
1344.1199999999326,1569.2018340265377,723.9830301331824,0.0004386730665065186,1.9438278177594227e-07,1.6575641583852648e-17
1344.1299999999326,1569.2018340265377,723.9859313433844,0.00043711588342663254,1.926501506295883e-07,1.6223669273213765e-17
1344.1399999999326,1569.2018340265377,723.9888325336697,0.00043555724098219957,1.9093247994660167e-07,1.5878835735458552e-17
1344.1499999999326,1569.2018340265377,723.9917337040387,0.00043399717512774725,1.8922964500690016e-07,1.5541002951682816e-17
1344.1599999999326,1569.2018340265377,723.9946348544912,0.0004324357218184495,1.8754152209059757e-07,1.5210035438149883e-17
1344.1699999999325,1569.2018340265377,723.9975359850276,0.00043087291703116114,1.8586798846953455e-07,1.4885800202916674e-17
1344.1799999999325,1569.2018340265377,724.0004370956482,0.0004293087967660657,1.842089224000673e-07,1.456816670263617e-17
1344.1899999999325,1569.2018340265377,724.0033381863531,0.00042774339702520385,1.8256420311545746e-07,1.4257006799212425e-17
1344.1999999999325,1569.2018340265377,724.0062392571424,0.00042617675382578625,1.809337108184283e-07,1.3952194718382992e-17
1344.2099999999325,1569.2018340265377,724.0091403080164,0.00042460890319368514,1.7931732667359817e-07,1.365360700827059e-17
1344.2199999999325,1569.2018340265377,724.0120413389756,0.00042303988115748866,1.7771493280002743e-07,1.3361122498657918e-17
1344.2299999999325,1569.2018340265377,724.0149423500197,0.00042146972376268433,1.7612641226432816e-07,1.3074622261644807e-17
1344.2399999999325,1569.2018340265377,724.017843341149,0.0004198984670582301,1.7455164907293264e-07,1.2793989571931682e-17
1344.2499999999325,1569.2018340265377,724.0207443123641,0.0004183261470944762,1.7299052816475497e-07,1.2519109868183857e-17
1344.2599999999325,1569.2018340265377,724.0236452636649,0.00041675279994851606,1.714429354045034e-07,1.2249870715926911e-17
1344.2699999999325,1569.2018340265377,724.0265461950517,0.0004151784616640017,1.6990875757531122e-07,1.1986161768405797e-17
1344.2799999999324,1569.2018340265377,724.0294471065246,0.00041360316830814164,1.6838788237160263e-07,1.1727874731596647e-17
1344.2899999999324,1569.2018340265377,724.0323479980835,0.00041202695594830913,1.668801983923146e-07,1.1474903327447696e-17
1344.2999999999324,1569.2018340265377,724.0352488697295,0.00041044986065329035,1.6538559513322053e-07,1.1227143258329513e-17
1344.3099999999324,1569.2018340265377,724.0381497214621,0.00040887191848741,1.6390396298113486e-07,1.0984492172127818e-17
1344.3199999999324,1569.2018340265377,724.0410505532816,0.00040729316549894894,1.6243519320627462e-07,1.0746849627516469e-17
1344.3299999999324,1569.2018340265377,724.0439513651883,0.0004057136377632463,1.6097917795550897e-07,1.0514117061364511e-17
1344.3399999999324,1569.2018340265377,724.0468521571823,0.00040413337133265564,1.5953581024576826e-07,1.0286197754222887e-17
1344.3499999999324,1569.2018340265377,724.0497529292641,0.00040255240224795443,1.5810498395726726e-07,1.0062996798005541e-17
1344.3599999999324,1569.2018340265377,724.0526536814335,0.0004009707665527775,1.5668659382689507e-07,9.844421064268585e-18
1344.3699999999324,1569.2018340265377,724.055554413691,0.00039938850028304853,1.5528053544148446e-07,9.630379172359165e-18
1344.3799999999324,1569.2018340265377,724.0584551260367,0.0003978056394712,1.5388670523124473e-07,9.420781458482755e-18
1344.3899999999323,1569.2018340265377,724.0613558184708,0.00039622222012885926,1.5250500046345588e-07,9.215539944801055e-18
1344.3999999999323,1569.2018340265377,724.0642564909934,0.0003946382782467244,1.5113531923572639e-07,9.014568309414933e-18
1344.4099999999323,1569.2018340265377,724.067157143605,0.0003930538498340155,1.4977756046962055e-07,8.81778185777525e-18
1344.4199999999323,1569.2018340265377,724.0700577763056,0.0003914689708652809,1.4843162390438748e-07,8.625097492454865e-18
1344.4299999999323,1569.2018340265377,724.0729583890954,0.0003898836772993775,1.4709741009063172e-07,8.43643368508345e-18
1344.4399999999323,1569.2018340265377,724.0758589819746,0.0003882980050911388,1.4577482038396816e-07,8.25171044855088e-18
1344.4499999999323,1569.2018340265377,724.0787595549433,0.0003867119901717501,1.4446375693878838e-07,8.070849309008447e-18
1344.4599999999323,1569.2018340265377,724.0816601080021,0.00038512566846047973,1.4316412270181258e-07,7.893773278991841e-18
1344.4699999999323,1569.2018340265377,724.0845606411509,0.0003835390758436606,1.4187582140655613e-07,7.72040683041034e-18
1344.4799999999323,1569.2018340265377,724.08746115439,0.00038195224820257494,1.4059875756671498e-07,7.550675868870663e-18
1344.4899999999323,1569.2018340265377,724.0903616477194,0.00038036522139277756,1.3933283647031495e-07,7.384507707519096e-18
1344.4999999999322,1569.2018340265377,724.0932621211394,0.0003787780312527867,1.380779641735959e-07,7.221831041888103e-18
1344.5099999999322,1569.2018340265377,724.0961625746505,0.0003771907135846117,1.3683404749500127e-07,7.062575924631732e-18
1344.5199999999322,1569.2018340265377,724.0990630082525,0.00037560330417643346,1.3560099400959395e-07,6.90667374153568e-18
1344.5299999999322,1569.2018340265377,724.1019634219459,0.0003740158387849414,1.3437871204268999e-07,6.7540571870807714e-18
1344.5399999999322,1569.2018340265377,724.1048638157308,0.000372428353157135,1.3316711066440898e-07,6.6046602412394475e-18
1344.5499999999322,1569.2018340265377,724.1077641896073,0.0003708408829940945,1.3196609968373812e-07,6.458418145565352e-18
1344.5599999999322,1569.2018340265377,724.1106645435757,0.00036925346396248534,1.3077558964273267e-07,6.315267380573367e-18
1344.5699999999322,1569.2018340265377,724.1135648776362,0.0003676661317239922,1.2959549181081093e-07,6.1751456437915564e-18
1344.5799999999322,1569.2018340265377,724.1164651917891,0.0003660789218986487,1.2842571817922804e-07,6.037991827063866e-18
1344.5899999999322,1569.2018340265377,724.1193654860346,0.0003644918700662783,1.2726618145526937e-07,5.903745994882306e-18
1344.5999999999322,1569.2018340265377,724.1222657603724,0.0003629050117783617,1.2611679505698365e-07,5.77234936329849e-18
1344.6099999999321,1569.2018340265377,724.1251660148033,0.0003613183825561193,1.2497747310710283e-07,5.6437442788833145e-18
1344.6199999999321,1569.2018340265377,724.1280662493275,0.00035973201789291586,1.2384813042795012e-07,5.5178741982030536e-18
1344.6299999999321,1569.2018340265377,724.130966463945,0.0003581459532275024,1.227286825360234e-07,5.394683667169833e-18
1344.6399999999321,1569.2018340265377,724.133866658656,0.0003565602239654949,1.2161904563639973e-07,5.2741183014771055e-18
1344.649999999932,1569.2018340265377,724.1367668334605,0.00035497486549081875,1.2051913661739963e-07,5.156124767215012e-18
1344.659999999932,1569.2018340265377,724.1396669883592,0.00035338991314084957,1.1942887304503806e-07,5.040650761264256e-18
1344.669999999932,1569.2018340265377,724.1425671233521,0.00035180540220275283,1.1834817315820152e-07,4.927644992415349e-18
1344.679999999932,1569.2018340265377,724.1454672384392,0.00035022136792305656,1.1727695586316794e-07,4.817057162939381e-18
1344.689999999932,1569.2018340265377,724.1483673336209,0.00034863784551293755,1.1621514072813585e-07,4.7088379504048594e-18
1344.699999999932,1569.2018340265377,724.1512674088973,0.00034705487014929844,1.1516264797834349e-07,4.6029389897913216e-18
1344.709999999932,1569.2018340265377,724.1541674642689,0.00034547247694595326,1.1411939849079836e-07,4.4993128554863e-18
1344.719999999932,1569.2018340265377,724.1570674997354,0.0003438907009785512,1.1308531378942016e-07,4.397913044345218e-18
1344.729999999932,1569.2018340265377,724.1599675152974,0.00034230957727021774,1.1206031603948425e-07,4.298693958463634e-18
1344.739999999932,1569.2018340265377,724.162867510955,0.0003407291408248235,1.1104432804300383e-07,4.201610888922733e-18
1344.749999999932,1569.2018340265377,724.1657674867083,0.0003391494265500979,1.1003727323373508e-07,4.10661999841252e-18
1344.759999999932,1569.2018340265377,724.1686674425576,0.00033757046933289176,1.0903907567190598e-07,4.013678306028719e-18
1344.769999999932,1569.2018340265377,724.1715673785033,0.0003359923040194102,1.0804966003958022e-07,3.922743671186238e-18
1344.779999999932,1569.2018340265377,724.1744672945453,0.0003344149653763809,1.070689516357359e-07,3.8337747775919355e-18
1344.789999999932,1569.2018340265377,724.1773671906839,0.0003328384881404095,1.060968763713457e-07,3.746731118528098e-18
1344.799999999932,1569.2018340265377,724.1802670669192,0.000331262906970697,1.0513336076464677e-07,3.661572981284025e-18
1344.809999999932,1569.2018340265377,724.1831669232515,0.0003296882564966233,1.0417833193629359e-07,3.5782614329268026e-18
1344.819999999932,1569.2018340265377,724.1860667596812,0.00032811457128352673,1.0323171760458938e-07,3.4967583054045484e-18
1344.829999999932,1569.2018340265377,724.1889665762084,0.00032654188582692604,1.0229344608100711e-07,3.417026181259392e-18
1344.839999999932,1569.2018340265377,724.191866372833,0.00032497023457515693,1.0136344626534013e-07,3.3390283798604077e-18
1344.849999999932,1569.2018340265377,724.1947661495554,0.0003233996519249965,1.0044164764107081e-07,3.2627289435967477e-18
1344.859999999932,1569.2018340265377,724.197665906376,0.000321830172194345,9.952798027078235e-08,3.188092624091045e-18
1344.869999999932,1569.2018340265377,724.2005656432949,0.0003202618296513617,9.862237479163129e-08,3.1150848692309912e-18
1344.879999999932,1569.2018340265377,724.2034653603121,0.00031869465849949957,9.772476241099872e-08,3.043671809990548e-18
1344.889999999932,1569.2018340265377,724.206365057428,0.0003171286928834564,9.683507490157328e-08,2.9738202476553313e-18
1344.8999999999319,1569.2018340265377,724.2092647346428,0.00031556396687966584,9.595324459728284e-08,2.9054976411770853e-18
1344.9099999999319,1569.2018340265377,724.2121643919567,0.0003140005144918684,9.507920438872725e-08,2.838672094772282e-18
1344.9199999999319,1569.2018340265377,724.2150640293697,0.00031243836967612435,9.421288771875236e-08,2.7733123460119144e-18
1344.9299999999319,1569.2018340265377,724.2179636468824,0.00031087756630087196,9.335422857809247e-08,2.7093877535378827e-18
1344.9399999999318,1569.2018340265377,724.2208632444947,0.000309318138188476,9.250316150114765e-08,2.6468682857326205e-18
1344.9499999999318,1569.2018340265377,724.2237628222069,0.00030776011906630306,9.165962156158724e-08,2.5857245087846865e-18
1344.9599999999318,1569.2018340265377,724.226662380019,0.00030620354260969216,9.082354436822251e-08,2.5259275757761846e-18
1344.9699999999318,1569.2018340265377,724.2295619179315,0.00030464844241387005,8.999486606044693e-08,2.4674492153298455e-18
1344.9799999999318,1569.2018340265377,724.2324614359447,0.0003030948520160643,8.917352330440644e-08,2.4102617209177094e-18
1344.9899999999318,1569.2018340265377,724.2353609340586,0.00030154280486607995,8.835945328879368e-08,2.3543379399187374e-18
1344.9999999999318,1569.2018340265377,724.2382604122732,0.0002999923343319829,8.755259372052124e-08,2.2996512631543678e-18
1345.0099999999318,1569.2018340265377,724.2411598705888,0.0002984434737266369,8.67528828207491e-08,2.2461756147811234e-18
1345.0199999999318,1569.2018340265377,724.2440593090059,0.0002968962562797522,8.596025932065575e-08,2.1938854419279117e-18
1345.0299999999318,1569.2018340265377,724.2469587275247,0.00029535071513983266,8.517466245764856e-08,2.142755704776295e-18
1345.0399999999318,1569.2018340265377,724.249858126145,0.0002938068833775673,8.439603197125647e-08,2.0927618668093594e-18
1345.0499999999317,1569.2018340265377,724.2527575048673,0.0002922647939863907,8.362430809902874e-08,2.0438798852126934e-18
1345.0599999999317,1569.2018340265377,724.2556568636917,0.00029072447988853176,8.285943157273618e-08,1.9960862014987745e-18
1345.0699999999317,1569.2018340265377,724.2585562026186,0.0002891859739092145,8.210134361430264e-08,1.9493577320668898e-18
1345.0799999999317,1569.2018340265377,724.2614555216478,0.0002876493087967328,8.134998593218101e-08,1.9036718592726956e-18
1345.0899999999317,1569.2018340265377,724.2643548207799,0.00028611451722235844,8.060530071710643e-08,1.8590064224843744e-18
1345.0999999999317,1569.2018340265377,724.2672541000151,0.00028458163177283696,7.986723063856253e-08,1.8153397092854706e-18
1345.1099999999317,1569.2018340265377,724.2701533593532,0.0002830506849381282,7.913571884097324e-08,1.772650446796927e-18
1345.1199999999317,1569.2018340265377,724.2730525987947,0.00028152170914170463,7.841070893972859e-08,1.7309177934162322e-18
1345.1299999999317,1569.2018340265377,724.2759518183399,0.00027999473670233275,7.769214501755394e-08,1.6901213302896955e-18
1345.1399999999317,1569.2018340265377,724.2788510179889,0.00027846979985890534,7.697997162082395e-08,1.6502410533305522e-18
1345.1499999999317,1569.2018340265377,724.2817501977419,0.00027694693077343774,7.627413375589728e-08,1.6112573652407555e-18
1345.1599999999316,1569.2018340265377,724.2846493575988,0.0002754261614832091,7.557457688537271e-08,1.573151067381375e-18
1345.1699999999316,1569.2018340265377,724.2875484975602,0.0002739075239845287,7.488124692440372e-08,1.5359033525557147e-18
1345.1799999999316,1569.2018340265377,724.2904476176265,0.0002723910501364816,7.419409023720257e-08,1.499495796896018e-18
1345.1899999999316,1569.2018340265377,724.2933467177975,0.00027087677173229143,7.351305363351497e-08,1.4639103528507771e-18
1345.1999999999316,1569.2018340265377,724.2962457980733,0.00026936472047174375,7.283808436498623e-08,1.4291293417336001e-18
1345.2099999999316,1569.2018340265377,724.2991448584544,0.00026785492793946706,7.216913012153471e-08,1.395135446452126e-18
1345.2199999999316,1569.2018340265377,724.3020438989408,0.000266347425653208,7.150613902803692e-08,1.3619117047493576e-18
1345.2299999999316,1569.2018340265377,724.3049429195331,0.0002648422450154121,7.084905964070401e-08,1.3294415020474474e-18
1345.2399999999316,1569.2018340265377,724.3078419202311,0.0002633394173328753,7.019784094384133e-08,1.2977085647944732e-18
1345.2499999999316,1569.2018340265377,724.310740901035,0.00026183897382438715,6.955243234622537e-08,1.2666969538506888e-18
1345.2599999999316,1569.2018340265377,724.3136398619454,0.00026034094560374463,6.891278367773988e-08,1.236391057884926e-18
1345.2699999999315,1569.2018340265377,724.316538802962,0.00025884536368212956,6.827884518618476e-08,1.2067755869954564e-18
1345.2799999999315,1569.2018340265377,724.3194377240853,0.0002573522589776453,6.765056753368593e-08,1.1778355664648069e-18
1345.2899999999315,1569.2018340265377,724.3223366253154,0.000255861662297406,6.702790179360505e-08,1.1495563305193055e-18
1345.2999999999315,1569.2018340265377,724.3252355066528,0.0002543736043678222,6.641079944702825e-08,1.1219235164082709e-18
1345.3099999999315,1569.2018340265377,724.3281343680974,0.00025288811578252424,6.57992123797697e-08,1.0949230582405333e-18
1345.3199999999315,1569.2018340265377,724.3310332096491,0.000251405227042948,6.519309287896225e-08,1.0685411813348047e-18
1345.3299999999315,1569.2018340265377,724.3339320313088,0.00024992496855133224,6.459239362972384e-08,1.0427643964620192e-18
1345.3399999999315,1569.2018340265377,724.3368308330763,0.00024844737061426974,6.399706771225445e-08,1.0175794942537173e-18
1345.3499999999315,1569.2018340265377,724.339729614952,0.0002469724633988938,6.340706859845701e-08,9.929735395062397e-19
1345.3599999999315,1569.2018340265377,724.3426283769359,0.00024550027699428754,6.282235014895791e-08,9.689338660344274e-19
1345.3699999999315,1569.2018340265377,724.345527119028,0.00024403084136381665,6.224286660982844e-08,9.45448071165699e-19
1345.3799999999314,1569.2018340265377,724.3484258412292,0.00024256418638092184,6.166857260947091e-08,9.225040106759846e-19
1345.3899999999314,1569.2018340265377,724.3513245435392,0.00024110034178831912,6.109942315579768e-08,9.000897935294685e-19
1345.3999999999314,1569.2018340265377,724.3542232259582,0.0002396393372260446,6.053537363300282e-08,8.78193776970002e-19
1345.4099999999314,1569.2018340265377,724.3571218884865,0.00023818120222792157,5.997637979847279e-08,8.568045615847095e-19
1345.4199999999314,1569.2018340265377,724.3600205311244,0.00023672596620820415,5.9422397779922625e-08,8.359109864323952e-19
1345.4299999999314,1569.2018340265377,724.362919153872,0.0002352736584696301,5.8873384072393746e-08,8.15502124337059e-19
1345.4399999999314,1569.2018340265377,724.3658177567295,0.0002338243081956016,5.8329295535259056e-08,7.955672772126832e-19
1345.4499999999314,1569.2018340265377,724.3687163396971,0.00023237794446279543,5.779008938931145e-08,7.760959715482172e-19
1345.4599999999314,1569.2018340265377,724.3716149027751,0.00023093459624075617,5.725572321385732e-08,7.570779539303463e-19
1345.4699999999314,1569.2018340265377,724.3745134459635,0.0002294942923550209,5.672615494387037e-08,7.385031865343718e-19
1345.4799999999314,1569.2018340265377,724.3774119692628,0.00022805706153079835,5.620134286700333e-08,7.203618429611748e-19
1345.4899999999313,1569.2018340265377,724.3803104726729,0.00022662293238156237,5.568124562089137e-08,7.026443039760229e-19
1345.4999999999313,1569.2018340265377,724.3832089561944,0.0002251919333952036,5.51658221902296e-08,6.853411533174001e-19
1345.5099999999313,1569.2018340265377,724.3861074198272,0.00022376409292599505,5.465503190405432e-08,6.684431736110175e-19
1345.5199999999313,1569.2018340265377,724.3890058635712,0.0002223394392261134,5.414883443298672e-08,6.519413424777031e-19
1345.5299999999313,1569.2018340265377,724.3919042874272,0.00022091800041622135,5.3647189786236894e-08,6.358268285248151e-19
1345.5399999999313,1569.2018340265377,724.3948026913953,0.00021949980450988857,5.3150058309171553e-08,6.200909875868217e-19
1345.5499999999313,1569.2018340265377,724.3977010754755,0.0002180848793756082,5.265740068047786e-08,6.047253588475093e-19
1345.5599999999313,1569.2018340265377,724.400599439668,0.00021667325276667344,5.2169177909491465e-08,5.897216612338684e-19
1345.5699999999313,1569.2018340265377,724.4034977839731,0.00021526495231855402,5.1685351333429635e-08,5.750717897815205e-19
1345.5799999999313,1569.2018340265377,724.4063961083909,0.000213860005540932,5.1205882614874204e-08,5.607678120612951e-19
1345.5899999999313,1569.2018340265377,724.4092944129219,0.00021245843980460412,5.073073373904747e-08,5.46801964657607e-19
1345.5999999999312,1569.2018340265377,724.412192697566,0.00021106028236484692,5.0259867011294525e-08,5.33166649813387e-19
1345.6099999999312,1569.2018340265377,724.4150909623235,0.00020966556034909858,4.979324505438106e-08,5.198544320407321e-19
1345.6199999999312,1569.2018340265377,724.4179892071946,0.00020827430074860006,4.9330830806000433e-08,5.068580348130291e-19
1345.6299999999312,1569.2018340265377,724.4208874321795,0.00020688653043665102,4.887258751623863e-08,4.94170337384523e-19
1345.6399999999312,1569.2018340265377,724.4237856372785,0.00020550227614235647,4.841847874493685e-08,4.817843715600273e-19
1345.6499999999312,1569.2018340265377,724.4266838224916,0.00020412156447497485,4.796846835932547e-08,4.696933186539407e-19
1345.6599999999312,1569.2018340265377,724.4295819878192,0.000202744421914737,4.7522520531388794e-08,4.5789050642096685e-19
1345.6699999999312,1569.2018340265377,724.4324801332615,0.00020137087480148698,4.7080599735536615e-08,4.463694060487372e-19
1345.6799999999312,1569.2018340265377,724.4353782588183,0.00020000094934372777,4.664267074607703e-08,4.3512362925082535e-19
1345.6899999999312,1569.2018340265377,724.4382763644903,0.00019863467161989657,4.6208698634700915e-08,4.2414692539735466e-19
1345.6999999999312,1569.2018340265377,724.4411744502778,0.00019727206758075893,4.577864876818699e-08,4.1343317870688525e-19
1345.7099999999311,1569.2018340265377,724.4440725161807,0.00019591316302580448,4.535248680603755e-08,4.029764054369442e-19
1345.7199999999311,1569.2018340265377,724.446970562199,0.00019455798362051546,4.493017869799961e-08,3.9277075121358284e-19
1345.7299999999311,1569.2018340265377,724.4498685883331,0.00019320655491399864,4.451169068172355e-08,3.8281048841227485e-19
1345.7399999999311,1569.2018340265377,724.4527665945835,0.00019185890229823064,4.4096989280374266e-08,3.7309001347174715e-19
1345.749999999931,1569.2018340265377,724.4556645809502,0.00019051505103905497,4.368604130050492e-08,3.6360384440846556e-19
1345.759999999931,1569.2018340265377,724.4585625474333,0.00018917502625777615,4.3278813829539245e-08,3.543466182743791e-19
1345.769999999931,1569.2018340265377,724.461460494033,0.00018783885293020274,4.2875274233615114e-08,3.4531308870527685e-19
1345.779999999931,1569.2018340265377,724.4643584207496,0.0001865065559173364,4.2475390155204706e-08,3.3649812357015186e-19
1345.789999999931,1569.2018340265377,724.4672563275833,0.0001851781599074176,4.207912951097388e-08,3.2789670250792646e-19
1345.799999999931,1569.2018340265377,724.4701542145343,0.00018385368947040112,4.168646048948599e-08,3.1950391471446113e-19
1345.809999999931,1569.2018340265377,724.4730520816028,0.00018253316902271314,4.129735154901668e-08,3.113149566124132e-19
1345.819999999931,1569.2018340265377,724.4759499287891,0.00018121662285212328,4.091177141529382e-08,3.0332512967158403e-19
1345.829999999931,1569.2018340265377,724.4788477560932,0.0001799040750861866,4.05296890794379e-08,2.955298381781355e-19
1345.839999999931,1569.2018340265377,724.4817455635153,0.000178595549721503,4.0151073795660075e-08,2.879245871466002e-19
1345.849999999931,1569.2018340265377,724.4846433510558,0.00017729107059462907,3.977589507920597e-08,2.8050498017954416e-19
1345.859999999931,1569.2018340265377,724.487541118715,0.00017599066142816758,3.9404122704135676e-08,2.732667174877369e-19
1345.869999999931,1569.2018340265377,724.4904388664928,0.0001746943457623947,3.9035726701355964e-08,2.662055937715259e-19
1345.879999999931,1569.2018340265377,724.4933365943892,0.00017340214701582548,3.8670677356433094e-08,2.5931749634320385e-19
1345.889999999931,1569.2018340265377,724.4962343024051,0.0001721140884508777,3.83089452073846e-08,2.5259840313823153e-19
1345.899999999931,1569.2018340265377,724.4991319905404,0.00017083019318580258,3.7950501042871385e-08,2.460443808422551e-19
1345.909999999931,1569.2018340265377,724.5020296587951,0.00016955048419237942,3.759531589999034e-08,2.396515830278417e-19
1345.919999999931,1569.2018340265377,724.5049273071695,0.00016827498428148747,3.724336106225734e-08,2.3341624831395687e-19
1345.929999999931,1569.2018340265377,724.5078249356638,0.0001670037161315561,3.689460805760296e-08,2.2733469862208177e-19
1345.939999999931,1569.2018340265377,724.5107225442783,0.00016573670225767883,3.6549028656372926e-08,2.214033373839026e-19
1345.949999999931,1569.2018340265377,724.5136201330133,0.0001644739650453356,3.6206594869328136e-08,2.1561864787298207e-19
1345.959999999931,1569.2018340265377,724.5165177018688,0.00016321552669496954,3.586727894572794e-08,2.0997719145160414e-19
1345.969999999931,1569.2018340265377,724.519415250845,0.00016196140929243817,3.553105337130972e-08,2.0447560601667106e-19
1345.979999999931,1569.2018340265377,724.5223127799424,0.00016071163473767584,3.5197890866348653e-08,1.9911060429337694e-19
1345.989999999931,1569.2018340265377,724.5252102891607,0.0001594662248100841,3.4867764383840414e-08,1.9387897233865693e-19
1345.9999999999309,1569.2018340265377,724.5281077785004,0.00015822520110521263,3.454064710743357e-08,1.8877756791051474e-19
1346.0099999999309,1569.2018340265377,724.5310052479617,0.00015698858509095777,3.421651244964151e-08,1.8380331901997203e-19
1346.0199999999309,1569.2018340265377,724.5339026975449,0.00015575639806487398,3.3895334049936504e-08,1.7895322239072222e-19
1346.0299999999309,1569.2018340265377,724.5368001272502,0.00015452866117578266,3.3577085772886324e-08,1.742243420270874e-19
1346.0399999999308,1569.2018340265377,724.5396975370774,0.00015330539540917023,3.326174170635274e-08,1.69613807768831e-19
1346.0499999999308,1569.2018340265377,724.542594927027,0.0001520866216112706,3.294927615950902e-08,1.6511881391651717e-19
1346.0599999999308,1569.2018340265377,724.5454922970995,0.00015087236045646226,3.263966366116828e-08,1.6073661782474018e-19
1346.0699999999308,1569.2018340265377,724.5483896472947,0.0001496626324645536,3.2332878957950605e-08,1.564645385772748e-19
1346.0799999999308,1569.2018340265377,724.5512869776129,0.00014845745800407223,3.2028897012443297e-08,1.5229995567268421e-19
1346.0899999999308,1569.2018340265377,724.5541842880541,0.00014725685728197147,3.1727693001470545e-08,1.4824030772341351e-19
1346.0999999999308,1569.2018340265377,724.5570815786191,0.0001460608503419789,3.142924231422387e-08,1.4428309118924071e-19
1346.1099999999308,1569.2018340265377,724.5599788493076,0.0001448694570800603,3.113352055070006e-08,1.4042585915581208e-19
1346.1199999999308,1569.2018340265377,724.5628761001199,0.000143682697217458,3.0840503519823877e-08,1.3666622009310766e-19
1346.1299999999308,1569.2018340265377,724.5657733310562,0.00014250059033033748,3.055016723772576e-08,1.3300183669565512e-19
1346.1399999999308,1569.2018340265377,724.5686705421167,0.0001413231558292478,3.026248792611437e-08,1.294304246984245e-19
1346.1499999999307,1569.2018340265377,724.5715677333019,0.00014015041295792807,2.997744201047851e-08,1.2594975173434774e-19
1346.1599999999307,1569.2018340265377,724.5744649046115,0.00013898238080692625,2.96950061185394e-08,1.2255763623026295e-19
1346.1699999999307,1569.2018340265377,724.577362056046,0.0001378190782952961,2.9415157078448505e-08,1.1925194629433736e-19
1346.1799999999307,1569.2018340265377,724.5802591876057,0.00013666052418901412,2.913787191717673e-08,1.16030598660358e-19
1346.1899999999307,1569.2018340265377,724.5831562992906,0.00013550673708919014,2.8863127858937174e-08,1.128915576270729e-19
1346.1999999999307,1569.2018340265377,724.5860533911009,0.00013435773542462657,2.859090232346855e-08,1.0983283402248767e-19
1346.2099999999307,1569.2018340265377,724.5889504630369,0.0001332135374731383,2.8321172924440474e-08,1.0685248421386612e-19
1346.2199999999307,1569.2018340265377,724.591847515099,0.00013207416135321834,2.8053917467861472e-08,1.0394860911298554e-19
1346.2299999999307,1569.2018340265377,724.5947445472871,0.00013093962498702484,2.778911395051814e-08,1.0111935318041728e-19
1346.2399999999307,1569.2018340265377,724.5976415596011,0.00012980994616480478,2.7526740558375387e-08,9.836290352938187e-20
1346.2499999999307,1569.2018340265377,724.6005385520419,0.0001286851425045683,2.7266775664918388e-08,9.567748896508256e-20
1346.2599999999306,1569.2018340265377,724.6034355246095,0.0001275652314389476,2.7009197829753886e-08,9.306137906825531e-20
1346.2699999999306,1569.2018340265377,724.6063324773039,0.00012645023026814907,2.675398579698551e-08,9.051288334407521e-20
1346.2799999999306,1569.2018340265377,724.6092294101254,0.0001253401560850618,2.650111849368617e-08,8.803035029590741e-20
1346.2899999999306,1569.2018340265377,724.6121263230742,0.00012423502585100923,2.625057502839066e-08,8.561216662698737e-20
1346.2999999999306,1569.2018340265377,724.6150232161505,0.00012313485634497592,2.6002334689601158e-08,8.325675636815289e-20
1346.3099999999306,1569.2018340265377,724.6179200893546,0.0001220396641695045,2.575637694425524e-08,8.096258006416529e-20
1346.3199999999306,1569.2018340265377,724.6208169426866,0.00012094946577398254,2.5512681436312954e-08,7.87281339885076e-20
1346.3299999999306,1569.2018340265377,724.6237137761467,0.00011986427743665277,2.527122798522933e-08,7.65519493458978e-20
1346.3399999999306,1569.2018340265377,724.6266105897352,0.00011878411525530552,2.5031996584516523e-08,7.443259149840215e-20
1346.3499999999306,1569.2018340265377,724.6295073834522,0.0001177089951722246,2.4794967400297822e-08,7.236865922911481e-20
1346.3599999999306,1569.2018340265377,724.6324041572979,0.00011663893295108161,2.456012076988254e-08,7.035878399080343e-20
1346.3699999999305,1569.2018340265377,724.6353009112725,0.0001155739441853813,2.4327437200324652e-08,6.84016291900494e-20
1346.3799999999305,1569.2018340265377,724.6381976453764,0.00011451404430582439,2.409689736700203e-08,6.649588948528733e-20
1346.3899999999305,1569.2018340265377,724.6410943596097,0.00011345924856587211,2.3868482112271058e-08,6.464029008705472e-20
1346.3999999999305,1569.2018340265377,724.6439910539723,0.00011240957204815482,2.3642172444049098e-08,6.283358608484031e-20
1346.4099999999305,1569.2018340265377,724.6468877284648,0.00011136502966213546,2.341794953436558e-08,6.107456178269024e-20
1346.4199999999305,1569.2018340265377,724.6497843830873,0.00011032563615442811,2.3195794718102408e-08,5.936203005662554e-20
1346.4299999999305,1569.2018340265377,724.6526810178401,0.00010929140608966921,2.2975689491583664e-08,5.769483170863087e-20
1346.4399999999305,1569.2018340265377,724.6555776327231,0.00010826235386720404,2.275761551126494e-08,5.607183485418796e-20
1346.4499999999305,1569.2018340265377,724.6584742277365,0.00010723849370888013,2.2541554592338628e-08,5.449193430673094e-20
1346.4599999999305,1569.2018340265377,724.661370802881,0.00010621983966464236,2.2327488707427785e-08,5.295405098493202e-20
1346.4699999999305,1569.2018340265377,724.6642673581566,0.00010520640560633957,2.2115399985331985e-08,5.145713132664711e-20
1346.4799999999304,1569.2018340265377,724.6671638935632,0.00010419820524308438,2.190527070968955e-08,5.000014672541172e-20
1346.4899999999304,1569.2018340265377,724.6700604091011,0.00010319525210014484,2.169708331763577e-08,4.858209296095014e-20
1346.4999999999304,1569.2018340265377,724.6729569047707,0.00010219755953857934,2.149082039857911e-08,4.72019896619918e-20
1346.5099999999304,1569.2018340265377,724.6758533805722,0.00010120514073731264,2.128646469290494e-08,4.585887976222423e-20
1346.5199999999304,1569.2018340265377,724.6787498365056,0.00010021800869506613,2.108399909075379e-08,4.455182897766913e-20
1346.5299999999304,1569.2018340265377,724.6816462725712,9.923617624944447e-05,2.0883406630705232e-08,4.327992530210857e-20
1346.5399999999304,1569.2018340265377,724.6845426887695,9.825965605576887e-05,2.0684670498561502e-08,4.204227849563863e-20
1346.5499999999304,1569.2018340265377,724.6874390851001,9.728846059150254e-05,2.04877740261778e-08,4.083801959585503e-20
1346.5599999999304,1569.2018340265377,724.6903354615637,9.632260216190253e-05,2.0292700690116135e-08,3.966630043903727e-20
1346.5699999999304,1569.2018340265377,724.6932318181603,9.536209289173094e-05,2.0099434110549714e-08,3.8526293186677987e-20
1346.5799999999304,1569.2018340265377,724.6961281548902,9.440694474167514e-05,1.9907958049991804e-08,3.741718987150424e-20
1346.5899999999303,1569.2018340265377,724.6990244717535,9.345716948041737e-05,1.9718256412140954e-08,3.6338201935784436e-20
1346.5999999999303,1569.2018340265377,724.7019207687503,9.251277870557765e-05,1.9530313240697654e-08,3.5288559799041946e-20
1346.6099999999303,1569.2018340265377,724.704817045881,9.157378384446676e-05,1.9344112718124635e-08,3.4267512426499363e-20
1346.6199999999303,1569.2018340265377,724.707713303146,9.064019613620576e-05,1.915963916456456e-08,3.327432690047287e-20
1346.6299999999303,1569.2018340265377,724.7106095405452,8.971202665589948e-05,1.897687703666983e-08,3.230828801638781e-20
1346.6399999999303,1569.2018340265377,724.7135057580787,8.878928628467402e-05,1.8795810926442823e-08,3.136869786756133e-20
1346.6499999999303,1569.2018340265377,724.7164019557467,8.787198574224139e-05,1.8616425560078122e-08,3.045487546158519e-20
1346.6599999999303,1569.2018340265377,724.71929813355,8.696013555747823e-05,1.8438705796843875e-08,2.956615632295775e-20
1346.6699999999303,1569.2018340265377,724.7221942914883,8.6053746094212e-05,1.8262636628012656e-08,2.870189212378732e-20
1346.6799999999303,1569.2018340265377,724.7250904295618,8.515282752066475e-05,1.808820317572404e-08,2.786145030299135e-20
1346.6899999999303,1569.2018340265377,724.7279865477707,8.425738984170166e-05,1.791539069184331e-08,2.704421371481582e-20
1346.6999999999302,1569.2018340265377,724.7308826461154,8.336744288162946e-05,1.774418455691265e-08,2.624958026869499e-20
1346.7099999999302,1569.2018340265377,724.733778724596,8.248299627841148e-05,1.7574570279081433e-08,2.547696258087979e-20
1346.7199999999302,1569.2018340265377,724.7366747832126,8.160405949545008e-05,1.7406533493005788e-08,2.472578763901433e-20
1346.7299999999302,1569.2018340265377,724.7395708219656,8.073064181720115e-05,1.7240059958771098e-08,2.3995496468921762e-20
1346.7399999999302,1569.2018340265377,724.7424668408552,7.986275235185658e-05,1.7075135560868497e-08,2.3285543810969346e-20
1346.7499999999302,1569.2018340265377,724.7453628398815,7.900040002657054e-05,1.6911746307140888e-08,2.259539780118144e-20
1346.7599999999302,1569.2018340265377,724.7482588190445,7.814359358153877e-05,1.6749878327748866e-08,2.192453965916257e-20
1346.7699999999302,1569.2018340265377,724.7511547783447,7.729234158780282e-05,1.6589517874089982e-08,2.1272463389390226e-20
1346.7799999999302,1569.2018340265377,724.7540507177824,7.644665243489919e-05,1.643065131782713e-08,2.0638675480719107e-20
1346.7899999999302,1569.2018340265377,724.7569466373576,7.560653432822413e-05,1.6273265149886114e-08,2.0022694615260384e-20
1346.7999999999302,1569.2018340265377,724.7598425370704,7.477199529545786e-05,1.611734597940636e-08,1.9424051385937894e-20
1346.8099999999301,1569.2018340265377,724.7627384169211,7.394304318545485e-05,1.596288053276123e-08,1.8842288018335405e-20
1346.8199999999301,1569.2018340265377,724.7656342769102,7.31196856658378e-05,1.5809855652556764e-08,1.8276958098301426e-20
1346.8299999999301,1569.2018340265377,724.7685301170376,7.230193022308531e-05,1.565825829668601e-08,1.7727626306339825e-20
1346.8399999999301,1569.2018340265377,724.7714259373034,7.14897841647415e-05,1.550807553732468e-08,1.7193868158216716e-20
1346.84999999993,1569.2018340265377,724.774321737708,7.068325461679011e-05,1.5359294559965487e-08,1.6675269750185672e-20
1346.85999999993,1569.2018340265377,724.7772175182515,6.98823485326027e-05,1.5211902662460527e-08,1.6171427512590252e-20
1346.86999999993,1569.2018340265377,724.7801132789343,6.908707267004873e-05,1.5065887254082562e-08,1.5681947961531796e-20
1346.87999999993,1569.2018340265377,724.7830090197565,6.82974336223273e-05,1.4921235854581957e-08,1.5206447468469228e-20
1346.88999999993,1569.2018340265377,724.7859047407181,6.751343779008001e-05,1.4777936093246467e-08,1.4744552021459523e-20
1346.89999999993,1569.2018340265377,724.7888004418197,6.673509139800974e-05,1.4635975707956812e-08,1.4295897001797877e-20
1346.90999999993,1569.2018340265377,724.7916961230611,6.5962400498655e-05,1.4495342544311672e-08,1.3860126962719245e-20
1346.91999999993,1569.2018340265377,724.7945917844428,6.519537094338372e-05,1.4356024554659958e-08,1.3436895406013957e-20
1346.92999999993,1569.2018340265377,724.7974874259648,6.44340084198325e-05,1.4218009797240086e-08,1.3025864577817782e-20
1346.93999999993,1569.2018340265377,724.8003830476275,6.367831843357257e-05,1.4081286435260404e-08,1.2626705257068896e-20
1346.94999999993,1569.2018340265377,724.8032786494311,6.292830630252058e-05,1.3945842736009062e-08,1.2239096551571802e-20
1346.95999999993,1569.2018340265377,724.8061742313754,6.21839771701685e-05,1.38116670700087e-08,1.1862725702388557e-20
1346.96999999993,1569.2018340265377,724.809069793461,6.144533599215739e-05,1.367874791005502e-08,1.1497287887182268e-20
1346.97999999993,1569.2018340265377,724.8119653356882,6.071238755553893e-05,1.3547073830433873e-08,1.1142486034514831e-20
1346.98999999993,1569.2018340265377,724.814860858057,5.9985136454714555e-05,1.3416633506027161e-08,1.0798030633989613e-20
1346.99999999993,1569.2018340265377,724.8177563605675,5.926358710512408e-05,1.3287415711463475e-08,1.0463639557812e-20
1347.00999999993,1569.2018340265377,724.8206518432199,5.854774374662651e-05,1.3159409320250427e-08,1.0139037884321994e-20
1347.01999999993,1569.2018340265377,724.8235473060148,5.7837610438476496e-05,1.3032603303944448e-08,9.823957724083865e-21
1347.02999999993,1569.2018340265377,724.8264427489522,5.713319105417951e-05,1.2906986731337092e-08,9.518138049985663e-21
1347.03999999993,1569.2018340265377,724.8293381720321,5.6434489287790746e-05,1.2782548767622382e-08,9.221324533097392e-21
1347.04999999993,1569.2018340265377,724.8322335752547,5.574150865913718e-05,1.2659278673547352e-08,8.933269381950923e-21
1347.05999999993,1569.2018340265377,724.8351289586207,5.505425249884129e-05,1.2537165804608713e-08,8.653731182278773e-21
1347.06999999993,1569.2018340265377,724.8380243221296,5.4372723964138266e-05,1.24161996102943e-08,8.382474745417242e-21
1347.07999999993,1569.2018340265377,724.840919665782,5.369692602656101e-05,1.2296369633210248e-08,8.119270955512549e-21
1347.08999999993,1569.2018340265377,724.8438149895782,5.30268614821061e-05,1.217766550833096e-08,7.863896623883003e-21
1347.0999999999299,1569.2018340265377,724.8467102935183,5.236253294173985e-05,1.2060076962197312e-08,7.616134343626324e-21
1347.1099999999299,1569.2018340265377,724.8496055776025,5.170394284258437e-05,1.1943593812154889e-08,7.375772350676247e-21
1347.1199999999299,1569.2018340265377,724.8525008418306,5.105109343162986e-05,1.1828205965564922e-08,7.142604384004392e-21
1347.1299999999299,1569.2018340265377,724.8553960862035,5.040398678685238e-05,1.1713903419009614e-08,6.916429554362781e-21
1347.1399999999298,1569.2018340265377,724.8582913107211,4.976262480390136e-05,1.1600676257585193e-08,6.697052211232104e-21
1347.1499999999298,1569.2018340265377,724.8611865153837,4.912700918967544e-05,1.1488514654109464e-08,6.484281813798893e-21
1347.1599999999298,1569.2018340265377,724.8640817001912,4.8497141485133295e-05,1.137740886839081e-08,6.277932808831396e-21
1347.1699999999298,1569.2018340265377,724.8669768651438,4.787302304014992e-05,1.12673492464674e-08,6.077824504965472e-21
1347.1799999999298,1569.2018340265377,724.8698720102421,4.7254655033608584e-05,1.1158326219866032e-08,5.883780955843258e-21
1347.1899999999298,1569.2018340265377,724.8727671354862,4.6642038460750154e-05,1.1050330304905992e-08,5.695630841760204e-21
1347.1999999999298,1569.2018340265377,724.8756622408762,4.6035174136692386e-05,1.0943352101947589e-08,5.513207356069515e-21
1347.2099999999298,1569.2018340265377,724.8785573264122,4.543406269723421e-05,1.0837382294673646e-08,5.336348093890632e-21
1347.2199999999298,1569.2018340265377,724.8814523920945,4.4838704607572057e-05,1.0732411649380426e-08,5.1648949443073744e-21
1347.2299999999298,1569.2018340265377,724.8843474379235,4.4249100144304995e-05,1.0628431014266754e-08,4.9986939819545884e-21
1347.2399999999298,1569.2018340265377,724.887242463899,4.366524940779347e-05,1.0525431318748545e-08,4.837595364701305e-21
1347.2499999999297,1569.2018340265377,724.8901374700216,4.3087152324011615e-05,1.0423403572738863e-08,4.681453232409952e-21
1347.2599999999297,1569.2018340265377,724.8930324562914,4.2514808637284845e-05,1.0322338865974296e-08,4.53012560710865e-21
1347.2699999999297,1569.2018340265377,724.8959274227083,4.194821791643067e-05,1.0222228367338465e-08,4.383474296962215e-21
1347.2799999999297,1569.2018340265377,724.8988223692728,4.138737954608365e-05,1.0123063324148022e-08,4.241364800875905e-21
1347.2899999999297,1569.2018340265377,724.9017172959851,4.083229274094534e-05,1.0024835061518957e-08,4.1036662177876334e-21
1347.2999999999297,1569.2018340265377,724.9046122028454,4.0282956535508005e-05,9.927534981679705e-09,3.970251155487577e-21
1347.3099999999297,1569.2018340265377,724.907507089854,3.9739369785776476e-05,9.831154563313051e-09,3.8409956428577135e-21
1347.3199999999297,1569.2018340265377,724.9104019570105,3.9201531169887066e-05,9.73568536091438e-09,3.7157790440650974e-21
1347.3299999999297,1569.2018340265377,724.9132968043159,3.866943919000981e-05,9.641119004092319e-09,3.5944839748437765e-21
1347.3399999999297,1569.2018340265377,724.9161916317701,3.814309217626197e-05,9.54744719698274e-09,3.476996221003408e-21
1347.3499999999297,1569.2018340265377,724.9190864393732,3.762248827630509e-05,9.454661717574975e-09,3.363204657481204e-21
1347.3599999999296,1569.2018340265377,724.9219812271256,3.710762546030158e-05,9.362754417087694e-09,3.2530011707784854e-21
1347.3699999999296,1569.2018340265377,724.924875995027,3.6598501530910935e-05,9.271717219338807e-09,3.1462805836196923e-21
1347.3799999999296,1569.2018340265377,724.9277707430783,3.6095114105308683e-05,9.181542120096423e-09,3.042940578946605e-21
1347.3899999999296,1569.2018340265377,724.9306654712794,3.5597460631763694e-05,9.092221186501985e-09,2.9428816287652063e-21
1347.3999999999296,1569.2018340265377,724.9335601796304,3.510553838034069e-05,9.003746556434337e-09,2.8460069224167036e-21
1347.4099999999296,1569.2018340265377,724.9364548681316,3.4619344444791417e-05,8.916110437887027e-09,2.7522222975273794e-21
1347.4199999999296,1569.2018340265377,724.9393495367833,3.4138875748695686e-05,8.829305108384758e-09,2.6614361729463545e-21
1347.4299999999296,1569.2018340265377,724.9422441855854,3.366412903788873e-05,8.743322914387622e-09,2.573559482183372e-21
1347.4399999999296,1569.2018340265377,724.9451388145385,3.319510088248452e-05,8.658156270666254e-09,2.488505609195816e-21
1347.4499999999296,1569.2018340265377,724.9480334236425,3.273178768344228e-05,8.573797659750066e-09,2.4061903260762116e-21
1347.4599999999296,1569.2018340265377,724.9509280128979,3.22741856643449e-05,8.490239631315621e-09,2.326531731088374e-21
1347.4699999999295,1569.2018340265377,724.9538225823046,3.1822290874033235e-05,8.407474801623889e-09,2.2494501890436425e-21
1347.4799999999295,1569.2018340265377,724.9567171318628,3.1376099193389626e-05,8.325495852942225e-09,2.1748682733723543e-21
1347.4899999999295,1569.2018340265377,724.9596116615729,3.093560632321434e-05,8.244295532954943e-09,2.102710708256988e-21
1347.4999999999295,1569.2018340265377,724.9625061714352,3.0500807800065215e-05,8.16386665422728e-09,2.032904314130874e-21
1347.5099999999295,1569.2018340265377,724.9654006614496,3.0071698984570647e-05,8.08420209363187e-09,1.9653779525763006e-21
1347.5199999999295,1569.2018340265377,724.9682951316165,2.9648275060439697e-05,8.005294791789707e-09,1.9000624733222703e-21
1347.5299999999295,1569.2018340265377,724.9711895819358,2.9230531047520997e-05,7.92713775252845e-09,1.8368906634236235e-21
1347.5399999999295,1569.2018340265377,724.9740840124083,2.881846179347347e-05,7.84972404231096e-09,1.7757971962656825e-21
1347.5499999999295,1569.2018340265377,724.9769784230338,2.8412061968522566e-05,7.773046789733305e-09,1.716718582076734e-21
1347.5599999999295,1569.2018340265377,724.9798728138124,2.8011326078774073e-05,7.69709918495635e-09,1.659593120743915e-21
1347.5699999999295,1569.2018340265377,724.9827671847446,2.7616248457502478e-05,7.621874479181935e-09,1.6043608544471484e-21
1347.5799999999294,1569.2018340265377,724.9856615358303,2.7226823268312348e-05,7.547365984127267e-09,1.5509635221737279e-21
1347.5899999999294,1569.2018340265377,724.9885558670701,2.684304450580456e-05,7.473567071488726e-09,1.4993445151853979e-21
1347.5999999999294,1569.2018340265377,724.9914501784639,2.6464905994692066e-05,7.4004711724425e-09,1.4494488335038887e-21
1347.6099999999294,1569.2018340265377,724.9943444700119,2.6092401389832474e-05,7.3280717771117115e-09,1.401223043504981e-21
1347.6199999999294,1569.2018340265377,724.9972387417145,2.5725524181742857e-05,7.256362434060667e-09,1.3546152368548283e-21
1347.6299999999294,1569.2018340265377,725.0001329935717,2.5364267687234683e-05,7.1853367497882245e-09,1.3095749896620303e-21
1347.6399999999294,1569.2018340265377,725.0030272255838,2.500862505955479e-05,7.114988388227638e-09,1.2660533236726307e-21
1347.6499999999294,1569.2018340265377,725.0059214377509,2.4658589281119513e-05,7.0453110702423945e-09,1.2240026675102806e-21
1347.6599999999294,1569.2018340265377,725.0088156300735,2.4314153172309757e-05,6.9762985731293116e-09,1.1833768196941498e-21
1347.6699999999294,1569.2018340265377,725.0117098025516,2.397530938116402e-05,6.907944730144578e-09,1.1441309116298382e-21
1347.6799999999294,1569.2018340265377,725.0146039551852,2.3642050392882092e-05,6.840243430009244e-09,1.1062213724851468e-21
1347.6899999999293,1569.2018340265377,725.0174980879748,2.3314368526729912e-05,6.77318861640576e-09,1.0696058943171607e-21
1347.6999999999293,1569.2018340265377,725.0203922009207,2.299225593712951e-05,6.706774287529688e-09,1.0342433982878612e-21
1347.7099999999293,1569.2018340265377,725.0232862940228,2.2675704610713914e-05,6.6409944956123615e-09,1.0000940015305212e-21
1347.7199999999293,1569.2018340265377,725.0261803672814,2.236470637189019e-05,6.575843346432723e-09,9.67118985221286e-22
1347.7299999999293,1569.2018340265377,725.0290744206966,2.2059252880593635e-05,6.511314998869215e-09,9.3528076310871e-22
1347.7399999999293,1569.2018340265377,725.031968454269,2.1759335633849465e-05,6.44740366441476e-09,9.045428509890194e-22
1347.7499999999293,1569.2018340265377,725.0348624679984,2.146494596401568e-05,6.384103606751327e-09,8.748698368240445e-22
1347.7599999999293,1569.2018340265377,725.0377564618851,2.117607503974918e-05,6.3214091412724435e-09,8.462273517116971e-22
1347.7699999999293,1569.2018340265377,725.0406504359295,2.0892713868893942e-05,6.259314634630308e-09,8.185820416669669e-22
1347.7799999999293,1569.2018340265377,725.0435443901314,2.0614853299501858e-05,6.197814504308378e-09,7.919015400397948e-22
1347.7899999999293,1569.2018340265377,725.0464383244915,2.0342484012722164e-05,6.1369032181492405e-09,7.661544403092223e-22
1347.7999999999292,1569.2018340265377,725.0493322390097,2.0075596534270094e-05,6.076575293951155e-09,7.413102702954362e-22
1347.8099999999292,1569.2018340265377,725.0522261336862,1.9814181225208126e-05,6.0168252990010735e-09,7.173394662216224e-22
1347.8199999999292,1569.2018340265377,725.0551200085214,1.955822828823862e-05,5.957647849654609e-09,6.942133480290544e-22
1347.8299999999292,1569.2018340265377,725.0580138635153,1.9307727767442644e-05,5.899037610914562e-09,6.719040950711506e-22
1347.8399999999292,1569.2018340265377,725.060907698668,1.9062669545188906e-05,5.840989295996564e-09,6.5038472232912615e-22
1347.8499999999292,1569.2018340265377,725.06380151398,1.8823043346790952e-05,5.783497665901129e-09,6.296290575061762e-22
1347.8599999999292,1569.2018340265377,725.0666953094515,1.8588838740006283e-05,5.726557529016377e-09,6.096117185310658e-22
1347.8699999999292,1569.2018340265377,725.0695890850826,1.8360045134077774e-05,5.670163740685721e-09,5.903080916179386e-22
1347.8799999999292,1569.2018340265377,725.0724828408734,1.813665178024021e-05,5.614311202812623e-09,5.716943099469324e-22
1347.8899999999292,1569.2018340265377,725.0753765768239,1.79186477737396e-05,5.558994863437775e-09,5.537472329329399e-22
1347.8999999999292,1569.2018340265377,725.078270292935,1.7706022055566127e-05,5.504209716333417e-09,5.364444260181637e-22
1347.9099999999291,1569.2018340265377,725.0811639892064,1.7498763407785877e-05,5.4499508006288335e-09,5.197641407977939e-22
1347.9199999999291,1569.2018340265377,725.0840576656384,1.729686045960617e-05,5.396213200384996e-09,5.036852959755319e-22
1347.9299999999291,1569.2018340265377,725.0869513222312,1.7100301684856498e-05,5.34299204421394e-09,4.881874585600292e-22
1347.9399999999291,1569.2018340265377,725.0898449589849,1.6909075402425657e-05,5.290282504890362e-09,4.732508256376735e-22
1347.949999999929,1569.2018340265377,725.0927385759001,1.672316978022022e-05,5.2380797989499266e-09,4.588562067127784e-22
1347.959999999929,1569.2018340265377,725.0956321729765,1.654257283024621e-05,5.186379186328196e-09,4.449850062665965e-22
1347.969999999929,1569.2018340265377,725.0985257502145,1.6367272413133715e-05,5.135175969959478e-09,4.316192070261538e-22
1347.979999999929,1569.2018340265377,725.1014193076146,1.6197256238940525e-05,5.0844654954077e-09,4.1874135356915328e-22
1347.989999999929,1569.2018340265377,725.1043128451764,1.603251186363946e-05,5.034243150502101e-09,4.0633453624816435e-22
1347.999999999929,1569.2018340265377,725.1072063629006,1.587302669461652e-05,4.984504364942324e-09,3.943823757642615e-22
1348.009999999929,1569.2018340265377,725.1100998607873,1.5718787987972677e-05,4.93524460995054e-09,3.82869007941918e-22
1348.019999999929,1569.2018340265377,725.1129933388366,1.5569782850549254e-05,4.8864593979025395e-09,3.7177906902085876e-22
1348.029999999929,1569.2018340265377,725.1158867970488,1.542599824040579e-05,4.838144281964058e-09,3.6109768129658854e-22
1348.039999999929,1569.2018340265377,725.1187802354239,1.5287420965208873e-05,4.7902948557321175e-09,3.5081043909284667e-22
1348.049999999929,1569.2018340265377,725.1216736539623,1.5154037686367918e-05,4.742906752874026e-09,3.409033952384466e-22
1348.059999999929,1569.2018340265377,725.1245670526642,1.5025834917587769e-05,4.695975646784087e-09,3.313630477742523e-22
1348.069999999929,1569.2018340265377,725.1274604315299,1.4902799025877771e-05,4.649497250232159e-09,3.2217632706899048e-22
1348.079999999929,1569.2018340265377,725.1303537905593,1.478491623146027e-05,4.6034673150168445e-09,3.1333058325409727e-22
1348.089999999929,1569.2018340265377,725.1332471297527,1.4672172609189331e-05,4.557881631614672e-09,3.0481357402546425e-22
1348.099999999929,1569.2018340265377,725.1361404491106,1.4564554089180657e-05,4.5127360288431335e-09,2.9661345275500147e-22
1348.109999999929,1569.2018340265377,725.139033748633,1.4462046456633907e-05,4.468026373531569e-09,2.887187569049523e-22
1348.119999999929,1569.2018340265377,725.14192702832,1.436463535334902e-05,4.423748570177256e-09,2.811183967853007e-22
1348.129999999929,1569.2018340265377,725.1448202881718,1.4272306277433362e-05,4.379898560613304e-09,2.7380164457823923e-22
1348.139999999929,1569.2018340265377,725.1477135281887,1.418504458526875e-05,4.336472323681089e-09,2.667581237025884e-22
1348.149999999929,1569.2018340265377,725.150606748371,1.410283549033779e-05,4.29346587490042e-09,2.5997779840438875e-22
1348.159999999929,1569.2018340265377,725.1534999487187,1.4025664065179114e-05,4.25087526615927e-09,2.534509636906501e-22
1348.169999999929,1569.2018340265377,725.1563931292322,1.3953515241810495e-05,4.208696585370764e-09,2.471682355022277e-22
1348.179999999929,1569.2018340265377,725.1592862899117,1.3886373811863207e-05,4.166925956173516e-09,2.411205411537616e-22
1348.189999999929,1569.2018340265377,725.1621794307573,1.3824224427869902e-05,4.125559537609301e-09,2.3529911005116117e-22
1348.1999999999289,1569.2018340265377,725.165072551769,1.3767051602993856e-05,4.084593523811792e-09,2.296954646361587e-22
1348.2099999999289,1569.2018340265377,725.1679656529473,1.3714839713060836e-05,4.044024143686615e-09,2.243014116160994e-22
1348.2199999999289,1569.2018340265377,725.1708587342924,1.3667572995786518e-05,4.003847660617013e-09,2.191090333893894e-22
1348.2299999999289,1569.2018340265377,725.1737517958045,1.3625235552283153e-05,3.964060372156842e-09,2.1411067974244084e-22
1348.2399999999288,1569.2018340265377,725.1766448374837,1.3587811347324812e-05,3.924658609722122e-09,2.0929895975414658e-22
1348.2499999999288,1569.2018340265377,725.1795378593299,1.355528421053931e-05,3.885638738297417e-09,2.0466673393932576e-22
1348.2599999999288,1569.2018340265377,725.182430861344,1.3527637836367497e-05,3.846997156126476e-09,2.00207106588233e-22
1348.2699999999288,1569.2018340265377,725.1853238435259,1.350485578514342e-05,3.808730294434368e-09,1.9591341833835294e-22
1348.2799999999288,1569.2018340265377,725.1882168058755,1.348692148371161e-05,3.770834617132198e-09,1.917792389429984e-22
1348.2899999999288,1569.2018340265377,725.1911097483934,1.3473818226123586e-05,3.733306620512311e-09,1.877983602409245e-22
1348.2999999999288,1569.2018340265377,725.1940026710796,1.3465529174457387e-05,3.6961428329778188e-09,1.8396478932670206e-22
1348.3099999999288,1569.2018340265377,725.1968955739344,1.3462037359053852e-05,3.6593398147502605e-09,1.802727419013583e-22
1348.3199999999288,1569.2018340265377,725.199788456958,1.3463325679663566e-05,3.6228941575889133e-09,1.7671663582254292e-22
1348.3299999999288,1569.2018340265377,725.2026813201504,1.3469376905878643e-05,3.5868024845136954e-09,1.7329108482596087e-22
1348.3399999999288,1569.2018340265377,725.2055741635122,1.3480173678042425e-05,3.5510614495177363e-09,1.6999089242843412e-22
1348.3499999999287,1569.2018340265377,725.2084669870433,1.3495698507795564e-05,3.5156677373079175e-09,1.668110460004817e-22
1348.3599999999287,1569.2018340265377,725.2113597907439,1.3515933778838881e-05,3.4806180630179684e-09,1.6374671100627707e-22
1348.3699999999287,1569.2018340265377,725.2142525746143,1.3540861747676915e-05,3.4459091719464536e-09,1.6079322540851713e-22
1348.3799999999287,1569.2018340265377,725.2171453386549,1.3570464544001233e-05,3.4115378392819165e-09,1.5794609422641212e-22
1348.3899999999287,1569.2018340265377,725.2200380828656,1.3604724171872834e-05,3.377500869846503e-09,1.5520098425943432e-22
1348.3999999999287,1569.2018340265377,725.2229308072464,1.3643622510872977e-05,3.3437950978282597e-09,1.5255371895940473e-22
1348.4099999999287,1569.2018340265377,725.225823511798,1.368714131519852e-05,3.3104173865080947e-09,1.5000027342550247e-22
1348.4199999999287,1569.2018340265377,725.2287161965205,1.373526221567001e-05,3.277364628020653e-09,1.4753676957845768e-22
1348.4299999999287,1569.2018340265377,725.2316088614141,1.3787966720886907e-05,3.244633743085601e-09,1.4515947146022135e-22
1348.4399999999287,1569.2018340265377,725.2345015064788,1.384523621659388e-05,3.2122216807581403e-09,1.4286478065163506e-22
1348.4499999999287,1569.2018340265377,725.2373941317146,1.3907051967447195e-05,3.1801254181728463e-09,1.4064923184714748e-22
1348.4599999999286,1569.2018340265377,725.2402867371225,1.3973395116956282e-05,3.1483419602872103e-09,1.3850948853831523e-22
1348.4699999999286,1569.2018340265377,725.2431793227021,1.4044246689226294e-05,3.116868339652385e-09,1.364423388429379e-22
1348.4799999999286,1569.2018340265377,725.2460718884536,1.411958758932836e-05,3.0857016161521497e-09,1.3444469143858345e-22
1348.4899999999286,1569.2018340265377,725.2489644343773,1.4199398603028969e-05,3.0548388767604056e-09,1.3251357161046725e-22
1348.4999999999286,1569.2018340265377,725.2518569604734,1.4283660399437732e-05,3.0242772353031394e-09,1.306461174426286e-22
1348.5099999999286,1569.2018340265377,725.2547494667424,1.4372353529690938e-05,2.994013832216407e-09,1.2883957608310197e-22
1348.5199999999286,1569.2018340265377,725.2576419531841,1.4465458430045101e-05,2.9640458343134927e-09,1.2709130015990463e-22
1348.5299999999286,1569.2018340265377,725.2605344197988,1.4562955420615668e-05,2.9343704345444514e-09,1.2539874426243568e-22
1348.5399999999286,1569.2018340265377,725.2634268665869,1.4664824705905482e-05,2.9049848517593817e-09,1.2375946154368201e-22
1348.5499999999286,1569.2018340265377,725.2663192935485,1.4771046378962744e-05,2.8758863304872318e-09,1.2217110045441216e-22
1348.5599999999286,1569.2018340265377,725.2692117006834,1.4881600418154413e-05,2.8470721407016268e-09,1.2063140151072362e-22
1348.5699999999285,1569.2018340265377,725.2721040879924,1.4996466689819709e-05,2.8185395775843516e-09,1.191381942071971e-22
1348.5799999999285,1569.2018340265377,725.2749964554755,1.5115624948297475e-05,2.790285961313351e-09,1.1768939400232502e-22
1348.5899999999285,1569.2018340265377,725.2778888031329,1.5239054838254468e-05,2.762308636833526e-09,1.16282999410739e-22
1348.5999999999285,1569.2018340265377,725.2807811309647,1.5366735894725566e-05,2.7346049736348947e-09,1.1491708916505865e-22
1348.6099999999285,1569.2018340265377,725.2836734389709,1.5498647541873227e-05,2.7071723655329595e-09,1.1358981945440539e-22
1348.6199999999285,1569.2018340265377,725.2865657271524,1.5634769096747758e-05,2.680008230445472e-09,1.1229942128314942e-22
1348.6299999999285,1569.2018340265377,725.289457995509,1.5775079768600834e-05,2.653110010188263e-09,1.110441978778735e-22
1348.6399999999285,1569.2018340265377,725.2923502440407,1.591955866079972e-05,2.6264751702556625e-09,1.0982252219062175e-22
1348.6499999999285,1569.2018340265377,725.2952424727479,1.606818476918573e-05,2.6001011996019823e-09,1.0863283445344643e-22
1348.6599999999285,1569.2018340265377,725.2981346816307,1.622093698568171e-05,2.5739856104394867e-09,1.074736398452018e-22
1348.6699999999285,1569.2018340265377,725.3010268706896,1.6377794097238377e-05,2.548125938023591e-09,1.063435061967369e-22
1348.6799999999284,1569.2018340265377,725.3039190399245,1.6538734787859345e-05,2.5225197404542224e-09,1.0524106178855481e-22
1348.6899999999284,1569.2018340265377,725.3068111893358,1.670373763844403e-05,2.4971645984606664e-09,1.0416499320061213e-22
1348.6999999999284,1569.2018340265377,725.3097033189237,1.6872781128699213e-05,2.4720581152064033e-09,1.0311404324336085e-22
1348.7099999999284,1569.2018340265377,725.312595428688,1.704584363654133e-05,2.4471979160855706e-09,1.0208700893657798e-22
1348.7199999999284,1569.2018340265377,725.3154875186294,1.722290344067065e-05,2.4225816485183775e-09,1.010827395703011e-22
1348.7299999999284,1569.2018340265377,725.3183795887479,1.7403938719167542e-05,2.3982069817599677e-09,1.0010013480352258e-22
1348.7399999999284,1569.2018340265377,725.3212716390439,1.758892755156972e-05,2.3740716066993266e-09,9.913814284231615e-23
1348.7499999999284,1569.2018340265377,725.3241636695172,1.7777847921669818e-05,2.350173235669383e-09,9.81957586793904e-23
1348.7599999999284,1569.2018340265377,725.3270556801682,1.7970677713961616e-05,2.3265096022503957e-09,9.72720223531764e-23
1348.7699999999284,1569.2018340265377,725.3299476709973,1.816739471896995e-05,2.3030784610760015e-09,9.636601731137832e-23
1348.7799999999284,1569.2018340265377,725.3328396420045,1.836797663067667e-05,2.27987758765201e-09,9.547686878421714e-23
1348.7899999999283,1569.2018340265377,725.3357315931902,1.8572401047974345e-05,2.256904778161106e-09,9.460374223037144e-23
1348.7999999999283,1569.2018340265377,725.3386235245542,1.8780645479787438e-05,2.234157849282939e-09,9.37458418517917e-23
1348.8099999999283,1569.2018340265377,725.341515436097,1.8992687337922645e-05,2.2116346380022837e-09,9.290240909317494e-23
1348.8199999999283,1569.2018340265377,725.3444073278189,1.9208503945819526e-05,2.1893330014287593e-09,9.207272127032621e-23
1348.8299999999283,1569.2018340265377,725.3472991997199,1.9428072533668502e-05,2.167250816619764e-09,9.125609017560338e-23
1348.8399999999283,1569.2018340265377,725.3501910518003,1.96513702439676e-05,2.1453859803961865e-09,9.045186077837133e-23
1348.8499999999283,1569.2018340265377,725.3530828840601,1.9878374127327685e-05,2.1237364091640975e-09,8.965940992224609e-23
1348.8599999999283,1569.2018340265377,725.3559746964997,2.0109061147953193e-05,2.1023000387381044e-09,8.887814510975434e-23
1348.8699999999283,1569.2018340265377,725.3588664891195,2.034340818024027e-05,2.081074824167818e-09,8.810750328673606e-23
1348.8799999999283,1569.2018340265377,725.3617582619192,2.0581392016784768e-05,2.060058739564952e-09,8.734694971680864e-23
1348.8899999999282,1569.2018340265377,725.3646500148996,2.082298936023962e-05,2.039249777926209e-09,8.659597682274617e-23
1348.8999999999282,1569.2018340265377,725.3675417480604,2.1068176827556943e-05,2.0186459509692268e-09,8.585410312111338e-23
1348.9099999999282,1569.2018340265377,725.3704334614022,2.131693095586846e-05,1.998245288956881e-09,8.512087219663494e-23
1348.9199999999282,1569.2018340265377,725.3733251549246,2.15692281961153e-05,1.978045840538382e-09,8.43958516625112e-23
1348.9299999999282,1569.2018340265377,725.3762168286283,2.1825044918194366e-05,1.958045672570321e-09,8.367863220055851e-23
1348.9399999999282,1569.2018340265377,725.3791084825136,2.2084357408042046e-05,1.9382428699622883e-09,8.296882660395074e-23
1348.9499999999282,1569.2018340265377,725.3820001165806,2.234714187608998e-05,1.9186355355110537e-09,8.226606889447331e-23
1348.9599999999282,1569.2018340265377,725.3848917308292,2.261337444774433e-05,1.899221789738641e-09,8.157001340275818e-23
1348.9699999999282,1569.2018340265377,725.3877833252596,2.2883031177026646e-05,1.879999770729554e-09,8.088033396495087e-23
1348.9799999999282,1569.2018340265377,725.3906748998726,2.3156088030187462e-05,1.860967633970987e-09,8.019672303916437e-23
1348.9899999999282,1569.2018340265377,725.393566454668,2.3432520904458916e-05,1.8421235522011499e-09,7.95188909774849e-23
1348.9999999999281,1569.2018340265377,725.3964579896458,2.3712305618001917e-05,1.8234657152491116e-09,7.884656522129249e-23
1349.0099999999281,1569.2018340265377,725.3993495048065,2.3995417915160445e-05,1.804992329876967e-09,7.817948957775307e-23
1349.0199999999281,1569.2018340265377,725.4022410001503,2.4281833462369823e-05,1.7867016196313614e-09,7.751742349123195e-23
1349.0299999999281,1569.2018340265377,725.4051324756774,2.4571527858281874e-05,1.7685918246876586e-09,7.686014138543988e-23
1349.039999999928,1569.2018340265377,725.4080239313878,2.4864476624990158e-05,1.7506612017032672e-09,7.620743196906325e-23
1349.049999999928,1569.2018340265377,725.4109153672819,2.5160655216239466e-05,1.7329080236616395e-09,7.555909761872447e-23
1349.059999999928,1569.2018340265377,725.41380678336,2.546003900983008e-05,1.7153305797283355e-09,7.491495373646621e-23
1349.069999999928,1569.2018340265377,725.4166981796219,2.576260331941101e-05,1.6979271751067297e-09,7.427482818821059e-23
1349.079999999928,1569.2018340265377,725.4195895560681,2.606832338886076e-05,1.6806961308846973e-09,7.363856070967693e-23
1349.089999999928,1569.2018340265377,725.4224809126988,2.6377174391969485e-05,1.6636357838958003e-09,7.300600235124076e-23
1349.099999999928,1569.2018340265377,725.4253722495143,2.6689131435638592e-05,1.6467444865740588e-09,7.237701495219085e-23
1349.109999999928,1569.2018340265377,725.4282635665146,2.7004169562253616e-05,1.6300206068154094e-09,7.175147063198348e-23
1349.119999999928,1569.2018340265377,725.4311548636998,2.7322263749059587e-05,1.6134625278323552e-09,7.11292512914143e-23
1349.129999999928,1569.2018340265377,725.4340461410703,2.764338890791877e-05,1.5970686480160078e-09,7.051024813412036e-23
1349.139999999928,1569.2018340265377,725.4369373986265,2.7967519887595622e-05,1.580837380798528e-09,6.989436121241123e-23
1349.149999999928,1569.2018340265377,725.4398286363684,2.8294631474792406e-05,1.5647671545174537e-09,6.928149898683482e-23
1349.159999999928,1569.2018340265377,725.442719854296,2.862469839427221e-05,1.5488564122792537e-09,6.867157789996958e-23
1349.169999999928,1569.2018340265377,725.4456110524095,2.8957695312696326e-05,1.5331036118234927e-09,6.806452197522455e-23
1349.179999999928,1569.2018340265377,725.4485022307097,2.929359683229719e-05,1.517507225386488e-09,6.746026240681904e-23
1349.189999999928,1569.2018340265377,725.4513933891963,2.9632377500923076e-05,1.5020657395782936e-09,6.685873720492274e-23
1349.199999999928,1569.2018340265377,725.4542845278695,2.9974011807173787e-05,1.4867776552436507e-09,6.625989081833566e-23
1349.209999999928,1569.2018340265377,725.4571756467295,3.0318474182198708e-05,1.4716414873351772e-09,6.566367378831794e-23
1349.219999999928,1569.2018340265377,725.4600667457768,3.066573900102495e-05,1.456655764782296e-09,6.50700424143541e-23
1349.229999999928,1569.2018340265377,725.4629578250114,3.101578058478351e-05,1.4418190303671639e-09,6.447895843541344e-23
1349.239999999928,1569.2018340265377,725.4658488844334,3.1368573200196247e-05,1.4271298405964069e-09,6.389038871761205e-23
1349.249999999928,1569.2018340265377,725.4687399240431,3.172409106160286e-05,1.4125867655751885e-09,6.330430495978817e-23
1349.259999999928,1569.2018340265377,725.471630943841,3.2082308329182e-05,1.3981883888824583e-09,6.272068340333012e-23
1349.269999999928,1569.2018340265377,725.4745219438267,3.244319911216105e-05,1.3839333074522635e-09,6.213950456422087e-23
1349.279999999928,1569.2018340265377,725.4774129240009,3.2806737473902384e-05,1.3698201314449442e-09,6.156075297822138e-23
1349.2899999999279,1569.2018340265377,725.4803038843635,3.317289742207583e-05,1.3558474841311989e-09,6.098441692955341e-23
1349.2999999999279,1569.2018340265377,725.483194824915,3.354165291806242e-05,1.3420140017688522e-09,6.04104882263711e-23
1349.3099999999279,1569.2018340265377,725.4860857456555,3.3912977876571814e-05,1.328318333487846e-09,5.983896196776872e-23
1349.3199999999279,1569.2018340265377,725.488976646585,3.4286846168403964e-05,1.3147591411696576e-09,5.92698363256848e-23
1349.3299999999278,1569.2018340265377,725.4918675277037,3.466323161087703e-05,1.3013350993310988e-09,5.870311231526146e-23
1349.3399999999278,1569.2018340265377,725.4947583890122,3.504210798665149e-05,1.2880448950059822e-09,5.813879362332442e-23
1349.3499999999278,1569.2018340265377,725.4976492305104,3.5423449026093003e-05,1.2748872276367566e-09,5.757688638348976e-23
1349.3599999999278,1569.2018340265377,725.5005400521985,3.5807228421738126e-05,1.2618608089559902e-09,5.701739901365003e-23
1349.3699999999278,1569.2018340265377,725.5034308540768,3.619341982245075e-05,1.248964362873823e-09,5.646034202769884e-23
1349.3799999999278,1569.2018340265377,725.5063216361453,3.658199683718601e-05,1.2361966253682725e-09,5.590572787135047e-23
1349.3899999999278,1569.2018340265377,725.5092123984047,3.697293303458582e-05,1.223556344372057e-09,5.535357075839628e-23
1349.3999999999278,1569.2018340265377,725.5121031408547,3.736620194302902e-05,1.2110422796663654e-09,5.480388651578212e-23
1349.4099999999278,1569.2018340265377,725.5149938634956,3.776177705473187e-05,1.1986532027696211e-09,5.425669244121979e-23
1349.4199999999278,1569.2018340265377,725.5178845663279,3.815963182401986e-05,1.186387896828773e-09,5.371200715901649e-23
1349.4299999999278,1569.2018340265377,725.5207752493513,3.8559739667776994e-05,1.1742451565163329e-09,5.316985048641999e-23
1349.4399999999277,1569.2018340265377,725.5236659125665,3.896207397347651e-05,1.162223787919744e-09,5.263024331586623e-23
1349.4499999999277,1569.2018340265377,725.5265565559733,3.9366608085077445e-05,1.150322608440229e-09,5.209320747366583e-23
1349.4599999999277,1569.2018340265377,725.5294471795723,3.9773315317881154e-05,1.1385404466864905e-09,5.155876562407805e-23
1349.4699999999277,1569.2018340265377,725.5323377833636,4.018216895978289e-05,1.12687614237347e-09,5.102694115989787e-23
1349.4799999999277,1569.2018340265377,725.5352283673469,4.0593142259110344e-05,1.1153285462201908e-09,5.049775808167095e-23
1349.4899999999277,1569.2018340265377,725.538118931523,4.100620843852152e-05,1.10389651984484e-09,4.99712409156528e-23
1349.4999999999277,1569.2018340265377,725.541009475892,4.142134068785014e-05,1.0925789356681742e-09,4.944741461040296e-23
1349.5099999999277,1569.2018340265377,725.5439000004541,4.183851217289402e-05,1.0813746768144217e-09,4.89263044578357e-23
1349.5199999999277,1569.2018340265377,725.5467905052092,4.2257696028720925e-05,1.0702826370113562e-09,4.840793599994737e-23
1349.5299999999277,1569.2018340265377,725.5496809901576,4.267886536571407e-05,1.0593017204913408e-09,4.7892334955490443e-23
1349.5399999999277,1569.2018340265377,725.5525714552999,4.3101993266220066e-05,1.0484308418954268e-09,4.7379527140155923e-23
1349.5499999999276,1569.2018340265377,725.555461900636,4.352705278919972e-05,1.0376689261795313e-09,4.686953840027281e-23
1349.5599999999276,1569.2018340265377,725.5583523261661,4.395401697102608e-05,1.0270149085171533e-09,4.6362394545583334e-23
1349.5699999999276,1569.2018340265377,725.5612427318903,4.4382858824281585e-05,1.016467734205189e-09,4.585812128406155e-23
1349.5799999999276,1569.2018340265377,725.564133117809,4.4813551337206025e-05,1.006026358570517e-09,4.5356744161390984e-23
1349.5899999999276,1569.2018340265377,725.5670234839224,4.524606748287374e-05,9.956897468782599e-10,4.4858288513923694e-23
1349.5999999999276,1569.2018340265377,725.5699138302307,4.568038020912839e-05,9.854568742400473e-10,4.436277940529815e-23
1349.6099999999276,1569.2018340265377,725.5728041567339,4.611646244915032e-05,9.753267255226247e-10,4.387024158729071e-23
1349.6199999999276,1569.2018340265377,725.5756944634325,4.65542871120713e-05,9.652982952570053e-10,4.338069944406186e-23
1349.6299999999276,1569.2018340265377,725.5785847503264,4.6993827097905534e-05,9.553705875507305e-10,4.289417696305114e-23
1349.6399999999276,1569.2018340265377,725.581475017416,4.743505528529694e-05,9.455426159981611e-10,4.2410697682630076e-23
1349.6499999999276,1569.2018340265377,725.5843652647015,4.787794453916252e-05,9.358134035928006e-10,4.1930284661580283e-23
1349.6599999999275,1569.2018340265377,725.5872554921832,4.832246770970832e-05,9.261819826415111e-10,4.1452960443197025e-23
1349.6699999999275,1569.2018340265377,725.5901456998611,4.8768597632445e-05,9.166473946775462e-10,4.0978747022832837e-23
1349.6799999999275,1569.2018340265377,725.5930358877354,4.921630713798906e-05,9.072086903748374e-10,4.050766582608863e-23
1349.6899999999275,1569.2018340265377,725.5959260558062,4.9665569036915135e-05,8.978649294640891e-10,4.0039737668431944e-23
1349.6999999999275,1569.2018340265377,725.5988162040742,5.011635613329663e-05,8.886151806471252e-10,3.9574982741128966e-23
1349.7099999999275,1569.2018340265377,725.6017063325392,5.056864121800059e-05,8.794585215173942e-10,3.9113420582882824e-23
1349.7199999999275,1569.2018340265377,725.6045964412015,5.102239708384191e-05,8.703940384739959e-10,3.865507007019293e-23
1349.7299999999275,1569.2018340265377,725.6074865300611,5.147759650680467e-05,8.614208266425501e-10,3.8199949383699575e-23
1349.7399999999275,1569.2018340265377,725.6103765991185,5.193421225536468e-05,8.52537989792167e-10,3.7748075998270245e-23
1349.7499999999275,1569.2018340265377,725.613266648374,5.239221710021719e-05,8.437446402560451e-10,3.729946667463018e-23
1349.7599999999275,1569.2018340265377,725.6161566778273,5.2851583802267684e-05,8.350398988543918e-10,3.685413743691149e-23
1349.7699999999274,1569.2018340265377,725.619046687479,5.331228511945658e-05,8.264228948119122e-10,3.641210356529965e-23
1349.7799999999274,1569.2018340265377,725.6219366773294,5.377429380630687e-05,8.178927656811652e-10,3.5973379585304456e-23
1349.7899999999274,1569.2018340265377,725.6248266473782,5.4237582616903475e-05,8.094486572675799e-10,3.553797926095959e-23
1349.7999999999274,1569.2018340265377,725.6277165976261,5.470212430714152e-05,8.010897235484831e-10,3.510591558820557e-23
1349.8099999999274,1569.2018340265377,725.630606528073,5.516789162713775e-05,7.928151266011508e-10,3.46772007840638e-23
1349.8199999999274,1569.2018340265377,725.6334964387195,5.563485733263036e-05,7.846240365245639e-10,3.4251846288832073e-23
1349.8299999999274,1569.2018340265377,725.6363863295654,5.61029941803519e-05,7.765156313674557e-10,3.382986275949911e-23
1349.8399999999274,1569.2018340265377,725.6392762006108,5.6572274931053014e-05,7.684890970533769e-10,3.341126006893601e-23
1349.8499999999274,1569.2018340265377,725.6421660518563,5.704267234742127e-05,7.605436273046344e-10,3.2996047302912114e-23
1349.8599999999274,1569.2018340265377,725.645055883302,5.7514159195991376e-05,7.526784235744541e-10,3.258423276128028e-23
1349.8699999999274,1569.2018340265377,725.647945694948,5.7986708254539154e-05,7.448926949724998e-10,3.217582396246902e-23
1349.8799999999273,1569.2018340265377,725.6508354867946,5.8460292303099286e-05,7.371856581935883e-10,3.177082763977363e-23
1349.8899999999273,1569.2018340265377,725.6537252588416,5.8934884132425e-05,7.295565374479778e-10,3.136924974856743e-23
1349.8999999999273,1569.2018340265377,725.6566150110899,5.941045653557376e-05,7.220045643889713e-10,3.097109546474179e-23
1349.9099999999273,1569.2018340265377,725.6595047435394,5.988698232528348e-05,7.145289780471106e-10,3.0576369198214454e-23
1349.9199999999273,1569.2018340265377,725.6623944561901,6.0364434319341606e-05,7.071290247596268e-10,3.018507458964029e-23
1349.9299999999273,1569.2018340265377,725.6652841490423,6.0842785346659244e-05,6.99803958101459e-10,2.979721451902606e-23
1349.9399999999273,1569.2018340265377,725.6681738220964,6.132200824732382e-05,6.925530388188924e-10,2.941279111194276e-23
1349.9499999999273,1569.2018340265377,725.6710634753525,6.180207587961955e-05,6.853755347620984e-10,2.903180574951907e-23
1349.9599999999273,1569.2018340265377,725.6739531088107,6.228296111339139e-05,6.78270720820242e-10,2.8654259072525406e-23
1349.9699999999273,1569.2018340265377,725.6768427224712,6.276463683650605e-05,6.712378788535051e-10,2.828015099201906e-23
1349.9799999999273,1569.2018340265377,725.6797323163345,6.324707594599771e-05,6.642762976288733e-10,2.7909480693675234e-23
1349.9899999999272,1569.2018340265377,725.6826218904004,6.373025136397067e-05,6.573852727575055e-10,2.754224665389873e-23
1349.9999999999272,1569.2018340265377,725.6855114446693,6.421413603001325e-05,6.505641066275277e-10,2.7178446645162985e-23
