signal_nm,fixed_idler_display_nm,pump_from_energy_nm,pmf2_norm,pump_amp_norm,f2_norm
1270.0,1569.2018340265377,701.9178084945811,6.846152099001577e-05,1.942181380436364e-10,2.582497483251807e-24
1270.01,1569.2018340265377,701.9208631593128,6.801744403615406e-05,1.9643253049127444e-10,2.6245866873646765e-24
1270.02,1569.2018340265377,701.923917802527,6.757337429714444e-05,1.986715835455264e-10,2.6672326811802267e-24
1270.03,1569.2018340265377,701.9269724242238,6.712933617031394e-05,2.0093556500947667e-10,2.710439815267662e-24
1270.04,1569.2018340265377,701.9300270244032,6.668535409277665e-05,2.0322474551626916e-10,2.7542124003814673e-24
1270.05,1569.2018340265377,701.9330816030658,6.624145254332427e-05,2.0553939855899374e-10,2.7985547053752837e-24
1270.06,1569.2018340265377,701.9361361602118,6.579765604096384e-05,2.0787980051927705e-10,2.8434709549174434e-24
1270.07,1569.2018340265377,701.9391906958413,6.53539891419803e-05,2.1024623069696561e-10,2.888965327134664e-24
1270.08,1569.2018340265377,701.9422452099544,6.491047643690428e-05,2.1263897134049293e-10,2.9350419512263974e-24
1270.09,1569.2018340265377,701.9452997025516,6.446714255991269e-05,2.150583076767576e-10,2.981704905596828e-24
1270.1,1569.2018340265377,701.9483541736329,6.402401217579718e-05,2.1750452794171494e-10,3.028958214980484e-24
1270.11,1569.2018340265377,701.9514086231987,6.358110999135241e-05,2.1997792341129924e-10,3.0768058486551865e-24
1270.12,1569.2018340265377,701.954463051249,6.313846073600847e-05,2.224787884320886e-10,3.1252517171796036e-24
1270.1299999999999,1569.2018340265377,701.9575174577843,6.269608918435606e-05,2.2500742045365766e-10,3.1742996711526236e-24
1270.1399999999999,1569.2018340265377,701.9605718428048,6.22540201421339e-05,2.2756412005950224e-10,3.2239534981773713e-24
1270.1499999999999,1569.2018340265377,701.9636262063106,6.181227843814176e-05,2.3014919099917727e-10,3.274216920064994e-24
1270.1599999999999,1569.2018340265377,701.9666805483018,6.137088894022127e-05,2.3276294022115557e-10,3.325093591293277e-24
1270.1699999999998,1569.2018340265377,701.9697348687788,6.092987654378007e-05,2.3540567790505106e-10,3.376587096032923e-24
1270.1799999999998,1569.2018340265377,701.972789167742,6.04892661731972e-05,2.380777174952236e-10,3.428700945854437e-24
1270.1899999999998,1569.2018340265377,701.9758434451915,6.0049082783809315e-05,2.407793757332501e-10,3.481438577443922e-24
1270.1999999999998,1569.2018340265377,701.9788977011273,5.960935135108674e-05,2.4351097269218266e-10,3.5348033496270194e-24
1270.2099999999998,1569.2018340265377,701.9819519355498,5.917009688527979e-05,2.462728318106717e-10,3.58879854185158e-24
1270.2199999999998,1569.2018340265377,701.9850061484592,5.873134441818381e-05,2.490652799270135e-10,3.643427351064393e-24
1270.2299999999998,1569.2018340265377,701.9880603398559,5.829311900556937e-05,2.518886473140428e-10,3.698692889509202e-24
1270.2399999999998,1569.2018340265377,701.9911145097399,5.785544573059224e-05,2.547432677137436e-10,3.754598182614374e-24
1270.2499999999998,1569.2018340265377,701.9941686581114,5.741834969495678e-05,2.5762947837324963e-10,3.811146166157573e-24
1270.2599999999998,1569.2018340265377,701.997222784971,5.698185602664613e-05,2.6054762008026944e-10,3.868339684483417e-24
1270.2699999999998,1569.2018340265377,702.0002768903184,5.6545989873878796e-05,2.6349803719882464e-10,3.9261814878713615e-24
1270.2799999999997,1569.2018340265377,702.0033309741542,5.611077639891257e-05,2.6648107770633993e-10,3.98467422991044e-24
1270.2899999999997,1569.2018340265377,702.0063850364785,5.5676240794895884e-05,2.694970932300019e-10,4.043820466503555e-24
1270.2999999999997,1569.2018340265377,702.0094390772916,5.524240826468582e-05,2.725464390841348e-10,4.1036226522834585e-24
1270.3099999999997,1569.2018340265377,702.0124930965937,5.4809304031872e-05,2.7562947430738564e-10,4.164083139309865e-24
1270.3199999999997,1569.2018340265377,702.0155470943849,5.4376953335277016e-05,2.787465617008325e-10,4.225204174674003e-24
1270.3299999999997,1569.2018340265377,702.0186010706655,5.3945381431674216e-05,2.8189806786636827e-10,4.286987898768394e-24
1270.3399999999997,1569.2018340265377,702.021655025436,5.351461359274904e-05,2.850843632457076e-10,4.3494363432030556e-24
1270.3499999999997,1569.2018340265377,702.0247089586961,5.30846751032462e-05,2.8830582215785764e-10,4.412551428814253e-24
1270.3599999999997,1569.2018340265377,702.0277628704464,5.26555912585858e-05,2.915628228404293e-10,4.4763349638044e-24
1270.3699999999997,1569.2018340265377,702.030816760687,5.222738737187037e-05,2.9485574748834945e-10,4.540788642678706e-24
1270.3799999999997,1569.2018340265377,702.0338706294183,5.1800088765316e-05,2.981849822944194e-10,4.6059140440298605e-24
1270.3899999999996,1569.2018340265377,702.0369244766404,5.13737207695997e-05,3.0155091748951074e-10,4.6717126290344234e-24
1270.3999999999996,1569.2018340265377,702.0399783023532,5.094830872562345e-05,3.0495394738365904e-10,4.738185740303614e-24
1270.4099999999996,1569.2018340265377,702.0430321065575,5.052387798528675e-05,3.0839447040821354e-10,4.805334600813913e-24
1270.4199999999996,1569.2018340265377,702.0460858892533,5.010045390570347e-05,3.118728891566045e-10,4.873160312296966e-24
1270.4299999999996,1569.2018340265377,702.0491396504408,4.967806185383044e-05,3.1538961042679035e-10,4.941663854781285e-24
1270.4399999999996,1569.2018340265377,702.0521933901201,4.9256727199052024e-05,3.189450452639862e-10,5.01084608512721e-24
1270.4499999999996,1569.2018340265377,702.0552471082915,4.883647531832873e-05,3.225396090038273e-10,5.080707736941544e-24
1270.4599999999996,1569.2018340265377,702.0583008049555,4.841733159147159e-05,3.26173721316097e-10,5.151249419699622e-24
1270.4699999999996,1569.2018340265377,702.0613544801121,4.7999321402145226e-05,3.298478062475193e-10,5.222471618576058e-24
1270.4799999999996,1569.2018340265377,702.0644081337614,4.7582470135747186e-05,3.335622922668597e-10,5.294374694207476e-24
1270.4899999999996,1569.2018340265377,702.0674617659038,4.716680318133368e-05,3.3731761230981096e-10,5.366958883082907e-24
1270.4999999999995,1569.2018340265377,702.0705153765396,4.6752345924636526e-05,3.4111420382390606e-10,5.4402242971457605e-24
1270.5099999999995,1569.2018340265377,702.0735689656688,4.633912375397736e-05,3.4495250881369225e-10,5.514170925061646e-24
1270.5199999999995,1569.2018340265377,702.0766225332917,4.5927162054460606e-05,3.488329738876457e-10,5.588798632452835e-24
1270.5299999999995,1569.2018340265377,702.0796760794085,4.551648621029086e-05,3.5275605030398227e-10,5.6641071632749854e-24
1270.5399999999995,1569.2018340265377,702.0827296040197,4.510712160512919e-05,3.5672219401849007e-10,5.740096141321082e-24
1270.5499999999995,1569.2018340265377,702.0857831071254,4.4699093612771764e-05,3.60731865730645e-10,5.8167650707085856e-24
1270.5599999999995,1569.2018340265377,702.0888365887255,4.4292427605423315e-05,3.647855309322135e-10,5.8941133389323275e-24
1270.5699999999995,1569.2018340265377,702.0918900488206,4.388714894998079e-05,3.688836599563792e-10,5.972140218770056e-24
1270.5799999999995,1569.2018340265377,702.0949434874108,4.3483283007510246e-05,3.730267280252218e-10,6.050844870854889e-24
1270.5899999999995,1569.2018340265377,702.0979969044964,4.3080855124767085e-05,3.772152152999195e-10,6.130226345553514e-24
1270.5999999999995,1569.2018340265377,702.1010503000774,4.2679890648395614e-05,3.814496069296173e-10,6.210283588317095e-24
1270.6099999999994,1569.2018340265377,702.1041036741542,4.2280414910048845e-05,3.8573039310309507e-10,6.291015441466992e-24
1270.6199999999994,1569.2018340265377,702.1071570267272,4.1882453234938224e-05,3.900580690987659e-10,6.372420649619133e-24
1270.6299999999994,1569.2018340265377,702.1102103577964,4.148603093483959e-05,3.94433135335112e-10,6.454497863313835e-24
1270.6399999999994,1569.2018340265377,702.1132636673619,4.109117330589934e-05,3.988560974237351e-10,6.537245643813835e-24
1270.6499999999994,1569.2018340265377,702.1163169554243,4.0697905637791695e-05,4.0332746622144655e-10,6.620662470152952e-24
1270.6599999999994,1569.2018340265377,702.1193702219836,4.030625320214725e-05,4.07847757882239e-10,6.704746743438668e-24
1270.6699999999994,1569.2018340265377,702.12242346704,3.9916241257304806e-05,4.1241749391120156e-10,6.789496794276092e-24
1270.6799999999994,1569.2018340265377,702.1254766905938,3.952789504319053e-05,4.1703720121817294e-10,6.87491088912975e-24
1270.6899999999994,1569.2018340265377,702.128529892645,3.9141239783079246e-05,4.217074121717021e-10,6.960987238386758e-24
1270.6999999999994,1569.2018340265377,702.1315830731943,3.875630068839297e-05,4.264286646552972e-10,7.047724005700129e-24
1270.7099999999994,1569.2018340265377,702.1346362322416,3.837310294418805e-05,4.3120150212072957e-10,7.135119314404034e-24
1270.7199999999993,1569.2018340265377,702.1376893697872,3.799167171965191e-05,4.360264736451511e-10,7.223171259124928e-24
1270.7299999999993,1569.2018340265377,702.1407424858312,3.761203216356414e-05,4.4090413398775914e-10,7.311877915416081e-24
1270.7399999999993,1569.2018340265377,702.1437955803741,3.7234209403145156e-05,4.4583504364645684e-10,7.401237350685577e-24
1270.7499999999993,1569.2018340265377,702.146848653416,3.685822854347378e-05,4.5081976891503626e-10,7.49124763599369e-24
1270.7599999999993,1569.2018340265377,702.1499017049568,3.648411466594689e-05,4.558588819414928e-10,7.581906858474037e-24
1270.7699999999993,1569.2018340265377,702.1529547349973,3.611189282618242e-05,4.60952960787823e-10,7.673213134479972e-24
1270.7799999999993,1569.2018340265377,702.1560077435373,3.574158806033058e-05,4.661025894876098e-10,7.765164625297146e-24
1270.7899999999993,1569.2018340265377,702.1590607305773,3.537322537088766e-05,4.713083581067804e-10,7.857759549502286e-24
1270.7999999999993,1569.2018340265377,702.1621136961173,3.5006829737796994e-05,4.765708628038294e-10,7.9509962015834e-24
1270.8099999999993,1569.2018340265377,702.1651666401576,3.4642426115782746e-05,4.818907058906195e-10,8.044872968701139e-24
1270.8199999999993,1569.2018340265377,702.1682195626986,3.428003942620911e-05,4.872684958947511e-10,8.139388347160938e-24
1270.8299999999992,1569.2018340265377,702.1712724637405,3.3919694564795494e-05,4.927048476207674e-10,8.234540963517858e-24
1270.8399999999992,1569.2018340265377,702.174325343283,3.3561416389875046e-05,4.982003822124877e-10,8.330329592257146e-24
1270.8499999999992,1569.2018340265377,702.177378201327,3.3205229737231644e-05,5.037557272188666e-10,8.426753181122975e-24
1270.8599999999992,1569.2018340265377,702.1804310378726,3.2851159405885506e-05,5.093715166557591e-10,8.523810870485192e-24
1270.8699999999992,1569.2018340265377,702.1834838529197,3.249923016094861e-05,5.15048391070076e-10,8.621502018103786e-24
1270.8799999999992,1569.2018340265377,702.1865366464688,3.214946673534866e-05,5.207869976073463e-10,8.71982622511492e-24
1270.8899999999992,1569.2018340265377,702.1895894185199,3.180189382479905e-05,5.265879900757016e-10,8.81878336146052e-24
1270.8999999999992,1569.2018340265377,702.1926421690736,3.145653609226577e-05,5.324520290138744e-10,8.918373595391343e-24
1270.9099999999992,1569.2018340265377,702.1956948981298,3.1113418160390915e-05,5.383797817561938e-10,9.018597421031871e-24
1270.9199999999992,1569.2018340265377,702.1987476056887,3.0772564615922636e-05,5.443719225023187e-10,9.119455690920731e-24
1270.9299999999992,1569.2018340265377,702.2018002917508,3.0434000008271538e-05,5.504291323854978e-10,9.22094964849951e-24
1270.9399999999991,1569.2018340265377,702.2048529563161,3.0097748844418488e-05,5.565520995403335e-10,9.323080961071859e-24
1270.9499999999991,1569.2018340265377,702.2079055993851,2.9763835593276862e-05,5.627415191743709e-10,9.425851757413624e-24
1270.9599999999991,1569.2018340265377,702.2109582209577,2.943228467891295e-05,5.689980936367036e-10,9.529264663659786e-24
1270.9699999999991,1569.2018340265377,702.2140108210342,2.9103120487329873e-05,5.753225324907157e-10,9.633322845405966e-24
1270.979999999999,1569.2018340265377,702.2170633996151,2.8776367359466625e-05,5.817155525852206e-10,9.73803004733188e-24
1270.989999999999,1569.2018340265377,702.2201159567003,2.8452049592968697e-05,5.881778781262294e-10,9.843390637595605e-24
1270.999999999999,1569.2018340265377,702.22316849229,2.8130191437831865e-05,5.947102407513248e-10,9.949409652325247e-24
1271.009999999999,1569.2018340265377,702.2262210063848,2.781081710119635e-05,6.01313379603608e-10,1.0056092845380032e-23
1271.019999999999,1569.2018340265377,702.2292734989845,2.749395074387711e-05,6.079880414048273e-10,1.0163446737516429e-23
1271.029999999999,1569.2018340265377,702.2323259700897,2.717961647524441e-05,6.147349805326634e-10,1.0271478667253046e-23
1271.039999999999,1569.2018340265377,702.2353784197004,2.6867838361226343e-05,6.2155495909482e-10,1.0380196848875557e-23
1271.049999999999,1569.2018340265377,702.2384308478169,2.6558640411838623e-05,6.284487470075395e-10,1.0489610425432631e-23
1271.059999999999,1569.2018340265377,702.2414832544393,2.625204659321284e-05,6.354171220721089e-10,1.0599729533531267e-23
1271.069999999999,1569.2018340265377,702.2445356395681,2.5948080816001274e-05,6.424608700534075e-10,1.071056536179644e-23
1271.079999999999,1569.2018340265377,702.2475880032033,2.5646766941500143e-05,6.495807847588846e-10,1.082213021901665e-23
1271.089999999999,1569.2018340265377,702.2506403453451,2.5348128775195638e-05,6.567776681180707e-10,1.0934437600133585e-23
1271.099999999999,1569.2018340265377,702.253692665994,2.505219007219781e-05,6.640523302642003e-10,1.1047502260206297e-23
1271.109999999999,1569.2018340265377,702.25674496515,2.4758974529599304e-05,6.714055896138907e-10,1.1161340285862884e-23
1271.119999999999,1569.2018340265377,702.2597972428132,2.446850578837757e-05,6.788382729497403e-10,1.1275969174047032e-23
1271.129999999999,1569.2018340265377,702.262849498984,2.41808074370807e-05,6.863512155046081e-10,1.1391407915132428e-23
1271.139999999999,1569.2018340265377,702.2659017336629,2.3895903004647627e-05,6.939452610441751e-10,1.1507677074463422e-23
1271.149999999999,1569.2018340265377,702.2689539468497,2.3613815959653115e-05,7.016212619499852e-10,1.1624798880237476e-23
1271.159999999999,1569.2018340265377,702.2720061385447,2.3334569712382725e-05,7.093800793069534e-10,1.1742797316641388e-23
1271.169999999999,1569.2018340265377,702.2750583087482,2.305818761645137e-05,7.172225829886309e-10,1.1861698220680937e-23
1271.179999999999,1569.2018340265377,702.2781104574606,2.278469296048071e-05,7.251496517449757e-10,1.198152937798733e-23
1271.189999999999,1569.2018340265377,702.2811625846819,2.2514108973934865e-05,7.331621732874631e-10,1.2102320629723584e-23
1271.199999999999,1569.2018340265377,702.2842146904122,2.224645881909754e-05,7.412610443802803e-10,1.2224103976772937e-23
1271.209999999999,1569.2018340265377,702.287266774652,2.1981765601262242e-05,7.494471709291962e-10,1.2346913697945837e-23
1271.219999999999,1569.2018340265377,702.2903188374016,2.1720052356897137e-05,7.577214680715102e-10,1.2470786460918078e-23
1271.2299999999989,1569.2018340265377,702.2933708786611,2.1461342059263638e-05,7.660848602665968e-10,1.25957614473098e-23
1271.2399999999989,1569.2018340265377,702.2964228984305,2.1205657611037373e-05,7.745382813881619e-10,1.2721880475364113e-23
1271.2499999999989,1569.2018340265377,702.2994748967102,2.0953021854071664e-05,7.830826748187246e-10,1.2849188137719613e-23
1271.2599999999989,1569.2018340265377,702.3025268735006,2.070345755857546e-05,7.917189935418294e-10,1.2977731932244818e-23
1271.2699999999988,1569.2018340265377,702.3055788288018,2.045698742763328e-05,8.004482002363327e-10,1.3107562407338358e-23
1271.2799999999988,1569.2018340265377,702.3086307626138,2.0213634091487987e-05,8.092712673723015e-10,1.3238733306572999e-23
1271.2899999999988,1569.2018340265377,702.3116826749372,1.99734201141515e-05,8.181891773094354e-10,1.337130172700265e-23
1271.2999999999988,1569.2018340265377,702.3147345657719,1.973636798599591e-05,8.272029223911672e-10,1.3505328274321687e-23
1271.3099999999988,1569.2018340265377,702.3177864351185,1.950250012512717e-05,8.363135050459671e-10,1.364087722996598e-23
1271.3199999999988,1569.2018340265377,702.3208382829769,1.9271838878066294e-05,8.455219378838758e-10,1.377801672410408e-23
1271.3299999999988,1569.2018340265377,702.3238901093473,1.9044406514423414e-05,8.548292437987603e-10,1.3916818911129406e-23
1271.3399999999988,1569.2018340265377,702.3269419142304,1.8820225233273888e-05,8.642364560697817e-10,1.4057360160218324e-23
1271.3499999999988,1569.2018340265377,702.3299936976258,1.859931715359384e-05,8.737446184600373e-10,1.4199721241331352e-23
1271.3599999999988,1569.2018340265377,702.3330454595341,1.838170432116986e-05,8.833547853241527e-10,1.4343987530737547e-23
1271.3699999999988,1569.2018340265377,702.3360971999555,1.816740870415654e-05,8.930680217095385e-10,1.4490249215533444e-23
1271.3799999999987,1569.2018340265377,702.33914891889,1.7956452191051925e-05,9.028854034617542e-10,1.4638601507628308e-23
1271.3899999999987,1569.2018340265377,702.3422006163382,1.7748856591895394e-05,9.128080173320125e-10,1.4789144868332444e-23
1271.3999999999987,1569.2018340265377,702.3452522923001,1.754464363654708e-05,9.228369610816287e-10,1.4941985238817665e-23
1271.4099999999987,1569.2018340265377,702.3483039467758,1.734383497623168e-05,9.329733435922718e-10,1.5097234282020862e-23
1271.4199999999987,1569.2018340265377,702.3513555797659,1.7146452178219582e-05,9.43218284975468e-10,1.5255009627477563e-23
1271.4299999999987,1569.2018340265377,702.3544071912703,1.695251672919262e-05,9.535729166788734e-10,1.5415435132506117e-23
1271.4399999999987,1569.2018340265377,702.3574587812893,1.676205003188109e-05,9.64038381602406e-10,1.5578641147315116e-23
1271.4499999999987,1569.2018340265377,702.3605103498231,1.657507340449025e-05,9.746158342069427e-10,1.5744764791890628e-23
1271.4599999999987,1569.2018340265377,702.3635618968722,1.639160808173493e-05,9.85306440629988e-10,1.5913950244679873e-23
1271.4699999999987,1569.2018340265377,702.3666134224366,1.6211675212656435e-05,9.961113787975676e-10,1.6086349038499246e-23
1271.4799999999987,1569.2018340265377,702.3696649265162,1.6035295858217545e-05,1.0070318385400545e-09,1.626212036680938e-23
1271.4899999999986,1569.2018340265377,702.3727164091118,1.586249099293494e-05,1.018069021712705e-09,1.644143140508884e-23
1271.4999999999986,1569.2018340265377,702.3757678702235,1.569328150549059e-05,1.0292241423071818e-09,1.6624457642483673e-23
1271.5099999999986,1569.2018340265377,702.3788193098513,1.552768819248522e-05,1.0404984265735105e-09,1.6811383218259128e-23
1271.5199999999986,1569.2018340265377,702.3818707279955,1.5365731761158483e-05,1.0518931131399031e-09,1.7002401279399194e-23
1271.5299999999986,1569.2018340265377,702.3849221246563,1.5207432829519967e-05,1.0634094531333142e-09,1.719771434822972e-23
1271.5399999999986,1569.2018340265377,702.3879734998343,1.505281192625764e-05,1.0750487103028639e-09,1.7397534702848158e-23
1271.5499999999986,1569.2018340265377,702.3910248535294,1.4901889483466539e-05,1.0868121611396357e-09,1.760208476230646e-23
1271.5599999999986,1569.2018340265377,702.3940761857416,1.475468584248536e-05,1.0987010950027249e-09,1.7811597500474682e-23
1271.5699999999986,1569.2018340265377,702.3971274964715,1.4611221251714188e-05,1.1107168142484432e-09,1.8026316865208018e-23
1271.5799999999986,1569.2018340265377,702.4001787857192,1.4471515864809131e-05,1.122860634351314e-09,1.8246498212028833e-23
1271.5899999999986,1569.2018340265377,702.4032300534851,1.433558973909796e-05,1.1351338840369318e-09,1.8472408753281903e-23
1271.5999999999985,1569.2018340265377,702.406281299769,1.4203462835899382e-05,1.1475379054052521e-09,1.8704328024778557e-23
1271.6099999999985,1569.2018340265377,702.4093325245715,1.4075155020994957e-05,1.160074054068252e-09,1.8942548369203862e-23
1271.6199999999985,1569.2018340265377,702.4123837278928,1.3950686062164737e-05,1.172743699276992e-09,1.9187375431763082e-23
1271.6299999999985,1569.2018340265377,702.4154349097331,1.3830075627644197e-05,1.1855482240544231e-09,1.94391286739216e-23
1271.6399999999985,1569.2018340265377,702.4184860700923,1.371334328709392e-05,1.1984890253294147e-09,1.9698141908073063e-23
1271.6499999999985,1569.2018340265377,702.421537208971,1.360050851098128e-05,1.2115675140764644e-09,1.9964763848340073e-23
1271.6599999999985,1569.2018340265377,702.4245883263694,1.3491590668214837e-05,1.2247851154465652e-09,2.0239358677006725e-23
1271.6699999999985,1569.2018340265377,702.4276394222877,1.3386609026447966e-05,1.238143268907953e-09,2.052230663413221e-23
1271.6799999999985,1569.2018340265377,702.430690496726,1.3285582750695858e-05,1.251643428384344e-09,2.0814004624299196e-23
1271.6899999999985,1569.2018340265377,702.4337415496844,1.3188530903764329e-05,1.265287062395927e-09,2.111486684647803e-23
1271.6999999999985,1569.2018340265377,702.4367925811637,1.3095472443592835e-05,1.2790756542037386e-09,2.1425325440063987e-23
1271.7099999999984,1569.2018340265377,702.4398435911636,1.3006426224691201e-05,1.293010701946666e-09,2.1745831158606052e-23
1271.7199999999984,1569.2018340265377,702.4428945796844,1.2921410995254091e-05,1.3070937187910994e-09,2.2076854059182497e-23
1271.7299999999984,1569.2018340265377,702.4459455467265,1.284044539801306e-05,1.321326233075683e-09,2.2418884220480077e-23
1271.7399999999984,1569.2018340265377,702.4489964922901,1.2763547969405936e-05,1.3357097884575386e-09,2.2772432481765608e-23
1271.7499999999984,1569.2018340265377,702.4520474163754,1.2690737136892774e-05,1.3502459440613504e-09,2.3138031202756146e-23
1271.7599999999984,1569.2018340265377,702.4550983189824,1.2622031220704414e-05,1.3649362746282509e-09,2.3516235056199035e-23
1271.7699999999984,1569.2018340265377,702.4581492001116,1.2557448432216079e-05,1.3797823706704148e-09,2.390762184047168e-23
1271.7799999999984,1569.2018340265377,702.4612000597632,1.249700687222181e-05,1.3947858386206775e-09,2.43127933180316e-23
1271.7899999999984,1569.2018340265377,702.4642508979374,1.2440724531779024e-05,1.4099483009877706e-09,2.4732376086123815e-23
1271.7999999999984,1569.2018340265377,702.4673017146342,1.2388619289938152e-05,1.425271396510843e-09,2.5167022469546432e-23
1271.8099999999984,1569.2018340265377,702.4703525098543,1.2340708914653604e-05,1.440756780320595e-09,2.561741144869124e-23
1271.8199999999983,1569.2018340265377,702.4734032835975,1.2297011060794304e-05,1.4564061240921018e-09,2.608424961126198e-23
1271.8299999999983,1569.2018340265377,702.4764540358642,1.2257543269937057e-05,1.4722211162095025e-09,2.6568272138497145e-23
1271.8399999999983,1569.2018340265377,702.4795047666545,1.2222322969378352e-05,1.4882034619240233e-09,2.7070243821023624e-23
1271.8499999999983,1569.2018340265377,702.4825554759689,1.2191367471845986e-05,1.5043548835217609e-09,2.759096010894745e-23
1271.8599999999983,1569.2018340265377,702.4856061638075,1.216469397462126e-05,1.5206771204829607e-09,2.8131248193723184e-23
1271.8699999999983,1569.2018340265377,702.4886568301704,1.2142319558462167e-05,1.5371719296504207e-09,2.8691968124133447e-23
1271.8799999999983,1569.2018340265377,702.4917074750579,1.2124261187381227e-05,1.5538410853978049e-09,2.9274013959514295e-23
1271.8899999999983,1569.2018340265377,702.49475809847,1.2110535707691627e-05,1.5706863797975849e-09,2.987831495762922e-23
1271.8999999999983,1569.2018340265377,702.4978087004075,1.2101159847601757e-05,1.5877096227956753e-09,3.050583680147319e-23
1271.9099999999983,1569.2018340265377,702.5008592808704,1.209615021608758e-05,1.6049126423768555e-09,3.115758286241534e-23
1271.9199999999983,1569.2018340265377,702.5039098398585,1.209552330254632e-05,1.6222972847417882e-09,3.183459550525657e-23
1271.9299999999982,1569.2018340265377,702.5069603773725,1.2099295475967999e-05,1.6398654144878794e-09,3.2537957432966366e-23
1271.9399999999982,1569.2018340265377,702.5100108934124,1.2107482984336462e-05,1.6576189147781102e-09,3.326879307340555e-23
1271.9499999999982,1569.2018340265377,702.5130613879786,1.2120101953828735e-05,1.6755596875257035e-09,3.402827000920642e-23
1271.9599999999982,1569.2018340265377,702.5161118610712,1.2137168388264454e-05,1.6936896535713908e-09,3.481760045234489e-23
1271.9699999999982,1569.2018340265377,702.5191623126904,1.215869816845438e-05,1.7120107528676596e-09,3.563804276431589e-23
1271.9799999999982,1569.2018340265377,702.5222127428366,1.2184707051401013e-05,1.7305249446632882e-09,3.649090302276513e-23
1271.9899999999982,1569.2018340265377,702.5252631515099,1.2215210669557404e-05,1.7492342076848856e-09,3.7377536636329427e-23
1271.9999999999982,1569.2018340265377,702.5283135387103,1.2250224530766272e-05,1.7681405403276177e-09,3.829935001153201e-23
1272.0099999999982,1569.2018340265377,702.5313639044384,1.2289764016732923e-05,1.7872459608456789e-09,3.9257802266216857e-23
1272.0199999999982,1569.2018340265377,702.5344142486944,1.23338443829964e-05,1.806552507539669e-09,4.025440699981191e-23
1272.0299999999982,1569.2018340265377,702.5374645714784,1.2382480757769841e-05,1.8260622389505142e-09,4.129073411426524e-23
1272.0399999999981,1569.2018340265377,702.5405148727906,1.2435688142326703e-05,1.8457772340531191e-09,4.2368411695447574e-23
1272.0499999999981,1569.2018340265377,702.5435651526311,1.2493481409218786e-05,1.865699592453199e-09,4.348912794458618e-23
1272.0599999999981,1569.2018340265377,702.5466154110005,1.255587530153497e-05,1.885831434588322e-09,4.4654633171686084e-23
1272.0699999999981,1569.2018340265377,702.5496656478988,1.2622884433592234e-05,1.9061749019209828e-09,4.586674185395371e-23
1272.079999999998,1569.2018340265377,702.5527158633262,1.269452328981623e-05,1.9267321571454276e-09,4.7127334750665536e-23
1272.089999999998,1569.2018340265377,702.5557660572829,1.277080622287147e-05,1.9475053843897666e-09,4.843836107840284e-23
1272.099999999998,1569.2018340265377,702.5588162297694,1.2851747454196511e-05,1.9684967894228347e-09,4.980184076064807e-23
1272.109999999998,1569.2018340265377,702.5618663807857,1.293736107401856e-05,1.9897085998569053e-09,5.1219866742906444e-23
1272.119999999998,1569.2018340265377,702.5649165103318,1.3027661039018619e-05,2.0111430653606582e-09,5.2694607368269213e-23
1272.129999999998,1569.2018340265377,702.5679666184084,1.312266117292548e-05,2.032802457872035e-09,5.422830883522934e-23
1272.139999999998,1569.2018340265377,702.5710167050155,1.3222375165938288e-05,2.054689071807319e-09,5.582329772396084e-23
1272.149999999998,1569.2018340265377,702.5740667701533,1.3326816572967222e-05,2.0768052242769293e-09,5.748198359287102e-23
1272.159999999998,1569.2018340265377,702.577116813822,1.3435998814465295e-05,2.0991532553040793e-09,5.920686166316444e-23
1272.169999999998,1569.2018340265377,702.580166836022,1.3549935176001218e-05,2.121735528043853e-09,6.100051557775394e-23
1272.179999999998,1569.2018340265377,702.5832168367534,1.3668638805334575e-05,2.1445544290016895e-09,6.286562023012876e-23
1272.189999999998,1569.2018340265377,702.5862668160165,1.3792122713977229e-05,2.1676123682599e-09,6.480494469699068e-23
1272.199999999998,1569.2018340265377,702.5893167738112,1.3920399777298362e-05,2.190911779697576e-09,6.682135525066234e-23
1272.209999999998,1569.2018340265377,702.5923667101382,1.4053482731122334e-05,2.214455121227363e-09,6.891781844398451e-23
1272.219999999998,1569.2018340265377,702.5954166249976,1.4191384172726858e-05,2.2382448750143055e-09,7.109740430507551e-23
1272.229999999998,1569.2018340265377,702.5984665183895,1.4334116561573917e-05,2.2622835477116243e-09,7.336328962581636e-23
1272.239999999998,1569.2018340265377,702.6015163903141,1.448169221684288e-05,2.286573670695006e-09,7.571876133005048e-23
1272.249999999998,1569.2018340265377,702.6045662407716,1.4634123316890878e-05,2.311117800296635e-09,7.816721994905884e-23
1272.259999999998,1569.2018340265377,702.6076160697626,1.4791421900397688e-05,2.3359185180474616e-09,8.071218320767186e-23
1272.269999999998,1569.2018340265377,702.610665877287,1.495359986397639e-05,2.3609784309100402e-09,8.335728969485986e-23
1272.279999999998,1569.2018340265377,702.6137156633449,1.5120668963443534e-05,2.3863001715223304e-09,8.610630266102978e-23
1272.289999999998,1569.2018340265377,702.6167654279368,1.5292640809830304e-05,2.411886398449761e-09,8.896311389595613e-23
1272.299999999998,1569.2018340265377,702.6198151710628,1.5469526874108155e-05,2.4377397964225037e-09,9.193174776714415e-23
1272.309999999998,1569.2018340265377,702.6228648927233,1.565133848207409e-05,2.4638630765910815e-09,9.501636531897895e-23
1272.319999999998,1569.2018340265377,702.6259145929183,1.5838086815962988e-05,2.490258976769751e-09,9.822126852756163e-23
1272.3299999999979,1569.2018340265377,702.628964271648,1.6029782913382963e-05,2.516930261697829e-09,1.0155090466311275e-22
1272.3399999999979,1569.2018340265377,702.632013928913,1.6226437666936774e-05,2.5438797232966747e-09,1.0500987078087931e-22
1272.3499999999979,1569.2018340265377,702.6350635647132,1.6428061823090344e-05,2.57111018091581e-09,1.0860291833437057e-22
1272.3599999999979,1569.2018340265377,702.6381131790487,1.663466598647489e-05,2.5986244816053975e-09,1.1233495795840935e-22
1272.3699999999978,1569.2018340265377,702.64116277192,1.6846260607732105e-05,2.6264255003773613e-09,1.1621106427696726e-22
1272.3799999999978,1569.2018340265377,702.6442123433274,1.7062855996432712e-05,2.6545161404664813e-09,1.202364810160824e-22
1272.3899999999978,1569.2018340265377,702.6472618932709,1.7284462312009678e-05,2.6828993335992047e-09,1.244166261133068e-22
1272.3999999999978,1569.2018340265377,702.6503114217508,1.7511089568128426e-05,2.7115780402658424e-09,1.2875709706465435e-22
1272.4099999999978,1569.2018340265377,702.6533609287671,1.7742747626099464e-05,2.7405552499911736e-09,1.3326367634350135e-22
1272.4199999999978,1569.2018340265377,702.6564104143206,1.797944620158311e-05,2.7698339816150115e-09,1.3794233707049392e-22
1272.4299999999978,1569.2018340265377,702.659459878411,1.8221194858697578e-05,2.7994172835589327e-09,1.4279924874822296e-22
1272.4399999999978,1569.2018340265377,702.6625093210388,1.8468003014071543e-05,2.829308234118497e-09,1.4784078323478282e-22
1272.4499999999978,1569.2018340265377,702.665558742204,1.871987993238604e-05,2.8595099417360717e-09,1.5307352081671835e-22
1272.4599999999978,1569.2018340265377,702.668608141907,1.8976834727633866e-05,2.8900255452950633e-09,1.5850425649854198e-22
1272.4699999999978,1569.2018340265377,702.6716575201482,1.9238876360453794e-05,2.920858214401095e-09,1.6414000643435917e-22
1272.4799999999977,1569.2018340265377,702.6747068769273,1.9506013644544617e-05,2.9520111496713045e-09,1.6998801461677044e-22
1272.4899999999977,1569.2018340265377,702.677756212245,1.9778255236833184e-05,2.9834875830379333e-09,1.7605575961483267e-22
1272.4999999999977,1569.2018340265377,702.6808055261014,2.005560964440479e-05,3.015290778033807e-09,1.8235096164119398e-22
1272.5099999999977,1569.2018340265377,702.6838548184967,2.0338085218610635e-05,3.0474240300930406e-09,1.8888158970435883e-22
1272.5199999999977,1569.2018340265377,702.686904089431,2.0625690161043404e-05,3.0798906668535527e-09,1.9565586906666838e-22
1272.5299999999977,1569.2018340265377,702.6899533389047,2.0918432515552425e-05,3.1126940484646092e-09,2.02682288779718e-22
1272.5399999999977,1569.2018340265377,702.693002566918,2.121632017443409e-05,3.145837567886405e-09,2.0996960955957286e-22
1272.5499999999977,1569.2018340265377,702.6960517734713,2.1519360872714e-05,3.179324651205588e-09,2.1752687176690897e-22
1272.5599999999977,1569.2018340265377,702.6991009585643,2.182756219380006e-05,3.213158757940213e-09,2.253634037171521e-22
1272.5699999999977,1569.2018340265377,702.7021501221976,2.2140931561869627e-05,3.247343381367361e-09,2.3348883008803884e-22
1272.5799999999977,1569.2018340265377,702.7051992643716,2.245947624487598e-05,3.2818820488299783e-09,2.4191308066142997e-22
1272.5899999999976,1569.2018340265377,702.7082483850861,2.278320335664933e-05,3.3167783220588974e-09,2.5064639929981635e-22
1272.5999999999976,1569.2018340265377,702.7112974843416,2.311211985667405e-05,3.352035797503063e-09,2.5969935314576736e-22
1272.6099999999976,1569.2018340265377,702.7143465621382,2.3446232541663584e-05,3.3876581066512324e-09,2.6908284197696643e-22
1272.6199999999976,1569.2018340265377,702.7173956184763,2.3785548052088693e-05,3.42364891636427e-09,2.788081079834305e-22
1272.6299999999976,1569.2018340265377,702.720444653356,2.41300728729964e-05,3.4600119292038193e-09,2.8888674574928666e-22
1272.6399999999976,1569.2018340265377,702.7234936667774,2.4479813330570824e-05,3.4967508837692546e-09,2.993307124559562e-22
1272.6499999999976,1569.2018340265377,702.726542658741,2.4834775592459427e-05,3.5338695550460906e-09,3.101523384069133e-22
1272.6599999999976,1569.2018340265377,702.7295916292468,2.5194965661956343e-05,3.5713717547299023e-09,3.2136433775516585e-22
1272.6699999999976,1569.2018340265377,702.7326405782953,2.5560389390679117e-05,3.609261331589319e-09,3.329798197608824e-22
1272.6799999999976,1569.2018340265377,702.7356895058864,2.5931052467724294e-05,3.647542171795565e-09,3.4501230005027927e-22
1272.6899999999976,1569.2018340265377,702.7387384120203,2.630696041853534e-05,3.686218199290711e-09,3.574757123026363e-22
1272.6999999999975,1569.2018340265377,702.7417872966978,2.6688118612534734e-05,3.7252933761393775e-09,3.7038442036863e-22
1272.7099999999975,1569.2018340265377,702.7448361599186,2.7074532258372527e-05,3.764771702870095e-09,3.8375323054682725e-22
1272.7199999999975,1569.2018340265377,702.7478850016828,2.7466206399920895e-05,3.804657218852064e-09,3.975974042004494e-22
1272.7299999999975,1569.2018340265377,702.750933821991,2.7863145923847618e-05,3.844954002660681e-09,4.1193267087508176e-22
1272.7399999999975,1569.2018340265377,702.7539826208434,2.8265355551779382e-05,3.8856661724346605e-09,4.267752415434722e-22
1272.7499999999975,1569.2018340265377,702.7570313982402,2.867283984272031e-05,3.926797886249286e-09,4.4214182235340305e-22
1272.7599999999975,1569.2018340265377,702.7600801541814,2.9085603199079858e-05,3.968353342491911e-09,4.580496288026895e-22
1272.7699999999975,1569.2018340265377,702.7631288886673,2.950364985581424e-05,4.010336780240727e-09,4.745164000298498e-22
1272.7799999999975,1569.2018340265377,702.7661776016985,2.992698388289636e-05,4.0527524796488585e-09,4.915604136871085e-22
1272.7899999999975,1569.2018340265377,702.7692262932748,3.0355609191349445e-05,4.095604762314063e-09,5.092005012677059e-22
1272.7999999999975,1569.2018340265377,702.7722749633964,3.078952952827548e-05,4.138897991680586e-09,5.274560636681332e-22
1272.8099999999974,1569.2018340265377,702.7753236120639,3.122874847536412e-05,4.182636573428661e-09,5.463470872113099e-22
1272.8199999999974,1569.2018340265377,702.7783722392772,3.167326944604751e-05,4.226824955861037e-09,5.658941600647523e-22
1272.8299999999974,1569.2018340265377,702.7814208450368,3.212309570063054e-05,4.27146763030748e-09,5.861184894185802e-22
1272.8399999999974,1569.2018340265377,702.7844694293425,3.257823032561667e-05,4.316569131521516e-09,6.0704191847374905e-22
1272.8499999999974,1569.2018340265377,702.7875179921949,3.30386762439861e-05,4.362134038097393e-09,6.28686944432836e-22
1272.8599999999974,1569.2018340265377,702.7905665335943,3.35044362140272e-05,4.4081669728657735e-09,6.510767367532786e-22
1272.8699999999974,1569.2018340265377,702.7936150535406,3.397551282961721e-05,4.454672603307546e-09,6.742351559099931e-22
1272.8799999999974,1569.2018340265377,702.7966635520343,3.445190851903014e-05,4.501655641979055e-09,6.98186772622699e-22
1272.8899999999974,1569.2018340265377,702.7997120290753,3.493362554464196e-05,4.5491208469232136e-09,7.229568875970439e-22
1272.8999999999974,1569.2018340265377,702.8027604846642,3.542066599928562e-05,4.597073022102211e-09,7.48571551715392e-22
1272.9099999999974,1569.2018340265377,702.8058089188011,3.591303181259593e-05,4.645517017814421e-09,7.750575869557885e-22
1272.9199999999973,1569.2018340265377,702.8088573314859,3.641072474840881e-05,4.694457731129189e-09,8.024426076764479e-22
1272.9299999999973,1569.2018340265377,702.8119057227192,3.691374640290641e-05,4.7439001063312385e-09,8.307550424670719e-22
1272.9399999999973,1569.2018340265377,702.8149540925014,3.742209820190764e-05,4.793849135352723e-09,8.6002415653825e-22
1272.9499999999973,1569.2018340265377,702.8180024408322,3.7935781408573266e-05,4.844309858204938e-09,8.902800749274798e-22
1272.9599999999973,1569.2018340265377,702.8210507677121,3.84547971161774e-05,4.895287363447708e-09,9.215538059781904e-22
1272.9699999999973,1569.2018340265377,702.8240990731413,3.897914625150449e-05,4.94678678862355e-09,9.53877265654454e-22
1272.9799999999973,1569.2018340265377,702.8271473571202,3.9508829571905244e-05,4.998813320726205e-09,9.872833023442106e-22
1272.9899999999973,1569.2018340265377,702.8301956196489,4.004384766629817e-05,5.051372196640333e-09,1.021805722382415e-21
1272.9999999999973,1569.2018340265377,702.8332438607273,4.058420096048436e-05,5.104468703620046e-09,1.0574793163593135e-21
1273.0099999999973,1569.2018340265377,702.8362920803561,4.112988970391698e-05,5.1581081797604955e-09,1.0943398856213365e-21
1273.0199999999973,1569.2018340265377,702.8393402785354,4.168091398331597e-05,5.212296014453586e-09,1.1324242701378393e-21
1273.0299999999972,1569.2018340265377,702.8423884552653,4.223727371403438e-05,5.267037648873346e-09,1.1717703765117466e-21
1273.0399999999972,1569.2018340265377,702.8454366105461,4.27989686465616e-05,5.322338576452112e-09,1.2124172071064975e-21
1273.0499999999972,1569.2018340265377,702.848484744378,4.336599835477907e-05,5.378204343368477e-09,1.2544048894109858e-21
1273.0599999999972,1569.2018340265377,702.8515328567613,4.393836224912508e-05,5.434640549038331e-09,1.2977747068551622e-21
1273.0699999999972,1569.2018340265377,702.8545809476961,4.4516059570147276e-05,5.491652846594898e-09,1.3425691298503438e-21
1273.0799999999972,1569.2018340265377,702.8576290171828,4.5099089387462116e-05,5.549246943400938e-09,1.3888318477799178e-21
1273.0899999999972,1569.2018340265377,702.8606770652215,4.568745060449173e-05,5.6074286015394744e-09,1.4366078019687196e-21
1273.0999999999972,1569.2018340265377,702.8637250918124,4.628114194406306e-05,5.6662036383288774e-09,1.4859432188990652e-21
1273.1099999999972,1569.2018340265377,702.866773096956,4.688016197467718e-05,5.725577926829014e-09,1.5368856455485724e-21
1273.1199999999972,1569.2018340265377,702.8698210806521,4.7484509084874525e-05,5.785557396347525e-09,1.5894839839675398e-21
1273.1299999999972,1569.2018340265377,702.872869042901,4.809418149686829e-05,5.846148032977268e-09,1.6437885280016088e-21
1273.1399999999971,1569.2018340265377,702.8759169837033,4.8709177257545004e-05,5.9073558801142394e-09,1.6998510001840515e-21
1273.1499999999971,1569.2018340265377,702.878964903059,4.9329494250745266e-05,5.969187038977328e-09,1.7577245902824143e-21
1273.1599999999971,1569.2018340265377,702.8820128009681,4.995513018600118e-05,6.031647669146477e-09,1.81746399400953e-21
1273.1699999999971,1569.2018340265377,702.8850606774312,5.0586082601486963e-05,6.0947439891126666e-09,1.879125453199274e-21
1273.179999999997,1569.2018340265377,702.8881085324484,5.1222348867119883e-05,6.158482276809753e-09,1.9427667969928315e-21
1273.189999999997,1569.2018340265377,702.8911563660199,5.1863926179873593e-05,6.222868870157413e-09,2.0084474837702784e-21
1273.199999999997,1569.2018340265377,702.8942041781457,5.2510811568200186e-05,6.287910167623437e-09,2.0762286444825857e-21
1273.209999999997,1569.2018340265377,702.8972519688265,5.316300189075181e-05,6.35361262878893e-09,2.146173126852811e-21
1273.219999999997,1569.2018340265377,702.9002997380622,5.382049382920247e-05,6.419982774891622e-09,2.2183455404141228e-21
1273.229999999997,1569.2018340265377,702.903347485853,5.448328390482495e-05,6.487027189400555e-09,2.2928123036571433e-21
1273.239999999997,1569.2018340265377,702.9063952121994,5.515136845680549e-05,6.554752518603712e-09,2.369641690782234e-21
1273.249999999997,1569.2018340265377,702.9094429171013,5.5824743661598e-05,6.6231654721584445e-09,2.448903881291364e-21
1273.259999999997,1569.2018340265377,702.9124906005592,5.6503405516279394e-05,6.692272823704258e-09,2.5306710093233322e-21
1273.269999999997,1569.2018340265377,702.9155382625731,5.718734985678426e-05,6.762081411423099e-09,2.6150172156905042e-21
1273.279999999997,1569.2018340265377,702.9185859031434,5.787657234201976e-05,6.832598138650117e-09,2.702018699726782e-21
1273.289999999997,1569.2018340265377,702.9216335222701,5.857106846443945e-05,6.903829974467019e-09,2.791753773588173e-21
1273.299999999997,1569.2018340265377,702.9246811199538,5.9270833534155137e-05,6.9757839543113296e-09,2.884302916664113e-21
1273.309999999997,1569.2018340265377,702.9277286961944,5.997586270394394e-05,7.048467180568955e-09,2.9797488332664178e-21
1273.319999999997,1569.2018340265377,702.9307762509923,6.068615094982663e-05,7.121886823204783e-09,3.0781765096349166e-21
1273.329999999997,1569.2018340265377,702.9338237843475,6.140169307504365e-05,7.1960501203769465e-09,3.1796732734415547e-21
1273.339999999997,1569.2018340265377,702.9368712962606,6.212248371006821e-05,7.2709643790678675e-09,3.2843288545753207e-21
1273.349999999997,1569.2018340265377,702.9399187867316,6.284851732271309e-05,7.346636975697986e-09,3.392235447941576e-21
1273.359999999997,1569.2018340265377,702.9429662557606,6.35797882047729e-05,7.423075356775932e-09,3.5034877765883774e-21
1273.369999999997,1569.2018340265377,702.946013703348,6.431629047075746e-05,7.500287039546307e-09,3.618183156977805e-21
1273.379999999997,1569.2018340265377,702.949061129494,6.50580180723015e-05,7.578279612622925e-09,3.736421566724142e-21
1273.389999999997,1569.2018340265377,702.9521085341989,6.580496479317136e-05,7.657060736647653e-09,3.858305712947384e-21
1273.399999999997,1569.2018340265377,702.9551559174628,6.65571242351918e-05,7.736638144943335e-09,3.983941101708994e-21
1273.409999999997,1569.2018340265377,702.9582032792858,6.731448983626394e-05,7.817019644193287e-09,4.11343611103471e-21
1273.419999999997,1569.2018340265377,702.9612506196686,6.807705486420764e-05,7.898213115106206e-09,4.2469020642915425e-21
1273.4299999999969,1569.2018340265377,702.964297938611,6.884481241289077e-05,7.980226513077218e-09,4.384453305442312e-21
1273.4399999999969,1569.2018340265377,702.9673452361133,6.961775540874865e-05,8.063067868885438e-09,4.526207276807109e-21
1273.4499999999969,1569.2018340265377,702.9703925121757,7.039587660239651e-05,8.146745289388404e-09,4.6722845977505226e-21
1273.4599999999969,1569.2018340265377,702.9734397667987,7.117916858023757e-05,8.231266958201229e-09,4.822809146545896e-21
1273.4699999999968,1569.2018340265377,702.9764869999824,7.196762374903945e-05,8.316641136403121e-09,4.97790814244759e-21
1273.4799999999968,1569.2018340265377,702.9795342117268,7.276123436543879e-05,8.402876163237428e-09,5.137712232793428e-21
1273.4899999999968,1569.2018340265377,702.9825814020321,7.355999248455856e-05,8.48998045683712e-09,5.3023555766047825e-21
1273.4999999999968,1569.2018340265377,702.985628570899,7.436389001896417e-05,8.577962514950698e-09,5.4719759379418775e-21
1273.5099999999968,1569.2018340265377,702.9886757183274,7.517291870132131e-05,8.666830915628259e-09,5.646714774637404e-21
1273.5199999999968,1569.2018340265377,702.9917228443175,7.598707009016432e-05,8.756594317995334e-09,5.826717332291887e-21
1273.5299999999968,1569.2018340265377,702.9947699488695,7.680633558013434e-05,8.847261462971295e-09,6.012132740833938e-21
1273.5399999999968,1569.2018340265377,702.9978170319838,7.763070639243437e-05,8.938841174020868e-09,6.203114111923671e-21
1273.5499999999968,1569.2018340265377,703.0008640936607,7.846017357936047e-05,9.031342357897842e-09,6.399818639737058e-21
1273.5599999999968,1569.2018340265377,703.0039111338999,7.929472802691877e-05,9.12477400539573e-09,6.602407704031524e-21
1273.5699999999968,1569.2018340265377,703.0069581527022,8.013436044977302e-05,9.219145192142843e-09,6.811046975092977e-21
1273.5799999999967,1569.2018340265377,703.0100051500676,8.097906139087587e-05,9.31446507934231e-09,7.025906521456385e-21
1273.5899999999967,1569.2018340265377,703.0130521259964,8.18288212274087e-05,9.410742914556018e-09,7.247160920794591e-21
1273.5999999999967,1569.2018340265377,703.0160990804887,8.268363017146191e-05,9.507988032495998e-09,7.474989373018625e-21
1273.6099999999967,1569.2018340265377,703.0191460135447,8.35434782560736e-05,9.606209855808305e-09,7.709575814694166e-21
1273.6199999999967,1569.2018340265377,703.022192925165,8.440835535093524e-05,9.705417895889552e-09,7.951109038874697e-21
1273.6299999999967,1569.2018340265377,703.0252398153496,8.52782511665176e-05,9.805621753662173e-09,8.19978281672363e-21
1273.6399999999967,1569.2018340265377,703.0282866840982,8.615315522884295e-05,9.906831120389769e-09,8.455796019222007e-21
1273.6499999999967,1569.2018340265377,703.0313335314119,8.703305690626589e-05,1.0009055778541115e-08,8.719352746784926e-21
1273.6599999999967,1569.2018340265377,703.0343803572905,8.791794539109794e-05,1.01123056025603e-08,8.990662457407246e-21
1273.6699999999967,1569.2018340265377,703.0374271617342,8.880780972562331e-05,1.0216590559717934e-08,9.269940102397728e-21
1273.6799999999967,1569.2018340265377,703.0404739447431,8.970263876634588e-05,1.03219207109636e-08,9.557406258985269e-21
1273.6899999999966,1569.2018340265377,703.0435207063177,9.060242121593729e-05,1.0428306211773894e-08,9.853287273004078e-21
1273.6999999999966,1569.2018340265377,703.0465674464583,9.150714559039009e-05,1.0535757312991955e-08,1.0157815398044288e-20
1273.7099999999966,1569.2018340265377,703.0496141651649,9.241680026307788e-05,1.0644284361693503e-08,1.047122894624793e-20
1273.7199999999966,1569.2018340265377,703.0526608624376,9.333137343144393e-05,1.0753897802056932e-08,1.0793772434172639e-20
1273.7299999999966,1569.2018340265377,703.0557075382769,9.425085311942043e-05,1.0864608176265253e-08,1.1125696735952824e-20
1273.7399999999966,1569.2018340265377,703.0587541926831,9.517522719196103e-05,1.0976426125359098e-08,1.1467259241405383e-20
1273.7499999999966,1569.2018340265377,703.0618008256562,9.610448334563688e-05,1.1089362390137159e-08,1.1818724015127838e-20
1273.7599999999966,1569.2018340265377,703.0648474371964,9.703860911741761e-05,1.1203427812060871e-08,1.2180361961462952e-20
1273.7699999999966,1569.2018340265377,703.067894027304,9.797759187614049e-05,1.1318633334171603e-08,1.2552450991201593e-20
1273.7799999999966,1569.2018340265377,703.0709405959793,9.892141881575483e-05,1.1434990001998096e-08,1.2935276192243353e-20
1273.7899999999966,1569.2018340265377,703.0739871432224,9.987007698401338e-05,1.1552508964467939e-08,1.3329130008844626e-20
1273.7999999999965,1569.2018340265377,703.0770336690338,0.0001008235532491493,1.1671201474869866e-08,1.373431241704978e-20
1273.8099999999965,1569.2018340265377,703.0800801734133,0.00010178183431902448,1.1791078891758722e-08,1.415113111087823e-20
1273.8199999999965,1569.2018340265377,703.0831266563614,0.0001027449067371046,1.1912152679935058e-08,1.4579901689940477e-20
1273.8299999999965,1569.2018340265377,703.0861731178784,0.00010371275689186132,1.2034434411388072e-08,1.502094785316852e-20
1273.8399999999965,1569.2018340265377,703.0892195579643,0.00010468537099379908,1.2157935766246615e-08,1.5474601592359568e-20
1273.8499999999965,1569.2018340265377,703.0922659766193,0.00010566273510902645,1.2282668533775047e-08,1.594120339846075e-20
1273.8599999999965,1569.2018340265377,703.095312373844,0.00010664483511645725,1.2408644613359665e-08,1.642110246129822e-20
1273.8699999999965,1569.2018340265377,703.0983587496382,0.00010763165675450587,1.2535876015456287e-08,1.691465688717865e-20
1273.8799999999965,1569.2018340265377,703.1014051040024,0.00010862318559296456,1.2664374862635696e-08,1.7422233910441867e-20
1273.8899999999965,1569.2018340265377,703.1044514369366,0.00010961940703252293,1.2794153390562112e-08,1.7944210113744735e-20
1273.8999999999965,1569.2018340265377,703.1074977484413,0.0001106203063208302,1.2925223949033156e-08,1.8480971656281774e-20
1273.9099999999964,1569.2018340265377,703.1105440385167,0.00011162586854197595,1.305759900297494e-08,1.9032914502805637e-20
1273.9199999999964,1569.2018340265377,703.1135903071626,0.00011263607861846475,1.3191291133484957e-08,1.9600444659983244e-20
1273.9299999999964,1569.2018340265377,703.1166365543796,0.00011365092131411962,1.3326313038903845e-08,2.0183978418402573e-20
1273.9399999999964,1569.2018340265377,703.1196827801681,0.00011467038122746248,1.3462677535826998e-08,2.0783942598211686e-20
1273.9499999999964,1569.2018340265377,703.1227289845278,0.00011569444280540776,1.3600397560163947e-08,2.140077480409436e-20
1273.9599999999964,1569.2018340265377,703.1257751674594,0.0001167230903377083,1.3739486168253506e-08,2.203492368280629e-20
1273.9699999999964,1569.2018340265377,703.1288213289628,0.00011775630793641975,1.3879956537880664e-08,2.268684918323218e-20
1273.9799999999964,1569.2018340265377,703.1318674690385,0.00011879407957745903,1.4021821969431571e-08,2.3357022834561144e-20
1273.9899999999964,1569.2018340265377,703.1349135876866,0.00011983638906192858,1.41650958869171e-08,2.4045928015011313e-20
1273.9999999999964,1569.2018340265377,703.1379596849072,0.00012088322004390074,1.430979183913159e-08,2.4754060239889842e-20
1274.0099999999964,1569.2018340265377,703.1410057607006,0.00012193455601508804,1.4455923500758729e-08,2.5481927447505466e-20
1274.0199999999963,1569.2018340265377,703.1440518150673,0.00012299038031145424,1.4603504673490994e-08,2.6230050295908215e-20
1274.0299999999963,1569.2018340265377,703.1470978480072,0.00012405067610753398,1.4752549287148586e-08,2.6998962463739595e-20
1274.0399999999963,1569.2018340265377,703.1501438595205,0.00012511542643733312,1.4903071400851014e-08,2.778921096378955e-20
1274.0499999999963,1569.2018340265377,703.1531898496075,0.00012618461416458073,1.5055085204160903e-08,2.860135645245107e-20
1274.0599999999963,1569.2018340265377,703.1562358182688,0.00012725822198747316,1.5208605018265604e-08,2.94359735535422e-20
1274.0699999999963,1569.2018340265377,703.1592817655041,0.00012833623247426404,1.536364529709994e-08,3.0293651196504136e-20
1274.0799999999963,1569.2018340265377,703.1623276913137,0.0001294186280296296,1.552022062857589e-08,3.1174992946706703e-20
1274.0899999999963,1569.2018340265377,703.1653735956982,0.00013050539089563495,1.567834573578936e-08,3.208061735073976e-20
1274.0999999999963,1569.2018340265377,703.1684194786574,0.0001315965031695061,1.5838035478172162e-08,3.3011158293386424e-20
1274.1099999999963,1569.2018340265377,703.1714653401918,0.00013269194678610443,1.5999304852759754e-08,3.396726535439797e-20
1274.1199999999963,1569.2018340265377,703.1745111803015,0.0001337917035415882,1.6162168995362932e-08,3.49496041830999e-20
1274.1299999999962,1569.2018340265377,703.1775569989867,0.00013489575506857586,1.632664318186344e-08,3.595885686950425e-20
1274.1399999999962,1569.2018340265377,703.1806027962477,0.00013600408285132076,1.649274282941831e-08,3.699572233347678e-20
1274.1499999999962,1569.2018340265377,703.1836485720848,0.00013711666822013768,1.6660483497728666e-08,3.806091671742439e-20
1274.1599999999962,1569.2018340265377,703.1866943264981,0.0001382334923625263,1.6829880890300847e-08,3.9155173792194693e-20
1274.1699999999962,1569.2018340265377,703.1897400594878,0.0001393545363058558,1.7000950855737238e-08,4.0279245364153846e-20
1274.1799999999962,1569.2018340265377,703.1927857710542,0.00014047978092930966,1.7173709389025986e-08,4.143390169936141e-20
1274.1899999999962,1569.2018340265377,703.1958314611977,0.00014160920696771841,1.7348172632834636e-08,4.261993195499364e-20
1274.1999999999962,1569.2018340265377,703.1988771299181,0.0001427427950092555,1.752435687878863e-08,4.3838144618395944e-20
1274.2099999999962,1569.2018340265377,703.2019227772158,0.00014388052547829636,1.770227856887197e-08,4.508936795165984e-20
1274.2199999999962,1569.2018340265377,703.2049684030914,0.00014502237865870616,1.7881954296702257e-08,4.637445045771407e-20
1274.2299999999962,1569.2018340265377,703.2080140075446,0.00014616833470289207,1.8063400808868478e-08,4.769426135300537e-20
1274.2399999999961,1569.2018340265377,703.2110595905759,0.00014731837359782432,1.824663500632055e-08,4.904969103676485e-20
1274.2499999999961,1569.2018340265377,703.2141051521854,0.00014847247518378885,1.8431673945723943e-08,5.0441651587141123e-20
1274.2599999999961,1569.2018340265377,703.2171506923735,0.00014963061916199074,1.8618534840845898e-08,5.187107726507379e-20
1274.2699999999961,1569.2018340265377,703.2201962111403,0.0001507927850895713,1.8807235063933057e-08,5.333892502490751e-20
1274.279999999996,1569.2018340265377,703.223241708486,0.0001519589523732708,1.899779214710667e-08,5.48461750355524e-20
1274.289999999996,1569.2018340265377,703.2262871844109,0.000153129100284,1.9190223783827256e-08,5.639383122084483e-20
1274.299999999996,1569.2018340265377,703.2293326389153,0.00015430320792924972,1.938454783025006e-08,5.798292179569504e-20
1274.309999999996,1569.2018340265377,703.2323780719992,0.00015548125429830017,1.9580782306713845e-08,5.961449984151622e-20
1274.319999999996,1569.2018340265377,703.2354234836629,0.0001566632182239356,1.97789453991777e-08,6.128964386286277e-20
1274.329999999996,1569.2018340265377,703.2384688739066,0.0001578490783979011,1.9979055460684098e-08,6.300945837625051e-20
1274.339999999996,1569.2018340265377,703.2415142427309,0.0001590388133724731,2.0181131012849684e-08,6.477507450681601e-20
1274.349999999996,1569.2018340265377,703.2445595901357,0.0001602324015581779,2.0385190747316097e-08,6.658765059606065e-20
1274.359999999996,1569.2018340265377,703.247604916121,0.00016142982122428667,2.0591253527249006e-08,6.844837282407688e-20
1274.369999999996,1569.2018340265377,703.2506502206874,0.00016263105050670014,2.079933838894468e-08,7.035845584911027e-20
1274.379999999996,1569.2018340265377,703.253695503835,0.00016383606738712287,2.1009464543240212e-08,7.231914344723939e-20
1274.389999999996,1569.2018340265377,703.2567407655641,0.00016504484972247613,2.1221651377098794e-08,7.433170918866718e-20
1274.399999999996,1569.2018340265377,703.2597860058748,0.00016625737522323123,2.1435918455169378e-08,7.63974571061927e-20
1274.409999999996,1569.2018340265377,703.2628312247674,0.00016747362147354083,2.1652285521343904e-08,7.851772239661181e-20
1274.419999999996,1569.2018340265377,703.2658764222422,0.0001686935659077208,2.1870772500343058e-08,8.06938721173847e-20
1274.429999999996,1569.2018340265377,703.2689215982994,0.0001699171858345648,2.2091399499292948e-08,8.292730592036544e-20
1274.439999999996,1569.2018340265377,703.2719667529389,0.0001711444584164236,2.231418680931132e-08,8.521945677990038e-20
1274.449999999996,1569.2018340265377,703.2750118861612,0.0001723753606897515,2.253915490720155e-08,8.757179175731883e-20
1274.459999999996,1569.2018340265377,703.2780569979666,0.00017360986955049286,2.2766324457001358e-08,8.998581276340669e-20
1274.469999999996,1569.2018340265377,703.2811020883553,0.00017484796176576322,2.2995716311678798e-08,9.246305735139398e-20
1274.479999999996,1569.2018340265377,703.2841471573274,0.00017608961396858383,2.3227351514757347e-08,9.500509951770816e-20
1274.489999999996,1569.2018340265377,703.2871922048831,0.00017733480265849272,2.346125130200659e-08,9.761355052320405e-20
1274.499999999996,1569.2018340265377,703.290237231023,0.00017858350419504656,2.3697437103164187e-08,1.0029005972811789e-19
1274.509999999996,1569.2018340265377,703.2932822357468,0.0001798356948202456,2.3935930543550764e-08,1.0303631546000525e-19
1274.519999999996,1569.2018340265377,703.296327219055,0.00018109135064604237,2.4176753445872902e-08,1.0585404588248057e-19
1274.5299999999959,1569.2018340265377,703.2993721809479,0.00018235044763964946,2.4419927831918613e-08,1.0874501987939745e-19
1274.5399999999959,1569.2018340265377,703.3024171214255,0.0001836129616467348,2.4665475924274764e-08,1.1171104798003274e-19
1274.5499999999959,1569.2018340265377,703.3054620404884,0.00018487886838822025,2.4913420148159216e-08,1.147539832897996e-19
1274.5599999999959,1569.2018340265377,703.3085069381362,0.0001861481434533424,2.5163783133084652e-08,1.1787572243648012e-19
1274.5699999999958,1569.2018340265377,703.3115518143696,0.00018742076231094158,2.5416587714767594e-08,1.2107820654995132e-19
1274.5799999999958,1569.2018340265377,703.314596669189,0.0001886967002905782,2.5671856936877276e-08,1.2436342224185957e-19
1274.5899999999958,1569.2018340265377,703.3176415025941,0.00018997593259834986,2.592961405280654e-08,1.2773340262812325e-19
1274.5999999999958,1569.2018340265377,703.3206863145855,0.00019125843432758635,2.6189882527591505e-08,1.3119022837182874e-19
1274.6099999999958,1569.2018340265377,703.3237311051631,0.00019254418044543535,2.6452686039704174e-08,1.347360287305938e-19
1274.6199999999958,1569.2018340265377,703.3267758743275,0.00019383314577135153,2.6718048482965005e-08,1.3837298262033414e-19
1274.6299999999958,1569.2018340265377,703.3298206220788,0.00019512530503324252,2.6985993968376136e-08,1.4210331975545662e-19
1274.6399999999958,1569.2018340265377,703.332865348417,0.0001964206328183744,2.725654682600511e-08,1.459293217391692e-19
1274.6499999999958,1569.2018340265377,703.3359100533427,0.00019771910359910833,2.7529731606988415e-08,1.4985332323094908e-19
1274.6599999999958,1569.2018340265377,703.3389547368558,0.0001990206917139354,2.7805573085358958e-08,1.5387771310376753e-19
1274.6699999999958,1569.2018340265377,703.3419993989568,0.00020032537139989953,2.8084096260039604e-08,1.5800493566622931e-19
1274.6799999999957,1569.2018340265377,703.3450440396457,0.00020163311676982718,2.8365326356794197e-08,1.6223749186774668e-19
1274.6899999999957,1569.2018340265377,703.3480886589226,0.00020294390181313868,2.8649288830181574e-08,1.665779405463068e-19
1274.6999999999957,1569.2018340265377,703.3511332567882,0.0002042577003984877,2.893600936563531e-08,1.7102889970512817e-19
1274.7099999999957,1569.2018340265377,703.3541778332426,0.00020557448628292046,2.922551388135503e-08,1.7559304781931475e-19
1274.7199999999957,1569.2018340265377,703.3572223882855,0.00020689423310755518,2.9517828530353204e-08,1.8027312516032287e-19
1274.7299999999957,1569.2018340265377,703.3602669219177,0.00020821691439257,2.981297970261754e-08,1.850719351482424e-19
1274.7399999999957,1569.2018340265377,703.3633114341393,0.00020954250354652366,3.011099402703119e-08,1.899923457415624e-19
1274.7499999999957,1569.2018340265377,703.3663559249504,0.00021087097386213288,3.041189837351353e-08,1.9503729084654433e-19
1274.7599999999957,1569.2018340265377,703.3694003943513,0.00021220229851675392,3.071571985509335e-08,2.0020977175881934e-19
1274.7699999999957,1569.2018340265377,703.3724448423421,0.00021353645059083242,3.102248583005366e-08,2.0551285865285816e-19
1274.7799999999957,1569.2018340265377,703.3754892689234,0.00021487340302797132,3.133222390403997e-08,2.1094969204599184e-19
1274.7899999999956,1569.2018340265377,703.378533674095,0.00021621312867285716,3.1644961932171055e-08,2.1652348436656256e-19
1274.7999999999956,1569.2018340265377,703.3815780578573,0.0002175556002693145,3.196072802126145e-08,2.2223752151865716e-19
1274.8099999999956,1569.2018340265377,703.3846224202105,0.00021890079043255804,3.227955053199376e-08,2.2809516445114633e-19
1274.8199999999956,1569.2018340265377,703.387666761155,0.00022024867168006973,3.260145808110727e-08,2.3409985081845395e-19
1274.8299999999956,1569.2018340265377,703.3907110806907,0.0002215992164164638,3.292647954358034e-08,2.402550966284118e-19
1274.8399999999956,1569.2018340265377,703.3937553788181,0.00022295239694856487,3.325464405494033e-08,2.4656449795736087e-19
1274.8499999999956,1569.2018340265377,703.3967996555372,0.00022430818546897803,3.358598101344596e-08,2.5303173266441474e-19
1274.8599999999956,1569.2018340265377,703.3998439108485,0.0002256665540580088,3.3920520082472874e-08,2.596605621629035e-19
1274.8699999999956,1569.2018340265377,703.402888144752,0.0002270274747054015,3.425829119263386e-08,2.664548332472299e-19
1274.8799999999956,1569.2018340265377,703.4059323572479,0.00022839091929095982,3.459932454426387e-08,2.734184799156313e-19
1274.8899999999956,1569.2018340265377,703.4089765483367,0.0002297568595890459,3.4943650609653154e-08,2.805555252529299e-19
1274.8999999999955,1569.2018340265377,703.4120207180183,0.00023112526727047557,3.52913001354083e-08,2.8787008335062487e-19
1274.9099999999955,1569.2018340265377,703.4150648662933,0.00023249611390734835,3.5642304144874676e-08,2.9536636127077187e-19
1274.9199999999955,1569.2018340265377,703.4181089931615,0.00023386937097905265,3.5996693940420996e-08,3.03048661049377e-19
1274.9299999999955,1569.2018340265377,703.4211530986233,0.0002352450098460612,3.635450110597964e-08,3.1092138170264694e-19
1274.9399999999955,1569.2018340265377,703.4241971826792,0.0002366230017853644,3.671575750939771e-08,3.1898902135020134e-19
1274.9499999999955,1569.2018340265377,703.427241245329,0.00023800331796629677,3.708049530484367e-08,3.2725617930458144e-19
1274.9599999999955,1569.2018340265377,703.4302852865732,0.00023938592947184346,3.74487469353983e-08,3.3572755826654266e-19
1274.9699999999955,1569.2018340265377,703.4333293064118,0.0002407708072789271,3.782054513543565e-08,3.4440796650499266e-19
1274.9799999999955,1569.2018340265377,703.4363733048452,0.00024215792226888548,3.819592293320174e-08,3.5330232012543925e-19
1274.9899999999955,1569.2018340265377,703.4394172818738,0.00024354724523092892,3.8574913653317507e-08,3.6241564537355057e-19
1274.9999999999955,1569.2018340265377,703.4424612374974,0.0002449387468651251,3.895755091925787e-08,3.7175308098409002e-19
1275.0099999999954,1569.2018340265377,703.4455051717164,0.00024633239776776343,3.934386865609538e-08,3.813198805549877e-19
1275.0199999999954,1569.2018340265377,703.4485490845312,0.0002477281684565089,3.973390109296574e-08,3.911214150241434e-19
1275.0299999999954,1569.2018340265377,703.4515929759418,0.00024912602934023566,4.012768276565146e-08,4.011631751125801e-19
1275.0399999999954,1569.2018340265377,703.4546368459485,0.00025052595075002323,4.0525248519335124e-08,4.1145077391532715e-19
1275.0499999999954,1569.2018340265377,703.4576806945515,0.0002519279029240775,4.092663351119895e-08,4.2198994946860358e-19
1275.0599999999954,1569.2018340265377,703.4607245217512,0.00025333185600548,4.133187321308849e-08,4.327865673887247e-19
1275.0699999999954,1569.2018340265377,703.4637683275478,0.000254737780061684,4.1741003414229876e-08,4.438466236019595e-19
1275.0799999999954,1569.2018340265377,703.4668121119411,0.0002561456450757764,4.21540602239057e-08,4.551762470807732e-19
1275.0899999999954,1569.2018340265377,703.4698558749318,0.00025755542091938845,4.2571080074355e-08,4.667817026043426e-19
1275.0999999999954,1569.2018340265377,703.47289961652,0.0002589670774002027,4.299209972334154e-08,4.786693936995126e-19
1275.1099999999954,1569.2018340265377,703.4759433367059,0.00026038058423037854,4.3417156257083864e-08,4.908458655071646e-19
1275.1199999999953,1569.2018340265377,703.4789870354896,0.0002617959110662223,4.384628709297384e-08,5.033178078316888e-19
1275.1299999999953,1569.2018340265377,703.4820307128714,0.00026321302743727,4.427952998250917e-08,5.160920580460252e-19
1275.1399999999953,1569.2018340265377,703.4850743688518,0.00026463190282239533,4.471692301412195e-08,5.2917560433194655e-19
1275.1499999999953,1569.2018340265377,703.4881180034308,0.00026605250660344015,4.5158504615996785e-08,5.425755887487425e-19
1275.1599999999953,1569.2018340265377,703.4911616166083,0.0002674748081101233,4.56043135589744e-08,5.562993105447958e-19
1275.1699999999953,1569.2018340265377,703.4942052083851,0.0002688987765522299,4.605438895968282e-08,5.703542293097876e-19
1275.1799999999953,1569.2018340265377,703.4972487787612,0.00027032438108779506,4.6508770283242645e-08,5.84747968458385e-19
1275.1899999999953,1569.2018340265377,703.5002923277368,0.00027175159080285226,4.696749734634378e-08,5.994883186103462e-19
1275.1999999999953,1569.2018340265377,703.503335855312,0.00027318037468726845,4.7430610320247154e-08,6.145832410218765e-19
1275.2099999999953,1569.2018340265377,703.5063793614871,0.0002746107016621736,4.789814973384819e-08,6.300408711985878e-19
1275.2199999999953,1569.2018340265377,703.5094228462626,0.0002760425405860232,4.837015647671094e-08,6.458695225342581e-19
1275.2299999999952,1569.2018340265377,703.5124663096384,0.00027747586022725717,4.884667180203881e-08,6.620776899404489e-19
1275.2399999999952,1569.2018340265377,703.5155097516148,0.00027891062929503443,4.9327737329932994e-08,6.786740536893677e-19
1275.2499999999952,1569.2018340265377,703.518553172192,0.0002803468164225003,4.981339505043285e-08,6.956674832150719e-19
1275.2599999999952,1569.2018340265377,703.5215965713704,0.000281784390163187,5.0303687326702475e-08,7.130670410216428e-19
1275.2699999999952,1569.2018340265377,703.5246399491501,0.0002832233190195114,5.0798656898153874e-08,7.3088198674721645e-19
1275.2799999999952,1569.2018340265377,703.5276833055312,0.000284663571408815,5.129834688368652e-08,7.491217811528266e-19
1275.2899999999952,1569.2018340265377,703.5307266405142,0.00028610511569724886,5.180280078497183e-08,7.677960903631499e-19
1275.2999999999952,1569.2018340265377,703.5337699540992,0.00028754792015353646,5.231206248959833e-08,7.869147899746676e-19
1275.3099999999952,1569.2018340265377,703.5368132462863,0.0002889919530181804,5.2826176274426534e-08,8.064879695590226e-19
1275.3199999999952,1569.2018340265377,703.5398565170759,0.00029043718244455306,5.334518680888005e-08,8.265259369055665e-19
1275.3299999999952,1569.2018340265377,703.542899766468,0.00029188357652543194,5.386913915826028e-08,8.470392225779823e-19
1275.3399999999951,1569.2018340265377,703.5459429944632,0.00029333110328258076,5.4398078787186873e-08,8.680385844604981e-19
1275.3499999999951,1569.2018340265377,703.5489862010616,0.0002947797307002234,5.493205156289099e-08,8.89535012516221e-19
1275.3599999999951,1569.2018340265377,703.552029386263,0.00029622942668074544,5.547110375860754e-08,9.115397334103605e-19
1275.3699999999951,1569.2018340265377,703.5550725500681,0.0002976801590704335,5.6015282057182836e-08,9.340642154356627e-19
1275.379999999995,1569.2018340265377,703.5581156924771,0.0002991318956639426,5.656463355444613e-08,9.571201734641594e-19
1275.389999999995,1569.2018340265377,703.56115881349,0.0003005846041825347,5.711920576258742e-08,9.807195739094022e-19
1275.399999999995,1569.2018340265377,703.5642019131071,0.00030203825230849937,5.767904661392911e-08,1.0048746399768182e-18
1275.409999999995,1569.2018340265377,703.5672449913287,0.0003034928076598783,5.824420446432236e-08,1.029597856810096e-18
1275.419999999995,1569.2018340265377,703.5702880481551,0.00030494823779790223,5.8814728096792e-08,1.0549019768489973e-18
1275.429999999995,1569.2018340265377,703.5733310835865,0.00030640451021426773,5.939066672508971e-08,1.0808000252172042e-18
1275.439999999995,1569.2018340265377,703.5763740976228,0.0003078615923879187,5.997206999735653e-08,1.107305305461923e-18
1275.449999999995,1569.2018340265377,703.5794170902644,0.00030931945171697666,6.05589879999032e-08,1.1344314049689783e-18
1275.459999999995,1569.2018340265377,703.5824600615118,0.00031077805554163623,6.115147126080883e-08,1.1621922007899086e-18
1275.469999999995,1569.2018340265377,703.5855030113651,0.0003122373711685916,6.174957075362799e-08,1.1906018655971956e-18
1275.479999999995,1569.2018340265377,703.5885459398243,0.0003136973658505797,6.235333790119485e-08,1.2196748735904356e-18
1275.489999999995,1569.2018340265377,703.5915888468896,0.0003151580067967751,6.29628245794417e-08,1.2494260066293972e-18
1275.499999999995,1569.2018340265377,703.5946317325617,0.00031661926115428805,6.357808312124386e-08,1.2798703603710963e-18
1275.509999999995,1569.2018340265377,703.5976745968404,0.00031808109603520426,6.419916632016052e-08,1.3110233506986858e-18
1275.519999999995,1569.2018340265377,703.6007174397259,0.000319543478509005,6.482612743436117e-08,1.3429007201439946e-18
1275.529999999995,1569.2018340265377,703.6037602612188,0.00032100637559859485,6.545902019068538e-08,1.375518544448993e-18
1275.539999999995,1569.2018340265377,703.6068030613189,0.00032246975428036135,6.609789878835395e-08,1.4088932392519417e-18
1275.549999999995,1569.2018340265377,703.6098458400269,0.0003239335814836803,6.674281790316062e-08,1.443041566916548e-18
1275.559999999995,1569.2018340265377,703.6128885973426,0.00032539782410678087,6.739383269129212e-08,1.4779806435473598e-18
1275.569999999995,1569.2018340265377,703.6159313332662,0.000326862449007556,6.805099879348973e-08,1.5137279460420426e-18
1275.579999999995,1569.2018340265377,703.6189740477984,0.00032832742299174466,6.871437233922541e-08,1.5503013192599833e-18
1275.589999999995,1569.2018340265377,703.6220167409389,0.0003297927128500554,6.938400995048751e-08,1.5877189835372015e-18
1275.599999999995,1569.2018340265377,703.6250594126882,0.0003312582853141608,7.005996874626985e-08,1.6259995419922205e-18
1275.609999999995,1569.2018340265377,703.6281020630465,0.0003327241070869157,7.074230634654459e-08,1.6651619882952523e-18
1275.619999999995,1569.2018340265377,703.631144692014,0.0003341901448336887,7.143108087649606e-08,1.705225714409807e-18
1275.6299999999949,1569.2018340265377,703.6341872995911,0.0003356563651969,7.212635097086159e-08,1.746210518599833e-18
1275.6399999999949,1569.2018340265377,703.6372298857775,0.0003371227347801335,7.282817577797599e-08,1.7881366134172268e-18
1275.6499999999949,1569.2018340265377,703.640272450574,0.0003385892201498975,7.353661496444257e-08,1.831024633955109e-18
1275.6599999999949,1569.2018340265377,703.6433149939807,0.00034005578783760534,7.425172871913788e-08,1.8748956462234294e-18
1275.6699999999948,1569.2018340265377,703.6463575159976,0.00034152240436209505,7.497357775771978e-08,1.9197711558204755e-18
1275.6799999999948,1569.2018340265377,703.649400016625,0.0003429890361939664,7.570222332706544e-08,1.96567311644023e-18
1275.6899999999948,1569.2018340265377,703.6524424958632,0.0003444556497974099,7.643772720969591e-08,2.0126239389689562e-18
1275.6999999999948,1569.2018340265377,703.6554849537125,0.0003459222115901019,7.7180151728311e-08,2.06064650029077e-18
1275.7099999999948,1569.2018340265377,703.6585273901732,0.0003473886879667038,7.792955975017335e-08,2.109764152610386e-18
1275.7199999999948,1569.2018340265377,703.661569805245,0.00034885504531464854,7.868601469168646e-08,2.1600007329232203e-18
1275.7299999999948,1569.2018340265377,703.6646121989286,0.0003503212499819082,7.944958052321208e-08,2.2113805723792757e-18
1275.7399999999948,1569.2018340265377,703.6676545712241,0.000351787268287763,8.02203217734461e-08,2.2639285060516423e-18
1275.7499999999948,1569.2018340265377,703.6706969221319,0.0003532530665492388,8.099830353416588e-08,2.3176698830134385e-18
1275.7599999999948,1569.2018340265377,703.6737392516519,0.0003547186110466539,8.178359146487376e-08,2.372630576202969e-18
1275.7699999999948,1569.2018340265377,703.6767815597844,0.00035618386805433603,8.257625179767809e-08,2.4288369929049675e-18
1275.7799999999947,1569.2018340265377,703.67982384653,0.00035764880380743545,8.337635134201999e-08,2.486316084990362e-18
1275.7899999999947,1569.2018340265377,703.6828661118885,0.0003591133845508582,8.418395748932999e-08,2.5450953598977943e-18
1275.7999999999947,1569.2018340265377,703.6859083558601,0.00036057757649344326,8.499913821800236e-08,2.605202891182843e-18
1275.8099999999947,1569.2018340265377,703.6889505784453,0.000362041345834491,8.582196209846933e-08,2.666667329766693e-18
1275.8199999999947,1569.2018340265377,703.6919927796442,0.0003635046587615167,8.665249829776422e-08,2.7295179151601756e-18
1275.8299999999947,1569.2018340265377,703.6950349594572,0.00036496748144209697,8.74908165847656e-08,2.7937844868866523e-18
1275.8399999999947,1569.2018340265377,703.6980771178843,0.00036642978003951777,8.833698733505039e-08,2.85949749626719e-18
1275.8499999999947,1569.2018340265377,703.7011192549255,0.0003678915207032136,8.9191081535969e-08,2.9266880182441576e-18
1275.8599999999947,1569.2018340265377,703.7041613705817,0.00036935266956883016,9.005317079199228e-08,2.9953877635073903e-18
1275.8699999999947,1569.2018340265377,703.7072034648526,0.00037081319277001415,9.092332732932462e-08,3.065629090887686e-18
1275.8799999999947,1569.2018340265377,703.7102455377385,0.0003722730564255013,9.180162400152227e-08,3.1374450198414934e-18
1275.8899999999946,1569.2018340265377,703.7132875892397,0.0003737322266523446,9.268813429450572e-08,3.2108692433343333e-18
1275.8999999999946,1569.2018340265377,703.7163296193565,0.00037519066955009263,9.358293233188134e-08,3.2859361407332775e-18
1275.9099999999946,1569.2018340265377,703.7193716280891,0.0003766483512423804,9.448609288012691e-08,3.362680791420639e-18
1275.9199999999946,1569.2018340265377,703.7224136154375,0.00037810523781360854,9.539769135399204e-08,3.4411389877482e-18
1275.9299999999946,1569.2018340265377,703.7254555814021,0.00037956129537200674,9.631780382194284e-08,3.521347249343807e-18
1275.9399999999946,1569.2018340265377,703.7284975259832,0.00038101649000800956,9.72465070115117e-08,3.60334283673349e-18
1275.9499999999946,1569.2018340265377,703.731539449181,0.0003824707878199895,9.818387831468643e-08,3.687163765821196e-18
1275.9599999999946,1569.2018340265377,703.7345813509957,0.000383924154901722,9.912999579351746e-08,3.772848822290942e-18
1275.9699999999946,1569.2018340265377,703.7376232314273,0.0003853765573604192,1.0008493818559344e-07,3.860437576550452e-18
1275.9799999999946,1569.2018340265377,703.7406650904763,0.0003868279612838068,1.0104878490977405e-07,3.949970398457822e-18
1275.9899999999946,1569.2018340265377,703.743706928143,0.0003882783327843754,1.0202161607160902e-07,4.04148847305658e-18
1275.9999999999945,1569.2018340265377,703.7467487444272,0.00038972763797476663,1.0300351246912325e-07,4.135033815932262e-18
1276.0099999999945,1569.2018340265377,703.7497905393295,0.000391175842966728,1.0399455559861015e-07,4.2306492890726464e-18
1276.0199999999945,1569.2018340265377,703.7528323128502,0.0003926229138777666,1.0499482766033195e-07,4.328378617085203e-18
1276.0299999999945,1569.2018340265377,703.7558740649891,0.00039406881684748627,1.0600441156421571e-07,4.428266403816557e-18
1276.0399999999945,1569.2018340265377,703.7589157957468,0.0003955135180173067,1.0702339093593447e-07,4.530358148896171e-18
1276.0499999999945,1569.2018340265377,703.7619575051233,0.0003969569835256904,1.0805185012262817e-07,4.6347002647011286e-18
1276.0599999999945,1569.2018340265377,703.7649991931191,0.00039839917953971634,1.090898741990779e-07,4.7413400940852015e-18
1276.0699999999945,1569.2018340265377,703.7680408597342,0.0003998400722360096,1.1013754897332428e-07,4.850325927794254e-18
1276.0799999999945,1569.2018340265377,703.7710825049688,0.00040127962779528705,1.1119496099304934e-07,4.961707022400397e-18
1276.0899999999945,1569.2018340265377,703.7741241288232,0.0004027178124222602,1.1226219755160003e-07,5.075533618833399e-18
1276.0999999999945,1569.2018340265377,703.7771657312977,0.0004041545923291413,1.1333934669404281e-07,5.191856960796236e-18
1276.1099999999944,1569.2018340265377,703.7802073123925,0.0004055899337545438,1.1442649722339169e-07,5.3107293139620175e-18
1276.1199999999944,1569.2018340265377,703.7832488721076,0.0004070238029516411,1.1552373870680202e-07,5.4322039851174155e-18
1276.1299999999944,1569.2018340265377,703.7862904104434,0.00040845616618528176,1.1663116148193408e-07,5.5563353417633754e-18
1276.1399999999944,1569.2018340265377,703.7893319274003,0.00040988698974182483,1.1774885666337352e-07,5.683178832236263e-18
1276.1499999999944,1569.2018340265377,703.7923734229784,0.00041131623993701,1.1887691614863477e-07,5.812791006124716e-18
1276.1599999999944,1569.2018340265377,703.7954148971777,0.0004127438831053111,1.2001543262496967e-07,5.945229534863768e-18
1276.1699999999944,1569.2018340265377,703.7984563499986,0.0004141698855951343,1.211644995757225e-07,6.0805532327149936e-18
1276.1799999999944,1569.2018340265377,703.8014977814414,0.00041559421378455975,1.2232421128695256e-07,6.218822078437779e-18
1276.1899999999944,1569.2018340265377,703.8045391915064,0.00041701683408326657,1.2349466285379672e-07,6.3600972371221045e-18
1276.1999999999944,1569.2018340265377,703.8075805801934,0.0004184377129206308,1.246759501871938e-07,6.5044410822241545e-18
1276.2099999999944,1569.2018340265377,703.8106219475029,0.00041985681676102375,1.2586817002074125e-07,6.651917218410885e-18
1276.2199999999943,1569.2018340265377,703.8136632934354,0.0004212741120746558,1.2707141991739552e-07,6.8025905040892295e-18
1276.2299999999943,1569.2018340265377,703.8167046179907,0.0004226895653834311,1.2828579827585838e-07,6.956527075478625e-18
1276.2399999999943,1569.2018340265377,703.8197459211692,0.00042410314324050263,1.295114043380027e-07,7.113794370170474e-18
1276.2499999999943,1569.2018340265377,703.8227872029711,0.000425514812221894,1.3074833819536138e-07,7.274461151166811e-18
1276.2599999999943,1569.2018340265377,703.8258284633966,0.00042692453892145035,1.3199670079630783e-07,7.438597531451493e-18
1276.2699999999943,1569.2018340265377,703.8288697024461,0.0004283322899977413,1.332565939529189e-07,7.60627499986198e-18
1276.2799999999943,1569.2018340265377,703.8319109201196,0.0004297380321359396,1.345281203480344e-07,7.77756644596833e-18
1276.2899999999943,1569.2018340265377,703.8349521164173,0.00043114173203074777,1.358113835424114e-07,7.952546185712119e-18
1276.2999999999943,1569.2018340265377,703.8379932913398,0.0004325433564431621,1.3710648798213894e-07,8.131289988871822e-18
1276.3099999999943,1569.2018340265377,703.8410344448869,0.0004339428721667533,1.3841353900523043e-07,8.313875105269346e-18
1276.3199999999943,1569.2018340265377,703.8440755770589,0.00043534024601376816,1.3973264284953307e-07,8.500380291905341e-18
1276.3299999999942,1569.2018340265377,703.8471166878561,0.00043673544486945063,1.4106390665976963e-07,8.690885841785073e-18
1276.3399999999942,1569.2018340265377,703.8501577772789,0.0004381284356271059,1.4240743849508365e-07,8.885473610981233e-18
1276.3499999999942,1569.2018340265377,703.8531988453274,0.00043951918524690265,1.437633473361853e-07,9.08422704853848e-18
1276.3599999999942,1569.2018340265377,703.8562398920016,0.00044090766072054494,1.4513174309310628e-07,9.287231225094892e-18
1276.3699999999942,1569.2018340265377,703.8592809173019,0.00044229382908610816,1.4651273661286924e-07,9.494572862985373e-18
1276.3799999999942,1569.2018340265377,703.8623219212287,0.00044367765742549345,1.4790643968685974e-07,9.706340366466461e-18
1276.3899999999942,1569.2018340265377,703.8653629037819,0.0004450591128675658,1.4931296505849801e-07,9.922623852611582e-18
1276.3999999999942,1569.2018340265377,703.868403864962,0.0004464381625943816,1.5073242643129942e-07,1.014351518285715e-17
1276.4099999999942,1569.2018340265377,703.871444804769,0.0004478147738318013,1.5216493847625198e-07,1.0369107994642441e-17
1276.4199999999942,1569.2018340265377,703.8744857232034,0.00044918891384241634,1.5361061684015522e-07,1.0599497733745592e-17
1276.4299999999942,1569.2018340265377,703.8775266202653,0.00045056054995989855,1.5506957815300814e-07,1.0834781688013886e-17
1276.4399999999941,1569.2018340265377,703.8805674959547,0.00045192964956818234,1.565419400363088e-07,1.1075059020512952e-17
1276.4499999999941,1569.2018340265377,703.8836083502721,0.00045329618009258674,1.5802782111121215e-07,1.1320430803464689e-17
1276.4599999999941,1569.2018340265377,703.8866491832176,0.000454660109008685,1.5952734100630345e-07,1.1571000053128879e-17
1276.4699999999941,1569.2018340265377,703.8896899947915,0.00045602140385366284,1.610406203659906e-07,1.1826871765442237e-17
1276.479999999994,1569.2018340265377,703.892730784994,0.0004573800322402313,1.625677808586716e-07,1.2088152952317497e-17
1276.489999999994,1569.2018340265377,703.8957715538253,0.00045873596180202706,1.641089451850362e-07,1.235495267675929e-17
1276.499999999994,1569.2018340265377,703.8988123012857,0.0004600891602512053,1.656642370864742e-07,1.262738209151938e-17
1276.509999999994,1569.2018340265377,703.9018530273754,0.0004614395953553218,1.6723378135332746e-07,1.2905554476265049e-17
1276.519999999994,1569.2018340265377,703.9048937320944,0.0004627872349434324,1.6881770383342637e-07,1.3189585276180097e-17
1276.529999999994,1569.2018340265377,703.9079344154432,0.0004641320469069541,1.704161314410009e-07,1.3479592141130882e-17
1276.539999999994,1569.2018340265377,703.9109750774219,0.00046547399918235474,1.7202919216476095e-07,1.3775694964816932e-17
1276.549999999994,1569.2018340265377,703.914015718031,0.00046681305979304416,1.736570150769991e-07,1.407801592646629e-17
1276.559999999994,1569.2018340265377,703.9170563372703,0.0004681491968188689,1.7529973034179173e-07,1.4386679530972858e-17
1276.569999999994,1569.2018340265377,703.9200969351401,0.00046948237839487513,1.7695746922447744e-07,1.4701812650731543e-17
1276.579999999994,1569.2018340265377,703.923137511641,0.0004708125727282324,1.786303641003726e-07,1.5023544568616318e-17
1276.589999999994,1569.2018340265377,703.9261780667729,0.00047213974810538444,1.8031854846321587e-07,1.5352007021352225e-17
1276.599999999994,1569.2018340265377,703.9292186005359,0.00047346387285939433,1.82022156934747e-07,1.5687334242496e-17
1276.609999999994,1569.2018340265377,703.9322591129306,0.00047478491541110056,1.8374132527373587e-07,1.6029663008420355e-17
1276.619999999994,1569.2018340265377,703.935299603957,0.00047610284423127067,1.8547619038475994e-07,1.6379132682422682e-17
1276.629999999994,1569.2018340265377,703.9383400736154,0.0004774176278854518,1.8722689032793874e-07,1.6735885262498153e-17
1276.639999999994,1569.2018340265377,703.941380521906,0.00047872923499215155,1.8899356432771732e-07,1.710006542678237e-17
1276.649999999994,1569.2018340265377,703.9444209488289,0.0004800376342574008,1.907763527826211e-07,1.747182058254697e-17
1276.659999999994,1569.2018340265377,703.9474613543847,0.0004813427944524463,1.925753972747684e-07,1.7851300913964698e-17
1276.669999999994,1569.2018340265377,703.9505017385732,0.00048264468442025675,1.9439084057871029e-07,1.8238659431537725e-17
1276.679999999994,1569.2018340265377,703.9535421013948,0.00048394327309734695,1.9622282667188464e-07,1.863405202324255e-17
1276.689999999994,1569.2018340265377,703.9565824428497,0.0004852385294789016,1.9807150074374034e-07,1.9037637504116542e-17
1276.699999999994,1569.2018340265377,703.9596227629381,0.00048653042264254205,1.9993700920552363e-07,1.9449577668986116e-17
1276.709999999994,1569.2018340265377,703.9626630616605,0.0004878189217583329,2.01819499700366e-07,1.9870037345639022e-17
1276.719999999994,1569.2018340265377,703.9657033390166,0.0004891039960604037,2.0371912111259939e-07,2.0299184447153675e-17
1276.7299999999939,1569.2018340265377,703.9687435950071,0.000490385614867928,2.0563602357848425e-07,2.0737190027327845e-17
1276.7399999999939,1569.2018340265377,703.971783829632,0.0004916637475849833,2.0757035849545935e-07,2.1184228335883085e-17
1276.7499999999939,1569.2018340265377,703.9748240428917,0.0004929383637045532,2.0952227853281537e-07,2.164047687502637e-17
1276.7599999999939,1569.2018340265377,703.9778642347861,0.0004942094327970148,2.1149193764151545e-07,2.2106116456074125e-17
1276.7699999999938,1569.2018340265377,703.9809044053156,0.0004954769245149199,2.1347949106467031e-07,2.2581331257814582e-17
1276.7799999999938,1569.2018340265377,703.9839445544807,0.0004967408085995934,2.1548509534795396e-07,2.3066308885901478e-17
1276.7899999999938,1569.2018340265377,703.9869846822813,0.0004980010548853559,2.1750890834964139e-07,2.3561240433036165e-17
1276.7999999999938,1569.2018340265377,703.9900247887175,0.0004992576332869223,2.1955108925117005e-07,2.406632053943261e-17
1276.8099999999938,1569.2018340265377,703.9930648737899,0.0005005105138170412,2.2161179856839822e-07,2.458174745583203e-17
1276.8199999999938,1569.2018340265377,703.9961049374986,0.0005017596665676757,2.23691198161348e-07,2.510772310545046e-17
1276.8299999999938,1569.2018340265377,703.9991449798437,0.0005030050617219828,2.257894512453079e-07,2.564445314869236e-17
1276.8399999999938,1569.2018340265377,704.0021850008254,0.0005042466695734899,2.27906722401733e-07,2.619214704928389e-17
1276.8499999999938,1569.2018340265377,704.005225000444,0.0005054844604887684,2.3004317758905355e-07,2.6751018138544497e-17
1276.8599999999938,1569.2018340265377,704.0082649786999,0.0005067184049316259,2.3219898415374137e-07,2.732128368386744e-17
1276.8699999999938,1569.2018340265377,704.0113049355932,0.0005079484734729857,2.3437431084120408e-07,2.7903164957583144e-17
1276.8799999999937,1569.2018340265377,704.014344871124,0.0005091746367617681,2.365693278068408e-07,2.8496887304820744e-17
1276.8899999999937,1569.2018340265377,704.0173847852926,0.0005103968655633723,2.387842066277667e-07,2.91026802163036e-17
1276.8999999999937,1569.2018340265377,704.0204246780993,0.0005116151307199355,2.4101912031354323e-07,2.972077739772128e-17
1276.9099999999937,1569.2018340265377,704.0234645495444,0.0005128294031918502,2.4327424331807667e-07,3.035141684506859e-17
1276.9199999999937,1569.2018340265377,704.0265043996278,0.0005140396540267618,2.4554975155033993e-07,3.0994840916742305e-17
1276.9299999999937,1569.2018340265377,704.02954422835,0.0005152458543767937,2.478458223870403e-07,3.1651296410043935e-17
1276.9399999999937,1569.2018340265377,704.0325840357112,0.0005164479754952959,2.5016263468342587e-07,3.232103463723671e-17
1276.9499999999937,1569.2018340265377,704.0356238217115,0.0005176459887384904,2.5250036878511386e-07,3.3004311503344215e-17
1276.9599999999937,1569.2018340265377,704.0386635863513,0.0005188398655733104,2.54859206540432e-07,3.3701387585716745e-17
1276.9699999999937,1569.2018340265377,704.0417033296305,0.0005200295775545476,2.572393313116496e-07,3.441252821257099e-17
1276.9799999999937,1569.2018340265377,704.0447430515499,0.0005212150963493428,2.596409279877755e-07,3.513800354621715e-17
1276.9899999999936,1569.2018340265377,704.0477827521092,0.0005223963937435534,2.620641829957657e-07,3.5878088666071735e-17
1276.9999999999936,1569.2018340265377,704.0508224313087,0.0005235734416198769,2.64509284313158e-07,3.6633063651413187e-17
1277.0099999999936,1569.2018340265377,704.0538620891488,0.0005247462119604277,2.669764214808068e-07,3.740321366705728e-17
1277.0199999999936,1569.2018340265377,704.0569017256297,0.0005259146768655838,2.694657856145345e-07,3.8188829051259224e-17
1277.0299999999936,1569.2018340265377,704.0599413407516,0.0005270788085495086,2.71977569417767e-07,3.899020540365522e-17
1277.0399999999936,1569.2018340265377,704.0629809345146,0.0005282385793385373,2.745119671941856e-07,3.9807643674759555e-17
1277.0499999999936,1569.2018340265377,704.0660205069191,0.0005293939616592806,2.7706917486066615e-07,4.064145025613133e-17
1277.0599999999936,1569.2018340265377,704.0690600579652,0.0005305449280500711,2.7964938995935947e-07,4.14919370734206e-17
1277.0699999999936,1569.2018340265377,704.0720995876533,0.0005316914511789308,2.822528116712938e-07,4.235942168189888e-17
1277.0799999999936,1569.2018340265377,704.0751390959833,0.0005328335038243717,2.848796408285449e-07,4.32442273601596e-17
1277.0899999999936,1569.2018340265377,704.0781785829557,0.0005339710588591214,2.8753007992794604e-07,4.414668320581566e-17
1277.0999999999935,1569.2018340265377,704.0812180485708,0.0005351040892969367,2.902043331439271e-07,4.5067124237588755e-17
1277.1099999999935,1569.2018340265377,704.0842574928287,0.0005362325682561215,2.929026063415466e-07,4.600589149224872e-17
1277.1199999999935,1569.2018340265377,704.0872969157293,0.0005373564689810877,2.956251070899057e-07,4.696333212793248e-17
1277.1299999999935,1569.2018340265377,704.0903363172732,0.000538475764827545,2.9837204467608555e-07,4.793979952615256e-17
1277.1399999999935,1569.2018340265377,704.0933756974608,0.0005395904292749133,3.0114363011828015e-07,4.893565339745389e-17
1277.1499999999935,1569.2018340265377,704.096415056292,0.0005407004359199969,3.039400761788862e-07,4.995125988703569e-17
1277.1599999999935,1569.2018340265377,704.099454393767,0.0005418057584833535,3.067615973790696e-07,5.098699168360222e-17
1277.1699999999935,1569.2018340265377,704.1024937098862,0.000542906370813142,3.096084100123802e-07,5.204322812937758e-17
1277.1799999999935,1569.2018340265377,704.1055330046497,0.0005440022468627779,3.1248073215848e-07,5.3120355329303975e-17
1277.1899999999935,1569.2018340265377,704.1085722780579,0.0005450933607324389,3.1537878369728323e-07,5.4218766268174995e-17
1277.1999999999935,1569.2018340265377,704.1116115301107,0.0005461796866376229,3.1830278632297947e-07,5.5338860922503703e-17
1277.2099999999934,1569.2018340265377,704.1146507608086,0.0005472611989123564,3.2125296355850287e-07,5.648104637751301e-17
1277.2199999999934,1569.2018340265377,704.1176899701519,0.0005483378720289392,3.242295407700988e-07,5.764573694769639e-17
1277.2299999999934,1569.2018340265377,704.1207291581406,0.000549409680577836,3.272327451807894e-07,5.883335429473359e-17
1277.2399999999934,1569.2018340265377,704.1237683247749,0.0005504765992878267,3.3026280588581097e-07,6.004432755206638e-17
1277.2499999999934,1569.2018340265377,704.1268074700552,0.000551538603003387,3.3331995386740797e-07,6.127909344658213e-17
1277.2599999999934,1569.2018340265377,704.1298465939817,0.0005525956667081856,3.364044220091681e-07,6.253809642693494e-17
1277.2699999999934,1569.2018340265377,704.1328856965546,0.000553647765519712,3.3951644511066637e-07,6.382178879081958e-17
1277.2799999999934,1569.2018340265377,704.135924777774,0.0005546948746812284,3.426562599030391e-07,6.513063081412743e-17
1277.2899999999934,1569.2018340265377,704.1389638376402,0.0005557369695578829,3.458241050638657e-07,6.646509088218397e-17
1277.2999999999934,1569.2018340265377,704.1420028761536,0.0005567740256698852,3.49020221232625e-07,6.782564562762967e-17
1277.3099999999934,1569.2018340265377,704.1450418933142,0.0005578060186569188,3.522448510253142e-07,6.92127800618823e-17
1277.3199999999933,1569.2018340265377,704.1480808891223,0.0005588329243061234,3.554982390506029e-07,7.062698771676703e-17
1277.3299999999933,1569.2018340265377,704.1511198635782,0.000559854718522057,3.5878063192528037e-07,7.206877078084512e-17
1277.3399999999933,1569.2018340265377,704.154158816682,0.000560871377350426,3.620922782895656e-07,7.353864024438777e-17
1277.3499999999933,1569.2018340265377,704.1571977484341,0.0005618828769884959,3.6543342882350084e-07,7.50371160454457e-17
1277.3599999999933,1569.2018340265377,704.1602366588344,0.0005628891937582601,3.688043362617454e-07,7.65647272124961e-17
1277.3699999999933,1569.2018340265377,704.1632755478834,0.0005638903041251436,3.722052554112148e-07,7.812201201632875e-17
1277.3799999999933,1569.2018340265377,704.1663144155813,0.0005648861846883381,3.756364431659801e-07,7.970951811928166e-17
1277.3899999999933,1569.2018340265377,704.1693532619282,0.0005658768121919859,3.790981585237579e-07,8.132780273019529e-17
1277.3999999999933,1569.2018340265377,704.1723920869244,0.0005668621635291541,3.825906626025495e-07,8.29774327608082e-17
1277.4099999999933,1569.2018340265377,704.1754308905703,0.00056784221571999,3.8611421865714643e-07,8.465898498060337e-17
1277.4199999999933,1569.2018340265377,704.1784696728658,0.0005688169459301684,3.8966909209534675e-07,8.637304617960179e-17
1277.4299999999932,1569.2018340265377,704.1815084338114,0.000569786331478706,3.9325555049509406e-07,8.812021333255835e-17
1277.4399999999932,1569.2018340265377,704.184547173407,0.0005707503498240526,3.968738636212044e-07,8.990109376207295e-17
1277.4499999999932,1569.2018340265377,704.1875858916532,0.0005717089785591,4.0052430344235473e-07,9.171630530542111e-17
1277.4599999999932,1569.2018340265377,704.1906245885501,0.000572662195430869,4.042071441484701e-07,9.35664764879494e-17
1277.4699999999932,1569.2018340265377,704.1936632640977,0.0005736099783394861,4.0792266216685213e-07,9.54522466952648e-17
1277.4799999999932,1569.2018340265377,704.1967019182965,0.0005745523053242425,4.116711361813364e-07,9.73742663471287e-17
1277.4899999999932,1569.2018340265377,704.1997405511465,0.0005754891545676085,4.15452847148117e-07,9.933319707519417e-17
1277.4999999999932,1569.2018340265377,704.2027791626483,0.0005764205044095881,4.1926807831476563e-07,1.0132971190669815e-16
1277.5099999999932,1569.2018340265377,704.2058177528019,0.0005773463333343364,4.231171152365596e-07,1.0336449544479884e-16
1277.5199999999932,1569.2018340265377,704.2088563216073,0.0005782666199811751,4.270002457951983e-07,1.0543824405688247e-16
1277.5299999999932,1569.2018340265377,704.211894869065,0.0005791813431314021,4.3091776021697074e-07,1.0755166606102213e-16
1277.5399999999931,1569.2018340265377,704.2149333951751,0.0005800904817207257,4.348699510904368e-07,1.0970548191948924e-16
1277.5499999999931,1569.2018340265377,704.217971899938,0.0005809940148391321,4.388571133850123e-07,1.119004244332916e-16
1277.5599999999931,1569.2018340265377,704.2210103833538,0.0005818919217333555,4.42879544468903e-07,1.141372389396811e-16
1277.5699999999931,1569.2018340265377,704.2240488454225,0.0005827841817997943,4.469375441277877e-07,1.1641668351100508e-16
1277.579999999993,1569.2018340265377,704.2270872861449,0.0005836707745710429,4.510314145845551e-07,1.1873952915552385e-16
1277.589999999993,1569.2018340265377,704.2301257055208,0.0005845516797684256,4.5516146051628496e-07,1.2110656003306199e-16
1277.599999999993,1569.2018340265377,704.2331641035503,0.0005854268772462137,4.593279890740876e-07,1.2351857365339828e-16
1277.609999999993,1569.2018340265377,704.2362024802338,0.0005862963470175916,4.6353130990282087e-07,1.259763810938923e-16
1277.619999999993,1569.2018340265377,704.2392408355718,0.0005871600692567999,4.6777173515952225e-07,1.2848080721481734e-16
1277.629999999993,1569.2018340265377,704.2422791695642,0.0005880180242892078,4.720495795326182e-07,1.3103269087551172e-16
1277.639999999993,1569.2018340265377,704.2453174822112,0.0005888701926071788,4.7636516026171274e-07,1.336328851595538e-16
1277.649999999993,1569.2018340265377,704.2483557735131,0.000589716554851019,4.807187971574027e-07,1.3628225759541083e-16
1277.659999999993,1569.2018340265377,704.2513940434704,0.0005905570918298703,4.851108126213839e-07,1.3898169038935698e-16
1277.669999999993,1569.2018340265377,704.254432292083,0.0005913917845059795,4.895415316649114e-07,1.4173208065241191e-16
1277.679999999993,1569.2018340265377,704.2574705193512,0.0005922206140072709,4.940112819303148e-07,1.4453434063876965e-16
1277.689999999993,1569.2018340265377,704.260508725275,0.0005930435616223513,4.985203937107477e-07,1.473893979824922e-16
1277.699999999993,1569.2018340265377,704.2635469098551,0.0005938606087931413,5.030691999708673e-07,1.5029819593734746e-16
1277.709999999993,1569.2018340265377,704.2665850730915,0.0005946717371339375,5.076580363665088e-07,1.532616936260359e-16
1277.719999999993,1569.2018340265377,704.2696232149842,0.0005954769284212336,5.122872412656533e-07,1.5628086628645236e-16
1277.729999999993,1569.2018340265377,704.2726613355337,0.000596276164593084,5.169571557701059e-07,1.5935670552413153e-16
1277.739999999993,1569.2018340265377,704.2756994347403,0.00059706942773998,5.216681237355965e-07,1.6249021956492328e-16
1277.749999999993,1569.2018340265377,704.278737512604,0.0005978567001424688,5.264204917925079e-07,1.656824335242636e-16
1277.759999999993,1569.2018340265377,704.2817755691251,0.0005986379642262578,5.312146093680225e-07,1.6893438965877298e-16
1277.769999999993,1569.2018340265377,704.2848136043037,0.0005994132025845002,5.360508287071725e-07,1.7224714763877935e-16
1277.779999999993,1569.2018340265377,704.2878516181403,0.0006001823979903177,5.409295048945941e-07,1.756217848227912e-16
1277.789999999993,1569.2018340265377,704.2908896106351,0.0006009455333682711,5.458509958760607e-07,1.7905939652374243e-16
1277.799999999993,1569.2018340265377,704.2939275817879,0.0006017025918227638,5.50815662479429e-07,1.8256109629498433e-16
1277.809999999993,1569.2018340265377,704.2969655315993,0.0006024535566171499,5.558238684388894e-07,1.861280162079755e-16
1277.819999999993,1569.2018340265377,704.3000034600697,0.0006031984111889214,5.60875980415503e-07,1.8976130714209e-16
1277.8299999999929,1569.2018340265377,704.3030413671988,0.0006039371391434767,5.659723680191458e-07,1.9346213907289433e-16
1277.8399999999929,1569.2018340265377,704.3060792529873,0.0006046697242550133,5.711134038327331e-07,1.972317013680719e-16
1277.8499999999929,1569.2018340265377,704.309117117435,0.0006053961504705036,5.762994634331653e-07,2.0107120308621056e-16
1277.8599999999929,1569.2018340265377,704.3121549605426,0.0006061164019014725,5.815309254159086e-07,2.0498187327817247e-16
1277.8699999999928,1569.2018340265377,704.31519278231,0.0006068304628459793,5.868081714160448e-07,2.089649613002507e-16
1277.8799999999928,1569.2018340265377,704.3182305827373,0.0006075383177547941,5.921315861325887e-07,2.130217371150195e-16
1277.8899999999928,1569.2018340265377,704.3212683618251,0.0006082399512625239,5.975015573522333e-07,2.1715349161796346e-16
1277.8999999999928,1569.2018340265377,704.3243061195734,0.000608935348175916,6.029184759716395e-07,2.213615369529527e-16
1277.9099999999928,1569.2018340265377,704.3273438559827,0.000609624493472987,6.083827360223129e-07,2.2564720683747767e-16
1277.9199999999928,1569.2018340265377,704.3303815710527,0.0006103073723063266,6.138947346925867e-07,2.300118568916922e-16
1277.9299999999928,1569.2018340265377,704.333419264784,0.0006109839700042946,6.19454872354084e-07,2.344568649745272e-16
1277.9399999999928,1569.2018340265377,704.3364569371769,0.0006116542720656801,6.250635525846781e-07,2.389836315192284e-16
1277.9499999999928,1569.2018340265377,704.3394945882314,0.000612318264169913,6.307211821919882e-07,2.4359357987976264e-16
1277.9599999999928,1569.2018340265377,704.3425322179478,0.0006129759321717614,6.364281712389198e-07,2.48288156677534e-16
1277.9699999999928,1569.2018340265377,704.3455698263263,0.0006136272621013826,6.421849330686057e-07,2.530688321543176e-16
1277.9799999999927,1569.2018340265377,704.3486074133671,0.0006142722401624522,6.479918843286183e-07,2.579371005285351e-16
1277.9899999999927,1569.2018340265377,704.3516449790706,0.0006149108527418176,6.538494449964606e-07,2.6289448036213966e-16
1277.9999999999927,1569.2018340265377,704.3546825234368,0.0006155430863979026,6.59758038404117e-07,2.6794251492278113e-16
1278.0099999999927,1569.2018340265377,704.3577200464659,0.000616168927874354,6.657180912636812e-07,2.7308277256236067e-16
1278.0199999999927,1569.2018340265377,704.3607575481585,0.0006167883640843648,6.717300336944979e-07,2.7831684708920974e-16
1278.0299999999927,1569.2018340265377,704.3637950285146,0.0006174013821267926,6.777942992462527e-07,2.8364635815581374e-16
1278.0399999999927,1569.2018340265377,704.3668324875342,0.0006180079692854144,6.839113249264792e-07,2.8907295164810067e-16
1278.0499999999927,1569.2018340265377,704.3698699252178,0.000618608113006212,6.900815512269178e-07,2.94598300068466e-16
1278.0599999999927,1569.2018340265377,704.3729073415656,0.0006192018009310015,6.963054221491708e-07,3.002241029495445e-16
1278.0699999999927,1569.2018340265377,704.3759447365777,0.0006197890208761938,7.025833852314213e-07,3.0595208724876914e-16
1278.0799999999927,1569.2018340265377,704.3789821102544,0.0006203697608448263,7.089158915748805e-07,3.1178400776363157e-16
1278.0899999999926,1569.2018340265377,704.3820194625958,0.0006209440090100888,7.153033958713974e-07,3.1772164753938927e-16
1278.0999999999926,1569.2018340265377,704.3850567936025,0.0006215117537385372,7.21746356430044e-07,3.2376681830110325e-16
1278.1099999999926,1569.2018340265377,704.3880941032744,0.0006220729835711522,7.282452352036697e-07,3.29921360870049e-16
1278.1199999999926,1569.2018340265377,704.3911313916118,0.0006226276872382004,7.348004978177801e-07,3.361871456049695e-16
1278.1299999999926,1569.2018340265377,704.3941686586148,0.0006231758536459967,7.414126135969884e-07,3.4256607283219794e-16
1278.1399999999926,1569.2018340265377,704.3972059042839,0.0006237174718877128,7.480820555938345e-07,3.490600732963033e-16
1278.1499999999926,1569.2018340265377,704.4002431286192,0.0006242525312415337,7.548093006163558e-07,3.5567110860880447e-16
1278.1599999999926,1569.2018340265377,704.4032803316207,0.0006247810211678129,7.615948292552842e-07,3.624011717016454e-16
1278.1699999999926,1569.2018340265377,704.406317513289,0.0006253029313127614,7.684391259147768e-07,3.69252287293587e-16
1278.1799999999926,1569.2018340265377,704.4093546736241,0.0006258182515031127,7.753426788392746e-07,3.7622651235373936e-16
1278.1899999999926,1569.2018340265377,704.4123918126262,0.0006263269717544751,7.823059801425929e-07,3.833259365812482e-16
1278.1999999999925,1569.2018340265377,704.4154289302957,0.0006268290822673417,7.893295258377422e-07,3.905526828846698e-16
1278.2099999999925,1569.2018340265377,704.4184660266325,0.0006273245734284591,7.964138158648671e-07,3.9790890786882525e-16
1278.2199999999925,1569.2018340265377,704.4215031016373,0.0006278134358076677,8.035593541230818e-07,4.0539680232892075e-16
1278.2299999999925,1569.2018340265377,704.4245401553101,0.0006282956601622317,8.107666484966746e-07,4.1301859175008823e-16
1278.2399999999925,1569.2018340265377,704.4275771876509,0.0006287712374438126,8.180362108873604e-07,4.207765368214007e-16
1278.2499999999925,1569.2018340265377,704.4306141986601,0.0006292401587753882,8.253685572446496e-07,4.2867293393456006e-16
1278.2599999999925,1569.2018340265377,704.4336511883381,0.0006297024154767165,8.327642075947828e-07,4.3671011571962784e-16
1278.2699999999925,1569.2018340265377,704.436688156685,0.0006301579990580555,8.402236860717799e-07,4.448904515689609e-16
1278.2799999999925,1569.2018340265377,704.4397251037009,0.0006306069012103449,8.477475209475735e-07,4.532163481638948e-16
1278.2899999999925,1569.2018340265377,704.442762029386,0.0006310491138154426,8.553362446643528e-07,4.616902500244526e-16
1278.2999999999925,1569.2018340265377,704.4457989337408,0.0006314846289434943,8.629903938648839e-07,4.703146400549692e-16
1278.3099999999924,1569.2018340265377,704.4488358167654,0.0006319134388517333,8.707105094235666e-07,4.790920400982663e-16
1278.3199999999924,1569.2018340265377,704.4518726784598,0.0006323355359898565,8.784971364777353e-07,4.880250115020417e-16
1278.3299999999924,1569.2018340265377,704.4549095188246,0.0006327509129913866,8.863508244612022e-07,4.971161556842511e-16
1278.3399999999924,1569.2018340265377,704.4579463378598,0.0006331595626813158,8.942721271342425e-07,5.063681147140191e-16
1278.3499999999924,1569.2018340265377,704.4609831355657,0.0006335614780769338,9.022616026173189e-07,5.15783571899002e-16
1278.3599999999924,1569.2018340265377,704.4640199119425,0.0006339566523804037,9.103198134223582e-07,5.253652523705697e-16
1278.3699999999924,1569.2018340265377,704.4670566669902,0.0006343450789868062,9.184473264857534e-07,5.351159236906938e-16
1278.3799999999924,1569.2018340265377,704.4700934007095,0.000634726751480245,9.26644713203717e-07,5.450383964595479e-16
1278.3899999999924,1569.2018340265377,704.4731301131003,0.0006351016636329965,9.349125494605865e-07,5.551355249247566e-16
1278.3999999999924,1569.2018340265377,704.4761668041629,0.0006354698094143377,9.432514156664647e-07,5.654102076176653e-16
1278.4099999999924,1569.2018340265377,704.4792034738974,0.0006358311829758071,9.516618967890235e-07,5.758653879700367e-16
1278.4199999999923,1569.2018340265377,704.4822401223042,0.0006361857786643708,9.601445823876587e-07,5.865040549656088e-16
1278.4299999999923,1569.2018340265377,704.4852767493836,0.0006365335910180272,9.687000666479084e-07,5.973292437846694e-16
1278.4399999999923,1569.2018340265377,704.4883133551355,0.0006368746147665543,9.773289484141639e-07,6.083440364589801e-16
1278.4499999999923,1569.2018340265377,704.4913499395603,0.0006372088448276475,9.860318312274604e-07,6.195515625366206e-16
1278.4599999999923,1569.2018340265377,704.4943865026585,0.0006375362763128163,9.948093233574039e-07,6.309549997570159e-16
1278.4699999999923,1569.2018340265377,704.4974230444299,0.0006378569045240074,1.0036620378374895e-06,6.425575747296003e-16
1278.4799999999923,1569.2018340265377,704.5004595648747,0.0006381707249576912,1.0125905925017254e-06,6.543625636297998e-16
1278.4899999999923,1569.2018340265377,704.5034960639935,0.0006384777332999253,1.0215956100198486e-06,6.66373292892704e-16
1278.4999999999923,1569.2018340265377,704.5065325417863,0.0006387779254275945,1.0306777179327869e-06,6.785931399215566e-16
1278.5099999999923,1569.2018340265377,704.5095689982536,0.0006390712974108083,1.0398375486883308e-06,6.910255338064685e-16
1278.5199999999923,1569.2018340265377,704.512605433395,0.000639357845515474,1.049075739676373e-06,7.036739560516646e-16
1278.5299999999922,1569.2018340265377,704.5156418472113,0.000639637566193386,1.0583929332695674e-06,7.165419413050823e-16
1278.5399999999922,1569.2018340265377,704.5186782397026,0.0006399104560933451,1.0677897768556385e-06,7.296330781085397e-16
1278.5499999999922,1569.2018340265377,704.521714610869,0.0006401765120560727,1.0772669228764857e-06,7.429510096484083e-16
1278.5599999999922,1569.2018340265377,704.5247509607108,0.0006404357311127622,1.0868250288647678e-06,7.564994345156736e-16
1278.5699999999922,1569.2018340265377,704.5277872892281,0.0006406881104895914,1.0964647574821608e-06,7.702821074844157e-16
1278.5799999999922,1569.2018340265377,704.5308235964213,0.0006409336476039364,1.1061867765575474e-06,7.84302840289901e-16
1278.5899999999922,1569.2018340265377,704.5338598822907,0.0006411723400666585,1.115991759123263e-06,7.985655024203392e-16
1278.5999999999922,1569.2018340265377,704.5368961468362,0.0006414041856828467,1.125880383454145e-06,8.130740219203174e-16
1278.6099999999922,1569.2018340265377,704.5399323900582,0.0006416291824477198,1.1358533331079533e-06,8.278323861996803e-16
1278.6199999999922,1569.2018340265377,704.542968611957,0.0006418473285510085,1.1459112969620526e-06,8.428446428572623e-16
1278.6299999999922,1569.2018340265377,704.5460048125328,0.0006420586223761563,1.156054969253253e-06,8.581149005125413e-16
1278.6399999999921,1569.2018340265377,704.5490409917858,0.0006422630624990105,1.166285049616821e-06,8.736473296451345e-16
1278.6499999999921,1569.2018340265377,704.552077149716,0.0006424606476876408,1.176602243126526e-06,8.894461634471334e-16
1278.6599999999921,1569.2018340265377,704.5551132863241,0.0006426513769029333,1.1870072603365316e-06,9.055156986893839e-16
1278.6699999999921,1569.2018340265377,704.5581494016099,0.0006428352493016657,1.1975008173165462e-06,9.218602965913209e-16
1278.679999999992,1569.2018340265377,704.5611854955738,0.0006430122642316321,1.2080836356977709e-06,9.384843837062644e-16
1278.689999999992,1569.2018340265377,704.564221568216,0.0006431824212330005,1.2187564427101305e-06,9.553924528123632e-16
1278.699999999992,1569.2018340265377,704.5672576195368,0.0006433457200398,1.2295199712253167e-06,9.725890638232846e-16
1278.709999999992,1569.2018340265377,704.5702936495363,0.0006435021605810066,1.2403749597964783e-06,9.900788447038872e-16
1278.719999999992,1569.2018340265377,704.5733296582148,0.0006436517429754458,1.25132215270107e-06,1.0078664923920035e-15
1278.729999999992,1569.2018340265377,704.5763656455724,0.0006437944675369372,1.262362299982317e-06,1.0259567737443318e-15
1278.739999999992,1569.2018340265377,704.5794016116096,0.0006439303347717675,1.2734961574918133e-06,1.044354526483434e-15
1278.749999999992,1569.2018340265377,704.5824375563265,0.0006440593453785133,1.2847244869311872e-06,1.0630646601576626e-15
1278.759999999992,1569.2018340265377,704.5854734797231,0.0006441815002500779,1.2960480558943786e-06,1.082092157116821e-15
1278.769999999992,1569.2018340265377,704.5885093817998,0.0006442968004716953,1.3074676379128207e-06,1.1014420734973387e-15
1278.779999999992,1569.2018340265377,704.5915452625568,0.0006444052473201613,1.3189840124971059e-06,1.1211195402147595e-15
1278.789999999992,1569.2018340265377,704.5945811219946,0.0006445068422649899,1.3305979651818935e-06,1.1411297639763282e-15
1278.799999999992,1569.2018340265377,704.5976169601129,0.0006446015869717973,1.3423102875663705e-06,1.1614780283017628e-15
1278.809999999992,1569.2018340265377,704.6006527769123,0.0006446894832934128,1.354121777364152e-06,1.1821696945499757e-15
1278.819999999992,1569.2018340265377,704.603688572393,0.0006447705332789253,1.3660332384434478e-06,1.2032102029727163e-15
1278.829999999992,1569.2018340265377,704.6067243465551,0.0006448447391675927,1.3780454808723097e-06,1.2246050737617147e-15
1278.839999999992,1569.2018340265377,704.6097600993988,0.0006449121033933002,1.3901593209660217e-06,1.2463599081308988e-15
1278.849999999992,1569.2018340265377,704.6127958309244,0.0006449726285792973,1.4023755813302706e-06,1.2684803893850782e-15
1278.859999999992,1569.2018340265377,704.6158315411323,0.0006450263175423378,1.4146950909096782e-06,1.2909722840281775e-15
1278.869999999992,1569.2018340265377,704.6188672300225,0.0006450731732907947,1.427118685029728e-06,1.3138414428605043e-15
1278.879999999992,1569.2018340265377,704.6219028975951,0.0006451131990251658,1.439647205445402e-06,1.3370938021051121e-15
1278.889999999992,1569.2018340265377,704.6249385438505,0.0006451463981360468,1.4522815003897616e-06,1.3607353845416372e-15
1278.899999999992,1569.2018340265377,704.6279741687891,0.0006451727742073671,1.4650224246191487e-06,1.384772300657487e-15
1278.909999999992,1569.2018340265377,704.631009772411,0.0006451923310125756,1.477870839458073e-06,1.40921074979641e-15
1278.919999999992,1569.2018340265377,704.6340453547161,0.0006452050725179273,1.4908276128506434e-06,1.4340570213472853e-15
1278.9299999999919,1569.2018340265377,704.6370809157049,0.000645211002879555,1.5038936194071674e-06,1.4593174959236862e-15
1278.9399999999919,1569.2018340265377,704.6401164553779,0.0006452101264442399,1.5170697404538927e-06,1.484998646570495e-15
1278.9499999999919,1569.2018340265377,704.6431519737349,0.0006452024477499778,1.5303568640772081e-06,1.511107039972748e-15
1278.9599999999919,1569.2018340265377,704.6461874707762,0.0006451879715245203,1.5437558851769987e-06,1.5376493376910244e-15
1278.9699999999918,1569.2018340265377,704.6492229465022,0.0006451667026871009,1.5572677055149598e-06,1.5646322974081083e-15
1278.9799999999918,1569.2018340265377,704.652258400913,0.0006451386463449921,1.5708932337632211e-06,1.5920627741775577e-15
1278.9899999999918,1569.2018340265377,704.6552938340088,0.0006451038077967422,1.5846333855547696e-06,1.6199477217055826e-15
1278.9999999999918,1569.2018340265377,704.6583292457899,0.0006450621925301351,1.5984890835332173e-06,1.6482941936329307e-15
1279.0099999999918,1569.2018340265377,704.6613646362564,0.0006450138062217997,1.6124612574044413e-06,1.6771093448384688e-15
1279.0199999999918,1569.2018340265377,704.6644000054088,0.0006449586547381424,1.6265508439881064e-06,1.706400432760234e-15
1279.0299999999918,1569.2018340265377,704.667435353247,0.0006448967441341152,1.64075878726579e-06,1.736174818718145e-15
1279.0399999999918,1569.2018340265377,704.6704706797714,0.0006448280806533405,1.6550860384357809e-06,1.766439969268476e-15
1279.0499999999918,1569.2018340265377,704.6735059849822,0.0006447526707277652,1.6695335559645748e-06,1.7972034575649022e-15
1279.0599999999918,1569.2018340265377,704.6765412688795,0.000644670520977748,1.6841023056375834e-06,1.828472964733663e-15
1279.0699999999918,1569.2018340265377,704.6795765314639,0.0006445816382114996,1.6987932606145534e-06,1.86025628127192e-15
1279.0799999999917,1569.2018340265377,704.6826117727352,0.0006444860294244773,1.7136074014782266e-06,1.892561308446201e-15
1279.0899999999917,1569.2018340265377,704.6856469926937,0.0006443837017991477,1.7285457162926781e-06,1.9253960597279964e-15
1279.0999999999917,1569.2018340265377,704.6886821913398,0.0006442746627060835,1.7436092006548817e-06,1.9587686622339653e-15
1279.1099999999917,1569.2018340265377,704.6917173686737,0.000644158919702213,1.7587988577482939e-06,1.9926873581774538e-15
1279.1199999999917,1569.2018340265377,704.6947525246954,0.0006440364805297527,1.7741156983966976e-06,2.027160506337708e-15
1279.1299999999917,1569.2018340265377,704.6977876594054,0.0006439073531190265,1.7895607411225155e-06,2.062196583567128e-15
1279.1399999999917,1569.2018340265377,704.7008227728038,0.0006437715455849398,1.8051350121979817e-06,2.097804186278435e-15
1279.1499999999917,1569.2018340265377,704.703857864891,0.0006436290662277455,1.8208395457042355e-06,2.1339920319789884e-15
1279.1599999999917,1569.2018340265377,704.7068929356667,0.0006434799235324348,1.8366753835813396e-06,2.17076896079582e-15
1279.1699999999917,1569.2018340265377,704.7099279851317,0.0006433241261720296,1.8526435756946736e-06,2.2081439370684463e-15
1279.1799999999917,1569.2018340265377,704.7129630132861,0.0006431616830012057,1.868745179882172e-06,2.2461260508806914e-15
1279.1899999999916,1569.2018340265377,704.7159980201299,0.0006429926030570717,1.8849812620143082e-06,2.2847245196619784e-15
1279.1999999999916,1569.2018340265377,704.7190330056634,0.0006428168955646936,1.9013528960540137e-06,2.3239486898229335e-15
1279.2099999999916,1569.2018340265377,704.7220679698869,0.0006426345699302574,1.9178611641120426e-06,2.363808038353532e-15
1279.2199999999916,1569.2018340265377,704.7251029128007,0.0006424456357440235,1.9345071565064922e-06,2.404312174482359e-15
1279.2299999999916,1569.2018340265377,704.728137834405,0.0006422501027783356,1.9512919718195015e-06,2.4454708413284147e-15
1279.2399999999916,1569.2018340265377,704.7311727346997,0.0006420479809874119,1.9682167169574705e-06,2.4872939175850166e-15
1279.2499999999916,1569.2018340265377,704.7342076136854,0.0006418392805083329,1.9852825072117426e-06,2.5297914192271192e-15
1279.2599999999916,1569.2018340265377,704.7372424713623,0.0006416240116596583,2.0024904663171662e-06,2.572973501221858e-15
1279.2699999999916,1569.2018340265377,704.7402773077305,0.0006414021849417874,2.0198417265109176e-06,2.6168504592639256e-15
1279.2799999999916,1569.2018340265377,704.7433121227901,0.0006411738110317479,2.0373374285943908e-06,2.6614327315137383e-15
1279.2899999999916,1569.2018340265377,704.7463469165415,0.0006409389007940246,2.0549787219948068e-06,2.7067309004185916e-15
1279.2999999999915,1569.2018340265377,704.7493816889851,0.0006406974652673288,2.0727667648279836e-06,2.752755694456531e-15
1279.3099999999915,1569.2018340265377,704.7524164401208,0.0006404495156720569,2.0907027239541165e-06,2.799517989964721e-15
1279.3199999999915,1569.2018340265377,704.7554511699489,0.000640195063407066,2.108787775045958e-06,2.8470288129748156e-15
1279.3299999999915,1569.2018340265377,704.7584858784696,0.0006399341200504046,2.127023102650102e-06,2.8952993410654884e-15
1279.3399999999915,1569.2018340265377,704.7615205656834,0.000639666697358101,2.145409900249348e-06,2.9443409052280047e-15
1279.3499999999915,1569.2018340265377,704.7645552315903,0.0006393928072650206,2.1639493703240785e-06,2.9941649917571013e-15
1279.3599999999915,1569.2018340265377,704.7675898761905,0.0006391124618806409,2.1826427244202173e-06,3.0447832441553315e-15
1279.3699999999915,1569.2018340265377,704.7706244994841,0.0006388256734918573,2.2014911832093212e-06,3.0962074650671703e-15
1279.3799999999915,1569.2018340265377,704.7736591014718,0.0006385324545663672,2.220495976559681e-06,3.1484496182674826e-15
1279.3899999999915,1569.2018340265377,704.7766936821535,0.0006382328177416529,2.2396583435921816e-06,3.201521830556474e-15
1279.3999999999915,1569.2018340265377,704.7797282415291,0.0006379267758340617,2.258979532752259e-06,3.2554363938164725e-15
1279.4099999999914,1569.2018340265377,704.7827627795995,0.000637614341833359,2.2784608018773426e-06,3.310205767005746e-15
1279.4199999999914,1569.2018340265377,704.7857972963644,0.0006372955289054522,2.2981034182567878e-06,3.3658425781909777e-15
1279.4299999999914,1569.2018340265377,704.7888317918245,0.0006369703503888304,2.317908658705274e-06,3.4223596266066008e-15
1279.4399999999914,1569.2018340265377,704.7918662659795,0.000636638819795743,2.3378778096234492e-06,3.4797698847215433e-15
1279.4499999999914,1569.2018340265377,704.7949007188298,0.0006363009508103065,2.3580121670723103e-06,3.5380865003504516e-15
1279.4599999999914,1569.2018340265377,704.7979351503759,0.0006359567572912844,2.3783130368392746e-06,3.597322798786923e-15
1279.4699999999914,1569.2018340265377,704.8009695606177,0.0006356062532673949,2.398781734502129e-06,3.6574922849095545e-15
1279.4799999999914,1569.2018340265377,704.8040039495555,0.0006352494529381493,2.419419585505786e-06,3.718608645377477e-15
1279.4899999999914,1569.2018340265377,704.8070383171896,0.0006348863706754857,2.440227925225641e-06,3.780685750812053e-15
1279.4999999999914,1569.2018340265377,704.8100726635203,0.0006345170210216191,2.461208099041441e-06,3.8437376580100566e-15
1279.5099999999914,1569.2018340265377,704.8131069885477,0.0006341414186888704,2.482361462405415e-06,3.907778612171966e-15
1279.5199999999913,1569.2018340265377,704.8161412922718,0.000633759578553716,2.503689380911475e-06,3.9728230491188195e-15
1279.5299999999913,1569.2018340265377,704.8191755746932,0.0006333715156691125,2.5251932303738183e-06,4.038885597673607e-15
1279.5399999999913,1569.2018340265377,704.8222098358121,0.0006329772452505779,2.5468743968923505e-06,4.105981081861272e-15
1279.5499999999913,1569.2018340265377,704.8252440756286,0.0006325767826813116,2.568734276923383e-06,4.174124523263743e-15
1279.5599999999913,1569.2018340265377,704.8282782941428,0.0006321701435131665,2.5907742773587638e-06,4.24333114340045e-15
1279.5699999999913,1569.2018340265377,704.831312491355,0.0006317573434640014,2.61299581559434e-06,4.313616366073305e-15
1279.5799999999913,1569.2018340265377,704.8343466672657,0.0006313383984146786,2.6354003196085874e-06,4.3849958197634135e-15
1279.5899999999913,1569.2018340265377,704.8373808218748,0.0006309133244172753,2.657989228029344e-06,4.45748534008888e-15
1279.5999999999913,1569.2018340265377,704.8404149551826,0.0006304821376786757,2.680763990213428e-06,4.531100972157227e-15
1279.6099999999913,1569.2018340265377,704.8434490671893,0.0006300448545791188,2.7037260663227153e-06,4.605858973173598e-15
1279.6199999999913,1569.2018340265377,704.8464831578954,0.0006296014916563529,2.7268769273980813e-06,4.681775814823373e-15
1279.6299999999912,1569.2018340265377,704.8495172273008,0.0006291520656124628,2.7502180554338248e-06,4.758868185839686e-15
1279.6399999999912,1569.2018340265377,704.8525512754057,0.0006286965933123096,2.7737509434559892e-06,4.8371529945488895e-15
1279.6499999999912,1569.2018340265377,704.8555853022106,0.0006282350917792333,2.7974770956012506e-06,4.9166473714199406e-15
1279.6599999999912,1569.2018340265377,704.8586193077156,0.0006277675782007052,2.8213980271928486e-06,4.997368671703765e-15
1279.6699999999912,1569.2018340265377,704.8616532919209,0.0006272940699207476,2.8455152648169154e-06,5.079334477995776e-15
1279.6799999999912,1569.2018340265377,704.8646872548265,0.0006268145844455142,2.869830346401915e-06,5.1625626029362755e-15
1279.6899999999912,1569.2018340265377,704.867721196433,0.0006263291394383026,2.8943448213023783e-06,5.2470710918676535e-15
1279.6999999999912,1569.2018340265377,704.8707551167405,0.0006258377527216893,2.9190602503740567e-06,5.332878225542637e-15
1279.7099999999912,1569.2018340265377,704.8737890157493,0.0006253404422764079,2.943978206053157e-06,5.420002522845841e-15
1279.7199999999912,1569.2018340265377,704.8768228934593,0.0006248372262335255,2.969100272438799e-06,5.5084627434926145e-15
1279.7299999999912,1569.2018340265377,704.879856749871,0.0006243281228872194,2.9944280453751594e-06,5.5982778909304854e-15
1279.7399999999911,1569.2018340265377,704.8828905849847,0.0006238131506856141,3.0199631325342614e-06,5.689467215080574e-15
1279.7499999999911,1569.2018340265377,704.8859243988005,0.0006232923282319316,3.045707153493434e-06,5.782050215172531e-15
1279.7599999999911,1569.2018340265377,704.8889581913185,0.0006227656742753768,3.0716617398199435e-06,5.876046642536616e-15
1279.7699999999911,1569.2018340265377,704.891991962539,0.0006222332077302572,3.097828535159178e-06,5.971476503698544e-15
1279.779999999991,1569.2018340265377,704.8950257124624,0.0006216949476578403,3.124209195312727e-06,6.068360063117499e-15
1279.789999999991,1569.2018340265377,704.8980594410889,0.0006211509132675712,3.150805388325708e-06,6.16671784616084e-15
1279.799999999991,1569.2018340265377,704.9010931484183,0.0006206011239251249,3.1776187945656398e-06,6.266570642143227e-15
1279.809999999991,1569.2018340265377,704.9041268344513,0.0006200455991443358,3.2046511068200137e-06,6.367939507308938e-15
1279.819999999991,1569.2018340265377,704.9071604991881,0.0006194843585923245,3.23190403037326e-06,6.470845767891059e-15
1279.829999999991,1569.2018340265377,704.9101941426287,0.0006189174220766917,3.2593792830923376e-06,6.575311023046536e-15
1279.839999999991,1569.2018340265377,704.9132277647733,0.0006183448095593793,3.2870785955178164e-06,6.681357148115762e-15
1279.849999999991,1569.2018340265377,704.9162613656223,0.0006177665411505647,3.3150037109537804e-06,6.7890062977018495e-15
1279.859999999991,1569.2018340265377,704.9192949451759,0.000617182637103107,3.3431563855508726e-06,6.898280908750046e-15
1279.869999999991,1569.2018340265377,704.9223285034344,0.0006165931178173249,3.3715383883971565e-06,7.009203703798478e-15
1279.879999999991,1569.2018340265377,704.9253620403977,0.0006159980038415328,3.4001515016043294e-06,7.121797694195071e-15
1279.889999999991,1569.2018340265377,704.9283955560662,0.0006153973158616296,3.428997520407254e-06,7.236086183271135e-15
1279.899999999991,1569.2018340265377,704.9314290504404,0.0006147910747131741,3.458078253246012e-06,7.35209276972835e-15
1279.909999999991,1569.2018340265377,704.9344625235202,0.000614179301370816,3.4873955218547554e-06,7.46984135082179e-15
1279.919999999991,1569.2018340265377,704.9374959753059,0.0006135620169528833,3.516951161362066e-06,7.589356125796659e-15
1279.929999999991,1569.2018340265377,704.9405294057975,0.0006129392427162011,3.546747020376706e-06,7.710661599175843e-15
1279.939999999991,1569.2018340265377,704.9435628149957,0.000612311000065574,3.576784961087167e-06,7.833782584317955e-15
1279.949999999991,1569.2018340265377,704.9465962029005,0.0006116773105330682,3.6070668593450413e-06,7.958744206555004e-15
1279.959999999991,1569.2018340265377,704.949629569512,0.0006110381957993988,3.6375946047657098e-06,8.085571906965852e-15
1279.969999999991,1569.2018340265377,704.9526629148306,0.0006103936776786814,3.668370100825413e-06,8.214291445700848e-15
1279.979999999991,1569.2018340265377,704.9556962388564,0.0006097437781271825,3.6993952649483706e-06,8.344928905601264e-15
1279.989999999991,1569.2018340265377,704.9587295415898,0.0006090885192295869,3.730672028613093e-06,8.477510695634758e-15
1279.999999999991,1569.2018340265377,704.9617628230308,0.0006084279232104307,3.762202337434849e-06,8.612063554592417e-15
1280.009999999991,1569.2018340265377,704.9647960831796,0.0006077620124291479,3.79398815127788e-06,8.748614554732163e-15
1280.019999999991,1569.2018340265377,704.9678293220368,0.0006070908093801444,3.826031444344984e-06,8.887191105418766e-15
1280.0299999999909,1569.2018340265377,704.9708625396023,0.0006064143366846755,3.8583342052745414e-06,9.027820956707522e-15
1280.0399999999909,1569.2018340265377,704.9738957358763,0.000605732617099384,3.890898437241774e-06,9.17053220322017e-15
1280.0499999999909,1569.2018340265377,704.9769289108592,0.0006050456735162259,3.923726158060791e-06,9.315353287938046e-15
1280.0599999999909,1569.2018340265377,704.979962064551,0.0006043535289562568,3.956819400279838e-06,9.46231300590028e-15
1280.0699999999908,1569.2018340265377,704.9829951969524,0.0006036562065618373,3.990180211289561e-06,9.611440507962198e-15
1280.0799999999908,1569.2018340265377,704.986028308063,0.0006029537296129521,4.023810653410753e-06,9.762765304867056e-15
1280.0899999999908,1569.2018340265377,704.9890613978833,0.0006022461215142096,4.057712804011385e-06,9.91631727103535e-15
1280.0999999999908,1569.2018340265377,704.9920944664138,0.0006015334058017679,4.091888755605659e-06,1.0072126648615464e-14
1280.1099999999908,1569.2018340265377,704.9951275136543,0.0006008156061240373,4.1263406159459175e-06,1.0230224051097399e-14
1280.1199999999908,1569.2018340265377,704.9981605396052,0.000600092746268142,4.161070508143255e-06,1.0390640467861402e-14
1280.1299999999908,1569.2018340265377,705.0011935442667,0.0005993648501406391,4.196080570760622e-06,1.0553407267866679e-14
1280.1399999999908,1569.2018340265377,705.0042265276392,0.0005986319417737249,4.231372957926015e-06,1.0718556203897437e-14
1280.1499999999908,1569.2018340265377,705.0072594897226,0.000597894045316303,4.26694983942925e-06,1.0886119416497522e-14
1280.1599999999908,1569.2018340265377,705.0102924305173,0.0005971511850409813,4.302813400836503e-06,1.1056129438308686e-14
1280.1699999999908,1569.2018340265377,705.0133253500235,0.0005964033853465876,4.338965843595036e-06,1.1228619198323957e-14
1280.1799999999907,1569.2018340265377,705.0163582482415,0.0005956506707490236,4.375409385143924e-06,1.1403622025989726e-14
1280.1899999999907,1569.2018340265377,705.0193911251715,0.0005948930658766288,4.412146259014637e-06,1.1581171655362102e-14
1280.1999999999907,1569.2018340265377,705.0224239808136,0.0005941305954815651,4.449178714948395e-06,1.1761302229694802e-14
1280.2099999999907,1569.2018340265377,705.0254568151681,0.0005933632844317339,4.486509019003658e-06,1.1944048305643693e-14
1280.2199999999907,1569.2018340265377,705.0284896282353,0.0005925911577100802,4.524139453668192e-06,1.212944485766793e-14
1280.2299999999907,1569.2018340265377,705.0315224200154,0.0005918142404165676,4.562072317967756e-06,1.2317527282504807e-14
1280.2399999999907,1569.2018340265377,705.0345551905084,0.0005910325577649365,4.6003099275752615e-06,1.2508331403578151e-14
1280.2499999999907,1569.2018340265377,705.0375879397147,0.0005902461350763526,4.638854614936434e-06,1.270189347546092e-14
1280.2599999999907,1569.2018340265377,705.0406206676348,0.0005894549977958108,4.67770872937212e-06,1.2898250188734596e-14
1280.2699999999907,1569.2018340265377,705.0436533742685,0.0005886591714688316,4.716874637189308e-06,1.3097438674085406e-14
1280.2799999999907,1569.2018340265377,705.0466860596161,0.0005878586817557572,4.7563547218078165e-06,1.329949650732592e-14
1280.2899999999906,1569.2018340265377,705.049718723678,0.0005870535544224031,4.796151383868705e-06,1.3504461713843617e-14
1280.2999999999906,1569.2018340265377,705.0527513664543,0.0005862438153532669,4.836267041353535e-06,1.3712372773655308e-14
1280.3099999999906,1569.2018340265377,705.0557839879453,0.0005854294905273047,4.876704129697109e-06,1.3923268625605632e-14
1280.3199999999906,1569.2018340265377,705.0588165881511,0.0005846106060396879,4.917465101908089e-06,1.4137188672704994e-14
1280.3299999999906,1569.2018340265377,705.061849167072,0.0005837871880808185,4.958552428690803e-06,1.4354172786516537e-14
1280.3399999999906,1569.2018340265377,705.0648817247082,0.0005829592629617242,4.999968598561482e-06,1.457426131266096e-14
1280.3499999999906,1569.2018340265377,705.0679142610601,0.0005821268570813065,5.041716117965086e-06,1.479749507495015e-14
1280.3599999999906,1569.2018340265377,705.0709467761277,0.0005812899969462848,5.083797511400896e-06,1.5023915380893464e-14
1280.3699999999906,1569.2018340265377,705.0739792699111,0.0005804487091658088,5.1262153215391595e-06,1.525356402657834e-14
1280.3799999999906,1569.2018340265377,705.077011742411,0.0005796030204572536,5.168972109356159e-06,1.548648330198767e-14
1280.3899999999906,1569.2018340265377,705.0800441936273,0.000578752957616241,5.212070454238272e-06,1.5722715995219637e-14
1280.3999999999905,1569.2018340265377,705.08307662356,0.0005778985475577576,5.2555129541150424e-06,1.596230539880505e-14
1280.4099999999905,1569.2018340265377,705.0861090322098,0.0005770398172862702,5.299302225592078e-06,1.6205295314186852e-14
1280.4199999999905,1569.2018340265377,705.0891414195768,0.0005761767939074107,5.343440904061801e-06,1.645173005721419e-14
1280.4299999999905,1569.2018340265377,705.0921737856611,0.0005753095046113887,5.387931643837555e-06,1.670165446303353e-14
1280.4399999999905,1569.2018340265377,705.0952061304629,0.0005744379766891486,5.4327771182772755e-06,1.6955113891879782e-14
1280.4499999999905,1569.2018340265377,705.0982384539823,0.0005735622375298924,5.4779800199127385e-06,1.7212154234433896e-14
1280.4599999999905,1569.2018340265377,705.1012707562201,0.0005726823146140491,5.52354306058835e-06,1.747282191714075e-14
1280.4699999999905,1569.2018340265377,705.1043030371759,0.0005717982355052432,5.569468971563084e-06,1.7737163907288555e-14
1280.4799999999905,1569.2018340265377,705.1073352968501,0.0005709100278680053,5.615760503667811e-06,1.8005227719269286e-14
1280.4899999999905,1569.2018340265377,705.1103675352431,0.0005700177194427851,5.6624204274259e-06,1.827706141934109e-14
1280.4999999999905,1569.2018340265377,705.113399752355,0.0005691213380760174,5.709451533183124e-06,1.855271363221122e-14
1280.5099999999904,1569.2018340265377,705.1164319481861,0.0005682209116878937,5.756856631241935e-06,1.8832233545725924e-14
1280.5199999999904,1569.2018340265377,705.1194641227363,0.000567316468293323,5.804638551989166e-06,1.911567091725278e-14
1280.5299999999904,1569.2018340265377,705.1224962760062,0.0005664080359809469,5.852800146048143e-06,1.9403076078903357e-14
1280.5399999999904,1569.2018340265377,705.1255284079961,0.0005654956429381907,5.901344284392096e-06,1.9694499944083198e-14
1280.5499999999904,1569.2018340265377,705.1285605187059,0.0005645793174254141,5.950273858488772e-06,1.9989994012578093e-14
1280.5599999999904,1569.2018340265377,705.1315926081359,0.0005636590877878666,5.999591780438823e-06,2.028961037692116e-14
1280.5699999999904,1569.2018340265377,705.1346246762864,0.0005627349824524502,6.0493009831133064e-06,2.0593401728289745e-14
1280.5799999999904,1569.2018340265377,705.1376567231576,0.0005618070299306844,6.099404420286306e-06,2.0901421362638236e-14
1280.5899999999904,1569.2018340265377,705.1406887487499,0.0005608752588039733,6.14990506678145e-06,2.1213723186317634e-14
1280.5999999999904,1569.2018340265377,705.143720753063,0.0005599396977355872,6.200805918600526e-06,2.153036172259616e-14
1280.6099999999904,1569.2018340265377,705.1467527360976,0.0005590003754670851,6.252109993083277e-06,2.1851392117882544e-14
1280.6199999999903,1569.2018340265377,705.149784697854,0.0005580573208144379,6.303820329033794e-06,2.2176870147746288e-14
1280.6299999999903,1569.2018340265377,705.1528166383321,0.0005571105626707143,6.355939986859148e-06,2.2506852223322892e-14
1280.6399999999903,1569.2018340265377,705.1558485575322,0.0005561601299965669,6.408472048728097e-06,2.2841395397423563e-14
1280.6499999999903,1569.2018340265377,705.1588804554544,0.0005552060518317422,6.461419618703688e-06,2.3180557371354608e-14
1280.6599999999903,1569.2018340265377,705.1619123320994,0.000554248357288427,6.514785822900436e-06,2.3524396501240813e-14
1280.6699999999903,1569.2018340265377,705.1649441874671,0.0005532870755398708,6.568573809612155e-06,2.387297180396266e-14
1280.6799999999903,1569.2018340265377,705.1679760215575,0.0005523222358375848,6.622786749468801e-06,2.4226342964560216e-14
1280.6899999999903,1569.2018340265377,705.1710078343712,0.0005513538674879123,6.67742783559457e-06,2.45845703419665e-14
1280.6999999999903,1569.2018340265377,705.1740396259082,0.0005503819998927045,6.7325002837381754e-06,2.4947714977397045e-14
1280.7099999999903,1569.2018340265377,705.177071396169,0.0005494066624924722,6.788007332434665e-06,2.531583859871302e-14
1280.7199999999903,1569.2018340265377,705.1801031451536,0.0005484278848005352,6.84395224314562e-06,2.5689003628690144e-14
1280.7299999999902,1569.2018340265377,705.1831348728621,0.0005474456963958424,6.900338300420821e-06,2.60672731916903e-14
1280.7399999999902,1569.2018340265377,705.186166579295,0.0005464601269248436,6.957168812050629e-06,2.645071112072943e-14
1280.7499999999902,1569.2018340265377,705.1891982644524,0.0005454712060901526,7.014447109208837e-06,2.6839381963890668e-14
1280.7599999999902,1569.2018340265377,705.1922299283344,0.0005444789636541541,7.0721765466106075e-06,2.7233350991603185e-14
1280.7699999999902,1569.2018340265377,705.1952615709415,0.0005434834294339962,7.130360502680868e-06,2.7632684203641847e-14
1280.7799999999902,1569.2018340265377,705.1982931922737,0.0005424846333210162,7.189002379688452e-06,2.803744833716176e-14
1280.7899999999902,1569.2018340265377,705.2013247923314,0.0005414826052519633,7.24810560392276e-06,2.8447710872687364e-14
1280.7999999999902,1569.2018340265377,705.2043563711147,0.0005404773752195914,7.307673625834059e-06,2.88635400418379e-14
1280.8099999999902,1569.2018340265377,705.2073879286238,0.0005394689732742992,7.367709920205493e-06,2.92850048349299e-14
1280.8199999999902,1569.2018340265377,705.210419464859,0.0005384574295290219,7.428217986310792e-06,2.9712175008720435e-14
1280.8299999999902,1569.2018340265377,705.2134509798205,0.0005374427741362669,7.489201348070515e-06,3.014512109266661e-14
1280.8399999999901,1569.2018340265377,705.2164824735086,0.0005364250372968791,7.5506635542136676e-06,3.0583914396975125e-14
1280.8499999999901,1569.2018340265377,705.2195139459233,0.0005354042492838352,7.612608178445014e-06,3.102862702168104e-14
1280.8599999999901,1569.2018340265377,705.222545397065,0.0005343804404031353,7.675038819608842e-06,3.147933186219448e-14
1280.8699999999901,1569.2018340265377,705.2255768269341,0.0005333536410115926,7.737959101851228e-06,3.193610261808596e-14
1280.87999999999,1569.2018340265377,705.2286082355304,0.0005323238815110287,7.801372674773842e-06,3.239901380053332e-14
1280.88999999999,1569.2018340265377,705.2316396228543,0.0005312911923566497,7.865283213628983e-06,3.2868140741020584e-14
1280.89999999999,1569.2018340265377,705.2346709889063,0.0005302556040512198,7.929694419463495e-06,3.3343559598841986e-14
1280.90999999999,1569.2018340265377,705.2377023336862,0.0005292171471297954,7.994610019292116e-06,3.382534736827948e-14
1280.91999999999,1569.2018340265377,705.2407336571945,0.0005281758521770192,8.060033766271818e-06,3.43135818878803e-14
1280.92999999999,1569.2018340265377,705.2437649594311,0.000527131749815885,8.125969439867742e-06,3.480834184795885e-14
1280.93999999999,1569.2018340265377,705.2467962403969,0.0005260848707255985,8.19242084603954e-06,3.5309706800226604e-14
1280.94999999999,1569.2018340265377,705.2498275000914,0.0005250352455979713,8.25939181738205e-06,3.581775716302709e-14
1280.95999999999,1569.2018340265377,705.2528587385151,0.0005239829051808057,8.32688621332844e-06,3.633257423292269e-14
1280.96999999999,1569.2018340265377,705.2558899556683,0.0005229278802601721,8.394907920320404e-06,3.685424019205815e-14
1280.97999999999,1569.2018340265377,705.2589211515512,0.0005218702016529226,8.46346085197374e-06,3.738283811617209e-14
1280.98999999999,1569.2018340265377,705.261952326164,0.0005208099002091616,8.532548949254992e-06,3.7918451983452657e-14
1280.99999999999,1569.2018340265377,705.2649834795068,0.0005197470068178891,8.602176180672293e-06,3.846116668384774e-14
1281.00999999999,1569.2018340265377,705.2680146115799,0.0005186815523975163,8.67234654244386e-06,3.901106802715927e-14
1281.01999999999,1569.2018340265377,705.2710457223837,0.0005176135679069507,8.743064058683414e-06,3.956824275287017e-14
1281.02999999999,1569.2018340265377,705.2740768119183,0.0005165430843222526,8.814332781573196e-06,4.0132778537347077e-14
1281.03999999999,1569.2018340265377,705.2771078801837,0.0005154701326587932,8.886156791548592e-06,4.070476400464555e-14
1281.04999999999,1569.2018340265377,705.2801389271805,0.0005143947439461324,8.95854019749757e-06,4.128428873390745e-14
1281.05999999999,1569.2018340265377,705.2831699529086,0.0005133169492666028,9.031487136918103e-06,4.18714432714588e-14
1281.06999999999,1569.2018340265377,705.2862009573686,0.0005122367797061572,9.105001776130651e-06,4.2466319136526814e-14
1281.07999999999,1569.2018340265377,705.2892319405603,0.0005111542663814391,9.179088310431726e-06,4.306900883252912e-14
1281.08999999999,1569.2018340265377,705.292262902484,0.0005100694404372219,9.253750964314382e-06,4.367960585674857e-14
1281.09999999999,1569.2018340265377,705.2952938431404,0.0005089823330436778,9.328993991649031e-06,4.429820470969524e-14
1281.10999999999,1569.2018340265377,705.2983247625291,0.0005078929753832437,9.404821675847705e-06,4.492490090345365e-14
1281.11999999999,1569.2018340265377,705.3013556606506,0.0005068013986578547,9.481238330091612e-06,4.5559790972437323e-14
1281.1299999999899,1569.2018340265377,705.3043865375053,0.0005057076341026709,9.558248297500706e-06,4.62029724843394e-14
1281.1399999999899,1569.2018340265377,705.307417393093,0.000504611712958865,9.63585595132937e-06,4.6854544047742385e-14
1281.1499999999899,1569.2018340265377,705.3104482274144,0.0005035136664913477,9.71406569517264e-06,4.751460532392313e-14
1281.1599999999899,1569.2018340265377,705.3134790404694,0.0005024135259696358,9.792881963137966e-06,4.818325703504151e-14
1281.1699999999898,1569.2018340265377,705.3165098322582,0.0005013113226973722,9.87230922007145e-06,4.886060097752033e-14
1281.1799999999898,1569.2018340265377,705.3195406027813,0.000500207087974769,9.952351961734724e-06,4.954674002867383e-14
1281.1899999999898,1569.2018340265377,705.3225713520387,0.0004991008531273144,1.0033014715006974e-05,5.0241778159992955e-14
1281.1999999999898,1569.2018340265377,705.3256020800306,0.00049799264947618,1.0114302038090695e-05,5.094582044487991e-14
1281.2099999999898,1569.2018340265377,705.3286327867573,0.0004968825083670434,1.0196218520710299e-05,5.165897307219591e-14
1281.2199999999898,1569.2018340265377,705.3316634722192,0.0004957704611584083,1.0278768784320447e-05,5.238134335601593e-14
1281.2299999999898,1569.2018340265377,705.3346941364164,0.0004946565392013548,1.036195748229123e-05,5.311303974421655e-14
1281.2399999999898,1569.2018340265377,705.3377247793487,0.000493540773855015,1.0445789300125148e-05,5.385417183117818e-14
1281.2499999999898,1569.2018340265377,705.340755401017,0.0004924231965021247,1.0530268955682032e-05,5.460485037084682e-14
1281.2599999999898,1569.2018340265377,705.3437860014212,0.0004913038385178801,1.0615401199351738e-05,5.536518728427209e-14
1281.2699999999897,1569.2018340265377,705.3468165805616,0.000490182731281049,1.0701190814278181e-05,5.613529567228556e-14
1281.2799999999897,1569.2018340265377,705.3498471384382,0.0004890599061729461,1.0787642616568824e-05,5.691528982684849e-14
1281.2899999999897,1569.2018340265377,705.3528776750513,0.00048793539457094357,1.087476145550882e-05,5.770528524190366e-14
1281.2999999999897,1569.2018340265377,705.3559081904016,0.00048680922787800465,1.0962552213782957e-05,5.85053986286802e-14
1281.3099999999897,1569.2018340265377,705.3589386844889,0.00048568143746727374,1.1051019807653129e-05,5.931574792060942e-14
1281.3199999999897,1569.2018340265377,705.3619691573131,0.0004845520547181977,1.1140169187195105e-05,6.013645228969858e-14
1281.3299999999897,1569.2018340265377,705.364999608875,0.00048342111101224344,1.1230005336541563e-05,6.096763215842657e-14
1281.3399999999897,1569.2018340265377,705.3680300391748,0.00048228863772826423,1.1320533274052284e-05,6.180940921088172e-14
1281.3499999999897,1569.2018340265377,705.3710604482122,0.0004811546662389575,1.1411758052545535e-05,6.266190640476387e-14
1281.3599999999897,1569.2018340265377,705.374090835988,0.00048001922789583023,1.1503684759544906e-05,6.352524798212156e-14
1281.3699999999897,1569.2018340265377,705.3771212025019,0.0004788823540657355,1.1596318517459053e-05,6.439955948622273e-14
1281.3799999999896,1569.2018340265377,705.3801515477547,0.00047774407609347717,1.1689664483848654e-05,6.52849677698782e-14
1281.3899999999896,1569.2018340265377,705.3831818717464,0.00047660442531909347,1.1783727851604827e-05,6.618160101002695e-14
1281.3999999999896,1569.2018340265377,705.3862121744769,0.00047546343306737815,1.1878513849194234e-05,6.708958871949843e-14
1281.4099999999896,1569.2018340265377,705.3892424559468,0.00047432113065675455,1.1974027740902882e-05,6.800906176153576e-14
1281.4199999999896,1569.2018340265377,705.3922727161562,0.00047317754939183,1.2070274827028158e-05,6.894015236161431e-14
1281.4299999999896,1569.2018340265377,705.3953029551054,0.0004720327205656926,1.2167260444139363e-05,6.988299412151212e-14
1281.4399999999896,1569.2018340265377,705.3983331727944,0.0004708866754400245,1.226498996527495e-05,7.08377220294975e-14
1281.4499999999896,1569.2018340265377,705.4013633692236,0.00046973944528211527,1.2363468800210227e-05,7.180447247987489e-14
1281.4599999999896,1569.2018340265377,705.4043935443934,0.00046859106133349484,1.2462702395668098e-05,7.278338328194137e-14
1281.4699999999896,1569.2018340265377,705.4074236983037,0.000467441554818177,1.2562696235541607e-05,7.377459367501373e-14
1281.4799999999896,1569.2018340265377,705.4104538309548,0.00046629095693711116,1.266345584116257e-05,7.477824434205409e-14
1281.4899999999895,1569.2018340265377,705.4134839423469,0.00046513929887235595,1.2764986771508267e-05,7.579447742422374e-14
1281.4999999999895,1569.2018340265377,705.4165140324804,0.00046398661179040447,1.2867294623458248e-05,7.682343653610103e-14
1281.5099999999895,1569.2018340265377,705.4195441013555,0.00046283292682929825,1.2970385032022285e-05,7.786526677804387e-14
1281.5199999999895,1569.2018340265377,705.4225741489723,0.00046167827510060764,1.3074263670580702e-05,7.892011475119259e-14
1281.5299999999895,1569.2018340265377,705.4256041753309,0.00046052268769911087,1.3178936251130346e-05,7.998812857406905e-14
1281.5399999999895,1569.2018340265377,705.4286341804319,0.0004593661956886994,1.3284408524543797e-05,8.106945789546832e-14
1281.5499999999895,1569.2018340265377,705.4316641642753,0.0004582088301103904,1.33906862807787e-05,8.216425391064117e-14
1281.5599999999895,1569.2018340265377,705.4346941268612,0.00045705062197208817,1.3497775349151502e-05,8.32726693752373e-14
1281.5699999999895,1569.2018340265377,705.43772406819,0.0004558916022596012,1.3605681598577171e-05,8.439485862276761e-14
1281.5799999999895,1569.2018340265377,705.4407539882619,0.00045473180192196833,1.3714410937818223e-05,8.553097757771612e-14
1281.5899999999895,1569.2018340265377,705.4437838870773,0.0004535712518841984,1.3823969315743303e-05,8.668118377392792e-14
1281.5999999999894,1569.2018340265377,705.446813764636,0.0004524099830322032,1.3934362721546147e-05,8.784563636751269e-14
1281.6099999999894,1569.2018340265377,705.4498436209384,0.000451248026219162,1.4045597185048327e-05,8.90244961549332e-14
1281.6199999999894,1569.2018340265377,705.452873455985,0.0004500854122720801,1.415767877692921e-05,9.021792559052822e-14
1281.6299999999894,1569.2018340265377,705.4559032697757,0.00044892217197650474,1.42706136089612e-05,9.142608879996211e-14
1281.6399999999894,1569.2018340265377,705.4589330623108,0.00044775833608234276,1.4384407834304986e-05,9.264915159870575e-14
1281.6499999999894,1569.2018340265377,705.4619628335905,0.0004465939353043069,1.4499067647743221e-05,9.388728150891461e-14
1281.6599999999894,1569.2018340265377,705.4649925836152,0.0004454290003160799,1.4614599285962785e-05,9.514064777579664e-14
1281.6699999999894,1569.2018340265377,705.4680223123851,0.0004442635617549815,1.4731009027795145e-05,9.640942138580616e-14
1281.6799999999894,1569.2018340265377,705.4710520199001,0.0004430976502178564,1.4848303194475007e-05,9.769377508343586e-14
1281.6899999999894,1569.2018340265377,705.4740817061606,0.0004419312962561674,1.4966488149940688e-05,9.89938833885071e-14
1281.6999999999894,1569.2018340265377,705.4771113711671,0.00044076453038900643,1.5085570301074376e-05,1.0030992261686215e-13
1281.7099999999893,1569.2018340265377,705.4801410149195,0.0004395973830743114,1.5205556097960853e-05,1.0164207089212745e-13
1281.7199999999893,1569.2018340265377,705.4831706374181,0.0004384298847457656,1.532645203418392e-05,1.0299050817300187e-13
1281.7299999999893,1569.2018340265377,705.486200238663,0.00043726206578169764,1.544826464707026e-05,1.0435541626465786e-13
1281.7399999999893,1569.2018340265377,705.4892298186547,0.00043609395651218155,1.5571000518003115e-05,1.0573697883987814e-13
1281.7499999999893,1569.2018340265377,705.4922593773935,0.000434925587230084,1.569466627264165e-05,1.0713538146028439e-13
1281.7599999999893,1569.2018340265377,705.4952889148791,0.0004337569881618785,1.581926858122342e-05,1.0855081158911005e-13
1281.7699999999893,1569.2018340265377,705.498318431112,0.0004325881895027852,1.5944814158855783e-05,1.0998345861974007e-13
1281.7799999999893,1569.2018340265377,705.5013479260926,0.00043141922140052985,1.607130976578586e-05,1.1143351389177016e-13
1281.7899999999893,1569.2018340265377,705.5043773998211,0.00043025011393024314,1.6198762207661427e-05,1.1290117070447803e-13
1281.7999999999893,1569.2018340265377,705.5074068522974,0.00042908089712791897,1.6327178335822158e-05,1.143866243459506e-13
1281.8099999999893,1569.2018340265377,705.5104362835219,0.00042791160097681703,1.6456565047602217e-05,1.1589007211072155e-13
1281.8199999999892,1569.2018340265377,705.5134656934952,0.0004267422554101682,1.658692928661097e-05,1.174117133215174e-13
1281.8299999999892,1569.2018340265377,705.5164950822169,0.00042557289029707677,1.67182780429754e-05,1.1895174934610056e-13
1281.8399999999892,1569.2018340265377,705.5195244496875,0.00042440353545279084,1.6850618353687067e-05,1.205103836224089e-13
1281.8499999999892,1569.2018340265377,705.5225537959072,0.0004232342206442,1.6983957302862134e-05,1.2208782168164165e-13
1281.8599999999892,1569.2018340265377,705.5255831208764,0.00042206497556847143,1.7118302022043484e-05,1.2368427116450464e-13
1281.8699999999892,1569.2018340265377,705.5286124245952,0.000420895829869913,1.7253659690483242e-05,1.25299941848257e-13
1281.8799999999892,1569.2018340265377,705.5316417070636,0.00041972681313534626,1.739003753543214e-05,1.2693504566811189e-13
1281.8899999999892,1569.2018340265377,705.534670968282,0.0004185579548838871,1.752744283245673e-05,1.2858979673749775e-13
1281.8999999999892,1569.2018340265377,705.5377002082508,0.000417389284586737,1.766588290574736e-05,1.3026441137756565e-13
1281.9099999999892,1569.2018340265377,705.54072942697,0.00041622083163079686,1.7805365128350884e-05,1.3195910812866423e-13
1281.9199999999892,1569.2018340265377,705.5437586244399,0.00041505262535618205,1.79458969225601e-05,1.336741077871536e-13
1281.9299999999891,1569.2018340265377,705.5467878006607,0.00041388469504441416,1.8087485760153992e-05,1.3540963342533208e-13
1281.9399999999891,1569.2018340265377,705.5498169556327,0.00041271706989042445,1.8230139162728782e-05,1.371659104072991e-13
1281.9499999999891,1569.2018340265377,705.552846089356,0.00041154977903918926,1.8373864701998954e-05,1.38943166425652e-13
1281.9599999999891,1569.2018340265377,705.5558752018308,0.0004103828515670307,1.8518670000099778e-05,1.407416315207126e-13
1281.969999999989,1569.2018340265377,705.5589042930575,0.00040921631647689244,1.8664562729918903e-05,1.4256153810481883e-13
1281.979999999989,1569.2018340265377,705.5619333630362,0.00040805020271015283,1.8811550615375146e-05,1.4440312099186073e-13
1281.989999999989,1569.2018340265377,705.5649624117672,0.0004068845391301225,1.895964143174772e-05,1.4626661741814736e-13
1281.999999999989,1569.2018340265377,705.5679914392507,0.0004057193545367486,1.9108843006008194e-05,1.481522670745289e-13
1282.009999999989,1569.2018340265377,705.5710204454867,0.00040455467765171686,1.925916321709231e-05,1.5006031212747645e-13
1282.019999999989,1569.2018340265377,705.5740494304758,0.0004033905371357321,1.94106099962801e-05,1.519909972538249e-13
1282.029999999989,1569.2018340265377,705.5770783942182,0.0004022269615667566,1.9563191327465578e-05,1.5394456965985458e-13
1282.039999999989,1569.2018340265377,705.5801073367137,0.00040106397945594534,1.9716915247472133e-05,1.5592127911534478e-13
1282.049999999989,1569.2018340265377,705.5831362579629,0.00039990161922877853,1.9871789846445372e-05,1.579213779760826e-13
1282.059999999989,1569.2018340265377,705.586165157966,0.00039873990924514744,2.0027823268104123e-05,1.5994512121947406e-13
1282.069999999989,1569.2018340265377,705.589194036723,0.0003975788777907073,2.0185023710095594e-05,1.6199276647124364e-13
1282.079999999989,1569.2018340265377,705.5922228942343,0.00039641855306640306,2.034339942433112e-05,1.6406457403117892e-13
1282.089999999989,1569.2018340265377,705.5952517305,0.00039525896318968025,2.050295871731067e-05,1.6616080690363008e-13
1282.099999999989,1569.2018340265377,705.5982805455207,0.00039410013622370054,2.066370995047384e-05,1.6828173084086844e-13
1282.109999999989,1569.2018340265377,705.6013093392962,0.0003929421001222464,2.0825661540479902e-05,1.704276143503382e-13
1282.119999999989,1569.2018340265377,705.6043381118267,0.00039178488278074846,2.098882195958611e-05,1.7259872874848445e-13
1282.129999999989,1569.2018340265377,705.6073668631127,0.00039062851200091726,2.1153199736016828e-05,1.7479534817832455e-13
1282.139999999989,1569.2018340265377,705.6103955931543,0.0003894730155107595,2.131880345422982e-05,1.7701774964951029e-13
1282.149999999989,1569.2018340265377,705.6134243019518,0.0003883184209562791,2.1485641755313565e-05,1.792662130687847e-13
1282.159999999989,1569.2018340265377,705.6164529895053,0.00038716475588427315,2.1653723337299912e-05,1.815410212650083e-13
1282.169999999989,1569.2018340265377,705.619481655815,0.000386012047773349,2.1823056955521755e-05,1.8384246003763247e-13
1282.179999999989,1569.2018340265377,705.6225103008813,0.0003848603240189424,2.199365142298644e-05,1.8617081818506177e-13
1282.189999999989,1569.2018340265377,705.6255389247044,0.00038370961192061475,2.216551561066752e-05,1.8852638753261945e-13
1282.199999999989,1569.2018340265377,705.6285675272843,0.0003825599386926517,2.2338658447894128e-05,1.9090946297372012e-13
1282.209999999989,1569.2018340265377,705.6315961086214,0.00038141133146545254,2.2513088922710927e-05,1.9332034250690152e-13
1282.2199999999889,1569.2018340265377,705.6346246687159,0.0003802638172914735,2.268881608222025e-05,1.9575932727550776e-13
1282.2299999999889,1569.2018340265377,705.6376532075682,0.0003791174231112605,2.2865849032932422e-05,1.9822672158748636e-13
1282.2399999999889,1569.2018340265377,705.640681725178,0.00037797217580231776,2.3044196941104427e-05,2.0072283297788344e-13
1282.2499999999889,1569.2018340265377,705.643710221546,0.00037682810213157723,2.3223869033187762e-05,2.032479722242126e-13
1282.2599999999888,1569.2018340265377,705.6467386966724,0.00037568522878262946,2.340487459608413e-05,2.0580245339767026e-13
1282.2699999999888,1569.2018340265377,705.6497671505573,0.00037454358235486883,2.3587222977570455e-05,2.0838659390361953e-13
1282.2799999999888,1569.2018340265377,705.6527955832008,0.0003734031893394496,2.3770923586645495e-05,2.1100071450818492e-13
1282.2899999999888,1569.2018340265377,705.6558239946033,0.0003722640761485608,2.3955985893918885e-05,2.1364513939555202e-13
1282.2999999999888,1569.2018340265377,705.6588523847652,0.0003711262691021256,2.4142419431968653e-05,2.163201962020682e-13
1282.3099999999888,1569.2018340265377,705.6618807536863,0.00036998979441955557,2.4330233795692393e-05,2.1902621605315792e-13
1282.3199999999888,1569.2018340265377,705.664909101367,0.0003688546782215968,2.451943864271695e-05,2.217635336075513e-13
1282.3299999999888,1569.2018340265377,705.6679374278076,0.00036772094654480904,2.471004369376853e-05,2.24532487109281e-13
1282.3399999999888,1569.2018340265377,705.6709657330084,0.000366588625329062,2.49020587330445e-05,2.2733341842447096e-13
1282.3499999999888,1569.2018340265377,705.6739940169693,0.0003654577404012808,2.5095493608564676e-05,2.301666730753715e-13
1282.3599999999888,1569.2018340265377,705.6770222796908,0.0003643283175136414,2.5290358232619743e-05,2.330326003107427e-13
1282.3699999999887,1569.2018340265377,705.680050521173,0.00036320038230061173,2.5486662582097705e-05,2.359315531242591e-13
1282.3799999999887,1569.2018340265377,705.6830787414164,0.0003620739603156113,2.5684416698915072e-05,2.388638883255318e-13
1282.3899999999887,1569.2018340265377,705.6861069404208,0.00036094907700795183,2.58836306903539e-05,2.4182996657234e-13
1282.3999999999887,1569.2018340265377,705.6891351181866,0.00035982575771445566,2.608431472949759e-05,2.448301524140328e-13
1282.4099999999887,1569.2018340265377,705.6921632747141,0.0003587040276875618,2.628647905560856e-05,2.4786481435929817e-13
1282.4199999999887,1569.2018340265377,705.6951914100034,0.0003575839120803101,2.649013397453208e-05,2.5093432491672663e-13
1282.4299999999887,1569.2018340265377,705.6982195240549,0.0003564654359305169,2.6695289859077832e-05,2.540390606342361e-13
1282.4399999999887,1569.2018340265377,705.7012476168687,0.000355348624192368,2.690195714941962e-05,2.5717940217292055e-13
1282.4499999999887,1569.2018340265377,705.7042756884449,0.0003542335016945549,2.7110146353503928e-05,2.603557343300087e-13
1282.4599999999887,1569.2018340265377,705.707303738784,0.00035312009318239925,2.7319868047485827e-05,2.635684461230674e-13
1282.4699999999887,1569.2018340265377,705.7103317678861,0.0003520084232983193,2.7531132876064326e-05,2.6681793082927045e-13
1282.4799999999886,1569.2018340265377,705.7133597757513,0.00035089851655965165,2.7743951552936654e-05,2.701045860244607e-13
1282.4899999999886,1569.2018340265377,705.7163877623799,0.00034979039740710424,2.795833486121751e-05,2.7342881367607246e-13
1282.4999999999886,1569.2018340265377,705.7194157277722,0.0003486840901613053,2.8174293653835198e-05,2.767910201670287e-13
1282.5099999999886,1569.2018340265377,705.7224436719285,0.00034757961903698914,2.839183885393838e-05,2.801916163640995e-13
1282.5199999999886,1569.2018340265377,705.7254715948487,0.00034647700814910046,2.8610981455295824e-05,2.8363101768147057e-13
1282.5299999999886,1569.2018340265377,705.7284994965332,0.0003453762815018967,2.8831732522781228e-05,2.8710964413329065e-13
1282.5399999999886,1569.2018340265377,705.7315273769825,0.00034427746300135024,2.905410319275383e-05,2.906279204039981e-13
1282.5499999999886,1569.2018340265377,705.7345552361965,0.0003431805764308649,2.9278104673439892e-05,2.941862758891564e-13
1282.5599999999886,1569.2018340265377,705.7375830741753,0.0003420856454785513,2.9503748245424593e-05,2.977851447824902e-13
1282.5699999999886,1569.2018340265377,705.7406108909195,0.0003409926937218402,2.9731045262072187e-05,3.0142496612698875e-13
1282.5799999999886,1569.2018340265377,705.743638686429,0.00033990174463400277,2.9960007149905682e-05,3.0510618388468003e-13
1282.5899999999885,1569.2018340265377,705.7466664607043,0.0003388128215688564,3.01906454091067e-05,3.088292469905662e-13
1282.5999999999885,1569.2018340265377,705.7496942137453,0.00033772594778048244,3.0422971613873072e-05,3.125946094358996e-13
1282.6099999999885,1569.2018340265377,705.7527219455526,0.00033664114640659636,3.0656997412951235e-05,3.164027303236409e-13
1282.6199999999885,1569.2018340265377,705.7557496561262,0.000335558440488541,3.089273452998849e-05,3.2025407395491183e-13
1282.6299999999885,1569.2018340265377,705.7587773454663,0.0003344778529402662,3.1130194764009196e-05,3.2414910987144956e-13
1282.6399999999885,1569.2018340265377,705.7618050135733,0.00033339940657186934,3.136938998987655e-05,3.2808831294991936e-13
1282.6499999999885,1569.2018340265377,705.7648326604472,0.0003323231240846263,3.1610332158703256e-05,3.3207216346996843e-13
1282.6599999999885,1569.2018340265377,705.7678602860882,0.00033124902806548357,3.1853033298326635e-05,3.3610114718386664e-13
1282.6699999999885,1569.2018340265377,705.770887890497,0.00033017714099973025,3.2097505513778706e-05,3.401757554055315e-13
1282.6799999999885,1569.2018340265377,705.773915473673,0.00032910748524262183,3.234376098762859e-05,3.442964850563745e-13
1282.6899999999885,1569.2018340265377,705.7769430356171,0.00032804008304901746,3.259181198062246e-05,3.4846383877766866e-13
1282.6999999999884,1569.2018340265377,705.7799705763296,0.0003269749565681952,3.284167083199433e-05,3.5267832500255875e-13
1282.7099999999884,1569.2018340265377,705.7829980958102,0.0003259121278158291,3.309334995994387e-05,3.569404580074561e-13
1282.7199999999884,1569.2018340265377,705.7860255940593,0.00032485161871170115,3.334686186216479e-05,3.6125075803621044e-13
1282.7299999999884,1569.2018340265377,705.7890530710772,0.00032379345105804,3.360221911626376e-05,3.656097513600865e-13
1282.7399999999884,1569.2018340265377,705.7920805268642,0.00032273764654332205,3.3859434380246435e-05,3.7001797036761425e-13
1282.7499999999884,1569.2018340265377,705.7951079614205,0.0003216842267401477,3.4118520392968756e-05,3.7447595364862994e-13
1282.7599999999884,1569.2018340265377,705.798135374746,0.000320633213103161,3.4379489974589226e-05,3.7898424607963514e-13
1282.7699999999884,1569.2018340265377,705.8011627668415,0.00031958462698777803,3.4642356027141834e-05,3.8354339893806346e-13
1282.7799999999884,1569.2018340265377,705.8041901377067,0.00031853848962242593,3.4907131534876405e-05,3.881539699583765e-13
1282.7899999999884,1569.2018340265377,705.8072174873422,0.00031749482211611795,3.5173829564866165e-05,3.9281652343628447e-13
1282.7999999999884,1569.2018340265377,705.8102448157479,0.00031645364548242696,3.544246326736117e-05,3.975316303503488e-13
1282.8099999999883,1569.2018340265377,705.8132721229241,0.0003154149805982833,3.571304587640282e-05,4.022998684106391e-13
1282.8199999999883,1569.2018340265377,705.8162994088713,0.0003143788482383179,3.598559071024135e-05,4.071218221977525e-13
1282.8299999999883,1569.2018340265377,705.8193266735896,0.0003133452690639021,3.626011117182571e-05,4.11998083249552e-13
1282.8399999999883,1569.2018340265377,705.8223539170788,0.0003123142636066891,3.653662074926386e-05,4.169292501403461e-13
1282.8499999999883,1569.2018340265377,705.8253811393397,0.0003112858523002265,3.6815133016453164e-05,4.2191592862884973e-13
1282.8599999999883,1569.2018340265377,705.8284083403722,0.0003102600554490058,3.709566163340065e-05,4.2695873171864715e-13
1282.8699999999883,1569.2018340265377,705.8314355201768,0.0003092368932501143,3.737822034685924e-05,4.3205827979734447e-13
1282.8799999999883,1569.2018340265377,705.8344626787533,0.00030821638577741586,3.766282299072449e-05,4.3721520072165635e-13
1282.8899999999883,1569.2018340265377,705.8374898161022,0.0003071985529964678,3.7949483486646334e-05,4.424301299515827e-13
1282.8999999999883,1569.2018340265377,705.8405169322239,0.00030618341475203737,3.8238215844472547e-05,4.477037106445052e-13
1282.9099999999883,1569.2018340265377,705.8435440271182,0.00030517099077548635,3.852903416273761e-05,4.5303659378013576e-13
1282.9199999999882,1569.2018340265377,705.8465711007856,0.00030416130067396197,3.882195262922946e-05,4.584294382628504e-13
1282.9299999999882,1569.2018340265377,705.8495981532262,0.00030315436395256023,3.9116985521494425e-05,4.638829110736053e-13
1282.9399999999882,1569.2018340265377,705.8526251844404,0.00030215019998658,3.941414720733383e-05,4.693976873492511e-13
1282.9499999999882,1569.2018340265377,705.8556521944283,0.00030114882804763924,3.971345214533547e-05,4.749744505458655e-13
1282.9599999999882,1569.2018340265377,705.8586791831899,0.0003001502672747855,4.001491488536316e-05,4.806138925188611e-13
1282.9699999999882,1569.2018340265377,705.8617061507258,0.0002991545367061282,4.0318550069195857e-05,4.863167137031006e-13
1282.9799999999882,1569.2018340265377,705.8647330970362,0.00029816165526235536,4.062437243092148e-05,4.920836232145781e-13
1282.9899999999882,1569.2018340265377,705.867760022121,0.0002971716417364955,4.093239679752393e-05,4.979153389670615e-13
1282.9999999999882,1569.2018340265377,705.8707869259807,0.00029618451482147696,4.124263808942941e-05,5.038125878528192e-13
1283.0099999999882,1569.2018340265377,705.8738138086154,0.00029520029307149624,4.155511132103178e-05,5.097761058151187e-13
1283.0199999999882,1569.2018340265377,705.8768406700254,0.0002942189949485856,4.186983160124462e-05,5.158066380671583e-13
1283.0299999999881,1569.2018340265377,705.879867510211,0.000293240638788504,4.218681413401889e-05,5.219049391763408e-13
1283.0399999999881,1569.2018340265377,705.8828943291721,0.000292265242807478,4.250607421886533e-05,5.280717732195708e-13
1283.0499999999881,1569.2018340265377,705.8859211269092,0.000291292825113078,4.282762725150839e-05,5.343079139530028e-13
1283.0599999999881,1569.2018340265377,705.8889479034226,0.00029032340369570717,4.315148872433116e-05,5.406141449449145e-13
1283.069999999988,1569.2018340265377,705.8919746587122,0.00028935699642763804,4.347767422693876e-05,5.469912597270135e-13
1283.079999999988,1569.2018340265377,705.8950013927786,0.00028839362106884237,4.380619944678855e-05,5.53440061962996e-13
1283.089999999988,1569.2018340265377,705.8980281056215,0.0002874332952611649,4.41370801696384e-05,5.599613655935858e-13
1283.099999999988,1569.2018340265377,705.9010547972417,0.0002864760365389702,4.4470332280257365e-05,5.665559950225544e-13
1283.109999999988,1569.2018340265377,705.9040814676393,0.0002855218623080506,4.480597176284151e-05,5.732247852363227e-13
1283.119999999988,1569.2018340265377,705.9071081168141,0.00028457078986646184,4.5144014701604626e-05,5.799685820125279e-13
1283.129999999988,1569.2018340265377,705.9101347447668,0.0002836228364095588,4.548447728148859e-05,5.867882421057316e-13
1283.139999999988,1569.2018340265377,705.9131613514974,0.00028267801900254966,4.582737578857209e-05,5.936846333612009e-13
1283.149999999988,1569.2018340265377,705.9161879370062,0.00028173635460565543,4.6172726610722665e-05,6.006586349449965e-13
1283.159999999988,1569.2018340265377,705.9192145012933,0.00028079786005845946,4.65205462381496e-05,6.07711137491092e-13
1283.169999999988,1569.2018340265377,705.922241044359,0.0002798625520911428,4.687085126402559e-05,6.14843043309536e-13
1283.179999999988,1569.2018340265377,705.9252675662036,0.00027893044732963003,4.7223658385032235e-05,6.220552665845005e-13
1283.189999999988,1569.2018340265377,705.9282940668273,0.00027800156227310394,4.7578984401960674e-05,6.293487335155997e-13
1283.199999999988,1569.2018340265377,705.9313205462303,0.000277075913312691,4.793684622028859e-05,6.367243825520411e-13
1283.209999999988,1569.2018340265377,705.9343470044126,0.0002761535167286455,4.829726085080088e-05,6.441831645850074e-13
1283.219999999988,1569.2018340265377,705.9373734413748,0.0002752343886925393,4.866024541018675e-05,6.517260431542332e-13
1283.229999999988,1569.2018340265377,705.9403998571171,0.0002743185452580976,4.902581712162542e-05,6.593539946310463e-13
1283.239999999988,1569.2018340265377,705.9434262516393,0.00027340600237459246,4.9393993315319544e-05,6.670680084567086e-13
1283.249999999988,1569.2018340265377,705.9464526249419,0.0002724967758773266,4.9764791429266727e-05,6.748690873370504e-13
1283.259999999988,1569.2018340265377,705.9494789770254,0.00027159088149072877,5.0138229009743095e-05,6.827582474628e-13
1283.269999999988,1569.2018340265377,705.9525053078895,0.0002706883348327602,5.051432371188709e-05,6.907365187404483e-13
1283.279999999988,1569.2018340265377,705.9555316175347,0.00026978915140531416,5.089309330042559e-05,6.988049449956799e-13
1283.289999999988,1569.2018340265377,705.9585579059612,0.0002688933466062109,5.127455565023578e-05,7.069645842309185e-13
1283.299999999988,1569.2018340265377,705.9615841731693,0.0002680009357279866,5.165872874693756e-05,7.15216508855321e-13
1283.309999999988,1569.2018340265377,705.9646104191592,0.0002671119339519438,5.204563068757402e-05,7.235618059082848e-13
1283.3199999999879,1569.2018340265377,705.9676366439307,0.00026622635633739936,5.243527968115074e-05,7.320015772686708e-13
1283.3299999999879,1569.2018340265377,705.9706628474846,0.0002653442178683718,5.2827694049412974e-05,7.405369400325782e-13
1283.3399999999879,1569.2018340265377,705.9736890298211,0.0002644655333945247,5.3222892227361e-05,7.491690266003274e-13
1283.3499999999879,1569.2018340265377,705.97671519094,0.00026359031766972463,5.3620892763841096e-05,7.578989850358907e-13
1283.3599999999878,1569.2018340265377,705.9797413308419,0.0002627185853413261,5.402171432236315e-05,7.667279793032305e-13
1283.3699999999878,1569.2018340265377,705.9827674495267,0.00026185035095371845,5.442537568156419e-05,7.756571895368765e-13
1283.3799999999878,1569.2018340265377,705.985793546995,0.00026098562894567466,5.483189573598922e-05,7.846878123085201e-13
1283.3899999999878,1569.2018340265377,705.9888196232467,0.000260124433650522,5.524129349663424e-05,7.938210608996364e-13
1283.3999999999878,1569.2018340265377,705.9918456782821,0.0002592667792944021,5.565358809162699e-05,8.030581655770751e-13
1283.4099999999878,1569.2018340265377,705.9948717121015,0.0002584126800118602,5.60687987669757e-05,8.124003739296628e-13
1283.4199999999878,1569.2018340265377,705.9978977247052,0.000257562149826579,5.6486944887104256e-05,8.218489510969419e-13
1283.4299999999878,1569.2018340265377,706.0009237160932,0.0002567152026666441,5.690804593551172e-05,8.314051801131221e-13
1283.4399999999878,1569.2018340265377,706.0039496862659,0.0002558718523485005,5.733212151556353e-05,8.410703621616654e-13
1283.4499999999878,1569.2018340265377,706.0069756352233,0.00025503211260231086,5.775919135103283e-05,8.508458169615037e-13
1283.4599999999878,1569.2018340265377,706.0100015629661,0.00025419599705396237,5.818927528688426e-05,8.607328830265611e-13
1283.4699999999877,1569.2018340265377,706.0130274694941,0.0002533635192283706,5.8622393289786956e-05,8.707329179908505e-13
1283.4799999999877,1569.2018340265377,706.0160533548075,0.0002525346925482521,5.905856544892018e-05,8.808472989331101e-13
1283.4899999999877,1569.2018340265377,706.0190792189067,0.0002517095303469009,5.9497811976673185e-05,8.910774227534033e-13
1283.4999999999877,1569.2018340265377,706.0221050617918,0.00025088804586118063,5.994015320923005e-05,9.014247064851893e-13
1283.5099999999877,1569.2018340265377,706.0251308834632,0.00025007025222796234,6.038560960735667e-05,9.118905876299314e-13
1283.5199999999877,1569.2018340265377,706.0281566839211,0.0002492561624883975,6.0834201756975026e-05,9.224765245193904e-13
1283.5299999999877,1569.2018340265377,706.0311824631655,0.0002484457895925337,6.128595036994116e-05,9.331839966930357e-13
1283.5399999999877,1569.2018340265377,706.0342082211969,0.0002476391463974881,6.174087628479394e-05,9.440145052580799e-13
1283.5499999999877,1569.2018340265377,706.0372339580153,0.0002468362456650985,6.219900046730343e-05,9.549695732473863e-13
1283.5599999999877,1569.2018340265377,706.040259673621,0.00024603710006938263,6.266034401127677e-05,9.66050746029637e-13
1283.5699999999877,1569.2018340265377,706.0432853680143,0.0002452417221883381,6.312492813930119e-05,9.77259591664668e-13
1283.5799999999876,1569.2018340265377,706.0463110411953,0.0002444501245103825,6.359277420335192e-05,9.88597701317958e-13
1283.5899999999876,1569.2018340265377,706.0493366931645,0.0002436623194380752,6.406390368561133e-05,1.0000666896798632e-12
1283.5999999999876,1569.2018340265377,706.0523623239217,0.0002428783192832351,6.453833819902785e-05,1.011668195349575e-12
1283.6099999999876,1569.2018340265377,706.0553879334672,0.0002420981362729017,6.501609948823178e-05,1.0234038812816553e-12
1283.6199999999876,1569.2018340265377,706.0584135218016,0.00024132178254660983,6.549720943022742e-05,1.0352754351981615e-12
1283.6299999999876,1569.2018340265377,706.0614390889248,0.00024054927015603887,6.598169003490419e-05,1.0472845700120286e-12
1283.6399999999876,1569.2018340265377,706.0644646348371,0.0002397806110743116,6.64695634460755e-05,1.059433024317439e-12
1283.6499999999876,1569.2018340265377,706.0674901595387,0.00023901581717933744,6.696085194197867e-05,1.071722562758435e-12
1283.6599999999876,1569.2018340265377,706.0705156630298,0.00023825490028278574,6.745557793615984e-05,1.084154976618951e-12
1283.6699999999876,1569.2018340265377,706.0735411453109,0.00023749787209736433,6.795376397816189e-05,1.0967320841415931e-12
1283.6799999999876,1569.2018340265377,706.0765666063817,0.00023674474426645407,6.845543275419551e-05,1.1094557311333334e-12
1283.6899999999875,1569.2018340265377,706.0795920462429,0.00023599552835258856,6.896060708807563e-05,1.1223277914048047e-12
1283.6999999999875,1569.2018340265377,706.0826174648945,0.00023525023584272797,6.946930994178775e-05,1.1353501672828226e-12
1283.7099999999875,1569.2018340265377,706.0856428623367,0.00023450887813121813,6.998156441631858e-05,1.1485247900333818e-12
1283.7199999999875,1569.2018340265377,706.0886682385699,0.00023377146655483136,7.049739375245601e-05,1.1618536205443605e-12
1283.7299999999875,1569.2018340265377,706.091693593594,0.0002330380123670564,7.101682133145547e-05,1.1753386497220146e-12
1283.7399999999875,1569.2018340265377,706.0947189274096,0.0002323085267472183,7.153987067598389e-05,1.1889818990732111e-12
1283.7499999999875,1569.2018340265377,706.0977442400168,0.00023158302080000576,7.206656545063676e-05,1.2027854212374817e-12
1283.7599999999875,1569.2018340265377,706.1007695314156,0.00023086150555822797,7.25969294628877e-05,1.2167513005600873e-12
1283.7699999999875,1569.2018340265377,706.1037948016065,0.00023014399199114587,7.31309866638885e-05,1.2308816537013885e-12
1283.7799999999875,1569.2018340265377,706.1068200505897,0.00022943049099360453,7.366876114917295e-05,1.2451786301530535e-12
1283.7899999999875,1569.2018340265377,706.1098452783652,0.0002287210133885591,7.421027715938032e-05,1.2596444128340485e-12
1283.7999999999874,1569.2018340265377,706.1128704849335,0.00022801556993543484,7.475555908122699e-05,1.2742812187395276e-12
1283.8099999999874,1569.2018340265377,706.1158956702945,0.00022731417132860175,7.53046314481171e-05,1.2890912995364728e-12
1283.8199999999874,1569.2018340265377,706.1189208344488,0.00022661682820260883,7.585751894110462e-05,1.3040769422206251e-12
1283.8299999999874,1569.2018340265377,706.1219459773965,0.00022592355111662542,7.641424638958989e-05,1.319240469657037e-12
1283.8399999999874,1569.2018340265377,706.1249710991375,0.0002252343505768998,7.697483877201923e-05,1.3345842413495822e-12
1283.8499999999874,1569.2018340265377,706.1279961996725,0.00022454923702555648,7.753932121702991e-05,1.3501106540468698e-12
1283.8599999999874,1569.2018340265377,706.1310212790013,0.00022386822084898578,7.810771900388215e-05,1.3658221424493653e-12
1283.8699999999874,1569.2018340265377,706.1340463371246,0.0002231913123713349,7.868005756357282e-05,1.3817211798646584e-12
1283.8799999999874,1569.2018340265377,706.1370713740422,0.00022251852185910148,7.925636247939749e-05,1.3978102789223786e-12
1283.8899999999874,1569.2018340265377,706.1400963897544,0.0002218498595281007,7.983665948796764e-05,1.4140919923354145e-12
1283.8999999999874,1569.2018340265377,706.1431213842616,0.0002211853355407235,8.042097448001757e-05,1.4305689136080167e-12
1283.9099999999873,1569.2018340265377,706.1461463575639,0.00022052496000195794,8.100933350112638e-05,1.4472436777446015e-12
1283.9199999999873,1569.2018340265377,706.1491713096616,0.0002198687429648404,8.160176275264065e-05,1.464118962039782e-12
1283.9299999999873,1569.2018340265377,706.1521962405548,0.00021921669443948568,8.219828859246771e-05,1.4811974869049774e-12
1283.9399999999873,1569.2018340265377,706.1552211502437,0.00021856882438519714,8.279893753598751e-05,1.4984820166027949e-12
1283.9499999999873,1569.2018340265377,706.1582460387289,0.0002179251427100423,8.340373625685458e-05,1.5159753600392487e-12
1283.9599999999873,1569.2018340265377,706.16127090601,0.00021728565928222745,8.401271158775627e-05,1.5336803716520561e-12
1283.9699999999873,1569.2018340265377,706.1642957520877,0.00021665038391973358,8.46258905214743e-05,1.5515999521762835e-12
1283.9799999999873,1569.2018340265377,706.1673205769622,0.00021601932640928487,8.524330021160503e-05,1.5697370496197112e-12
1283.9899999999873,1569.2018340265377,706.1703453806335,0.0002153924964857713,8.586496797337585e-05,1.5880946599776719e-12
1283.9999999999873,1569.2018340265377,706.1733701631019,0.0002147699038485639,8.649092128462832e-05,1.6066758282329314e-12
1284.0099999999873,1569.2018340265377,706.1763949243676,0.0002141515581636133,8.712118778664053e-05,1.6254836492685336e-12
1284.0199999999872,1569.2018340265377,706.179419664431,0.00021353746905632907,8.77557952850275e-05,1.6445212687306237e-12
1284.0299999999872,1569.2018340265377,706.1824443832922,0.0002129276461182156,8.839477175059548e-05,1.6637918840093227e-12
1284.0399999999872,1569.2018340265377,706.1854690809513,0.00021232209890817603,8.90381453201039e-05,1.6832987451955538e-12
1284.0499999999872,1569.2018340265377,706.1884937574087,0.00021172083695367502,8.968594429743992e-05,1.7030451560708665e-12
1284.0599999999872,1569.2018340265377,706.1915184126647,0.00021112386975619615,9.033819715429573e-05,1.7230344751324789e-12
1284.0699999999872,1569.2018340265377,706.1945430467192,0.00021053120678420385,9.099493253101022e-05,1.7432701165432172e-12
1284.0799999999872,1569.2018340265377,706.1975676595727,0.00020994285748335525,9.165617923766532e-05,1.763755551249877e-12
1284.0899999999872,1569.2018340265377,706.2005922512252,0.00020935883127300986,9.23219662548659e-05,1.7844943079992748e-12
1284.0999999999872,1569.2018340265377,706.2036168216772,0.00020877913755430803,9.299232273469692e-05,1.80548997447814e-12
1284.1099999999872,1569.2018340265377,706.2066413709289,0.00020820378570111974,9.36672780015861e-05,1.82674619832506e-12
1284.1199999999872,1569.2018340265377,706.2096658989801,0.00020763278507444506,9.434686155316469e-05,1.8482666883646003e-12
1284.1299999999871,1569.2018340265377,706.2126904058315,0.0002070661450081301,9.503110306141892e-05,1.8700552156255337e-12
1284.1399999999871,1569.2018340265377,706.2157148914832,0.0002065038748348276,9.57200323733845e-05,1.892115614720098e-12
1284.1499999999871,1569.2018340265377,706.2187393559353,0.00020594598385871997,9.641367951209834e-05,1.914451784780453e-12
1284.1599999999871,1569.2018340265377,706.221763799188,0.00020539248138381173,9.711207467763312e-05,1.9370676909228954e-12
1284.169999999987,1569.2018340265377,706.2247882212416,0.00020484337669576176,9.781524824801113e-05,1.959967365308183e-12
1284.179999999987,1569.2018340265377,706.2278126220966,0.00020429867907940827,9.852323078014489e-05,1.9831549085575656e-12
1284.189999999987,1569.2018340265377,706.2308370017529,0.00020375839780523408,9.923605301062074e-05,2.006634490894628e-12
1284.199999999987,1569.2018340265377,706.2338613602107,0.00020322254214389903,9.995374585686196e-05,2.0304103535953496e-12
1284.209999999987,1569.2018340265377,706.2368856974701,0.0002026911213676457,0.00010067634041800173,2.0544868103303406e-12
1284.219999999987,1569.2018340265377,706.2399100135318,0.00020216414474025435,0.00010140386797589602,2.078868248421313e-12
1284.229999999987,1569.2018340265377,706.2429343083958,0.00020164162153109925,0.00010213635999595056,2.1035591303579734e-12
1284.239999999987,1569.2018340265377,706.2459585820621,0.00020112356100896014,0.0001028738481281675,2.128563995148097e-12
1284.249999999987,1569.2018340265377,706.2489828345311,0.00020060997245683988,0.00010361636420814268,2.153887459912131e-12
1284.259999999987,1569.2018340265377,706.2520070658032,0.0002001008651594462,0.00010436394025807247,2.179534221221265e-12
1284.269999999987,1569.2018340265377,706.2550312758784,0.0001995962484059759,0.0001051166084875627,2.205509056612391e-12
1284.279999999987,1569.2018340265377,706.2580554647568,0.0001990961315077605,0.00010587440129475343,2.2318168263134742e-12
1284.289999999987,1569.2018340265377,706.261079632439,0.00019860052378129254,0.00010663735126739255,2.2584624746190408e-12
1284.299999999987,1569.2018340265377,706.2641037789249,0.00019810943456065674,0.00010740549118357453,2.285451031603737e-12
1284.309999999987,1569.2018340265377,706.2671279042149,0.000197622873204941,0.00010817885401296325,2.3127876148396962e-12
1284.319999999987,1569.2018340265377,706.2701520083091,0.0001971408490815082,0.0001089574729176212,2.3404774308489084e-12
1284.329999999987,1569.2018340265377,706.2731760912077,0.0001966633715865355,0.00010974138125319174,2.368525777033761e-12
1284.339999999987,1569.2018340265377,706.2762001529112,0.0001961904501413772,0.00011053061256985048,2.396938043355351e-12
1284.349999999987,1569.2018340265377,706.2792241934195,0.00019572209418986132,0.00011132520061314358,2.4257197140473606e-12
1284.359999999987,1569.2018340265377,706.282248212733,0.00019525831320617692,0.00011212517932527291,2.4548763695128345e-12
1284.369999999987,1569.2018340265377,706.2852722108519,0.00019479911669359663,0.00011293058284600287,2.4844136881301654e-12
1284.379999999987,1569.2018340265377,706.2882961877763,0.00019434451419638927,0.00011374144551359691,2.5143374482642274e-12
1284.389999999987,1569.2018340265377,706.2913201435067,0.00019389451528261536,0.0001145578018660951,2.544653529959078e-12
1284.399999999987,1569.2018340265377,706.2943440780429,0.00019344912956306966,0.00011537968664195241,2.5753679171006047e-12
1284.409999999987,1569.2018340265377,706.2973679913854,0.00019300836668905547,0.00011620713478160521,2.6064866993926615e-12
1284.4199999999869,1569.2018340265377,706.3003918835346,0.000192572236356532,0.00011704018142814896,2.638016074416415e-12
1284.4299999999869,1569.2018340265377,706.3034157544904,0.0001921407483027435,0.00011787886192832411,2.6699623496421125e-12
1284.4399999999869,1569.2018340265377,706.3064396042531,0.00019171391230685635,0.00011872321183391751,2.702331944551497e-12
1284.4499999999869,1569.2018340265377,706.3094634328229,0.00019129173820543546,0.0001195732669025404,2.7351313929851048e-12
1284.4599999999868,1569.2018340265377,706.3124872402002,0.0001908742358861476,0.00012042906309888481,2.768367345255203e-12
1284.4699999999868,1569.2018340265377,706.3155110263851,0.00019046141528474076,0.0001212906365956017,2.8020465703240015e-12
1284.4799999999868,1569.2018340265377,706.3185347913777,0.00019005328639787664,0.00012215802377443845,2.836175958269072e-12
1284.4899999999868,1569.2018340265377,706.3215585351785,0.0001896498592794749,0.000123031261227515,2.8707625225655707e-12
1284.4999999999868,1569.2018340265377,706.3245822577875,0.00018925114404669014,0.00012391038575808154,2.905813402532269e-12
1284.5099999999868,1569.2018340265377,706.327605959205,0.00018885715087667236,0.00012479543438186842,2.9413358657147883e-12
1284.5199999999868,1569.2018340265377,706.3306296394312,0.00018846789001429877,0.00012568644432801765,2.9773373104648723e-12
1284.5299999999868,1569.2018340265377,706.3336532984663,0.00018808337177669268,0.00012658345304027705,3.013825268538169e-12
1284.5399999999868,1569.2018340265377,706.3366769363107,0.00018770360654910334,0.0001274864981781433,3.0508074076039964e-12
1284.5499999999868,1569.2018340265377,706.3397005529645,0.0001873286047906874,0.00012839561761776236,3.088291533950565e-12
1284.5599999999868,1569.2018340265377,706.3427241484277,0.00018695837703632345,0.00012931084945321197,3.1262855952005437e-12
1284.5699999999867,1569.2018340265377,706.3457477227008,0.00018659293390114806,0.00013023223199769136,3.1647976831226897e-12
1284.5799999999867,1569.2018340265377,706.348771275784,0.00018623228608528574,0.00013115980378443514,3.2038360364926313e-12
1284.5899999999867,1569.2018340265377,706.3517948076776,0.0001858764443656147,0.00013209360356805132,3.243409043808762e-12
1284.5999999999867,1569.2018340265377,706.3548183183815,0.00018552541960896156,0.00013303367032533478,3.283525246404574e-12
1284.6099999999867,1569.2018340265377,706.3578418078961,0.0001851792227754083,0.00013398004325682817,3.324193341495777e-12
1284.6199999999867,1569.2018340265377,706.3608652762218,0.000184837864914992,0.00013493276178775494,3.365422185138951e-12
1284.6299999999867,1569.2018340265377,706.3638887233586,0.00018450135716972267,0.00013589186556898483,3.4072207953432427e-12
1284.6399999999867,1569.2018340265377,706.3669121493068,0.00018416971078230498,0.00013685739447850796,3.4495983553957727e-12
1284.6499999999867,1569.2018340265377,706.3699355540665,0.0001838429370956745,0.0001378293886223776,3.4925642170609174e-12
1284.6599999999867,1569.2018340265377,706.3729589376381,0.00018352104755575452,0.00013880788833605238,3.536127903923371e-12
1284.6699999999867,1569.2018340265377,706.375982300022,0.00018320405371208701,0.00013979293418538285,3.580299114739874e-12
1284.6799999999866,1569.2018340265377,706.3790056412179,0.00018289196722479084,0.00014078456696774093,3.625087726989456e-12
1284.6899999999866,1569.2018340265377,706.3820289612263,0.0001825847998684529,0.00014178282771349856,3.670503800458012e-12
1284.6999999999866,1569.2018340265377,706.3850522600476,0.00018228256352598656,0.00014278775768698372,3.716557580666201e-12
1284.7099999999866,1569.2018340265377,706.3880755376817,0.00018198527020186385,0.0001437993983875918,3.7632595027644275e-12
1284.7199999999866,1569.2018340265377,706.391098794129,0.00018169293201806427,0.00014481779155116776,3.810620195173148e-12
1284.7299999999866,1569.2018340265377,706.3941220293898,0.00018140556122082043,0.00014584297915120177,3.858650483508528e-12
1284.7399999999866,1569.2018340265377,706.397145243464,0.00018112317018368634,0.00014687500339976553,3.9073613945007825e-12
1284.7499999999866,1569.2018340265377,706.4001684363524,0.00018084577140584592,0.00014791390674917957,3.956764159928094e-12
1284.7599999999866,1569.2018340265377,706.4031916080545,0.00018057337751892842,0.00014895973189260655,4.006870220756197e-12
1284.7699999999866,1569.2018340265377,706.406214758571,0.0001803060012913671,0.00015001252176593123,4.057691231382458e-12
1284.7799999999866,1569.2018340265377,706.4092378879021,0.00018004365562755467,0.00015107231954859213,4.109239063794018e-12
1284.7899999999865,1569.2018340265377,706.4122609960478,0.00017978635357252938,0.00015213916866472897,4.1615258119510234e-12
1284.7999999999865,1569.2018340265377,706.4152840830086,0.00017953410831469857,0.00015321311278477333,4.214563796240875e-12
1284.8099999999865,1569.2018340265377,706.4183071487844,0.00017928693318959837,0.00015429419582632732,4.2683655680094e-12
1284.8199999999865,1569.2018340265377,706.4213301933758,0.0001790448416843272,0.00015538246195576994,4.322943914243067e-12
1284.8299999999865,1569.2018340265377,706.4243532167827,0.0001788078474352007,0.00015647795558910004,4.378311862141563e-12
1284.8399999999865,1569.2018340265377,706.4273762190054,0.00017857596423698091,0.00015758072139343367,4.43448268410027e-12
1284.8499999999865,1569.2018340265377,706.4303992000441,0.00017834920604281235,0.0001586908042883056,4.491469902560393e-12
1284.8599999999865,1569.2018340265377,706.4334221598994,0.00017812758696736746,0.00015980824944689386,4.549287295031924e-12
1284.8699999999865,1569.2018340265377,706.436445098571,0.00017791112129307842,0.00016093310229703788,4.6079488992885925e-12
1284.8799999999865,1569.2018340265377,706.4394680160593,0.00017769982346694832,0.00016206540852288997,4.667469018464213e-12
1284.8899999999865,1569.2018340265377,706.4424909123645,0.00017749370811025986,0.00016320521406594212,4.727862226551631e-12
1284.8999999999864,1569.2018340265377,706.4455137874871,0.00017729279001988245,0.00016435256512657167,4.78914337382961e-12
1284.9099999999864,1569.2018340265377,706.448536641427,0.00017709708416799492,0.00016550750816489868,4.8513275923154545e-12
1284.9199999999864,1569.2018340265377,706.4515594741845,0.0001769066057100589,0.0001666700899024726,4.914430301602361e-12
1284.9299999999864,1569.2018340265377,706.4545822857598,0.00017672136998597238,0.00016784035732348622,4.978467214606273e-12
1284.9399999999864,1569.2018340265377,706.4576050761533,0.0001765413925231261,0.0001690183576760409,5.043454343485651e-12
1284.9499999999864,1569.2018340265377,706.460627845365,0.00017636668904035956,0.00017020413847332767,5.109408005704727e-12
1284.9599999999864,1569.2018340265377,706.4636505933953,0.00017619727545064456,0.00017139774749520758,5.176344830210497e-12
1284.9699999999864,1569.2018340265377,706.4666733202441,0.0001760331678652333,0.0001725992327892687,5.244281763749002e-12
1284.9799999999864,1569.2018340265377,706.4696960259122,0.00017587438259581475,0.0001738086426725635,5.313236077295613e-12
1284.9899999999864,1569.2018340265377,706.4727187103994,0.00017572093616040723,0.00017502602573235123,5.38322537267045e-12
1284.9999999999864,1569.2018340265377,706.4757413737059,0.0001755728452821591,0.00017625143082789296,5.454267589140587e-12
1285.0099999999863,1569.2018340265377,706.478764015832,0.00017543012689846756,0.0001774849070916603,5.526381010439699e-12
1285.0199999999863,1569.2018340265377,706.481786636778,0.0001752927981599566,0.00017872650393073407,5.5995842716330206e-12
1285.0299999999863,1569.2018340265377,706.4848092365442,0.0001751608764359537,0.00017997627102806743,5.6738963663184545e-12
1285.0399999999863,1569.2018340265377,706.4878318151304,0.00017503437931715618,0.00018123425834379843,5.749336653892613e-12
1285.0499999999863,1569.2018340265377,706.4908543725373,0.00017491332461988974,0.00018250051611690338,5.82592486704145e-12
1285.0599999999863,1569.2018340265377,706.4938769087651,0.000174797730389274,0.00018377509486628503,5.903681119315847e-12
1285.0699999999863,1569.2018340265377,706.4968994238137,0.0001746876149017786,0.00018505804539219894,5.98262591286527e-12
1285.0799999999863,1569.2018340265377,706.4999219176834,0.00017458299667081083,0.00018634941877768325,6.062780146436314e-12
1285.0899999999863,1569.2018340265377,706.5029443903746,0.00017448389444829062,0.0001876492663900978,6.144165123408659e-12
1285.0999999999863,1569.2018340265377,706.5059668418875,0.00017439032723005288,0.00018895763988222627,6.226802560102573e-12
1285.1099999999863,1569.2018340265377,706.5089892722223,0.00017430231425756071,0.00019027459119392247,6.310714594166266e-12
1285.1199999999862,1569.2018340265377,706.5120116813789,0.0001742198750223033,0.0001916001725532221,6.395923793197496e-12
1285.1299999999862,1569.2018340265377,706.515034069358,0.0001741430292705214,0.00019293443647824872,6.4824531636124565e-12
1285.1399999999862,1569.2018340265377,706.5180564361597,0.00017407179700552433,0.00019427743577819047,6.570326159549545e-12
1285.1499999999862,1569.2018340265377,706.521078781784,0.000174006198491217,0.00019562922355476466,6.659566692035333e-12
1285.1599999999862,1569.2018340265377,706.5241011062313,0.00017394625425646676,0.00019698985320390765,6.7501991383901004e-12
1285.1699999999862,1569.2018340265377,706.5271234095017,0.00017389198509890161,0.00019835937841690166,6.842248351771014e-12
1285.1799999999862,1569.2018340265377,706.5301456915956,0.00017384341208942267,0.00019973785318227815,6.9357396709974615e-12
1285.1899999999862,1569.2018340265377,706.5331679525133,0.00017380055657257386,0.00020112533178665175,7.030698930342449e-12
1285.1999999999862,1569.2018340265377,706.5361901922546,0.00017376344017488302,0.0002025218688164749,7.127152469911602e-12
1285.2099999999862,1569.2018340265377,706.53921241082,0.0001737320848052207,0.00020392751915970992,7.225127145913978e-12
1285.2199999999862,1569.2018340265377,706.5422346082099,0.0001737065126604552,0.0002053423380070361,7.32465034132986e-12
1285.2299999999861,1569.2018340265377,706.5452567844243,0.0001736867462280145,0.000206766380853209,7.425749976685403e-12
1285.2399999999861,1569.2018340265377,706.5482789394633,0.00017367280829076888,0.0002081997034988005,7.528454521178042e-12
1285.2499999999861,1569.2018340265377,706.5513010733273,0.00017366472193054865,0.00020964236205158157,7.632793003952363e-12
1285.2599999999861,1569.2018340265377,706.5543231860165,0.00017366251053190768,0.00021109441292805833,7.738795025633907e-12
1285.269999999986,1569.2018340265377,706.5573452775313,0.0001736661977855166,0.00021255591285491694,7.846490770081277e-12
1285.279999999986,1569.2018340265377,706.5603673478714,0.00017367580769368524,0.00021402691887019133,7.955911016460496e-12
1285.289999999986,1569.2018340265377,706.5633893970376,0.00017369136457228316,0.00021550748832564875,8.06708715150085e-12
1285.299999999986,1569.2018340265377,706.5664114250299,0.00017371289305603675,0.00021699767888742422,8.180051182030748e-12
1285.309999999986,1569.2018340265377,706.5694334318484,0.00017374041810206135,0.00021849754853786363,8.294835747786992e-12
1285.319999999986,1569.2018340265377,706.5724554174934,0.00017377396499410614,0.0002200071555770508,8.411474134502706e-12
1285.329999999986,1569.2018340265377,706.5754773819651,0.0001738135593457725,0.0002215265586244508,8.530000287229768e-12
1285.339999999986,1569.2018340265377,706.578499325264,0.00017385922710594487,0.00022305581662039094,8.650448824036485e-12
1285.349999999986,1569.2018340265377,706.58152124739,0.00017391099456129657,0.00022459498882725762,8.77285504982778e-12
1285.359999999986,1569.2018340265377,706.5845431483434,0.0001739688883413569,0.0002261441348315613,8.897254970649834e-12
1285.369999999986,1569.2018340265377,706.5875650281245,0.00017403293542231626,0.00022770331454520244,9.02368530817087e-12
1285.379999999986,1569.2018340265377,706.5905868867334,0.00017410316313090882,0.000229272588207093,9.152183514497585e-12
1285.389999999986,1569.2018340265377,706.5936087241704,0.00017417959914881644,0.00023085201638471637,9.282787787325445e-12
1285.399999999986,1569.2018340265377,706.5966305404356,0.00017426227151736394,0.00023244165997564676,9.4155370854211e-12
1285.409999999986,1569.2018340265377,706.5996523355294,0.0001743512086397934,0.00023404158020930147,9.550471144318721e-12
1285.419999999986,1569.2018340265377,706.6026741094521,0.00017444643928741659,0.00023565183864841154,9.68763049253278e-12
1285.429999999986,1569.2018340265377,706.6056958622037,0.0001745479926026485,0.0002372724971904287,9.827056467937695e-12
1285.439999999986,1569.2018340265377,706.6087175937844,0.000174655898104795,0.00023890361806942214,9.968791234685862e-12
1285.449999999986,1569.2018340265377,706.6117393041945,0.000174770185691373,0.00024054526385762688,1.0112877800200142e-11
1285.459999999986,1569.2018340265377,706.6147609934344,0.0001748908856442672,0.0002421974974669283,1.0259360032791886e-11
1285.469999999986,1569.2018340265377,706.6177826615042,0.00017501802863585303,0.00024386038215054066,1.0408282679670906e-11
1285.479999999986,1569.2018340265377,706.6208043084039,0.00017515164572910622,0.0002455339815044991,1.055969138496294e-11
1285.489999999986,1569.2018340265377,706.623825934134,0.00017529176838450495,0.00024721835946967034,1.0713632708550935e-11
1285.499999999986,1569.2018340265377,706.6268475386946,0.00017543842846347313,0.00024891358033300704,1.087015414504301e-11
1285.509999999986,1569.2018340265377,706.629869122086,0.00017559165823520346,0.00025061970872925193,1.1029304143387583e-11
1285.5199999999859,1569.2018340265377,706.6328906843083,0.00017575149037529913,0.0002523368096427095,1.119113212639614e-11
1285.5299999999859,1569.2018340265377,706.6359122253617,0.00017591795797713224,0.0002540649484087751,1.1355688511454381e-11
1285.5399999999859,1569.2018340265377,706.6389337452468,0.00017609109455099598,0.0002558041907159827,1.1523024730944469e-11
1285.5499999999859,1569.2018340265377,706.6419552439636,0.0001762709340305543,0.00025755460260688936,1.169319325345586e-11
1285.5599999999858,1569.2018340265377,706.644976721512,0.00017645751077847643,0.00025931625048026733,1.1866247605513906e-11
1285.5699999999858,1569.2018340265377,706.6479981778925,0.00017665085958630308,0.0002610892010930488,1.204224239335603e-11
1285.5799999999858,1569.2018340265377,706.6510196131054,0.00017685101568535097,0.00026287352156141906,1.22212333258317e-11
1285.5899999999858,1569.2018340265377,706.6540410271509,0.00017705801474476675,0.00026466927936290524,1.2403277237003066e-11
1285.5999999999858,1569.2018340265377,706.6570624200291,0.00017727189288337648,0.0002664765423377352,1.2588432110105806e-11
1285.6099999999858,1569.2018340265377,706.6600837917402,0.00017749268666580051,0.0002682953786909513,1.2776757100984421e-11
1285.6199999999858,1569.2018340265377,706.6631051422846,0.00017772043311237696,0.0002701258569938492,1.296831256292802e-11
1285.6299999999858,1569.2018340265377,706.6661264716626,0.0001779551697030206,0.00027196804618583037,1.3163160071643326e-11
1285.6399999999858,1569.2018340265377,706.6691477798739,0.00017819693438223224,0.00027382201557578443,1.3361362450790923e-11
1285.6499999999858,1569.2018340265377,706.6721690669192,0.00017844576556024432,0.00027568783484443706,1.3562983797861371e-11
1285.6599999999858,1569.2018340265377,706.6751903327986,0.00017870170211998322,0.00027756557404560604,1.376808951092156e-11
1285.6699999999857,1569.2018340265377,706.6782115775125,0.00017896478342569,0.00027945530360815426,1.397674631613246e-11
1285.6799999999857,1569.2018340265377,706.6812328010607,0.00017923504931944135,0.0002813570943373815,1.4189022294851023e-11
1285.6899999999857,1569.2018340265377,706.6842540034436,0.00017951254013114093,0.0002832710174173489,1.4404986912438161e-11
1285.6999999999857,1569.2018340265377,706.6872751846616,0.00017979729668183092,0.0002851971444124375,1.4624711047078066e-11
1285.7099999999857,1569.2018340265377,706.690296344715,0.00018008936028737947,0.0002871355472688221,1.4848267019218682e-11
1285.7199999999857,1569.2018340265377,706.6933174836036,0.00018038877277040655,0.0002890862983163911,1.5075728622360308e-11
1285.7299999999857,1569.2018340265377,706.6963386013279,0.00018069557644898648,0.0002910494702708967,1.530717115258539e-11
1285.7399999999857,1569.2018340265377,706.699359697888,0.00018100981415879113,0.00029302513623523005,1.554267144140711e-11
1285.7499999999857,1569.2018340265377,706.7023807732843,0.000181331529248864,0.0002950133697015908,1.5782307887197025e-11
1285.7599999999857,1569.2018340265377,706.7054018275168,0.00018166076558514914,0.00029701424455290984,1.6026160487831245e-11
1285.7699999999857,1569.2018340265377,706.7084228605859,0.00018199756756131507,0.0002990278350651882,1.6274310874766558e-11
1285.7799999999856,1569.2018340265377,706.7114438724918,0.00018234198009694456,0.0003010542159088622,1.6526842346614516e-11
1285.7899999999856,1569.2018340265377,706.7144648632348,0.00018269404864987166,0.0003030934621507006,1.6783839904741825e-11
1285.7999999999856,1569.2018340265377,706.7174858328148,0.0001830538192126403,0.00030514564925570664,1.7045390288181974e-11
1285.8099999999856,1569.2018340265377,706.7205067812322,0.00018342133832446473,0.00030721085308911143,1.731158201070674e-11
1285.8199999999856,1569.2018340265377,706.7235277084874,0.00018379665307065806,0.0003092891499180627,1.7582505397482994e-11
1285.8299999999856,1569.2018340265377,706.7265486145805,0.00018417981109016788,0.00031138061641332196,1.785825262325416e-11
1285.8399999999856,1569.2018340265377,706.7295694995115,0.00018457086058447098,0.0003134853296512693,1.8138917751506576e-11
1285.8499999999856,1569.2018340265377,706.7325903632809,0.00018496985031149008,0.0003156033671159296,1.842459677299224e-11
1285.8599999999856,1569.2018340265377,706.735611205889,0.0001853768296009994,0.0003177348067006861,1.8715387647127094e-11
1285.8699999999856,1569.2018340265377,706.7386320273357,0.00018579184835776748,0.00031987972670991584,1.901139034305548e-11
1285.8799999999856,1569.2018340265377,706.7416528276214,0.0001862149570625832,0.0003220382058612694,1.9312706881421453e-11
1285.8899999999855,1569.2018340265377,706.7446736067462,0.00018664620677869172,0.0003242103232874876,1.9619441377505227e-11
1285.8999999999855,1569.2018340265377,706.7476943647107,0.0001870856491556107,0.0003263961585382202,1.9931700084993126e-11
1285.9099999999855,1569.2018340265377,706.7507151015147,0.0001875333364405781,0.0003285957915816787,2.0249591441459883e-11
1285.9199999999855,1569.2018340265377,706.7537358171585,0.00018798932147710894,0.0003308093028068738,2.0573226113505715e-11
1285.9299999999855,1569.2018340265377,706.7567565116425,0.00018845365771035267,0.00033303677302578947,2.0902717043543926e-11
1285.9399999999855,1569.2018340265377,706.7597771849668,0.000188926399191991,0.00033527828347455746,2.123817949739234e-11
1285.9499999999855,1569.2018340265377,706.7627978371318,0.00018940760059435954,0.0003375339158161415,2.1579731114099647e-11
1285.9599999999855,1569.2018340265377,706.7658184681374,0.00018989731719986556,0.0003398037521415156,2.192749195383183e-11
1285.9699999999855,1569.2018340265377,706.7688390779838,0.00019039560491751617,0.0003420878749722878,2.228158455000985e-11
1285.9799999999855,1569.2018340265377,706.7718596666717,0.00019090252028854002,0.00034438636726274525,2.264213396124927e-11
1285.9899999999855,1569.2018340265377,706.774880234201,0.00019141812047952022,0.00034669931240077805,2.300926782273973e-11
1285.9999999999854,1569.2018340265377,706.7779007805718,0.00019194246330535167,0.0003490267942109667,2.338311640252977e-11
1286.0099999999854,1569.2018340265377,706.7809213057845,0.00019247560721878616,0.00035136889695604325,2.3763812654775866e-11
1286.0199999999854,1569.2018340265377,706.7839418098393,0.00019301761132220014,0.0003537257053389473,2.4151492276848097e-11
1286.0299999999854,1569.2018340265377,706.7869622927367,0.0001935685353764732,0.0003560973045050074,2.4546293767327114e-11
1286.0399999999854,1569.2018340265377,706.7899827544763,0.00019412843979663502,0.00035848378004320705,2.4948358483411782e-11
1286.0499999999854,1569.2018340265377,706.7930031950588,0.0001946973856667287,0.00036088521798926837,2.5357830702205514e-11
1286.0599999999854,1569.2018340265377,706.7960236144843,0.00019527543473671323,0.0003633017048270325,2.577485768074727e-11
1286.0699999999854,1569.2018340265377,706.799044012753,0.00019586264943814656,0.0003657333274903847,2.6199589719815224e-11
1286.0799999999854,1569.2018340265377,706.8020643898651,0.00019645909287697134,0.0003681801733654566,2.663218022607739e-11
1286.0899999999854,1569.2018340265377,706.8050847458209,0.00019706482884978166,0.0003706423302928395,2.707278577866464e-11
1286.0999999999854,1569.2018340265377,706.8081050806205,0.00019767992183832185,0.0003731198865693497,2.7521566194122428e-11
1286.1099999999853,1569.2018340265377,706.8111253942643,0.0001983044370282455,0.00037561293095016445,2.7978684596101288e-11
1286.1199999999853,1569.2018340265377,706.8141456867522,0.00019893844030417817,0.0003781215526506817,2.8444307483179485e-11
1286.1299999999853,1569.2018340265377,706.8171659580848,0.00019958199825588583,0.0003806458413492441,2.8918604799748467e-11
1286.1399999999853,1569.2018340265377,706.8201862082623,0.00020023517818755948,0.000383185887188352,2.940175000860741e-11
1286.1499999999853,1569.2018340265377,706.8232064372846,0.00020089804812047874,0.00038574178077711645,2.989392016430118e-11
1286.1599999999853,1569.2018340265377,706.8262266451522,0.0002015706767999453,0.00038831361319352964,3.039529598857475e-11
1286.1699999999853,1569.2018340265377,706.8292468318652,0.00020225313370177283,0.00039090147598616734,3.090606194725058e-11
1286.1799999999853,1569.2018340265377,706.8322669974239,0.0002029454890309735,0.0003935054611765788,3.142640632760961e-11
1286.1899999999853,1569.2018340265377,706.8352871418285,0.00020364781373825231,0.000396125661261482,3.195652132007971e-11
1286.1999999999853,1569.2018340265377,706.838307265079,0.00020436017951370295,0.00039876216921409135,3.2496603097953275e-11
1286.2099999999853,1569.2018340265377,706.841327367176,0.0002050826588074613,0.0004014150784875102,3.304685190332478e-11
1286.2199999999852,1569.2018340265377,706.8443474481195,0.00020581532480842195,0.00040408448301587754,3.360747212773913e-11
1286.2299999999852,1569.2018340265377,706.8473675079098,0.00020655825148131616,0.00040677047721668347,3.4178672404098216e-11
1286.2399999999852,1569.2018340265377,706.850387546547,0.00020731151356213873,0.0004094731559931154,3.4760665693798004e-11
1286.2499999999852,1569.2018340265377,706.8534075640314,0.00020807518654376495,0.0004121926147360001,3.535366937383509e-11
1286.2599999999852,1569.2018340265377,706.8564275603634,0.0002088493467038555,0.00041492894932646754,3.595790533291842e-11
1286.2699999999852,1569.2018340265377,706.8594475355429,0.00020963407110314634,0.00041768225613708876,3.657360006436081e-11
1286.2799999999852,1569.2018340265377,706.8624674895703,0.00021042943760412423,0.0004204526320350677,3.720098476477472e-11
1286.2899999999852,1569.2018340265377,706.8654874224458,0.0002112355248431281,0.00042324017438379974,3.7840295426313925e-11
1286.2999999999852,1569.2018340265377,706.8685073341696,0.00021205241226755515,0.0004260449810455754,3.849177294248592e-11
1286.3099999999852,1569.2018340265377,706.8715272247421,0.00021288018012848172,0.0004288671503831426,3.9155663208075216e-11
1286.3199999999852,1569.2018340265377,706.8745470941633,0.0002137189094983897,0.0004317067812623247,3.9832217225855844e-11
1286.3299999999851,1569.2018340265377,706.8775669424333,0.00021456868225048183,0.0004345639730538976,4.052169120824541e-11
1286.3399999999851,1569.2018340265377,706.8805867695527,0.00021542958109259207,0.00043743882563656563,4.1224346691411874e-11
1286.3499999999851,1569.2018340265377,706.8836065755215,0.00021630168955178046,0.0004403314393982073,4.194045064215792e-11
1286.3599999999851,1569.2018340265377,706.88662636034,0.00021718509200291782,0.000443241915238531,4.267027557567084e-11
1286.369999999985,1569.2018340265377,706.8896461240082,0.0002180798736456273,0.0004461703545714237,4.341409966561856e-11
1286.379999999985,1569.2018340265377,706.8926658665266,0.00021898612053678878,0.0004491168593271873,4.4172206867359503e-11
1286.389999999985,1569.2018340265377,706.8956855878954,0.00021990391957653712,0.00045208153195458006,4.4944887034452853e-11
1286.399999999985,1569.2018340265377,706.8987052881147,0.0002208333585312022,0.0004550644754230593,4.573243604501378e-11
1286.409999999985,1569.2018340265377,706.9017249671847,0.00022177452601863763,0.0004580657932252752,4.653515592302639e-11
1286.419999999985,1569.2018340265377,706.9047446251058,0.0002227275115262866,0.00046108558937934515,4.7353354968810407e-11
1286.429999999985,1569.2018340265377,706.907764261878,0.00022369240542763832,0.0004641239684307924,4.818734789189499e-11
1286.439999999985,1569.2018340265377,706.9107838775017,0.00022466929896816485,0.0004671810354551724,4.903745594022835e-11
1286.449999999985,1569.2018340265377,706.913803471977,0.00022565828427842895,0.0004702568960602554,4.990400703769719e-11
1286.459999999985,1569.2018340265377,706.9168230453041,0.0002266594543713111,0.00047335165638832645,5.0787335921016885e-11
1286.469999999985,1569.2018340265377,706.9198425974836,0.0002276729031839469,0.0004764654231187356,5.168778428951093e-11
1286.479999999985,1569.2018340265377,706.922862128515,0.0002286987255334075,0.0004795983034691515,5.260570093830558e-11
1286.489999999985,1569.2018340265377,706.9258816383992,0.00022973701715067152,0.000482750405199888,5.35414419124905e-11
1286.499999999985,1569.2018340265377,706.9289011271362,0.00023078787468228175,0.0004859218366142407,5.4495370656297747e-11
1286.509999999985,1569.2018340265377,706.9319205947262,0.00023185139570166822,0.0004891127065618756,5.5467858168249695e-11
1286.519999999985,1569.2018340265377,706.9349400411693,0.0002329276786981143,0.000492323124440834,5.645928315381935e-11
1286.529999999985,1569.2018340265377,706.9379594664657,0.00023401682310717208,0.0004955532002001144,5.747003219127026e-11
1286.539999999985,1569.2018340265377,706.940978870616,0.00023511892928865927,0.0004988030443422986,5.850049988819161e-11
1286.549999999985,1569.2018340265377,706.9439982536202,0.000236234098546537,0.0005020727679248096,5.955108905105052e-11
1286.559999999985,1569.2018340265377,706.9470176154782,0.00023736243315322113,0.0005053624825632727,6.062221086001683e-11
1286.569999999985,1569.2018340265377,706.9500369561907,0.00023850403632709775,0.0005086723004341483,6.171428503533975e-11
1286.579999999985,1569.2018340265377,706.9530562757578,0.00023965901223135658,0.0005120023342761441,6.282774001196941e-11
1286.589999999985,1569.2018340265377,706.9560755741797,0.00024082746602473886,0.0005153526973932282,6.396301313178275e-11
1286.599999999985,1569.2018340265377,706.9590948514565,0.00024200950382992825,0.0005187235036566653,6.512055081799853e-11
1286.609999999985,1569.2018340265377,706.9621141075884,0.00024320523274237342,0.000522114867508058,6.630080876381653e-11
1286.6199999999849,1569.2018340265377,706.9651333425759,0.00024441476084202256,0.0005255269039615338,6.750425212551125e-11
1286.6299999999849,1569.2018340265377,706.9681525564191,0.000245638197220221,0.0005289597286056578,6.873135572369173e-11
1286.6399999999849,1569.2018340265377,706.971171749118,0.00024687565194834424,0.0005324134576059946,6.99826042326201e-11
1286.6499999999849,1569.2018340265377,706.974190920673,0.0002481272361056451,0.0005358882077085961,7.125849238999696e-11
1286.6599999999848,1569.2018340265377,706.9772100710844,0.00024939306177709547,0.0005393840962412928,7.255952520203643e-11
1286.6699999999848,1569.2018340265377,706.9802292003524,0.0002506732420810572,0.000542901241116408,7.388621816170619e-11
1286.6799999999848,1569.2018340265377,706.9832483084771,0.0002519678911454258,0.0005464397608334994,7.523909745636431e-11
1286.6899999999848,1569.2018340265377,706.9862673954586,0.0002532771241164317,0.0005499997744815678,7.661870018880089e-11
1286.6999999999848,1569.2018340265377,706.9892864612975,0.0002546010571943973,0.0005535814017420809,7.802557461126284e-11
1286.7099999999848,1569.2018340265377,706.9923055059938,0.0002559398075986259,0.0005571847628906643,7.94602803423406e-11
1286.7199999999848,1569.2018340265377,706.9953245295478,0.0002572934936177033,0.0005608099788001424,8.092338861472265e-11
1286.7299999999848,1569.2018340265377,706.9983435319597,0.00025866223458210916,0.0005644571709429068,8.241548250378845e-11
1286.7399999999848,1569.2018340265377,707.0013625132295,0.0002600461508745708,0.0005681264613933063,8.393715717236774e-11
1286.7499999999848,1569.2018340265377,707.0043814733579,0.0002614453639468425,0.0005718179728307148,8.548902012279068e-11
1286.7599999999848,1569.2018340265377,707.0074004123446,0.00026285999632824695,0.0005755318285411077,8.707169145102196e-11
1286.7699999999847,1569.2018340265377,707.0104193301901,0.0002642901716271183,0.0005792681524204214,8.868580410408674e-11
1286.7799999999847,1569.2018340265377,707.0134382268948,0.0002657360145076405,0.0005830270689772634,9.033200413401147e-11
1286.7899999999847,1569.2018340265377,707.0164571024585,0.00026719765075719406,0.0005868087033340443,9.201095098694527e-11
1286.7999999999847,1569.2018340265377,707.0194759568816,0.0002686752072448519,0.0005906131812312464,9.372331776227792e-11
1286.8099999999847,1569.2018340265377,707.0224947901644,0.0002701688119384172,0.0005944406290292897,9.54697914959294e-11
1286.8199999999847,1569.2018340265377,707.0255136023071,0.00027167859391612437,0.000598291173710968,9.725107344777784e-11
1286.8299999999847,1569.2018340265377,707.02853239331,0.0002732046833638252,0.0006021649428841784,9.906787938976931e-11
1286.8399999999847,1569.2018340265377,707.031551163173,0.00027474721160642736,0.0006060620647842311,1.0092093991202946e-10
1286.8499999999847,1569.2018340265377,707.0345699118966,0.0002763063110779264,0.0006099826682771748,1.0281100071309986e-10
1286.8599999999847,1569.2018340265377,707.0375886394811,0.0002778821153390985,0.0006139268828621294,1.0473882291282109e-10
1286.8699999999847,1569.2018340265377,707.0406073459266,0.00027947475911002824,0.0006178948386731693,1.0670518337718997e-10
1286.8799999999846,1569.2018340265377,707.0436260312331,0.0002810843782514876,0.0006218866664826671,1.0871087503097101e-10
1286.8899999999846,1569.2018340265377,707.046644695401,0.0002827111097635597,0.0006259024977041104,1.1075670718255565e-10
1286.8999999999846,1569.2018340265377,707.0496633384307,0.00028435509180491173,0.0006299424643944349,1.1284350586312268e-10
1286.9099999999846,1569.2018340265377,707.0526819603224,0.0002860164637095783,0.0006340066992565223,1.1497211417187507e-10
1286.9199999999846,1569.2018340265377,707.0557005610759,0.0002876953659784376,0.0006380953356415558,1.1714339261800808e-10
1286.9299999999846,1569.2018340265377,707.0587191406918,0.0002893919402804385,0.0006422085075529133,1.1935821947369671e-10
1286.9399999999846,1569.2018340265377,707.0617376991704,0.00029110632947908785,0.0006463463496480812,1.2161749114378368e-10
1286.9499999999846,1569.2018340265377,707.0647562365116,0.0002928386776171894,0.0006505089972403996,1.2392212252551769e-10
1286.9599999999846,1569.2018340265377,707.0677747527159,0.00029458912993035054,0.0006546965863037845,1.2627304738834318e-10
1286.9699999999846,1569.2018340265377,707.0707932477832,0.00029635783287230424,0.0006589092534733817,1.2867121876494905e-10
1286.9799999999846,1569.2018340265377,707.073811721714,0.00029814493408632334,0.0006631471360501806,1.3111760932832648e-10
1286.9899999999845,1569.2018340265377,707.0768301745087,0.0002999505824397862,0.0006674103720022997,1.3361321180222684e-10
1286.9999999999845,1569.2018340265377,707.0798486061669,0.0003017749280167997,0.0006716990999675432,1.3615903936198395e-10
1287.0099999999845,1569.2018340265377,707.0828670166894,0.00030361812213695465,0.0006760134592580561,1.387561260556804e-10
1287.0199999999845,1569.2018340265377,707.0858854060762,0.0003054803173247109,0.0006803535898608209,1.4140552720938698e-10
1287.0299999999845,1569.2018340265377,707.0889037743275,0.00030736166739168204,0.0006847196324418547,1.441083198938311e-10
1287.0399999999845,1569.2018340265377,707.0919221214435,0.0003092623273615108,0.000689111728348147,1.4686560332658596e-10
1287.0499999999845,1569.2018340265377,707.0949404474245,0.0003111824535179405,0.0006935300196109279,1.4967849933976758e-10
1287.0599999999845,1569.2018340265377,707.0979587522709,0.00031312220339251495,0.0006979746489485924,1.5254815282849133e-10
1287.0699999999845,1569.2018340265377,707.1009770359825,0.0003150817357953548,0.0007024457597683285,1.5547573222828715e-10
1287.0799999999845,1569.2018340265377,707.1039952985598,0.0003170612108170137,0.0007069434961703968,1.584624299892569e-10
1287.0899999999845,1569.2018340265377,707.107013540003,0.0003190607898148098,0.0007114680029502667,1.615094630505955e-10
1287.0999999999844,1569.2018340265377,707.1100317603123,0.00032108063541141956,0.0007160194256010786,1.6461807333023306e-10
1287.1099999999844,1569.2018340265377,707.1130499594879,0.0003231209115408505,0.0007205979103169662,1.677895282488023e-10
1287.1199999999844,1569.2018340265377,707.11606813753,0.0003251817834489063,0.0007252036039956971,1.7102512124076397e-10
1287.1299999999844,1569.2018340265377,707.1190862944387,0.00032726341766102507,0.0007298366542413455,1.743261722579663e-10
1287.1399999999844,1569.2018340265377,707.1221044302147,0.00032936598201222135,0.000734497209367981,1.7769402831584285e-10
1287.1499999999844,1569.2018340265377,707.1251225448577,0.0003314896456734279,0.0007391854184007887,1.8113006404776033e-10
1287.1599999999844,1569.2018340265377,707.1281406383682,0.0003336345791011754,0.000743901431080645,1.8463568223002034e-10
1287.1699999999844,1569.2018340265377,707.1311587107463,0.000335800954133837,0.0007486453978659455,1.8821231439609698e-10
1287.1799999999844,1569.2018340265377,707.1341767619922,0.0003379889438947378,0.0007534174699361736,1.918614213568929e-10
1287.1899999999844,1569.2018340265377,707.1371947921064,0.00034019872288227514,0.0007582177991944272,1.9558449383476758e-10
1287.1999999999844,1569.2018340265377,707.1402128010886,0.0003424304669333969,0.0007630465382695771,1.9938305303864483e-10
1287.2099999999843,1569.2018340265377,707.1432307889395,0.00034468435323998495,0.0007679038405207868,2.0325865128128288e-10
1287.2199999999843,1569.2018340265377,707.1462487556593,0.00034696056034203406,0.0007727898600393344,2.072128725935726e-10
1287.2299999999843,1569.2018340265377,707.1492667012478,0.0003492592681845751,0.000777704751650956,2.1124733338907314e-10
1287.2399999999843,1569.2018340265377,707.1522846257056,0.00035158065803105975,0.0007826486709204312,2.1536368305642422e-10
1287.2499999999843,1569.2018340265377,707.1553025290328,0.0003539249125986699,0.000787621774153024,2.1956360469594267e-10
1287.2599999999843,1569.2018340265377,707.1583204112297,0.00035629221590768265,0.0007926242183983477,2.2384881569663696e-10
1287.2699999999843,1569.2018340265377,707.1613382722966,0.0003586827534342429,0.0007976561614527483,2.2822106851099484e-10
1287.2799999999843,1569.2018340265377,707.1643561122333,0.00036109671204249933,0.0008027177618620586,2.32682151307983e-10
1287.2899999999843,1569.2018340265377,707.1673739310404,0.00036353427998578325,0.0008078091789254999,2.372338886816508e-10
1287.2999999999843,1569.2018340265377,707.1703917287182,0.00036599564693913945,0.0008129305726982881,2.4187814239314067e-10
1287.3099999999843,1569.2018340265377,707.1734095052666,0.0003684810040149519,0.0008180821039934411,2.4661681211612413e-10
1287.3199999999842,1569.2018340265377,707.176427260686,0.00037099054371699083,0.0008232639343864862,2.514518361569009e-10
1287.3299999999842,1569.2018340265377,707.1794449949764,0.0003735244600286786,0.0008284762262173097,2.5638519227672293e-10
1287.3399999999842,1569.2018340265377,707.1824627081385,0.000376082948313956,0.0008337191425943119,2.6141889840419993e-10
1287.3499999999842,1569.2018340265377,707.1854804001722,0.00037866620543299136,0.0008389928473956644,2.665550135066398e-10
1287.3599999999842,1569.2018340265377,707.1884980710776,0.0003812744296831153,0.0008442975052732797,2.717956383594916e-10
1287.3699999999842,1569.2018340265377,707.1915157208551,0.00038390782080274317,0.0008496332816568486,2.7714291637343223e-10
1287.3799999999842,1569.2018340265377,707.1945333495049,0.00038656658001996535,0.0008550003427548793,2.8259903446785205e-10
1287.3899999999842,1569.2018340265377,707.1975509570275,0.00038925091001004784,0.0008603988555597372,2.8816622389791835e-10
1287.3999999999842,1569.2018340265377,707.2005685434226,0.0003919610149702964,0.0008658289878482628,2.938467611804381e-10
1287.4099999999842,1569.2018340265377,707.2035861086905,0.00039469710053640435,0.0008712909081870584,2.9964296892302796e-10
1287.4199999999842,1569.2018340265377,707.206603652832,0.0003974593738475501,0.0008767847859357748,3.0555721677827457e-10
1287.4299999999841,1569.2018340265377,707.2096211758467,0.0004002480435572108,0.0008823107912470907,3.115919223739822e-10
1287.4399999999841,1569.2018340265377,707.212638677735,0.0004030633198180223,0.000887869095073089,3.177495522452911e-10
1287.4499999999841,1569.2018340265377,707.2156561584972,0.0004059054142788474,0.0008934598691671062,3.240326227901482e-10
1287.4599999999841,1569.2018340265377,707.2186736181335,0.00040877454010771277,0.0008990832860866254,3.3044370126410107e-10
1287.469999999984,1569.2018340265377,707.2216910566441,0.00041167091202942496,0.0009047395191963705,3.369854068068508e-10
1287.479999999984,1569.2018340265377,707.2247084740292,0.00041459474625597917,0.0009104287426718405,3.4366041140116377e-10
1287.489999999984,1569.2018340265377,707.227725870289,0.0004175462605678331,0.0009161511315022226,3.504714409725576e-10
1287.499999999984,1569.2018340265377,707.2307432454238,0.0004205256742641913,0.0009219068614937306,3.5742127640228743e-10
1287.509999999984,1569.2018340265377,707.2337605994338,0.00042353320822364614,0.000927696109272104,3.6451275465112043e-10
1287.519999999984,1569.2018340265377,707.2367779323192,0.00042656908486344913,0.000933519052286383,3.717487698195828e-10
1287.529999999984,1569.2018340265377,707.2397952440803,0.0004296335281650668,0.0009393758688118667,3.791322742837628e-10
1287.539999999984,1569.2018340265377,707.2428125347171,0.00043272676367539417,0.0009452667379532509,3.8666627983183635e-10
1287.549999999984,1569.2018340265377,707.2458298042302,0.0004358490185299514,0.0009511918396480427,3.94353858841843e-10
1287.559999999984,1569.2018340265377,707.2488470526193,0.00043900052145386684,0.0009571513546685977,4.0219814546096705e-10
1287.569999999984,1569.2018340265377,707.251864279885,0.0004421815027407968,0.0009631454646273342,4.1020233678888876e-10
1287.579999999984,1569.2018340265377,707.2548814860277,0.0004453921942689626,0.0009691743519788048,4.1836969411417126e-10
1287.589999999984,1569.2018340265377,707.2578986710472,0.00044863282958276937,0.0009752382000217662,4.267035442366433e-10
1287.599999999984,1569.2018340265377,707.2609158349438,0.0004519036437613013,0.0009813371929041845,4.352072806158858e-10
1287.609999999984,1569.2018340265377,707.2639329777178,0.0004552048735643392,0.0009874715156257942,4.43884364802302e-10
1287.619999999984,1569.2018340265377,707.2669500993695,0.00045853675730070045,0.0009936413540417718,4.5273832762938053e-10
1287.629999999984,1569.2018340265377,707.2699671998992,0.00046189953498566454,0.0009998468948648194,4.617727707081771e-10
1287.639999999984,1569.2018340265377,707.2729842793067,0.0004652934482241113,0.0010060883256688515,4.70991367681933e-10
1287.649999999984,1569.2018340265377,707.2760013375926,0.000468718740274466,0.0010123658348934427,4.803978656832017e-10
1287.659999999984,1569.2018340265377,707.279018374757,0.0004721756560282703,0.0010186796118456475,4.899960867313969e-10
1287.669999999984,1569.2018340265377,707.2820353908003,0.00047566444205053815,0.0010250298467037661,4.997899292204864e-10
1287.679999999984,1569.2018340265377,707.2850523857223,0.00047918534658356125,0.0010314167305201089,5.097833693965182e-10
1287.689999999984,1569.2018340265377,707.2880693595235,0.0004827386195149289,0.0010378404552254937,5.199804628256314e-10
1287.699999999984,1569.2018340265377,707.2910863122044,0.00048632451239666194,0.001044301213632065,5.303853459411402e-10
1287.709999999984,1569.2018340265377,707.2941032437648,0.0004899432784903757,0.001050799199435367,5.410022376480209e-10
1287.7199999999839,1569.2018340265377,707.2971201542048,0.0004935951727282184,0.0010573346072186036,5.518354408675855e-10
1287.7299999999839,1569.2018340265377,707.300137043525,0.0004972804517476453,0.0010639076324572164,5.628893441919099e-10
1287.7399999999839,1569.2018340265377,707.3031539117255,0.0005009993738560604,0.0010705184715202104,5.741684234868892e-10
1287.7499999999839,1569.2018340265377,707.3061707588066,0.0005047521991059271,0.0010771673216739977,5.856772436530329e-10
1287.7599999999838,1569.2018340265377,707.3091875847684,0.0005085391892621394,0.0010838543810862055,5.974204602966568e-10
1287.7699999999838,1569.2018340265377,707.312204389611,0.0005123606078174679,0.001090579848828285,6.094028214852581e-10
1287.7799999999838,1569.2018340265377,707.315221173335,0.0005162167199313399,0.001097343924880893,6.216291694466274e-10
1287.7899999999838,1569.2018340265377,707.3182379359403,0.0005201077925535744,0.001104146810133938,6.341044425142054e-10
1287.7999999999838,1569.2018340265377,707.3212546774272,0.0005240340943661414,0.0011109887063927735,6.468336768984968e-10
1287.8099999999838,1569.2018340265377,707.3242713977959,0.0005279958958070654,0.001117869816380013,6.598220085843468e-10
1287.8199999999838,1569.2018340265377,707.3272880970468,0.0005319934690220257,0.0011247903437402289,6.73074675176143e-10
1287.8299999999838,1569.2018340265377,707.3303047751799,0.000536027087971302,0.0011317504930415132,6.865970179682832e-10
1287.8399999999838,1569.2018340265377,707.3333214321955,0.0005400970283550788,0.0011387504697804565,7.00394483829285e-10
1287.8499999999838,1569.2018340265377,707.3363380680937,0.0005442035676356122,0.00114579048038501,7.144726272392444e-10
1287.8599999999838,1569.2018340265377,707.3393546828752,0.0005483469850701087,0.0011528707322187404,7.288371123816657e-10
1287.8699999999837,1569.2018340265377,707.3423712765396,0.00055252756171001,0.0011599914335812828,7.434937152254942e-10
1287.8799999999837,1569.2018340265377,707.3453878490874,0.0005567455804002243,0.0011671527937160673,7.584483256538101e-10
1287.8899999999837,1569.2018340265377,707.3484044005189,0.0005610013257513317,0.0011743550228108222,7.737069495844097e-10
1287.8999999999837,1569.2018340265377,707.3514209308341,0.0005652950841920588,0.0011815983320012605,7.892757112425011e-10
1287.9099999999837,1569.2018340265377,707.3544374400336,0.0005696271440191937,0.001188882933376467,8.051608554770653e-10
1287.9199999999837,1569.2018340265377,707.3574539281171,0.0005739977952680683,0.0011962090399790636,8.213687498590792e-10
1287.9299999999837,1569.2018340265377,707.3604703950853,0.0005784073298541547,0.0012035768658125372,8.37905887209535e-10
1287.9399999999837,1569.2018340265377,707.3634868409382,0.0005828560414473604,0.0012109866258419664,8.547788877832418e-10
1287.9499999999837,1569.2018340265377,707.3665032656761,0.0005873442256586304,0.0012184385359980511,8.719945019496654e-10
1287.9599999999837,1569.2018340265377,707.369519669299,0.0005918721798964258,0.0012259328131808854,8.895596124407371e-10
1287.9699999999837,1569.2018340265377,707.3725360518073,0.0005964402034324186,0.0012334696752637347,9.074812369453206e-10
1287.9799999999836,1569.2018340265377,707.3755524132014,0.0006010485973458202,0.0012410493410971546,9.257665305692078e-10
1287.9899999999836,1569.2018340265377,707.3785687534812,0.0006056976646123834,0.0012486720305099116,9.444227885550922e-10
1287.9999999999836,1569.2018340265377,707.381585072647,0.0006103877101426207,0.0012563379643150921,9.63457448986344e-10
1288.0099999999836,1569.2018340265377,707.3846013706991,0.0006151190406050125,0.001264047364313053,9.828780951942323e-10
1288.0199999999836,1569.2018340265377,707.3876176476377,0.000619891964610083,0.0012718004532944196,1.0026924587760808e-09
1288.0299999999836,1569.2018340265377,707.3906339034633,0.0006247067926857889,0.001279597455044191,1.0229084223436346e-09
1288.0399999999836,1569.2018340265377,707.3936501381755,0.0006295638372011935,0.0012874385943438286,1.0435340222292432e-09
1288.0499999999836,1569.2018340265377,707.3966663517749,0.0006344634124775568,0.0012953240969771822,1.0645774515537468e-09
1288.0599999999836,1569.2018340265377,707.3996825442617,0.0006394058347170639,0.0013032541897328956,1.086047063043812e-09
1288.0699999999836,1569.2018340265377,707.4026987156363,0.0006443914220375548,0.0013112291004079763,1.1079513720766868e-09
1288.0799999999836,1569.2018340265377,707.4057148658985,0.0006494204944891383,0.00131924905780988,1.1302990597481515e-09
1288.0899999999835,1569.2018340265377,707.4087309950488,0.0006544933740210435,0.0013273142917637247,1.153098975917499e-09
1288.0999999999835,1569.2018340265377,707.4117471030874,0.0006596103845522356,0.00133542503311257,1.1763601424764157e-09
1288.1099999999835,1569.2018340265377,707.4147631900146,0.000664771851936498,0.0013435815137231618,1.2000917565015144e-09
1288.1199999999835,1569.2018340265377,707.4177792558304,0.0006699781039758448,0.0013517839664870883,1.2243031935393647e-09
1288.1299999999835,1569.2018340265377,707.420795300535,0.0006752294703817675,0.0013600326253268773,1.2490040108631576e-09
1288.1399999999835,1569.2018340265377,707.423811324129,0.0006805262828872941,0.0013683277251996307,1.2742039510609026e-09
1288.1499999999835,1569.2018340265377,707.4268273266123,0.0006858688751425121,0.001376669502097879,1.2999129452828148e-09
1288.1599999999835,1569.2018340265377,707.4298433079852,0.0006912575828511966,0.0013850581930563272,1.3261411170084483e-09
1288.1699999999835,1569.2018340265377,707.4328592682477,0.000696692743595951,0.001393494036153649,1.3528987852804937e-09
1288.1799999999835,1569.2018340265377,707.4358752074005,0.0007021746969631045,0.00140197727051773,1.3801964685724205e-09
1288.1899999999835,1569.2018340265377,707.4388911254437,0.0007077037846001969,0.001410508136327763,1.4080448885972864e-09
1288.1999999999834,1569.2018340265377,707.441907022377,0.0007132803500766052,0.0014190868748172527,1.4364549737949557e-09
1288.2099999999834,1569.2018340265377,707.4449228982012,0.0007189047390237762,0.0014277137282815752,1.4654378634441892e-09
1288.2199999999834,1569.2018340265377,707.4479387529165,0.0007245772990311498,0.0014363889400778262,1.4950049113428693e-09
1288.2299999999834,1569.2018340265377,707.4509545865227,0.0007302983797448293,0.0014451127546288001,1.5251676899724206e-09
1288.2399999999834,1569.2018340265377,707.4539703990204,0.000736068332813865,0.0014538854174293314,1.5559379944293305e-09
1288.2499999999834,1569.2018340265377,707.4569861904096,0.0007418875119439384,0.0014627071750473969,1.5873278466379081e-09
1288.2599999999834,1569.2018340265377,707.4600019606906,0.0007477562728013592,0.0014715782751294822,1.6193494993277311e-09
1288.2699999999834,1569.2018340265377,707.4630177098638,0.000753674973175992,0.001480498966403306,1.6520154406308563e-09
1288.2799999999834,1569.2018340265377,707.4660334379291,0.0007596439729201384,0.0014894694986812376,1.6853383982831122e-09
1288.2899999999834,1569.2018340265377,707.469049144887,0.0007656636338363925,0.0014984901228660605,1.719331343781917e-09
1288.2999999999834,1569.2018340265377,707.4720648307376,0.0007717343198575758,0.0015075610909526958,1.754007497257202e-09
1288.3099999999833,1569.2018340265377,707.475080495481,0.0007778563970034017,0.0015166826560319454,1.7893803319402205e-09
1288.3199999999833,1569.2018340265377,707.4780961391177,0.000784030233290213,0.0015258550722963473,1.8254635786003424e-09
1288.3299999999833,1569.2018340265377,707.4811117616475,0.0007902561989413644,0.0015350785950408153,1.862271230743342e-09
1288.3399999999833,1569.2018340265377,707.4841273630713,0.0007965346660855922,0.0015443534806709584,1.899817548724205e-09
1288.3499999999833,1569.2018340265377,707.4871429433887,0.0008028660091166857,0.001553679986700932,1.938117065462599e-09
1288.3599999999833,1569.2018340265377,707.4901585026,0.0008092506044244186,0.0015630583717617785,1.977184590794197e-09
1288.3699999999833,1569.2018340265377,707.4931740407058,0.0008156888305623065,0.001572488895604551,2.017035216928791e-09
1288.3799999999833,1569.2018340265377,707.4961895577059,0.0008221810680877301,0.0015819718191019871,2.0576843232014504e-09
1288.3899999999833,1569.2018340265377,707.4992050536008,0.0008287276998101632,0.0015915074042551632,2.099147581930126e-09
1288.3999999999833,1569.2018340265377,707.5022205283906,0.000835329110585195,0.0016010959141944925,2.141440963229635e-09
1288.4099999999833,1569.2018340265377,707.5052359820754,0.0008419856874210097,0.0016107376131856692,2.1845807407032883e-09
1288.4199999999832,1569.2018340265377,707.5082514146558,0.0008486978194040604,0.0016204327666335561,2.2285834967674167e-09
1288.4299999999832,1569.2018340265377,707.5112668261316,0.000855465897864035,0.0016301816410838128,2.273466128686309e-09
1288.4399999999832,1569.2018340265377,707.5142822165033,0.0008622903161823708,0.0016399845042289617,2.319245853788224e-09
1288.4499999999832,1569.2018340265377,707.517297585771,0.0008691714699728479,0.0016498416249118766,2.365940215748564e-09
1288.4599999999832,1569.2018340265377,707.5203129339349,0.0008761097568955343,0.0016597532731285425,2.413567089995313e-09
1288.4699999999832,1569.2018340265377,707.5233282609954,0.0008831055768954349,0.0016697197200338013,2.4621446903716567e-09
1288.4799999999832,1569.2018340265377,707.5263435669524,0.0008901593320735075,0.001679741237941842,2.5116915748962498e-09
1288.4899999999832,1569.2018340265377,707.5293588518064,0.0008972714265924307,0.0016898181003349834,2.5622266517259185e-09
1288.4999999999832,1569.2018340265377,707.5323741155576,0.0009044422669285759,0.001699950581863823,2.61376918618023e-09
1288.5099999999832,1569.2018340265377,707.5353893582061,0.0009116722616476591,0.0017101389583518635,2.6663388065457595e-09
1288.5199999999832,1569.2018340265377,707.5384045797522,0.00091896182161951,0.0017203835068002001,2.7199555112435856e-09
1288.5299999999831,1569.2018340265377,707.5414197801961,0.0009263113598381975,0.0017306845053910388,2.7746396749678088e-09
1288.5399999999831,1569.2018340265377,707.544434959538,0.0009337212915144317,0.0017410422334916428,2.830412055725846e-09
1288.5499999999831,1569.2018340265377,707.5474501177782,0.000941192034042399,0.0017514569716586392,2.887293801629519e-09
1288.5599999999831,1569.2018340265377,707.5504652549167,0.0009487240071341111,0.001761929001639991,2.9453064583082212e-09
1288.569999999983,1569.2018340265377,707.5534803709539,0.0009563176326172952,0.0017724586063824856,3.004471975431837e-09
1288.579999999983,1569.2018340265377,707.5564954658903,0.0009639733345692462,0.0017830460700337333,3.0648127143597416e-09
1288.589999999983,1569.2018340265377,707.5595105397256,0.0009716915393646456,0.0017936916779437,3.126351455663422e-09
1288.599999999983,1569.2018340265377,707.5625255924602,0.0009794726756128008,0.0018043957166734741,3.1891114064498432e-09
1288.609999999983,1569.2018340265377,707.5655406240945,0.0009873171740703561,0.0018151584739960485,3.2531162076892295e-09
1288.619999999983,1569.2018340265377,707.5685556346285,0.0009952254678751752,0.0018259802389006708,3.31838994273389e-09
1288.629999999983,1569.2018340265377,707.5715706240627,0.0010031979923329963,0.0018368613015984719,3.3849571445189174e-09
1288.639999999983,1569.2018340265377,707.5745855923968,0.0010112351850606726,0.001847801953522759,3.4528428040432513e-09
1288.649999999983,1569.2018340265377,707.5776005396316,0.0010193374859650455,0.0018588024873387732,3.5220723784870146e-09
1288.659999999983,1569.2018340265377,707.5806154657671,0.001027505337126378,0.0018698631969423455,3.5926717990866622e-09
1288.669999999983,1569.2018340265377,707.5836303708035,0.0010357391830781437,0.0018809843774659403,3.664667480550013e-09
1288.679999999983,1569.2018340265377,707.5866452547409,0.0010440394704702915,0.0018921663252831138,3.738086328470046e-09
1288.689999999983,1569.2018340265377,707.5896601175796,0.0010524066483426652,0.0019034093380116692,3.812955749003221e-09
1288.699999999983,1569.2018340265377,707.59267495932,0.0010608411680159088,0.0019147137145198415,3.8893036573732424e-09
1288.709999999983,1569.2018340265377,707.5956897799623,0.0010693434830756157,0.001926079754926914,3.967158486819251e-09
1288.719999999983,1569.2018340265377,707.5987045795063,0.0010779140495579072,0.001937507760607667,4.046549198461651e-09
1288.729999999983,1569.2018340265377,707.6017193579527,0.0010865533256275677,0.001948998034201578,4.1275052894633255e-09
1288.739999999983,1569.2018340265377,707.6047341153015,0.0010952617718503156,0.001960550879610019,4.21005680349453e-09
1288.749999999983,1569.2018340265377,707.6077488515531,0.0011040398511803422,0.001972166602004156,4.294234340365939e-09
1288.759999999983,1569.2018340265377,707.6107635667075,0.0011128880288254997,0.0019838455078281824,4.380069065318835e-09
1288.769999999983,1569.2018340265377,707.6137782607649,0.001121806772394388,0.0019955879048024904,4.467592719563382e-09
1288.779999999983,1569.2018340265377,707.6167929337258,0.001130796551777223,0.0020073941019312937,4.556837629970953e-09
1288.789999999983,1569.2018340265377,707.6198075855904,0.001139857839205467,0.002019264409501398,4.647836719590824e-09
1288.799999999983,1569.2018340265377,707.6228222163584,0.001148991109358429,0.0020311991390884886,4.740623518581695e-09
1288.809999999983,1569.2018340265377,707.6258368260305,0.0011581968392701683,0.0020431986035648175,4.835232174522074e-09
1288.8199999999829,1569.2018340265377,707.628851414607,0.0011674755081688998,0.002055263117097938,4.931697462543729e-09
1288.8299999999829,1569.2018340265377,707.6318659820879,0.001176827597848044,0.0020673929951575093,5.030054797905874e-09
1288.8399999999829,1569.2018340265377,707.6348805284734,0.0011862535924250543,0.0020795885545184687,5.130340246198096e-09
1288.8499999999829,1569.2018340265377,707.6378950537637,0.001195753978402512,0.00209185011326563,5.232590534985469e-09
1288.8599999999828,1569.2018340265377,707.6409095579594,0.0012053292446165184,0.0021041779908001225,5.3368430651707e-09
1288.8699999999828,1569.2018340265377,707.6439240410602,0.0012149798823396021,0.00211657250783752,5.443135923181472e-09
1288.8799999999828,1569.2018340265377,707.6469385030666,0.0012247063852678676,0.002129033986417966,5.551507892919221e-09
1288.8899999999828,1569.2018340265377,707.6499529439787,0.0012345092494910222,0.0021415627499075576,5.661998467778892e-09
1288.8999999999828,1569.2018340265377,707.6529673637968,0.0012443889734184694,0.0021541591230029578,5.774647862671508e-09
1288.9099999999828,1569.2018340265377,707.6559817625214,0.0012543460580466878,0.002166823431736501,5.8894970278307864e-09
1288.9199999999828,1569.2018340265377,707.6589961401521,0.0012643810066434963,0.00217955600347653,6.0065876601180796e-09
1288.9299999999828,1569.2018340265377,707.6620104966895,0.001274494324959844,0.0021923571669372937,6.125962217019652e-09
1288.9399999999828,1569.2018340265377,707.665024832134,0.0012846865211922297,0.0022052272521802703,6.247663929668607e-09
1288.9499999999828,1569.2018340265377,707.6680391464854,0.0012949581059606876,0.00221816659061542,6.371736816145401e-09
1288.9599999999828,1569.2018340265377,707.6710534397441,0.0013053095923159011,0.002231175515011166,6.498225695184761e-09
1288.9699999999827,1569.2018340265377,707.6740677119104,0.0013157414957558936,0.00224425435949473,6.6271762001018585e-09
1288.9799999999827,1569.2018340265377,707.6770819629845,0.0013262543342432737,0.0022574034595572896,6.758634792980428e-09
1288.9899999999827,1569.2018340265377,707.6800961929667,0.0013368486282229332,0.002270623152058667,6.892648779096865e-09
1288.9999999999827,1569.2018340265377,707.6831104018569,0.0013475249005656402,0.0022839137752285184,7.029266321176314e-09
1289.0099999999827,1569.2018340265377,707.6861245896556,0.001358283676636052,0.002297275668677082,7.168536454580026e-09
1289.0199999999827,1569.2018340265377,707.689138756363,0.0013691254841835196,0.0023107091733928623,7.310509101732658e-09
1289.0299999999827,1569.2018340265377,707.6921529019793,0.001380050853547401,0.002324214631749337,7.455235088506668e-09
1289.0399999999827,1569.2018340265377,707.6951670265046,0.001391060317539998,0.0023377923875097114,7.602766159158444e-09
1289.0499999999827,1569.2018340265377,707.698181129939,0.001402154411475192,0.0023514427858301167,7.753154992268222e-09
1289.0599999999827,1569.2018340265377,707.7011952122833,0.0014133336729531547,0.0023651661732669634,7.906455215609314e-09
1289.0699999999827,1569.2018340265377,707.7042092735373,0.0014245986423958494,0.002378962897774943,8.062721425380224e-09
1289.0799999999826,1569.2018340265377,707.7072233137011,0.0014359498624946579,0.002392833308715418,8.222009199749618e-09
1289.0899999999826,1569.2018340265377,707.7102373327753,0.001447387878581111,0.0024067777568633248,8.384375117789986e-09
1289.0999999999826,1569.2018340265377,707.7132513307598,0.0014589132383816524,0.0024207965944050974,8.54987677515926e-09
1289.1099999999826,1569.2018340265377,707.716265307655,0.0014705264921919402,0.0024348901749471547,8.718572802518442e-09
1289.1199999999826,1569.2018340265377,707.7192792634611,0.001482228192980419,0.002449058853519107,8.890522883840238e-09
1289.1299999999826,1569.2018340265377,707.722293198178,0.0014940188959747345,0.00246330298657695,9.065787771907233e-09
1289.1399999999826,1569.2018340265377,707.7253071118066,0.0015058991590674697,0.0024776229320121607,9.244429308997933e-09
1289.1499999999826,1569.2018340265377,707.7283210043465,0.0015178695427192884,0.0024920190491468635,9.426510444813168e-09
1289.1599999999826,1569.2018340265377,707.7313348757982,0.0015299306099185645,0.002506491698747238,9.61209525514866e-09
1289.1699999999826,1569.2018340265377,707.7343487261619,0.0015420829261744405,0.002521041243022957,9.801248960961755e-09
1289.1799999999826,1569.2018340265377,707.7373625554377,0.001554327059503836,0.0025356680456320294,9.994037947742128e-09
1289.1899999999825,1569.2018340265377,707.7403763636261,0.0015666635806105104,0.002550372471687277,1.019052978645018e-08
1289.1999999999825,1569.2018340265377,707.743390150727,0.001579093062687413,0.002565154887756791,1.0390793252325782e-08
1289.2099999999825,1569.2018340265377,707.7464039167406,0.0015916160814076334,0.0025800156618709584,1.0594898345235555e-08
1289.2199999999825,1569.2018340265377,707.7494176616676,0.0016042332152173622,0.002594955163529075,1.0802916312372558e-08
1289.2299999999825,1569.2018340265377,707.7524313855077,0.0016169450449223337,0.0026099737636963408,1.1014919666530223e-08
1289.2399999999825,1569.2018340265377,707.7554450882614,0.0016297521540213967,0.002625071834815471,1.1230982209786752e-08
1289.2499999999825,1569.2018340265377,707.7584587699288,0.0016426551286625691,0.0026402497508082354,1.145117905497296e-08
1289.2599999999825,1569.2018340265377,707.7614724305101,0.0016556545573252859,0.0026555078870786303,1.1675586645547417e-08
1289.2699999999825,1569.2018340265377,707.7644860700058,0.0016687510314306736,0.002670846620519489,1.1904282782317311e-08
1289.2799999999825,1569.2018340265377,707.7674996884157,0.0016819451447866328,0.0026862663295139414,1.2137346642361042e-08
1289.2899999999825,1569.2018340265377,707.7705132857402,0.001695237493866329,0.002701767393943238,1.2374858804178539e-08
1289.2999999999824,1569.2018340265377,707.7735268619797,0.001708628677640941,0.0027173501951893225,1.261690127000881e-08
1289.3099999999824,1569.2018340265377,707.7765404171342,0.0017221192978787653,0.0027330151161380546,1.2863557491923013e-08
1289.3199999999824,1569.2018340265377,707.779553951204,0.001735709958811176,0.0027487625411846757,1.3114912393685115e-08
1289.3299999999824,1569.2018340265377,707.7825674641892,0.001749401267414316,0.0027645928562393843,1.3371052397531542e-08
1289.3399999999824,1569.2018340265377,707.7855809560904,0.0017631938331149335,0.002780506448730513,1.3632065447011968e-08
1289.3499999999824,1569.2018340265377,707.7885944269074,0.0017770882681294713,0.0027965037076070733,1.3898041035014447e-08
1289.3599999999824,1569.2018340265377,707.7916078766405,0.0017910851872909943,0.00281258502334613,1.416907022836756e-08
1289.3699999999824,1569.2018340265377,707.79462130529,0.0018051852080577225,0.002828750787956568,1.4445245694175558e-08
1289.3799999999824,1569.2018340265377,707.7976347128563,0.0018193889504309261,0.002845001394982883,1.4726661725836586e-08
1289.3899999999824,1569.2018340265377,707.8006480993394,0.0018336970371542142,0.002861337239507705,1.5013414271723583e-08
1289.3999999999824,1569.2018340265377,707.8036614647393,0.001848110093608177,0.002877758718158593,1.5305600961921905e-08
1289.4099999999823,1569.2018340265377,707.8066748090566,0.0018626287478628542,0.0028942662291137154,1.560332113665144e-08
1289.4199999999823,1569.2018340265377,707.8096881322916,0.0018772536305440614,0.0029108601721037635,1.590667587353891e-08
1289.4299999999823,1569.2018340265377,707.8127014344442,0.0018919853750432284,0.0029275409484144006,1.6215768018204422e-08
1289.4399999999823,1569.2018340265377,707.8157147155147,0.0019068246174387038,0.002944308960895715,1.653070221299612e-08
1289.4499999999823,1569.2018340265377,707.8187279755034,0.0019217719963233635,0.0029611646139641084,1.685158492523336e-08
1289.4599999999823,1569.2018340265377,707.8217412144105,0.0019368281530871717,0.0029781083136053922,1.717852447985655e-08
1289.4699999999823,1569.2018340265377,707.8247544322362,0.0019519937318162332,0.0029951404673811324,1.751163108931361e-08
1289.4799999999823,1569.2018340265377,707.8277676289807,0.001967269379265744,0.0030122614844323853,1.7851016884504865e-08
1289.4899999999823,1569.2018340265377,707.8307808046442,0.0019826557447527736,0.00302947177548349,1.819679594545991e-08
1289.4999999999823,1569.2018340265377,707.8337939592271,0.0019981534804987353,0.003046771752849706,1.8549084336658727e-08
1289.5099999999823,1569.2018340265377,707.8368070927295,0.0020137632412427337,0.0030641618304351258,1.8908000136104546e-08
1289.5199999999822,1569.2018340265377,707.8398202051516,0.00202948568453137,0.0030816424237436147,1.927366347123773e-08
1289.5299999999822,1569.2018340265377,707.8428332964935,0.002045321470523472,0.003099213949879301,1.9646196550763165e-08
1289.5399999999822,1569.2018340265377,707.8458463667557,0.002061271262174455,0.003116876827554296,2.0025723700648576e-08
1289.5499999999822,1569.2018340265377,707.8488594159384,0.002077335725098648,0.003134631477089176,2.0412371397516956e-08
1289.5599999999822,1569.2018340265377,707.8518724440414,0.002093515527621816,0.0031524783204186415,2.080626830443807e-08
1289.5699999999822,1569.2018340265377,707.8548854510653,0.0021098113409036908,0.003170417781099409,2.120754530803323e-08
1289.5799999999822,1569.2018340265377,707.8578984370104,0.002126223838579685,0.0031884502843105467,2.161633555122861e-08
1289.5899999999822,1569.2018340265377,707.8609114018766,0.0021427536972357893,0.0032065762568586186,2.2032774474949846e-08
1289.5999999999822,1569.2018340265377,707.8639243456644,0.002159401596115318,0.003224796127184127,2.245699985274351e-08
1289.6099999999822,1569.2018340265377,707.8669372683738,0.002176168217212861,0.0032431103253632325,2.288915182977828e-08
1289.6199999999822,1569.2018340265377,707.8699501700052,0.0021930542450621536,0.0032615192831142474,2.332937295930535e-08
1289.6299999999821,1569.2018340265377,707.8729630505588,0.002210060367271696,0.0032800234338028326,2.3777808247585753e-08
1289.6399999999821,1569.2018340265377,707.8759759100346,0.0022271872741376334,0.0032986232124407803,2.4234605189673975e-08
1289.6499999999821,1569.2018340265377,707.8789887484331,0.00224443565836219,0.0033173190556996172,2.4699913806905828e-08
1289.6599999999821,1569.2018340265377,707.8820015657544,0.002261806215699217,0.0033361114019073105,2.5173886694866775e-08
1289.669999999982,1569.2018340265377,707.8850143619989,0.00227929964469533,0.003355000691056982,2.5656679062463842e-08
1289.679999999982,1569.2018340265377,707.8880271371664,0.002296916646497871,0.0033739873648077614,2.6148448772085084e-08
1289.689999999982,1569.2018340265377,707.8910398912574,0.0023146579250292176,0.003393071866492821,2.6649356384582363e-08
1289.699999999982,1569.2018340265377,707.8940526242721,0.0023325241870210283,0.0034122546411238714,2.7159565203358694e-08
1289.709999999982,1569.2018340265377,707.897065336211,0.0023505161419477036,0.0034315361353927406,2.76792413179128e-08
1289.719999999982,1569.2018340265377,707.9000780270737,0.0023686345022057116,0.0034509167976750506,2.820855365096283e-08
1289.729999999982,1569.2018340265377,707.9030906968609,0.002386879982711752,0.003470397078040516,2.8747673999506308e-08
1289.739999999982,1569.2018340265377,707.9061033455727,0.0024052533012647423,0.0034899774282523472,2.9296777085375123e-08
1289.749999999982,1569.2018340265377,707.9091159732093,0.00242375517848562,0.0035096583017731452,2.9856040601689595e-08
1289.759999999982,1569.2018340265377,707.9121285797709,0.00244238633784489,0.0035294401537686124,3.042564526103362e-08
1289.769999999982,1569.2018340265377,707.9151411652575,0.0024611475054514016,0.0035493234411127627,3.100577484139307e-08
1289.779999999982,1569.2018340265377,707.9181537296699,0.002480039410155955,0.0035693086223961704,3.159661623671356e-08
1289.789999999982,1569.2018340265377,707.921166273008,0.0024990627838440108,0.0035893961579214354,3.219835951049898e-08
1289.799999999982,1569.2018340265377,707.9241787952718,0.0025182183610672113,0.0036095865097143425,3.281119794207474e-08
1289.809999999982,1569.2018340265377,707.9271912964618,0.0025375068790864748,0.003629880141529187,3.3435328078620625e-08
1289.819999999982,1569.2018340265377,707.9302037765782,0.0025569290780305103,0.0036502775188486636,3.407094978945082e-08
1289.829999999982,1569.2018340265377,707.9332162356212,0.002576485700967398,0.0036707791088921617,3.471826632020092e-08
1289.839999999982,1569.2018340265377,707.936228673591,0.0025961774935724467,0.003691385380617131,3.537748434224875e-08
1289.849999999982,1569.2018340265377,707.9392410904876,0.0026160052044423045,0.003712096804724353,3.604881401161725e-08
1289.859999999982,1569.2018340265377,707.9422534863116,0.002635969584919941,0.0037329138536678617,3.673246902225947e-08
1289.869999999982,1569.2018340265377,707.9452658610631,0.0026560713893026638,0.0037538370016500693,3.742866666512307e-08
1289.879999999982,1569.2018340265377,707.9482782147422,0.002676311374498846,0.0037748667246316763,3.81376278806805e-08
1289.889999999982,1569.2018340265377,707.9512905473492,0.0026966903004247453,0.0037960035003369863,3.885957732256577e-08
1289.899999999982,1569.2018340265377,707.9543028588844,0.002717208929678715,0.00381724780825598,3.959474341186054e-08
1289.909999999982,1569.2018340265377,707.957315149348,0.002737868027685629,0.0038386001296504177,4.034335839895239e-08
1289.9199999999819,1569.2018340265377,707.96032741874,0.002758668363062234,0.003860060947554289,4.110565842959624e-08
1289.9299999999819,1569.2018340265377,707.9633396670607,0.0027796107067515393,0.0038816307467846914,4.1881883593914234e-08
1289.9399999999819,1569.2018340265377,707.9663518943106,0.002800695832674663,0.003903310013943961,4.267227799838315e-08
1289.9499999999819,1569.2018340265377,707.9693641004897,0.0028219245177364253,0.0039250992374200355,4.3477089829402206e-08
1289.9599999999818,1569.2018340265377,707.9723762855982,0.002843297541783692,0.003946998907396681,4.429657141728884e-08
1289.9699999999818,1569.2018340265377,707.9753884496363,0.002864815687007777,0.0039690095158529965,4.513097929219545e-08
1289.9799999999818,1569.2018340265377,707.9784005926044,0.002886479738940498,0.003991131556574535,4.59805742660089e-08
1289.9899999999818,1569.2018340265377,707.9814127145027,0.002908290485792859,0.004013365525149483,4.6845621489245605e-08
1289.9999999999818,1569.2018340265377,707.9844248153311,0.0029302487185172517,0.0040357119189780915,4.772639052032238e-08
1290.0099999999818,1569.2018340265377,707.98743689509,0.0029523552311232137,0.004058171237278045,4.8623155399984096e-08
1290.0199999999818,1569.2018340265377,707.99044895378,0.002974610820271535,0.004080743981088097,4.953619471503852e-08
1290.0299999999818,1569.2018340265377,707.9934609914008,0.002997016285631459,0.00410343065326743,5.046579167542186e-08
1290.0399999999818,1569.2018340265377,707.9964730079528,0.003019572429760489,0.004126231758507789,5.1412234184888955e-08
1290.0499999999818,1569.2018340265377,707.9994850034361,0.003042280057864873,0.004149147803332838,5.237581491027184e-08
1290.0599999999818,1569.2018340265377,708.0024969778514,0.003065139978093462,0.0041721792961078065,5.335683136107887e-08
1290.0699999999817,1569.2018340265377,708.0055089311984,0.003088153001643315,0.004195326747035304,5.435558596685945e-08
1290.0799999999817,1569.2018340265377,708.0085208634774,0.0031113199423960045,0.00421859066816758,5.537238614786345e-08
1290.0899999999817,1569.2018340265377,708.0115327746888,0.003134641617153623,0.004241971573409272,5.6407544396951454e-08
1290.0999999999817,1569.2018340265377,708.0145446648329,0.0031581188455355367,0.004265469978521028,5.7461378356766455e-08
1290.1099999999817,1569.2018340265377,708.0175565339096,0.0031817524500032824,0.004289086401120387,5.8534210900215566e-08
1290.1199999999817,1569.2018340265377,708.0205683819192,0.0032055432562561157,0.0043128213606942484,5.96263702193559e-08
1290.1299999999817,1569.2018340265377,708.0235802088621,0.003229492092370098,0.00433667537859621,6.073818989191551e-08
1290.1399999999817,1569.2018340265377,708.0265920147385,0.0032535997895502314,0.004360648978056412,6.187000897896226e-08
1290.1499999999817,1569.2018340265377,708.0296037995486,0.003277867181854298,0.0043847426841796995,6.302217210462863e-08
1290.1599999999817,1569.2018340265377,708.0326155632923,0.0033022951061916343,0.004408957023954557,6.419502954236892e-08
1290.1699999999817,1569.2018340265377,708.0356273059703,0.0033268844024728532,0.004433292526259415,6.538893730536254e-08
1290.1799999999816,1569.2018340265377,708.0386390275825,0.003351635913292201,0.00445774972186166,6.660425722887628e-08
1290.1899999999816,1569.2018340265377,708.0416507281293,0.003376550484157161,0.004482329143426636,6.784135706477994e-08
1290.1999999999816,1569.2018340265377,708.0446624076109,0.0034016289638744267,0.004507031325518415,6.910061058059628e-08
1290.2099999999816,1569.2018340265377,708.0476740660272,0.003426872203557114,0.00453185680460515,7.038239763220489e-08
1290.2199999999816,1569.2018340265377,708.050685703379,0.0034522810574132206,0.00455680611907102,7.168710427374312e-08
1290.2299999999816,1569.2018340265377,708.0536973196662,0.0034778563827233683,0.0045818798092057,7.301512285220457e-08
1290.2399999999816,1569.2018340265377,708.0567089148889,0.003503599039660071,0.004607078417220943,7.436685210086074e-08
1290.2499999999816,1569.2018340265377,708.0597204890474,0.003529509890969742,0.004632402487252285,7.574269723042253e-08
1290.2599999999816,1569.2018340265377,708.0627320421421,0.0035555898025322486,0.004657852565361539,7.714307004021806e-08
1290.2699999999816,1569.2018340265377,708.0657435741732,0.0035818396430342004,0.004683429199543168,7.856838901227222e-08
1290.2799999999816,1569.2018340265377,708.0687550851405,0.003608260284279259,0.0047091329397228885,8.001907942023603e-08
1290.2899999999815,1569.2018340265377,708.0717665750448,0.0036348526007257713,0.004734964337774702,8.149557342352672e-08
1290.2999999999815,1569.2018340265377,708.074778043886,0.0036616174697987956,0.004760923947512729,8.299831017898518e-08
1290.3099999999815,1569.2018340265377,708.0777894916645,0.003688555771792121,0.004787012324701443,8.452773594571506e-08
1290.3199999999815,1569.2018340265377,708.0808009183802,0.0037156683902203583,0.004813230027057138,8.608430420142979e-08
1290.3299999999815,1569.2018340265377,708.0838123240336,0.0037429562110350067,0.004839577614258283,8.76684757345857e-08
1290.3399999999815,1569.2018340265377,708.0868237086248,0.0037704201232163044,0.0048660556479429955,8.928071876900471e-08
1290.3499999999815,1569.2018340265377,708.0898350721542,0.0037980610190055226,0.004892664691718446,9.09215090828031e-08
1290.3599999999815,1569.2018340265377,708.0928464146217,0.0038258797930397015,0.00491940531116024,9.259133010237111e-08
1290.3699999999815,1569.2018340265377,708.0958577360278,0.003853877343319492,0.004946278073823853,9.429067304191312e-08
1290.3799999999815,1569.2018340265377,708.0988690363727,0.0038820545704310043,0.004973283549241993,9.602003700246195e-08
1290.3899999999815,1569.2018340265377,708.1018803156566,0.0039104123779685335,0.005000422308934058,9.777992910179964e-08
1290.3999999999814,1569.2018340265377,708.1048915738794,0.003938951672605477,0.005027694926404361,9.9570864597427e-08
1290.4099999999814,1569.2018340265377,708.1079028110416,0.003967673363766909,0.005055101977155791,1.0139336700179089e-07
1290.4199999999814,1569.2018340265377,708.1109140271437,0.003996578363686428,0.005082644038689056,1.0324796820807674e-07
1290.4299999999814,1569.2018340265377,708.1139252221856,0.004025667587647845,0.005110321690501906,1.051352086226611e-07
1290.4399999999814,1569.2018340265377,708.1169363961674,0.004054941954091238,0.005138135514101717,1.070556372967151e-07
1290.4499999999814,1569.2018340265377,708.1199475490895,0.00408440238385996,0.005166086093007877,1.0900981203647104e-07
1290.4599999999814,1569.2018340265377,708.1229586809521,0.004114049801055035,0.005194174012754043,1.1099829955737105e-07
1290.4699999999814,1569.2018340265377,708.1259697917556,0.004143885132559774,0.005222399860893514,1.1302167560541172e-07
1290.4799999999814,1569.2018340265377,708.1289808814998,0.004173909308452571,0.005250764227002583,1.1508052510393766e-07
1290.4899999999814,1569.2018340265377,708.1319919501851,0.004204123261309926,0.005279267702685862,1.1717544227222677e-07
1290.4999999999814,1569.2018340265377,708.1350029978121,0.0042345279268747845,0.005307910881586113,1.1930703078342006e-07
1290.5099999999813,1569.2018340265377,708.1380140243806,0.004265124243699718,0.0053366943593756225,1.2147590389559193e-07
1290.5199999999813,1569.2018340265377,708.1410250298907,0.0042959131535830345,0.005365618733769111,1.2368268460792386e-07
1290.5299999999813,1569.2018340265377,708.144036014343,0.004326895600629475,0.005394684604533612,1.2592800577955084e-07
1290.5399999999813,1569.2018340265377,708.1470469777375,0.004358072532512155,0.005423892573479674,1.2821251031256784e-07
1290.5499999999813,1569.2018340265377,708.1500579200746,0.0043894448993560585,0.005453243244474421,1.3053685126974404e-07
1290.5599999999813,1569.2018340265377,708.1530688413543,0.004421013654497263,0.005482737223443677,1.3290169204807727e-07
1290.5699999999813,1569.2018340265377,708.1560797415768,0.004452779754008341,0.005512375118375189,1.3530770651847003e-07
1290.5799999999813,1569.2018340265377,708.1590906207427,0.004484744156807496,0.005542157539328501,1.3775557918487303e-07
1290.5899999999813,1569.2018340265377,708.1621014788519,0.004516907825106056,0.005572085098428066,1.4024600535548148e-07
1290.5999999999813,1569.2018340265377,708.1651123159047,0.004549271723622715,0.005602158409878756,1.4277969127941267e-07
1290.6099999999813,1569.2018340265377,708.1681231319013,0.0045818368204152025,0.005632378089964515,1.4535735433450325e-07
1290.6199999999812,1569.2018340265377,708.1711339268419,0.004614604085965646,0.005662744757052661,1.4797972316331627e-07
1290.6299999999812,1569.2018340265377,708.1741447007269,0.0046475744940591614,0.005693259031602703,1.5064753786790688e-07
1290.6399999999812,1569.2018340265377,708.1771554535561,0.004680749021282069,0.005723921536161459,1.5336155016276667e-07
1290.6499999999812,1569.2018340265377,708.1801661853301,0.00471412864722535,0.005754732895378794,1.5612252355349454e-07
1290.6599999999812,1569.2018340265377,708.1831768960491,0.00474771435392715,0.005785693736003882,1.5893123349176174e-07
1290.6699999999812,1569.2018340265377,708.1861875857132,0.004781507127162626,0.005816804686891672,1.617884675945084e-07
1290.6799999999812,1569.2018340265377,708.1891982543226,0.004815507955123331,0.005848066379004831,1.646950257788316e-07
1290.6899999999812,1569.2018340265377,708.1922089018776,0.004849717828718958,0.005879479445425043,1.676517204530603e-07
1290.6999999999812,1569.2018340265377,708.1952195283784,0.004884137742328815,0.005911044521348972,1.7065937672581852e-07
1290.7099999999812,1569.2018340265377,708.1982301338253,0.004918768692774115,0.005942762244098423,1.7371883255724479e-07
1290.7199999999812,1569.2018340265377,708.2012407182183,0.004953611680154806,0.005974633253118598,1.7683093897632823e-07
1290.7299999999811,1569.2018340265377,708.2042512815578,0.00498866770724472,0.00600665818999064,1.7999656025153444e-07
1290.7399999999811,1569.2018340265377,708.2072618238441,0.005023937779649281,0.006038837698427523,1.832165740894938e-07
1290.7499999999811,1569.2018340265377,708.2102723450772,0.005059422906134775,0.00607117242428297,1.8649187184377545e-07
1290.7599999999811,1569.2018340265377,708.2132828452575,0.005095124098549065,0.006103663015554488,1.8982335871155e-07
1290.769999999981,1569.2018340265377,708.2162933243849,0.00513104237103247,0.006136310122385059,1.9321195390596753e-07
1290.779999999981,1569.2018340265377,708.2193037824602,0.005167178741177294,0.006169114397078438,1.966585909043988e-07
1290.789999999981,1569.2018340265377,708.2223142194832,0.005203534229234755,0.006202076494083549,2.0016421762520189e-07
1290.799999999981,1569.2018340265377,708.225324635454,0.0052401098586684555,0.0062351970700121875,2.0372979665980882e-07
1290.809999999981,1569.2018340265377,708.2283350303732,0.005276906655381958,0.006268476783649499,2.0735630545651335e-07
1290.819999999981,1569.2018340265377,708.2313454042408,0.005313925648354669,0.006301916295939359,2.110447365594939e-07
1290.829999999981,1569.2018340265377,708.2343557570571,0.005351167869820038,0.006335516270003529,2.1479609783617395e-07
1290.839999999981,1569.2018340265377,708.2373660888222,0.005388634354532594,0.006369277371138244,2.1861141266956693e-07
1290.849999999981,1569.2018340265377,708.2403763995364,0.0054263261402800675,0.00640320026682207,2.224917202035276e-07
1290.859999999981,1569.2018340265377,708.2433866892002,0.005464244267712483,0.006437285626721403,2.2643807556390105e-07
1290.869999999981,1569.2018340265377,708.2463969578134,0.0055023897803811485,0.006471534122686796,2.3045155009043812e-07
1290.879999999981,1569.2018340265377,708.2494072053762,0.005540763725006702,0.006505946428762148,2.3453323158250074e-07
1290.889999999981,1569.2018340265377,708.2524174318892,0.0055793671507227876,0.006540523221196671,2.386842245050418e-07
1290.899999999981,1569.2018340265377,708.2554276373523,0.005618201109914773,0.006575265178433301,2.429056502629818e-07
1290.909999999981,1569.2018340265377,708.2584378217659,0.005657266657692007,0.006610172981123209,2.4719864742324876e-07
1290.919999999981,1569.2018340265377,708.2614479851302,0.005696564852327435,0.006645247312127232,2.5156437198041664e-07
1290.929999999981,1569.2018340265377,708.2644581274452,0.0057360967546283325,0.006680488856518572,2.560039975792476e-07
1290.939999999981,1569.2018340265377,708.2674682487115,0.005775863428476116,0.006715898301592175,2.60518715792047e-07
1290.949999999981,1569.2018340265377,708.270478348929,0.005815865940643011,0.006751476336860783,2.651097363669446e-07
1290.959999999981,1569.2018340265377,708.2734884280981,0.005856105360935755,0.00678722365406287,2.6977828749504513e-07
1290.969999999981,1569.2018340265377,708.2764984862189,0.005896582761908218,0.00682314094716943,2.7452561606132634e-07
1290.979999999981,1569.2018340265377,708.2795085232917,0.005937299218622765,0.0068592289123838605,2.7935298789994954e-07
1290.989999999981,1569.2018340265377,708.2825185393168,0.005978255809639249,0.006895488248147354,2.842616881111985e-07
1290.999999999981,1569.2018340265377,708.2855285342941,0.006019453616213893,0.006931919655140071,2.8925302129860963e-07
1291.009999999981,1569.2018340265377,708.2885385082242,0.006060893722387919,0.006968523836293388,2.9432831185146386e-07
1291.0199999999809,1569.2018340265377,708.2915484611071,0.006102577215036481,0.0070053014967855895,2.99488904227906e-07
1291.0299999999809,1569.2018340265377,708.2945583929433,0.006144505184001604,0.007042253344048573,3.047361632470041e-07
1291.0399999999809,1569.2018340265377,708.2975683037325,0.00618667872205778,0.007079380087768974,3.100714743761334e-07
1291.0499999999809,1569.2018340265377,708.3005781934753,0.006229098924944952,0.007116682439899041,3.1549624402633454e-07
1291.0599999999808,1569.2018340265377,708.3035880621719,0.006271766890838391,0.007154161114656432,3.210118998218721e-07
1291.0699999999808,1569.2018340265377,708.3065979098226,0.006314683721068073,0.007191816828526681,3.266198909368369e-07
1291.0799999999808,1569.2018340265377,708.3096077364272,0.00635785052003882,0.007229650300264148,3.3232168839609816e-07
1291.0899999999808,1569.2018340265377,708.3126175419864,0.006401268394717707,0.007267662250908818,3.3811878535861575e-07
1291.0999999999808,1569.2018340265377,708.3156273265002,0.00644493845508406,0.007305853403777281,3.440126974521445e-07
1291.1099999999808,1569.2018340265377,708.318637089969,0.006488861813521885,0.007344224484469452,3.5000496305790083e-07
1291.1199999999808,1569.2018340265377,708.3216468323926,0.006533039586239837,0.007382776220872338,3.560971437075688e-07
1291.1299999999808,1569.2018340265377,708.3246565537715,0.006577472891534365,0.007421509343171175,3.6229082431619133e-07
1291.1399999999808,1569.2018340265377,708.3276662541061,0.006622162850556315,0.007460424583846032,3.68587613551315e-07
1291.1499999999808,1569.2018340265377,708.3306759333965,0.006667110587506066,0.007499522677674082,3.749891441774317e-07
1291.1599999999808,1569.2018340265377,708.3336855916426,0.006712317229856988,0.007538804361734844,3.8149707340736116e-07
1291.1699999999807,1569.2018340265377,708.336695228845,0.0067577839069812235,0.007578270375421359,3.881130831677133e-07
1291.1799999999807,1569.2018340265377,708.3397048450038,0.0068035117517761135,0.007617921460435119,3.948388805363864e-07
1291.1899999999807,1569.2018340265377,708.3427144401193,0.006849501899979285,0.00765775836079276,4.016761980560498e-07
1291.1999999999807,1569.2018340265377,708.3457240141914,0.006895755489953587,0.007697781822826813,4.0862679407695696e-07
1291.2099999999807,1569.2018340265377,708.3487335672206,0.006942273662681287,0.007737992595196881,4.1569245311719997e-07
1291.2199999999807,1569.2018340265377,708.3517430992073,0.006989057562400199,0.007778391428890524,4.228749862653688e-07
1291.2299999999807,1569.2018340265377,708.3547526101514,0.007036108335802213,0.007818979077219233,4.3017623150187797e-07
1291.2399999999807,1569.2018340265377,708.3577621000532,0.0070834271331122155,0.007859756295829723,4.3759805413984825e-07
1291.2499999999807,1569.2018340265377,708.3607715689128,0.007131015106612481,0.007900723842709215,4.4514234711489003e-07
1291.2599999999807,1569.2018340265377,708.3637810167307,0.007178873411453478,0.007941882478186021,4.5281103141776536e-07
1291.2699999999807,1569.2018340265377,708.366790443507,0.0072270032060471594,0.007983232964930085,4.60606056508495e-07
1291.2799999999806,1569.2018340265377,708.369799849242,0.0072754056511724055,0.00802477606796127,4.6852940065498503e-07
1291.2899999999806,1569.2018340265377,708.3728092339355,0.007324081910917406,0.008066512554648303,4.7658307139162914e-07
1291.2999999999806,1569.2018340265377,708.3758185975884,0.007373033151789739,0.008108443194724922,4.847691058683696e-07
1291.3099999999806,1569.2018340265377,708.3788279402004,0.00742226054275162,0.008150568760273067,4.9308957125892e-07
1291.3199999999806,1569.2018340265377,708.3818372617718,0.0074717652568806565,0.008192890025742135,5.015465652876966e-07
1291.3299999999806,1569.2018340265377,708.384846562303,0.007521548468499491,0.008235407767949543,5.101422164594796e-07
1291.3399999999806,1569.2018340265377,708.3878558417941,0.007571611355474359,0.008278122766080948,5.188786846365874e-07
1291.3499999999806,1569.2018340265377,708.3908651002455,0.007621955098807652,0.008321035801695478,5.277581614443805e-07
1291.3599999999806,1569.2018340265377,708.393874337657,0.007672580881353263,0.008364147658725979,5.367828706185873e-07
1291.3699999999806,1569.2018340265377,708.3968835540293,0.007723489889626018,0.008407459123492222,5.459550685729895e-07
1291.3799999999806,1569.2018340265377,708.3998927493624,0.007774683312449611,0.008450970984694729,5.552770447523379e-07
1291.3899999999805,1569.2018340265377,708.4029019236564,0.007826162341297373,0.008494684033418137,5.647511221083806e-07
1291.3999999999805,1569.2018340265377,708.4059110769117,0.007877928170892529,0.008538599063144586,5.743796576033851e-07
1291.4099999999805,1569.2018340265377,708.4089202091285,0.007929981998425826,0.008582716869745611,5.841650426175037e-07
1291.4199999999805,1569.2018340265377,708.411929320307,0.00798232502391256,0.008627038251492173,5.941097034456881e-07
1291.4299999999805,1569.2018340265377,708.4149384104475,0.008034958449879025,0.0086715640090581,6.042161017508925e-07
1291.4399999999805,1569.2018340265377,708.4179474795499,0.008087883482465263,0.008716294945515094,6.144867351282595e-07
1291.4499999999805,1569.2018340265377,708.4209565276147,0.008141101329149466,0.008761231866352907,6.249241374247403e-07
1291.4599999999805,1569.2018340265377,708.4239655546422,0.008194613201321636,0.008806375579465928,6.355308794255552e-07
1291.4699999999805,1569.2018340265377,708.4269745606325,0.008248420312814477,0.008851726895164932,6.463095692458115e-07
1291.4799999999805,1569.2018340265377,708.4299835455857,0.008302523880069619,0.008897286626176963,6.572628528492298e-07
1291.4899999999805,1569.2018340265377,708.4329925095021,0.008356925122323687,0.008943055587652144,6.683934145766025e-07
1291.4999999999804,1569.2018340265377,708.4360014523821,0.008411625261229247,0.00898903459716872,6.797039776357148e-07
1291.5099999999804,1569.2018340265377,708.4390103742259,0.008466625521924218,0.009035224474727658,6.911973047125622e-07
1291.5199999999804,1569.2018340265377,708.4420192750333,0.008521927131437202,0.009081626042759378,7.02876198376578e-07
1291.5299999999804,1569.2018340265377,708.445028154805,0.008577531320027393,0.009128240126135723,7.147435017298833e-07
1291.5399999999804,1569.2018340265377,708.4480370135409,0.008633439320536302,0.009175067552160977,7.26802098899472e-07
1291.5499999999804,1569.2018340265377,708.4510458512416,0.008689652368383205,0.009222109150585599,7.390549155911661e-07
1291.5599999999804,1569.2018340265377,708.4540546679068,0.008746171702344145,0.009269365753593523,7.515049197135847e-07
1291.5699999999804,1569.2018340265377,708.4570634635371,0.00880299856271529,0.009316838195828365,7.641551217923434e-07
1291.5799999999804,1569.2018340265377,708.4600722381327,0.008860134193337324,0.009364527314378897,7.770085757136733e-07
1291.5899999999804,1569.2018340265377,708.4630809916937,0.008917579840206271,0.009412433948783811,7.900683791865536e-07
1291.5999999999804,1569.2018340265377,708.4660897242203,0.00897533675300615,0.009460558941043938,8.033376744673956e-07
1291.6099999999803,1569.2018340265377,708.4690984357128,0.009033406183033398,0.00950890313561811,8.168196487714154e-07
1291.6199999999803,1569.2018340265377,708.4721071261715,0.009091789384721554,0.009557467379429899,8.305175350106635e-07
1291.6299999999803,1569.2018340265377,708.4751157955965,0.009150487614838667,0.009606252521863373,8.444346123312652e-07
1291.6399999999803,1569.2018340265377,708.478124443988,0.009209502133497579,0.00965525941477709,8.58574206825881e-07
1291.6499999999803,1569.2018340265377,708.4811330713462,0.009268834202576685,0.009704488912498003,8.729396920121579e-07
1291.6599999999803,1569.2018340265377,708.4841416776716,0.009328485087433025,0.009753941871833701,8.875344896263299e-07
1291.6699999999803,1569.2018340265377,708.487150262964,0.009388456055595028,0.009803619152060522,9.023620701398498e-07
1291.6799999999803,1569.2018340265377,708.4901588272239,0.009448748377580406,0.009853521614947087,9.17425953489071e-07
1291.6899999999803,1569.2018340265377,708.4931673704514,0.009509363325771835,0.00990365012473473,9.327297096193292e-07
1291.6999999999803,1569.2018340265377,708.4961758926468,0.009570302176237533,0.00995400554816115,9.482769593301245e-07
1291.7099999999803,1569.2018340265377,708.4991843938104,0.009631566206760209,0.010004588754452048,9.640713747539412e-07
1291.7199999999802,1569.2018340265377,708.5021928739421,0.009693156698737057,0.010055400615316316,9.80116680223361e-07
1291.7299999999802,1569.2018340265377,708.5052013330424,0.00975507493496659,0.010106442004969888,9.964166527435145e-07
1291.7399999999802,1569.2018340265377,708.5082097711115,0.009817322201791276,0.010157713800127323,1.0129751229025895e-06
1291.7499999999802,1569.2018340265377,708.5112181881497,0.009879899787872237,0.010209216879996711,1.0297959754536213e-06
1291.7599999999802,1569.2018340265377,708.5142265841569,0.009942808984539043,0.010260952126292171,1.0468831500665645e-06
1291.7699999999802,1569.2018340265377,708.5172349591334,0.010006051085359607,0.010312920423236727,1.0642406420064594e-06
1291.7799999999802,1569.2018340265377,708.5202433130798,0.010069627386769324,0.010365122657571,1.0818725029326326e-06
1291.7899999999802,1569.2018340265377,708.5232516459961,0.010133539187940268,0.010417559718532317,1.0997828416222026e-06
1291.7999999999802,1569.2018340265377,708.5262599578822,0.010197787790549862,0.010470232497879055,1.1179758247000603e-06
1291.8099999999802,1569.2018340265377,708.5292682487386,0.010262374498924604,0.010523141889893452,1.1364556774135948e-06
1291.8199999999802,1569.2018340265377,708.5322765185657,0.010327300619123467,0.010576288791376424,1.155226684297208e-06
1291.8299999999801,1569.2018340265377,708.5352847673635,0.010392567460661818,0.010629674101646103,1.1742931901389655e-06
1291.8399999999801,1569.2018340265377,708.5382929951322,0.01045817633592604,0.01068329872255254,1.1936596007082863e-06
1291.8499999999801,1569.2018340265377,708.541301201872,0.010524128558696048,0.01073716355846829,1.213330383381089e-06
1291.8599999999801,1569.2018340265377,708.5443093875833,0.01059042544598652,0.010791269516307135,1.2333100681569764e-06
1291.86999999998,1569.2018340265377,708.5473175522663,0.010657068317262288,0.01084561750550853,1.253603248382356e-06
1291.87999999998,1569.2018340265377,708.5503256959211,0.01072405849467973,0.01090020843804604,1.274214581605112e-06
1291.88999999998,1569.2018340265377,708.5533338185478,0.010791397302597977,0.010955043228438238,1.295148790353934e-06
1291.89999999998,1569.2018340265377,708.5563419201469,0.010859086067893773,0.011010122793745023,1.316410663018205e-06
1291.90999999998,1569.2018340265377,708.5593500007185,0.010927126120344934,0.011065448053565987,1.338005054749042e-06
1291.91999999998,1569.2018340265377,708.5623580602628,0.010995518792156026,0.011121019930049046,1.3599368882697538e-06
1291.92999999998,1569.2018340265377,708.5653660987799,0.011064265417553678,0.011176839347888766,1.382211154699397e-06
1291.93999999998,1569.2018340265377,708.5683741162704,0.01113336733332058,0.011232907234339246,1.4048329145057306e-06
1291.94999999998,1569.2018340265377,708.5713821127342,0.011202825879208577,0.011289224519195505,1.4278072984494983e-06
1291.95999999998,1569.2018340265377,708.5743900881716,0.011272642397289546,0.011345792134816913,1.4511395084162186e-06
1291.96999999998,1569.2018340265377,708.5773980425828,0.011342818232017826,0.011402611016116856,1.474834818337946e-06
1291.97999999998,1569.2018340265377,708.580405975968,0.011413354730068083,0.011459682100573593,1.4988985751022184e-06
1291.98999999998,1569.2018340265377,708.5834138883276,0.011484253240976693,0.011517006328228293,1.5233361995740552e-06
1291.99999999998,1569.2018340265377,708.5864217796616,0.01155551511632005,0.011574584641678676,1.5481531874368782e-06
1292.00999999998,1569.2018340265377,708.5894296499702,0.011627141710941827,0.011632417986098462,1.5733551103222256e-06
1292.01999999998,1569.2018340265377,708.592437499254,0.011699134380708387,0.011690507309235544,1.5989476164806958e-06
1292.02999999998,1569.2018340265377,708.5954453275127,0.011771494484904789,0.011748853561394268,1.6249364320822407e-06
1292.03999999998,1569.2018340265377,708.5984531347468,0.011844223386009343,0.011807457695464018,1.6513273621947226e-06
1292.04999999998,1569.2018340265377,708.6014609209565,0.011917322446715223,0.011866320666908134,1.6781262913741252e-06
1292.05999999998,1569.2018340265377,708.604468686142,0.011990793033716515,0.01192544343377056,1.7053391852084808e-06
1292.06999999998,1569.2018340265377,708.6074764303037,0.01206463651611935,0.01198482695667346,1.7329720911310125e-06
1292.07999999998,1569.2018340265377,708.6104841534413,0.01213885426465347,0.01204447219881472,1.7610311393480193e-06
1292.08999999998,1569.2018340265377,708.6134918555556,0.012213447653454373,0.012104380125990287,1.7895225441560398e-06
1292.09999999998,1569.2018340265377,708.6164995366466,0.01228841805748549,0.012164551706575998,1.8184526046299158e-06
1292.10999999998,1569.2018340265377,708.6195071967145,0.012363766855812423,0.012224987911531735,1.8478277061817117e-06
1292.1199999999799,1569.2018340265377,708.6225148357594,0.012439495428904244,0.012285689714412393,1.877654321261704e-06
1292.1299999999799,1569.2018340265377,708.6255224537816,0.012515605159320084,0.01234665809136777,1.9079390105609694e-06
1292.1399999999799,1569.2018340265377,708.6285300507817,0.012592097432750624,0.012407894021144443,1.938688424288115e-06
1292.1499999999799,1569.2018340265377,708.6315376267594,0.012668973636795564,0.012469398485071441,1.969909303111352e-06
1292.1599999999798,1569.2018340265377,708.634545181715,0.012746235161283473,0.012531172467087497,2.0016084793577083e-06
1292.1699999999798,1569.2018340265377,708.6375527156489,0.012823883398909091,0.012593216953731504,2.0337928782673834e-06
1292.1799999999798,1569.2018340265377,708.6405602285614,0.01290191974378031,0.012655532934144259,2.066469518936178e-06
1292.1899999999798,1569.2018340265377,708.6435677204524,0.012980345593214286,0.012718121400060706,2.0996455157801485e-06
1292.1999999999798,1569.2018340265377,708.6465751913224,0.01305916234655762,0.012780983345833077,2.1333280795549924e-06
1292.2099999999798,1569.2018340265377,708.6495826411714,0.013138371404996596,0.012844119768411228,2.1675245185273676e-06
1292.2199999999798,1569.2018340265377,708.6525900699999,0.013217974172629461,0.012907531667365798,2.2022422398826544e-06
1292.2299999999798,1569.2018340265377,708.6555974778079,0.013297972055004607,0.012971220044866063,2.23748875071581e-06
1292.2399999999798,1569.2018340265377,708.6586048645955,0.013378366460859076,0.013035185905695787,2.273271659578547e-06
1292.2499999999798,1569.2018340265377,708.6616122303632,0.013459158801108645,0.013099430257257398,2.309598677582796e-06
1292.2599999999798,1569.2018340265377,708.6646195751111,0.013540350488156631,0.013163954109568752,2.3464776195613234e-06
1292.2699999999797,1569.2018340265377,708.6676268988396,0.013621942937310864,0.013228758475259823,2.38391640560473e-06
1292.2799999999797,1569.2018340265377,708.6706342015485,0.013703937565451515,0.013293844369579031,2.421923062145323e-06
1292.2899999999797,1569.2018340265377,708.6736414832384,0.013786335793103593,0.013359212810399722,2.4605057236500166e-06
1292.2999999999797,1569.2018340265377,708.6766487439094,0.013869139041012236,0.013424864818214291,2.499672633354849e-06
1292.3099999999797,1569.2018340265377,708.6796559835617,0.01395234873364947,0.013490801416138084,2.539432145243726e-06
1292.3199999999797,1569.2018340265377,708.6826632021955,0.014035966297320788,0.013557023629908306,2.5797927250854555e-06
1292.3299999999797,1569.2018340265377,708.6856703998111,0.014119993160122205,0.013623532487892854,2.620762951813423e-06
1292.3399999999797,1569.2018340265377,708.6886775764087,0.014204430752423758,0.013690329021084321,2.6623515190135713e-06
1292.3499999999797,1569.2018340265377,708.6916847319885,0.01428928050765433,0.013757414263101172,2.7045672364932015e-06
1292.3599999999797,1569.2018340265377,708.6946918665507,0.014374543859841845,0.013824789250194097,2.7474190312565433e-06
1292.3699999999797,1569.2018340265377,708.6976989800954,0.01446022224713064,0.013892455021244846,2.79091594961985e-06
1292.3799999999796,1569.2018340265377,708.7007060726232,0.014546317107441718,0.01396041261777252,2.8350671578540544e-06
1292.3899999999796,1569.2018340265377,708.703713144134,0.014632829882513123,0.014028663083916926,2.879881944434778e-06
1292.3999999999796,1569.2018340265377,708.706720194628,0.014719762016321022,0.014097207466462675,2.9253697212548546e-06
1292.4099999999796,1569.2018340265377,708.7097272241056,0.014807114954157135,0.014166046814827641,2.9715400249531308e-06
1292.4199999999796,1569.2018340265377,708.7127342325668,0.014894890143316204,0.014235182181066647,3.0184025185818983e-06
1292.4299999999796,1569.2018340265377,708.7157412200122,0.014983089034006815,0.014304614619875108,3.0659669933452582e-06
1292.4399999999796,1569.2018340265377,708.7187481864416,0.01507171307791481,0.014374345188579565,3.114243369875154e-06
1292.4499999999796,1569.2018340265377,708.7217551318554,0.015160763729119819,0.01444437494715195,3.163241700008867e-06
1292.4599999999796,1569.2018340265377,708.724762056254,0.0152502424434648,0.014514704958213151,3.2129721682650106e-06
1292.4699999999796,1569.2018340265377,708.7277689596374,0.015340150679155314,0.014585336287010217,3.263445093579651e-06
1292.4799999999796,1569.2018340265377,708.7307758420058,0.015430489896362237,0.014656270001441055,3.314670930874621e-06
1292.4899999999795,1569.2018340265377,708.7337827033592,0.015521261557716598,0.014727507172044714,3.366660272817682e-06
1292.4999999999795,1569.2018340265377,708.7367895436985,0.01561246712608456,0.014799048872018487,3.4194238510237564e-06
1292.5099999999795,1569.2018340265377,708.7397963630235,0.01570410806910801,0.014870896177189029,3.472972538721692e-06
1292.5199999999795,1569.2018340265377,708.7428031613342,0.01579618585454139,0.01494305016602651,3.5273173514621548e-06
1292.5299999999795,1569.2018340265377,708.7458099386312,0.015888701952568998,0.015015511919664546,3.5824694493616293e-06
1292.5399999999795,1569.2018340265377,708.7488166949147,0.015981657835139957,0.01508828252187922,3.638440138697406e-06
1292.5499999999795,1569.2018340265377,708.7518234301847,0.016075054977178274,0.015161363059084082,3.6952408739514168e-06
1292.5599999999795,1569.2018340265377,708.7548301444415,0.016168894854600865,0.015234754620352897,3.7528832591623504e-06
1292.5699999999795,1569.2018340265377,708.7578368376852,0.01626317894606004,0.015308458297403722,3.8113790501253355e-06
1292.5799999999795,1569.2018340265377,708.7608435099164,0.01635790873029319,0.01538247518461618,3.870740155611754e-06
1292.5899999999795,1569.2018340265377,708.7638501611351,0.016453085691062283,0.015456806379006949,3.9309786403655995e-06
1292.5999999999794,1569.2018340265377,708.7668567913413,0.016548711311311633,0.015531452980244187,3.992106725606452e-06
1292.6099999999794,1569.2018340265377,708.7698634005355,0.016644787077460935,0.015606416090662096,4.054136791941244e-06
1292.6199999999794,1569.2018340265377,708.7728699887178,0.016741314476943065,0.015681696815233296,4.117081380673611e-06
1292.6299999999794,1569.2018340265377,708.7758765558887,0.016838295000228803,0.015757296261594632,4.1809531962410574e-06
1292.6399999999794,1569.2018340265377,708.778883102048,0.016935730138221947,0.01583321554002487,4.245765107516509e-06
1292.6499999999794,1569.2018340265377,708.781889627196,0.017033621385395107,0.015909455763462074,4.3115301505675405e-06
1292.6599999999794,1569.2018340265377,708.7848961313333,0.017131970236179062,0.01598601804750412,4.378261529749823e-06
1292.6699999999794,1569.2018340265377,708.7879026144597,0.01723077818821075,0.01606290351038863,4.4459726205277715e-06
1292.6799999999794,1569.2018340265377,708.7909090765755,0.017330046741240352,0.016140113273022262,4.514676971261016e-06
1292.6899999999794,1569.2018340265377,708.7939155176811,0.017429777395462556,0.016217648458957665,4.584388304816984e-06
1292.6999999999794,1569.2018340265377,708.7969219377766,0.017529971653473853,0.016295510194408228,4.655120521164254e-06
1292.7099999999793,1569.2018340265377,708.7999283368623,0.017630631020514587,0.016373699608239523,4.726887699545182e-06
1292.7199999999793,1569.2018340265377,708.8029347149381,0.017731757003051015,0.016452217831963316,4.7997041002271234e-06
1292.7299999999793,1569.2018340265377,708.8059410720045,0.01783335110958989,0.016531065999761365,4.873584166882228e-06
1292.7399999999793,1569.2018340265377,708.808947408062,0.01793541484900011,0.016610245248470875,4.948542528293302e-06
1292.7499999999793,1569.2018340265377,708.8119537231103,0.018037949734061493,0.01668975671756926,5.024594001511607e-06
1292.7599999999793,1569.2018340265377,708.8149600171498,0.018140957278257413,0.01676960154920115,5.1017535932197785e-06
1292.7699999999793,1569.2018340265377,708.8179662901807,0.01824443899681792,0.016849780888160297,5.180036502247653e-06
1292.7799999999793,1569.2018340265377,708.8209725422034,0.01834839640648303,0.01693029588190456,5.259458121781784e-06
1292.7899999999793,1569.2018340265377,708.8239787732181,0.01845283102644637,0.017011147680537624,5.340034041916689e-06
1292.7999999999793,1569.2018340265377,708.8269849832246,0.018557744377014893,0.017092337436814715,5.4217800515934856e-06
1292.8099999999793,1569.2018340265377,708.8299911722236,0.018663137980825462,0.017173866306157776,5.504712141301505e-06
1292.8199999999792,1569.2018340265377,708.8329973402152,0.01876901336109937,0.017255735446639966,5.588846504924024e-06
1292.8299999999792,1569.2018340265377,708.8360034871995,0.018875372044108243,0.017337946018975963,5.674199542848863e-06
1292.8399999999792,1569.2018340265377,708.8390096131768,0.018982215556933683,0.017420499186549445,5.76078786374239e-06
1292.8499999999792,1569.2018340265377,708.8420157181472,0.019089545428443298,0.017503396115384887,5.84862828726021e-06
1292.8599999999792,1569.2018340265377,708.8450218021112,0.019197363189538817,0.01758663797417506,5.937737846611886e-06
1292.8699999999792,1569.2018340265377,708.848027865069,0.01930567037200995,0.01767022593425271,6.028133790683987e-06
1292.8799999999792,1569.2018340265377,708.8510339070203,0.01941446851028096,0.01775416116959583,6.119833587103079e-06
1292.8899999999792,1569.2018340265377,708.8540399279658,0.01952375913976586,0.01783844485684962,6.2128549242892e-06
1292.8999999999792,1569.2018340265377,708.8570459279057,0.019633543796849316,0.017923078175306823,6.307215714000661e-06
1292.9099999999792,1569.2018340265377,708.8600519068402,0.019743824021173084,0.01800806230690713,6.402934094665835e-06
1292.9199999999792,1569.2018340265377,708.8630578647693,0.019854601353061423,0.018093398436230014,6.500028433188219e-06
1292.9299999999791,1569.2018340265377,708.8660638016934,0.01996587733403376,0.0181790877505197,6.5985173277751235e-06
1292.9399999999791,1569.2018340265377,708.8690697176128,0.020077653507030564,0.01826513143966531,6.698419610676164e-06
1292.9499999999791,1569.2018340265377,708.8720756125275,0.020189931417447612,0.018351530696193507,6.799754351234639e-06
1292.9599999999791,1569.2018340265377,708.8750814864378,0.02030271261261618,0.018438286715283803,6.902540858475435e-06
1292.969999999979,1569.2018340265377,708.878087339344,0.02041599863929175,0.01852540069476458,7.0067986830145384e-06
1292.979999999979,1569.2018340265377,708.8810931712462,0.02052979104785066,0.018612873835102392,7.112547621267413e-06
1292.989999999979,1569.2018340265377,708.8840989821449,0.020644091388439163,0.018700707339417418,7.219807716973445e-06
1292.999999999979,1569.2018340265377,708.8871047720401,0.020758901214689988,0.018788902413459388,7.328599265315858e-06
1293.009999999979,1569.2018340265377,708.8901105409317,0.020874222080658037,0.01887746026561973,7.4389428147559216e-06
1293.019999999979,1569.2018340265377,708.8931162888206,0.020990055540772587,0.018966382106953963,7.550859169930065e-06
1293.029999999979,1569.2018340265377,708.8961220157065,0.021106403151985514,0.019055669151127122,7.664369395312453e-06
1293.039999999979,1569.2018340265377,708.8991277215899,0.021223266474188703,0.019145322614462845,7.77949481839893e-06
1293.049999999979,1569.2018340265377,708.9021334064709,0.02134064706597679,0.019235343715908453,7.896257031142103e-06
1293.059999999979,1569.2018340265377,708.9051390703496,0.021458546488315456,0.01932573367705762,8.01467789432831e-06
1293.069999999979,1569.2018340265377,708.9081447132265,0.021576966304662094,0.019416493722138755,8.134779540697063e-06
1293.079999999979,1569.2018340265377,708.9111503351016,0.0216959080784922,0.019507625078003476,8.256584377107341e-06
1293.089999999979,1569.2018340265377,708.9141559359751,0.02181537337519919,0.019599128974142357,8.38011508838603e-06
1293.099999999979,1569.2018340265377,708.9171615158476,0.02193536376169569,0.019691006642687168,8.505394640346915e-06
1293.109999999979,1569.2018340265377,708.9201670747188,0.022055880805523384,0.019783259318374626,8.632446282608004e-06
1293.119999999979,1569.2018340265377,708.9231726125893,0.022176926077258456,0.019875888238590125,8.76129355279263e-06
1293.129999999979,1569.2018340265377,708.9261781294591,0.02229850114669478,0.019968894643338397,8.891960278272815e-06
1293.139999999979,1569.2018340265377,708.9291836253285,0.022420607586051425,0.020062279775245398,9.024470580715109e-06
1293.149999999979,1569.2018340265377,708.9321891001978,0.022543246968430925,0.02015604487956716,9.158848878808559e-06
1293.159999999979,1569.2018340265377,708.9351945540669,0.022666420869501748,0.020250191204170584,9.295119892288944e-06
1293.169999999979,1569.2018340265377,708.9381999869364,0.022790130864061717,0.020344719999556525,9.433308643955103e-06
1293.179999999979,1569.2018340265377,708.9412053988065,0.022914378529593913,0.020439632518836754,9.573440464520139e-06
1293.189999999979,1569.2018340265377,708.9442107896771,0.02303916544468783,0.020534930017732076,9.715540995433175e-06
1293.199999999979,1569.2018340265377,708.9472161595487,0.023164493189462478,0.020630613754592016,9.8596361925723e-06
1293.209999999979,1569.2018340265377,708.9502215084214,0.023290363343508095,0.0207266849903642,1.0005752328869527e-05
1293.2199999999789,1569.2018340265377,708.9532268362955,0.023416777489801425,0.020823144988621343,1.0153915999566926e-05
1293.2299999999789,1569.2018340265377,708.9562321431712,0.023543737211192593,0.020919995015533894,1.0304154124299821e-05
1293.2399999999789,1569.2018340265377,708.9592374290486,0.02367124409335587,0.02101723633987881,1.0456493952021265e-05
1293.2499999999789,1569.2018340265377,708.962242693928,0.02379929972029715,0.02111487023304501,1.0610963062713999e-05
1293.2599999999788,1569.2018340265377,708.9652479378097,0.023927905679257653,0.021212897969020122,1.0767589373238131e-05
1293.2699999999788,1569.2018340265377,708.968253160694,0.024057063558314214,0.021311320824392167,1.0926401140035234e-05
1293.2799999999788,1569.2018340265377,708.9712583625808,0.024186774946685457,0.02141014007834345,1.108742696304289e-05
1293.2899999999788,1569.2018340265377,708.9742635434704,0.02431704143438842,0.021509357012655838,1.125069578936593e-05
1293.2999999999788,1569.2018340265377,708.9772687033633,0.0244478646120834,0.021608972911708595,1.1416236917057545e-05
1293.3099999999788,1569.2018340265377,708.9802738422596,0.02457924607227489,0.021708989062472286,1.1584079999569641e-05
1293.3199999999788,1569.2018340265377,708.9832789601593,0.02471118741006878,0.02180940675448726,1.1754255050045384e-05
1293.3299999999788,1569.2018340265377,708.9862840570628,0.024843690217797025,0.021910227279906963,1.192679244279662e-05
1293.3399999999788,1569.2018340265377,708.9892891329703,0.024976756091290072,0.02201145193345351,1.2101722920228364e-05
1293.3499999999788,1569.2018340265377,708.9922941878821,0.025110386627091554,0.02211308201243818,1.2279077595609826e-05
1293.3599999999788,1569.2018340265377,708.9952992217982,0.02524458342369535,0.022215118816739522,1.2458887957750504e-05
1293.3699999999787,1569.2018340265377,708.998304234719,0.025379348079052618,0.02231756364882387,1.2641185873939404e-05
1293.3799999999787,1569.2018340265377,709.0013092266447,0.025514682192082184,0.02242041781373125,1.282600359483118e-05
1293.3899999999787,1569.2018340265377,709.0043141975756,0.025650587364405904,0.022523682619064747,1.3013373759532043e-05
1293.3999999999787,1569.2018340265377,709.0073191475117,0.02578706519656031,0.02262735937499553,1.3203329397965405e-05
1293.4099999999787,1569.2018340265377,709.0103240764532,0.025924117291448567,0.02273144939426393,1.3395903936910319e-05
1293.4199999999787,1569.2018340265377,709.0133289844007,0.02606174525194276,0.02283595399218072,1.3591131203129518e-05
1293.4299999999787,1569.2018340265377,709.0163338713542,0.026199950682467783,0.02294087448660435,1.3789045428538675e-05
1293.4399999999787,1569.2018340265377,709.0193387373137,0.026338735188522037,0.0230462121979458,1.398968125440029e-05
1293.4499999999787,1569.2018340265377,709.0223435822796,0.026478100375834007,0.023151968449185635,1.4193073735367583e-05
1293.4599999999787,1569.2018340265377,709.0253484062523,0.026618047850682124,0.023258144565846926,1.4399258344123231e-05
1293.4699999999787,1569.2018340265377,709.0283532092318,0.026758579221829566,0.023364741875996256,1.4608270976986297e-05
1293.4799999999786,1569.2018340265377,709.0313579912183,0.026899696097898898,0.023471761710248406,1.4820147957114004e-05
1293.4899999999786,1569.2018340265377,709.0343627522122,0.027041400087534515,0.023579205401763368,1.5034926039210502e-05
1293.4999999999786,1569.2018340265377,709.0373674922135,0.027183692801330435,0.023687074286226763,1.5252642415254157e-05
1293.5099999999786,1569.2018340265377,709.0403722112228,0.027326575850020164,0.02379536970187914,1.547333471827508e-05
1293.5199999999786,1569.2018340265377,709.0433769092398,0.027470050846282654,0.02390409298946363,1.5697041028084436e-05
1293.5299999999786,1569.2018340265377,709.046381586265,0.027614119401908957,0.024013245492279785,1.592379987456799e-05
1293.5399999999786,1569.2018340265377,709.0493862422987,0.027758783129930575,0.02412282855613518,1.6153650243692132e-05
1293.5499999999786,1569.2018340265377,709.052390877341,0.027904043644966035,0.02423284352936225,1.6386631582662094e-05
1293.5599999999786,1569.2018340265377,709.0553954913921,0.028049902562023134,0.024343291762806606,1.662278380418638e-05
1293.5699999999786,1569.2018340265377,709.0584000844522,0.028196361496641734,0.024454174609831653,1.6862147291574085e-05
1293.5799999999786,1569.2018340265377,709.0614046565217,0.028343422064388047,0.024565493426323522,1.7104762903494502e-05
1293.5899999999785,1569.2018340265377,709.0644092076008,0.0284910858825175,0.024677249570649446,1.7350671980024198e-05
1293.5999999999785,1569.2018340265377,709.0674137376892,0.028639354568612878,0.024789444403683265,1.7599916347031304e-05
1293.6099999999785,1569.2018340265377,709.0704182467878,0.028788229741601768,0.02490207928882316,1.78525383220307e-05
1293.6199999999785,1569.2018340265377,709.0734227348966,0.028937713018969257,0.025015155591940973,1.8108580717644894e-05
1293.6299999999785,1569.2018340265377,709.0764272020158,0.029087806019657082,0.025128674681403843,1.836808684871285e-05
1293.6399999999785,1569.2018340265377,709.0794316481455,0.029238510366024397,0.025242637928057247,1.8631100538894797e-05
1293.6499999999785,1569.2018340265377,709.0824360732859,0.029389827677353042,0.025357046705238334,1.889766612200374e-05
1293.6599999999785,1569.2018340265377,709.0854404774376,0.02954175957470853,0.025471902388780564,1.916782845051914e-05
1293.6699999999785,1569.2018340265377,709.0884448606005,0.029694307680065278,0.02558720635695752,1.9441632900474202e-05
1293.6799999999785,1569.2018340265377,709.0914492227747,0.029847473616302585,0.025702959990530787,1.971912537709534e-05
1293.6899999999785,1569.2018340265377,709.0944535639607,0.030001259005219882,0.02581916467273272,2.0000352319077373e-05
1293.6999999999784,1569.2018340265377,709.0974578841585,0.030155665470908383,0.025935821789253556,2.028536070644884e-05
1293.7099999999784,1569.2018340265377,709.1004621833687,0.03031069463634102,0.02605293272824582,2.0574198064035672e-05
1293.7199999999784,1569.2018340265377,709.1034664615911,0.03046634812749358,0.026170498880302095,2.0866912469970916e-05
1293.7299999999784,1569.2018340265377,709.106470718826,0.030622627567187095,0.02628852163847281,2.1163552557369404e-05
1293.7399999999784,1569.2018340265377,709.1094749550739,0.03077953458140785,0.026407002398261936,2.1464167524495615e-05
1293.7499999999784,1569.2018340265377,709.1124791703346,0.030937070796578398,0.02652594255759099,2.1768807138803072e-05
1293.7599999999784,1569.2018340265377,709.1154833646086,0.031095237838261135,0.02664534351683922,2.2077521742067646e-05
1293.7699999999784,1569.2018340265377,709.1184875378962,0.031254037332409126,0.02676520667880775,2.2390362257228708e-05
1293.7799999999784,1569.2018340265377,709.1214916901973,0.03141347090609059,0.026885533448718992,2.2707380195009967e-05
1293.7899999999784,1569.2018340265377,709.1244958215125,0.03157354018675524,0.027006325234225824,2.3028627659578785e-05
1293.7999999999784,1569.2018340265377,709.1274999318415,0.03173424680238012,0.027127583445379192,2.335415735481123e-05
1293.8099999999783,1569.2018340265377,709.130504021185,0.03189559238054388,0.02724930949466901,2.368402258994942e-05
1293.8199999999783,1569.2018340265377,709.1335080895432,0.0320575785483791,0.027371504796982794,2.4018277285797845e-05
1293.8299999999783,1569.2018340265377,709.1365121369159,0.032220206936145926,0.027494170769586587,2.4356975983748936e-05
1293.8399999999783,1569.2018340265377,709.1395161633038,0.03238347917137827,0.027617308832175242,2.470017384794426e-05
1293.8499999999783,1569.2018340265377,709.1425201687068,0.03254739688414544,0.027740920406812104,2.5047926675617073e-05
1293.8599999999783,1569.2018340265377,709.1455241531253,0.03271196170306484,0.02786500691796072,2.540029090069032e-05
1293.8699999999783,1569.2018340265377,709.1485281165595,0.0328771752575653,0.027989569792465797,2.5757323602077637e-05
1293.8799999999783,1569.2018340265377,709.1515320590095,0.03304303917862994,0.02811461045952924,2.611908251092635e-05
1293.8899999999783,1569.2018340265377,709.1545359804755,0.03320955509515225,0.02824013035074685,2.6485626014566582e-05
1293.8999999999783,1569.2018340265377,709.157539880958,0.033376724637365046,0.028366130900070435,2.6857013165921753e-05
1293.9099999999783,1569.2018340265377,709.160543760457,0.03354454943605422,0.02849261354381136,2.723330368978043e-05
1293.9199999999782,1569.2018340265377,709.1635476189726,0.033713031121982984,0.02861957972062581,2.7614557989235492e-05
1293.9299999999782,1569.2018340265377,709.1665514565052,0.03388217132446926,0.028747030871532978,2.8000837151524547e-05
1293.9399999999782,1569.2018340265377,709.1695552730553,0.03405197167550869,0.02887496843990486,2.8392202958441213e-05
1293.9499999999782,1569.2018340265377,709.1725590686226,0.03422243380544557,0.029003393871417208,2.8788717889804873e-05
1293.9599999999782,1569.2018340265377,709.1755628432074,0.034393559346880924,0.02913230861409673,2.9190445133981534e-05
1293.9699999999782,1569.2018340265377,709.1785665968101,0.03456534992872034,0.029261714118300974,2.9597448590071422e-05
1293.9799999999782,1569.2018340265377,709.181570329431,0.03473780718249724,0.029391611836707777,3.0009792880514594e-05
1293.9899999999782,1569.2018340265377,709.1845740410703,0.03491093273959123,0.02952200322430429,3.0427543356112784e-05
1293.9999999999782,1569.2018340265377,709.1875777317279,0.03508472823201936,0.029652889738371182,3.085076610412191e-05
1294.0099999999782,1569.2018340265377,709.1905814014042,0.03525919528997862,0.02978427283851602,3.1279527953667936e-05
1294.0199999999782,1569.2018340265377,709.1935850500996,0.035434335543840095,0.029916153986637814,3.171389648495747e-05
1294.0299999999781,1569.2018340265377,709.1965886778142,0.035610150626204276,0.030048534646915752,3.2153940038752516e-05
1294.0399999999781,1569.2018340265377,709.199592284548,0.03578664216778523,0.030181416285802773,3.259972772040057e-05
1294.0499999999781,1569.2018340265377,709.2025958703015,0.035963811800047485,0.03031480037206471,3.3051329410041236e-05
1294.0599999999781,1569.2018340265377,709.2055994350749,0.03614166115294001,0.030448688376713773,3.35088157682362e-05
1294.069999999978,1569.2018340265377,709.2086029788684,0.03632019185734483,0.03058308177303215,3.397225824616052e-05
1294.079999999978,1569.2018340265377,709.211606501682,0.03649940554485238,0.030717982036550517,3.44417290933643e-05
1294.089999999978,1569.2018340265377,709.214610003516,0.036679303845258346,0.030853390645061842,3.4917301363503344e-05
1294.099999999978,1569.2018340265377,709.217613484371,0.03685988838925521,0.030989309078625214,3.5399048924984206e-05
1294.109999999978,1569.2018340265377,709.2206169442468,0.03704116080716088,0.03112573881949786,3.588704646781218e-05
1294.119999999978,1569.2018340265377,709.2236203831437,0.037223122728686234,0.031262681352194885,3.638136951175209e-05
1294.129999999978,1569.2018340265377,709.226623801062,0.037405775785240805,0.031400138163452045,3.688209441683262e-05
1294.139999999978,1569.2018340265377,709.2296271980019,0.03758912160398836,0.03153811074222387,3.7389298385917236e-05
1294.149999999978,1569.2018340265377,709.2326305739638,0.03777316181610738,0.03167660057968235,3.790305948129387e-05
1294.159999999978,1569.2018340265377,709.2356339289474,0.037957898050819894,0.031815609169183585,3.8423456627289245e-05
1294.169999999978,1569.2018340265377,709.2386372629534,0.03814333193643886,0.03195513800630806,3.89505696199864e-05
1294.179999999978,1569.2018340265377,709.2416405759819,0.038329465101615064,0.03209518858882233,3.948447913709051e-05
1294.189999999978,1569.2018340265377,709.2446438680331,0.038516299174490586,0.03223576241666123,4.002526674580845e-05
1294.199999999978,1569.2018340265377,709.2476471391071,0.03870383578353089,0.03237686099194702,4.057301491260975e-05
1294.209999999978,1569.2018340265377,709.2506503892043,0.03889207655619646,0.03251848581897725,4.112780701074963e-05
1294.219999999978,1569.2018340265377,709.253653618325,0.03908102311916743,0.0326606384042066,4.168972732943685e-05
1294.229999999978,1569.2018340265377,709.2566568264691,0.03927067710004617,0.03280332025623957,4.225886108470781e-05
1294.239999999978,1569.2018340265377,709.2596600136369,0.03946104012605103,0.032946532885828474,4.28352944272223e-05
1294.249999999978,1569.2018340265377,709.2626631798288,0.039652113822452616,0.03309027780588218,4.341911444981223e-05
1294.259999999978,1569.2018340265377,709.265666325045,0.039843899814054555,0.03323455653143176,4.401040919827088e-05
1294.269999999978,1569.2018340265377,709.2686694492857,0.040036399726793785,0.033379370579628136,4.460926768252078e-05
1294.279999999978,1569.2018340265377,709.2716725525509,0.04022961518658437,0.03352472146973969,4.52157798848578e-05
1294.289999999978,1569.2018340265377,709.274675634841,0.040423547815715416,0.033670610723155935,4.583003676545429e-05
1294.299999999978,1569.2018340265377,709.2776786961563,0.04061819923911745,0.033817039863368724,4.6452130278956394e-05
1294.309999999978,1569.2018340265377,709.280681736497,0.04081357107916013,0.033964010415953094,4.708215337830152e-05
1294.3199999999779,1569.2018340265377,709.283684755863,0.04100966496042599,0.03411152390856522,4.7720200029963124e-05
1294.3299999999779,1569.2018340265377,709.2866877542548,0.04120648250304172,0.034259581870962,4.836636521619739e-05
1294.3399999999779,1569.2018340265377,709.2896907316726,0.04140402532953789,0.03440818583495992,4.902074495281707e-05
1294.3499999999779,1569.2018340265377,709.2926936881169,0.041602295060012395,0.03455733733444355,4.968343629363742e-05
1294.3599999999778,1569.2018340265377,709.2956966235873,0.041801293316487104,0.034707037905329495,5.0354537345657125e-05
1294.3699999999778,1569.2018340265377,709.2986995380843,0.042001021717122645,0.034857289085597154,5.103414727246393e-05
1294.3799999999778,1569.2018340265377,709.3017024316084,0.04220148188197625,0.03500809241528691,5.172236631142044e-05
1294.3899999999778,1569.2018340265377,709.3047053041596,0.04240267542787579,0.03515944943642895,5.241929577763884e-05
1294.3999999999778,1569.2018340265377,709.3077081557379,0.04260460397492716,0.035311361693085956,5.3125038082554726e-05
1294.4099999999778,1569.2018340265377,709.3107109863438,0.04280726913834102,0.035463830731344896,5.383969673439651e-05
1294.4199999999778,1569.2018340265377,709.3137137959775,0.04301067253492434,0.0356168580992972,5.456337635678241e-05
1294.4299999999778,1569.2018340265377,709.3167165846393,0.043214815780767794,0.035770445347024185,5.529618269657707e-05
1294.4399999999778,1569.2018340265377,709.319719352329,0.043419700490724196,0.035924594026576794,5.603822263397957e-05
1294.4499999999778,1569.2018340265377,709.3227220990472,0.04362532827695211,0.03607930569201341,5.678960419163054e-05
1294.4599999999778,1569.2018340265377,709.3257248247941,0.04383170075536709,0.03623458189935629,5.7550436553842944e-05
1294.4699999999777,1569.2018340265377,709.3287275295697,0.044038819535785145,0.036390424206570904,5.832083006483026e-05
1294.4799999999777,1569.2018340265377,709.3317302133744,0.04424668623175332,0.0365468341735862,5.910089625278448e-05
1294.4899999999777,1569.2018340265377,709.3347328762085,0.04445530245308571,0.036703813362286064,5.9890747831328815e-05
1294.4999999999777,1569.2018340265377,709.337735518072,0.044664669809931196,0.03686136333646445,6.069049871609999e-05
1294.5099999999777,1569.2018340265377,709.3407381389653,0.0448747899110549,0.03701948566185798,6.150026403402649e-05
1294.5199999999777,1569.2018340265377,709.3437407388884,0.045085664365054075,0.03717818190610099,6.232016013638375e-05
1294.5299999999777,1569.2018340265377,709.3467433178417,0.04529729477862881,0.03733745363875815,6.315030460818062e-05
1294.5399999999777,1569.2018340265377,709.3497458758255,0.04550968275749809,0.03749730243127939,6.399081628097893e-05
1294.5499999999777,1569.2018340265377,709.3527484128398,0.04572282990693648,0.037657729856990216,6.48418152454517e-05
1294.5599999999777,1569.2018340265377,709.355750928885,0.0459367378322222,0.037818737491118685,6.570342286407669e-05
1294.5699999999777,1569.2018340265377,709.358753423961,0.04615140813663413,0.037980326910737515,6.65757617801341e-05
1294.5799999999776,1569.2018340265377,709.3617558980685,0.046366842419934266,0.03814249969480312,6.7458955927695e-05
1294.5899999999776,1569.2018340265377,709.3647583512076,0.04658304228557593,0.0383052574241094,6.835313055410114e-05
1294.5999999999776,1569.2018340265377,709.3677607833781,0.04680000933424961,0.038468601681271794,6.925841222296597e-05
1294.6099999999776,1569.2018340265377,709.3707631945806,0.04701774516299999,0.03863253405076672,7.017492882530715e-05
1294.6199999999776,1569.2018340265377,709.3737655848154,0.04723625137056725,0.038797056118885044,7.110280959977258e-05
1294.6299999999776,1569.2018340265377,709.3767679540823,0.04745552955381301,0.038962169473703324,7.204218513989839e-05
1294.6399999999776,1569.2018340265377,709.379770302382,0.047675581308719635,0.039127875705136025,7.29931874084956e-05
1294.6499999999776,1569.2018340265377,709.3827726297143,0.04789640822986025,0.03929417640485082,7.395594974935031e-05
1294.6599999999776,1569.2018340265377,709.3857749360798,0.04811801190935074,0.03946107316633338,7.493060689873155e-05
1294.6699999999776,1569.2018340265377,709.3887772214784,0.04834039393990086,0.03962856758480854,7.591729500282014e-05
1294.6799999999776,1569.2018340265377,709.3917794859104,0.04856355591326567,0.03979666125726729,7.691615162859365e-05
1294.6899999999775,1569.2018340265377,709.3947817293762,0.048787499418175,0.03996535578246965,7.792731577377304e-05
1294.6999999999775,1569.2018340265377,709.3977839518759,0.04901222604418174,0.040134652760902556,7.895092788606572e-05
1294.7099999999775,1569.2018340265377,709.4007861534097,0.0492377373769264,0.040304553794775475,7.998712986902587e-05
1294.7199999999775,1569.2018340265377,709.4037883339779,0.04946403500421566,0.040475060488022956,8.103606510537759e-05
1294.7299999999775,1569.2018340265377,709.4067904935804,0.049691120509084655,0.04064617444627465,8.209787845931307e-05
1294.7399999999775,1569.2018340265377,709.409792632218,0.04991899547511706,0.04081789727690299,8.3172716299057e-05
1294.7499999999775,1569.2018340265377,709.4127947498904,0.05014766148397743,0.040990230588902235,8.426072650621682e-05
1294.7599999999775,1569.2018340265377,709.415796846598,0.05037712011652029,0.04116317599298821,8.536205849198647e-05
1294.7699999999775,1569.2018340265377,709.4187989223411,0.05060737295303063,0.04133673510152884,8.647686321138489e-05
1294.7799999999775,1569.2018340265377,709.4218009771198,0.05083842156967618,0.04151090952853966,8.760529317135996e-05
1294.7899999999775,1569.2018340265377,709.4248030109345,0.05107026754255302,0.04168570088969941,8.874750245197621e-05
1294.7999999999774,1569.2018340265377,709.4278050237851,0.05130291244792457,0.04186111080228596,8.990364672105819e-05
1294.8099999999774,1569.2018340265377,709.430807015672,0.051536357858703224,0.04203714088522483,9.107388324280419e-05
1294.8199999999774,1569.2018340265377,709.4338089865956,0.05177060534549419,0.04221379275905834,9.225837089399773e-05
1294.8299999999774,1569.2018340265377,709.436810936556,0.05200565648011391,0.04239106804590078,9.345727018480351e-05
1294.8399999999774,1569.2018340265377,709.4398128655532,0.05224151283204437,0.04256896836946735,9.467074326751287e-05
1294.8499999999774,1569.2018340265377,709.4428147735875,0.052478175967023845,0.04274749535504253,9.589895394872634e-05
1294.8599999999774,1569.2018340265377,709.4458166606595,0.052715647451437496,0.042926650629502495,9.714206771244654e-05
1294.8699999999774,1569.2018340265377,709.448818526769,0.05295392884867686,0.04310643582123593,9.8400251728311e-05
1294.8799999999774,1569.2018340265377,709.4518203719163,0.05319302172248986,0.04328685256020013,9.967367487331009e-05
1294.8899999999774,1569.2018340265377,709.4548221961015,0.053432927634451406,0.04346790247786884,0.00010096250774233873
1294.8999999999774,1569.2018340265377,709.4578239993253,0.05367364814196026,0.043649587207261274,0.00010226692266000181
1294.9099999999773,1569.2018340265377,709.4608257815875,0.053915184803566586,0.04383190838285495,0.00010358709370589016
1294.9199999999773,1569.2018340265377,709.4638275428883,0.05415753917556603,0.04401486764066324,0.00010492319672433093
1294.9299999999773,1569.2018340265377,709.4668292832281,0.0544007128111374,0.0441984666181614,0.00010627540933819375
1294.9399999999773,1569.2018340265377,709.4698310026072,0.05464470726485831,0.04438270695431612,0.00010764391097381177
1294.9499999999773,1569.2018340265377,709.4728327010257,0.05488952408502219,0.04456759028953184,0.00010902888286183881
1294.9599999999773,1569.2018340265377,709.4758343784836,0.05513516482242064,0.04475311826564519,0.00011043050807067493
1294.9699999999773,1569.2018340265377,709.4788360349813,0.05538163102377597,0.044939292525969156,0.00011184897151013367
1294.9799999999773,1569.2018340265377,709.4818376705193,0.055628924234300145,0.04512611471522473,0.00011328445995261139
1294.9899999999773,1569.2018340265377,709.4848392850975,0.055877045997365635,0.045313586479514036,0.00011473716204890085
1294.9999999999773,1569.2018340265377,709.487840878716,0.056125997855673314,0.04550170946636474,0.00011620726834755505
1295.0099999999773,1569.2018340265377,709.4908424513752,0.05637578134832168,0.045690485324674866,0.00011769497130544124
1295.0199999999772,1569.2018340265377,709.4938440030755,0.05662639801338652,0.04587991570474322,0.00011920046531014955
1295.0299999999772,1569.2018340265377,709.496845533817,0.056877849387322155,0.046070002258192286,0.00012072394669549693
1295.0399999999772,1569.2018340265377,709.4998470435996,0.057130137004685895,0.04626074663799119,0.00012226561375829862
1295.0499999999772,1569.2018340265377,709.5028485324239,0.057383262396603726,0.046452150498471866,0.0001238256667724944
1295.0599999999772,1569.2018340265377,709.50585000029,0.05763722709370863,0.04664421549528038,0.00012540430801262915
1295.0699999999772,1569.2018340265377,709.5088514471983,0.05789203262464477,0.046836943285356446,0.00012700174176819102
1295.0799999999772,1569.2018340265377,709.5118528731485,0.058147680515775166,0.047030335526927626,0.00012861817436065907
1295.0899999999772,1569.2018340265377,709.5148542781412,0.058404172291705664,0.047224393879525706,0.0001302538141625933
1295.0999999999772,1569.2018340265377,709.5178556621769,0.05866150947383891,0.047419120003966315,0.0001319088716122852
1295.1099999999772,1569.2018340265377,709.5208570252553,0.058919693581772827,0.04761451556226942,0.00013358355923449476
1295.1199999999772,1569.2018340265377,709.5238583673768,0.05917872613604481,0.047810582217734376,0.0001352780916654048
1295.1299999999771,1569.2018340265377,709.5268596885415,0.0594386086499561,0.048007321634882645,0.00013699268565212053
1295.1399999999771,1569.2018340265377,709.5298609887499,0.05969934263800739,0.04820473547945127,0.00013872756009025708
1295.1499999999771,1569.2018340265377,709.5328622680022,0.05996092961191608,0.04840282541839504,0.00014048293603357472
1295.1599999999771,1569.2018340265377,709.5358635262983,0.06022337108280628,0.0486015931198123,0.00014225903671743402
1295.169999999977,1569.2018340265377,709.5388647636386,0.06048666855592351,0.04880104025302185,0.00014405608756570926
1295.179999999977,1569.2018340265377,709.5418659800234,0.06075082353796753,0.049001168488496456,0.00014587431622669267
1295.189999999977,1569.2018340265377,709.544867175453,0.06101583752881613,0.04920197949784153,0.0001477139525724606
1295.199999999977,1569.2018340265377,709.5478683499273,0.06128171203410794,0.04940347495379652,0.00014957522874844555
1295.209999999977,1569.2018340265377,709.5508695034466,0.061548448548241076,0.049605656530228144,0.0001514583791518007
1295.219999999977,1569.2018340265377,709.5538706360114,0.061816048567980175,0.049808525902124826,0.00015336364048381028
1295.229999999977,1569.2018340265377,709.5568717476217,0.0620845135865064,0.050012084745536124,0.0001552912517548215
1295.239999999977,1569.2018340265377,709.5598728382777,0.062353845098445604,0.05021633473760483,0.00015724145431684434
1295.249999999977,1569.2018340265377,709.5628739079796,0.06262404459013383,0.05042127755653741,0.00015921449185900377
1295.259999999977,1569.2018340265377,709.5658749567278,0.06289511354768856,0.05062691488160526,0.000161210610447758
1295.269999999977,1569.2018340265377,709.5688759845224,0.06316705345738637,0.050833248393076014,0.0001632300585479319
1295.279999999977,1569.2018340265377,709.5718769913636,0.06343986580086305,0.05104027977227675,0.00016527308703129416
1295.289999999977,1569.2018340265377,709.5748779772515,0.06371355205733623,0.05124801070150165,0.0001673399492021235
1295.299999999977,1569.2018340265377,709.5778789421868,0.06398811370227457,0.051456442864099325,0.00016943090081494725
1295.309999999977,1569.2018340265377,709.5808798861692,0.06426355221154442,0.05166557794432468,0.0001715462001053432
1295.319999999977,1569.2018340265377,709.5838808091991,0.06453986905755492,0.05187541762742607,0.00017368610780142056
1295.329999999977,1569.2018340265377,709.5868817112766,0.06481706570861187,0.05208596359960744,0.0001758508871428427
1295.339999999977,1569.2018340265377,709.5898825924023,0.06509514363172604,0.052297217548005516,0.0001780408039094494
1295.349999999977,1569.2018340265377,709.5928834525761,0.06537410429269455,0.052509181160650724,0.0001802561264427635
1295.359999999977,1569.2018340265377,709.5958842917981,0.06565394915372828,0.05272185612649212,0.00018249712566127132
1295.369999999977,1569.2018340265377,709.5988851100687,0.06593467967185586,0.05293524413536641,0.00018476407507733264
1295.379999999977,1569.2018340265377,709.6018859073884,0.06621629730505271,0.05314934687799923,0.0001870572508360633
1295.389999999977,1569.2018340265377,709.6048866837571,0.06649880350703294,0.05336416604594911,0.00018937693172251394
1295.399999999977,1569.2018340265377,709.6078874391748,0.06678219972916113,0.053579703331600365,0.00019172339918906395
1295.409999999977,1569.2018340265377,709.6108881736421,0.06706648741980656,0.053795960428221,0.00019409693737629566
1295.4199999999769,1569.2018340265377,709.6138888871591,0.06735166802427595,0.05401293902983309,0.0001964978331342818
1295.4299999999769,1569.2018340265377,709.6168895797261,0.06763774298715167,0.054230640831303766,0.00019892637605266306
1295.4399999999769,1569.2018340265377,709.6198902513432,0.06792471374795582,0.05444906752823099,0.00020138285846994515
1295.4499999999769,1569.2018340265377,709.6228909020106,0.06821258174509645,0.054668220817001824,0.00020386757550833325
1295.4599999999768,1569.2018340265377,709.6258915317286,0.06850134841286055,0.05488810239476882,0.00020638082508774765
1295.4699999999768,1569.2018340265377,709.6288921404974,0.06879101518373743,0.055108713959392826,0.0002089229079554903
1295.4799999999768,1569.2018340265377,709.6318927283172,0.06908158348669434,0.0553300572094516,0.00021149412770449894
1295.4899999999768,1569.2018340265377,709.6348932951882,0.06937305474754549,0.05555213384424099,0.0002140947907979158
1295.4999999999768,1569.2018340265377,709.6378938411108,0.06966543038984836,0.05577494556373378,0.0002167252065951835
1295.5099999999768,1569.2018340265377,709.640894366085,0.0699587118360393,0.05599849406857179,0.00021938568737943202
1295.5199999999768,1569.2018340265377,709.6438948701111,0.07025290050218841,0.05622278106004142,0.00022207654836489755
1295.5299999999768,1569.2018340265377,709.6468953531892,0.0705479978045275,0.0564478082400657,0.00022479810774134892
1295.5399999999768,1569.2018340265377,709.6498958153198,0.07084400515150532,0.0566735773112308,0.00022755068667345608
1295.5499999999768,1569.2018340265377,709.6528962565029,0.07114092395585293,0.05690008997665882,0.00023033460936265932
1295.5599999999768,1569.2018340265377,709.6558966767387,0.07143875562175867,0.057127347940102116,0.00023315020303159173
1295.5699999999767,1569.2018340265377,709.6588970760275,0.0717375015521365,0.05735535290587547,0.00023599779797148413
1295.5799999999767,1569.2018340265377,709.6618974543696,0.07203716314686114,0.05758410657885721,0.0002388777275614598
1295.5899999999767,1569.2018340265377,709.6648978117652,0.07233774180202632,0.057813610664445986,0.00024179032829076962
1295.5999999999767,1569.2018340265377,709.6678981482141,0.07263923891276777,0.05804386686855283,0.000244735939793368
1295.6099999999767,1569.2018340265377,709.6708984637171,0.07294165586831539,0.05827487689763671,0.00024771490485708694
1295.6199999999767,1569.2018340265377,709.6738987582743,0.07324499405580429,0.0585066424586179,0.00025072756946113337
1295.6299999999767,1569.2018340265377,709.6768990318857,0.07354925486066356,0.05873916525886953,0.0002537742828032022
1295.6399999999767,1569.2018340265377,709.6798992845515,0.07385443966515164,0.058972447006235884,0.000256855397320613
1295.6499999999767,1569.2018340265377,709.6828995162721,0.07416054984442079,0.05920648940899721,0.0002599712687022548
1295.6599999999767,1569.2018340265377,709.6858997270479,0.07446758677435816,0.05944129417588006,0.0002631222559420442
1295.6699999999767,1569.2018340265377,709.6888999168787,0.07477555182580546,0.059676863015950266,0.0002663087213443124
1295.6799999999766,1569.2018340265377,709.6919000857648,0.07508444636923267,0.059913197638702925,0.00026953103056764894
1295.6899999999766,1569.2018340265377,709.6949002337066,0.07539427176719392,0.060150299753991374,0.0002727895526240857
1295.6999999999766,1569.2018340265377,709.6979003607042,0.07570502938250764,0.06038817107202777,0.0002760846599351358
1295.7099999999766,1569.2018340265377,709.7009004667581,0.07601672057290673,0.06062681330334725,0.00027941672833934115
1295.7199999999766,1569.2018340265377,709.7039005518681,0.0763293466946058,0.06086622815878183,0.00028278613713218694
1295.7299999999766,1569.2018340265377,709.7069006160344,0.07664290909899939,0.06110641734947788,0.00028619326908156076
1295.7399999999766,1569.2018340265377,709.7099006592578,0.07695740913189884,0.06134738258688871,0.000289638510452136
1295.7499999999766,1569.2018340265377,709.712900681538,0.07727284814086142,0.06158912558268318,0.00029312225105969055
1295.7599999999766,1569.2018340265377,709.7159006828753,0.07758922746817994,0.06183164804877343,0.0002966448842731878
1295.7699999999766,1569.2018340265377,709.7189006632699,0.07790654845016948,0.06207495169733357,0.00030020680703997876
1295.7799999999766,1569.2018340265377,709.7219006227222,0.07822481242112071,0.06231903824072691,0.0003038084199282883
1295.7899999999765,1569.2018340265377,709.7249005612324,0.07854402071295365,0.06256390939151513,0.0003074501271545409
1295.7999999999765,1569.2018340265377,709.7279004788005,0.07886417465336107,0.06280956686239382,0.00031113233660412564
1295.8099999999765,1569.2018340265377,709.7309003754268,0.07918527556501725,0.06305601236624832,0.00031485545985740753
1295.8199999999765,1569.2018340265377,709.7339002511118,0.07950732477114171,0.06330324761610805,0.00031861991224024376
1295.8299999999765,1569.2018340265377,709.7369001058553,0.07983032358542448,0.06355127432507128,0.0003224261128122439
1295.8399999999765,1569.2018340265377,709.7398999396578,0.08015427332509799,0.06380009420638087,0.0003262744844490402
1295.8499999999765,1569.2018340265377,709.7428997525193,0.08047917529776029,0.06404970897332089,0.00033016545381773274
1295.8599999999765,1569.2018340265377,709.7458995444402,0.08080503080774168,0.06430012033927339,0.0003340994514324178
1295.8699999999765,1569.2018340265377,709.7488993154209,0.08113184116064001,0.06455133001764322,0.0003380769117021368
1295.8799999999765,1569.2018340265377,709.7518990654611,0.0814596076534887,0.06480333972182942,0.0003420982729200142
1295.8899999999765,1569.2018340265377,709.7548987945614,0.08178833158301074,0.06505615116529204,0.000346163977328214
1295.8999999999764,1569.2018340265377,709.757898502722,0.08211801423918531,0.06530976606143804,0.0003502744711201468
1295.9099999999764,1569.2018340265377,709.760898189943,0.08244865690938753,0.06556418612364036,0.0003544302044884261
1295.9199999999764,1569.2018340265377,709.7638978562246,0.08278026087917371,0.06581941306523795,0.00035863163165910554
1295.9299999999764,1569.2018340265377,709.7668975015671,0.08311282742762316,0.06607544859947843,0.00036287921090187087
1295.9399999999764,1569.2018340265377,709.7698971259708,0.08344635783078239,0.06633229443954691,0.0003671734045760548
1295.9499999999764,1569.2018340265377,709.7728967294358,0.08378085336243696,0.06658995229847914,0.0003715146791644143
1295.9599999999764,1569.2018340265377,709.7758963119622,0.08411631529096925,0.06684842388919014,0.00037590350529102405
1295.9699999999764,1569.2018340265377,709.7788958735505,0.08445274488052014,0.067107710924475,0.00038034035775779367
1295.9799999999764,1569.2018340265377,709.7818954142008,0.08479014339134035,0.06736781511694005,0.0003848257155769437
1295.9899999999764,1569.2018340265377,709.7848949339133,0.0851285120809481,0.06762873817899338,0.0003893600620080817
1295.9999999999764,1569.2018340265377,709.7878944326882,0.08546785220452105,0.06789048182284436,0.0003939438845922876
1296.0099999999763,1569.2018340265377,709.7908939105255,0.08580816501013062,0.0681530477604547,0.00039857767516195716
1296.0199999999763,1569.2018340265377,709.793893367426,0.08614945174149516,0.06841643770360789,0.0004032619298863826
1296.0299999999763,1569.2018340265377,709.7968928033895,0.08649171364071548,0.06868065336373012,0.0004079971493151151
1296.0399999999763,1569.2018340265377,709.7998922184162,0.08683495194626993,0.06894569645199979,0.00041278383840294425
1296.0499999999763,1569.2018340265377,709.8028916125064,0.08717916788983483,0.06921156867929781,0.00041762250652715234
1296.0599999999763,1569.2018340265377,709.8058909856604,0.08752436270063443,0.06947827175616728,0.00042251366754069455
1296.0699999999763,1569.2018340265377,709.8088903378784,0.0878705376041943,0.06974580739280363,0.00042745783979966537
1296.0799999999763,1569.2018340265377,709.8118896691605,0.0882176938215799,0.07001417729901364,0.00043245554619267387
1296.0899999999763,1569.2018340265377,709.8148889795069,0.0885658325693115,0.07028338318425645,0.0004375073141745866
1296.0999999999763,1569.2018340265377,709.8178882689181,0.08891495505939406,0.07055342675756215,0.00044261367579950795
1296.1099999999763,1569.2018340265377,709.8208875373941,0.08926506250125117,0.07082430972753166,0.00044777516776449503
1296.1199999999762,1569.2018340265377,709.8238867849351,0.0896161561014197,0.07109603380229551,0.00045299233144207814
1296.1299999999762,1569.2018340265377,709.8268860115413,0.08996823705607108,0.0713686006895447,0.00045826571287727687
1296.1399999999762,1569.2018340265377,709.829885217213,0.09032130656329843,0.07164201209646914,0.0004635958628833438
1296.1499999999762,1569.2018340265377,709.8328844019507,0.09067536581367479,0.07191626972976776,0.00046898333702910023
1296.1599999999762,1569.2018340265377,709.835883565754,0.09103041599597202,0.07219137529554452,0.0004744286957017743
1296.1699999999762,1569.2018340265377,709.8388827086234,0.09138645829388933,0.07246733049940203,0.0004799325041267351
1296.1799999999762,1569.2018340265377,709.8418818305594,0.09174349388345797,0.07274413704638971,0.00048549533238834554
1296.1899999999762,1569.2018340265377,709.8448809315619,0.09210152394180952,0.07302179664089865,0.0004911177555102311
1296.1999999999762,1569.2018340265377,709.8478800116312,0.09246054963799478,0.07330031098674565,0.0004968003534439362
1296.2099999999762,1569.2018340265377,709.8508790707675,0.09282057214043082,0.07357968178708872,0.000502543711143325
1296.2199999999762,1569.2018340265377,709.853878108971,0.0931815926060454,0.0738599107444375,0.0005083484185424207
1296.2299999999761,1569.2018340265377,709.8568771262421,0.09354361219406483,0.07414099956064304,0.0005142150706659434
1296.2399999999761,1569.2018340265377,709.8598761225808,0.09390663205885859,0.07442294993680165,0.0005201442676262754
1296.2499999999761,1569.2018340265377,709.8628750979873,0.09427065334573236,0.07470576357332923,0.0005261366146376483
1296.2599999999761,1569.2018340265377,709.8658740524621,0.09463567720055314,0.07498944216990812,0.0005321927221054834
1296.269999999976,1569.2018340265377,709.8688729860052,0.09500170476050063,0.07527398742540099,0.0005383132056109395
1296.279999999976,1569.2018340265377,709.8718718986167,0.09536873716159726,0.0755594010379259,0.0005444986859913616
1296.289999999976,1569.2018340265377,709.8748707902971,0.09573677553407842,0.07584568470478052,0.0005507497893507843
1296.299999999976,1569.2018340265377,709.8778696610465,0.09610582100278074,0.0761328401224317,0.000557067147099437
1296.309999999976,1569.2018340265377,709.8808685108652,0.09647587468835075,0.07642086898650396,0.000563451395998324
1296.319999999976,1569.2018340265377,709.8838673397531,0.09684693770901817,0.0767097729917032,0.0005699031782066803
1296.329999999976,1569.2018340265377,709.8868661477107,0.09721901117581744,0.0769995538318931,0.0005764231412935015
1296.339999999976,1569.2018340265377,709.8898649347384,0.09759209619381565,0.07729021320000735,0.000583011938281465
1296.349999999976,1569.2018340265377,709.8928637008361,0.09796619386820418,0.07758175278800551,0.0005896702277212564
1296.359999999976,1569.2018340265377,709.895862446004,0.09834130529602497,0.0778741742869058,0.0005963986736817949
1296.369999999976,1569.2018340265377,709.8988611702423,0.09871743157135746,0.07816747938672938,0.0006031979458193192
1296.379999999976,1569.2018340265377,709.9018598735516,0.09909457377960788,0.07846166977654545,0.0006100687193825431
1296.389999999976,1569.2018340265377,709.9048585559319,0.09947273300495767,0.07875674714431474,0.0006170116752949367
1296.399999999976,1569.2018340265377,709.9078572173833,0.09985191033032596,0.07905271317696715,0.0006240275001960896
1296.409999999976,1569.2018340265377,709.910855857906,0.10023210682729232,0.0793495695603795,0.000631116886418541
1296.419999999976,1569.2018340265377,709.9138544775004,0.1006133235634425,0.07964731797933088,0.0006382805320721321
1296.429999999976,1569.2018340265377,709.9168530761667,0.10099556160423018,0.07994596011745682,0.0006455191410955365
1296.439999999976,1569.2018340265377,709.919851653905,0.10137882201203027,0.08024549765724924,0.0006528334232911676
1296.449999999976,1569.2018340265377,709.9228502107155,0.10176310583724339,0.0805459322800565,0.0006602240943084719
1296.459999999976,1569.2018340265377,709.9258487465987,0.1021484141320445,0.08084726566603775,0.0006676918757721006
1296.469999999976,1569.2018340265377,709.9288472615546,0.10253474794102198,0.08114949949410562,0.0006752374952618903
1296.479999999976,1569.2018340265377,709.9318457555833,0.10292210830565676,0.08145263544196021,0.0006828616863836283
1296.489999999976,1569.2018340265377,709.9348442286852,0.10331049625931488,0.08175667518605499,0.0006905651887768195
1296.499999999976,1569.2018340265377,709.9378426808604,0.103699912832642,0.08206162040153867,0.0006983487481907883
1296.509999999976,1569.2018340265377,709.9408411121094,0.10409035904902368,0.08236747276228988,0.0007062131164967544
1296.5199999999759,1569.2018340265377,709.9438395224321,0.10448183593229135,0.08267423394080146,0.0007141590517798864
1296.5299999999759,1569.2018340265377,709.9468379118287,0.10487434449395562,0.08298190560824925,0.0007221873182960556
1296.5399999999759,1569.2018340265377,709.9498362802998,0.10526788574687274,0.08329048943448118,0.0007302986866069407
1296.5499999999759,1569.2018340265377,709.9528346278453,0.10566246069146797,0.08359998708785327,0.000738493933525025
1296.5599999999758,1569.2018340265377,709.9558329544653,0.10605807033366299,0.08391040023534611,0.0007467738422826431
1296.5699999999758,1569.2018340265377,709.9588312601604,0.10645471566461279,0.08422173054251862,0.0007551392024331016
1296.5799999999758,1569.2018340265377,709.9618295449307,0.10685239767306155,0.08453397967342478,0.0007635908099780599
1296.5899999999758,1569.2018340265377,709.9648278087762,0.10725111734631579,0.08484714929063758,0.0007721294674189485
1296.5999999999758,1569.2018340265377,709.9678260516972,0.10765087566094513,0.08516124105518891,0.0007807559837329024
1296.6099999999758,1569.2018340265377,709.9708242736941,0.10805167359437352,0.08547625662662969,0.0007894711745007364
1296.6199999999758,1569.2018340265377,709.9738224747671,0.10845351210993218,0.08579219766289826,0.000798275861840017
1296.6299999999758,1569.2018340265377,709.9768206549162,0.10885639217647676,0.08610906582034417,0.0008071708745925954
1296.6399999999758,1569.2018340265377,709.9798188141418,0.10926031475102806,0.08642686275372796,0.0008161570482421202
1296.6499999999758,1569.2018340265377,709.982816952444,0.10966528078582033,0.08674559011613678,0.0008252352250081413
1296.6599999999758,1569.2018340265377,709.9858150698232,0.11007129122683135,0.08706524955905719,0.0008344062538811137
1296.6699999999757,1569.2018340265377,709.9888131662794,0.11047834702086476,0.08738584273222931,0.0008436709907182748
1296.6799999999757,1569.2018340265377,709.9918112418128,0.11088644910181442,0.0877073712836832,0.0008530302981853961
1296.6899999999757,1569.2018340265377,709.9948092964239,0.11129559840389674,0.0880298368597878,0.0008624850459033818
1296.6999999999757,1569.2018340265377,709.9978073301128,0.11170579584929381,0.08835324110507971,0.0008720361103954992
1296.7099999999757,1569.2018340265377,710.0008053428796,0.1121170423624102,0.08867758566233672,0.0008816843752446137
1296.7199999999757,1569.2018340265377,710.0038033347246,0.11252933885840996,0.08900287217251589,0.0008914307310491446
1296.7299999999757,1569.2018340265377,710.006801305648,0.11294268624750037,0.08932910227476656,0.0009012760755023985
1296.7399999999757,1569.2018340265377,710.00979925565,0.11335708543251291,0.08965627760636778,0.0009112213134181954
1296.7499999999757,1569.2018340265377,710.0127971847311,0.11377253731511904,0.08998439980272904,0.0009212673568270195
1296.7599999999757,1569.2018340265377,710.0157950928909,0.11418904278762311,0.09031347049729023,0.0009314151249548644
1296.7699999999757,1569.2018340265377,710.0187929801301,0.11460660273777959,0.09064349132164613,0.0009416655443109684
1296.7799999999756,1569.2018340265377,710.021790846449,0.11502521804927145,0.09097446390540982,0.0009520195487362177
1296.7899999999756,1569.2018340265377,710.0247886918476,0.11544488959775515,0.09130638987617432,0.0009624780794169301
1296.7999999999756,1569.2018340265377,710.0277865163259,0.11586561825627512,0.09163927085953776,0.0009730420849774162
1296.8099999999756,1569.2018340265377,710.0307843198844,0.11628740488930069,0.0919731084790908,0.0009837125214777018
1296.8199999999756,1569.2018340265377,710.0337821025236,0.11671025035666821,0.09230790435637944,0.0009944903524931362
1296.8299999999756,1569.2018340265377,710.0367798642433,0.11713415551604424,0.0926436601108155,0.0010053765491818043
1296.8399999999756,1569.2018340265377,710.0397776050436,0.1175591212134737,0.0929803773597022,0.0010163720902525014
1296.8499999999756,1569.2018340265377,710.0427753249251,0.11798514829380509,0.09331805771827262,0.0010274779621027802
1296.8599999999756,1569.2018340265377,710.0457730238878,0.1184122375927012,0.09365670279954949,0.0010386951587956898
1296.8699999999756,1569.2018340265377,710.0487707019321,0.118840389942085,0.09399631421438302,0.0010500246821562441
1296.8799999999756,1569.2018340265377,710.051768359058,0.11926960617162218,0.09433689357140002,0.0010614675418329498
1296.8899999999755,1569.2018340265377,710.0547659952657,0.1196998870977439,0.09467844247700391,0.0010730247552495499
1296.8999999999755,1569.2018340265377,710.0577636105558,0.12013123353611617,0.09502096253536182,0.0010846973477641238
1296.9099999999755,1569.2018340265377,710.0607612049281,0.12056364629504275,0.09536445534830139,0.0010964863526577667
1296.9199999999755,1569.2018340265377,710.063758778383,0.12099712617705866,0.09570892251536203,0.0011083928111994073
1296.9299999999755,1569.2018340265377,710.0667563309207,0.121431673984418,0.09605436563375691,0.0011204177727453608
1296.9399999999755,1569.2018340265377,710.0697538625415,0.12186729049930989,0.09640078629830726,0.0011325622946057447
1296.9499999999755,1569.2018340265377,710.0727513732454,0.12230397651427474,0.0967481861014555,0.0011448274423748745
1296.9599999999755,1569.2018340265377,710.0757488630328,0.12274173280734683,0.09709656663322642,0.0011572142897517566
1296.9699999999755,1569.2018340265377,710.0787463319037,0.1231805601491201,0.09744592948118747,0.0011697239186538443
1296.9799999999755,1569.2018340265377,710.0817437798588,0.12362045931082315,0.097796276230489,0.0011823574193453967
1296.9899999999755,1569.2018340265377,710.0847412068979,0.12406143105114228,0.09814760846370518,0.0011951158903598287
1296.9999999999754,1569.2018340265377,710.0877386130213,0.12450347612786464,0.09849992776094035,0.001208000438664009
1297.0099999999754,1569.2018340265377,710.0907359982291,0.12494659528973749,0.09885323569970973,0.001221012179628795
1297.0199999999754,1569.2018340265377,710.0937333625219,0.1253907892789598,0.09920753385503286,0.0012341522371061976
1297.0299999999754,1569.2018340265377,710.0967307058996,0.1258360588337284,0.09956282379923369,0.0012474217435010841
1297.0399999999754,1569.2018340265377,710.0997280283625,0.1262824046903989,0.09991910710204693,0.0012608218398478417
1297.0499999999754,1569.2018340265377,710.1027253299108,0.12672982756882945,0.10027638533055239,0.0012743536757148209
1297.0599999999754,1569.2018340265377,710.1057226105448,0.12717832819006072,0.10063466004917465,0.0012880184094317818
1297.0699999999754,1569.2018340265377,710.1087198702646,0.12762790726591214,0.10099393281956145,0.001301817208035574
1297.0799999999754,1569.2018340265377,710.1117171090705,0.12807856550780422,0.10135420520067917,0.00131575124741454
1297.0899999999754,1569.2018340265377,710.1147143269625,0.12853030361157908,0.10171547874870446,0.001329821712203427
1297.0999999999754,1569.2018340265377,710.1177115239414,0.1289831222753285,0.10207775501709296,0.001344029796020311
1297.1099999999753,1569.2018340265377,710.1207087000068,0.12943702218408762,0.10244103555637415,0.001358376701356692
1297.1199999999753,1569.2018340265377,710.1237058551592,0.12989200402725223,0.10280532191428877,0.0013728636398157726
1297.1299999999753,1569.2018340265377,710.1267029893987,0.13034806847582472,0.10317061563572096,0.0013874918319257822
1297.1399999999753,1569.2018340265377,710.1297001027257,0.1308052161966839,0.10353691826264301,0.001402262507340414
1297.1499999999753,1569.2018340265377,710.1326971951403,0.1312634478615614,0.10390423133410288,0.0014171769049898557
1297.1599999999753,1569.2018340265377,710.1356942666426,0.1317227641210557,0.10427255638618177,0.0014322362728551783
1297.1699999999753,1569.2018340265377,710.138691317233,0.1321831656322447,0.10464189495199586,0.0014474418683190732
1297.1799999999753,1569.2018340265377,710.1416883469118,0.13264465303356596,0.10501224856168208,0.0014627949579475732
1297.1899999999753,1569.2018340265377,710.144685355679,0.13310722696676955,0.10538361874228745,0.0014782968177803576
1297.1999999999753,1569.2018340265377,710.1476823435348,0.13357088806404369,0.10575600701781088,0.0014939487332461736
1297.2099999999753,1569.2018340265377,710.1506793104796,0.13403563695009327,0.10612941490920452,0.0015097519992397412
1297.2199999999752,1569.2018340265377,710.1536762565136,0.13450147424594297,0.10650384393426122,0.0015257079202161228
1297.2299999999752,1569.2018340265377,710.1566731816371,0.13496840056186823,0.10687929560767216,0.0015418178101676918
1297.2399999999752,1569.2018340265377,710.1596700858499,0.13543641650658336,0.10725577144087091,0.0015580829927787866
1297.2499999999752,1569.2018340265377,710.1626669691525,0.13590552267854283,0.10763327294216216,0.001574504801385915
1297.2599999999752,1569.2018340265377,710.1656638315453,0.13637571967138298,0.10801180161665194,0.001591084579093216
1297.2699999999752,1569.2018340265377,710.1686606730283,0.136847008072762,0.10839135896610484,0.0016078236788109527
1297.2799999999752,1569.2018340265377,710.1716574936016,0.1373193884649703,0.10877194648904473,0.0016247234633216794
1297.2899999999752,1569.2018340265377,710.1746542932657,0.1377928614187712,0.10915356568069903,0.0016417853052616764
1297.2999999999752,1569.2018340265377,710.1776510720207,0.13826742750228352,0.10953621803294125,0.0016590105872798411
1297.3099999999752,1569.2018340265377,710.1806478298669,0.13874308727813878,0.10991990503427758,0.001676400702060823
1297.3199999999752,1569.2018340265377,710.1836445668042,0.13921984129741774,0.11030462816978952,0.0016939570523063804
1297.3299999999751,1569.2018340265377,710.1866412828332,0.13969769011234007,0.11069038892119346,0.0017116810509471487
1297.3399999999751,1569.2018340265377,710.189637977954,0.14017663426076443,0.11107718876672483,0.001729574121007889
1297.3499999999751,1569.2018340265377,710.1926346521667,0.14065667427554604,0.1114650291811095,0.001747637695776395
1297.3599999999751,1569.2018340265377,710.1956313054717,0.14113781068903367,0.11185391163562418,0.0017658732189193582
1297.369999999975,1569.2018340265377,710.1986279378689,0.14162004401964223,0.11224383759793467,0.001784282144367975
1297.379999999975,1569.2018340265377,710.2016245493589,0.14210337478188156,0.11263480853224565,0.0018028659365040545
1297.389999999975,1569.2018340265377,710.204621139942,0.1425878034812933,0.11302682589909438,0.0018216260701474877
1297.399999999975,1569.2018340265377,710.2076177096178,0.1430733306251733,0.11341989115535123,0.001840564030750731
1297.409999999975,1569.2018340265377,710.210614258387,0.14355995670276062,0.11381400575434021,0.0018596813142076002
1297.419999999975,1569.2018340265377,710.2136107862499,0.14404768220046837,0.11420917114569175,0.0018789794271000528
1297.429999999975,1569.2018340265377,710.2166072932064,0.14453650760078507,0.11460538877523863,0.0018984598867400797
1297.439999999975,1569.2018340265377,710.2196037792568,0.1450264333805236,0.11500266008515209,0.0019181242212104592
1297.449999999975,1569.2018340265377,710.2226002444013,0.14551746000344612,0.11540098651382323,0.0019379739693214657
1297.459999999975,1569.2018340265377,710.2255966886405,0.1460095879287153,0.11580036949589508,0.0019580106807808493
1297.469999999975,1569.2018340265377,710.2285931119742,0.14650281761211179,0.11620081046208161,0.001978235916263766
1297.479999999975,1569.2018340265377,710.2315895144026,0.14699714949847836,0.11660231083930614,0.0019986512473749774
1297.489999999975,1569.2018340265377,710.2345858959261,0.14749258402983034,0.11700487205064153,0.002019258256814839
1297.499999999975,1569.2018340265377,710.2375822565449,0.14798912163551511,0.11740849551520618,0.002040058538300941
1297.509999999975,1569.2018340265377,710.2405785962592,0.148486762744888,0.117813182648195,0.002061053696801447
1297.519999999975,1569.2018340265377,710.2435749150692,0.14898550777338107,0.11821893486083562,0.002082245348401379
1297.529999999975,1569.2018340265377,710.246571212975,0.14948535713588157,0.11862575356034377,0.0021036351205453016
1297.539999999975,1569.2018340265377,710.2495674899772,0.1499863112338896,0.11903364014995577,0.0021252246519190463
1297.549999999975,1569.2018340265377,710.2525637460756,0.15048837046538718,0.11944259602879148,0.0021470155926421133
1297.559999999975,1569.2018340265377,710.2555599812705,0.15099153522780884,0.11985262259191762,0.0021690096043739475
1297.569999999975,1569.2018340265377,710.2585561955623,0.15149580589572326,0.12026372123030322,0.0021912083600525542
1297.579999999975,1569.2018340265377,710.2615523889511,0.15200118285191888,0.12067589333075918,0.0022136135443971104
1297.589999999975,1569.2018340265377,710.2645485614373,0.1525076664644791,0.12108914027592489,0.002236226853638922
1297.599999999975,1569.2018340265377,710.2675447130208,0.15301525709733138,0.12150346344420676,0.002259049995731235
1297.609999999975,1569.2018340265377,710.2705408437018,0.1535239551043822,0.12191886420981173,0.002282084690324999
1297.6199999999749,1569.2018340265377,710.2735369534811,0.15403376083238957,0.12233534394274993,0.002305332668870905
1297.6299999999749,1569.2018340265377,710.2765330423582,0.154544674626944,0.12275290400860012,0.0023287956747611352
1297.6399999999749,1569.2018340265377,710.2795291103338,0.1550566968187269,0.12317154576874771,0.0023524754631934473
1297.6499999999749,1569.2018340265377,710.2825251574078,0.15556982773722075,0.12359127058015063,0.0023763738014284464
1297.6599999999748,1569.2018340265377,710.2855211835806,0.1560840676981634,0.12401207979543592,0.002400492468664165
1297.6699999999748,1569.2018340265377,710.2885171888526,0.1565994170178408,0.12443397476282254,0.002424833256311882
1297.6799999999748,1569.2018340265377,710.2915131732235,0.15711587600296698,0.12485695682602804,0.0024493979678997433
1297.6899999999748,1569.2018340265377,710.2945091366939,0.15763344494820775,0.1252810273243821,0.002474188419098152
1297.6999999999748,1569.2018340265377,710.2975050792642,0.15815212414455732,0.12570618759270197,0.002499206437905899
1297.7099999999748,1569.2018340265377,710.3005010009341,0.15867191387574062,0.12613243896121262,0.002524453864652872
1297.7199999999748,1569.2018340265377,710.3034969017042,0.15919281442248334,0.12655978275566312,0.002549932552134409
1297.7299999999748,1569.2018340265377,710.3064927815744,0.1597148260478876,0.1269882202971511,0.0025756443654322086
1297.7399999999748,1569.2018340265377,710.3094886405454,0.16023794901680466,0.12741775290223845,0.002601591182289415
1297.7499999999748,1569.2018340265377,710.3124844786171,0.16076218358312747,0.1278483818827593,0.002627774892961667
1297.7599999999748,1569.2018340265377,710.3154802957895,0.16128752999464152,0.1282801085458708,0.0026541974003586244
1297.7699999999747,1569.2018340265377,710.3184760920633,0.16181398848930567,0.1287129341941218,0.002680860620047655
1297.7799999999747,1569.2018340265377,710.3214718674385,0.16234155929889027,0.129146860125226,0.0027077664803656157
1297.7899999999747,1569.2018340265377,710.3244676219152,0.1628702426508758,0.1295818876321466,0.0027349169225167357
1297.7999999999747,1569.2018340265377,710.3274633554938,0.16340003876224377,0.13001801800308255,0.002762313900530845
1297.8099999999747,1569.2018340265377,710.3304590681743,0.1639309478406706,0.1304552525213565,0.002789959381339245
1297.8199999999747,1569.2018340265377,710.3334547599572,0.1644629700900988,0.13089359246553284,0.0028178553449362325
1297.8299999999747,1569.2018340265377,710.3364504308428,0.16499610570702913,0.1313330391091891,0.0028460037843696826
1297.8399999999747,1569.2018340265377,710.3394460808307,0.16553035487861395,0.13177359372096792,0.002874406705772336
1297.8499999999747,1569.2018340265377,710.3424417099218,0.16606571778261983,0.13221525756468083,0.002903066128426903
1297.8599999999747,1569.2018340265377,710.3454373181158,0.16660219459243844,0.1326580318990436,0.002931984084903975
1297.8699999999747,1569.2018340265377,710.3484329054135,0.16713978547578834,0.13310191797786394,0.00296116262111146
1297.8799999999746,1569.2018340265377,710.3514284718145,0.16767849059037637,0.13354691704980945,0.0029906037962705322
1297.8899999999746,1569.2018340265377,710.3544240173194,0.16821831008319613,0.1339930303585455,0.0030203096829701744
1297.8999999999746,1569.2018340265377,710.3574195419284,0.16875924409552154,0.13444025914263724,0.003050282367313767
1297.9099999999746,1569.2018340265377,710.3604150456415,0.16930129276549533,0.13488860463546853,0.003080523949026195
1297.9199999999746,1569.2018340265377,710.3634105284591,0.1698444562204497,0.13533806806531298,0.0031110365413817348
1297.9299999999746,1569.2018340265377,710.3664059903814,0.17038873457822268,0.13578865065523554,0.003141822271284619
1297.9399999999746,1569.2018340265377,710.3694014314085,0.17093412795282875,0.13624035362306197,0.0031728832794344227
1297.9499999999746,1569.2018340265377,710.3723968515409,0.17148063644363448,0.13669317818141644,0.003204221720190664
1297.9599999999746,1569.2018340265377,710.3753922507784,0.17202826015439995,0.13714712553755407,0.00323583976198161
1297.9699999999746,1569.2018340265377,710.3783876291216,0.17257699917040745,0.1376021968935016,0.0032677395869481008
1297.9799999999746,1569.2018340265377,710.3813829865705,0.17312685356920204,0.13805839344590684,0.0032999233911973295
1297.9899999999745,1569.2018340265377,710.3843783231255,0.17367782343024396,0.13851571638602456,0.003332393385050139
1297.9999999999745,1569.2018340265377,710.3873736387866,0.17422990881947084,0.13897416689972086,0.0033651517928120415
1298.0099999999745,1569.2018340265377,710.390368933554,0.17478310979188277,0.13943374616740709,0.0033982008528795414
1298.0199999999745,1569.2018340265377,710.3933642074282,0.17533742639793937,0.13989445536409695,0.003431542817928993
1298.0299999999745,1569.2018340265377,710.3963594604094,0.1758928586796643,0.14035629565921845,0.0034651799548956874
1298.0399999999745,1569.2018340265377,710.3993546924974,0.1764494066758277,0.1408192682166694,0.0034991145451417805
1298.0499999999745,1569.2018340265377,710.4023499036928,0.1770070704089575,0.14128337419487574,0.0035333488842658653
1298.0599999999745,1569.2018340265377,710.4053450939957,0.17756584989832816,0.1417486147466016,0.0035678852824119855
1298.0699999999745,1569.2018340265377,710.4083402634064,0.178125745159276,0.14221499101900711,0.0036027260643245592
1298.0799999999745,1569.2018340265377,710.411335411925,0.17868675619407903,0.14268250415358122,0.0036378735692248797
1298.0899999999745,1569.2018340265377,710.4143305395517,0.1792488829938705,0.14315115528612915,0.0036733301509091635
1298.0999999999744,1569.2018340265377,710.4173256462869,0.17981212555045523,0.14362094554683016,0.0037090981780560097
1298.1099999999744,1569.2018340265377,710.4203207321308,0.18037648384177146,0.14409187605999302,0.0037451800339806905
1298.1199999999744,1569.2018340265377,710.4233157970833,0.18094195784317083,0.1445639479441851,0.0037815781169363307
1298.1299999999744,1569.2018340265377,710.426310841145,0.18150854751286064,0.14503716231221941,0.0038182948398735985
1298.1399999999744,1569.2018340265377,710.4293058643159,0.1820762528122629,0.1455115202710166,0.003855332630921128
1298.1499999999744,1569.2018340265377,710.4323008665964,0.18264507368636476,0.14598702292166305,0.0038926939330403048
1298.1599999999744,1569.2018340265377,710.4352958479864,0.183215010076723,0.1464636713592715,0.003930381204353789
1298.1699999999744,1569.2018340265377,710.4382908084863,0.18378606191501073,0.1469414666731131,0.00396839691807916
1298.1799999999744,1569.2018340265377,710.4412857480966,0.18435822912482858,0.1474204099464957,0.004006743562623257
1298.1899999999744,1569.2018340265377,710.4442806668171,0.1849315116245081,0.14790050225664186,0.004045423641699541
1298.1999999999744,1569.2018340265377,710.4472755646482,0.18550590931964195,0.14838174467480272,0.004084439674234377
1298.2099999999743,1569.2018340265377,710.45027044159,0.18608142211316953,0.1488641382661727,0.004123794194645214
1298.2199999999743,1569.2018340265377,710.4532652976429,0.18665804989258566,0.14934768408989463,0.004163489752622042
1298.2299999999743,1569.2018340265377,710.4562601328072,0.18723579254470646,0.14983238319893732,0.004203528913509312
1298.2399999999743,1569.2018340265377,710.4592549470827,0.1878146499462749,0.1503182366401005,0.004243914258161704
1298.2499999999743,1569.2018340265377,710.4622497404698,0.18839462196528012,0.15080524545403853,0.004284648383036472
1298.2599999999743,1569.2018340265377,710.4652445129691,0.1889757084581877,0.15129341067526725,0.004325733900192401
1298.2699999999743,1569.2018340265377,710.4682392645803,0.18955790927946709,0.15178273333191003,0.004367173437554652
1298.2799999999743,1569.2018340265377,710.4712339953038,0.19014122427343857,0.15227321444588848,0.004408969638803278
1298.2899999999743,1569.2018340265377,710.4742287051399,0.19072565327287808,0.15276485503285483,0.004451125163397583
1298.2999999999743,1569.2018340265377,710.4772233940888,0.19131119610507777,0.15325765610206696,0.004493642686770772
1298.3099999999743,1569.2018340265377,710.4802180621507,0.1918978525912677,0.1537516186564323,0.004536524900382828
1298.3199999999742,1569.2018340265377,710.4832127093257,0.1924856225403695,0.15424674369243813,0.004579774511631368
1298.3299999999742,1569.2018340265377,710.486207335614,0.19307450575653645,0.15474303220015867,0.004623394244091329
1298.3399999999742,1569.2018340265377,710.4892019410163,0.19366450203432806,0.15524048516326105,0.0046673868374634804
1298.3499999999742,1569.2018340265377,710.4921965255322,0.19425561115666973,0.15573910355878534,0.004711755047572384
1298.3599999999742,1569.2018340265377,710.4951910891622,0.1948478329044361,0.15623888835733957,0.00475650164667091
1298.3699999999742,1569.2018340265377,710.4981856319065,0.19544116704818185,0.15673984052297454,0.004801629423295907
1298.3799999999742,1569.2018340265377,710.5011801537653,0.19603561334741523,0.1572419610131135,0.004847141182305705
1298.3899999999742,1569.2018340265377,710.5041746547389,0.1966311715541249,0.15774525077859758,0.004893039745029727
1298.3999999999742,1569.2018340265377,710.5071691348273,0.19722784141682312,0.15824971076355876,0.0049393279494236485
1298.4099999999742,1569.2018340265377,710.5101635940309,0.1978256226708394,0.1587553419055028,0.0049860086498947805
1298.4199999999742,1569.2018340265377,710.5131580323501,0.19842451504184663,0.15926214513524015,0.005033084717444297
1298.4299999999741,1569.2018340265377,710.5161524497847,0.19902451825206202,0.15977012137671978,0.0050805590398747364
1298.4399999999741,1569.2018340265377,710.5191468463352,0.19962563201394676,0.16027927154722815,0.005128434521705287
1298.4499999999741,1569.2018340265377,710.5221412220016,0.20022785603023474,0.16078959655718522,0.005176714084219057
1298.4599999999741,1569.2018340265377,710.5251355767844,0.2008311899946156,0.16130109731022815,0.005225400665545459
1298.469999999974,1569.2018340265377,710.5281299106837,0.20143563359445085,0.1618137747030644,0.005274497220781606
1298.479999999974,1569.2018340265377,710.5311242236995,0.20204118650879296,0.16232762962547817,0.005324006722002261
1298.489999999974,1569.2018340265377,710.5341185158323,0.20264784840683975,0.16284266296039654,0.005373932158283255
1298.499999999974,1569.2018340265377,710.5371127870823,0.20325561894796795,0.16335887558372206,0.005424276535750068
1298.509999999974,1569.2018340265377,710.5401070374497,0.20386449778527543,0.1638762683644181,0.005475042877737038
1298.519999999974,1569.2018340265377,710.5431012669345,0.2044744845669417,0.16439484216430103,0.005526234224871635
1298.529999999974,1569.2018340265377,710.5460954755372,0.20508557892779586,0.16491459783826373,0.005577853634922398
1298.539999999974,1569.2018340265377,710.5490896632579,0.205697780492683,0.1654355362340286,0.005629904182929561
1298.549999999974,1569.2018340265377,710.5520838300969,0.2063110888837763,0.1659576581922336,0.005682388961469895
1298.559999999974,1569.2018340265377,710.5550779760541,0.20692550370830995,0.16648096454628214,0.0057353110803703205
1298.569999999974,1569.2018340265377,710.55807210113,0.20754102457430074,0.16700545612249057,0.005788673667209527
1298.579999999974,1569.2018340265377,710.561066205325,0.20815765106910883,0.16753113373993705,0.005842479866772528
1298.589999999974,1569.2018340265377,710.564060288639,0.2087753827801907,0.16805799821039044,0.005896732841679385
1298.599999999974,1569.2018340265377,710.5670543510723,0.20939421928430937,0.16858605033839882,0.005951435772150382
1298.609999999974,1569.2018340265377,710.570048392625,0.21001416015258043,0.16911529092113708,0.006006591856195649
1298.619999999974,1569.2018340265377,710.5730424132977,0.21063520493964305,0.16964572074853695,0.006062204309372968
1298.629999999974,1569.2018340265377,710.5760364130903,0.2112573531980723,0.17017734060305428,0.0061182763652390315
1298.639999999974,1569.2018340265377,710.5790303920029,0.21188060447112023,0.17071015125975794,0.006174811275207266
1298.649999999974,1569.2018340265377,710.582024350036,0.21250495829494045,0.17124415348633948,0.006231812308670208
1298.659999999974,1569.2018340265377,710.5850182871898,0.21313041418842524,0.17177934804295977,0.006289282752746747
1298.669999999974,1569.2018340265377,710.5880122034645,0.2137569716726555,0.1723157356823193,0.006347225912913368
1298.679999999974,1569.2018340265377,710.59100609886,0.21438463025583873,0.17285331714950466,0.006405645112609164
1298.689999999974,1569.2018340265377,710.593999973377,0.21501338943602913,0.17339209318216042,0.006464543693382516
1298.699999999974,1569.2018340265377,710.5969938270156,0.21564324870269905,0.173932064510275,0.00652392501497731
1298.709999999974,1569.2018340265377,710.5999876597757,0.2162742075402703,0.17447323185614835,0.006583792455493617
1298.7199999999739,1569.2018340265377,710.6029814716578,0.21690626542235386,0.1750155959345248,0.006644149411279995
1298.7299999999739,1569.2018340265377,710.605975262662,0.2175394218117119,0.1755591574523975,0.006704999296970789
1298.7399999999739,1569.2018340265377,710.6089690327887,0.21817367616752584,0.17610391710907994,0.0067663455457697246
1298.7499999999739,1569.2018340265377,710.611962782038,0.21880902793369222,0.1766498755961128,0.006828191609137106
1298.7599999999738,1569.2018340265377,710.6149565104099,0.21944547655129384,0.1771970335972113,0.006890540957225309
1298.7699999999738,1569.2018340265377,710.617950217905,0.2200830214505233,0.17774539178835924,0.006953397078690675
1298.7799999999738,1569.2018340265377,710.6209439045233,0.2207216620498556,0.17829495083763117,0.007016763480705151
1298.7899999999738,1569.2018340265377,710.6239375702651,0.2213613977634753,0.1788457114052456,0.007080643689248527
1298.7999999999738,1569.2018340265377,710.6269312151305,0.22200222799616523,0.17939767414351127,0.00714504124899734
1298.8099999999738,1569.2018340265377,710.6299248391198,0.2226441521431284,0.17995083969677644,0.0072099597233673774
1298.8199999999738,1569.2018340265377,710.6329184422334,0.2232871695886179,0.18050520870150166,0.007275402694526717
1298.8299999999738,1569.2018340265377,710.6359120244713,0.22393127971336127,0.18106078178601864,0.007341373763669952
1298.8399999999738,1569.2018340265377,710.6389055858335,0.2245764818847991,0.1816175595706672,0.007407876550764419
1298.8499999999738,1569.2018340265377,710.6418991263207,0.22522277546158775,0.1821755426678061,0.0074749146947478496
1298.8599999999738,1569.2018340265377,710.6448926459328,0.22587015979356795,0.1827347316815926,0.007542491853560734
1298.8699999999737,1569.2018340265377,710.6478861446702,0.22651863422709442,0.1832951272081196,0.007610611704387651
1298.8799999999737,1569.2018340265377,710.650879622533,0.2271681980928617,0.18385672983527865,0.0076792779432906565
1298.8899999999737,1569.2018340265377,710.6538730795213,0.22781885071807553,0.18441954014277143,0.007748494285667551
1298.8999999999737,1569.2018340265377,710.6568665156358,0.2284705914180958,0.1849835587021857,0.007818264466027952
1298.9099999999737,1569.2018340265377,710.6598599308762,0.22912341949635545,0.1855487860766856,0.007888592238011095
1298.9199999999737,1569.2018340265377,710.6628533252427,0.22977733425884672,0.18611522282121595,0.007959481374950853
1298.9299999999737,1569.2018340265377,710.665846698736,0.2304323349882874,0.18668286948251517,0.008030935669037764
1298.9399999999737,1569.2018340265377,710.6688400513559,0.23108842096458734,0.18725172659882544,0.008102958932045348
1298.9499999999737,1569.2018340265377,710.6718333831029,0.23174559146181725,0.18782179470012056,0.008175554995297376
1298.9599999999737,1569.2018340265377,710.674826693977,0.23240384574749942,0.18839307430788024,0.00824872770967445
1298.9699999999737,1569.2018340265377,710.6778199839783,0.2330631830679813,0.18896556593516714,0.008322480945148415
1298.9799999999736,1569.2018340265377,710.6808132531075,0.2337236026691545,0.1895392700866834,0.008396818591565745
1298.9899999999736,1569.2018340265377,710.6838065013645,0.23438510378954613,0.19011418725847898,0.008471744558428078
1298.9999999999736,1569.2018340265377,710.6867997287494,0.2350476856579598,0.19069031793811517,0.00854726277486887
1299.0099999999736,1569.2018340265377,710.6897929352626,0.23571134748970135,0.19126766260465758,0.008623377189559975
1299.0199999999736,1569.2018340265377,710.6927861209044,0.23637608849574004,0.19184622172853447,0.008700091771076765
1299.0299999999736,1569.2018340265377,710.6957792856749,0.23704190787268745,0.1924259957715288,0.00877741050757655
1299.0399999999736,1569.2018340265377,710.6987724295742,0.23770880481517642,0.19300698518676854,0.008855337407297563
1299.0499999999736,1569.2018340265377,710.7017655526026,0.2383767785057751,0.19358919041874004,0.008933876498234421
1299.0599999999736,1569.2018340265377,710.7047586547606,0.23904582811810343,0.19417261190321428,0.009013031828289391
1299.0699999999736,1569.2018340265377,710.7077517360481,0.23971595281213234,0.19475725006717043,0.009092807465130543
1299.0799999999736,1569.2018340265377,710.7107447964652,0.2403871517489392,0.1953431053287881,0.009173207496791734
1299.0899999999735,1569.2018340265377,710.7137378360125,0.2410594240751962,0.19593017809754956,0.00925423603114094
1299.0999999999735,1569.2018340265377,710.7167308546899,0.24173276892547504,0.196518468773987,0.009335897195981586
1299.1099999999735,1569.2018340265377,710.719723852498,0.2424071854276041,0.1971079777498526,0.009418195139314831
1299.1199999999735,1569.2018340265377,710.7227168294364,0.24308267270437753,0.19769870540786363,0.009501134029426025
1299.1299999999735,1569.2018340265377,710.725709785506,0.2437592298633016,0.19829065212198646,0.009584718054554126
1299.1399999999735,1569.2018340265377,710.7287027207066,0.24443685600673357,0.1988838182570917,0.00966895142329276
1299.1499999999735,1569.2018340265377,710.7316956350386,0.24511555022646792,0.19947820416912557,0.009753838364435649
1299.1599999999735,1569.2018340265377,710.734688528502,0.24579531160521653,0.2000738102049447,0.009839383127057408
1299.1699999999735,1569.2018340265377,710.7376814010971,0.24647613922377803,0.20067063670239832,0.009925589980849088
1299.1799999999735,1569.2018340265377,710.7406742528244,0.2471580321388932,0.20126868399032088,0.010012463215267489
1299.1899999999735,1569.2018340265377,710.7436670836839,0.24784098941005833,0.2018679523883205,0.010100007140626793
1299.1999999999734,1569.2018340265377,710.7466598936755,0.2485250100861604,0.2024684422068387,0.01018822608760805
1299.2099999999734,1569.2018340265377,710.7496526828,0.24921009320461238,0.2030701537473254,0.010277124407276229
1299.2199999999734,1569.2018340265377,710.7526454510573,0.24989623778818218,0.20367308730184452,0.010366706470942582
1299.2299999999734,1569.2018340265377,710.7556381984477,0.25058344286486595,0.2042772431533171,0.010456976671047316
1299.2399999999734,1569.2018340265377,710.7586309249714,0.2512717074456443,0.2048826215753539,0.010547939420261923
1299.2499999999734,1569.2018340265377,710.7616236306285,0.25196103052674323,0.20548922283229437,0.010639599151613593
1299.2599999999734,1569.2018340265377,710.7646163154195,0.25265141110249084,0.2060970471791999,0.010731960319057918
1299.2699999999734,1569.2018340265377,710.7676089793443,0.2533428481581316,0.20670609486166175,0.010825027397194613
1299.2799999999734,1569.2018340265377,710.7706016224033,0.2540353406649553,0.20731636611597912,0.010918804881109825
1299.2899999999734,1569.2018340265377,710.7735942445967,0.2547288875915509,0.20792786116901382,0.011013297286874045
1299.2999999999734,1569.2018340265377,710.7765868459246,0.25542348789255614,0.20854058023818314,0.011108509151092271
1299.3099999999733,1569.2018340265377,710.7795794263875,0.2561191405126551,0.20915452353145406,0.011204445031103561
1299.3199999999733,1569.2018340265377,710.7825719859853,0.25681584439467414,0.20976969124721934,0.011301109505353905
1299.3299999999733,1569.2018340265377,710.7855645247183,0.2575135984649986,0.2103860835743844,0.011398507172799627
1299.3399999999733,1569.2018340265377,710.788557042587,0.2582124016384165,0.2110037006923386,0.011496642653140366
1299.3499999999733,1569.2018340265377,710.7915495395912,0.2589122528319177,0.21162254277078413,0.011595520587444404
1299.3599999999733,1569.2018340265377,710.7945420157313,0.25961315094442994,0.21224260996984737,0.011695145637291196
1299.3699999999733,1569.2018340265377,710.7975344710076,0.2603150948689029,0.2128639024400262,0.011795522485329508
1299.3799999999733,1569.2018340265377,710.8005269054202,0.2610180834834421,0.21348642032208906,0.01189665583489366
1299.3899999999733,1569.2018340265377,710.8035193189694,0.26172211566840853,0.21411016374714092,0.011998550410813866
1299.3999999999733,1569.2018340265377,710.8065117116553,0.26242719028513056,0.21473513283647433,0.01210121095845926
1299.4099999999733,1569.2018340265377,710.8095040834783,0.26313330618739844,0.2153613277017067,0.012204642244298635
1299.4199999999732,1569.2018340265377,710.8124964344385,0.26384046222145857,0.21598874844458518,0.012308849055905246
1299.4299999999732,1569.2018340265377,710.8154887645361,0.26454865722598203,0.2166173951570512,0.012413836201988878
1299.4399999999732,1569.2018340265377,710.8184810737713,0.26525789002963923,0.2172472679211649,0.012519608512298448
1299.4499999999732,1569.2018340265377,710.8214733621444,0.2659681594485308,0.21787836680914643,0.01262617083752654
1299.4599999999732,1569.2018340265377,710.8244656296557,0.266679464292096,0.2185106918833003,0.012733528049600415
1299.4699999999732,1569.2018340265377,710.8274578763053,0.2673918033613356,0.2191442431959134,0.012841685041609707
1299.4799999999732,1569.2018340265377,710.8304501020932,0.2681051754472261,0.21977902078932177,0.0129506467277594
1299.4899999999732,1569.2018340265377,710.83344230702,0.2688195793314785,0.22041502469595484,0.013060418043431018
1299.4999999999732,1569.2018340265377,710.8364344910858,0.26953501378328015,0.22105225493808933,0.01317100394501384
1299.5099999999732,1569.2018340265377,710.8394266542908,0.27025147756921464,0.22169071152801254,0.013282409410425682
1299.5199999999732,1569.2018340265377,710.8424187966351,0.2709689694449643,0.22233039446785002,0.013394639438709664
1299.5299999999731,1569.2018340265377,710.845410918119,0.2716874881486608,0.22297130374968066,0.013507699049732327
1299.5399999999731,1569.2018340265377,710.8484030187428,0.27240703241832287,0.22361343935543632,0.013621593285048342
1299.5499999999731,1569.2018340265377,710.8513950985067,0.27312760098103595,0.22425680125682443,0.013736327207375843
1299.5599999999731,1569.2018340265377,710.8543871574108,0.27384919255469636,0.22490138941534704,0.013851905900699592
1299.569999999973,1569.2018340265377,710.8573791954553,0.27457180584706614,0.2255472037823227,0.013968334470240151
1299.579999999973,1569.2018340265377,710.8603712126406,0.27529543955326174,0.22619424429878374,0.014085618042325195
1299.589999999973,1569.2018340265377,710.8633632089669,0.2760200923650667,0.22684251089547255,0.014203761764876185
1299.599999999973,1569.2018340265377,710.8663551844343,0.2767457629607388,0.2274920034927883,0.014322770806895008
1299.609999999973,1569.2018340265377,710.8693471390429,0.27747245001269405,0.22814272200080896,0.014442650358871798
1299.619999999973,1569.2018340265377,710.8723390727934,0.27820015218061034,0.22879466631928658,0.014563405632439182
1299.629999999973,1569.2018340265377,710.8753309856854,0.27892886811664797,0.22944783633744706,0.014685041860626366
1299.639999999973,1569.2018340265377,710.8783228777196,0.2796585964619466,0.23010223193420917,0.014807564297713164
1299.649999999973,1569.2018340265377,710.8813147488959,0.2803893358543424,0.23075785297793322,0.014930978219614532
1299.659999999973,1569.2018340265377,710.8843065992147,0.28112108491301824,0.23141469932659245,0.015055288923097055
1299.669999999973,1569.2018340265377,710.8872984286763,0.28185384225634313,0.23207277082759545,0.01518050172670938
1299.679999999973,1569.2018340265377,710.8902902372806,0.2825876064891767,0.2327320673177331,0.015306621970106219
1299.689999999973,1569.2018340265377,710.893282025028,0.28332237620707573,0.2333925886233512,0.015433655014298747
1299.699999999973,1569.2018340265377,710.8962737919189,0.2840581499954337,0.23405433456017252,0.015561606241588458
1299.709999999973,1569.2018340265377,710.8992655379533,0.2847949264328842,0.23471730493321916,0.015690481055746296
1299.719999999973,1569.2018340265377,710.9022572631313,0.2855327040888205,0.23538149953690982,0.015820284881894662
1299.729999999973,1569.2018340265377,710.9052489674534,0.2862714815232583,0.23604691815500836,0.01595102316649476
1299.739999999973,1569.2018340265377,710.9082406509198,0.28701125728267335,0.23671356056054532,0.016082701377103707
1299.749999999973,1569.2018340265377,710.9112323135305,0.2877520299110826,0.2373814265157905,0.016215325002988463
1299.759999999973,1569.2018340265377,710.9142239552857,0.28849379793541063,0.23805051577225084,0.016348899554306257
1299.769999999973,1569.2018340265377,710.9172155761859,0.28923655988113695,0.23872082807072048,0.016483430562989145
1299.779999999973,1569.2018340265377,710.9202071762312,0.28998031425822457,0.23939236314112514,0.01661892358192633
1299.789999999973,1569.2018340265377,710.9231987554217,0.2907250595709238,0.2400651207024962,0.016755384185511975
1299.799999999973,1569.2018340265377,710.9261903137577,0.29147079431495776,0.24073910046307048,0.01689281796949741
1299.809999999973,1569.2018340265377,710.9291818512395,0.29221751697241366,0.2414143021201615,0.017031230550671614
1299.8199999999729,1569.2018340265377,710.9321733678672,0.29296522601600467,0.24209072536015852,0.01717062756709762
1299.8299999999729,1569.2018340265377,710.9351648636411,0.2937139199161845,0.24276836985849926,0.017311014678520826
1299.8399999999729,1569.2018340265377,710.9381563385613,0.294463597127038,0.2434472352795922,0.017452397565525322
1299.8499999999729,1569.2018340265377,710.9411477926282,0.29521425609945,0.24412732127697023,0.017594781930320214
1299.8599999999728,1569.2018340265377,710.9441392258419,0.29596589526711237,0.24480862749303203,0.017738173495864425
1299.8699999999728,1569.2018340265377,710.9471306382026,0.2967185130561763,0.24549115355909282,0.017882578006431584
1299.8799999999728,1569.2018340265377,710.9501220297104,0.2974721078956446,0.24617489909546192,0.018028001228242378
1299.8899999999728,1569.2018340265377,710.9531134003657,0.29822667818864657,0.24685986371131263,0.018174448947703075
1299.8999999999728,1569.2018340265377,710.956104750169,0.29898222233413074,0.24754604700473423,0.018321926972701026
1299.9099999999728,1569.2018340265377,710.9590960791201,0.29973873872445356,0.24823344856254972,0.018470441132423274
1299.9199999999728,1569.2018340265377,710.9620873872191,0.3004962257443497,0.24892206796039326,0.018619997277293125
1299.9299999999728,1569.2018340265377,710.9650786744664,0.3012546817656827,0.2496119047627896,0.018770601278641514
1299.9399999999728,1569.2018340265377,710.9680699408625,0.3020141051528378,0.2503029585229973,0.018922259028998085
1299.9499999999728,1569.2018340265377,710.9710611864074,0.3027744942527895,0.2509952287829568,0.01907497644144221
1299.9599999999728,1569.2018340265377,710.9740524111011,0.30353584741830536,0.2516887150732906,0.019228759451039256
1299.9699999999727,1569.2018340265377,710.977043614944,0.30429816298396456,0.25238341691340915,0.01938361401333513
1299.9799999999727,1569.2018340265377,710.9800347979365,0.30506143926967466,0.2530793338113281,0.019539546104516786
1299.9899999999727,1569.2018340265377,710.9830259600786,0.3058256745940036,0.2537764652636946,0.019696561722242916
1299.9999999999727,1569.2018340265377,710.9860171013705,0.30659086726884727,0.2544748107557098,0.019854666885277105
1300.0099999999727,1569.2018340265377,710.9890082218125,0.30735701559143674,0.2551743697612356,0.020013867632964144
1300.0199999999727,1569.2018340265377,710.9919993214048,0.30812411784257604,0.2558751417426903,0.02017417002506361
1300.0299999999727,1569.2018340265377,710.9949904001478,0.3088921723097508,0.2565771261509969,0.020335580143223536
1300.0399999999727,1569.2018340265377,710.9979814580413,0.30966117726311615,0.2572803224255045,0.020498104089379552
1300.0499999999727,1569.2018340265377,711.0009724950858,0.31043113095902347,0.25798472999417676,0.020661747985976357
1300.0599999999727,1569.2018340265377,711.0039635112815,0.311202031647162,0.2586903482734076,0.02082651797637867
1300.0699999999727,1569.2018340265377,711.0069545066286,0.3119738775741681,0.2593971766679422,0.02099242022507519
1300.0799999999726,1569.2018340265377,711.0099454811274,0.3127466669720146,0.26010521457101354,0.021159460916894527
1300.0899999999726,1569.2018340265377,711.0129364347779,0.3135203980651169,0.26081446136418346,0.02132764625742027
1300.0999999999726,1569.2018340265377,711.0159273675805,0.31429506906224813,0.2615249164174261,0.021496982472420625
1300.1099999999726,1569.2018340265377,711.0189182795353,0.3150706781718835,0.26223657908899545,0.02166747580883515
1300.1199999999726,1569.2018340265377,711.0219091706426,0.3158472235895994,0.26294944872548237,0.021839132533893222
1300.1299999999726,1569.2018340265377,711.0249000409026,0.31662470350162797,0.2636635246617631,0.022011958935308686
1300.1399999999726,1569.2018340265377,711.0278908903157,0.3174031160830773,0.26437880622103044,0.022185961321122112
1300.1499999999726,1569.2018340265377,711.0308817188818,0.3181824594997389,0.2650952927145783,0.022361146019748757
1300.1599999999726,1569.2018340265377,711.0338725266012,0.3189627319162584,0.26581298344199594,0.02253751938054744
1300.1699999999726,1569.2018340265377,711.0368633134741,0.3197439314752422,0.26653187769109027,0.022715087772297134
1300.1799999999726,1569.2018340265377,711.039854079501,0.32052605632004444,0.2672519747378345,0.022893857584748507
1300.1899999999725,1569.2018340265377,711.0428448246819,0.3213091045746012,0.2679732738462903,0.023073835227137542
1300.1999999999725,1569.2018340265377,711.0458355490168,0.3220930743700281,0.26869577426861097,0.023255027130041347
1300.2099999999725,1569.2018340265377,711.0488262525063,0.3228779638089556,0.2694194752451556,0.023437439742794566
1300.2199999999725,1569.2018340265377,711.0518169351504,0.32366377099567883,0.2701443760043014,0.023621079535572458
1300.2299999999725,1569.2018340265377,711.0548075969494,0.32445049402333076,0.27087047576244777,0.02380595299842271
1300.2399999999725,1569.2018340265377,711.0577982379035,0.32523813098125287,0.2715977737240483,0.023992066641761203
1300.2499999999725,1569.2018340265377,711.0607888580129,0.3260266799367042,0.27232626908156005,0.02417942699496624
1300.2599999999725,1569.2018340265377,711.063779457278,0.3268161389568203,0.2730559610154768,0.024368040607944133
1300.2699999999725,1569.2018340265377,711.0667700356987,0.3276065060966337,0.2737868486941118,0.024557914050157077
1300.2799999999725,1569.2018340265377,711.0697605932753,0.32839777940470244,0.274518931273797,0.0247490539110223
1300.2899999999725,1569.2018340265377,711.0727511300082,0.32918995691751773,0.2752522078988331,0.024941466799429317
1300.2999999999724,1569.2018340265377,711.0757416458974,0.32998303666419293,0.2759866777012999,0.025135159344000024
1300.3099999999724,1569.2018340265377,711.0787321409434,0.3307770166589319,0.2767223398012579,0.025330138192493783
1300.3199999999724,1569.2018340265377,711.0817226151462,0.3315718949178087,0.277459193306501,0.025526410012983156
1300.3299999999724,1569.2018340265377,711.0847130685058,0.3323676694374894,0.27819723731267576,0.025723981492190358
1300.3399999999724,1569.2018340265377,711.087703501023,0.3331643382043449,0.2789364709033711,0.025922859336130335
1300.3499999999724,1569.2018340265377,711.0906939126976,0.33396189921043334,0.2796768931497315,0.02612305027122373
1300.3599999999724,1569.2018340265377,711.0936843035298,0.33476035041899044,0.28041850311080063,0.026324561041612956
1300.3699999999724,1569.2018340265377,711.09667467352,0.33555968979514633,0.28116129983335897,0.02652739841145398
1300.3799999999724,1569.2018340265377,711.0996650226683,0.3363599152948005,0.2819052823518178,0.02673156916396812
1300.3899999999724,1569.2018340265377,711.1026553509752,0.33716102485997407,0.28265044968842395,0.026937080101041
1300.3999999999724,1569.2018340265377,711.1056456584405,0.33796301643366405,0.283396800852927,0.027143938044273036
1300.4099999999723,1569.2018340265377,711.1086359450644,0.33876588792909873,0.28414433484278434,0.02735214983248641
1300.4199999999723,1569.2018340265377,711.1116262108477,0.3395696372755369,0.2848930506432547,0.027561722325344887
1300.4299999999723,1569.2018340265377,711.11461645579,0.3403742623704761,0.2856429472269218,0.027772662399342736
1300.4399999999723,1569.2018340265377,711.1176066798919,0.34117976112097115,0.28639402355415733,0.027984976951159844
1300.4499999999723,1569.2018340265377,711.1205968831533,0.3419861314117843,0.28714627857281527,0.028198672894940567
1300.4599999999723,1569.2018340265377,711.1235870655747,0.3427933711202282,0.2878997112183543,0.02841375716344216
1300.4699999999723,1569.2018340265377,711.1265772271563,0.3436014781200982,0.2886543204137314,0.028630236708266466
1300.4799999999723,1569.2018340265377,711.129567367898,0.3444104502750643,0.2894101050693238,0.02884811849922297
1300.4899999999723,1569.2018340265377,711.1325574878003,0.3452202854385785,0.290167064083196,0.0290674095242906
1300.4999999999723,1569.2018340265377,711.1355475868636,0.3460309814474322,0.29092519634073544,0.02928811678891501
1300.5099999999723,1569.2018340265377,711.1385376650877,0.3468425361386475,0.29168450071474633,0.029510247317363333
1300.5199999999722,1569.2018340265377,711.1415277224729,0.34765494733809904,0.2924449760655167,0.02973380815169979
1300.5299999999722,1569.2018340265377,711.1445177590195,0.3484682128616233,0.2932066212407705,0.02995880635178032
1300.5399999999722,1569.2018340265377,711.1475077747281,0.3492823305120227,0.2939694350756473,0.03018524899489957
1300.5499999999722,1569.2018340265377,711.1504977695984,0.3500972980895989,0.2947334163925094,0.030413143176567833
1300.5599999999722,1569.2018340265377,711.1534877436305,0.3509131133845877,0.2954985640011243,0.03064249600981168
1300.5699999999722,1569.2018340265377,711.156477696825,0.35172977417318774,0.2962648766986761,0.030873314624733538
1300.5799999999722,1569.2018340265377,711.1594676291821,0.35254727822161,0.29703235326960026,0.031105606168730027
1300.5899999999722,1569.2018340265377,711.162457540702,0.35336562329639565,0.2978009924856227,0.031339377807317916
1300.5999999999722,1569.2018340265377,711.1654474313847,0.3541848071501239,0.29857079310568224,0.03157463672276862
1300.6099999999722,1569.2018340265377,711.1684373012305,0.3550048275168068,0.2993417538760589,0.031811390113613586
1300.6199999999722,1569.2018340265377,711.1714271502399,0.3558256821355863,0.3001138735302959,0.03204964519664136
1300.6299999999721,1569.2018340265377,711.1744169784128,0.3566473687326226,0.30088715078900596,0.03228940920514853
1300.6399999999721,1569.2018340265377,711.1774067857493,0.35746988501833465,0.30166158436008683,0.032530689388623295
1300.6499999999721,1569.2018340265377,711.1803965722501,0.3582932287016567,0.30243717293867456,0.03277349301392069
1300.6599999999721,1569.2018340265377,711.183386337915,0.35911739747376614,0.3032139152069482,0.03301782736363714
1300.669999999972,1569.2018340265377,711.1863760827445,0.3599423890273037,0.3039918098343482,0.03326369973780689
1300.679999999972,1569.2018340265377,711.1893658067386,0.3607682010430161,0.30477085547732197,0.033511117452523005
1300.689999999972,1569.2018340265377,711.1923555098975,0.3615948311866922,0.3055510507794832,0.03376008783956986
1300.699999999972,1569.2018340265377,711.1953451922217,0.36242227711893976,0.30633239437156534,0.034010618247205825
1300.709999999972,1569.2018340265377,711.1983348537111,0.3632505364912876,0.30711488487131505,0.034262716039668996
1300.719999999972,1569.2018340265377,711.2013244943662,0.3640796069471869,0.30789852088359354,0.034516388597180724
1300.729999999972,1569.2018340265377,711.2043141141869,0.3649094861209901,0.3086833010002103,0.03477164331569836
1300.739999999972,1569.2018340265377,711.2073037131737,0.3657401716302656,0.30946922380011527,0.03502848760610544
1300.749999999972,1569.2018340265377,711.2102932913268,0.3665716610932902,0.31025628784920267,0.035286928895714616
1300.759999999972,1569.2018340265377,711.2132828486461,0.3674039521230766,0.31104449170026416,0.03554697462758283
1300.769999999972,1569.2018340265377,711.2162723851321,0.368237042310149,0.31183383389321123,0.0358086322587751
1300.779999999972,1569.2018340265377,711.2192619007851,0.3690709292407514,0.31262431295488,0.03607190926194434
1300.789999999972,1569.2018340265377,711.2222513956051,0.36990561049702236,0.3134159273989541,0.036336813125217825
1300.799999999972,1569.2018340265377,711.2252408695924,0.3707410836531335,0.3142086757261286,0.036603351351740344
1300.809999999972,1569.2018340265377,711.2282303227472,0.3715773462663293,0.31500255642394354,0.03687153145862202
1300.819999999972,1569.2018340265377,711.2312197550697,0.37241439588113867,0.31579756796685876,0.037141360977227235
1300.829999999972,1569.2018340265377,711.2342091665603,0.37325223005051406,0.3165937088162683,0.037412847455157466
1300.839999999972,1569.2018340265377,711.2371985572188,0.37409084630481426,0.3173909774202423,0.03768599845297776
1300.849999999972,1569.2018340265377,711.2401879270459,0.37493024217233295,0.3181893722139358,0.037960821546224266
1300.859999999972,1569.2018340265377,711.2431772760416,0.3757704151625899,0.31898889161914884,0.03823732432348269
1300.869999999972,1569.2018340265377,711.2461666042061,0.3766113627898528,0.31978953404455396,0.038515514388686195
1300.879999999972,1569.2018340265377,711.2491559115396,0.37745308254964594,0.32059129788559004,0.03879539935857291
1300.889999999972,1569.2018340265377,711.2521451980422,0.3782955719305666,0.3213941815245078,0.039076986863752994
1300.899999999972,1569.2018340265377,711.2551344637145,0.37913882841616825,0.3221981833304169,0.03936028454877999
1300.909999999972,1569.2018340265377,711.2581237085566,0.37998284947231,0.3230033016590265,0.03964530007063551
1300.9199999999719,1569.2018340265377,711.2611129325683,0.3808276325657146,0.32380953485275266,0.03993204110053386
1300.9299999999719,1569.2018340265377,711.2641021357502,0.3816731751512904,0.3246168812409491,0.040220515322523076
1300.9399999999719,1569.2018340265377,711.2670913181025,0.3825194746672063,0.32542533913949523,0.040510730432707226
1300.9499999999719,1569.2018340265377,711.2700804796254,0.38336652855649966,0.3262349068510571,0.04080269414144114
1300.9599999999718,1569.2018340265377,711.2730696203191,0.3842143342455217,0.32704558266492106,0.04109641417086959
1300.9699999999718,1569.2018340265377,711.2760587401837,0.38506288914873665,0.32785736485704,0.04139189825528208
1300.9799999999718,1569.2018340265377,711.2790478392196,0.385912190678719,0.3286702516901448,0.04168915414205963
1300.9899999999718,1569.2018340265377,711.282036917427,0.38676223623425143,0.32948424141345184,0.041988189590172406
1300.9999999999718,1569.2018340265377,711.2850259748059,0.3876130232092539,0.33029933226280417,0.042289012371019376
1301.0099999999718,1569.2018340265377,711.2880150113566,0.38846454898384986,0.3311155224607829,0.04259163026732999
1301.0199999999718,1569.2018340265377,711.2910040270796,0.3893168109333858,0.33193281021653886,0.042896051073942024
1301.0299999999718,1569.2018340265377,711.2939930219749,0.3901698064213385,0.33275119372574863,0.0432022825968542
1301.0399999999718,1569.2018340265377,711.2969819960426,0.3910235328064512,0.3335706711706639,0.04351033265386158
1301.0499999999718,1569.2018340265377,711.299970949283,0.391877987439635,0.33439124072009896,0.043820209074052284
1301.0599999999718,1569.2018340265377,711.3029598816964,0.3927331676531209,0.3352129005295431,0.04413191969645464
1301.0699999999717,1569.2018340265377,711.305948793283,0.393589070782329,0.33603564874086755,0.04444547237223491
1301.0799999999717,1569.2018340265377,711.308937684043,0.39444569414489944,0.33685948348253186,0.04476087496223532
1301.0899999999717,1569.2018340265377,711.3119265539767,0.39530303505683595,0.33768440286954055,0.04507813533860786
1301.0999999999717,1569.2018340265377,711.3149154030841,0.3961610908203307,0.338510405003307,0.045397261383229894
1301.1099999999717,1569.2018340265377,711.3179042313657,0.3970198587298602,0.3393374879718596,0.04571826098827278
1301.1199999999717,1569.2018340265377,711.3208930388213,0.3978793360753155,0.34016564984954933,0.04604114205631256
1301.1299999999717,1569.2018340265377,711.3238818254515,0.3987395201337178,0.34099488869738354,0.04636591249929074
1301.1399999999717,1569.2018340265377,711.3268705912566,0.3996004081705562,0.3418252025627318,0.046692580238400505
1301.1499999999717,1569.2018340265377,711.3298593362364,0.40046199744858063,0.3426565894793142,0.047021153204926565
1301.1599999999717,1569.2018340265377,711.3328480603914,0.40132428522090496,0.34348904746744385,0.047351639339332154
1301.1699999999717,1569.2018340265377,711.3358367637217,0.4021872687329789,0.3443225745337629,0.04768404659123401
1301.1799999999716,1569.2018340265377,711.3388254462276,0.4030509452116051,0.34515716867139057,0.04801838291795171
1301.1899999999716,1569.2018340265377,711.3418141079094,0.403915311890032,0.34599282785981744,0.04835465628726648
1301.1999999999716,1569.2018340265377,711.3448027487669,0.4047803659838305,0.3468295500648317,0.04869287467435282
1301.2099999999716,1569.2018340265377,711.3477913688008,0.4056461047039785,0.3476673332387955,0.04903304606322093
1301.2199999999716,1569.2018340265377,711.3507799680114,0.40651252524082226,0.3485061753203806,0.049375178444514195
1301.2299999999716,1569.2018340265377,711.3537685463983,0.4073796247952596,0.34934607423446257,0.04971927981905557
1301.2399999999716,1569.2018340265377,711.3567571039622,0.4082474005505772,0.3501870278924624,0.05006535819435098
1301.2499999999716,1569.2018340265377,711.3597456407031,0.4091158496814379,0.35102903419204967,0.05041342158538905
1301.2599999999716,1569.2018340265377,711.3627341566215,0.4099849693469566,0.35187209101735745,0.05076347801364626
1301.2699999999716,1569.2018340265377,711.3657226517174,0.41085475670780536,0.3527161962386529,0.05111553550889897
1301.2799999999716,1569.2018340265377,711.3687111259908,0.41172520891615866,0.3535613477125526,0.05146960210785587
1301.2899999999715,1569.2018340265377,711.3716995794424,0.41259632311061045,0.35440754328220625,0.051825685853369614
1301.2999999999715,1569.2018340265377,711.374688012072,0.41346809642023075,0.35525478077677514,0.05218379479457661
1301.3099999999715,1569.2018340265377,711.3776764238803,0.4143405259727723,0.356103058011937,0.052543936987874344
1301.3199999999715,1569.2018340265377,711.380664814867,0.4152136088833753,0.3569523727894604,0.05290612049517043
1301.3299999999715,1569.2018340265377,711.3836531850325,0.4160873422527316,0.35780272289748555,0.05327035338350686
1301.3399999999715,1569.2018340265377,711.3866415343772,0.41696172318523206,0.35865410611051796,0.05363664372716278
1301.3499999999715,1569.2018340265377,711.3896298629011,0.41783674876766563,0.35950652018912865,0.05400499960463516
1301.3599999999715,1569.2018340265377,711.3926181706044,0.4187124160846009,0.36035996288023864,0.054375429100477345
1301.3699999999715,1569.2018340265377,711.3956064574875,0.4195887222029828,0.3612144319170786,0.05474794030307945
1301.3799999999715,1569.2018340265377,711.3985947235504,0.4204656641864369,0.3620699250189876,0.055122541306235645
1301.3899999999715,1569.2018340265377,711.4015829687937,0.42134323909942456,0.3629264398916657,0.055499240209562775
1301.3999999999714,1569.2018340265377,711.4045711932172,0.4222214439858862,0.3637839742268743,0.05587804511538938
1301.4099999999714,1569.2018340265377,711.4075593968211,0.4231002758822751,0.3646425257026896,0.05625896413030413
1301.4199999999714,1569.2018340265377,711.410547579606,0.42397973182192866,0.36550209198353,0.056642005365526014
1301.4299999999714,1569.2018340265377,711.413535741572,0.42485980882681007,0.3663626707197898,0.05702717693547193
1301.4399999999714,1569.2018340265377,711.416523882719,0.42574050391770063,0.3672242595481268,0.05741448695898104
1301.4499999999714,1569.2018340265377,711.4195120030475,0.42662181409174676,0.3680868560914572,0.05780394355606331
1301.4599999999714,1569.2018340265377,711.4225001025577,0.4275037363500669,0.36895045795885123,0.0581955548513443
1301.4699999999714,1569.2018340265377,711.4254881812499,0.4283862676825488,0.36981506274559317,0.05858932897180956
1301.4799999999714,1569.2018340265377,711.428476239124,0.42926940507074657,0.3706806680330444,0.05898527404691447
1301.4899999999714,1569.2018340265377,711.4314642761805,0.4301531454890028,0.3715472713888025,0.059383398208551534
1301.4999999999714,1569.2018340265377,711.4344522924196,0.4310374858994065,0.37241487036669657,0.05978370959011448
1301.5099999999713,1569.2018340265377,711.4374402878414,0.43192242325677066,0.3732834625065841,0.06018621632687303
1301.5199999999713,1569.2018340265377,711.4404282624462,0.4328079545160813,0.3741530453345779,0.060590926556848966
1301.5299999999713,1569.2018340265377,711.443416216234,0.43369407661680653,0.3750236163628424,0.060997848418326846
1301.5399999999713,1569.2018340265377,711.4464041492054,0.43458078648518955,0.3758951730898214,0.06140699004998205
1301.5499999999713,1569.2018340265377,711.4493920613604,0.4354680810506667,0.3767677130000354,0.06181835959288203
1301.5599999999713,1569.2018340265377,711.4523799526992,0.4363559572282873,0.37764123356407714,0.06223196518776505
1301.5699999999713,1569.2018340265377,711.455367823222,0.4372444119261182,0.37851573223877405,0.06264781497588329
1301.5799999999713,1569.2018340265377,711.4583556729292,0.43813344203888455,0.3793912064670845,0.06306591709780487
1301.5899999999713,1569.2018340265377,711.4613435018208,0.4390230444615261,0.3802676536779954,0.06348627969506855
1301.5999999999713,1569.2018340265377,711.4643313098971,0.4399132160819283,0.3811450712867177,0.06390891090896428
1301.6099999999713,1569.2018340265377,711.4673190971582,0.4408039537706607,0.3820234566944838,0.0643338188787142
1301.6199999999712,1569.2018340265377,711.4703068636047,0.4416952543984998,0.3829028072888452,0.06476101174385152
1301.6299999999712,1569.2018340265377,711.4732946092365,0.44258711482096025,0.38378312044323515,0.06519049764156179
1301.6399999999712,1569.2018340265377,711.4762823340538,0.4434795318907132,0.3846643935173009,0.06562228470834526
1301.6499999999712,1569.2018340265377,711.4792700380569,0.44437250245353654,0.3855466238568002,0.06605638107913343
1301.6599999999712,1569.2018340265377,711.482257721246,0.44526602334192106,0.3864298087935998,0.06649279488607163
1301.6699999999712,1569.2018340265377,711.4852453836215,0.4461600913826442,0.38731394564574034,0.0669315342593921
1301.6799999999712,1569.2018340265377,711.4882330251834,0.447054703399589,0.38819903171719966,0.06737260732749549
1301.6899999999712,1569.2018340265377,711.4912206459317,0.44794985620153444,0.3890850642981258,0.06781602221492909
1301.6999999999712,1569.2018340265377,711.4942082458672,0.44884554659452536,0.3899720406649716,0.06826178704401843
1301.7099999999712,1569.2018340265377,711.4971958249897,0.44974177137043725,0.3908599580799867,0.06870990993268684
1301.7199999999712,1569.2018340265377,711.5001833832994,0.4506385273226918,0.3917488137916218,0.06916039899671036
1301.7299999999711,1569.2018340265377,711.5031709207967,0.45153581122429626,0.3926386050345614,0.0696132623460996
1301.7399999999711,1569.2018340265377,711.5061584374818,0.45243361985401165,0.3935293290294195,0.07006850808872221
1301.7499999999711,1569.2018340265377,711.509145933355,0.45333194997336557,0.3944209829830433,0.07052614432660081
1301.7599999999711,1569.2018340265377,711.5121334084162,0.45423079834025604,0.39531356408820745,0.07098617915761483
1301.769999999971,1569.2018340265377,711.5151208626656,0.45513016170162346,0.396207069523886,0.07144862067417747
1301.779999999971,1569.2018340265377,711.5181082961041,0.4560300367977644,0.39710149645528625,0.07191347696363207
1301.789999999971,1569.2018340265377,711.5210957087312,0.4569304203663422,0.3979968420334415,0.07238075610845698
1301.799999999971,1569.2018340265377,711.5240831005473,0.4578313091289966,0.39889310339561856,0.07285046618401095
1301.809999999971,1569.2018340265377,711.5270704715527,0.45873269980691234,0.3997902776652521,0.07332261526067824
1301.819999999971,1569.2018340265377,711.5300578217476,0.459634589107294,0.40068836195173974,0.07379721140135594
1301.829999999971,1569.2018340265377,711.5330451511325,0.46053697373076236,0.4015873533507503,0.0742742626624433
1301.839999999971,1569.2018340265377,711.5360324597069,0.4614398503806787,0.4024872489437818,0.0747537770948979
1301.849999999971,1569.2018340265377,711.5390197474716,0.4623432157349438,0.4033880457987087,0.07523576273958907
1301.859999999971,1569.2018340265377,711.5420070144268,0.4632470664753748,0.4042897409694424,0.07572022763161125
1301.869999999971,1569.2018340265377,711.5449942605724,0.4641513992772401,0.40519233149586426,0.07620717979828165
1301.879999999971,1569.2018340265377,711.5479814859088,0.4650562108028855,0.4060958144041357,0.07669662725790721
1301.889999999971,1569.2018340265377,711.5509686904363,0.4659614977093075,0.4070001867064265,0.07718857802061403
1301.899999999971,1569.2018340265377,711.553955874155,0.46686725664371065,0.4079054454010543,0.07768304008736374
1301.909999999971,1569.2018340265377,711.5569430370653,0.4677734842479089,0.4088115874724873,0.07818002145037517
1301.919999999971,1569.2018340265377,711.5599301791669,0.46868017716144145,0.40971860989117487,0.07867953009328214
1301.929999999971,1569.2018340265377,711.5629173004606,0.46958733200479974,0.4106265096138952,0.07918157398814786
1301.939999999971,1569.2018340265377,711.5659044009466,0.4704949453982777,0.4115352835834484,0.07968616109818558
1301.949999999971,1569.2018340265377,711.5688914806246,0.471403013954798,0.4124449287286589,0.08019329937625244
1301.959999999971,1569.2018340265377,711.5718785394953,0.4723115342786784,0.41335544196465657,0.08070299676443311
1301.969999999971,1569.2018340265377,711.5748655775586,0.47322050296371754,0.4142668201926032,0.08121526119328487
1301.979999999971,1569.2018340265377,711.5778525948151,0.4741299165993842,0.41517906029990465,0.08173010058265745
1301.989999999971,1569.2018340265377,711.5808395912647,0.47503977177209084,0.4160921591599721,0.08224752284151228
1301.999999999971,1569.2018340265377,711.5838265669076,0.47595006505654147,0.4170061136323997,0.0827675358661826
1302.009999999971,1569.2018340265377,711.5868135217443,0.47686079301483003,0.41792092056303926,0.08329014753990706
1302.0199999999709,1569.2018340265377,711.5898004557747,0.4777719522070401,0.41883657678379566,0.08381536573426393
1302.0299999999709,1569.2018340265377,711.5927873689993,0.4786835391869037,0.41975307911280685,0.08434319830817215
1302.0399999999709,1569.2018340265377,711.5957742614181,0.4795955505052282,0.4206704243542739,0.08487365310810643
1302.0499999999709,1569.2018340265377,711.5987611330313,0.4805079826937497,0.421588609298641,0.08540673796498749
1302.0599999999708,1569.2018340265377,711.6017479838393,0.48142083228230764,0.4225076307226012,0.08594246069687488
1302.0699999999708,1569.2018340265377,711.6047348138424,0.4823340957977396,0.42342748538892794,0.08648082910838961
1302.0799999999708,1569.2018340265377,711.6077216230403,0.48324776975542394,0.42434817004655,0.08702185098890411
1302.0899999999708,1569.2018340265377,711.6107084114337,0.4841618506667066,0.4252696814307331,0.08756553411360864
1302.0999999999708,1569.2018340265377,711.6136951790228,0.4850763350261942,0.4261920162628767,0.0881118862407961
1302.1099999999708,1569.2018340265377,711.6166819258077,0.48599121933724987,0.42711517125058995,0.08866091511616904
1302.1199999999708,1569.2018340265377,711.6196686517884,0.48690650008235226,0.42803914308759367,0.08921262846709097
1302.1299999999708,1569.2018340265377,711.6226553569654,0.48782217374314135,0.4289639284540429,0.08976703400601425
1302.1399999999708,1569.2018340265377,711.625642041339,0.48873823679105927,0.4298895240162186,0.090324139428305
1302.1499999999708,1569.2018340265377,711.6286287049091,0.4896546856924881,0.4308159264265696,0.09088395241285747
1302.1599999999708,1569.2018340265377,711.6316153476762,0.4905715169121874,0.4317431323238962,0.09144648062247465
1302.1699999999707,1569.2018340265377,711.6346019696404,0.49148872689822326,0.4326711383332178,0.09201173170066641
1302.1799999999707,1569.2018340265377,711.6375885708019,0.49240631209378244,0.4335999410658153,0.09257971327350185
1302.1899999999707,1569.2018340265377,711.640575151161,0.49332426893394715,0.43452953711923964,0.09315043294866256
1302.1999999999707,1569.2018340265377,711.6435617107177,0.49424259386294395,0.43545992307725007,0.09372389831833147
1302.2099999999707,1569.2018340265377,711.6465482494723,0.4951612832944604,0.4363910955099984,0.0943001169514272
1302.2199999999707,1569.2018340265377,711.6495347674254,0.49608033364804877,0.4373230509740043,0.09487909640010718
1302.2299999999707,1569.2018340265377,711.6525212645768,0.49699974133217567,0.4382557860118437,0.09546084419607316
1302.2399999999707,1569.2018340265377,711.6555077409266,0.4979195027536361,0.439189297152549,0.09604536785218659
1302.2499999999707,1569.2018340265377,711.6584941964753,0.49883961430389295,0.4401235809115119,0.09663267485944355
1302.2599999999707,1569.2018340265377,711.6614806312233,0.49976007238251263,0.44105863379049326,0.0972227726911447
1302.2699999999707,1569.2018340265377,711.6644670451706,0.5006808733607655,0.4419944522774554,0.09781566879541045
1302.2799999999706,1569.2018340265377,711.667453438317,0.5016020136246188,0.4429310328466776,0.09841137060321523
1302.2899999999706,1569.2018340265377,711.6704398106633,0.5025234895392481,0.4438683719590531,0.09900988552125242
1302.2999999999706,1569.2018340265377,711.6734261622097,0.5034452974620658,0.4448064660617069,0.09961122093392033
1302.3099999999706,1569.2018340265377,711.6764124929562,0.5043674337554581,0.44574531158807695,0.10021538420551733
1302.3199999999706,1569.2018340265377,711.6793988029028,0.5052898947654796,0.44668490495803365,0.10082238267572505
1302.3299999999706,1569.2018340265377,711.6823850920501,0.5062126768368562,0.447625242577961,0.10143222366224248
1302.3399999999706,1569.2018340265377,711.6853713603983,0.5071357763054838,0.44856632084059045,0.10204491445885391
1302.3499999999706,1569.2018340265377,711.6883576079476,0.5080591894941318,0.44950813612508317,0.10266046233421683
1302.3599999999706,1569.2018340265377,711.6913438346979,0.5089829127340102,0.45045068479693473,0.10327887453579392
1302.3699999999706,1569.2018340265377,711.6943300406497,0.5099069423389387,0.45139396320827346,0.10390015828441558
1302.3799999999706,1569.2018340265377,711.6973162258032,0.5108312746108014,0.45233796769765805,0.10452432077488265
1302.3899999999705,1569.2018340265377,711.7003023901588,0.5117559058578035,0.4532826945900896,0.10515136917932288
1302.3999999999705,1569.2018340265377,711.7032885337162,0.512680832380547,0.4542281401969519,0.1057813106439668
1302.4099999999705,1569.2018340265377,711.7062746564759,0.5136060504612506,0.4551743008162765,0.10641415228665309
1302.4199999999705,1569.2018340265377,711.7092607584383,0.5145315563821012,0.45612117273264796,0.10704990120017148
1302.4299999999705,1569.2018340265377,711.7122468396034,0.515457346423118,0.45706875221703663,0.1076885644513841
1302.4399999999705,1569.2018340265377,711.7152328999714,0.5163834168589377,0.4580170355270283,0.10833014908029351
1302.4499999999705,1569.2018340265377,711.7182189395427,0.5173097639448315,0.458966018906802,0.10897466209670753
1302.4599999999705,1569.2018340265377,711.7212049583173,0.5182363839415458,0.4599156985870356,0.10962211048500714
1302.4699999999705,1569.2018340265377,711.7241909562957,0.5191632731012756,0.4608660707850645,0.11027250120090702
1302.4799999999705,1569.2018340265377,711.7271769334778,0.5200904276687414,0.46181713170471456,0.11092584117120842
1302.4899999999705,1569.2018340265377,711.7301628898639,0.521017843880214,0.4627688775364983,0.11158213729328953
1302.4999999999704,1569.2018340265377,711.7331488254544,0.5219455179655734,0.4637213044576288,0.1122413964351558
1302.5099999999704,1569.2018340265377,711.7361347402493,0.5228734461550057,0.46467440863185466,0.11290362543641458
1302.5199999999704,1569.2018340265377,711.7391206342489,0.5238016246680129,0.46562818620958263,0.11356883110558735
1302.5299999999704,1569.2018340265377,711.7421065074535,0.5247300497146116,0.46658263332796646,0.11423702022000079
1302.5399999999704,1569.2018340265377,711.7450923598632,0.5256587175007912,0.4675377461107767,0.11490819952650713
1302.5499999999704,1569.2018340265377,711.7480781914784,0.5265876242263327,0.4684935206685986,0.11558237574071568
1302.5599999999704,1569.2018340265377,711.7510640022989,0.5275167660935149,0.4694499530985204,0.116259555548361
1302.5699999999704,1569.2018340265377,711.7540497923253,0.528446139285449,0.47040703948462276,0.1169397456003904
1302.5799999999704,1569.2018340265377,711.7570355615578,0.5293757399802173,0.47136477589763126,0.11762295251547643
1302.5899999999704,1569.2018340265377,711.7600213099965,0.5303055643584261,0.47232315839500616,0.11830918288135006
1302.5999999999704,1569.2018340265377,711.7630070376416,0.531235608591416,0.4732821830209949,0.11899844325182303
1302.6099999999703,1569.2018340265377,711.7659927444932,0.532165868846607,0.4742418458066859,0.11969074014760056
1302.6199999999703,1569.2018340265377,711.768978430552,0.5330963412691238,0.47520214277009976,0.12038608005178403
1302.6299999999703,1569.2018340265377,711.7719640958179,0.5340270220197595,0.47616306991591334,0.12108446941786068
1302.6399999999703,1569.2018340265377,711.7749497402908,0.5349579072446643,0.4771246232356245,0.12178591466257871
1302.6499999999703,1569.2018340265377,711.7779353639714,0.5358889930818854,0.478086798707862,0.12249042216715428
1302.6599999999703,1569.2018340265377,711.7809209668599,0.5368202756645865,0.4790495922979651,0.12319799827737883
1302.6699999999703,1569.2018340265377,711.7839065489562,0.5377517511254537,0.48001299995818486,0.12390864930433265
1302.6799999999703,1569.2018340265377,711.7868921102606,0.538683415581501,0.4809770176277021,0.12462238152049422
1302.6899999999703,1569.2018340265377,711.7898776507734,0.5396152651526225,0.48194164123272043,0.1253392011636422
1302.6999999999703,1569.2018340265377,711.792863170495,0.5405472959452369,0.4829068666864482,0.126059114432661
1302.7099999999703,1569.2018340265377,711.7958486694255,0.5414795040653817,0.4838726898889343,0.12678212749007323
1302.7199999999702,1569.2018340265377,711.7988341475648,0.5424118856155328,0.48483910672723374,0.1275082464609893
1302.7299999999702,1569.2018340265377,711.8018196049135,0.5433444366890121,0.48580611307561244,0.12823747743149222
1302.7399999999702,1569.2018340265377,711.8048050414716,0.5442771533692267,0.48677370479519827,0.12896982644784252
1302.7499999999702,1569.2018340265377,711.8077904572395,0.5452100317370617,0.4877418777343331,0.12970529951798718
1302.7599999999702,1569.2018340265377,711.8107758522173,0.5461430678741954,0.4887106277282607,0.1304439026117839
1302.7699999999702,1569.2018340265377,711.8137612264052,0.5470762578512912,0.4896799505995168,0.13118564165798993
1302.7799999999702,1569.2018340265377,711.8167465798035,0.5480095977235386,0.4906498421576915,0.13193052254261847
1302.7899999999702,1569.2018340265377,711.8197319124123,0.5489430835590249,0.49162029819944947,0.13267855111534013
1302.7999999999702,1569.2018340265377,711.822717224232,0.549876711408283,0.4925913145087734,0.13342973318189255
1302.8099999999702,1569.2018340265377,711.8257025152626,0.5508104773195599,0.49356288685672667,0.1341840745071941
1302.8199999999702,1569.2018340265377,711.8286877855045,0.5517443773388275,0.4945350110016227,0.13494158081503208
1302.8299999999701,1569.2018340265377,711.8316730349578,0.5526784074924279,0.4955076826890101,0.13570225778338618
1302.8399999999701,1569.2018340265377,711.8346582636227,0.5536125638251252,0.4964808976516568,0.13646611105330897
1302.8499999999701,1569.2018340265377,711.8376434714995,0.5545468423588622,0.49745465160968444,0.13723314621848393
1302.8599999999701,1569.2018340265377,711.8406286585886,0.5554812391090205,0.49842894027051654,0.13800336882872882
1302.86999999997,1569.2018340265377,711.8436138248898,0.5564157500932188,0.49940375932875236,0.1387767843916886
1302.87999999997,1569.2018340265377,711.8465989704035,0.5573503713226026,0.500379104466524,0.13955339837046346
1302.88999999997,1569.2018340265377,711.84958409513,0.5582850988063012,0.5013549713532226,0.14033321618414538
1302.89999999997,1569.2018340265377,711.8525691990694,0.5592199285349408,0.5023313556456704,0.14111624320334207
1302.90999999997,1569.2018340265377,711.8555542822222,0.5601548565048008,0.5033082529881815,0.14190248475583858
1302.91999999997,1569.2018340265377,711.8585393445882,0.5610898787101405,0.5042856590122876,0.1426919461241162
1302.92999999997,1569.2018340265377,711.8615243861677,0.5620249911269872,0.5052635693372087,0.14348463254106547
1302.93999999997,1569.2018340265377,711.8645094069614,0.5629601897379916,0.5062419795696546,0.1442805491957511
1302.94999999997,1569.2018340265377,711.8674944069688,0.5638954705141519,0.507220885303625,0.1450797012282241
1302.95999999997,1569.2018340265377,711.8704793861906,0.5648308294223939,0.5082002821208819,0.14588209373128483
1302.96999999997,1569.2018340265377,711.8734643446268,0.5657662624299907,0.5091801655906384,0.14668773175102584
1302.97999999997,1569.2018340265377,711.8764492822778,0.5667017654892148,0.510160531269808,0.14749662028257532
1302.98999999997,1569.2018340265377,711.8794341991438,0.5676373345527173,0.5111413747028061,0.14830876427351947
1302.99999999997,1569.2018340265377,711.8824190952247,0.5685729655724853,0.5121226914216124,0.14912416862325772
1303.00999999997,1569.2018340265377,711.8854039705211,0.5695086544878869,0.513104476946133,0.1499428381796551
1303.01999999997,1569.2018340265377,711.8883888250331,0.570444397236456,0.5140867267837408,0.15076477774115268
1303.02999999997,1569.2018340265377,711.8913736587608,0.5713801897486596,0.5150694364296003,0.15158999205515025
1303.03999999997,1569.2018340265377,711.8943584717044,0.5723160279554075,0.5160526013665822,0.15241848581951023
1303.04999999997,1569.2018340265377,711.8973432638643,0.573251907779429,0.5170362170654017,0.15325026367992667
1303.05999999997,1569.2018340265377,711.9003280352407,0.5741878251353302,0.5180202789845714,0.15408533022946005
1303.06999999997,1569.2018340265377,711.9033127858338,0.5751237759349738,0.5190047825703524,0.15492369000950543
1303.07999999997,1569.2018340265377,711.9062975156436,0.5760597560919815,0.5199897232568199,0.15576534751062193
1303.08999999997,1569.2018340265377,711.9092822246706,0.5769957615042033,0.5209750964661147,0.15661030716752247
1303.09999999997,1569.2018340265377,711.9122669129149,0.5779317880691077,0.5219608976080965,0.15745857336256605
1303.10999999997,1569.2018340265377,711.9152515803768,0.5788678316881141,0.5229471220806721,0.15831015042672422
1303.1199999999699,1569.2018340265377,711.9182362270562,0.579803888244874,0.5239337652695976,0.15916504263310718
1303.1299999999699,1569.2018340265377,711.9212208529536,0.5807399536236509,0.5249208225487322,0.16002325420167607
1303.1399999999699,1569.2018340265377,711.9242054580693,0.5816760236965987,0.525908289279955,0.16088478929526384
1303.1499999999699,1569.2018340265377,711.9271900424034,0.5826120943518082,0.5268961608131176,0.16174965202685526
1303.1599999999698,1569.2018340265377,711.930174605956,0.5835481614531912,0.527884432486186,0.16261784644816255
1303.1699999999698,1569.2018340265377,711.9331591487274,0.5844842208665694,0.5288730996251949,0.16348937655635384
1303.1799999999698,1569.2018340265377,711.9361436707179,0.5854202684532355,0.5298621575443897,0.16436424629192783
1303.1899999999698,1569.2018340265377,711.9391281719278,0.5863563000655374,0.5308516015461814,0.1652424595370027
1303.1999999999698,1569.2018340265377,711.942112652357,0.5872923115633999,0.5318414269210249,0.16612402011945046
1303.2099999999698,1569.2018340265377,711.9450971120058,0.5882282987924139,0.5328316289477514,0.1670089318065067
1303.2199999999698,1569.2018340265377,711.9480815508747,0.589164257590418,0.5338222028934849,0.16789719830610364
1303.2299999999698,1569.2018340265377,711.9510659689637,0.5901001837974693,0.5348131440134849,0.1687888232691653
1303.2399999999698,1569.2018340265377,711.9540503662729,0.5910360732588978,0.5358044475513648,0.16968381029021645
1303.2499999999698,1569.2018340265377,711.9570347428028,0.5919719217885855,0.5367961087391991,0.1705821628964807
1303.2599999999698,1569.2018340265377,711.9600190985534,0.5929077252188552,0.5377881227973277,0.17148388456160185
1303.2699999999697,1569.2018340265377,711.9630034335252,0.5938434793712473,0.5387804849345758,0.17238897869698117
1303.2799999999697,1569.2018340265377,711.9659877477178,0.5947791800651855,0.5397731903480218,0.17329744865367908
1303.2899999999697,1569.2018340265377,711.968972041132,0.5957148231125533,0.5407662342235199,0.17420929772073507
1303.2999999999697,1569.2018340265377,711.971956313768,0.5966504043167031,0.541759611735278,0.17512452912415008
1303.3099999999697,1569.2018340265377,711.9749405656258,0.5975859194887746,0.5427533180459666,0.17604314603129834
1303.3199999999697,1569.2018340265377,711.9779247967056,0.598521364423753,0.5437473483068638,0.17696515154356732
1303.3299999999697,1569.2018340265377,711.9809090070077,0.5994567349233721,0.5447416976579641,0.1778905487027206
1303.3399999999697,1569.2018340265377,711.9838931965323,0.6003920267722174,0.5457363612278222,0.17881934048329848
1303.3499999999697,1569.2018340265377,711.9868773652798,0.6013272357617098,0.5467313341336608,0.17975152979934683
1303.3599999999697,1569.2018340265377,711.98986151325,0.6022623576824567,0.5477266114812916,0.18068711950168986
1303.3699999999697,1569.2018340265377,711.9928456404434,0.6031973883036474,0.5487221883654512,0.18162611237152523
1303.3799999999696,1569.2018340265377,711.9958297468604,0.6041323234035543,0.5497180598696448,0.18256851112900563
1303.3899999999696,1569.2018340265377,711.9988138325009,0.6050671587575879,0.5507142210659921,0.18351431842914526
1303.3999999999696,1569.2018340265377,712.0017978973651,0.6060018901361536,0.5517106670155631,0.18446353686095784
1303.4099999999696,1569.2018340265377,712.0047819414533,0.6069365132970477,0.5527073927682998,0.18541616894463683
1303.4199999999696,1569.2018340265377,712.0077659647659,0.6078710240050477,0.5537043933631264,0.18637221713715058
1303.4299999999696,1569.2018340265377,712.010749967303,0.6088054180113435,0.5547016638277942,0.18733168382543092
1303.4399999999696,1569.2018340265377,712.0137339490645,0.6097396910731129,0.555699199178954,0.1882945713319742
1303.4499999999696,1569.2018340265377,712.0167179100512,0.610673838939382,0.556696994422535,0.18926088191033272
1303.4599999999696,1569.2018340265377,712.0197018502629,0.6116078573500172,0.5576950445532836,0.1902306177440289
1303.4699999999696,1569.2018340265377,712.0226857696999,0.6125417420520446,0.5586933445551053,0.19120378095141358
1303.4799999999696,1569.2018340265377,712.0256696683625,0.6134754887811738,0.5596918894010239,0.1921803735794748
1303.4899999999695,1569.2018340265377,712.0286535462508,0.6144090932694373,0.5606906740531785,0.19316039760575998
1303.4999999999695,1569.2018340265377,712.0316374033652,0.6153425512507471,0.5616896934630137,0.19414385493982383
1303.5099999999695,1569.2018340265377,712.0346212397056,0.6162758584499247,0.5626889425710482,0.19513074741919187
1303.5199999999695,1569.2018340265377,712.0376050552726,0.6172090105926095,0.5636884163071787,0.1961210768122532
1303.5299999999695,1569.2018340265377,712.0405888500661,0.6181420033943276,0.5646881095905264,0.19711484481425948
1303.5399999999695,1569.2018340265377,712.0435726240866,0.6190748325758934,0.5656880173296261,0.19811205305191473
1303.5499999999695,1569.2018340265377,712.0465563773341,0.6200074938437008,0.5666881344223493,0.1991127030766094
1303.5599999999695,1569.2018340265377,712.049540109809,0.6209399829136971,0.5676884557559424,0.2001167963716788
1303.5699999999695,1569.2018340265377,712.052523821511,0.6218722954866289,0.5686889762070634,0.20112433434406474
1303.5799999999695,1569.2018340265377,712.0555075124412,0.6228044272705635,0.5696896906421253,0.2021353183313697
1303.5899999999695,1569.2018340265377,712.0584911825991,0.623736373958305,0.5706905939167246,0.20314974959372828
1303.5999999999694,1569.2018340265377,712.0614748319852,0.6246681312502687,0.5716916808761747,0.20416762932116234
1303.6099999999694,1569.2018340265377,712.0644584605996,0.6255996948380557,0.5726929463554308,0.20518895862777448
1303.6199999999694,1569.2018340265377,712.0674420684427,0.6265310604090142,0.5736943851790894,0.20621373855279007
1303.6299999999694,1569.2018340265377,712.0704256555146,0.6274622236504405,0.5746959921613146,0.2072419700614568
1303.6399999999694,1569.2018340265377,712.0734092218154,0.6283931802464285,0.575697762106066,0.20827365404375633
1303.6499999999694,1569.2018340265377,712.0763927673454,0.6293239258725594,0.5766996898070633,0.2093087913121857
1303.6599999999694,1569.2018340265377,712.079376292105,0.630254456212059,0.5777017700479021,0.2103473826067785
1303.6699999999694,1569.2018340265377,712.0823597960942,0.6311847669287846,0.5787039976018256,0.21138942858552895
1303.6799999999694,1569.2018340265377,712.0853432793134,0.6321148537041695,0.579706367232147,0.21243492983659734
1303.6899999999694,1569.2018340265377,712.0883267417624,0.63304471219811,0.5807088736919084,0.2134838868645673
1303.6999999999694,1569.2018340265377,712.091310183442,0.6339743380772714,0.5817115117243786,0.21453630009986016
1303.7099999999693,1569.2018340265377,712.0942936043523,0.6349037270021165,0.5827142760626359,0.21559216989365948
1303.7199999999693,1569.2018340265377,712.097277004493,0.6358328746301213,0.5837171614296852,0.21665149651865273
1303.7299999999693,1569.2018340265377,712.1002603838647,0.6367617766190867,0.5847201625388809,0.21771428017005678
1303.7399999999693,1569.2018340265377,712.1032437424677,0.637690428618558,0.5857232740936252,0.21878052096205203
1303.7499999999693,1569.2018340265377,712.1062270803022,0.6386188262816643,0.5867264907874079,0.21985021893143833
1303.7599999999693,1569.2018340265377,712.1092103973682,0.639546965258748,0.5877298073038881,0.2209233740351155
1303.7699999999693,1569.2018340265377,712.112193693666,0.6404748411843758,0.5887332183170877,0.22199998614531125
1303.7799999999693,1569.2018340265377,712.1151769691959,0.6414024497043577,0.589736718491319,0.22308005505843384
1303.7899999999693,1569.2018340265377,712.1181602239582,0.6423297864553742,0.5907403024811895,0.22416358048763416
1303.7999999999693,1569.2018340265377,712.1211434579527,0.6432568470789333,0.5917439649315667,0.22525056206721653
1303.8099999999692,1569.2018340265377,712.1241266711801,0.6441836272020122,0.592747700477966,0.22634099934576382
1303.8199999999692,1569.2018340265377,712.1271098636404,0.6451101224596705,0.5937515037462106,0.22743489179337176
1303.8299999999692,1569.2018340265377,712.130093035334,0.6460363284758617,0.594755369352704,0.2285322387947229
1303.8399999999692,1569.2018340265377,712.1330761862607,0.6469622408804628,0.5957592919042443,0.22963303965453008
1303.8499999999692,1569.2018340265377,712.136059316421,0.6478878552955398,0.5967632659983729,0.23073729359255712
1303.8599999999692,1569.2018340265377,712.1390424258152,0.6488131673351576,0.5977672862233044,0.23184499974306055
1303.8699999999692,1569.2018340265377,712.1420255144434,0.6497381726250316,0.598771347157778,0.23295615716128307
1303.8799999999692,1569.2018340265377,712.1450085823058,0.6506628667764646,0.5997754433713325,0.23407076481397213
1303.8899999999692,1569.2018340265377,712.1479916294026,0.6515872454059846,0.6007795694242728,0.235188821585969
1303.8999999999692,1569.2018340265377,712.1509746557341,0.6525113041179844,0.6017837198677534,0.2363103262736321
1303.9099999999692,1569.2018340265377,712.1539576613005,0.6534350385274996,0.6027878892437081,0.2374352775926012
1303.9199999999691,1569.2018340265377,712.1569406461019,0.654358444236372,0.6037920720849712,0.23856367416888224
1303.9299999999691,1569.2018340265377,712.1599236101387,0.6552815168507301,0.6047962629153995,0.23969551454487567
1303.9399999999691,1569.2018340265377,712.1629065534111,0.6562042519701,0.6058004562498405,0.2408307971750007
1303.9499999999691,1569.2018340265377,712.1658894759191,0.6571266451950282,0.6068046465940639,0.24196952042802736
1303.959999999969,1569.2018340265377,712.1688723776631,0.6580486921228084,0.6078088284449972,0.2431116825853117
1303.969999999969,1569.2018340265377,712.1718552586432,0.6589703883496467,0.6088129962906969,0.24425728184117945
1303.979999999969,1569.2018340265377,712.1748381188597,0.6598917294599324,0.6098171446104309,0.24540631629861911
1303.989999999969,1569.2018340265377,712.1778209583131,0.6608127110564431,0.6108212678746877,0.24655878398011247
1303.999999999969,1569.2018340265377,712.1808037770029,0.661733328723716,0.6118253605449931,0.24771468281351355
1304.009999999969,1569.2018340265377,712.18378657493,0.6626535780432538,0.6128294170745686,0.24887401063780784
1304.019999999969,1569.2018340265377,712.1867693520943,0.6635734546020592,0.6138334319077283,0.25003676520545154
1304.029999999969,1569.2018340265377,712.1897521084961,0.6644929539873023,0.6148373994802696,0.2512029441803362
1304.039999999969,1569.2018340265377,712.1927348441355,0.6654120717767958,0.6158413142194061,0.25237254513375523
1304.049999999969,1569.2018340265377,712.1957175590128,0.666330803550617,0.6168451705438919,0.2535455655485038
1304.059999999969,1569.2018340265377,712.1987002531284,0.6672491448807217,0.6178489628641445,0.25472200281466467
1304.069999999969,1569.2018340265377,712.2016829264824,0.6681670913467395,0.6188526855819496,0.25590185423500084
1304.079999999969,1569.2018340265377,712.2046655790747,0.6690846385212205,0.6198563330908144,0.25708511701926307
1304.089999999969,1569.2018340265377,712.2076482109059,0.6700017819781579,0.620859899776054,0.25827178828714314
1304.099999999969,1569.2018340265377,712.210630821976,0.6709185172855011,0.6218633800146104,0.25946186506487956
1304.109999999969,1569.2018340265377,712.2136134122856,0.6718348400042654,0.6228667681753308,0.26065534428474846
1304.119999999969,1569.2018340265377,712.2165959818343,0.672750745716097,0.6238700586186713,0.26185222279514553
1304.129999999969,1569.2018340265377,712.2195785306227,0.6736662299765804,0.6248732456972058,0.2630524973425557
1304.139999999969,1569.2018340265377,712.2225610586511,0.6745812883471007,0.6258763237554066,0.26425616458333545
1304.149999999969,1569.2018340265377,712.2255435659196,0.6754959163938867,0.6268792871296558,0.2654632210830319
1304.159999999969,1569.2018340265377,712.2285260524282,0.6764101096774292,0.6278821301483332,0.2666736633119666
1304.169999999969,1569.2018340265377,712.2315085181774,0.6773238637513098,0.6288848471320945,0.26788748764462483
1304.179999999969,1569.2018340265377,712.2344909631673,0.6782371741805227,0.6298874323935401,0.26910469036625584
1304.189999999969,1569.2018340265377,712.2374733873983,0.6791500365136851,0.6308898802375701,0.27032526766184184
1304.199999999969,1569.2018340265377,712.2404557908703,0.6800624463107344,0.6318921849612433,0.2715492156265918
1304.2099999999689,1569.2018340265377,712.2434381735836,0.6809743991197182,0.6328943408539051,0.2727765302564855
1304.2199999999689,1569.2018340265377,712.2464205355387,0.6818858904968739,0.6338963421973891,0.2740072074561028
1304.2299999999689,1569.2018340265377,712.2494028767355,0.6827969159875155,0.6348981832656881,0.2752412430303508
1304.2399999999689,1569.2018340265377,712.2523851971744,0.6837074711496194,0.635899858325385,0.2764786326939696
1304.2499999999688,1569.2018340265377,712.2553674968555,0.6846175515249796,0.6369013616355139,0.2777193720594599
1304.2599999999688,1569.2018340265377,712.258349775779,0.685527152658472,0.6379026874476498,0.278963456644566
1304.2699999999688,1569.2018340265377,712.2613320339453,0.686436270098087,0.6389038300059593,0.280210881872025
1304.2799999999688,1569.2018340265377,712.2643142713545,0.6873448993927457,0.6399047835472151,0.28146164306837745
1304.2899999999688,1569.2018340265377,712.2672964880067,0.6882530360797063,0.6409055423009237,0.28271573545858847
1304.2999999999688,1569.2018340265377,712.2702786839023,0.689160675700513,0.6419061004894149,0.28397315417230073
1304.3099999999688,1569.2018340265377,712.2732608590414,0.6900678137987674,0.642906452327628,0.28523389424243206
1304.3199999999688,1569.2018340265377,712.2762430134243,0.6909744459192525,0.6439065920235072,0.28649795060485495
1304.3299999999688,1569.2018340265377,712.2792251470512,0.6918805676015496,0.6449065137779014,0.2877653180953461
1304.3399999999688,1569.2018340265377,712.2822072599222,0.6927861743705568,0.6459062117845024,0.28903599144522685
1304.3499999999688,1569.2018340265377,712.2851893520378,0.6936912617778167,0.6469056802302033,0.2903099652985718
1304.3599999999687,1569.2018340265377,712.2881714233978,0.6945958253570044,0.6479049132946558,0.2915872341929878
1304.3699999999687,1569.2018340265377,712.2911534740027,0.6954998606452948,0.6489039051509711,0.2928677925688182
1304.3799999999687,1569.2018340265377,712.2941355038528,0.6964033631653207,0.6499026499652404,0.2941516347608074
1304.3899999999687,1569.2018340265377,712.2971175129481,0.6973063284673923,0.6509011418968165,0.2954387550158447
1304.3999999999687,1569.2018340265377,712.3000995012889,0.6982087520780123,0.651899375098254,0.2967291474709074
1304.4099999999687,1569.2018340265377,712.3030814688752,0.6991106295344152,0.652897343715553,0.29802280616755217
1304.4199999999687,1569.2018340265377,712.3060634157077,0.7000119563576159,0.6538950418881374,0.2993197250401455
1304.4299999999687,1569.2018340265377,712.3090453417865,0.7009127280920028,0.6548924637487566,0.3006198979323536
1304.4399999999687,1569.2018340265377,712.3120272471112,0.7018129402625716,0.6558896034235413,0.30192331857865506
1304.4499999999687,1569.2018340265377,712.3150091316827,0.702712588403157,0.6568864550324744,0.3032299806165397
1304.4599999999687,1569.2018340265377,712.3179909955011,0.7036116680397855,0.6578830126889911,0.3045398775787058
1304.4699999999686,1569.2018340265377,712.3209728385665,0.7045101747021482,0.6588792705001473,0.3058530028978597
1304.4799999999686,1569.2018340265377,712.323954660879,0.7054081039236918,0.659875222566713,0.3071693499065823
1304.4899999999686,1569.2018340265377,712.3269364624389,0.7063054512280598,0.6608708629832275,0.308488911831202
1304.4999999999686,1569.2018340265377,712.3299182432467,0.707202212143689,0.6618661858382445,0.3098116817980771
1304.5099999999686,1569.2018340265377,712.3329000033023,0.7080983822018638,0.6628611852139326,0.3111376528321232
1304.5199999999686,1569.2018340265377,712.3358817426058,0.7089939569334904,0.6638558551864722,0.312466817855507
1304.5299999999686,1569.2018340265377,712.3388634611578,0.7098889318588092,0.6648501898261499,0.31379916968291605
1304.5399999999686,1569.2018340265377,712.3418451589582,0.7107833025040666,0.6658441831971866,0.3151347010284501
1304.5499999999686,1569.2018340265377,712.3448268360075,0.7116770644004876,0.6668378293579841,0.3164734045051702
1304.5599999999686,1569.2018340265377,712.3478084923057,0.7125702130750103,0.6678311223609907,0.3178152726206104
1304.5699999999686,1569.2018340265377,712.3507901278529,0.7134627440522537,0.668824056252911,0.3191602977775658
1304.5799999999685,1569.2018340265377,712.3537717426498,0.7143546528579083,0.6698166250749507,0.3205084722755768
1304.5899999999685,1569.2018340265377,712.3567533366961,0.7152459350184802,0.6708088228622684,0.32185978831004136
1304.5999999999685,1569.2018340265377,712.3597349099923,0.7161365860657445,0.6718006436446763,0.3232142379746471
1304.6099999999685,1569.2018340265377,712.3627164625385,0.7170266015210605,0.6727920814463183,0.32457181325374984
1304.6199999999685,1569.2018340265377,712.365697994335,0.7179159769089305,0.6737831302859176,0.3259325060284495
1304.6299999999685,1569.2018340265377,712.3686795053821,0.7188047077569975,0.6747737841767196,0.327296308076311
1304.6399999999685,1569.2018340265377,712.3716609956797,0.7196927895982356,0.6757640371264755,0.32866321107212787
1304.6499999999685,1569.2018340265377,712.3746424652282,0.7205802179533212,0.6767538831378387,0.3300332065800283
1304.6599999999685,1569.2018340265377,712.377623914028,0.7214669883461662,0.6777433162080838,0.33140628606002065
1304.6699999999685,1569.2018340265377,712.3806053420791,0.7223530963102535,0.6787323303292025,0.33278244087079173
1304.6799999999685,1569.2018340265377,712.3835867493817,0.7232385373689681,0.6797209194881507,0.3341616622606949
1304.6899999999684,1569.2018340265377,712.386568135936,0.7241233070520654,0.6807090776667178,0.3355439413749574
1304.6999999999684,1569.2018340265377,712.3895495017425,0.725007400886635,0.6816967988417744,0.3369292692515425
1304.7099999999684,1569.2018340265377,712.3925308468012,0.7258908144000412,0.6826840769850671,0.338317636822078
1304.7199999999684,1569.2018340265377,712.395512171112,0.7267735431241933,0.6836709060634659,0.3397090349138776
1304.7299999999684,1569.2018340265377,712.3984934746758,0.7276555825831178,0.6846572800391361,0.3411034542441014
1304.7399999999684,1569.2018340265377,712.4014747574923,0.7285369283105847,0.685643192869259,0.34250088542749807
1304.7499999999684,1569.2018340265377,712.404456019562,0.7294175758316013,0.6866286385063544,0.3439013189678554
1304.7599999999684,1569.2018340265377,712.4074372608849,0.7302975206830195,0.6876136108982651,0.34530474526746235
1304.7699999999684,1569.2018340265377,712.4104184814612,0.7311767583877576,0.6885981039881792,0.3467111546147829
1304.7799999999684,1569.2018340265377,712.4133996812914,0.7320552844848386,0.6895821117148397,0.3481205371986549
1304.7899999999684,1569.2018340265377,712.4163808603756,0.7329330945035928,0.6905656280124169,0.34953288309577063
1304.7999999999683,1569.2018340265377,712.4193620187137,0.7338101839770781,0.691548646810494,0.3509481822768177
1304.8099999999683,1569.2018340265377,712.4223431563063,0.7346865484410776,0.692531162034539,0.35236642460630835
1304.8199999999683,1569.2018340265377,712.4253242731536,0.7355621834249966,0.6935131676056289,0.3537875998377529
1304.8299999999683,1569.2018340265377,712.4283053692557,0.7364370844640782,0.6944946574404713,0.3552116976193419
1304.8399999999683,1569.2018340265377,712.4312864446127,0.7373112471025118,0.6954756254516536,0.3566387074955604
1304.8499999999683,1569.2018340265377,712.4342674992249,0.7381846668710801,0.6964560655475913,0.35806861889617325
1304.8599999999683,1569.2018340265377,712.4372485330928,0.739057339301349,0.6974359716327754,0.3595014211431139
1304.8699999999683,1569.2018340265377,712.4402295462163,0.7399292599401533,0.6984153376074975,0.3609371034570988
1304.8799999999683,1569.2018340265377,712.4432105385955,0.7408004243250206,0.699394157368098,0.36237565494579377
1304.8899999999683,1569.2018340265377,712.446191510231,0.7416708279964825,0.7003724248072137,0.3638170646098795
1304.8999999999683,1569.2018340265377,712.4491724611227,0.7425404664950422,0.7013501338134669,0.3652613213410929
1304.9099999999682,1569.2018340265377,712.452153391271,0.7434093353593124,0.7023272782718616,0.36670841392156034
1304.9199999999682,1569.2018340265377,712.4551343006761,0.7442774301419977,0.703303852063548,0.36815833103128576
1304.9299999999682,1569.2018340265377,712.4581151893381,0.7451447463807812,0.7042798490660706,0.36961106123391113
1304.9399999999682,1569.2018340265377,712.4610960572574,0.7460112796196239,0.7052552631535417,0.37106659298723843
1304.9499999999682,1569.2018340265377,712.464076904434,0.7468770254106364,0.7062300881963685,0.3725249146437723
1304.9599999999682,1569.2018340265377,712.4670577308682,0.7477419793011199,0.7072043180615388,0.3739860144444494
1304.9699999999682,1569.2018340265377,712.4700385365603,0.7486061368366084,0.7081779466127585,0.3754498805201354
1304.9799999999682,1569.2018340265377,712.4730193215105,0.749469493574007,0.7091509677102896,0.37691650089791157
1304.9899999999682,1569.2018340265377,712.476000085719,0.75033204505742,0.710123375211163,0.378385863489053
1304.9999999999682,1569.2018340265377,712.4789808291858,0.7511937868464134,0.7110951629691663,0.37985795610308865
1305.0099999999682,1569.2018340265377,712.4819615519115,0.7520547144979084,0.7120663248350184,0.38133276643878483
1305.0199999999681,1569.2018340265377,712.4849422538961,0.752914823558194,0.713036854656321,0.38281028207989004
1305.0299999999681,1569.2018340265377,712.4879229351397,0.7537741095920935,0.7140067462776224,0.38429049050987796
1305.0399999999681,1569.2018340265377,712.4909035956429,0.7546325681589247,0.714975993540591,0.3857733790998559
1305.0499999999681,1569.2018340265377,712.4938842354053,0.7554901948144949,0.7159445902838579,0.3872589351092637
1305.059999999968,1569.2018340265377,712.4968648544278,0.7563469851242419,0.7169125303435232,0.388747145693042
1305.069999999968,1569.2018340265377,712.4998454527104,0.757202934652074,0.7178798075526288,0.390237997895269
1305.079999999968,1569.2018340265377,712.5028260302529,0.7580580389656942,0.718846415741555,0.3917314786522264
1305.089999999968,1569.2018340265377,712.505806587056,0.7589122936293596,0.7198123487382313,0.3932275747888041
1305.099999999968,1569.2018340265377,712.5087871231198,0.7597656942111198,0.7207776003678693,0.39472627302185004
1305.109999999968,1569.2018340265377,712.5117676384444,0.7606182362807002,0.7217421644532105,0.39622755995927
1305.119999999968,1569.2018340265377,712.51474813303,0.76146991541661,0.7227060348144806,0.3977314221036129
1305.129999999968,1569.2018340265377,712.517728606877,0.7623207271882081,0.7236692052696745,0.3992378458429667
1305.139999999968,1569.2018340265377,712.5207090599856,0.7631706671657487,0.7246316696344369,0.4007468174559568
1305.149999999968,1569.2018340265377,712.523689492356,0.7640197309381977,0.7255934217220534,0.4022583231210431
1305.159999999968,1569.2018340265377,712.526669903988,0.7648679140815434,0.726554455343626,0.40377234890004016
1305.169999999968,1569.2018340265377,712.5296502948823,0.7657152121738221,0.7275147643083206,0.4052888807461837
1305.179999999968,1569.2018340265377,712.5326306650392,0.7665616208028632,0.7284743424231392,0.4068079045079345
1305.189999999968,1569.2018340265377,712.5356110144586,0.7674071355506966,0.7294331834930577,0.40832940592083894
1305.199999999968,1569.2018340265377,712.5385913431409,0.7682517520112215,0.7303912813211654,0.40985337061700977
1305.209999999968,1569.2018340265377,712.541571651086,0.7690954657686162,0.7313486297086192,0.4113797841135523
1305.219999999968,1569.2018340265377,712.5445519382945,0.7699382724161383,0.7323052224549663,0.41290863182288845
1305.229999999968,1569.2018340265377,712.5475322047665,0.7707801675490924,0.7332610533578796,0.41443989904869305
1305.239999999968,1569.2018340265377,712.5505124505021,0.7716211467631278,0.7342161162133339,0.4159735709851414
1305.249999999968,1569.2018340265377,712.5534926755016,0.7724612056599972,0.7351704048158535,0.4175096327202638
1305.259999999968,1569.2018340265377,712.5564728797654,0.7733003398339298,0.7361239129583592,0.4190480692283923
1305.269999999968,1569.2018340265377,712.5594530632934,0.7741385448932311,0.7370766344322712,0.42058886538192525
1305.279999999968,1569.2018340265377,712.5624332260859,0.7749758164435934,0.7380285630276114,0.42213200594242095
1305.289999999968,1569.2018340265377,712.5654133681431,0.7758121500931348,0.7389796925331418,0.42367747556346264
1305.299999999968,1569.2018340265377,712.5683934894655,0.7766475414436097,0.7399300167363584,0.4252252587858338
1305.3099999999679,1569.2018340265377,712.571373590053,0.7774819861206516,0.7408795294234488,0.4267753400540057
1305.3199999999679,1569.2018340265377,712.5743536699059,0.778315479732854,0.7418282243795761,0.42832770369409734
1305.3299999999679,1569.2018340265377,712.5773337290244,0.7791480178972172,0.7427760953887642,0.4298823339276525
1305.3399999999679,1569.2018340265377,712.5803137674088,0.7799795962400281,0.7437231362341093,0.43143921487242165
1305.3499999999678,1569.2018340265377,712.5832937850594,0.7808102103698935,0.7446693406977382,0.4329983305274211
1305.3599999999678,1569.2018340265377,712.586273781976,0.7816398559338128,0.7456147025608386,0.4345596648040179
1305.3699999999678,1569.2018340265377,712.5892537581593,0.7824685285427077,0.7465592156039437,0.43612320148502726
1305.3799999999678,1569.2018340265377,712.5922337136093,0.7832962238324876,0.7475028736067452,0.4376889242583715
1305.3899999999678,1569.2018340265377,712.5952136483262,0.7841229374398305,0.7484456703483057,0.43925681670394756
1305.3999999999678,1569.2018340265377,712.5981935623103,0.7849486649944811,0.7493875996070896,0.44082686228935963
1305.4099999999678,1569.2018340265377,712.6011734555616,0.7857734021445045,0.7503286551609941,0.442399044384144
1305.4199999999678,1569.2018340265377,712.6041533280807,0.7865971445243246,0.7512688307875609,0.4439733462421316
1305.4299999999678,1569.2018340265377,712.6071331798674,0.7874198877780532,0.7522081202637917,0.44554975101436156
1305.4399999999678,1569.2018340265377,712.6101130109222,0.7882416275650932,0.7531465173664312,0.44712824175269444
1305.4499999999678,1569.2018340265377,712.6130928212452,0.7890623595228927,0.7540840158719996,0.44870880138881303
1305.4599999999677,1569.2018340265377,712.6160726108368,0.7898820793110715,0.7550206095567871,0.45029141275925677
1305.4699999999677,1569.2018340265377,712.6190523796969,0.7907007825854908,0.7559562921968876,0.45187605859084207
1305.4799999999677,1569.2018340265377,712.622032127826,0.791518465006039,0.7568910575684803,0.4534627215054793
1305.4899999999677,1569.2018340265377,712.6250118552239,0.7923351222366023,0.757824899447576,0.45505138401993317
1305.4999999999677,1569.2018340265377,712.6279915618915,0.7931507499366535,0.7587578116105494,0.45664202854170155
1305.5099999999677,1569.2018340265377,712.6309712478285,0.7939653437839091,0.7596897878336011,0.4582346373814741
1305.5199999999677,1569.2018340265377,712.633950913035,0.7947788994460618,0.7606208218932533,0.4598291927375656
1305.5299999999677,1569.2018340265377,712.6369305575117,0.7955914126015249,0.7615509075664534,0.4614256767080699
1305.5399999999677,1569.2018340265377,712.6399101812585,0.7964028789225794,0.7624800386303225,0.4630240712809056
1305.5499999999677,1569.2018340265377,712.6428897842758,0.7972132940970232,0.7634082088625083,0.4646243583468916
1305.5599999999677,1569.2018340265377,712.6458693665636,0.798022653809375,0.7643354120410755,0.4662265196888234
1305.5699999999676,1569.2018340265377,712.6488489281222,0.7988309537475445,0.7652616419446814,0.4678305369856533
1305.5799999999676,1569.2018340265377,712.651828468952,0.7996381896037388,0.7661868923526443,0.46943639181321734
1305.5899999999676,1569.2018340265377,712.654807989053,0.8004443570707638,0.7671111570449058,0.47104406564213563
1305.5999999999676,1569.2018340265377,712.6577874884254,0.8012494518543166,0.7680344298021708,0.4726535398453346
1305.6099999999676,1569.2018340265377,712.6607669670694,0.8020534696494928,0.768956704406047,0.47426479568451746
1305.6199999999676,1569.2018340265377,712.6637464249856,0.8028564061661555,0.7698779746390424,0.47587781432522885
1305.6299999999676,1569.2018340265377,712.6667258621737,0.8036582571093172,0.7707982342845293,0.4774925768253661
1305.6399999999676,1569.2018340265377,712.6697052786343,0.8044590182007048,0.7717174771270248,0.47910906414844695
1305.6499999999676,1569.2018340265377,712.6726846743672,0.805258685148818,0.7726356969520486,0.4807272571457934
1305.6599999999676,1569.2018340265377,712.6756640493732,0.8060572536789484,0.7735528875464729,0.4823471365749572
1305.6699999999676,1569.2018340265377,712.6786434036519,0.8068547195116481,0.7744690426982063,0.4839686830866545
1305.6799999999675,1569.2018340265377,712.681622737204,0.8076510783786855,0.775384156196648,0.4855918772350214
1305.6899999999675,1569.2018340265377,712.6846020500294,0.8084463260109561,0.7762982218324779,0.4872166994702771
1305.6999999999675,1569.2018340265377,712.6875813421285,0.8092404581366378,0.7772112333978651,0.4888431301380032
1305.7099999999675,1569.2018340265377,712.6905606135015,0.810033470505422,0.7781231846865029,0.4904711494939788
1305.7199999999675,1569.2018340265377,712.6935398641484,0.8108253588550828,0.7790340694936435,0.49210073768423473
1305.7299999999675,1569.2018340265377,712.6965190940697,0.8116161189356628,0.7799438816162723,0.49373187476004976
1305.7399999999675,1569.2018340265377,712.6994983032655,0.8124057464900419,0.7808526148530721,0.49536454066629876
1305.7499999999675,1569.2018340265377,712.7024774917361,0.813194237286325,0.7817602630045289,0.4969987152614866
1305.7599999999675,1569.2018340265377,712.7054566594815,0.8139815870745087,0.7826668198729322,0.4986343782915448
1305.7699999999675,1569.2018340265377,712.708435806502,0.814767791618765,0.7835722792626513,0.5002715094100421
1305.7799999999675,1569.2018340265377,712.7114149327981,0.8155528466864369,0.784476634979999,0.50191008817151
1305.7899999999674,1569.2018340265377,712.7143940383697,0.8163367480489959,0.7853798808333357,0.5035500940323627
1305.7999999999674,1569.2018340265377,712.7173731232169,0.8171194914847815,0.7862820106331392,0.5051915063528867
1305.8099999999674,1569.2018340265377,712.7203521873403,0.8179010727699584,0.7871830181922818,0.5068343043922251
1305.8199999999674,1569.2018340265377,712.72333123074,0.8186814876885848,0.7880828973258243,0.5084784673145382
1305.8299999999674,1569.2018340265377,712.726310253416,0.8194607320316254,0.788981641851121,0.5101239741887702
1305.8399999999674,1569.2018340265377,712.7292892553687,0.8202388015889892,0.7898792455880277,0.5117708039841937
1305.8499999999674,1569.2018340265377,712.7322682365983,0.8210156921584449,0.7907757023589368,0.5134189355762222
1305.8599999999674,1569.2018340265377,712.7352471971051,0.8217913995412799,0.791671005988779,0.5150683477439518
1305.8699999999674,1569.2018340265377,712.7382261368891,0.8225659195386605,0.7925651503050943,0.5167190191681982
1305.8799999999674,1569.2018340265377,712.7412050559506,0.8233392479678889,0.7934581291381361,0.5183709284420787
1305.8899999999674,1569.2018340265377,712.7441839542898,0.8241113806399043,0.7943499363210438,0.520024054057371
1305.8999999999673,1569.2018340265377,712.7471628319071,0.8248823133684059,0.7952405656897086,0.5216783744102826
1305.9099999999673,1569.2018340265377,712.7501416888026,0.8256520419850726,0.7961300110830145,0.5233338678116571
1305.9199999999673,1569.2018340265377,712.7531205249765,0.8264205623171572,0.7970182663427389,0.5249905124729656
1305.9299999999673,1569.2018340265377,712.7560993404288,0.8271878701911409,0.7979053253137922,0.5266482865091492
1305.9399999999673,1569.2018340265377,712.7590781351602,0.8279539614489181,0.7987911818442892,0.5283071679492735
1305.9499999999673,1569.2018340265377,712.7620569091705,0.8287188319307847,0.7996758297854155,0.5299671347258228
1305.9599999999673,1569.2018340265377,712.76503566246,0.8294824774852723,0.8005592629917021,0.5316281646815989
1305.9699999999673,1569.2018340265377,712.768014395029,0.8302448939612531,0.8014414753210276,0.5332902355649614
1305.9799999999673,1569.2018340265377,712.7709931068778,0.8310060772132223,0.8023224606347232,0.5349533250336233
1305.9899999999673,1569.2018340265377,712.7739717980065,0.8317660231067316,0.8032022127975752,0.536617410658458
1305.9999999999673,1569.2018340265377,712.7769504684153,0.8325247275059531,0.804080725677863,0.538282469915848
1306.0099999999672,1569.2018340265377,712.7799291181043,0.8332821862825577,0.8049579931475642,0.5399484801939681
1306.0199999999672,1569.2018340265377,712.7829077470741,0.8340383953105021,0.8058340090824577,0.5416154187898625
1306.0299999999672,1569.2018340265377,712.7858863553246,0.8347933504678227,0.8067087673618943,0.5432832629105941
1306.0399999999672,1569.2018340265377,712.788864942856,0.835547047642816,0.8075822618691681,0.5449519896780826
1306.0499999999672,1569.2018340265377,712.7918435096685,0.8362994827278917,0.8084544864914873,0.5466215761254002
1306.0599999999672,1569.2018340265377,712.7948220557627,0.8370506516160657,0.8093254351201112,0.5482919991949788
1306.0699999999672,1569.2018340265377,712.7978005811384,0.8378005502081979,0.8101951016502217,0.5499632357434792
1306.0799999999672,1569.2018340265377,712.8007790857959,0.8385491744074997,0.8110634799811606,0.5516352625388519
1306.0899999999672,1569.2018340265377,712.8037575697355,0.8392965201302732,0.8119305640165664,0.553308056267916
1306.0999999999672,1569.2018340265377,712.8067360329575,0.8400425832892607,0.8127963476642799,0.5549815935256291
1306.1099999999672,1569.2018340265377,712.8097144754619,0.840787359804101,0.8136608248364148,0.556655850822386
1306.1199999999671,1569.2018340265377,712.812692897249,0.8415308456076223,0.8145239894495941,0.5583308045888772
1306.1299999999671,1569.2018340265377,712.815671298319,0.8422730366239444,0.8153858354248564,0.56000643116181
1306.1399999999671,1569.2018340265377,712.8186496786723,0.8430139287955535,0.8162463566878909,0.5616827068025293
1306.1499999999671,1569.2018340265377,712.821628038309,0.8437535180616046,0.8171055471689108,0.5633596076828086
1306.159999999967,1569.2018340265377,712.8246063772291,0.8444918003727396,0.8179634008027913,0.5650371098952587
1306.169999999967,1569.2018340265377,712.8275846954331,0.8452287716806058,0.8188199115293036,0.5667151894470351
1306.179999999967,1569.2018340265377,712.8305629929212,0.8459644279432253,0.819675073292989,0.5683938222636167
1306.189999999967,1569.2018340265377,712.8335412696933,0.8466987651258532,0.8205288800432312,0.5700729841898655
1306.199999999967,1569.2018340265377,712.83651952575,0.8474317792000187,0.8213813257344896,0.571752650990101
1306.209999999967,1569.2018340265377,712.8394977610913,0.8481634661377655,0.82223240432624,0.5734327983445134
1306.219999999967,1569.2018340265377,712.8424759757175,0.8488938219209535,0.8230821097831107,0.5751134018560135
1306.229999999967,1569.2018340265377,712.845454169629,0.8496228425370519,0.8239304360748562,0.5767944370477621
1306.239999999967,1569.2018340265377,712.8484323428255,0.8503505239766224,0.8247773771764607,0.5784758793620046
1306.249999999967,1569.2018340265377,712.8514104953076,0.8510768622367897,0.8256229270683713,0.5801577041631467
1306.259999999967,1569.2018340265377,712.8543886270755,0.8518018533237692,0.826467079736374,0.581839886739724
1306.269999999967,1569.2018340265377,712.8573667381295,0.8525254932444435,0.8273098291717301,0.583522402299262
1306.279999999967,1569.2018340265377,712.8603448284695,0.8532477780165418,0.8281511693711826,0.5852052259756487
1306.289999999967,1569.2018340265377,712.8633228980958,0.8539687036602284,0.8289910943371882,0.5868883328241364
1306.299999999967,1569.2018340265377,712.8663009470089,0.8546882661998894,0.8298295980778915,0.5885716978229375
1306.309999999967,1569.2018340265377,712.8692789752088,0.8554064616690845,0.8306666746071316,0.5902552958770689
1306.319999999967,1569.2018340265377,712.8722569826957,0.8561232861073506,0.83150231794461,0.591939101816835
1306.329999999967,1569.2018340265377,712.8752349694698,0.8568387355609424,0.8323365221158971,0.5936230903987881
1306.339999999967,1569.2018340265377,712.8782129355315,0.8575528060754392,0.8331692811525989,0.5953072363012818
1306.349999999967,1569.2018340265377,712.8811908808809,0.8582654937091495,0.834000589092364,0.596991514134202
1306.359999999967,1569.2018340265377,712.884168805518,0.8589767945272113,0.8348304399787957,0.5986758984352281
1306.369999999967,1569.2018340265377,712.8871467094434,0.8596867045942167,0.8356588278619361,0.6003603636658326
1306.379999999967,1569.2018340265377,712.8901245926571,0.8603952199874725,0.836485746797892,0.6020448842204364
1306.389999999967,1569.2018340265377,712.8931024551595,0.8611023367838893,0.8373111908491917,0.6037294344182383
1306.399999999967,1569.2018340265377,712.8960802969505,0.8618080510804947,0.8381351540846658,0.6054139885178726
1306.4099999999669,1569.2018340265377,712.8990581180304,0.8625123589624425,0.8389576305797074,0.6070985206958331
1306.4199999999669,1569.2018340265377,712.9020359183996,0.8632152565277118,0.8397786144162168,0.6087830050641638
1306.4299999999669,1569.2018340265377,712.9050136980584,0.8639167398846703,0.8405980996827349,0.6104674156694521
1306.4399999999669,1569.2018340265377,712.9079914570065,0.8646168051463481,0.8414160804743263,0.6121517264891162
1306.4499999999668,1569.2018340265377,712.9109691952445,0.8653154484304797,0.8422325508930568,0.6138359114326029
1306.4599999999668,1569.2018340265377,712.9139469127729,0.8660126658595284,0.8430475050476886,0.6155199443414411
1306.4699999999668,1569.2018340265377,712.9169246095913,0.8667084535680745,0.8438609370537826,0.6172037989951349
1306.4799999999668,1569.2018340265377,712.9199022857002,0.8674028076963132,0.8446728410339872,0.6188874491074825
1306.4899999999668,1569.2018340265377,712.9228799410998,0.8680957243836108,0.8454832111179535,0.6205708683223432
1306.4999999999668,1569.2018340265377,712.9258575757906,0.8687871997782922,0.8462920414424978,0.6222540302213407
1306.5099999999668,1569.2018340265377,712.9288351897724,0.8694772300416389,0.8470993261514567,0.6239369083270477
1306.5199999999668,1569.2018340265377,712.9318127830454,0.8701658113366989,0.8479050593960046,0.6256194760959629
1306.5299999999668,1569.2018340265377,712.9347903556101,0.8708529398339112,0.8487092353346622,0.6273017069230612
1306.5399999999668,1569.2018340265377,712.9377679074665,0.8715386117047309,0.8495118481333055,0.6289835741377332
1306.5499999999668,1569.2018340265377,712.9407454386152,0.8722228231424829,0.8503128919652967,0.6306650510195441
1306.5599999999667,1569.2018340265377,712.9437229490559,0.8729055703303971,0.8511123610114029,0.6323461107755896
1306.5699999999667,1569.2018340265377,712.946700438789,0.8735868494719983,0.8519102494601106,0.6340267265634378
1306.5799999999667,1569.2018340265377,712.9496779078148,0.8742666567624289,0.8527065515075731,0.6357068714708277
1306.5899999999667,1569.2018340265377,712.9526553561336,0.8749449884163901,0.8535012613576509,0.6373865185365225
1306.5999999999667,1569.2018340265377,712.9556327837454,0.8756218406537706,0.8542943732219513,0.6390656407405096
1306.6099999999667,1569.2018340265377,712.9586101906505,0.8762972096949766,0.8550858813200507,0.6407442110014558
1306.6199999999667,1569.2018340265377,712.9615875768491,0.8769710917720881,0.8558757798794429,0.6424222021853107
1306.6299999999667,1569.2018340265377,712.9645649423416,0.877643483123238,0.8566640631356696,0.6440995871019656
1306.6399999999667,1569.2018340265377,712.9675422871278,0.8783143799935773,0.8574507253322403,0.6457763385063959
1306.6499999999667,1569.2018340265377,712.9705196112083,0.878983778638354,0.8582357607209729,0.6474524291020032
1306.6599999999667,1569.2018340265377,712.9734969145832,0.8796516753096427,0.8590191635618524,0.6491278315311994
1306.6699999999666,1569.2018340265377,712.9764741972526,0.8803180662790498,0.8598009281231321,0.6508025183928448
1306.6799999999666,1569.2018340265377,712.979451459217,0.8809829478159263,0.8605810486814921,0.6524764622270092
1306.6899999999666,1569.2018340265377,712.9824287004762,0.8816463162052928,0.8613595195219605,0.6541496355286676
1306.6999999999666,1569.2018340265377,712.9854059210309,0.8823081677299688,0.8621363349381914,0.6558220107354756
1306.7099999999666,1569.2018340265377,712.988383120881,0.8829684986853609,0.8629114892323552,0.6574935602391381
1306.7199999999666,1569.2018340265377,712.9913603000267,0.8836273053756397,0.8636849767151803,0.6591642563832428
1306.7299999999666,1569.2018340265377,712.9943374584683,0.8842845841068081,0.8644567917062584,0.6608340714591482
1306.7399999999666,1569.2018340265377,712.9973145962061,0.8849403311944413,0.8652269285339363,0.6625029777121714
1306.7499999999666,1569.2018340265377,713.0002917132402,0.8855945429667679,0.8659953815353271,0.6641709473445307
1306.7599999999666,1569.2018340265377,713.0032688095708,0.8862472157501518,0.8667621450565263,0.6658379525054049
1306.7699999999666,1569.2018340265377,713.0062458851982,0.8868983458829235,0.8675272134526227,0.6675039653019043
1306.7799999999665,1569.2018340265377,713.0092229401225,0.887547929713044,0.8682905810877963,0.6691689577980988
1306.7899999999665,1569.2018340265377,713.0121999743442,0.8881959635921289,0.869052242335329,0.6708329020111494
1306.7999999999665,1569.2018340265377,713.0151769878631,0.8888424438814727,0.8698121915776449,0.6724957699165167
1306.8099999999665,1569.2018340265377,713.0181539806797,0.8894873669491197,0.8705704232065251,0.6741575334467048
1306.8199999999665,1569.2018340265377,713.0211309527942,0.8901307291668605,0.8713269316230886,0.6758181644895712
1306.8299999999665,1569.2018340265377,713.0241079042067,0.890772526920066,0.8720817112377747,0.6774776348963778
1306.8399999999665,1569.2018340265377,713.0270848349176,0.8914127566023508,0.8728347564705856,0.6791359164787688
1306.8499999999665,1569.2018340265377,713.0300617449267,0.8920514146082352,0.8735860617509816,0.6807929810036444
1306.8599999999665,1569.2018340265377,713.0330386342348,0.8926884973443611,0.8743356215182086,0.6824488002028368
1306.8699999999665,1569.2018340265377,713.0360155028418,0.8933240012228162,0.8750834302209934,0.6841033457681884
1306.8799999999665,1569.2018340265377,713.0389923507477,0.8939579226684928,0.8758294823178424,0.685756589358291
1306.8899999999664,1569.2018340265377,713.0419691779531,0.8945902581074316,0.8765737722772518,0.6874085025905339
1306.8999999999664,1569.2018340265377,713.0449459844581,0.8952210039748396,0.8773162945774333,0.6890590570474532
1306.9099999999664,1569.2018340265377,713.0479227702629,0.8958501567152864,0.8780570437066115,0.6907082242780058
1306.9199999999664,1569.2018340265377,713.0508995353676,0.8964777127817406,0.8787960141630342,0.6923559757975083
1306.9299999999664,1569.2018340265377,713.0538762797725,0.8971036686409712,0.8795332004549844,0.6940022830924919
1306.9399999999664,1569.2018340265377,713.056853003478,0.8977280207493061,0.8802685971010736,0.6956471176030797
1306.9499999999664,1569.2018340265377,713.0598297064842,0.8983507655877931,0.8810021986299719,0.6972904507503969
1306.9599999999664,1569.2018340265377,713.0628063887909,0.898971899641704,0.8817339995806168,0.6989322539217383
1306.9699999999664,1569.2018340265377,713.0657830503989,0.899591419404308,0.8824639945024774,0.7005724984745695
1306.9799999999664,1569.2018340265377,713.0687596913082,0.9002093213681968,0.8831921779553685,0.7022111557301385
1306.9899999999664,1569.2018340265377,713.0717363115191,0.9008256020455155,0.883918544509604,0.7038481969901441
1306.9999999999663,1569.2018340265377,713.0747129110316,0.9014402579528897,0.8846430887460075,0.7054835935257066
1307.0099999999663,1569.2018340265377,713.077689489846,0.9020532856128048,0.8853658052560917,0.7071173165793924
1307.0199999999663,1569.2018340265377,713.0806660479627,0.902664681554493,0.8860866886421519,0.708749337366728
1307.0299999999663,1569.2018340265377,713.0836425853818,0.9032744423224592,0.886805733517086,0.710379627083295
1307.0399999999663,1569.2018340265377,713.0866191021034,0.9038825644650426,0.8875229345047364,0.7120081568969984
1307.0499999999663,1569.2018340265377,713.0895955981277,0.9044890445359892,0.888238286239765,0.7136348979497724
1307.0599999999663,1569.2018340265377,713.0925720734552,0.9050938791000879,0.8889517833679391,0.7152598213631676
1307.0699999999663,1569.2018340265377,713.095548528086,0.9056970647297116,0.8896634205459518,0.7168828982360392
1307.0799999999663,1569.2018340265377,713.0985249620201,0.9062985980097139,0.8903731924415444,0.7185040996493209
1307.0899999999663,1569.2018340265377,713.1015013752578,0.9068984755283349,0.8910810937337897,0.720123396659986
1307.0999999999663,1569.2018340265377,713.1044777677997,0.9074966938786652,0.891787119112941,0.721740760302644
1307.1099999999662,1569.2018340265377,713.1074541396455,0.9080932496712979,0.8924912632804183,0.7233561616002792
1307.1199999999662,1569.2018340265377,713.1104304907956,0.9086881395216683,0.8931935209491716,0.7249695715555037
1307.1299999999662,1569.2018340265377,713.1134068212502,0.9092813600509102,0.8938938868435308,0.7265809611516896
1307.1399999999662,1569.2018340265377,713.1163831310097,0.9098729078920461,0.8945923556993256,0.7281903013588129
1307.1499999999662,1569.2018340265377,713.1193594200741,0.9104627796838434,0.8952889222639523,0.7297975631293752
1307.1599999999662,1569.2018340265377,713.1223356884436,0.9110509720736097,0.8959835812963856,0.7314027174013705
1307.1699999999662,1569.2018340265377,713.1253119361186,0.9116374817226147,0.8966763275674045,0.7330057351037312
1307.1799999999662,1569.2018340265377,713.1282881630992,0.9122223052912213,0.8973671558594977,0.7346065871449603
1307.1899999999662,1569.2018340265377,713.1312643693857,0.9128054394571581,0.8980560609669566,0.7362052444286843
1307.1999999999662,1569.2018340265377,713.1342405549781,0.9133868809007688,0.8987430376959671,0.7378016778426737
1307.2099999999662,1569.2018340265377,713.1372167198767,0.9139666263170786,0.8994280808647271,0.7393958582694877
1307.2199999999661,1569.2018340265377,713.140192864082,0.9145446724037283,0.9001111853034591,0.7409877565774906
1307.2299999999661,1569.2018340265377,713.143168987594,0.9151210158698064,0.9007923458544228,0.7425773436287352
1307.2399999999661,1569.2018340265377,713.1461450904127,0.9156956534337523,0.9014715573720071,0.7441645902781646
1307.2499999999661,1569.2018340265377,713.1491211725386,0.916268581822836,0.9021488147229244,0.7457494673742497
1307.259999999966,1569.2018340265377,713.1520972339719,0.9168397977690654,0.9028241127861191,0.7473319457562467
1307.269999999966,1569.2018340265377,713.1550732747128,0.9174092980206502,0.9034974464528843,0.7489119962644635
1307.279999999966,1569.2018340265377,713.1580492947614,0.9179770793273067,0.9041688106269009,0.7504895897291021
1307.289999999966,1569.2018340265377,713.1610252941178,0.9185431384529835,0.9048382002243022,0.7520646969814857
1307.299999999966,1569.2018340265377,713.1640012727828,0.9191074721651978,0.9055056101739416,0.7536372888465422
1307.309999999966,1569.2018340265377,713.1669772307561,0.9196700772476686,0.9061710354170489,0.7552073361533251
1307.319999999966,1569.2018340265377,713.1699531680379,0.9202309504891297,0.9068344709076261,0.7567748097272674
1307.329999999966,1569.2018340265377,713.1729290846285,0.9207900886827182,0.9074959116124338,0.7583396803903873
1307.339999999966,1569.2018340265377,713.1759049805282,0.9213474886378166,0.9081553525109792,0.7599019189717645
1307.349999999966,1569.2018340265377,713.1788808557375,0.9219031471702058,0.9088127885957314,0.7614614963005673
1307.359999999966,1569.2018340265377,713.1818567102559,0.9224570611047708,0.9094682148718827,0.7630183832086349
1307.369999999966,1569.2018340265377,713.1848325440841,0.9230092272754346,0.9101216263577885,0.764572550531922
1307.379999999966,1569.2018340265377,713.1878083572225,0.9235596425221064,0.9107730180848799,0.7661239691085847
1307.389999999966,1569.2018340265377,713.1907841496708,0.9241083037002247,0.9114223850975023,0.7676726097873816
1307.399999999966,1569.2018340265377,713.1937599214294,0.9246552076725029,0.9120697224533519,0.7692184434223448
1307.409999999966,1569.2018340265377,713.1967356724988,0.9252003513076356,0.9127150252233398,0.770761440872233
1307.419999999966,1569.2018340265377,713.1997114028788,0.9257437314810542,0.9133582884916044,0.7723015730019307
1307.429999999966,1569.2018340265377,713.2026871125701,0.9262853450869825,0.9139995073557474,0.7738388106936767
1307.439999999966,1569.2018340265377,713.2056628015722,0.9268251890225708,0.9146386769266504,0.7753731248343074
1307.449999999966,1569.2018340265377,713.208638469886,0.9273632601974018,0.9152757923288793,0.7769044863246437
1307.459999999966,1569.2018340265377,713.2116141175114,0.9278995555241687,0.9159108487004294,0.7784328660720305
1307.469999999966,1569.2018340265377,713.2145897444487,0.9284340719312105,0.9165438411929083,0.779958235001921
1307.479999999966,1569.2018340265377,713.2175653506981,0.9289668063549561,0.9171747649716232,0.7814805640524799
1307.489999999966,1569.2018340265377,713.2205409362598,0.9294977557388079,0.9178036152156176,0.7829998241744814
1307.499999999966,1569.2018340265377,713.223516501134,0.9300269170405535,0.9184303871177325,0.7845159863384283
1307.5099999999659,1569.2018340265377,713.226492045321,0.9305542872200393,0.9190550758846917,0.7860290215250986
1307.5199999999659,1569.2018340265377,713.2294675688208,0.931079863253386,0.9196776767370441,0.7875389007382108
1307.5299999999659,1569.2018340265377,713.2324430716338,0.9316036421262449,0.9202981849094392,0.7890455950000053
1307.5399999999659,1569.2018340265377,713.2354185537604,0.9321256208246296,0.9209165956505437,0.790549075344114
1307.5499999999658,1569.2018340265377,713.2383940152005,0.9326457963544988,0.9215329042230569,0.7920493128329489
1307.5599999999658,1569.2018340265377,713.2413694559543,0.9331641657284158,0.9221471059038885,0.7935462785475108
1307.5699999999658,1569.2018340265377,713.2443448760221,0.9336807259666648,0.9227591959841486,0.7950399435890935
1307.5799999999658,1569.2018340265377,713.2473202754043,0.9341954740992722,0.9233691697693245,0.7965302790820908
1307.5899999999658,1569.2018340265377,713.250295654101,0.9347084071677105,0.9239770225791542,0.7980172561760254
1307.5999999999658,1569.2018340265377,713.2532710121121,0.9352195222273171,0.9245827497477098,0.7995008460485592
1307.6099999999658,1569.2018340265377,713.2562463494382,0.9357288163312477,0.9251863466237135,0.8009810198931206
1307.6199999999658,1569.2018340265377,713.2592216660796,0.936236286551938,0.925787808570317,0.8024577489376452
1307.6299999999658,1569.2018340265377,713.2621969620362,0.936741929969216,0.926387130965209,0.8039310044354061
1307.6399999999658,1569.2018340265377,713.2651722373083,0.9372457436733225,0.9269843092007666,0.8054007576686516
1307.6499999999658,1569.2018340265377,713.2681474918961,0.9377477247625693,0.9275793386840679,0.8068669799474145
1307.6599999999657,1569.2018340265377,713.2711227258001,0.9382478703450823,0.9281722148369963,0.8083296426119776
1307.6699999999657,1569.2018340265377,713.2740979390202,0.9387461775430039,0.928762933096163,0.8097887170371638
1307.6799999999657,1569.2018340265377,713.2770731315566,0.9392426434842464,0.9293514889130796,0.8112441746263315
1307.6899999999657,1569.2018340265377,713.2800483034097,0.9397372653061357,0.9299378777542612,0.8126959868154819
1307.6999999999657,1569.2018340265377,713.2830234545796,0.9402300401593534,0.9305220951011492,0.8141441250773342
1307.7099999999657,1569.2018340265377,713.2859985850666,0.9407209652011578,0.9311041364502602,0.8155885609165234
1307.7199999999657,1569.2018340265377,713.2889736948708,0.9412100376028232,0.9316839973131982,0.8170292658768623
1307.7299999999657,1569.2018340265377,713.2919487839924,0.9416972545410113,0.9322616732167578,0.8184662115348451
1307.7399999999657,1569.2018340265377,713.2949238524319,0.9421826132053615,0.9328371597030026,0.8198993695071627
1307.7499999999657,1569.2018340265377,713.2978989001892,0.942666110792715,0.9334104523291913,0.8213287114463593
1307.7599999999657,1569.2018340265377,713.3008739272647,0.943147744517372,0.9339815466679667,0.8227542090508966
1307.7699999999656,1569.2018340265377,713.3038489336584,0.9436275115936008,0.9345504383073687,0.8241758340507401
1307.7799999999656,1569.2018340265377,713.3068239193708,0.9441054092548069,0.9351171228509129,0.825593558225008
1307.7899999999656,1569.2018340265377,713.309798884402,0.9445814347372624,0.935681595917582,0.8270073533885617
1307.7999999999656,1569.2018340265377,713.312773828752,0.9450555852925204,0.9362438531419267,0.8284171914038254
1307.8099999999656,1569.2018340265377,713.3157487524213,0.9455278581784056,0.9368038901741639,0.8298230441738846
1307.8199999999656,1569.2018340265377,713.3187236554102,0.94599825066635,0.9373617026801898,0.831224883649735
1307.8299999999656,1569.2018340265377,713.3216985377186,0.9464667600380058,0.9379172863415728,0.8326226818281102
1307.8399999999656,1569.2018340265377,713.3246733993468,0.9469333835842179,0.9384706368557151,0.8340164107516636
1307.8499999999656,1569.2018340265377,713.3276482402949,0.947398118603447,0.9390217499358454,0.8354060425083627
1307.8599999999656,1569.2018340265377,713.3306230605637,0.9478609624082904,0.9395706213111996,0.8367915492383543
1307.8699999999656,1569.2018340265377,713.3335978601528,0.9483219123222126,0.9401172467268243,0.8381729031315466
1307.8799999999655,1569.2018340265377,713.3365726390625,0.9487809656753171,0.9406616219438001,0.839550076425069
1307.8899999999655,1569.2018340265377,713.3395473972932,0.9492381198123648,0.9412037427393799,0.8409230414114041
1307.8999999999655,1569.2018340265377,713.3425221348452,0.9496933720816552,0.9417436049068756,0.8422917704291492
1307.9099999999655,1569.2018340265377,713.3454968517185,0.9501467198520366,0.9422812042557349,0.8436562358790204
1307.9199999999655,1569.2018340265377,713.3484715479133,0.9505981604958674,0.9428165366116783,0.8450164102098038
1307.9299999999655,1569.2018340265377,713.3514462234298,0.9510476913950326,0.9433495978167111,0.8463722659244969
1307.9399999999655,1569.2018340265377,713.3544208782686,0.951495309946122,0.9438803837292383,0.8477237755859225
1307.9499999999655,1569.2018340265377,713.3573955124294,0.9519410135546822,0.9444088902239157,0.8490709118121553
1307.9599999999655,1569.2018340265377,713.3603701259127,0.9523847996383682,0.9449351131919469,0.8504136472806604
1307.9699999999655,1569.2018340265377,713.3633447187186,0.9528266656212955,0.9454590485410145,0.851751954723926
1307.9799999999655,1569.2018340265377,713.3663192908474,0.9532666089402536,0.9459806921953539,0.8530858069359349
1307.9899999999654,1569.2018340265377,713.3692938422994,0.9537046270452322,0.9465000400958256,0.8544151767735746
1307.9999999999654,1569.2018340265377,713.3722683730746,0.9541407173947969,0.9470170881998891,0.8557400371532499
1308.0099999999654,1569.2018340265377,713.3752428831733,0.9545748774561738,0.947531832481774,0.857060361052055
1308.0199999999654,1569.2018340265377,713.3782173725958,0.9550071047093233,0.9480442689324531,0.8583761215121721
1308.0299999999654,1569.2018340265377,713.3811918413422,0.9554373966469177,0.9485543935596948,0.8596872916417496
1308.0399999999654,1569.2018340265377,713.3841662894129,0.9558657507673712,0.9490622023881737,0.860993844609627
1308.0499999999654,1569.2018340265377,713.3871407168077,0.9562921645878336,0.949567691459425,0.8622957536577398
1308.0599999999654,1569.2018340265377,713.3901151235274,0.9567166356242637,0.9500708568320505,0.863592992084335
1308.0699999999654,1569.2018340265377,713.3930895095718,0.9571391614149197,0.9505716945815772,0.864885533265674
1308.0799999999654,1569.2018340265377,713.3960638749412,0.9575597395023667,0.9510702008006243,0.8661733506409075
1308.0899999999654,1569.2018340265377,713.3990382196357,0.9579783674449815,0.9515663715989537,0.8674564177233416
1308.0999999999653,1569.2018340265377,713.4020125436559,0.958395042804164,0.952060203103558,0.8687347080898191
1308.1099999999653,1569.2018340265377,713.4049868470017,0.9588097631595361,0.9525516914585405,0.8700081953950408
1308.1199999999653,1569.2018340265377,713.4079611296734,0.9592225261006173,0.9530408328253368,0.8712768533652312
1308.1299999999653,1569.2018340265377,713.4109353916712,0.9596333292230548,0.9535276233827255,0.8725406557955073
1308.1399999999653,1569.2018340265377,713.4139096329952,0.9600421701387247,0.9540120593268226,0.8737995765598279
1308.1499999999653,1569.2018340265377,713.416883853646,0.9604490464685832,0.9544941368712241,0.8750535896055441
1308.1599999999653,1569.2018340265377,713.4198580536233,0.9608539558450088,0.9549738522468887,0.8763026689560958
1308.1699999999653,1569.2018340265377,713.4228322329276,0.9612568959085664,0.9554512017024089,0.8775467887093361
1308.1799999999653,1569.2018340265377,713.4258063915593,0.9616578643160627,0.9559261815039479,0.878785923045542
1308.1899999999653,1569.2018340265377,713.4287805295182,0.962056858729688,0.9563987879351988,0.8800200462182087
1308.1999999999653,1569.2018340265377,713.4317546468047,0.962453876826978,0.9568690172975786,0.8812491325642772
1308.2099999999652,1569.2018340265377,713.4347287434191,0.9628489162941573,0.9573368659102389,0.8824731564988482
1308.2199999999652,1569.2018340265377,713.4377028193616,0.963241974828629,0.9578023301100793,0.8836920925182516
1308.2299999999652,1569.2018340265377,713.4406768746323,0.9636330501412289,0.958265406251812,0.8849059152030081
1308.2399999999652,1569.2018340265377,713.4436509092315,0.9640221399552362,0.9587260907079753,0.8861145992177248
1308.2499999999652,1569.2018340265377,713.4466249231593,0.9644092419974429,0.9591843798690862,0.8873181193039346
1308.2599999999652,1569.2018340265377,713.4495989164161,0.9647943540121416,0.9596402701435643,0.8885164502935693
1308.2699999999652,1569.2018340265377,713.452572889002,0.9651774737544003,0.9600937579578493,0.889709567103772
1308.2799999999652,1569.2018340265377,713.4555468409172,0.9655585989891735,0.9605448397564302,0.8908974447368908
1308.2899999999652,1569.2018340265377,713.4585207721619,0.9659377274935407,0.9609935120018743,0.8920800582833569
1308.2999999999652,1569.2018340265377,713.4614946827367,0.9663148570527799,0.9614397711749594,0.8932573829190629
1308.3099999999652,1569.2018340265377,713.4644685726412,0.9666899854691733,0.9618836137745317,0.8944293939139909
1308.3199999999651,1569.2018340265377,713.4674424418758,0.9670631105510421,0.962325036317757,0.8955960666233063
1308.3299999999651,1569.2018340265377,713.470416290441,0.9674342301224126,0.9627640353400801,0.8967573764969723
1308.3399999999651,1569.2018340265377,713.4733901183369,0.9678033420138586,0.9632006073952537,0.8979132990720786
1308.3499999999651,1569.2018340265377,713.4763639255635,0.9681704440708179,0.9636347490553836,0.8990638099813799
1308.359999999965,1569.2018340265377,713.4793377121213,0.968535534150046,0.9640664569110077,0.9002088849509076
1308.369999999965,1569.2018340265377,713.4823114780102,0.9688986101184768,0.9644957275711068,0.9013484997996771
1308.379999999965,1569.2018340265377,713.4852852232307,0.9692596698527456,0.9649225576632149,0.9024826304401902
1308.389999999965,1569.2018340265377,713.4882589477829,0.9696187112447536,0.965346943833365,0.9036112528842504
1308.399999999965,1569.2018340265377,713.491232651667,0.9699757321969742,0.9657688827461823,0.9047343432395185
1308.409999999965,1569.2018340265377,713.4942063348832,0.9703307306208778,0.9661883710849449,0.9058518777088874
1308.419999999965,1569.2018340265377,713.4971799974318,0.9706837044410821,0.9666054055516257,0.9069638325951641
1308.429999999965,1569.2018340265377,713.5001536393131,0.971034651594558,0.9670199828669198,0.9080701843011202
1308.439999999965,1569.2018340265377,713.5031272605271,0.971383570028145,0.9674320997702252,0.9091709093278589
1308.449999999965,1569.2018340265377,713.506100861074,0.971730457702274,0.9678417530197957,0.9102659842793183
1308.459999999965,1569.2018340265377,713.5090744409542,0.9720753125844858,0.9682489393927832,0.9113553858570017
1308.469999999965,1569.2018340265377,713.5120480001679,0.9724181326603749,0.9686536556851392,0.9124390908707712
1308.479999999965,1569.2018340265377,713.515021538715,0.9727589159238804,0.9690558987117971,0.9135170762308179
1308.489999999965,1569.2018340265377,713.5179950565962,0.9730976603774046,0.9694556653066987,0.9145893189485287
1308.499999999965,1569.2018340265377,713.5209685538114,0.9734343640405545,0.9698529523227426,0.9156557961453171
1308.509999999965,1569.2018340265377,713.523942030361,0.9737690249409946,0.9702477566319488,0.9167164850450543
1308.519999999965,1569.2018340265377,713.5269154862449,0.9741016411196796,0.970640075125348,0.9177713629794902
1308.529999999965,1569.2018340265377,713.5298889214636,0.9744322106303573,0.9710299047132182,0.9188204073889443
1308.539999999965,1569.2018340265377,713.5328623360174,0.9747607315334874,0.9714172423249893,0.9198635958170969
1308.549999999965,1569.2018340265377,713.5358357299062,0.9750872019066353,0.9718020849092555,0.9209009059215123
1308.559999999965,1569.2018340265377,713.5388091031305,0.9754116198375777,0.9721844294339329,0.9219323154681403
1308.569999999965,1569.2018340265377,713.5417824556902,0.9757339834261831,0.9725642728862118,0.9229578023336964
1308.579999999965,1569.2018340265377,713.5447557875858,0.9760542907784832,0.9729416122726681,0.9239773445009576
1308.589999999965,1569.2018340265377,713.5477290988175,0.9763725400220412,0.973316444619216,0.9249909200739007
1308.599999999965,1569.2018340265377,713.5507023893853,0.9766887292913264,0.9736887669711768,0.9259985072646926
1308.6099999999649,1569.2018340265377,713.5536756592895,0.9770028567297053,0.974058576393389,0.9270000843964536
1308.6199999999649,1569.2018340265377,713.5566489085306,0.9773149204953417,0.9744258699701744,0.9279956299094716
1308.6299999999649,1569.2018340265377,713.5596221371085,0.9776249187593519,0.974790644805336,0.928985122360131
1308.6399999999649,1569.2018340265377,713.5625953450234,0.9779328497064463,0.9751528980223074,0.9299685404224909
1308.6499999999648,1569.2018340265377,713.5655685322755,0.9782387115243012,0.9755126267641077,0.930945862878761
1308.6599999999648,1569.2018340265377,713.5685416988654,0.9785425024224864,0.9758698281934606,0.9319170686381975
1308.6699999999648,1569.2018340265377,713.571514844793,0.9788442206182159,0.9762244994927091,0.9328821367240577
1308.6799999999648,1569.2018340265377,713.5744879700584,0.979143864339916,0.9765766378639211,0.9338410462778574
1308.6899999999648,1569.2018340265377,713.577461074662,0.9794414318286848,0.9769262405289807,0.9347937765615932
1308.6999999999648,1569.2018340265377,713.580434158604,0.9797369213393212,0.9772733047295422,0.9357403069593008
1308.7099999999648,1569.2018340265377,713.5834072218848,0.9800303311358103,0.9776178277271077,0.9366806169735457
1308.7199999999648,1569.2018340265377,713.5863802645042,0.9803216594965394,0.9779598068029841,0.9376146862309718
1308.7299999999648,1569.2018340265377,713.5893532864626,0.9806109047098724,0.9782992392584635,0.9385424944790675
1308.7399999999648,1569.2018340265377,713.5923262877604,0.9808980650771986,0.9786361224147789,0.9394640215896375
1308.7499999999648,1569.2018340265377,713.5952992683976,0.9811831389119615,0.9789704536130759,0.9403792475584613
1308.7599999999647,1569.2018340265377,713.5982722283745,0.9814661245406228,0.9793022302145636,0.9412881525071448
1308.7699999999647,1569.2018340265377,713.6012451676913,0.9817470202997299,0.9796314496004851,0.9421907166808867
1308.7799999999647,1569.2018340265377,713.6042180863482,0.9820258245385844,0.9799581091721516,0.94308692045173
1308.7899999999647,1569.2018340265377,713.6071909843455,0.982302535618593,0.9802822063510279,0.9439767443187299
1308.7999999999647,1569.2018340265377,713.6101638616832,0.9825771519158296,0.9806037385786655,0.9448601689109147
1308.8099999999647,1569.2018340265377,713.6131367183616,0.9828496718136471,0.9809227033168485,0.9457371749810817
1308.8199999999647,1569.2018340265377,713.6161095543812,0.9831200937104851,0.9812390980475898,0.9466077434139113
1308.8299999999647,1569.2018340265377,713.6190823697419,0.9833884160172012,0.9815529202731024,0.9474718552239582
1308.8399999999647,1569.2018340265377,713.622055164444,0.9836546371561817,0.9818641675158949,0.9483294915555901
1308.8499999999647,1569.2018340265377,713.6250279384876,0.9839187555613809,0.9821728373188147,0.9491806336837093
1308.8599999999647,1569.2018340265377,713.6280006918731,0.9841807696798746,0.9824789272450443,0.9500252630158464
1308.8699999999646,1569.2018340265377,713.6309734246008,0.9844406779709292,0.9827824348781575,0.9508633610919671
1308.8799999999646,1569.2018340265377,713.6339461366706,0.9846984789033316,0.9830833578220931,0.9516949095824343
1308.8899999999646,1569.2018340265377,713.6369188280829,0.9849541709638095,0.9833816937012907,0.9525198902969956
1308.8999999999646,1569.2018340265377,713.639891498838,0.9852077526471074,0.9836774401606404,0.9533382851756845
1308.9099999999646,1569.2018340265377,713.6428641489359,0.9854592224590923,0.9839705948655266,0.9541500762924817
1308.9199999999646,1569.2018340265377,713.645836778377,0.9857085789225911,0.9842611555018806,0.9549552458616448
1308.9299999999646,1569.2018340265377,713.6488093871612,0.98595582056776,0.9845491197761894,0.9557537762289773
1308.9399999999646,1569.2018340265377,713.6517819752893,0.9862009459405244,0.9848344854155798,0.9565456498807348
1308.9499999999646,1569.2018340265377,713.6547545427611,0.9864439535971208,0.9851172501677505,0.9573308494387677
1308.9599999999646,1569.2018340265377,713.6577270895767,0.9866848421075304,0.9853974118010566,0.9581093576645776
1308.9699999999646,1569.2018340265377,713.6606996157366,0.9869236100543219,0.9856749681045817,0.9588811574588931
1308.9799999999645,1569.2018340265377,713.6636721212409,0.9871602560293542,0.9859499168881021,0.9596462318589474
1308.9899999999645,1569.2018340265377,713.66664460609,0.9873947786407363,0.9862222559821479,0.9604045640459085
1308.9999999999645,1569.2018340265377,713.6696170702837,0.987627176507817,0.9864919832379689,0.961156137340491
1309.0099999999645,1569.2018340265377,713.6725895138225,0.9878574482593645,0.986759096527678,0.9619009352019995
1309.0199999999645,1569.2018340265377,713.6755619367068,0.9880855925403232,0.9870235937442252,0.9626389412353895
1309.0299999999645,1569.2018340265377,713.6785343389365,0.988311608006439,0.9872854728013452,0.9633701391864667
1309.0399999999645,1569.2018340265377,713.6815067205117,0.9885354933269008,0.9875447316336871,0.9640945129452411
1309.0499999999645,1569.2018340265377,713.684479081433,0.9887572471812712,0.9878013681968498,0.9648120465435237
1309.0599999999645,1569.2018340265377,713.6874514217004,0.9889768682633552,0.9880553804673299,0.9655227241591171
1309.0699999999645,1569.2018340265377,713.6904237413142,0.9891943552781446,0.9883067664425972,0.9662265301134972
1309.0799999999645,1569.2018340265377,713.6933960402746,0.9894097069448704,0.9885555241411025,0.9669234488753156
1309.0899999999644,1569.2018340265377,713.6963683185816,0.9896229219947069,0.988801651602313,0.9676134650587356
1309.0999999999644,1569.2018340265377,713.6993405762358,0.9898339991693224,0.9890451468867846,0.9682965634226552
1309.1099999999644,1569.2018340265377,713.7023128132372,0.9900429372244056,0.9892860080760657,0.9689727288744605
1309.1199999999644,1569.2018340265377,713.7052850295859,0.9902497349288767,0.9895242332728349,0.969641946470018
1309.1299999999644,1569.2018340265377,713.7082572252823,0.9904543910634237,0.9897598206009064,0.9703042014127405
1309.1399999999644,1569.2018340265377,713.7112294003266,0.9906569044200831,0.989992768205209,0.9709594790536162
1309.1499999999644,1569.2018340265377,713.714201554719,0.9908572738055857,0.9902230742518473,0.9716077648950845
1309.1599999999644,1569.2018340265377,713.7171736884596,0.9910554980380225,0.9904507369281074,0.9722490445882515
1309.1699999999644,1569.2018340265377,713.7201458015487,0.9912515759489499,0.9906757544424988,0.9728833039355087
1309.1799999999644,1569.2018340265377,713.7231178939867,0.9914455063799953,0.9908981250247857,0.9735105288877252
1309.1899999999644,1569.2018340265377,713.7260899657736,0.9916372881878992,0.9911178469259591,0.9741307055495979
1309.1999999999643,1569.2018340265377,713.7290620169094,0.9918269202430686,0.9913349184183027,0.9747438201788221
1309.2099999999643,1569.2018340265377,713.7320340473948,0.9920144014244976,0.9915493377954319,0.9753498591816236
1309.2199999999643,1569.2018340265377,713.7350060572297,0.9921997306264797,0.9917611033722656,0.9759488091197432
1309.2299999999643,1569.2018340265377,713.7379780464145,0.9923829067554891,0.9919702134850824,0.9765406567079232
1309.2399999999643,1569.2018340265377,713.7409500149491,0.9925639287310348,0.9921766664915257,0.9771253888151931
1309.2499999999643,1569.2018340265377,713.7439219628341,0.9927427954842172,0.9923804607706487,0.9777029924639661
1309.2599999999643,1569.2018340265377,713.7468938900696,0.9929195059592189,0.9925815947229197,0.9782734548319444
1309.2699999999643,1569.2018340265377,713.7498657966556,0.9930940591143201,0.9927800667702129,0.9788367632535193
1309.2799999999643,1569.2018340265377,713.7528376825926,0.9932664539181865,0.9929758753558978,0.97939290521671
1309.2899999999643,1569.2018340265377,713.7558095478805,0.9934366893532112,0.9931690189447909,0.979941868366767
1309.2999999999643,1569.2018340265377,713.75878139252,0.9936047644140816,0.9933594960232431,0.98048364050534
1309.3099999999642,1569.2018340265377,713.7617532165109,0.9937706781087631,0.9935473050990853,0.9810182095917404
1309.3199999999642,1569.2018340265377,713.7647250198534,0.9939344294588786,0.9937324447016861,0.9815455637438278
1309.3299999999642,1569.2018340265377,713.7676968025479,0.9940960174970038,0.9939149133820048,0.9820656912358336
1309.3399999999642,1569.2018340265377,713.7706685645946,0.9942554412669852,0.9940947097125472,0.9825785804989715
1309.3499999999642,1569.2018340265377,713.7736403059938,0.9944126998295171,0.9942718322874193,0.9830842201274331
1309.3599999999642,1569.2018340265377,713.7766120267454,0.9945677922552277,0.9944462797223251,0.9835825988719307
1309.3699999999642,1569.2018340265377,713.7795837268499,0.9947207176296484,0.9946180506546255,0.9840737056450924
1309.3799999999642,1569.2018340265377,713.7825554063074,0.9948714750469709,0.9947871437433145,0.9845575295156084
1309.3899999999642,1569.2018340265377,713.7855270651183,0.9950200636187642,0.9949535576690509,0.9850340597172744
1309.3999999999642,1569.2018340265377,713.7884987032825,0.9951664824667158,0.9951172911341569,0.9855032856421627
1309.4099999999642,1569.2018340265377,713.7914703208003,0.9953107307259966,0.9952783428626848,0.985965196844433
1309.4199999999641,1569.2018340265377,713.7944419176721,0.9954528075445518,0.9954367116003954,0.9864197830399333
1309.4299999999641,1569.2018340265377,713.797413493898,0.9955927120829662,0.9955923961147686,0.9868670341064252
1309.4399999999641,1569.2018340265377,713.8003850494782,0.995730443514934,0.9957453951950322,0.9873069400844396
1309.4499999999641,1569.2018340265377,713.8033565844129,0.9958660010268078,0.9958957076521835,0.9877394911772025
1309.459999999964,1569.2018340265377,713.8063280987025,0.9959993838175815,0.9960433323190088,0.9881646777509794
1309.469999999964,1569.2018340265377,713.809299592347,0.996130591099078,0.9961882680500654,0.9885824903355434
1309.479999999964,1569.2018340265377,713.8122710653465,0.9962596220965569,0.9963305137217254,0.9889929196251758
1309.489999999964,1569.2018340265377,713.8152425177016,0.9963864760472041,0.9964700682321996,0.9893959564775264
1309.499999999964,1569.2018340265377,713.8182139494122,0.9965111522016377,0.9966069305015197,0.989791591915369
1309.509999999964,1569.2018340265377,713.8211853604787,0.9966336498223335,0.9967410994715734,0.9901798171254084
1309.519999999964,1569.2018340265377,713.8241567509011,0.9967539681875914,0.9968725741061082,0.9905606234625169
1309.529999999964,1569.2018340265377,713.8271281206798,0.9968721065839092,0.9970013533907595,0.9909340024425002
1309.539999999964,1569.2018340265377,713.8300994698151,0.9969880643144616,0.9971274363330482,0.991299945750796
1309.549999999964,1569.2018340265377,713.8330707983071,0.9971018406938733,0.9972508219623991,0.9916584452375936
1309.559999999964,1569.2018340265377,713.8360421061558,0.997213435049921,0.9973715093301432,0.9920094929197977
1309.569999999964,1569.2018340265377,713.8390133933617,0.9973228467226235,0.9974894975095586,0.9923530809804699
1309.579999999964,1569.2018340265377,713.841984659925,0.9974300750660385,0.9976047855958493,0.9926892017708306
1309.589999999964,1569.2018340265377,713.8449559058458,0.9975351194454848,0.9977173727061797,0.9930178478078182
1309.599999999964,1569.2018340265377,713.8479271311243,0.9976379792411721,0.9978272579796595,0.9933390117779186
1309.609999999964,1569.2018340265377,713.8508983357608,0.9977386538449647,0.9979344405773979,0.9936526865342927
1309.619999999964,1569.2018340265377,713.8538695197556,0.9978371426615437,0.9980389196824708,0.9939588650981056
1309.629999999964,1569.2018340265377,713.8568406831088,0.9979334451084243,0.9981406944999534,0.9942575406588384
1309.639999999964,1569.2018340265377,713.8598118258204,0.9980275606174995,0.9982397642569173,0.9945487065760458
1309.649999999964,1569.2018340265377,713.8627829478909,0.9981194886322146,0.9983361282024605,0.9948323563768211
1309.659999999964,1569.2018340265377,713.8657540493207,0.9982092286089785,0.9984297856077116,0.9951084837574246
1309.669999999964,1569.2018340265377,713.8687251301096,0.9982967800174746,0.9985207357658062,0.9953770825837546
1309.679999999964,1569.2018340265377,713.8716961902579,0.998382142340611,0.998608977991937,0.9956381468915997
1309.689999999964,1569.2018340265377,713.8746672297659,0.9984653150737325,0.9986945116233499,0.9958916708860452
1309.699999999964,1569.2018340265377,713.877638248634,0.9985462977253443,0.9987773360193489,0.9961376489423938
1309.7099999999639,1569.2018340265377,713.8806092468622,0.9986250898163523,0.9988574505612982,0.9963760756055988
1309.7199999999639,1569.2018340265377,713.8835802244505,0.9987016908821874,0.998934854652633,0.9966069455925849
1309.7299999999639,1569.2018340265377,713.8865511813995,0.9987761004696629,0.9990095477188823,0.9968302537893347
1309.7399999999639,1569.2018340265377,713.8895221177092,0.9988483181390446,0.9990815292076574,0.997045995253097
1309.7499999999638,1569.2018340265377,713.8924930333801,0.9989183434634871,0.9991507985886644,0.9972541652120169
1309.7599999999638,1569.2018340265377,713.895463928412,0.9989861760297694,0.9992173553537061,0.997454759066027
1309.7699999999638,1569.2018340265377,713.8984348028054,0.9990518154368959,0.9992811990167013,0.9976477723856447
1309.7799999999638,1569.2018340265377,713.9014056565604,0.9991152612968218,0.9993423291136816,0.9978332009128353
1309.7899999999638,1569.2018340265377,713.9043764896774,0.9991765132350757,0.9994007452027931,0.9980110405617775
1309.7999999999638,1569.2018340265377,713.9073473021563,0.9992355708899349,0.9994564468643066,0.998181287418194
1309.8099999999638,1569.2018340265377,713.9103180939974,0.9992924339123285,0.9995094337006245,0.9983439377394012
1309.8199999999638,1569.2018340265377,713.9132888652011,0.9993471019665321,0.9995597053362869,0.9984989879551344
1309.8299999999638,1569.2018340265377,713.9162596157674,0.9993995747296854,0.9996072614179626,0.9986464346671678
1309.8399999999638,1569.2018340265377,713.9192303456967,0.9994498518921656,0.9996521016144722,0.9987862746498464
1309.8499999999638,1569.2018340265377,713.9222010549893,0.9994979331570996,0.9996942256167781,0.9989185048496834
1309.8599999999637,1569.2018340265377,713.925171743645,0.9995438182404218,0.9997336331379896,0.9990431223855293
1309.8699999999637,1569.2018340265377,713.9281424116645,0.9995875068717169,0.9997703239133744,0.9991601245495312
1309.8799999999637,1569.2018340265377,713.9311130590476,0.9996289987928969,0.9998042977003502,0.9992695088058839
1309.8899999999637,1569.2018340265377,713.9340836857947,0.9996682937594742,0.9998355542784966,0.9993712727922093
1309.8999999999637,1569.2018340265377,713.9370542919062,0.9997053915392878,0.999864093449553,0.9994654143183537
1309.9099999999637,1569.2018340265377,713.9400248773819,0.9997402919138733,0.9998899150374166,0.9995519313678293
1309.9199999999637,1569.2018340265377,713.9429954422224,0.9997729946774622,0.9999130188881542,0.9996308220968997
1309.9299999999637,1569.2018340265377,713.9459659864276,0.9998034996374522,0.999933404869994,0.999702084835096
1309.9399999999637,1569.2018340265377,713.948936509998,0.9998318066138497,0.9999510728733323,0.999765718084725
1309.9499999999637,1569.2018340265377,713.9519070129337,0.9998579154401818,0.9999660228107303,0.9998217205218258
1309.9599999999637,1569.2018340265377,713.9548774952348,0.9998818259628959,0.9999782546169174,0.999870090995617
1309.9699999999636,1569.2018340265377,713.9578479569016,0.9999035380412377,0.9999877682487908,0.9999108285284114
1309.9799999999636,1569.2018340265377,713.9608183979345,0.9999230515476845,0.9999945636854147,0.9999439323160785
1309.9899999999636,1569.2018340265377,713.9637888183335,0.9999403663676377,0.9999986409280188,0.9999694017277604
1309.9999999999636,1569.2018340265377,713.9667592180987,0.9999554823995845,1.0,0.9999872363060544
1310.0099999999636,1569.2018340265377,713.9697295972305,0.9999683995550948,0.9999986409469196,0.9999974357670209
1310.0199999999636,1569.2018340265377,713.9726999557292,0.9999791177586337,0.9999945638365021,1.0
1310.0299999999636,1569.2018340265377,713.975670293595,0.9999876369477665,0.9999877687586337,0.9999949290678145
1310.0399999999636,1569.2018340265377,713.9786406108278,0.9999939570731166,0.9999782558253614,0.9999822232067249
1310.0499999999636,1569.2018340265377,713.9816109074281,0.999998078098309,0.999966025170888,0.9999618828263518
1310.0599999999636,1569.2018340265377,713.9845811833961,1.0,0.9999510769515718,0.9999339085096908
1310.0699999999636,1569.2018340265377,713.9875514387321,0.9999997227678903,0.9999334113459226,0.9998983010130951
1310.0799999999635,1569.2018340265377,713.9905216734361,0.9999972464047087,0.9999130285546007,0.9998550612662325
1310.0899999999635,1569.2018340265377,713.9934918875082,0.9999925709262208,0.9998899288004115,0.9998041903720494
1310.0999999999635,1569.2018340265377,713.9964620809491,0.9999856963612423,0.999864112328297,0.9997456896067286
1310.1099999999635,1569.2018340265377,713.9994322537586,0.9999766227515557,0.9998355794053428,0.9996795604195773
1310.1199999999635,1569.2018340265377,714.0024024059369,0.9999653501520576,0.9998043303207679,0.9996058044331027
1310.1299999999635,1569.2018340265377,714.0053725374845,0.9999518786306426,0.9997703653859115,0.9995244234428142
1310.1399999999635,1569.2018340265377,714.0083426484015,0.9999362082682369,0.9997336849342436,0.9994354194172169
1310.1499999999635,1569.2018340265377,714.011312738688,0.9999183391588401,0.9996942893213498,0.9993387944977559
1310.1599999999635,1569.2018340265377,714.0142828083444,0.9998982714092771,0.999652178924928,0.9992345509984877
1310.1699999999635,1569.2018340265377,714.0172528573706,0.999876005139599,0.9996073541447857,0.9991226914063992
1310.1799999999635,1569.2018340265377,714.0202228857673,0.9998515404831251,0.9995598154028209,0.9990032183813237
1310.1899999999634,1569.2018340265377,714.0231928935343,0.9998248775856516,0.999509563143039,0.9988761347550962
1310.1999999999634,1569.2018340265377,714.026162880672,0.9997960166063172,0.9994565978315214,0.9987414435322581
1310.2099999999634,1569.2018340265377,714.0291328471806,0.9997649577171897,0.9994009199564355,0.9985991478895628
1310.2199999999634,1569.2018340265377,714.0321027930603,0.9997317011035852,0.9993425300280169,0.9984492511761528
1310.2299999999634,1569.2018340265377,714.0350727183113,0.9996962469636383,0.9992814285785699,0.9982917569130154
1310.2399999999634,1569.2018340265377,714.0380426229337,0.9996585955082153,0.9992176161624565,0.9981266687927576
1310.2499999999634,1569.2018340265377,714.0410125069279,0.999618746961844,0.9991510933560819,0.9979539906803795
1310.2599999999634,1569.2018340265377,714.0439823702942,0.9995767015616956,0.9990818607578911,0.9977737266121216
1310.2699999999634,1569.2018340265377,714.0469522130326,0.9995324595579934,0.9990099189883679,0.9975858807957334
1310.2799999999634,1569.2018340265377,714.0499220351433,0.999486021213859,0.998935268690013,0.997390457610136
1310.2899999999634,1569.2018340265377,714.0528918366265,0.9994373868054574,0.9988579105273393,0.9971874616054093
1310.2999999999633,1569.2018340265377,714.0558616174827,0.9993865566223727,0.998777845186856,0.9969768975029807
1310.3099999999633,1569.2018340265377,714.058831377712,0.9993335309667466,0.9986950733770769,0.9967587701946259
1310.3199999999633,1569.2018340265377,714.0618011173142,0.9992783101533704,0.9986095958284983,0.9965330847423498
1310.3299999999633,1569.2018340265377,714.06477083629,0.9992208945110532,0.9985214132935721,0.9962998463795292
1310.3399999999633,1569.2018340265377,714.0677405346396,0.9991612843809816,0.9984305265467198,0.9960590605091268
1310.3499999999633,1569.2018340265377,714.0707102123631,0.999099480117318,0.9983369363843153,0.9958107327040745
1310.3599999999633,1569.2018340265377,714.0736798694605,0.999035482086903,0.9982406436246746,0.995554868706768
1310.3699999999633,1569.2018340265377,714.0766495059323,0.9989692906706096,0.9981416491080246,0.9952914744301612
1310.3799999999633,1569.2018340265377,714.0796191217787,0.9989009062615601,0.998039953696513,0.9950205559558121
1310.3899999999633,1569.2018340265377,714.0825887169999,0.9988303292653661,0.9979355582741886,0.9947421195338765
1310.3999999999633,1569.2018340265377,714.0855582915958,0.9987575601014672,0.9978284637470007,0.9944561715842347
1310.4099999999632,1569.2018340265377,714.0885278455671,0.9986825992020545,0.9977186710427458,0.994162718695094
1310.4199999999632,1569.2018340265377,714.0914973789137,0.9986054470122994,0.9976061811111105,0.993861767623085
1310.4299999999632,1569.2018340265377,714.094466891636,0.9985261039902497,0.9974909949236095,0.9935533252928045
1310.4399999999632,1569.2018340265377,714.097436383734,0.9984445706067145,0.9973731134736086,0.9932373987965198
1310.4499999999632,1569.2018340265377,714.100405855208,0.9983608473454412,0.9972525377762855,0.9929139953940269
1310.4599999999632,1569.2018340265377,714.1033753060584,0.9982749347044261,0.997129268868614,0.9925831225136792
1310.4699999999632,1569.2018340265377,714.1063447362852,0.9981868331924282,0.9970033078093774,0.9922447877487025
1310.4799999999632,1569.2018340265377,714.1093141458887,0.9980965433323217,0.9968746556791254,0.9918989988601847
1310.4899999999632,1569.2018340265377,714.112283534869,0.9980040656605773,0.9967433135801682,0.9915457637762942
1310.4999999999632,1569.2018340265377,714.1152529032265,0.9979094007256678,0.9966092826365553,0.9911850905903815
1310.5099999999632,1569.2018340265377,714.1182222509614,0.9978125490883977,0.9964725639940752,0.9908169875610451
1310.5199999999631,1569.2018340265377,714.1211915780736,0.9977135113242882,0.996333158820229,0.9904414631141658
1310.5299999999631,1569.2018340265377,714.1241608845636,0.997612288020324,0.9961910683042082,0.9900585258393539
1310.5399999999631,1569.2018340265377,714.1271301704318,0.9975088797772109,0.996046293656867,0.9896681844918491
1310.5499999999631,1569.2018340265377,714.1300994356781,0.9974032872079671,0.995898836110754,0.9892704479908929
1310.559999999963,1569.2018340265377,714.1330686803026,0.9972955109388777,0.9957486969200519,0.9888653254202597
1310.569999999963,1569.2018340265377,714.1360379043058,0.9971855516083504,0.9955958773605522,0.9884528260267715
1310.579999999963,1569.2018340265377,714.1390071076879,0.9970734098694825,0.9954403787296671,0.9880329592225545
1310.589999999963,1569.2018340265377,714.1419762904491,0.9969590863866002,0.9952822023464041,0.9876057345812492
1310.599999999963,1569.2018340265377,714.1449454525894,0.9968425818371425,0.9951213495513436,0.9871711618395126
1310.609999999963,1569.2018340265377,714.1479145941092,0.9967238969120943,0.9949578217065996,0.9867292508970473
1310.619999999963,1569.2018340265377,714.1508837150088,0.996603032315335,0.9947916201958388,0.9862800118156649
1310.629999999963,1569.2018340265377,714.1538528152882,0.9964799887624841,0.9946227464242416,0.9858234548177313
1310.639999999963,1569.2018340265377,714.1568218949477,0.9963547669827016,0.9944512018184772,0.9853595902875611
1310.649999999963,1569.2018340265377,714.1597909539876,0.9962273677184288,0.9942769878266821,0.9848884287707742
1310.659999999963,1569.2018340265377,714.162759992408,0.9960977917243914,0.994100105918453,0.9844099809729459
1310.669999999963,1569.2018340265377,714.1657290102092,0.9959660397687395,0.9939205575848273,0.9839242577603393
1310.679999999963,1569.2018340265377,714.1686980073913,0.9958321126317118,0.993738344338255,0.9834312701581716
1310.689999999963,1569.2018340265377,714.1716669839547,0.9956960111058504,0.9935534677125565,0.9829310293503777
1310.699999999963,1569.2018340265377,714.1746359398995,0.9955577359990657,0.9933659292629354,0.982423546682292
1310.709999999963,1569.2018340265377,714.1776048752258,0.9954172881290607,0.9931757305659656,0.9819088336547421
1310.719999999963,1569.2018340265377,714.180573789934,0.9952746683272518,0.9929828732195108,0.9813869019273808
1310.729999999963,1569.2018340265377,714.1835426840241,0.9951298774398681,0.9927873588427604,0.9808577633194555
1310.739999999963,1569.2018340265377,714.1865115574968,0.9949829163234493,0.9925891890761543,0.9803214298048277
1310.749999999963,1569.2018340265377,714.1894804103518,0.9948337858477606,0.9923883655814438,0.9797779135145744
1310.759999999963,1569.2018340265377,714.1924492425894,0.9946824868960552,0.9921848900415854,0.9792272267366363
1310.769999999963,1569.2018340265377,714.19541805421,0.9945290203641793,0.991978764160731,0.9786693819145099
1310.779999999963,1569.2018340265377,714.1983868452137,0.9943733871605447,0.9917699896642439,0.9781043916468433
1310.789999999963,1569.2018340265377,714.2013556156008,0.9942155882067082,0.9915585682986348,0.9775322686874649
1310.799999999963,1569.2018340265377,714.2043243653715,0.9940556244354604,0.9913445018315783,0.9769530259431164
1310.8099999999629,1569.2018340265377,714.2072930945257,0.9938934967945481,0.9911277920518565,0.9763666764765774
1310.8199999999629,1569.2018340265377,714.2102618030641,0.9937292062427718,0.9909084407692994,0.9757732335022804
1310.8299999999629,1569.2018340265377,714.2132304909867,0.9935627537531828,0.9906864498148601,0.9751727103891681
1310.8399999999629,1569.2018340265377,714.2161991582936,0.9933941403093912,0.9904618210405062,0.9745651206564129
1310.8499999999628,1569.2018340265377,714.2191678049852,0.9932233669094648,0.9902345563192193,0.9739504779768016
1310.8599999999628,1569.2018340265377,714.2221364310616,0.9930504345639811,0.9900046575449682,0.9733287961743187
1310.8699999999628,1569.2018340265377,714.2251050365231,0.992875344295183,0.9897721266326748,0.9727000892228008
1310.8799999999628,1569.2018340265377,714.22807362137,0.9926980971387865,0.9895369655182129,0.9720643712472486
1310.8899999999628,1569.2018340265377,714.2310421856021,0.9925186941433928,0.9892991761583744,0.9714216565227185
1310.8999999999628,1569.2018340265377,714.23401072922,0.9923371363689936,0.9890587605307866,0.9707719594722326
1310.9099999999628,1569.2018340265377,714.2369792522239,0.9921534248907795,0.9888157206339664,0.9701152946701372
1310.9199999999628,1569.2018340265377,714.2399477546139,0.9919675607927032,0.9885700584872573,0.9694516768352078
1310.9299999999628,1569.2018340265377,714.2429162363902,0.9917795451756769,0.9883217761307918,0.968781120838108
1310.9399999999628,1569.2018340265377,714.245884697553,0.9915893791497478,0.9880708756254719,0.9681036416932203
1310.9499999999628,1569.2018340265377,714.2488531381028,0.991397063839085,0.9878173590529219,0.9674192545629327
1310.9599999999627,1569.2018340265377,714.2518215580393,0.9912026003804533,0.9875612285155465,0.9667279747557694
1310.9699999999627,1569.2018340265377,714.2547899573632,0.9910059899227744,0.9873024861363368,0.9660298177250817
1310.9799999999627,1569.2018340265377,714.2577583360745,0.990807233628214,0.9870411340590065,0.965324799069872
1310.9899999999627,1569.2018340265377,714.2607266941734,0.9906063326712796,0.9867771744478849,0.9646129345331956
1310.9999999999627,1569.2018340265377,714.2636950316601,0.9904032882388261,0.9865106094878864,0.9638942400015956
1311.0099999999627,1569.2018340265377,714.2666633485348,0.9901981015285507,0.9862414413844798,0.9631687315030607
1311.0199999999627,1569.2018340265377,714.269631644798,0.9899907737549907,0.9859696723636785,0.9624364252123215
1311.0299999999627,1569.2018340265377,714.2725999204496,0.9897813061418886,0.9856953046720105,0.9616973374428365
1311.0399999999627,1569.2018340265377,714.2755681754898,0.9895696999249648,0.985418340576477,0.9609514846488836
1311.0499999999627,1569.2018340265377,714.278536409919,0.9893559563543768,0.9851387823644895,0.9601988834272883
1311.0599999999627,1569.2018340265377,714.2815046237374,0.9891400766935876,0.9848566323438904,0.959439550515828
1311.0699999999626,1569.2018340265377,714.284472816945,0.9889220622145095,0.9845718928429339,0.9586735027879376
1311.0799999999626,1569.2018340265377,714.2874409895422,0.9887019142052687,0.9842845662101667,0.9579007572594669
1311.0899999999626,1569.2018340265377,714.2904091415292,0.988479633965738,0.9839946548144828,0.9571213310839002
1311.0999999999626,1569.2018340265377,714.2933772729062,0.9882552228071892,0.9837021610450246,0.956335241551274
1311.1099999999626,1569.2018340265377,714.2963453836736,0.9880286820549086,0.9834070873112175,0.9555425060902178
1311.1199999999626,1569.2018340265377,714.2993134738311,0.9878000130439585,0.9831094360427257,0.9547431422632058
1311.1299999999626,1569.2018340265377,714.3022815433794,0.987569217123926,0.9828092096893287,0.9539371677703425
1311.1399999999626,1569.2018340265377,714.3052495923185,0.9873362956579009,0.9825064107210008,0.9531246004479541
1311.1499999999626,1569.2018340265377,714.3082176206489,0.9871012500175448,0.9822010416278082,0.9523054582630548
1311.1599999999626,1569.2018340265377,714.3111856283703,0.9868640815899107,0.9818931049199462,0.9514797593194239
1311.1699999999626,1569.2018340265377,714.3141536154832,0.9866247917741281,0.9815826031275984,0.9506475218535497
1311.1799999999625,1569.2018340265377,714.317121581988,0.9863833819808627,0.9812695388009723,0.9498087642335918
1311.1899999999625,1569.2018340265377,714.3200895278845,0.9861398536342528,0.9809539145103012,0.9489635049606594
1311.1999999999625,1569.2018340265377,714.3230574531733,0.9858942081681884,0.9806357328457009,0.9481117626643586
1311.2099999999625,1569.2018340265377,714.3260253578544,0.9856464470311421,0.980314996417231,0.9472535561069645
1311.2199999999625,1569.2018340265377,714.3289932419281,0.9853965716859626,0.9799917078548103,0.9463889041824493
1311.2299999999625,1569.2018340265377,714.3319611053946,0.9851445836016607,0.9796658698081807,0.9455178259079176
1311.2399999999625,1569.2018340265377,714.3349289482541,0.9848904842650754,0.9793374849469217,0.9446403404342344
1311.2499999999625,1569.2018340265377,714.3378967705066,0.9846342751711517,0.9790065559603509,0.9437564670358842
1311.2599999999625,1569.2018340265377,714.3408645721528,0.9843759578324885,0.9786730855574868,0.9428662251194414
1311.2699999999625,1569.2018340265377,714.3438323531925,0.9841155337691256,0.9783370764670886,0.9419696342132334
1311.2799999999625,1569.2018340265377,714.346800113626,0.9838530045145112,0.9779985314375427,0.9410667139722233
1311.2899999999624,1569.2018340265377,714.3497678534537,0.9835883716146091,0.9776574532368375,0.9401574841764773
1311.2999999999624,1569.2018340265377,714.3527355726757,0.983321636628202,0.9773138446525648,0.9392419647308244
1311.3099999999624,1569.2018340265377,714.3557032712922,0.9830528011259411,0.9769677084918297,0.9383201756631425
1311.3199999999624,1569.2018340265377,714.3586709493034,0.9827818666894087,0.9766190475812787,0.9373921371228789
1311.3299999999624,1569.2018340265377,714.3616386067094,0.9825088349138943,0.9762678647669811,0.9364578693828355
1311.3399999999624,1569.2018340265377,714.3646062435107,0.9822337074059004,0.9759141629144443,0.9355173928361714
1311.3499999999624,1569.2018340265377,714.3675738597074,0.9819564857862827,0.9755579449085607,0.9345707279986464
1311.3599999999624,1569.2018340265377,714.3705414552995,0.9816771716832046,0.975199213653583,0.9336178955012142
1311.3699999999624,1569.2018340265377,714.3735090302873,0.9813957667410803,0.9748379720730708,0.9326589160977846
1311.3799999999624,1569.2018340265377,714.3764765846714,0.9811122726161566,0.9744742231097819,0.9316938106601442
1311.3899999999624,1569.2018340265377,714.3794441184517,0.9808266909744011,0.9741079697257982,0.9307226001755383
1311.3999999999623,1569.2018340265377,714.3824116316282,0.9805390234971881,0.9737392149023756,0.9297453057511181
1311.4099999999623,1569.2018340265377,714.3853791242014,0.9802492718728918,0.9733679616398467,0.9287619486051113
1311.4199999999623,1569.2018340265377,714.3883465961717,0.9799574378093339,0.9729942129576921,0.9277725500780936
1311.4299999999623,1569.2018340265377,714.3913140475389,0.9796635230178888,0.9726179718944865,0.9267771316171477
1311.4399999999623,1569.2018340265377,714.3942814783034,0.979367529228026,0.9722392415078008,0.9257757147887804
1311.4499999999623,1569.2018340265377,714.3972488884652,0.9790694581788293,0.9718580248741888,0.9247683212701852
1311.4599999999623,1569.2018340265377,714.400216278025,0.978769311620976,0.9714743250891162,0.9237549728503025
1311.4699999999623,1569.2018340265377,714.4031836469828,0.9784670913202538,0.9710881452669918,0.9227356914325148
1311.4799999999623,1569.2018340265377,714.4061509953385,0.978162799049479,0.9706994885411124,0.9217104990262242
1311.4899999999623,1569.2018340265377,714.4091183230927,0.9778564365961678,0.9703083580635009,0.9206794177531006
1311.4999999999623,1569.2018340265377,714.4120856302454,0.9775480057619372,0.9699147570050122,0.9196424698460112
1311.5099999999622,1569.2018340265377,714.415052916797,0.9772375083552632,0.9695186885552163,0.918599677641293
1311.5199999999622,1569.2018340265377,714.4180201827476,0.9769249461993446,0.9691201559223702,0.9175510635854018
1311.5299999999622,1569.2018340265377,714.4209874280972,0.9766103211296127,0.9687191623334054,0.9164966502318441
1311.5399999999622,1569.2018340265377,714.4239546528465,0.9762936349930114,0.9683157110337612,0.915436460239479
1311.5499999999622,1569.2018340265377,714.4269218569954,0.9759748896479202,0.9679098052875572,0.9143705163720679
1311.5599999999622,1569.2018340265377,714.429889040544,0.9756540869630316,0.967501448377348,0.913298841496055
1311.5699999999622,1569.2018340265377,714.4328562034927,0.9753312288214369,0.9670906436041725,0.9122214585837747
1311.5799999999622,1569.2018340265377,714.4358233458419,0.9750063171187875,0.9666773942874778,0.9111383907108673
1311.5899999999622,1569.2018340265377,714.4387904675916,0.9746793537587249,0.9662617037651058,0.9100496610512673
1311.5999999999622,1569.2018340265377,714.4417575687419,0.9743503406577404,0.9658435753932816,0.9089552928810111
1311.6099999999622,1569.2018340265377,714.444724649293,0.9740192797459366,0.9654230125464558,0.9078553095779257
1311.6199999999621,1569.2018340265377,714.4476917092455,0.9736861729644279,0.965000018617291,0.906749734618452
1311.6299999999621,1569.2018340265377,714.4506587485993,0.973351022265586,0.9645745970167613,0.9056385915773365
1311.6399999999621,1569.2018340265377,714.4536257673547,0.9730138296142853,0.9641467511738969,0.9045219041275849
1311.6499999999621,1569.2018340265377,714.4565927655118,0.9726745969838593,0.9637164845358839,0.9033996960361598
1311.659999999962,1569.2018340265377,714.4595597430709,0.9723333263652656,0.9632838005679527,0.9022719911715573
1311.669999999962,1569.2018340265377,714.4625267000324,0.9719900197530974,0.9628487027533318,0.9011388134899924
1311.679999999962,1569.2018340265377,714.4654936363961,0.9716446791627518,0.962411194593284,0.9000001870506673
1311.689999999962,1569.2018340265377,714.4684605521626,0.9712973066132123,0.9619712796068925,0.8988561359986592
1311.699999999962,1569.2018340265377,714.471427447332,0.9709479041394364,0.961528961331182,0.8977066845758946
1311.709999999962,1569.2018340265377,714.4743943219045,0.9705964737859208,0.9610842433209863,0.8965518571141966
1311.719999999962,1569.2018340265377,714.4773611758801,0.9702430176107302,0.9606371291489528,0.8953916780382751
1311.729999999962,1569.2018340265377,714.4803280092593,0.9698875376826677,0.9601876224053919,0.8942261718620828
1311.739999999962,1569.2018340265377,714.4832948220424,0.9695300360815906,0.9597357266983313,0.8930553631884622
1311.749999999962,1569.2018340265377,714.4862616142293,0.9691705148967734,0.9592814456534513,0.8918792767067708
1311.759999999962,1569.2018340265377,714.4892283858203,0.9688089762335251,0.9588247829140194,0.8906979371980995
1311.769999999962,1569.2018340265377,714.4921951368157,0.9684454222044349,0.9583657421408066,0.8895113695263034
1311.779999999962,1569.2018340265377,714.4951618672156,0.9680798549381662,0.9579043270120905,0.8883195986453409
1311.789999999962,1569.2018340265377,714.4981285770206,0.9677122765688192,0.9574405412235713,0.887122649588587
1311.799999999962,1569.2018340265377,714.5010952662304,0.967342689244458,0.9569743884883938,0.885920547475952
1311.809999999962,1569.2018340265377,714.5040619348454,0.9669710951283736,0.9565058725370273,0.8847133175140439
1311.819999999962,1569.2018340265377,714.5070285828659,0.9665974963900634,0.9560349971171613,0.8835009849869493
1311.829999999962,1569.2018340265377,714.5099952102921,0.9662218952116406,0.9555617659938174,0.882283575261554
1311.839999999962,1569.2018340265377,714.512961817124,0.9658442937865074,0.9550861829491916,0.88106111378527
1311.849999999962,1569.2018340265377,714.5159284033622,0.9654646943224766,0.9546082517825675,0.8798336260879547
1311.859999999962,1569.2018340265377,714.5188949690065,0.9650830990346612,0.954127976310393,0.8786011377747955
1311.869999999962,1569.2018340265377,714.5218615140576,0.9646995101516543,0.9536453603660652,0.8773636745307848
1311.879999999962,1569.2018340265377,714.5248280385152,0.9643139299097091,0.9531604078001001,0.8761212621149623
1311.889999999962,1569.2018340265377,714.5277945423796,0.96392636056028,0.9526731224798795,0.8748739263660392
1311.899999999962,1569.2018340265377,714.5307610256515,0.9635368043670157,0.9521835082895971,0.8736216931987811
1311.9099999999619,1569.2018340265377,714.5337274883307,0.9631452636001572,0.9516915691304142,0.8723645885984421
1311.9199999999619,1569.2018340265377,714.5366939304173,0.962751740545243,0.9511973089202391,0.8711026386274808
1311.9299999999619,1569.2018340265377,714.5396603519117,0.9623562374943475,0.9507007315936754,0.8698358694167508
1311.9399999999619,1569.2018340265377,714.5426267528143,0.9619587567566203,0.9502018411020063,0.8685643071742326
1311.9499999999618,1569.2018340265377,714.5455931331252,0.961559300649635,0.9497006414131628,0.8672879781763646
1311.9599999999618,1569.2018340265377,714.5485594928442,0.961157871497768,0.9491971365117284,0.8660069087658234
1311.9699999999618,1569.2018340265377,714.5515258319721,0.9607544716430295,0.9486913303986563,0.8647211253599962
1311.9799999999618,1569.2018340265377,714.5544921505088,0.960349103434695,0.9481832270914656,0.863430654441204
1311.9899999999618,1569.2018340265377,714.5574584484547,0.959941769235461,0.9476728306240935,0.8621355225611929
1311.9999999999618,1569.2018340265377,714.5604247258098,0.9595324714161572,0.9471601450468214,0.8608357563354637
1312.0099999999618,1569.2018340265377,714.5633909825743,0.959121212359512,0.9466451744262419,0.8595313824458143
1312.0199999999618,1569.2018340265377,714.5663572187487,0.9587079944630782,0.946127922845184,0.8582224276420334
1312.0299999999618,1569.2018340265377,714.5693234343331,0.9582928201305665,0.9456083944027198,0.8569089187333575
1312.0399999999618,1569.2018340265377,714.5722896293274,0.9578756917746096,0.945086593214091,0.855590882590044
1312.0499999999618,1569.2018340265377,714.5752558037323,0.9574566118279985,0.9445625234105343,0.8542683461523001
1312.0599999999617,1569.2018340265377,714.5782219575477,0.957035582724642,0.9440361891394067,0.8529413364127109
1312.0699999999617,1569.2018340265377,714.581188090774,0.956612606916634,0.9435075945640315,0.8516098804304097
1312.0799999999617,1569.2018340265377,714.5841542034112,0.9561876868575706,0.9429767438637043,0.8502740053154303
1312.0899999999617,1569.2018340265377,714.5871202954596,0.955760825022687,0.942443641233536,0.8489337382455648
1312.0999999999617,1569.2018340265377,714.5900863669195,0.9553320238956099,0.9419082908844587,0.8475891064537799
1312.1099999999617,1569.2018340265377,714.5930524177912,0.9549012859622144,0.9413706970431911,0.8462401372219267
1312.1199999999617,1569.2018340265377,714.5960184480746,0.9544686137281091,0.9408308639522244,0.8448868578954483
1312.1299999999617,1569.2018340265377,714.5989844577701,0.9540340097066385,0.940288795869581,0.843529295871499
1312.1399999999617,1569.2018340265377,714.6019504468779,0.9535974764218599,0.9397444970689861,0.8421674786011069
1312.1499999999617,1569.2018340265377,714.6049164153984,0.9531590164084968,0.9391979718396247,0.8408014335879012
1312.1599999999617,1569.2018340265377,714.6078823633314,0.9527186322129545,0.9386492244862735,0.8394311883884547
1312.1699999999616,1569.2018340265377,714.6108482906774,0.9522763263886909,0.9380982593290564,0.8380567706069706
1312.1799999999616,1569.2018340265377,714.6138141974367,0.9518321015059502,0.9375450807034498,0.8366782079030768
1312.1899999999616,1569.2018340265377,714.6167800836093,0.9513859601409517,0.9369896929603322,0.835295527981595
1312.1999999999616,1569.2018340265377,714.6197459491954,0.9509379048783756,0.9364321004658435,0.833908758593701
1312.2099999999616,1569.2018340265377,714.6227117941953,0.9504879383201957,0.9358723076012203,0.8325179275435856
1312.2199999999616,1569.2018340265377,714.6256776186093,0.9500360630769211,0.9353103187629312,0.8311230626802053
1312.2299999999616,1569.2018340265377,714.6286434224376,0.9495822817636912,0.9347461383625123,0.829724191892793
1312.2399999999616,1569.2018340265377,714.6316092056802,0.9491265970124849,0.9341797708265529,0.8283213431207272
1312.2499999999616,1569.2018340265377,714.6345749683373,0.9486690114614951,0.9336112205966168,0.8269145443433024
1312.2599999999616,1569.2018340265377,714.6375407104097,0.9482095277668264,0.9330404921290744,0.8255038235888456
1312.2699999999616,1569.2018340265377,714.6405064318969,0.9477481485864482,0.9324675898953283,0.8240892089203298
1312.2799999999615,1569.2018340265377,714.6434721327995,0.9472848765913847,0.9318925183814726,0.822670728443741
1312.2899999999615,1569.2018340265377,714.6464378131176,0.9468197144635229,0.9313152820883638,0.8212484103054979
1312.2999999999615,1569.2018340265377,714.6494034728514,0.9463526648979138,0.930735885531542,0.8198222826935078
1312.3099999999615,1569.2018340265377,714.6523691120012,0.9458837305949169,0.9301543332411711,0.8183923738294614
1312.3199999999615,1569.2018340265377,714.6553347305671,0.9454129142674491,0.929570629762003,0.8169587119742652
1312.3299999999615,1569.2018340265377,714.6583003285494,0.9449402186414138,0.9289847796532513,0.8155213254273893
1312.3399999999615,1569.2018340265377,714.6612659059484,0.9444656464469311,0.9283967874885992,0.8140802425185149
1312.3499999999615,1569.2018340265377,714.6642314627641,0.9439892004298437,0.9278066578561631,0.8126354916166181
1312.3599999999615,1569.2018340265377,714.6671969989968,0.9435108833428874,0.9272143953582976,0.811187101121217
1312.3699999999615,1569.2018340265377,714.6701625146467,0.9430306979506455,0.9266200046117171,0.809735099466068
1312.3799999999615,1569.2018340265377,714.6731280097141,0.9425486470278392,0.9260234902472538,0.8082795151164773
1312.3899999999614,1569.2018340265377,714.6760934841992,0.9420647333593751,0.9254248569099578,0.80682037656873
1312.3999999999614,1569.2018340265377,714.6790589381021,0.9415789597373897,0.9248241092589685,0.8053577123465482
1312.4099999999614,1569.2018340265377,714.682024371423,0.9410913289669541,0.9242212519674317,0.8038915510050497
1312.4199999999614,1569.2018340265377,714.6849897841626,0.9406018438688986,0.9236162897223916,0.8024219211321673
1312.4299999999614,1569.2018340265377,714.6879551763203,0.9401105072592673,0.9230092272249869,0.8009488513306686
1312.4399999999614,1569.2018340265377,714.6909205478969,0.9396173219766643,0.9224000691900174,0.7994723702399682
1312.4499999999614,1569.2018340265377,714.6938858988923,0.9391222908668473,0.9217888203461864,0.7979925065226043
1312.4599999999614,1569.2018340265377,714.6968512293071,0.9386254167814757,0.9211754854358056,0.7965092888618965
1312.4699999999614,1569.2018340265377,714.6998165391412,0.9381267025879361,0.920560069214969,0.7950227459698156
1312.4799999999614,1569.2018340265377,714.7027818283948,0.9376261511583338,0.9199425764533741,0.793532906576543
1312.4899999999614,1569.2018340265377,714.7057470970682,0.9371237653786807,0.9193230119341663,0.7920397994372166
1312.4999999999613,1569.2018340265377,714.7087123451616,0.9366195481443425,0.9187013804540186,0.7905434533274244
1312.5099999999613,1569.2018340265377,714.7116775726755,0.9361135023587351,0.9180776868229987,0.7890438970411021
1312.5199999999613,1569.2018340265377,714.7146427796096,0.9356056309326893,0.9174519358646519,0.7875411593893712
1312.5299999999613,1569.2018340265377,714.7176079659642,0.9350959367927937,0.9168241324156746,0.7860352692062321
1312.5399999999613,1569.2018340265377,714.72057313174,0.9345844228717912,0.9161942813259963,0.7845262553398322
1312.5499999999613,1569.2018340265377,714.7235382769369,0.9340710921152029,0.9155623874588138,0.7830141466573259
1312.5599999999613,1569.2018340265377,714.7265034015549,0.9335559474704332,0.9149284556904331,0.7814989720346917
1312.5699999999613,1569.2018340265377,714.7294685055945,0.933038991906597,0.914292490910085,0.779980760372267
1312.5799999999613,1569.2018340265377,714.7324335890557,0.932520228392859,0.9136544980201056,0.7784595405761348
1312.5899999999613,1569.2018340265377,714.7353986519391,0.9319996599098241,0.9130144819356543,0.7769353415664252
1312.5999999999613,1569.2018340265377,714.7383636942445,0.9314772894494656,0.9123724475848711,0.7754081922767448
1312.6099999999612,1569.2018340265377,714.7413287159721,0.93095312001525,0.9117283999086182,0.7738781216530659
1312.6199999999612,1569.2018340265377,714.7442937171227,0.9304271546171392,0.9110823438603902,0.7723451586486495
1312.6299999999612,1569.2018340265377,714.7472586976959,0.9298993962746,0.9104342844065489,0.7708093322261939
1312.6399999999612,1569.2018340265377,714.750223657692,0.9293698480147616,0.9097842265259629,0.7692706713549353
1312.6499999999612,1569.2018340265377,714.7531885971115,0.9288385128822751,0.9091321752099925,0.767729205018026
1312.6599999999612,1569.2018340265377,714.7561535159543,0.9283053939213426,0.9084781354625765,0.7661849621970406
1312.6699999999612,1569.2018340265377,714.759118414221,0.9277704941924202,0.9078221122999686,0.7646379718845987
1312.6799999999612,1569.2018340265377,714.7620832919113,0.9272338167628884,0.9071641107509242,0.7630882630762075
1312.6899999999612,1569.2018340265377,714.7650481490258,0.926695364705726,0.9065041358562842,0.7615358647677316
1312.6999999999612,1569.2018340265377,714.7680129855646,0.9261551411139514,0.905842192669264,0.7599808059670008
1312.7099999999612,1569.2018340265377,714.770977801528,0.9256131490804934,0.9051782862551618,0.7584231156760121
1312.7199999999611,1569.2018340265377,714.773942596916,0.9250693917068835,0.9045124216914723,0.75686282289754
1312.7299999999611,1569.2018340265377,714.776907371729,0.9245238721084102,0.9038446040675673,0.7552999566380714
1312.7399999999611,1569.2018340265377,714.7798721259671,0.9239765934121095,0.9031748384848866,0.7537345459057125
1312.7499999999611,1569.2018340265377,714.7828368596307,0.9234275587479167,0.9025031300567449,0.7521666197019029
1312.759999999961,1569.2018340265377,714.7858015727197,0.9228767712548906,0.9018294839083455,0.7505962070257959
1312.769999999961,1569.2018340265377,714.7887662652347,0.922324234088345,0.9011539051765336,0.7490233368789009
1312.779999999961,1569.2018340265377,714.7917309371757,0.9217699504076229,0.9004763990099904,0.7474480382547147
1312.789999999961,1569.2018340265377,714.7946955885428,0.9212139233810942,0.8997969705689868,0.7458703401416518
1312.799999999961,1569.2018340265377,714.7976602193364,0.9206561561876252,0.8991156250253698,0.744290271523479
1312.809999999961,1569.2018340265377,714.8006248295566,0.9200966520130367,0.8984323675625241,0.7427078613756518
1312.819999999961,1569.2018340265377,714.8035894192038,0.9195354140555941,0.8977472033751747,0.7411231386686984
1312.829999999961,1569.2018340265377,714.8065539882781,0.9189724455178622,0.8970601376695841,0.7395361323612416
1312.839999999961,1569.2018340265377,714.8095185367795,0.9184077496186727,0.8963711756632781,0.737946871408466
1312.849999999961,1569.2018340265377,714.8124830647085,0.9178413295745905,0.8956803225849247,0.7363553847462839
1312.859999999961,1569.2018340265377,714.8154475720653,0.9172731886242862,0.8949875836745078,0.7347617013104915
1312.869999999961,1569.2018340265377,714.8184120588501,0.916703330006085,0.8942929641830489,0.7331658500175566
1312.879999999961,1569.2018340265377,714.8213765250629,0.9161317569698063,0.893596469372701,0.7315678597735683
1312.889999999961,1569.2018340265377,714.824340970704,0.9155584727748008,0.8928981045165223,0.7299677594715709
1312.899999999961,1569.2018340265377,714.8273053957739,0.9149834806925828,0.8921978748984898,0.7283655779929666
1312.909999999961,1569.2018340265377,714.8302698002726,0.9144067839906702,0.8914957858134873,0.7267613441939232
1312.919999999961,1569.2018340265377,714.8332341842001,0.9138283859594349,0.8907918425672123,0.7251550869258993
1312.929999999961,1569.2018340265377,714.8361985475569,0.9132482898926274,0.8900860504759746,0.7235468350190969
1312.939999999961,1569.2018340265377,714.8391628903433,0.912666499094728,0.889378414866764,0.7219366172877172
1312.949999999961,1569.2018340265377,714.8421272125594,0.912083016872066,0.8886689410772393,0.7203244625222179
1312.959999999961,1569.2018340265377,714.8450915142051,0.9114978465477966,0.8879576344555522,0.7187103995001808
1312.969999999961,1569.2018340265377,714.848055795281,0.9109109914502761,0.887244500360254,0.7170944569762657
1312.979999999961,1569.2018340265377,714.8510200557872,0.9103224549164373,0.8865295441602821,0.7154766636841708
1312.989999999961,1569.2018340265377,714.853984295724,0.9097322402938465,0.8858127712349483,0.7138570483375395
1312.999999999961,1569.2018340265377,714.8569485150914,0.909140350929632,0.8850941869738178,0.7122356396203906
1313.0099999999609,1569.2018340265377,714.8599127138897,0.9085467901932198,0.8843737967766135,0.7106124662041208
1313.0199999999609,1569.2018340265377,714.8628768921193,0.9079515614542114,0.8836516060531217,0.70898755672931
1313.0299999999609,1569.2018340265377,714.8658410497802,0.9073546680913525,0.8829276202232901,0.7073609398122452
1313.0399999999609,1569.2018340265377,714.8688051868727,0.9067561134931849,0.8822018447169951,0.7057326440443736
1313.0499999999608,1569.2018340265377,714.871769303397,0.9061559010545066,0.8814742849740298,0.7041026979888516
1313.0599999999608,1569.2018340265377,714.8747333993533,0.9055540341820232,0.8807449464440077,0.7024711301841188
1313.0699999999608,1569.2018340265377,714.8776974747418,0.9049505162893658,0.8800138345864077,0.70083796913942
1313.0799999999608,1569.2018340265377,714.8806615295628,0.9043453507956167,0.8792809548703386,0.6992032433326362
1313.0899999999608,1569.2018340265377,714.8836255638163,0.9037385411316392,0.878546312774611,0.6975669812146398
1313.0999999999608,1569.2018340265377,714.8865895775028,0.9031300907344639,0.8778099137875296,0.695929211203958
1313.1099999999608,1569.2018340265377,714.8895535706225,0.9025200030507042,0.8770717634069932,0.6942899616889184
1313.1199999999608,1569.2018340265377,714.8925175431752,0.9019082815351779,0.8763318671404005,0.6926492610257746
1313.1299999999608,1569.2018340265377,714.8954814951616,0.9012949296472799,0.8755902305043544,0.6910071375348127
1313.1399999999608,1569.2018340265377,714.8984454265817,0.9006799508609576,0.8748468590248488,0.6893636195076532
1313.1499999999608,1569.2018340265377,714.9014093374358,0.9000633486539531,0.8741017582371448,0.6877187351981536
1313.1599999999607,1569.2018340265377,714.9043732277239,0.8994451265135418,0.8733549336856731,0.6860725128260164
1313.1699999999607,1569.2018340265377,714.9073370974463,0.8988252879328057,0.8726063909239383,0.6844249805731548
1313.1799999999607,1569.2018340265377,714.9103009466036,0.8982038364172532,0.8718561355143916,0.6827761665879036
1313.1899999999607,1569.2018340265377,714.9132647751956,0.8975807754737737,0.8711041730286218,0.6811260989762782
1313.1999999999607,1569.2018340265377,714.9162285832224,0.8969561086208193,0.8703505090470574,0.6794748058086337
1313.2099999999607,1569.2018340265377,714.9191923706845,0.896329839387739,0.8695951491588679,0.6778223151183589
1313.2199999999607,1569.2018340265377,714.9221561375821,0.8957019713095244,0.8688380989620696,0.676168654897433
1313.2299999999607,1569.2018340265377,714.9251198839154,0.8950725079268856,0.8680793640633114,0.6745138530955458
1313.2399999999607,1569.2018340265377,714.9280836096844,0.894441452788253,0.8673189500779519,0.6728579376211199
1313.2499999999607,1569.2018340265377,714.9310473148895,0.8938088094543856,0.8665568626298453,0.6712009363438285
1313.2599999999607,1569.2018340265377,714.9340109995311,0.8931745814900142,0.8657931073512429,0.6695428770875383
1313.2699999999606,1569.2018340265377,714.936974663609,0.8925387724691676,0.8650276898830167,0.6678837876340606
1313.2799999999606,1569.2018340265377,714.9399383071237,0.8919013859683298,0.8642606158742102,0.666223695716732
1313.2899999999606,1569.2018340265377,714.9429019300753,0.8912624255821017,0.8634918909822334,0.6645626290318294
1313.2999999999606,1569.2018340265377,714.9458655324642,0.8906218949067403,0.8627215208726468,0.6629006152253195
1313.3099999999606,1569.2018340265377,714.9488291142903,0.8899797975431714,0.8619495112192097,0.6612376818946194
1313.3199999999606,1569.2018340265377,714.951792675554,0.8893361371035813,0.8611758677037533,0.6595738565927197
1313.3299999999606,1569.2018340265377,714.9547562162554,0.8886909172070023,0.8604005960160518,0.6579091668241093
1313.3399999999606,1569.2018340265377,714.957719736395,0.8880441414822414,0.8596237018538117,0.6562436400463447
1313.3499999999606,1569.2018340265377,714.9606832359727,0.8873958135610653,0.8588451909226931,0.6545773036644635
1313.3599999999606,1569.2018340265377,714.9636467149888,0.8867459370895264,0.8580650689360912,0.6529101850384433
1313.3699999999606,1569.2018340265377,714.9666101734437,0.886094515707418,0.8572833416150968,0.6512423114674243
1313.3799999999605,1569.2018340265377,714.9695736113373,0.8854415530802073,0.8565000146885161,0.6495737102126912
1313.3899999999605,1569.2018340265377,714.9725370286701,0.8847870528700336,0.8557150938926824,0.6479044084754602
1313.3999999999605,1569.2018340265377,714.9755004254421,0.8841310187426117,0.8549285849715367,0.6462344334015603
1313.4099999999605,1569.2018340265377,714.9784638016536,0.8834734543831543,0.8541404936763776,0.6445638120921364
1313.4199999999605,1569.2018340265377,714.9814271573049,0.8828143634757206,0.8533508257658816,0.6428925715880073
1313.4299999999605,1569.2018340265377,714.9843904923961,0.8821537497108789,0.852559587006126,0.6412207388747734
1313.4399999999605,1569.2018340265377,714.9873538069273,0.8814916167894585,0.8517667831703664,0.6395483408846644
1313.4499999999605,1569.2018340265377,714.9903171008989,0.8808279684179243,0.8509724200390287,0.6378754044926136
1313.4599999999605,1569.2018340265377,714.9932803743112,0.880162808316854,0.8501765033995783,0.636201956521658
1313.4699999999605,1569.2018340265377,714.9962436271643,0.8794961402023763,0.8493790390466333,0.6345280237291369
1313.4799999999605,1569.2018340265377,714.9992068594582,0.8788279678015136,0.8485800327817427,0.6328536328169504
1313.4899999999604,1569.2018340265377,715.0021700711934,0.8781582948546152,0.847779490413286,0.6311788104326077
1313.4999999999604,1569.2018340265377,715.0051332623702,0.8774871251043711,0.8469774177564339,0.6295035831607174
1313.5099999999604,1569.2018340265377,715.0080964329885,0.876814462299658,0.8461738206332933,0.6278279775254713
1313.5199999999604,1569.2018340265377,715.0110595830487,0.876140310192437,0.8453687048724696,0.6261520199872604
1313.5299999999604,1569.2018340265377,715.0140227125507,0.8754646725533414,0.8445620763093046,0.6244757369536647
1313.5399999999604,1569.2018340265377,715.0169858214954,0.8747875531496901,0.8437539407854968,0.6227991547626452
1313.5499999999604,1569.2018340265377,715.0199489098825,0.874108955762808,0.8429443041494353,0.6211222996949105
1313.5599999999604,1569.2018340265377,715.022911977712,0.8734288841697003,0.842133172255882,0.6194451979598992
1313.5699999999604,1569.2018340265377,715.0258750249848,0.8727473421669248,0.8413205509657455,0.6177678757119232
1313.5799999999604,1569.2018340265377,715.0288380517005,0.8720643335498502,0.8405064461464167,0.6160903590354279
1313.5899999999604,1569.2018340265377,715.0318010578598,0.8713798621261506,0.8396908636713241,0.6144126739534163
1313.5999999999603,1569.2018340265377,715.0347640434625,0.8706939317038225,0.8388738094201459,0.6127348464188053
1313.6099999999603,1569.2018340265377,715.0377270085088,0.870006546103164,0.8380552892785834,0.6110569023220657
1313.6199999999603,1569.2018340265377,715.0406899529994,0.8693177091486749,0.8372353091381654,0.6093788674847442
1313.6299999999603,1569.2018340265377,715.0436528769341,0.8686274246731414,0.8364138748965864,0.6077007676623567
1313.6399999999603,1569.2018340265377,715.0466157803131,0.8679356965077913,0.8355909924572289,0.6060226285363353
1313.6499999999603,1569.2018340265377,715.0495786631369,0.8672425285033835,0.8347666677292499,0.6043444757284396
1313.6599999999603,1569.2018340265377,715.0525415254054,0.8665479245114496,0.8339409066276061,0.6026663347871976
1313.6699999999603,1569.2018340265377,715.0555043671193,0.8658518883852805,0.833113715072731,0.600988231187701
1313.6799999999603,1569.2018340265377,715.0584671882782,0.865154423990151,0.8322850989908455,0.5993101903387165
1313.6899999999603,1569.2018340265377,715.0614299888825,0.8644555351945845,0.8314550643135067,0.5976322375755065
1313.6999999999603,1569.2018340265377,715.0643927689327,0.8637552258791735,0.8306236169776652,0.5959543981655732
1313.7099999999602,1569.2018340265377,715.0673555284288,0.8630534999276352,0.8297907629257547,0.5942766973021457
1313.7199999999602,1569.2018340265377,715.0703182673709,0.8623503612234027,0.8289565081054626,0.5925991601010934
1313.7299999999602,1569.2018340265377,715.0732809857594,0.8616458136644629,0.8281208584695958,0.5909218116105198
1313.7399999999602,1569.2018340265377,715.0762436835946,0.8609398611582654,0.8272838199761707,0.5892446768069206
1313.7499999999602,1569.2018340265377,715.0792063608766,0.8602325076070869,0.8264453985883119,0.5875677805845934
1313.7599999999602,1569.2018340265377,715.0821690176053,0.8595237569242091,0.8256056002741823,0.5858911477662211
1313.7699999999602,1569.2018340265377,715.0851316537813,0.8588136130324194,0.8247644310067518,0.5842148031010733
1313.7799999999602,1569.2018340265377,715.0880942694049,0.8581020798623353,0.8239218967638888,0.5825387712635626
1313.7899999999602,1569.2018340265377,715.0910568644761,0.8573891613398777,0.8230780035283548,0.5808630768443257
1313.7999999999602,1569.2018340265377,715.094019438995,0.8566748614061135,0.8222327572875731,0.5791877443629841
1313.8099999999602,1569.2018340265377,715.0969819929619,0.8559591840073276,0.8213861640336562,0.5775127982610168
1313.8199999999601,1569.2018340265377,715.0999445263773,0.8552421330933463,0.8205382297631731,0.5758382628999139
1313.8299999999601,1569.2018340265377,715.1029070392411,0.8545237126207499,0.8196889604773726,0.5741641625632732
1313.8399999999601,1569.2018340265377,715.1058695315536,0.8538039265511899,0.818838362181918,0.5724905214549034
1313.8499999999601,1569.2018340265377,715.1088320033149,0.8530827788530918,0.8179864408868174,0.5708173636994887
1313.85999999996,1569.2018340265377,715.1117944545256,0.8523602735057842,0.8171332026062883,0.5691447133447675
1313.86999999996,1569.2018340265377,715.1147568851854,0.8516364144851608,0.8162786533590151,0.5674725943519298
1313.87999999996,1569.2018340265377,715.1177192952948,0.8509112057771565,0.8154227991676863,0.5658010306036222
1313.88999999996,1569.2018340265377,715.1206816848539,0.8501846513708181,0.8145656460591221,0.5641300458991313
1313.89999999996,1569.2018340265377,715.1236440538631,0.8494567552721219,0.8137072000641379,0.5624596639629994
1313.90999999996,1569.2018340265377,715.1266064023226,0.8487275214798544,0.8128474672175411,0.5607899084286437
1313.91999999996,1569.2018340265377,715.1295687302322,0.8479969540019701,0.8119864535581603,0.5591208028489173
1313.92999999996,1569.2018340265377,715.1325310375927,0.8472650568528498,0.8111241651283472,0.5574523706932427
1313.93999999996,1569.2018340265377,715.1354933244039,0.8465318340516349,0.8102606079744671,0.5557846353468422
1313.94999999996,1569.2018340265377,715.1384555906662,0.8457972896281243,0.8093957881464342,0.554117620113624
1313.95999999996,1569.2018340265377,715.1414178363798,0.8450614276091586,0.8085297116978396,0.5524513482070836
1313.96999999996,1569.2018340265377,715.1443800615448,0.8443242520347158,0.8076623846857829,0.5507858427602985
1313.97999999996,1569.2018340265377,715.1473422661616,0.8435857669477784,0.8067938131708021,0.5491211268188527
1313.98999999996,1569.2018340265377,715.1503044502302,0.8428459763949342,0.8059240032169045,0.5474572233409618
1313.99999999996,1569.2018340265377,715.1532666137509,0.8421048844256108,0.8050529608914306,0.5457941551964822
1314.00999999996,1569.2018340265377,715.1562287567241,0.8413624950980348,0.8041806922648842,0.5441319451702352
1314.01999999996,1569.2018340265377,715.1591908791497,0.8406188124835612,0.8033072034110974,0.542470615964689
1314.02999999996,1569.2018340265377,715.1621529810282,0.8398738406450416,0.8024325004069265,0.5408101901852534
1314.03999999996,1569.2018340265377,715.1651150623595,0.8391275836609222,0.8015565893323511,0.5391506903556917
1314.04999999996,1569.2018340265377,715.168077123144,0.8383800456044566,0.8006794762703034,0.5374921389041888
1314.05999999996,1569.2018340265377,715.1710391633821,0.8376312305654693,0.7998011673065657,0.5358345581769158
1314.06999999996,1569.2018340265377,715.1740011830738,0.8368811426301589,0.7989216685299364,0.5341779704249893
1314.07999999996,1569.2018340265377,715.1769631822191,0.8361297859004171,0.7980409860318926,0.5325223978160973
1314.08999999996,1569.2018340265377,715.1799251608186,0.835377164465601,0.797159125906553,0.5308678624161565
1314.09999999996,1569.2018340265377,715.1828871188724,0.8346232824421649,0.7962760942507787,0.5292143862144205
1314.1099999999599,1569.2018340265377,715.1858490563807,0.8338681439357832,0.7953918971639689,0.5275619910988163
1314.1199999999599,1569.2018340265377,715.1888109733434,0.8331117530561164,0.7945065407481277,0.5259106988651951
1314.1299999999599,1569.2018340265377,715.1917728697612,0.832354113931134,0.793620031107455,0.524260531225553
1314.1399999999599,1569.2018340265377,715.1947347456342,0.8315952306821834,0.7927323743486864,0.5226115097924584
1314.1499999999598,1569.2018340265377,715.1976966009624,0.830835107439992,0.7918435765808529,0.5209636560885945
1314.1599999999598,1569.2018340265377,715.2006584357462,0.8300737483382659,0.790953643915214,0.5193169915423794
1314.1699999999598,1569.2018340265377,715.2036202499856,0.8293111575191762,0.7900625824651195,0.517671537490976
1314.1799999999598,1569.2018340265377,715.2065820436812,0.8285473391269925,0.789170398346009,0.5160273151760576
1314.1899999999598,1569.2018340265377,715.209543816833,0.8277822973062675,0.7882770976754124,0.5143843457424593
1314.1999999999598,1569.2018340265377,715.212505569441,0.8270160362161091,0.7873826865728815,0.5127426502467325
1314.2099999999598,1569.2018340265377,715.2154673015057,0.8262485600131523,0.7864871711596118,0.5111022496458202
1314.2199999999598,1569.2018340265377,715.2184290130273,0.8254798728613753,0.7855905575587869,0.5094631648033874
1314.2299999999598,1569.2018340265377,715.2213907040058,0.8247099789266654,0.7846928518953727,0.507825416485966
1314.2399999999598,1569.2018340265377,715.2243523744417,0.823938882382201,0.7837940602958765,0.5061890253657495
1314.2499999999598,1569.2018340265377,715.2273140243348,0.8231665874048328,0.7828941888885891,0.5045540120184583
1314.2599999999597,1569.2018340265377,715.2302756536858,0.8223930981803892,0.7819932438031025,0.5029203969257559
1314.2699999999597,1569.2018340265377,715.2332372624948,0.8216184188884058,0.7810912311706906,0.5012882004661877
1314.2799999999597,1569.2018340265377,715.2361988507616,0.8208425537236469,0.7801881571240344,0.49965744292780473
1314.2899999999597,1569.2018340265377,715.2391604184869,0.8200655068762873,0.7792840277970147,0.4980281444955862
1314.2999999999597,1569.2018340265377,715.2421219656707,0.8192872825535303,0.7783788493248869,0.49640032526463745
1314.3099999999597,1569.2018340265377,715.2450834923134,0.8185078849533469,0.777472627844005,0.49477400522368425
1314.3199999999597,1569.2018340265377,715.2480449984148,0.8177273182816792,0.7765653694920666,0.4931492042656734
1314.3299999999597,1569.2018340265377,715.2510064839754,0.8169455867549876,0.7756570804076278,0.4915259421884823
1314.3399999999597,1569.2018340265377,715.2539679489956,0.816162694587745,0.7747477667302438,0.4899042386873742
1314.3499999999597,1569.2018340265377,715.2569293934753,0.8153786460021716,0.773837434600611,0.4882841133608803
1314.3599999999597,1569.2018340265377,715.2598908174148,0.8145934452183055,0.772926090160081,0.48666558570406176
1314.3699999999596,1569.2018340265377,715.2628522208142,0.8138070964703922,0.7720137395509064,0.48504867511847355
1314.3799999999596,1569.2018340265377,715.265813603674,0.8130196039903843,0.7711003889159997,0.4834334009018191
1314.3899999999596,1569.2018340265377,715.2687749659943,0.8122309720179143,0.7701860443989702,0.4818197822538061
1314.3999999999596,1569.2018340265377,715.2717363077752,0.8114412047856758,0.7692707121440923,0.48020783826728114
1314.4099999999596,1569.2018340265377,715.2746976290169,0.8106503065459522,0.7683543982960624,0.4785975879435193
1314.4199999999596,1569.2018340265377,715.2776589297199,0.8098582815440072,0.7674371090000377,0.47698905017635135
1314.4299999999596,1569.2018340265377,715.2806202098841,0.8090651340372415,0.7665188504016742,0.4753822437634092
1314.4399999999596,1569.2018340265377,715.2835814695098,0.8082708682731654,0.7655996286468488,0.4737771873926774
1314.4499999999596,1569.2018340265377,715.2865427085973,0.8074754885262483,0.7646794498817684,0.47217389966414736
1314.4599999999596,1569.2018340265377,715.2895039271467,0.8066789990535063,0.7637583202527621,0.4705723990633665
1314.4699999999596,1569.2018340265377,715.2924651251584,0.8058814041222148,0.7628362459063206,0.4689727039776449
1314.4799999999595,1569.2018340265377,715.2954263026322,0.8050827080071293,0.7619132329891002,0.46737483269428626
1314.4899999999595,1569.2018340265377,715.2983874595687,0.8042829149810973,0.7609892876475371,0.4657788033945398
1314.4999999999595,1569.2018340265377,715.3013485959682,0.8034820293310175,0.760064416028101,0.46418463416306666
1314.5099999999595,1569.2018340265377,715.3043097118306,0.8026800553314526,0.7591386242771919,0.46259234297242957
1314.5199999999595,1569.2018340265377,715.3072708071562,0.8018769972690284,0.7582119185408976,0.4610019476968389
1314.5299999999595,1569.2018340265377,715.3102318819451,0.8010728594396223,0.7572843049651397,0.4594134661105656
1314.5399999999595,1569.2018340265377,715.313192936198,0.8002676461369768,0.7563557896952876,0.45782691588082897
1314.5499999999595,1569.2018340265377,715.3161539699147,0.7994613616565126,0.7554263788765557,0.4562423145704089
1314.5599999999595,1569.2018340265377,715.3191149830953,0.7986540102998736,0.7544960786536163,0.4546596796396962
1314.5699999999595,1569.2018340265377,715.3220759757403,0.7978455963665975,0.7535648951705342,0.4530790284417877
1314.5799999999595,1569.2018340265377,715.3250369478498,0.7970361241755919,0.7526328345708073,0.45150037823466815
1314.5899999999594,1569.2018340265377,715.3279978994242,0.7962255980283615,0.7516999029971944,0.4499237461600425
1314.5999999999594,1569.2018340265377,715.3309588304634,0.7954140222411463,0.7507661065919353,0.4483491492617977
1314.6099999999594,1569.2018340265377,715.3339197409675,0.7946014011324727,0.7498314514963281,0.44677660447835427
1314.6199999999594,1569.2018340265377,715.3368806309373,0.7937877390251598,0.7488959438506628,0.4452061286436669
1314.6299999999594,1569.2018340265377,715.3398415003728,0.7929730402433117,0.7479595897945148,0.4436377384858318
1314.6399999999594,1569.2018340265377,715.3428023492738,0.7921573091085177,0.7470223954665014,0.4420714506246406
1314.6499999999594,1569.2018340265377,715.3457631776408,0.7913405499598316,0.7460843670039997,0.4405072815823645
1314.6599999999594,1569.2018340265377,715.3487239854743,0.7905227671279988,0.7451455105432621,0.43894524776944194
1314.6699999999594,1569.2018340265377,715.3516847727741,0.7897039649497566,0.744205832219531,0.4373853654925784
1314.6799999999594,1569.2018340265377,715.3546455395406,0.7888841477619276,0.7432653381666503,0.43582765095097287
1314.6899999999594,1569.2018340265377,715.3576062857737,0.7880633199073117,0.742324034517253,0.43427212023977957
1314.6999999999593,1569.2018340265377,715.3605670114742,0.7872414857383858,0.7413819274023715,0.4327187893516405
1314.7099999999593,1569.2018340265377,715.3635277166419,0.7864186496000446,0.7404390229518786,0.4311676741676732
1314.7199999999593,1569.2018340265377,715.366488401277,0.7855948158439068,0.739495327293954,0.4296187904647292
1314.7299999999593,1569.2018340265377,715.36944906538,0.7847699888244862,0.7385508465552001,0.4280721539134034
1314.7399999999593,1569.2018340265377,715.3724097089508,0.7839441728991816,0.7376055868606506,0.42652778007803094
1314.7499999999593,1569.2018340265377,715.3753703319899,0.7831173724319948,0.7366595543335979,0.4249856844185018
1314.7599999999593,1569.2018340265377,715.3783309344972,0.7822895917801002,0.7357127550956012,0.4234458822829741
1314.7699999999593,1569.2018340265377,715.3812915164731,0.7814608353150321,0.7347651952663145,0.42190838891918686
1314.7799999999593,1569.2018340265377,715.3842520779178,0.7806311074012687,0.7338168809635308,0.4203732194629071
1314.7899999999593,1569.2018340265377,715.3872126188315,0.7798004124128499,0.7328678183031196,0.4188403889468629
1314.7999999999593,1569.2018340265377,715.3901731392145,0.7789687547185924,0.7319180133988532,0.4173099122925932
1314.8099999999592,1569.2018340265377,715.3931336390668,0.7781361386996957,0.7309674723625263,0.4157818043200679
1314.8199999999592,1569.2018340265377,715.3960941183889,0.7773025687369798,0.7300162013036371,0.4142560797404779
1314.8299999999592,1569.2018340265377,715.3990545771808,0.7764680492099657,0.7290642063295791,0.41273275315601543
1314.8399999999592,1569.2018340265377,715.4020150154427,0.7756325844995738,0.7281114935454697,0.411211839061167
1314.8499999999592,1569.2018340265377,715.4049754331749,0.774796178993178,0.7271580690540128,0.4096933518452755
1314.8599999999592,1569.2018340265377,715.4079358303777,0.7739588370854672,0.72620393895551,0.4081773057930197
1314.8699999999592,1569.2018340265377,715.4108962070511,0.7731205631627207,0.7252491093479441,0.4066637150762466
1314.8799999999592,1569.2018340265377,715.4138565631954,0.7722813616175253,0.7242935863266234,0.4051525937614154
1314.8899999999592,1569.2018340265377,715.4168168988108,0.7714412368477268,0.7233373759843027,0.40364395580920825
1314.8999999999592,1569.2018340265377,715.4197772138978,0.7706001932553675,0.7223804844110102,0.4021378150738193
1314.9099999999592,1569.2018340265377,715.4227375084563,0.7697582352379365,0.7214229176942069,0.40063418529862305
1314.9199999999591,1569.2018340265377,715.4256977824864,0.7689153671951001,0.7204646819185759,0.3991330801195435
1314.9299999999591,1569.2018340265377,715.4286580359885,0.7680715935356156,0.7195057831658151,0.39763451306847003
1314.9399999999591,1569.2018340265377,715.4316182689629,0.7672269186674228,0.7185462275147947,0.3961384975683403
1314.9499999999591,1569.2018340265377,715.4345784814097,0.766381346997582,0.7175860210414221,0.3946450469330532
1314.959999999959,1569.2018340265377,715.4375386733292,0.765534882939245,0.7166251698186179,0.39315417437112055
1314.969999999959,1569.2018340265377,715.4404988447213,0.7646875309006496,0.7156636799162167,0.39166589297997545
1314.979999999959,1569.2018340265377,715.4434589955869,0.7638392953038537,0.7147015574007217,0.3901802157554065
1314.989999999959,1569.2018340265377,715.4464191259256,0.7629901805630978,0.7137388083357231,0.3886971555810007
1314.999999999959,1569.2018340265377,715.4493792357375,0.7621401910964286,0.7127754387814313,0.3872167252336982
1315.009999999959,1569.2018340265377,715.4523393250233,0.7612893313248673,0.7118114547945784,0.38573893738334797
1315.019999999959,1569.2018340265377,715.4552993937831,0.7604376056782272,0.7108468624286531,0.3842638045959971
1315.029999999959,1569.2018340265377,715.4582594420169,0.7595850185732039,0.7098816677336925,0.3827913393226777
1315.039999999959,1569.2018340265377,715.4612194697252,0.75873157444028,0.7089158767561471,0.3813215539129936
1315.049999999959,1569.2018340265377,715.4641794769078,0.7578772777056993,0.7079494955390059,0.379854460606249
1315.059999999959,1569.2018340265377,715.4671394635653,0.7570221328034148,0.7069825301214764,0.3783900715372323
1315.069999999959,1569.2018340265377,715.4700994296978,0.7561661441610844,0.7060149865391838,0.37692839872952666
1315.079999999959,1569.2018340265377,715.4730593753055,0.7553093162109921,0.7050468708239632,0.3754694541008914
1315.089999999959,1569.2018340265377,715.4760193003887,0.7544516533950778,0.7040781890038362,0.3740132494658368
1315.099999999959,1569.2018340265377,715.4789792049473,0.7535931601448201,0.7031089471029889,0.37255979652572824
1315.109999999959,1569.2018340265377,715.481939088982,0.752733840901335,0.7021391511415627,0.3711091068786874
1315.119999999959,1569.2018340265377,715.4848989524925,0.7518737001011225,0.7011688071359304,0.369661192012958
1315.129999999959,1569.2018340265377,715.4878587954793,0.7510127421862891,0.7001979210981529,0.3682160633115228
1315.139999999959,1569.2018340265377,715.4908186179428,0.7501509716043155,0.6992264990362544,0.3667737320523978
1315.149999999959,1569.2018340265377,715.4937784198828,0.7492883927930816,0.698254546954239,0.3653342094014649
1315.159999999959,1569.2018340265377,715.4967382012996,0.7484250101978658,0.6972820708517699,0.3638975064206253
1315.169999999959,1569.2018340265377,715.4996979621937,0.7475608282682809,0.6963090767241481,0.36246363406640403
1315.179999999959,1569.2018340265377,715.5026577025651,0.7466958514542917,0.6953355705624782,0.36103260318833336
1315.189999999959,1569.2018340265377,715.505617422414,0.745830084203033,0.6943615583533478,0.3596044245272503
1315.199999999959,1569.2018340265377,715.5085771217407,0.7449635309619146,0.6933870460789565,0.3581791087171142
1315.2099999999589,1569.2018340265377,715.5115368005453,0.7440961961875868,0.6924120397169453,0.35675666628930164
1315.2199999999589,1569.2018340265377,715.5144964588283,0.7432280843328509,0.6914365452403008,0.35533710766636406
1315.2299999999589,1569.2018340265377,715.5174560965894,0.7423591998526502,0.6904605686175976,0.35392044316534044
1315.2399999999589,1569.2018340265377,715.5204157138293,0.7414895471948157,0.6894841158124528,0.35250668299296595
1315.2499999999588,1569.2018340265377,715.5233753105479,0.7406191308215796,0.6885071927839187,0.3510958372565088
1315.2599999999588,1569.2018340265377,715.5263348867456,0.7397479551879462,0.6875298054860869,0.3496879159532325
1315.2699999999588,1569.2018340265377,715.5292944424226,0.7388760247550283,0.6865519598683324,0.34828292897717367
1315.2799999999588,1569.2018340265377,715.532253977579,0.738003343978845,0.6855736618750303,0.34688088611374157
1315.2899999999588,1569.2018340265377,715.535213492215,0.7371299173213289,0.6845949174455744,0.34548179704512916
1315.2999999999588,1569.2018340265377,715.538172986331,0.7362557492443538,0.6836157325142821,0.34408567134758844
1315.3099999999588,1569.2018340265377,715.5411324599272,0.7353808442095705,0.6826361130104135,0.34269251849157706
1315.3199999999588,1569.2018340265377,715.5440919130035,0.734505206678517,0.6816560648581899,0.34130234784203645
1315.3299999999588,1569.2018340265377,715.5470513455604,0.7336288411133731,0.6806755939764362,0.3399151686585932
1315.3399999999588,1569.2018340265377,715.5500107575981,0.7327517519802174,0.6796947062787505,0.33853099009744353
1315.3499999999588,1569.2018340265377,715.5529701491168,0.7318739437437978,0.6787134076734859,0.3371498212091146
1315.3599999999587,1569.2018340265377,715.5559295201166,0.7309954208715247,0.6777317040636569,0.33577167094043275
1315.3699999999587,1569.2018340265377,715.5588888705977,0.7301161878212815,0.676749601346732,0.3343965481289382
1315.3799999999587,1569.2018340265377,715.5618482005605,0.7292362490719864,0.6757671054146928,0.3330244615171884
1315.3899999999587,1569.2018340265377,715.5648075100052,0.7283556090857131,0.6747842221540146,0.33165541973557794
1315.3999999999587,1569.2018340265377,715.5677667989318,0.7274742723240701,0.6738009574456495,0.3302894313100985
1315.4099999999587,1569.2018340265377,715.5707260673406,0.7265922432676575,0.6728173171647831,0.32892650467114365
1315.4199999999587,1569.2018340265377,715.573685315232,0.7257095263758956,0.6718333071809292,0.32756664813557845
1315.4299999999587,1569.2018340265377,715.576644542606,0.7248261261220733,0.6708489333578385,0.32620986992280215
1315.4399999999587,1569.2018340265377,715.5796037494628,0.7239420469736692,0.6698642015535186,0.32485617814608425
1315.4499999999587,1569.2018340265377,715.5825629358027,0.7230572934047179,0.6688791176199532,0.3235055808181066
1315.4599999999587,1569.2018340265377,715.585522101626,0.7221718698813077,0.6678936874032745,0.32215808584486316
1315.4699999999586,1569.2018340265377,715.5884812469328,0.7212857808781256,0.6669079167436706,0.32081370103323037
1315.4799999999586,1569.2018340265377,715.5914403717233,0.7203990308628049,0.6659218114752946,0.31947243408413034
1315.4899999999586,1569.2018340265377,715.5943994759976,0.7195116243053975,0.6649353774261346,0.31813429259689496
1315.4999999999586,1569.2018340265377,715.5973585597563,0.7186235656811847,0.6639486204180355,0.3167992840707659
1315.5099999999586,1569.2018340265377,715.6003176229993,0.7177348594646138,0.6629615462667592,0.31546741590251054
1315.5199999999586,1569.2018340265377,715.6032766657269,0.7168455101178879,0.6619741607817419,0.31413869538145583
1315.5299999999586,1569.2018340265377,715.6062356879393,0.7159555221176549,0.6609864697660791,0.3128131297014791
1315.5399999999586,1569.2018340265377,715.6091946896366,0.7150648999397634,0.6599984790165855,0.3114907259545951
1315.5499999999586,1569.2018340265377,715.6121536708193,0.7141736480474614,0.6590101943235911,0.3101714911259114
1315.5599999999586,1569.2018340265377,715.6151126314872,0.7132817709196503,0.6580216214711161,0.308855432106379
1315.5699999999586,1569.2018340265377,715.6180715716409,0.7123892730226661,0.6570327662364384,0.3075425556803747
1315.5799999999585,1569.2018340265377,715.6210304912805,0.7114961588342725,0.656043634390421,0.3062328685366931
1315.5899999999585,1569.2018340265377,715.6239893904062,0.7106024328215781,0.6550542316972705,0.30492637725904664
1315.5999999999585,1569.2018340265377,715.626948269018,0.709708099456839,0.6540645639145984,0.3036230883332322
1315.6099999999585,1569.2018340265377,715.6299071271164,0.7088131632152135,0.6530746367931414,0.3023230081461623
1315.6199999999585,1569.2018340265377,715.6328659647016,0.7079176285591378,0.6520844560769378,0.3010261429796518
1315.6299999999585,1569.2018340265377,715.6358247817739,0.7070214999685094,0.6510940275032002,0.2997324990234636
1315.6399999999585,1569.2018340265377,715.638783578333,0.706124781905188,0.650103356802378,0.29844208236053876
1315.6499999999585,1569.2018340265377,715.6417423543795,0.7052274788453282,0.6491124496978018,0.29715489898070047
1315.6599999999585,1569.2018340265377,715.6447011099137,0.7043295952563982,0.648121311905861,0.29587095477136566
1315.6699999999585,1569.2018340265377,715.6476598449357,0.7034311356085216,0.6471299491360288,0.2945902555226685
1315.6799999999585,1569.2018340265377,715.6506185594457,0.702532104370463,0.6461383670905838,0.2933128069258104
1315.6899999999584,1569.2018340265377,715.6535772534437,0.701632506008341,0.645146571464787,0.2920386145729949
1315.6999999999584,1569.2018340265377,715.6565359269304,0.7007323449972144,0.6441545679465276,0.2907676839622318
1315.7099999999584,1569.2018340265377,715.6594945799056,0.6998316257959168,0.6431623622166536,0.289500020487475
1315.7199999999584,1569.2018340265377,715.6624532123697,0.6989303528752757,0.6421699599486932,0.28823562945041586
1315.7299999999584,1569.2018340265377,715.6654118243227,0.6980285306971313,0.6411773668087668,0.2869745160520112
1315.7399999999584,1569.2018340265377,715.6683704157651,0.6971261637342545,0.6401845884556524,0.28571668540107303
1315.7499999999584,1569.2018340265377,715.6713289866972,0.6962232564524288,0.6391916305406591,0.2844621425070773
1315.7599999999584,1569.2018340265377,715.6742875371187,0.695319813305136,0.638198498707769,0.2832108922784841
1315.7699999999584,1569.2018340265377,715.6772460670302,0.6944158387641186,0.6372051985932832,0.28196293953522583
1315.7799999999584,1569.2018340265377,715.680204576432,0.6935113372908693,0.6362117358258869,0.280718288997429
1315.7899999999584,1569.2018340265377,715.6831630653239,0.6926063133523598,0.6352181160268302,0.27947694529230527
1315.7999999999583,1569.2018340265377,715.6861215337065,0.6917007713946896,0.6342243448095356,0.27823891294349135
1315.8099999999583,1569.2018340265377,715.6890799815798,0.6907947158916056,0.6332304277797411,0.27700419639108853
1315.8199999999583,1569.2018340265377,715.6920384089441,0.6898881513011738,0.6322363705354133,0.275772799974417
1315.8299999999583,1569.2018340265377,715.6949968157998,0.6889810820741096,0.6312421786666617,0.2745447279356879
1315.8399999999583,1569.2018340265377,715.6979552021465,0.688073512671851,0.6302478577559198,0.2733199844277143
1315.8499999999583,1569.2018340265377,715.700913567985,0.6871654475569786,0.6292534133774397,0.27209857350994276
1315.8599999999583,1569.2018340265377,715.7038719133155,0.6862568911761072,0.6282588510975875,0.27088049914228435
1315.8699999999583,1569.2018340265377,715.706830238138,0.6853478479864827,0.6272641764748736,0.2696657651960384
1315.8799999999583,1569.2018340265377,715.7097885424527,0.6844383224400508,0.6262693950595992,0.2684543754476096
1315.8899999999583,1569.2018340265377,715.7127468262597,0.6835283189928459,0.6252745123940393,0.2672463335827083
1315.8999999999583,1569.2018340265377,715.7157050895597,0.6826178420933661,0.624279534012166,0.26604164319189666
1315.9099999999582,1569.2018340265377,715.7186633323525,0.6817068961900189,0.6232844654399854,0.2648403077741591
1315.9199999999582,1569.2018340265377,715.7216215546383,0.6807954857309677,0.6222893121951842,0.2636423307368829
1315.9299999999582,1569.2018340265377,715.7245797564176,0.6798836151673758,0.6212940797870083,0.2624477153973554
1315.9399999999582,1569.2018340265377,715.7275379376904,0.6789712889416754,0.6202987737165603,0.26125646497883087
1315.9499999999582,1569.2018340265377,715.7304960984569,0.6780585114960068,0.6193033994764857,0.2600685826139036
1315.9599999999582,1569.2018340265377,715.7334542387174,0.6771452872775121,0.6183079625510054,0.25888407134690977
1315.9699999999582,1569.2018340265377,715.736412358472,0.6762316207265989,0.6173124684159069,0.2577029341297694
1315.9799999999582,1569.2018340265377,715.7393704577212,0.6753175162843378,0.616316922538309,0.2565251738249934
1315.9899999999582,1569.2018340265377,715.7423285364649,0.6744029783893578,0.6153213303769991,0.2553507932051398
1315.9999999999582,1569.2018340265377,715.7452865947033,0.6734880114765122,0.6143256973820818,0.2541797949523873
1316.0099999999582,1569.2018340265377,715.7482446324368,0.6725726199834532,0.613330028994897,0.2530121816613225
1316.0199999999581,1569.2018340265377,715.7512026496656,0.671656808343083,0.6123343306481661,0.2518479558365718
1316.0299999999581,1569.2018340265377,715.75416064639,0.6707405809919658,0.6113386077658719,0.25068711989623493
1316.0399999999581,1569.2018340265377,715.7571186226098,0.6698239423543897,0.6103428657633283,0.2495296761663441
1316.0499999999581,1569.2018340265377,715.7600765783255,0.6689068968636221,0.6093471100468317,0.24837562688890763
1316.059999999958,1569.2018340265377,715.7630345135376,0.667989448948035,0.608351346013808,0.24722497421720638
1316.069999999958,1569.2018340265377,715.7659924282458,0.6670716030342776,0.6073555790529989,0.2460777202175102
1316.079999999958,1569.2018340265377,715.7689503224506,0.6661533635397121,0.6063598145439588,0.2449338668662651
1316.089999999958,1569.2018340265377,715.771908196152,0.6652347348905996,0.6053640578573575,0.24379341605742774
1316.099999999958,1569.2018340265377,715.7748660493505,0.6643157215092096,0.6043683143547451,0.24265636959788311
1316.109999999958,1569.2018340265377,715.7778238820463,0.6633963278127779,0.6033725893886243,0.2415227292075178
1316.119999999958,1569.2018340265377,715.7807816942392,0.6624765582154762,0.6023768883024841,0.2403924965203644
1316.129999999958,1569.2018340265377,715.7837394859297,0.6615564171339097,0.6013812164304528,0.23926567308670216
1316.139999999958,1569.2018340265377,715.7866972571182,0.6606359089816248,0.6003855790974455,0.2381422603715572
1316.149999999958,1569.2018340265377,715.7896550078046,0.6597150381700839,0.5993899816193525,0.2370222597555951
1316.159999999958,1569.2018340265377,715.7926127379893,0.6587938091013399,0.598394429302539,0.23590567253248926
1316.169999999958,1569.2018340265377,715.7955704476724,0.6578722261892346,0.5973989274441477,0.23479249991716097
1316.179999999958,1569.2018340265377,715.7985281368542,0.6569502938380345,0.5964034813318654,0.2336827430383044
1316.189999999958,1569.2018340265377,715.8014858055349,0.6560280164455411,0.595408096244036,0.23257640294001522
1316.199999999958,1569.2018340265377,715.8044434537145,0.655105398412778,0.5944127774495427,0.2314734805855395
1316.209999999958,1569.2018340265377,715.8074010813936,0.6541824441385818,0.5934175302076525,0.2303739768556116
1316.219999999958,1569.2018340265377,715.8103586885721,0.6532591580217678,0.5924223597682053,0.22927789254975742
1316.229999999958,1569.2018340265377,715.8133162752504,0.6523355444523015,0.591427271371459,0.2281852283834697
1316.239999999958,1569.2018340265377,715.8162738414286,0.6514116078222381,0.5904322702479722,0.22709598499236847
1316.249999999958,1569.2018340265377,715.8192313871068,0.6504873525138056,0.5894373616187567,0.22601016292855217
1316.259999999958,1569.2018340265377,715.8221889122857,0.6495627829294002,0.5884425506948928,0.22492776267113276
1316.269999999958,1569.2018340265377,715.825146416965,0.6486379034410982,0.5874478426780251,0.22384878460946298
1316.279999999958,1569.2018340265377,715.828103901145,0.6477127184314271,0.586453242759865,0.22277322905734293
1316.289999999958,1569.2018340265377,715.8310613648262,0.64678723228264,0.5854587561222273,0.2217010962497019
1316.299999999958,1569.2018340265377,715.8340188080085,0.6458614493691259,0.5844643879371834,0.2206323863405139
1316.3099999999579,1569.2018340265377,715.8369762306922,0.6449353740670499,0.5834701433669068,0.2195670994063996
1316.3199999999579,1569.2018340265377,715.8399336328777,0.6440090107435443,0.5824760275635593,0.21850523544325448
1316.3299999999579,1569.2018340265377,715.8428910145648,0.6430823637717901,0.5814820456694427,0.21744679437190842
1316.3399999999579,1569.2018340265377,715.8458483757543,0.6421554375235147,0.5804882028166176,0.2163917760356706
1316.3499999999578,1569.2018340265377,715.8488057164459,0.6412282363546967,0.5794945041274004,0.21534018019630377
1316.3599999999578,1569.2018340265377,715.8517630366399,0.6403007646263221,0.5785009547138665,0.21429200654108466
1316.3699999999578,1569.2018340265377,715.8547203363366,0.6393730266987708,0.5775075596779282,0.21324725468135836
1316.3799999999578,1569.2018340265377,715.8576776155364,0.6384450269264398,0.5765143241113351,0.21220592415115155
1316.3899999999578,1569.2018340265377,715.8606348742394,0.6375167696696362,0.5755212530957136,0.21116801441157285
1316.3999999999578,1569.2018340265377,715.8635921124455,0.6365882592685359,0.5745283517024918,0.21013352484252462
1316.4099999999578,1569.2018340265377,715.8665493301553,0.6356595000723639,0.5735356249926722,0.20910245475264894
1316.4199999999578,1569.2018340265377,715.8695065273689,0.6347304964317979,0.5725430780170234,0.2080748033773266
1316.4299999999578,1569.2018340265377,715.8724637040865,0.6338012526816892,0.5715507158160074,0.20705056987336945
1316.4399999999578,1569.2018340265377,715.8754208603082,0.6328717731636587,0.570558543419703,0.20602975332681167
1316.4499999999578,1569.2018340265377,715.8783779960343,0.6319420622131329,0.5695665658476957,0.2050123527489861
1316.4599999999577,1569.2018340265377,715.8813351112651,0.6310121241625274,0.5685747881091177,0.2039983670780206
1316.4699999999577,1569.2018340265377,715.8842922060009,0.6300819633423225,0.5675832152026877,0.20298779517963106
1316.4799999999577,1569.2018340265377,715.8872492802415,0.6291515840756267,0.5665918521166395,0.2019806358457376
1316.4899999999577,1569.2018340265377,715.8902063339873,0.628220990687858,0.565600703828533,0.2009768877978715
1316.4999999999577,1569.2018340265377,715.8931633672388,0.6272901875024229,0.5646097753052955,0.19997654968621864
1316.5099999999577,1569.2018340265377,715.896120379996,0.6263591788298185,0.5636190715033789,0.19897962008668335
1316.5199999999577,1569.2018340265377,715.899077372259,0.6254279689936436,0.5626285973685334,0.19798609750943863
1316.5299999999577,1569.2018340265377,715.902034344028,0.6244965622935966,0.5616383578357363,0.1969959803875349
1316.5399999999577,1569.2018340265377,715.9049912953035,0.62356496304688,0.5606483578292716,0.1960092670905103
1316.5499999999577,1569.2018340265377,715.9079482260856,0.6226331755521385,0.5596586022626198,0.1950259559133252
1316.5599999999577,1569.2018340265377,715.9109051363744,0.6217012041101491,0.5586690960386154,0.19404604508343867
1316.5699999999576,1569.2018340265377,715.91386202617,0.6207690530205908,0.5576798440491089,0.19306953275996222
1316.5799999999576,1569.2018340265377,715.916818895473,0.6198367265808098,0.556690851175047,0.19209641703374616
1316.5899999999576,1569.2018340265377,715.9197757442834,0.6189042290771306,0.555702122286669,0.19112669592525164
1316.5999999999576,1569.2018340265377,715.9227325726014,0.6179715647957812,0.554713662243093,0.19016036738809367
1316.6099999999576,1569.2018340265377,715.925689380427,0.617038738026032,0.5537254758926633,0.1891974293106509
1316.6199999999576,1569.2018340265377,715.9286461677609,0.6161057530449668,0.5527375680724628,0.1882378795114688
1316.6299999999576,1569.2018340265377,715.931602934603,0.6151726141326807,0.5517499436088122,0.18728171574470306
1316.6399999999576,1569.2018340265377,715.9345596809534,0.6142393255547832,0.5507626073168964,0.18632893569494638
1316.6499999999576,1569.2018340265377,715.9375164068126,0.6133058915897565,0.5497755640006567,0.1853795369859133
1316.6599999999576,1569.2018340265377,715.9404731121807,0.6123723165047719,0.5487888184531013,0.18443351717370496
1316.6699999999576,1569.2018340265377,715.9434297970579,0.6114386045535873,0.5478023754560077,0.18349087374644604
1316.6799999999575,1569.2018340265377,715.9463864614444,0.610504760000431,0.5468162397799681,0.18255160413193808
1316.6899999999575,1569.2018340265377,715.9493431053403,0.6095707870993036,0.5458304161843959,0.18161570569184948
1316.6999999999575,1569.2018340265377,715.9522997287462,0.6086366901060022,0.5448449094173061,0.18068317572560164
1316.7099999999575,1569.2018340265377,715.955256331662,0.6077024732648029,0.5438597242156633,0.1797540114670607
1316.7199999999575,1569.2018340265377,715.9582129140878,0.6067681408174315,0.5428748653050485,0.17882821008742966
1316.7299999999575,1569.2018340265377,715.961169476024,0.6058336970081977,0.5418903373995908,0.17790576869713406
1316.7399999999575,1569.2018340265377,715.9641260174708,0.6048991460755395,0.5409061452021653,0.17698668434387352
1316.7499999999575,1569.2018340265377,715.9670825384286,0.6039644922451398,0.5399222934041364,0.17607095401088635
1316.7599999999575,1569.2018340265377,715.9700390388972,0.6030297397443566,0.5389387866856683,0.17515857462181977
1316.7699999999575,1569.2018340265377,715.972995518877,0.602094892808523,0.5379556297152425,0.17424954304263846
1316.7799999999575,1569.2018340265377,715.9759519783685,0.6011599556505252,0.5369728271498926,0.17334385607337205
1316.7899999999574,1569.2018340265377,715.9789084173715,0.600224932489047,0.5359903836352522,0.1724415104567872
1316.7999999999574,1569.2018340265377,715.9818648358863,0.5992898275387213,0.5350083038053369,0.17154250287580503
1316.8099999999574,1569.2018340265377,715.9848212339132,0.598354645000393,0.5340265922825909,0.1706468299511839
1316.8199999999574,1569.2018340265377,715.9877776114525,0.5974193890914854,0.5330452536777841,0.16975448825056333
1316.8299999999574,1569.2018340265377,715.9907339685044,0.5964840640002501,0.5320642925902106,0.1688654742759591
1316.8399999999574,1569.2018340265377,715.9936903050689,0.5955486739249688,0.5310837136074715,0.16797978447524203
1316.8499999999574,1569.2018340265377,715.9966466211462,0.5946132230651717,0.5301035213054479,0.16709741524000832
1316.8599999999574,1569.2018340265377,715.9996029167368,0.5936777156020956,0.5291237202482363,0.16621836290046918
1316.8699999999574,1569.2018340265377,716.0025591918408,0.5927421557247109,0.5281443149883087,0.16534262373331357
1316.8799999999574,1569.2018340265377,716.0055154464582,0.5918065476056957,0.5271653100664117,0.16447019395533397
1316.8899999999574,1569.2018340265377,716.0084716805894,0.5908708954255005,0.5261867100113503,0.16360106973044516
1316.8999999999573,1569.2018340265377,716.0114278942348,0.5899352033547917,0.5252085193401883,0.16273524716533314
1316.9099999999573,1569.2018340265377,716.0143840873943,0.5889994755587744,0.5242307425581836,0.16187272231105895
1316.9199999999573,1569.2018340265377,716.0173402600682,0.5880637161961608,0.5232533841587248,0.16101349116317035
1316.9299999999573,1569.2018340265377,716.0202964122567,0.5871279294299031,0.5222764486232302,0.1601575496650061
1316.9399999999573,1569.2018340265377,716.0232525439602,0.5861921194110056,0.5212999404211973,0.15930489370371134
1316.9499999999573,1569.2018340265377,716.0262086551787,0.5852562902913678,0.5203238640102898,0.1584555191142334
1316.9599999999573,1569.2018340265377,716.0291647459125,0.5843204462064782,0.519348223836125,0.15760942167492295
1316.9699999999573,1569.2018340265377,716.0321208161616,0.5833845913079715,0.5183730243323235,0.15676659711680138
1316.9799999999573,1569.2018340265377,716.0350768659266,0.5824487297222899,0.517398269920447,0.1559270411127779
1316.9899999999573,1569.2018340265377,716.0380328952076,0.5815128655865389,0.5164239650100486,0.15509074928777336
1316.9999999999573,1569.2018340265377,716.0409889040045,0.5805770030234091,0.5154501139987238,0.15425771721243636
1317.0099999999572,1569.2018340265377,716.0439448923179,0.579641146154267,0.5144767212717481,0.15342794040686591
1317.0199999999572,1569.2018340265377,716.0469008601477,0.5787052991001477,0.5135037912024665,0.1526014143415148
1317.0299999999572,1569.2018340265377,716.0498568074945,0.5777694659665198,0.5125313281519311,0.1517781344333746
1317.0399999999572,1569.2018340265377,716.0528127343581,0.5768336508628668,0.5115593364692158,0.15095809605176527
1317.0499999999572,1569.2018340265377,716.0557686407388,0.5758978578950332,0.5105878204910551,0.15014129451650607
1317.0599999999572,1569.2018340265377,716.0587245266372,0.5749620911564557,0.5096167845419342,0.1493277250961105
1317.0699999999572,1569.2018340265377,716.0616803920532,0.5740263547488876,0.5086462329342523,0.14851738301370457
1317.0799999999572,1569.2018340265377,716.0646362369868,0.5730906527485224,0.50767616996815,0.14771026343855115
1317.0899999999572,1569.2018340265377,716.0675920614385,0.5721549892474292,0.5067065999313017,0.1469063614970928
1317.0999999999572,1569.2018340265377,716.0705478654085,0.5712193683273622,0.5057375270992649,0.14610567226677584
1317.1099999999572,1569.2018340265377,716.073503648897,0.5702837940520707,0.5047689557351226,0.1453081907743315
1317.1199999999571,1569.2018340265377,716.0764594119041,0.5693482704945532,0.503800890089798,0.14451391200335909
1317.1299999999571,1569.2018340265377,716.0794151544301,0.5684128017206777,0.5028333344016964,0.14372283089032956
1317.1399999999571,1569.2018340265377,716.0823708764754,0.567477391788107,0.501866292896796,0.14293494232479717
1317.1499999999571,1569.2018340265377,716.0853265780398,0.5665420447493896,0.5008997697888498,0.14215024115072455
1317.159999999957,1569.2018340265377,716.0882822591238,0.565606764657573,0.4999337692790296,0.14136872216810162
1317.169999999957,1569.2018340265377,716.0912379197276,0.5646715555507644,0.49896829555609157,0.14059038012958625
1317.179999999957,1569.2018340265377,716.0941935598513,0.5637364214708198,0.4980033527963548,0.13981520974559236
1317.189999999957,1569.2018340265377,716.0971491794953,0.5628013664554168,0.4970389451635332,0.13904320568261025
1317.199999999957,1569.2018340265377,716.1001047786596,0.5618663945218992,0.4960750768090117,0.13827436255979736
1317.209999999957,1569.2018340265377,716.1030603573444,0.5609315097031722,0.49511175187149264,0.1375086749580668
1317.219999999957,1569.2018340265377,716.1060159155502,0.5599967160159761,0.49414897447708656,0.13674613741270744
1317.229999999957,1569.2018340265377,716.1089714532769,0.5590620174708474,0.49318674873951623,0.13598674441638522
1317.239999999957,1569.2018340265377,716.1119269705249,0.5581274180718556,0.49222507875976274,0.13523049041930102
1317.249999999957,1569.2018340265377,716.1148824672943,0.5571929218298722,0.4912639686262687,0.13447736983292324
1317.259999999957,1569.2018340265377,716.1178379435854,0.5562585327383998,0.4903034224147348,0.13372737702441997
1317.269999999957,1569.2018340265377,716.1207933993984,0.5553242547856857,0.48934344418835984,0.13298050632015898
1317.279999999957,1569.2018340265377,716.1237488347333,0.5543900919556779,0.48838403799763624,0.13223675200623264
1317.289999999957,1569.2018340265377,716.1267042495907,0.5534560482421869,0.4874252078802227,0.13149610833215905
1317.299999999957,1569.2018340265377,716.1296596439706,0.5525221276075154,0.4864669578612569,0.13075856950159745
1317.309999999957,1569.2018340265377,716.1326150178733,0.5515883340334882,0.48550929195308007,0.130024129684758
1317.319999999957,1569.2018340265377,716.1355703712987,0.5506546714704393,0.4845522141553293,0.12929278300676397
1317.329999999957,1569.2018340265377,716.1385257042474,0.5497211438892867,0.48359572845481025,0.1285645235602898
1317.339999999957,1569.2018340265377,716.1414810167195,0.5487877552380316,0.48263983882558964,0.12783934539576136
1317.349999999957,1569.2018340265377,716.1444363087152,0.5478545094722301,0.4816845492289419,0.12711724252888235
1317.359999999957,1569.2018340265377,716.1473915802345,0.5469214105210944,0.4807298636134051,0.12639820893317275
1317.369999999957,1569.2018340265377,716.150346831278,0.5459884623323276,0.4797757859145447,0.12568223855066252
1317.379999999957,1569.2018340265377,716.1533020618456,0.5450556688359872,0.4788223200551934,0.12496932528402416
1317.389999999957,1569.2018340265377,716.1562572719378,0.5441230339542381,0.4778694699452521,0.12425946299915137
1317.399999999957,1569.2018340265377,716.1592124615545,0.5431905616080972,0.4769172394818564,0.1235526455271898
1317.4099999999569,1569.2018340265377,716.162167630696,0.5422582557127444,0.47596563254917784,0.12284886666374949
1317.4199999999569,1569.2018340265377,716.1651227793627,0.5413261201766378,0.47501465301840856,0.12214812016909657
1317.4299999999569,1569.2018340265377,716.1680779075547,0.5403941589035417,0.47406430474796524,0.12145039976911573
1317.4399999999569,1569.2018340265377,716.1710330152721,0.5394623757892918,0.4731145915832541,0.12075569915485608
1317.4499999999568,1569.2018340265377,716.1739881025152,0.5385307747217623,0.47216551735672946,0.12006401198295866
1317.4599999999568,1569.2018340265377,716.1769431692842,0.5375993595949807,0.4712170858878786,0.11937533187918713
1317.4699999999568,1569.2018340265377,716.1798982155794,0.5366681342851544,0.47026930098317093,0.1186896524334392
1317.4799999999568,1569.2018340265377,716.182853241401,0.5357371026615657,0.4693221664361894,0.1180069672026588
1317.4899999999568,1569.2018340265377,716.1858082467489,0.5348062685951911,0.46837568602743346,0.1173272697130224
1317.4999999999568,1569.2018340265377,716.188763231624,0.5338756359489147,0.46742986352426963,0.1166505534581332
1317.5099999999568,1569.2018340265377,716.1917181960258,0.532945208580823,0.46648470268128117,0.11597681190031145
1317.5199999999568,1569.2018340265377,716.1946731399548,0.5320149903364371,0.46554020723981765,0.11530603846906824
1317.5299999999568,1569.2018340265377,716.1976280634112,0.53108498505972,0.4645963809282005,0.11463822656400031
1317.5399999999568,1569.2018340265377,716.2005829663954,0.5301551965928697,0.46365322746163595,0.11397336955506866
1317.5499999999568,1569.2018340265377,716.2035378489073,0.5292256287667332,0.46271075054231264,0.1133114607809602
1317.5599999999567,1569.2018340265377,716.2064927109471,0.528296285404907,0.4617689538593511,0.11265249355034351
1317.5699999999567,1569.2018340265377,716.2094475525154,0.5273671703304504,0.46082784108857394,0.1119964611435701
1317.5799999999567,1569.2018340265377,716.2124023736121,0.5264382873547185,0.45988741589282045,0.11134335681082345
1317.5899999999567,1569.2018340265377,716.2153571742375,0.5255096402896094,0.4589476819217885,0.11069317377502572
1317.5999999999567,1569.2018340265377,716.2183119543918,0.5245812329255709,0.4580086428119869,0.11004590522755127
1317.6099999999567,1569.2018340265377,716.2212667140751,0.5236530690686678,0.45707030218675976,0.10940154433642614
1317.6199999999567,1569.2018340265377,716.2242214532879,0.5227251525099613,0.45613266365623867,0.1087600842402173
1317.6299999999567,1569.2018340265377,716.2271761720302,0.5217974870268015,0.4551957308174402,0.10812151804876055
1317.6399999999567,1569.2018340265377,716.2301308703021,0.5208700763923805,0.4542595072542172,0.1074858388455142
1317.6499999999567,1569.2018340265377,716.2330855481041,0.5199429243812456,0.4533239965370336,0.1068530396889497
1317.6599999999567,1569.2018340265377,716.2360402054363,0.5190160347627185,0.4523892022232761,0.10622311361169239
1317.6699999999566,1569.2018340265377,716.2389948422988,0.5180894112879,0.4514551278571369,0.1055960536181826
1317.6799999999566,1569.2018340265377,716.2419494586919,0.5171630577058476,0.45052177696942214,0.10497185268828992
1317.6899999999566,1569.2018340265377,716.2449040546157,0.5162369777690361,0.44958915307783087,0.10435050377889722
1317.6999999999566,1569.2018340265377,716.2478586300708,0.515311175211623,0.4486572596866207,0.10373199981969596
1317.7099999999566,1569.2018340265377,716.250813185057,0.5143856537656893,0.4477261002869931,0.10311633371703646
1317.7199999999566,1569.2018340265377,716.2537677195746,0.5134604171589982,0.44679567835676126,0.10250349835367246
1317.7299999999566,1569.2018340265377,716.2567222336239,0.512535469109732,0.4458659973604121,0.10189348658809874
1317.7399999999566,1569.2018340265377,716.2596767272051,0.5116108133337696,0.44493706074916944,0.1012862912563955
1317.7499999999566,1569.2018340265377,716.2626312003185,0.5106864535340871,0.4440088719609483,0.10068190517046145
1317.7599999999566,1569.2018340265377,716.2655856529641,0.509762393412511,0.44308143442041803,0.10008032112073514
1317.7699999999566,1569.2018340265377,716.268540085142,0.5088386366578537,0.4421547515388512,0.099481531874143
1317.7799999999565,1569.2018340265377,716.271494496853,0.5079151869631698,0.44122882671404345,0.09888553017780673
1317.7899999999565,1569.2018340265377,716.2744488880969,0.5069920480051703,0.4403036633307334,0.09829230875555217
1317.7999999999565,1569.2018340265377,716.2774032588737,0.5060692234560893,0.43937926476020267,0.09770186031041403
1317.8099999999565,1569.2018340265377,716.280357609184,0.5051467169870055,0.43845563436026797,0.09711417752561567
1317.8199999999565,1569.2018340265377,716.2833119390278,0.5042245322558022,0.4375327754754516,0.09652925306266974
1317.8299999999565,1569.2018340265377,716.2862662484056,0.5033026729168826,0.4366106914369035,0.0959470795635718
1317.8399999999565,1569.2018340265377,716.2892205373172,0.5023811426115898,0.4356893855624639,0.09536764964934513
1317.8499999999565,1569.2018340265377,716.292174805763,0.5014599449895457,0.43476886115647945,0.09479095592436629
1317.8599999999565,1569.2018340265377,716.2951290537434,0.5005390836806812,0.4338491215099035,0.09421699097143094
1317.8699999999565,1569.2018340265377,716.2980832812583,0.4996185623071599,0.4329301699003948,0.0936457473544277
1317.8799999999565,1569.2018340265377,716.3010374883081,0.4986983844929296,0.4320120095920988,0.09307721762037298
1317.8899999999564,1569.2018340265377,716.3039916748929,0.49777855384753067,0.4310946438358191,0.09251139429678407
1317.8999999999564,1569.2018340265377,716.3069458410131,0.49685907398241697,0.4301780758688692,0.0919482698950059
1317.9099999999564,1569.2018340265377,716.3098999866688,0.49593994849669193,0.4292623089151729,0.09138783690793074
1317.9199999999564,1569.2018340265377,716.3128541118601,0.49502118097508474,0.4283473461852942,0.09083008780999827
1317.9299999999564,1569.2018340265377,716.3158082165874,0.4941027750073005,0.42743319087625525,0.09027501506101937
1317.9399999999564,1569.2018340265377,716.3187623008508,0.49318473417822567,0.4265198461716369,0.08972261110472547
1317.9499999999564,1569.2018340265377,716.3217163646506,0.49226706205720766,0.4256073152416793,0.08917286836719425
1317.9599999999564,1569.2018340265377,716.3246704079868,0.4913497621991576,0.4246956012431012,0.08862577925733754
1317.9699999999564,1569.2018340265377,716.3276244308598,0.49043283817240196,0.42378470731913015,0.08808133617227594
1317.9799999999564,1569.2018340265377,716.3305784332699,0.48951629352427917,0.4228746365995688,0.08753953149146468
1317.9899999999564,1569.2018340265377,716.3335324152173,0.48860013179837575,0.4219653922007553,0.08700035758012735
1317.9999999999563,1569.2018340265377,716.3364863767018,0.48768435653116443,0.4210569772256638,0.08646380678901497
1318.0099999999563,1569.2018340265377,716.339440317724,0.4867689712478548,0.420149394763621,0.08592987145388134
1318.0199999999563,1569.2018340265377,716.3423942382842,0.4858539794825921,0.4192426478904775,0.08539854389944412
1318.0299999999563,1569.2018340265377,716.3453481383824,0.48493938474204756,0.41833673966877866,0.08486981643334267
1318.0399999999563,1569.2018340265377,716.3483020180187,0.484025190536515,0.41743167314751684,0.08434368135185287
1318.0499999999563,1569.2018340265377,716.3512558771935,0.4831114003670438,0.4165274513620933,0.08382013093791801
1318.0599999999563,1569.2018340265377,716.3542097159071,0.4821980177295785,0.41562407733445533,0.08329915746224485
1318.0699999999563,1569.2018340265377,716.3571635341597,0.4812850461065013,0.4147215540731625,0.08278075318218323
1318.0799999999563,1569.2018340265377,716.3601173319511,0.4803724889794605,0.4138198845732794,0.0822649103442175
1318.0899999999563,1569.2018340265377,716.3630711092819,0.47946034982165375,0.4129190718162001,0.08175162118286997
1318.0999999999563,1569.2018340265377,716.3660248661523,0.4785486321013699,0.4120191187699585,0.08124087792174167
1318.1099999999562,1569.2018340265377,716.3689786025625,0.4776373392709429,0.4111200283890526,0.08073267277187643
1318.1199999999562,1569.2018340265377,716.3719323185127,0.47672647478404795,0.410221803614477,0.08022699793502484
1318.1299999999562,1569.2018340265377,716.3748860140028,0.47581604208384415,0.40932444737382573,0.07972384560197235
1318.1399999999562,1569.2018340265377,716.3778396890335,0.4749060446082734,0.40842796258090985,0.07922320795359135
1318.1499999999562,1569.2018340265377,716.3807933436049,0.47399648578155223,0.40753235213630945,0.07872507715993915
1318.1599999999562,1569.2018340265377,716.3837469777168,0.47308736902592063,0.40663761892706174,0.07822944538240409
1318.1699999999562,1569.2018340265377,716.3867005913698,0.4721786977540442,0.40574376582652144,0.07773630477268237
1318.1799999999562,1569.2018340265377,716.3896541845642,0.47127047537866706,0.40485079569467164,0.07724564747478715
1318.1899999999562,1569.2018340265377,716.3926077573,0.4703627052944511,0.4039587113779499,0.0767574656222883
1318.1999999999562,1569.2018340265377,716.3955613095774,0.46945539089295074,0.4030675157093173,0.076271751341106
1318.2099999999562,1569.2018340265377,716.3985148413966,0.4685485355624588,0.40217721150818897,0.07578849674973821
1318.2199999999561,1569.2018340265377,716.401468352758,0.46764214267635573,0.4012878015804349,0.07530769395766274
1318.2299999999561,1569.2018340265377,716.4044218436617,0.4667362156026942,0.40039928871848246,0.07482933506723034
1318.2399999999561,1569.2018340265377,716.4073753141079,0.46583075770307797,0.39951167570121404,0.074353412173729
1318.2499999999561,1569.2018340265377,716.4103287640967,0.4649257723294206,0.39862496529403607,0.07387991736517903
1318.259999999956,1569.2018340265377,716.4132821936286,0.4640212628430952,0.397739160248743,0.0734088427256062
1318.269999999956,1569.2018340265377,716.4162356027035,0.4631172325671569,0.39685426330375767,0.0729401803278312
1318.279999999956,1569.2018340265377,716.4191889913218,0.46221368483719616,0.3959702771839271,0.07247392224175879
1318.289999999956,1569.2018340265377,716.4221423594837,0.4613106229770245,0.395087204600558,0.07201006053080718
1318.299999999956,1569.2018340265377,716.4250957071894,0.4604080503091181,0.39420504825152086,0.07154858725386366
1318.309999999956,1569.2018340265377,716.4280490344391,0.4595059701377838,0.3933238108211149,0.07108949446288783
1318.319999999956,1569.2018340265377,716.4310023412329,0.4586043857596803,0.39244349498027375,0.07063277420492003
1318.329999999956,1569.2018340265377,716.4339556275711,0.45770330047536245,0.3915641033862625,0.07017841852401727
1318.339999999956,1569.2018340265377,716.4369088934542,0.4568027175682562,0.39068563868284906,0.06972641945834021
1318.349999999956,1569.2018340265377,716.4398621388821,0.455902640311934,0.389808103500476,0.06927676904162453
1318.359999999956,1569.2018340265377,716.4428153638548,0.4550030719817905,0.3889315004560257,0.06882945930514066
1318.369999999956,1569.2018340265377,716.4457685683728,0.45410401584117643,0.3880558321528234,0.06838448227584368
1318.379999999956,1569.2018340265377,716.4487217524365,0.4532054751394501,0.3871811011806744,0.06794182997637685
1318.389999999956,1569.2018340265377,716.4516749160458,0.45230745312761284,0.3863073101160685,0.06750149442776374
1318.399999999956,1569.2018340265377,716.454628059201,0.45140995304472037,0.3854344615218806,0.06706346764751615
1318.409999999956,1569.2018340265377,716.4575811819022,0.45051297812299324,0.3845625579475755,0.0666277416507387
1318.419999999956,1569.2018340265377,716.46053428415,0.44961653158375736,0.3836916019290441,0.06619430844973181
1318.429999999956,1569.2018340265377,716.4634873659443,0.4487206166435808,0.3828215959888083,0.06576316005523175
1318.439999999956,1569.2018340265377,716.4664404272851,0.4478252365070588,0.381952542635991,0.06533428847559469
1318.449999999956,1569.2018340265377,716.469393468173,0.44693039437815146,0.3810844443660188,0.06490768571861114
1318.459999999956,1569.2018340265377,716.4723464886082,0.4460360934519552,0.3802173036610618,0.06448334379069787
1318.469999999956,1569.2018340265377,716.4752994885907,0.44514233690620275,0.37935112298977025,0.06406125469584037
1318.479999999956,1569.2018340265377,716.4782524681208,0.4442491279211644,0.378485904807379,0.06364141043876194
1318.489999999956,1569.2018340265377,716.4812054271987,0.4433564696650049,0.37762165155561256,0.06322380302301875
1318.499999999956,1569.2018340265377,716.4841583658247,0.44246436529582217,0.37675836566279025,0.06280842445158645
1318.5099999999559,1569.2018340265377,716.487111283999,0.4415728179647988,0.3758960495437976,0.062395266727549116
1318.5199999999559,1569.2018340265377,716.4900641817216,0.4406818308214097,0.3750347056001577,0.06198432185509674
1318.5299999999559,1569.2018340265377,716.4930170589929,0.43979140699874975,0.3741743362198389,0.06157558183762979
1318.5399999999559,1569.2018340265377,716.4959699158131,0.43890154962504097,0.37331494377749075,0.06116903867971021
1318.5499999999558,1569.2018340265377,716.4989227521826,0.438012261824585,0.3724565306342855,0.06076468438737056
1318.5599999999558,1569.2018340265377,716.5018755681011,0.43712354670438275,0.371599099138122,0.06036251096655846
1318.5699999999558,1569.2018340265377,716.5048283635692,0.43623540737052513,0.370742651623334,0.05996251042556044
1318.5799999999558,1569.2018340265377,716.5077811385872,0.43534784691900874,0.3698871904108954,0.05956467477402475
1318.5899999999558,1569.2018340265377,716.510733893155,0.4344608684428912,0.36903271780852526,0.05916899602420933
1318.5999999999558,1569.2018340265377,716.513686627273,0.43357447501470875,0.3681792361103974,0.05877546618872008
1318.6099999999558,1569.2018340265377,716.5166393409413,0.432688669706126,0.36732674759744377,0.05838407728352929
1318.6199999999558,1569.2018340265377,716.5195920341603,0.43180345558787314,0.3664752545370989,0.05799482132809099
1318.6299999999558,1569.2018340265377,716.5225447069301,0.4309188357111546,0.3656247591835032,0.05760769034312512
1318.6399999999558,1569.2018340265377,716.5254973592507,0.4300348131252022,0.36477526377757585,0.05722267635323645
1318.6499999999558,1569.2018340265377,716.5284499911227,0.4291513908648789,0.3639267705466297,0.05683977138535589
1318.6599999999557,1569.2018340265377,716.5314026025462,0.42826857196720836,0.3630792817047713,0.056458967471287085
1318.6699999999557,1569.2018340265377,716.5343551935213,0.42738635944747755,0.3622327994528758,0.056080256644750553
1318.6799999999557,1569.2018340265377,716.5373077640481,0.4265047563283175,0.36138732597836615,0.05570363094537334
1318.6899999999557,1569.2018340265377,716.540260314127,0.42562376561270826,0.36054286345541686,0.05532908241541283
1318.6999999999557,1569.2018340265377,716.5432128437583,0.42474339029647007,0.35969941404476774,0.05495660310156606
1318.7099999999557,1569.2018340265377,716.5461653529421,0.4238636333701822,0.3588569798940238,0.05458618505551952
1318.7199999999557,1569.2018340265377,716.5491178416785,0.42298449781511754,0.35801556313750216,0.05421782033358376
1318.7299999999557,1569.2018340265377,716.5520703099679,0.42210598660733367,0.35717516589607784,0.05385150099738271
1318.7399999999557,1569.2018340265377,716.5550227578104,0.4212281027104833,0.35633579027751744,0.05348721911324181
1318.7499999999557,1569.2018340265377,716.5579751852064,0.4203508490829373,0.35549743837622877,0.05312496675323228
1318.7599999999557,1569.2018340265377,716.5609275921557,0.4194742286624597,0.35466011227346395,0.05276473599350117
1318.7699999999556,1569.2018340265377,716.5638799786587,0.41859824440197274,0.35382381403716723,0.05240651891894406
1318.7799999999556,1569.2018340265377,716.566832344716,0.417722899230734,0.3529885457219528,0.05205030761849441
1318.7899999999556,1569.2018340265377,716.5697846903274,0.4168481960644367,0.35215430936937214,0.05169609418670165
1318.7999999999556,1569.2018340265377,716.5727370154931,0.4159741378237484,0.35132110700776154,0.05134387072618849
1318.8099999999556,1569.2018340265377,716.5756893202134,0.4151007274126646,0.35048894065212516,0.05099362934511631
1318.8199999999556,1569.2018340265377,716.5786416044887,0.4142279677288706,0.349657812304337,0.05064536215873183
1318.8299999999556,1569.2018340265377,716.581593868319,0.41335586166362,0.34882772395308753,0.050299061289525035
1318.8399999999556,1569.2018340265377,716.5845461117045,0.4124844120966778,0.34799867757395697,0.04995471886682509
1318.8499999999556,1569.2018340265377,716.5874983346454,0.4116136218983106,0.347170675129299,0.049612327027206825
1318.8599999999556,1569.2018340265377,716.5904505371421,0.4107434939395042,0.3463437185682193,0.049271877915903484
1318.8699999999556,1569.2018340265377,716.5934027191947,0.40987403106947057,0.3455178098268738,0.048933363684368465
1318.8799999999555,1569.2018340265377,716.5963548808033,0.4090052361371256,0.344692950828192,0.04859677649297271
1318.8899999999555,1569.2018340265377,716.5993070219682,0.4081371119787938,0.3438691434819843,0.048262108509743114
1318.8999999999555,1569.2018340265377,716.6022591426897,0.4072696614273152,0.34304638968492174,0.04792935191162377
1318.9099999999555,1569.2018340265377,716.6052112429682,0.40640288730601354,0.342224691320579,0.04759849888394937
1318.9199999999555,1569.2018340265377,716.6081633228033,0.40553679242356366,0.34140405025960396,0.047269541620076974
1318.9299999999555,1569.2018340265377,716.6111153821955,0.40467137958515276,0.34058446835941336,0.04694247232279175
1318.9399999999555,1569.2018340265377,716.6140674211454,0.403806651587428,0.3397659474642997,0.046617283203916976
1318.9499999999555,1569.2018340265377,716.6170194396527,0.40294261121838654,0.33894848940569594,0.046293966484549635
1318.9599999999555,1569.2018340265377,716.6199714377178,0.40207926125340493,0.33813209600190325,0.045972514394705496
1318.9699999999555,1569.2018340265377,716.622923415341,0.4012166044683766,0.33731676905816677,0.045652919175018576
1318.9799999999555,1569.2018340265377,716.6258753725224,0.40035464361947076,0.33650251036678286,0.04533517307462402
1318.9899999999554,1569.2018340265377,716.6288273092623,0.399493381462239,0.33568932170698523,0.04501926835348004
1318.9999999999554,1569.2018340265377,716.6317792255606,0.39863282073861284,0.3348772048451464,0.04470519728110988
1319.0099999999554,1569.2018340265377,716.634731121418,0.3977729641808399,0.3340661615344774,0.04439295213714016
1319.0199999999554,1569.2018340265377,716.6376829968344,0.3969138145265842,0.3332561935153537,0.04408252521323287
1319.0299999999554,1569.2018340265377,716.6406348518102,0.39605537448372835,0.3324473025151722,0.043773908809281746
1319.0399999999554,1569.2018340265377,716.6435866863454,0.39519764676651375,0.3316394902484265,0.04346709523762554
1319.0499999999554,1569.2018340265377,716.6465385004402,0.3943406340714797,0.3308327584166897,0.043162076820529534
1319.0599999999554,1569.2018340265377,716.6494902940951,0.3934843390964827,0.3300271087085035,0.042858845892410735
1319.0699999999554,1569.2018340265377,716.6524420673103,0.39262876452462203,0.3292225427996409,0.042557394798294464
1319.0799999999554,1569.2018340265377,716.6553938200855,0.39177391302029557,0.32841906235308815,0.04225771589355509
1319.0899999999554,1569.2018340265377,716.6583455524213,0.39091978726114945,0.32761666901871833,0.041959801547441264
1319.0999999999553,1569.2018340265377,716.6612972643181,0.3900663899000563,0.32681536443367776,0.041663644139209144
1319.1099999999553,1569.2018340265377,716.6642489557759,0.38921372358314466,0.3260151502223374,0.041369236060218625
1319.1199999999553,1569.2018340265377,716.6672006267947,0.38836179095277407,0.325216027996184,0.04107656971436408
1319.1299999999553,1569.2018340265377,716.6701522773749,0.38751059463655824,0.3244179993539273,0.04078563751708106
1319.1399999999553,1569.2018340265377,716.6731039075169,0.3866601372651994,0.3236210658813612,0.04049643189734098
1319.1499999999553,1569.2018340265377,716.6760555172208,0.38581042143977445,0.3228252291516248,0.0402089452944215
1319.1599999999553,1569.2018340265377,716.6790071064864,0.3849614497743674,0.3220304907251852,0.03992317016251956
1319.1699999999553,1569.2018340265377,716.6819586753145,0.3841132248553756,0.32123685214951675,0.03963909896655815
1319.1799999999553,1569.2018340265377,716.6849102237051,0.3832657492763242,0.320444314959514,0.03935672418605241
1319.1899999999553,1569.2018340265377,716.6878617516584,0.3824190256138257,0.3196528806773238,0.03907603831270942
1319.1999999999553,1569.2018340265377,716.6908132591745,0.3815730564347796,0.31886255081242143,0.03879703385133663
1319.2099999999552,1569.2018340265377,716.6937647462536,0.38072784430307,0.31807332686162626,0.038519703320660965
1319.2199999999552,1569.2018340265377,716.6967162128963,0.3798833917658435,0.31728521030887463,0.038244039252012106
1319.2299999999552,1569.2018340265377,716.6996676591024,0.3790397013683066,0.31649820262572204,0.037970034191078916
1319.2399999999552,1569.2018340265377,716.7026190848723,0.37819677564275483,0.3157123052709336,0.03769768069683056
1319.2499999999552,1569.2018340265377,716.705570490206,0.37735461711563856,0.3149275196907126,0.03742697134241235
1319.2599999999552,1569.2018340265377,716.708521875104,0.3765132282985036,0.31414384731859624,0.03715789871434743
1319.2699999999552,1569.2018340265377,716.7114732395664,0.3756726117038906,0.3133612895755624,0.03689045541426526
1319.2799999999552,1569.2018340265377,716.7144245835934,0.37483276981963637,0.3125798478700464,0.036624634056495464
1319.2899999999552,1569.2018340265377,716.7173759071851,0.3739937051482902,0.31179952359792673,0.036360427272059105
1319.2999999999552,1569.2018340265377,716.720327210342,0.3731554201598062,0.3110203181424228,0.03609782770413342
1319.3099999999552,1569.2018340265377,716.723278493064,0.37231791732897657,0.31024223287444147,0.03583682801191418
1319.3199999999551,1569.2018340265377,716.7262297553515,0.3714811991196917,0.30946526915217454,0.03557742086910089
1319.3299999999551,1569.2018340265377,716.7291809972046,0.37064526797707,0.30868942832147533,0.03531959896335697
1319.3399999999551,1569.2018340265377,716.7321322186236,0.3698101263587286,0.3079147117156363,0.035063354999363576
1319.3499999999551,1569.2018340265377,716.7350834196088,0.3689757766879617,0.3071411206555268,0.03480868169449829
1319.359999999955,1569.2018340265377,716.7380346001601,0.3681422213937003,0.3063686564496693,0.034555571782777184
1319.369999999955,1569.2018340265377,716.7409857602779,0.3673094628939,0.30559732039398974,0.03430401801332462
1319.379999999955,1569.2018340265377,716.7439368999626,0.3664775035985298,0.30482711377210286,0.03405401315083158
1319.389999999955,1569.2018340265377,716.7468880192142,0.3656463459065257,0.3040580378552709,0.03380554997537156
1319.399999999955,1569.2018340265377,716.7498391180328,0.3648159922069361,0.30329009390242095,0.03355862128262272
1319.409999999955,1569.2018340265377,716.7527901964188,0.36398644487774495,0.30252328316001564,0.03331321988384051
1319.419999999955,1569.2018340265377,716.7557412543725,0.36315770629665317,0.30175760686221936,0.03306933860698657
1319.429999999955,1569.2018340265377,716.758692291894,0.3623297788236155,0.30099306623097566,0.03282697029524727
1319.439999999955,1569.2018340265377,716.7616433089833,0.3615026648163294,0.3002296624759366,0.03258610780853694
1319.449999999955,1569.2018340265377,716.7645943056408,0.3606763666108387,0.29946739679433504,0.03234674402181647
1319.459999999955,1569.2018340265377,716.7675452818669,0.3598508865533859,0.29870627037123865,0.03210887182811956
1319.469999999955,1569.2018340265377,716.7704962376616,0.3590262269648794,0.2979462843795097,0.03187248413544408
1319.479999999955,1569.2018340265377,716.773447173025,0.35820239016182,0.2971874399798238,0.03163757386873828
1319.489999999955,1569.2018340265377,716.7763980879574,0.35737937845460477,0.29642973832057185,0.031404133969816235
1319.499999999955,1569.2018340265377,716.7793489824594,0.35655719414645426,0.2956731805379099,0.031172157397362815
1319.509999999955,1569.2018340265377,716.7822998565307,0.35573583952469434,0.2949177677560396,0.030941637126323484
1319.519999999955,1569.2018340265377,716.7852507101716,0.3549153168695755,0.2941635010869072,0.03071256614871065
1319.529999999955,1569.2018340265377,716.7882015433825,0.35409562845404535,0.29341038163028227,0.03048493747368706
1319.539999999955,1569.2018340265377,716.7911523561635,0.353276776541064,0.29265841047392194,0.03025874412745521
1319.549999999955,1569.2018340265377,716.7941031485149,0.35245876338921667,0.29190758869347483,0.030033979153805304
1319.559999999955,1569.2018340265377,716.7970539204367,0.35164159123166544,0.2911579173525587,0.029810635612423073
1319.569999999955,1569.2018340265377,716.8000046719292,0.35082526231734135,0.2904093975027513,0.029588706582482655
1319.579999999955,1569.2018340265377,716.8029554029929,0.3500097788669218,0.28966203018346726,0.029368185158957713
1319.589999999955,1569.2018340265377,716.8059061136277,0.34919514309572475,0.2889158164223519,0.029149064454736702
1319.599999999955,1569.2018340265377,716.8088568038337,0.3483813572147292,0.2881707572349564,0.02893133760071443
1319.6099999999549,1569.2018340265377,716.8118074736115,0.3475684234219025,0.2874268536248162,0.02871499774516149
1319.6199999999549,1569.2018340265377,716.8147581229609,0.34675634391083043,0.2866841065836431,0.028500038054559005
1319.6299999999549,1569.2018340265377,716.8177087518826,0.3459451208573457,0.2859425170911172,0.028286451712530945
1319.6399999999549,1569.2018340265377,716.8206593603763,0.3451347564328932,0.2852020861151649,0.02807423192108099
1319.6499999999548,1569.2018340265377,716.8236099484426,0.34432525280355536,0.28446281461169387,0.027863371900525773
1319.6599999999548,1569.2018340265377,716.8265605160816,0.3435166121213515,0.2837247035248144,0.027653864888904065
1319.6699999999548,1569.2018340265377,716.8295110632934,0.34270883653213335,0.28298775378685975,0.027445704142695357
1319.6799999999548,1569.2018340265377,716.8324615900782,0.34190192816583026,0.282251966318265,0.02723888293608388
1319.6899999999548,1569.2018340265377,716.8354120964364,0.341095889148862,0.28151734202770307,0.027033394562052917
1319.6999999999548,1569.2018340265377,716.8383625823681,0.3402907216040839,0.2807838818120764,0.02682923233243551
1319.7099999999548,1569.2018340265377,716.8413130478735,0.3394864276329534,0.2800515865565393,0.026626389576575888
1319.7199999999548,1569.2018340265377,716.8442634929528,0.33868300933518464,0.27932045713457554,0.026424859642968996
1319.7299999999548,1569.2018340265377,716.8472139176062,0.33788046879562983,0.27859049440787903,0.02622463589826915
1319.7399999999548,1569.2018340265377,716.8501643218341,0.33707880810407115,0.27786169922643256,0.0260257117289086
1319.7499999999548,1569.2018340265377,716.8531147056365,0.3362780293203529,0.27713407242869775,0.025828080538488972
1319.7599999999547,1569.2018340265377,716.8560650690137,0.33547813450731256,0.27640761484138443,0.02563173575035704
1319.7699999999547,1569.2018340265377,716.8590154119657,0.3346791257232091,0.2756823272796408,0.025436670807100385
1319.7799999999547,1569.2018340265377,716.8619657344932,0.33388100500307555,0.27495821054693637,0.02524287916916557
1319.7899999999547,1569.2018340265377,716.8649160365961,0.3330837743876067,0.2742352654352511,0.02505035431715128
1319.7999999999547,1569.2018340265377,716.8678663182744,0.3322874358951683,0.27351349272507,0.024859089749739934
1319.8099999999547,1569.2018340265377,716.8708165795288,0.33149199154054465,0.27279289318515526,0.024669078985132716
1319.8199999999547,1569.2018340265377,716.873766820359,0.330697443332932,0.2720734675729578,0.02448031556101899
1319.8299999999547,1569.2018340265377,716.8767170407657,0.3299037932694992,0.271355216634307,0.02429279303409171
1319.8399999999547,1569.2018340265377,716.8796672407487,0.3291110433325684,0.2706381411036828,0.02410650497994734
1319.8499999999547,1569.2018340265377,716.8826174203084,0.3283191955026151,0.269922241704072,0.023921444994068758
1319.8599999999547,1569.2018340265377,716.8855675794453,0.3275282517481144,0.2692075191469649,0.02373760669112425
1319.8699999999546,1569.2018340265377,716.888517718159,0.3267382140291267,0.2684939741326528,0.023554983705332395
1319.8799999999546,1569.2018340265377,716.89146783645,0.32594908429280695,0.2677816073499486,0.02337356969013617
1319.8899999999546,1569.2018340265377,716.8944179343187,0.32516086448252457,0.2670704194762648,0.023193358318920675
1319.8999999999546,1569.2018340265377,716.8973680117651,0.32437355653515465,0.2663604111777478,0.023014343284879057
1319.9099999999546,1569.2018340265377,716.9003180687896,0.32358716236263696,0.26565158310927206,0.022836518299748705
1319.9199999999546,1569.2018340265377,716.903268105392,0.32280168388417263,0.26494393591446497,0.02265987709614784
1319.9299999999546,1569.2018340265377,716.9062181215729,0.32201712299682816,0.2642374702255925,0.02248441342551421
1319.9399999999546,1569.2018340265377,716.9091681173325,0.3212334816058175,0.26353218666374834,0.022310121060305353
1319.9499999999546,1569.2018340265377,716.9121180926709,0.3204507615877683,0.2628280858388212,0.0221369937914626
1319.9599999999546,1569.2018340265377,716.9150680475882,0.3196689648192493,0.26212516834957456,0.021965025430458817
1319.9699999999546,1569.2018340265377,716.9180179820847,0.3188880931702165,0.2614234347835337,0.021794209808851897
1319.9799999999545,1569.2018340265377,716.9209678961608,0.3181081484976975,0.26072288571709157,0.021624540777904804
1319.9899999999545,1569.2018340265377,716.9239177898165,0.3173291326457342,0.26002352171561416,0.021456012208641108
1319.9999999999545,1569.2018340265377,716.926867663052,0.31655104745642704,0.25932534333332913,0.02128861799261008
1320.0099999999545,1569.2018340265377,716.9298175158676,0.3157738947542894,0.2586283511133771,0.021122352040868663
1320.0199999999545,1569.2018340265377,716.9327673482637,0.3149976763673504,0.2579325455878637,0.02095720828544112
1320.0299999999545,1569.2018340265377,716.9357171602402,0.3142223940979239,0.25723792727799033,0.020793180677414095
1320.0399999999545,1569.2018340265377,716.9386669517974,0.31344804975082313,0.2565444966938644,0.020630263188822048
1320.0499999999545,1569.2018340265377,716.9416167229355,0.3126746451206336,0.25585225433465797,0.020468449811847995
1320.0599999999545,1569.2018340265377,716.9445664736547,0.31190218198722364,0.2551612006886056,0.02030773455856056
1320.0699999999545,1569.2018340265377,716.9475162039554,0.3111306621256527,0.25447133623302903,0.020148111461596056
1320.0799999999545,1569.2018340265377,716.9504659138374,0.3103600872953523,0.25378266143441536,0.019989574573492153
1320.0899999999544,1569.2018340265377,716.9534156033013,0.30959045925725587,0.2530951767482819,0.019832117967799903
1320.0999999999544,1569.2018340265377,716.9563652723474,0.3088217797548311,0.2524088826193349,0.019675735737905663
1320.1099999999544,1569.2018340265377,716.9593149209755,0.3080540505241324,0.2517237794815731,0.019520421997721315
1320.1199999999544,1569.2018340265377,716.9622645491861,0.3072872732899828,0.2510398677581013,0.01936617088143324
1320.1299999999544,1569.2018340265377,716.9652141569792,0.3065214497688866,0.2503571478613143,0.01921297654373795
1320.1399999999544,1569.2018340265377,716.9681637443554,0.30575658167513486,0.24967562019276418,0.019060833160220635
1320.1499999999544,1569.2018340265377,716.9711133113145,0.304992670702071,0.2489952851434484,0.018909734926244988
1320.1599999999544,1569.2018340265377,716.9740628578568,0.3042297185426433,0.24831614309362499,0.018759676058229896
1320.1699999999544,1569.2018340265377,716.9770123839826,0.30346772687520307,0.24763819441281174,0.01861065079278083
1320.1799999999544,1569.2018340265377,716.979961889692,0.30270669736866107,0.2469614394599695,0.01846265338705728
1320.1899999999544,1569.2018340265377,716.9829113749855,0.30194663169069996,0.2462858785833964,0.01831567811927046
1320.1999999999543,1569.2018340265377,716.985860839863,0.3011875314872348,0.24561151212088458,0.018169719287468696
1320.2099999999543,1569.2018340265377,716.9888102843248,0.3004293984046009,0.24493834039958914,0.018024771210883177
1320.2199999999543,1569.2018340265377,716.9917597083712,0.2996722340780317,0.24426636373615807,0.017880828229256365
1320.2299999999543,1569.2018340265377,716.9947091120025,0.29891604012724693,0.24359558243670693,0.017737884702591137
1320.2399999999543,1569.2018340265377,716.9976584952184,0.2981608181697555,0.24292599679702492,0.017595935011986703
1320.2499999999543,1569.2018340265377,717.0006078580196,0.2974065698084142,0.24225760710218802,0.017454973558850444
1320.2599999999543,1569.2018340265377,717.0035572004064,0.29665329664645407,0.24159041362699837,0.017314994765856656
1320.2699999999543,1569.2018340265377,717.0065065223787,0.2959010002663585,0.24092441663585554,0.017175993075694066
1320.2799999999543,1569.2018340265377,717.0094558239367,0.2951496822430533,0.2402596163827818,0.017037962951856524
1320.2899999999543,1569.2018340265377,717.0124051050806,0.2943993441491584,0.23959601311144973,0.016900898878951937
1320.2999999999543,1569.2018340265377,717.015354365811,0.2936499875444845,0.23893360705505437,0.016764795362079036
1320.3099999999542,1569.2018340265377,717.0183036061278,0.2929016139751216,0.23827239843674955,0.016629646926847465
1320.3199999999542,1569.2018340265377,717.0212528260312,0.29215422498225585,0.23761238746926439,0.016495448119832033
1320.3299999999542,1569.2018340265377,717.0242020255214,0.2914078220977369,0.23695357435510914,0.01636219350834899
1320.3399999999542,1569.2018340265377,717.0271512045987,0.29066240684411326,0.2362959592865769,0.016229877680460247
1320.3499999999542,1569.2018340265377,717.0301003632634,0.28991798073722463,0.23563954244574417,0.016098495245118784
1320.3599999999542,1569.2018340265377,717.0330495015154,0.2891745452696505,0.23498432400462438,0.015968040831272068
1320.3699999999542,1569.2018340265377,717.0359986193553,0.2884321019473433,0.23433030412494207,0.015838509089863975
1320.3799999999542,1569.2018340265377,717.0389477167831,0.2876906522495133,0.23367748295841212,0.01570989469164632
1320.3899999999542,1569.2018340265377,717.0418967937991,0.28695019765041785,0.2330258606466657,0.015582192328376578
1320.3999999999542,1569.2018340265377,717.0448458504032,0.2862107396167669,0.23237543732127722,0.01545539671267193
1320.4099999999542,1569.2018340265377,717.0477948865961,0.2854722796059431,0.23172621310371613,0.0153295025779011
1320.4199999999541,1569.2018340265377,717.0507439023777,0.2847348190651731,0.2310781881055249,0.015204504678159514
1320.4299999999541,1569.2018340265377,717.0536928977483,0.2839983594315475,0.23043136242824572,0.01508039778825666
1320.4399999999541,1569.2018340265377,717.056641872708,0.2832629021337074,0.22978573616349693,0.014957176703810537
1320.4499999999541,1569.2018340265377,717.0595908272572,0.2825284485952789,0.22914130939292668,0.014834836241413952
1320.459999999954,1569.2018340265377,717.0625397613961,0.28179500022201176,0.22849808218831463,0.01471337123796254
1320.469999999954,1569.2018340265377,717.0654886751247,0.2810625584189953,0.22785605461162384,0.01459277655155964
1320.479999999954,1569.2018340265377,717.0684375684434,0.28033112456911863,0.22721522671487918,0.014473047060366968
1320.489999999954,1569.2018340265377,717.0713864413523,0.27960070006402177,0.22657559854039352,0.014354177664231681
1320.499999999954,1569.2018340265377,717.0743352938517,0.2788712862723164,0.22593717012059766,0.014236163283005766
1320.509999999954,1569.2018340265377,717.0772841259419,0.27814288456196223,0.22529994147823992,0.01411899885771594
1320.519999999954,1569.2018340265377,717.0802329376228,0.2774154962813226,0.22466391262636476,0.014002679349580223
1320.529999999954,1569.2018340265377,717.0831817288949,0.2766891227789177,0.22402908356819343,0.01388719974098666
1320.539999999954,1569.2018340265377,717.0861304997584,0.2759637653905841,0.2233954542973965,0.013772555034859727
1320.549999999954,1569.2018340265377,717.0890792502133,0.27523942544456975,0.22276302479795074,0.013658740254886042
1320.559999999954,1569.2018340265377,717.09202798026,0.2745161042556026,0.22213179504421532,0.013545750445214059
1320.569999999954,1569.2018340265377,717.0949766898985,0.2737938031334883,0.22150176500098456,0.013433580670872873
1320.579999999954,1569.2018340265377,717.0979253791295,0.27307252337696775,0.2208729346233943,0.013322226017438966
1320.589999999954,1569.2018340265377,717.1008740479527,0.2723522662738926,0.220245303857192,0.013211681591063206
1320.599999999954,1569.2018340265377,717.1038226963684,0.2716330331079385,0.2196188726385717,0.013101942518759251
1320.609999999954,1569.2018340265377,717.106771324377,0.27091482514509546,0.21899364089417717,0.012993003947731027
1320.619999999954,1569.2018340265377,717.1097199319785,0.2701976436546992,0.21836960854127582,0.012884861046389185
1320.629999999954,1569.2018340265377,717.1126685191733,0.26948148988600085,0.21774677548766577,0.012777509003192373
1320.639999999954,1569.2018340265377,717.1156170859616,0.2687663650789341,0.21712514163180036,0.012670943027164148
1320.649999999954,1569.2018340265377,717.1185656323433,0.26805227047350055,0.21650470686279233,0.012565158348312615
1320.659999999954,1569.2018340265377,717.1215141583192,0.26733920729120964,0.21588547106027478,0.012460150216715284
1320.669999999954,1569.2018340265377,717.1244626638891,0.26662717674853215,0.21526743409474008,0.012355913903172337
1320.679999999954,1569.2018340265377,717.127411149053,0.2659161800519521,0.21465059582735352,0.012252444698928515
1320.689999999954,1569.2018340265377,717.1303596138116,0.2652062183986608,0.21403495610995785,0.012149737915683361
1320.699999999954,1569.2018340265377,717.133308058165,0.2644972929775429,0.21342051478522106,0.012047788885629214
1320.7099999999539,1569.2018340265377,717.1362564821133,0.2637894049681928,0.2128072716866407,0.01194659296138133
1320.7199999999539,1569.2018340265377,717.1392048856565,0.26308255553941057,0.21219522663857254,0.011846145515888237
1320.7299999999539,1569.2018340265377,717.1421532687951,0.26237674585162796,0.21158437945611724,0.011746441942504099
1320.7399999999539,1569.2018340265377,717.1451016315295,0.261671977055255,0.21097472994533875,0.01164747765491218
1320.7499999999538,1569.2018340265377,717.1480499738595,0.2609682502956032,0.21036627790329118,0.011549248087319629
1320.7599999999538,1569.2018340265377,717.1509982957855,0.2602655667039138,0.20975902311788416,0.011451748694015098
1320.7699999999538,1569.2018340265377,717.1539465973076,0.25956392739895334,0.2091529653680289,0.011354974949432894
1320.7799999999538,1569.2018340265377,717.1568948784262,0.2588633335058942,0.20854810442361993,0.011258922348947641
1320.7899999999538,1569.2018340265377,717.1598431391415,0.25816378612353724,0.20794444004563403,0.011163586407418782
1320.7999999999538,1569.2018340265377,717.1627913794534,0.2574652863480764,0.20734197198611237,0.011068962660202129
1320.8099999999538,1569.2018340265377,717.1657395993624,0.2567678352673855,0.2067406999881659,0.010975046662867706
1320.8199999999538,1569.2018340265377,717.1686877988687,0.25607143396015664,0.20614062378598216,0.010881833991132062
1320.8299999999538,1569.2018340265377,717.1716359779725,0.2553760834967888,0.20554174310499204,0.010789320240882133
1320.8399999999538,1569.2018340265377,717.174584136674,0.2546817849368513,0.2049440576617603,0.010697501028024026
1320.8499999999538,1569.2018340265377,717.1775322749731,0.25398853932438725,0.2043475671640844,0.010606371988266975
1320.8599999999537,1569.2018340265377,717.1804803928707,0.2532963477104192,0.20375227131090792,0.010515928778023462
1320.8699999999537,1569.2018340265377,717.1834284903665,0.2526052111223543,0.20315816979255688,0.010426167073117951
1320.8799999999537,1569.2018340265377,717.1863765674606,0.2519151305808943,0.2025652622906763,0.010337082569457512
1320.8899999999537,1569.2018340265377,717.1893246241535,0.25122610710491194,0.20197354847807691,0.010248670983177702
1320.8999999999537,1569.2018340265377,717.1922726604455,0.25053814169684824,0.20138302801903885,0.010160928050037762
1320.9099999999537,1569.2018340265377,717.1952206763366,0.24985123535738318,0.20079370056922613,0.010073849525976461
1320.9199999999537,1569.2018340265377,717.198168671827,0.24916538906679545,0.20020556577569334,0.00998743118632093
1320.9299999999537,1569.2018340265377,717.201116646917,0.24848060380673895,0.19961862327696028,0.009901668826638817
1320.9399999999537,1569.2018340265377,717.2040646016068,0.24779688054575139,0.1990328727029508,0.009816558262108848
1320.9499999999537,1569.2018340265377,717.2070125358966,0.2471142202401796,0.19844831367515786,0.009732095327541
1320.9599999999537,1569.2018340265377,717.2099604497865,0.2464326238443998,0.1978649458066276,0.00964827587774064
1320.9699999999536,1569.2018340265377,717.2129083432769,0.24575209229582493,0.19728276870187586,0.009565095786870289
1320.9799999999536,1569.2018340265377,717.215856216368,0.24507262653392786,0.1967017819570531,0.009482550949172159
1320.9899999999536,1569.2018340265377,717.2188040690601,0.2443942274764327,0.19612198515992854,0.009400637277998749
1320.9999999999536,1569.2018340265377,717.2217519013531,0.2437168960391457,0.19554337788996443,0.009319350706553048
1321.0099999999536,1569.2018340265377,717.2246997132471,0.24304063312411175,0.19496595971827785,0.009238687187386383
1321.0199999999536,1569.2018340265377,717.227647504743,0.24236543963545823,0.19438973020756017,0.009158642692954359
1321.0299999999536,1569.2018340265377,717.2305952758404,0.2416913164548012,0.19381468891246162,0.009079213214675988
1321.0399999999536,1569.2018340265377,717.2335430265397,0.24101826445953234,0.1932408353792655,0.009000394763559318
1321.0499999999536,1569.2018340265377,717.2364907568411,0.24034628452353632,0.19266816914605123,0.008922183370196337
1321.0599999999536,1569.2018340265377,717.2394384667449,0.23967537750382384,0.1920966897427674,0.008844575084228172
1321.0699999999536,1569.2018340265377,717.2423861562513,0.23900554425159493,0.1915263966911743,0.00876756597471158
1321.0799999999535,1569.2018340265377,717.2453338253604,0.23833678561061808,0.19095728950498253,0.00869115213002605
1321.0899999999535,1569.2018340265377,717.2482814740723,0.23766910241415237,0.19038936768977274,0.008615329657709697
1321.0999999999535,1569.2018340265377,717.2512291023877,0.2370024954856477,0.18982263074300457,0.008540094684443267
1321.1099999999535,1569.2018340265377,717.2541767103063,0.23633696564201034,0.18925707815426412,0.008465443356146117
1321.1199999999535,1569.2018340265377,717.2571242978285,0.23567251368880504,0.18869270940503166,0.008391371837737156
1321.1299999999535,1569.2018340265377,717.2600718649544,0.23500914042117266,0.18812952396884244,0.008317876313139433
1321.1399999999535,1569.2018340265377,717.2630194116845,0.23434684663146116,0.18756752131127283,0.008244952985503557
1321.1499999999535,1569.2018340265377,717.2659669380189,0.233685633102339,0.18700670089001373,0.008172598076921177
1321.1599999999535,1569.2018340265377,717.2689144439576,0.23302550059366003,0.1864470621549432,0.008100807827929388
1321.1699999999535,1569.2018340265377,717.2718619295009,0.23236644987951915,0.18588860454798314,0.00802957849874674
1321.1799999999535,1569.2018340265377,717.2748093946492,0.2317084817027731,0.18533132750328113,0.007958906367656157
1321.1899999999534,1569.2018340265377,717.2777568394026,0.23105159681659854,0.18477523044719618,0.007888787732398567
1321.1999999999534,1569.2018340265377,717.2807042637612,0.2303957959476115,0.18422031279837178,0.007819218908860216
1321.2099999999534,1569.2018340265377,717.2836516677253,0.22974107982898892,0.18366657396765862,0.0077501962321537094
1321.2199999999534,1569.2018340265377,717.2865990512952,0.22908744917572765,0.18311401335820893,0.007681716055732658
1321.2299999999534,1569.2018340265377,717.289546414471,0.22843490469633174,0.18256263036554868,0.007613774751748263
1321.2399999999534,1569.2018340265377,717.2924937572529,0.22778344708816767,0.18201242437756457,0.007546368710843133
1321.2499999999534,1569.2018340265377,717.2954410796411,0.22713307704738012,0.18146339477451331,0.007479494342431786
1321.2599999999534,1569.2018340265377,717.298388381636,0.2264837952513569,0.180915540929051,0.007413148074072209
1321.2699999999534,1569.2018340265377,717.3013356632378,0.2258356023748167,0.1803688622062848,0.007347326351953724
1321.2799999999534,1569.2018340265377,717.3042829244463,0.2251884990851242,0.17982335796390791,0.007282025640700334
1321.2899999999534,1569.2018340265377,717.307230165262,0.22454248603175916,0.17927902755199743,0.007217242422964049
1321.2999999999533,1569.2018340265377,717.3101773856853,0.223897563869786,0.1787358703131923,0.007152973200147537
1321.3099999999533,1569.2018340265377,717.3131245857162,0.22325373323040237,0.17819388558274382,0.0070892144914080635
1321.3199999999533,1569.2018340265377,717.3160717653549,0.2226109947458446,0.1776530726885037,0.007025962834405989
1321.3299999999533,1569.2018340265377,717.3190189246016,0.22196934903575674,0.17711343095093288,0.006963214784816997
1321.3399999999533,1569.2018340265377,717.3219660634566,0.22132879671408,0.176574959683132,0.006900966916501339
1321.3499999999533,1569.2018340265377,717.32491318192,0.2206893383815242,0.17603765819093362,0.0068392158212229005
1321.3599999999533,1569.2018340265377,717.3278602799921,0.22005097463151627,0.17550152577286945,0.006777958108781851
1321.3699999999533,1569.2018340265377,717.330807357673,0.21941370605477575,0.17496656172024255,0.0067171904071064775
1321.3799999999533,1569.2018340265377,717.3337544149633,0.2187775332213757,0.1744327653170532,0.0066569093616432855
1321.3899999999533,1569.2018340265377,717.3367014518627,0.2181424567045456,0.17390013584025665,0.006597111636054781
1321.3999999999533,1569.2018340265377,717.3396484683717,0.21750847706144608,0.17336867255952462,0.0065377939115590636
1321.4099999999532,1569.2018340265377,717.3425954644904,0.21687559484347194,0.17283837473746047,0.006478952887207412
1321.4199999999532,1569.2018340265377,717.3455424402191,0.216243810593398,0.1723092416295269,0.00642058527973765
1321.4299999999532,1569.2018340265377,717.348489395558,0.21561312484454528,0.1717812724841579,0.006362687823503976
1321.4399999999532,1569.2018340265377,717.351436330507,0.21498353812011642,0.17125446654276769,0.0063052572704046395
1321.4499999999532,1569.2018340265377,717.3543832450669,0.2143550509361642,0.17072882303963857,0.006248290389907165
1321.4599999999532,1569.2018340265377,717.3573301392374,0.21372766380377015,0.17020434120221564,0.006191783969077269
1321.4699999999532,1569.2018340265377,717.3602770130191,0.21310137722023897,0.16968102025091267,0.006135734812252935
1321.4799999999532,1569.2018340265377,717.3632238664119,0.2124761916742883,0.16915885939926417,0.006080139741153633
1321.4899999999532,1569.2018340265377,717.366170699416,0.21185210764529222,0.1686378578539146,0.006024995594802709
1321.4999999999532,1569.2018340265377,717.369117512032,0.21122912561426085,0.16811801481456867,0.005970299229779445
1321.5099999999532,1569.2018340265377,717.3720643042598,0.21060724603975925,0.16759932947420134,0.005916047519493082
1321.5199999999531,1569.2018340265377,717.3750110760994,0.20998646937908047,0.1670818010189875,0.005862237354725067
1321.5299999999531,1569.2018340265377,717.3779578275515,0.2093667960765894,0.1665654286282326,0.005808865643238515
1321.5399999999531,1569.2018340265377,717.3809045586162,0.20874822657827008,0.16605021147458196,0.005755929310141651
1321.5499999999531,1569.2018340265377,717.3838512692935,0.2081307613077764,0.16553614872397102,0.0057034252971629095
1321.559999999953,1569.2018340265377,717.3867979595836,0.20751440068969443,0.16502323953563533,0.005651350563240392
1321.569999999953,1569.2018340265377,717.3897446294868,0.20689914513786856,0.1645114830621802,0.005599702084145993
1321.579999999953,1569.2018340265377,717.3926912790035,0.2062849950555277,0.16400087844951236,0.0055484768524291786
1321.589999999953,1569.2018340265377,717.3956379081338,0.2056719508431176,0.16349142483704732,0.005497671877585213
1321.599999999953,1569.2018340265377,717.3985845168777,0.20506001288117584,0.1629831213576397,0.005447284185533492
1321.609999999953,1569.2018340265377,717.4015311052356,0.20444918155175898,0.1624759671375362,0.005397310819132218
1321.619999999953,1569.2018340265377,717.4044776732077,0.20383945723064148,0.1619699612965223,0.005347748837917859
1321.629999999953,1569.2018340265377,717.4074242207943,0.2032308402736914,0.16146510294791358,0.005298595317689933
1321.639999999953,1569.2018340265377,717.4103707479953,0.20262333103837046,0.16096139119862413,0.005249847351024109
1321.649999999953,1569.2018340265377,717.4133172548112,0.2020169298701387,0.16045882514909912,0.005201502046851667
1321.659999999953,1569.2018340265377,717.4162637412422,0.2014116371039019,0.15995740389340377,0.00515355653044725
1321.669999999953,1569.2018340265377,717.4192102072884,0.2008074530718494,0.15945712651931057,0.005106007943577305
1321.679999999953,1569.2018340265377,717.4221566529501,0.20020437809285957,0.1589579921082132,0.0050588534441639585
1321.689999999953,1569.2018340265377,717.4251030782274,0.19960241247529162,0.15845999973525365,0.005012090206308787
1321.699999999953,1569.2018340265377,717.4280494831205,0.19900155653040977,0.15796314846929332,0.004965715420569042
1321.709999999953,1569.2018340265377,717.4309958676299,0.19840181054848569,0.1574674373729246,0.004919726293298349
1321.719999999953,1569.2018340265377,717.4339422317554,0.1978031748149797,0.15697286550265319,0.004874120047007958
1321.729999999953,1569.2018340265377,717.4368885754974,0.19720564961400747,0.1564794319086989,0.004828893920377485
1321.739999999953,1569.2018340265377,717.4398348988562,0.1966092352122724,0.15598713563515917,0.004784045167809836
1321.749999999953,1569.2018340265377,717.442781201832,0.1960139318710088,0.155495975720077,0.0047395710596720335
1321.759999999953,1569.2018340265377,717.4457274844249,0.1954197398445612,0.15500595119535623,0.004695468882194479
1321.769999999953,1569.2018340265377,717.448673746635,0.19482665938173743,0.15451706108690538,0.0046517359374516985
1321.779999999953,1569.2018340265377,717.4516199884628,0.1942346907161445,0.15402930441453505,0.004608369543065406
1321.789999999953,1569.2018340265377,717.4545662099084,0.19364383407804647,0.15354268019210118,0.004565367032438491
1321.799999999953,1569.2018340265377,717.457512410972,0.19305408968734117,0.15305718742753438,0.004522725754528943
1321.8099999999529,1569.2018340265377,717.4604585916537,0.19246545775642407,0.15257282512277542,0.004480443073854648
1321.8199999999529,1569.2018340265377,717.4634047519539,0.19187793849016596,0.15208959227388083,0.004438516370438908
1321.8299999999529,1569.2018340265377,717.4663508918727,0.1912915320872926,0.15160748787105194,0.004396943039783553
1321.8399999999529,1569.2018340265377,717.4692970114104,0.19070623873009868,0.1511265108986085,0.004355720492571131
1321.8499999999528,1569.2018340265377,717.4722431105669,0.19012205860234824,0.15064666033513055,0.004314846155025454
1321.8599999999528,1569.2018340265377,717.4751891893429,0.18953899187482434,0.15016793515326446,0.004274317468507615
1321.8699999999528,1569.2018340265377,717.4781352477385,0.18895703871151898,0.14969033432005055,0.004234131889616954
1321.8799999999528,1569.2018340265377,717.4810812857535,0.1883761992676272,0.14921385679678392,0.004194286890077263
1321.8899999999528,1569.2018340265377,717.4840273033884,0.18779647368683994,0.14873850153899051,0.004154779956615947
1321.8999999999528,1569.2018340265377,717.4869733006435,0.18721786211490432,0.14826426749656665,0.0041156085912121936
1321.9099999999528,1569.2018340265377,717.489919277519,0.18664036467663084,0.147791153613772,0.00407677031052693
1321.9199999999528,1569.2018340265377,717.4928652340149,0.18606398149683967,0.14731915882929525,0.0040382626463097634
1321.9299999999528,1569.2018340265377,717.4958111701314,0.18548871269230985,0.14684828207619213,0.004000083145155969
1321.9399999999528,1569.2018340265377,717.4987570858691,0.18491455836905304,0.1463785222819708,0.003962229368392444
1321.9499999999528,1569.2018340265377,717.501702981228,0.1843415186250365,0.14590987836863836,0.0039246988920796835
1321.9599999999527,1569.2018340265377,717.5046488562081,0.18376959355094538,0.14544234925278496,0.0038874893069719453
1321.9699999999527,1569.2018340265377,717.5075947108098,0.183198783228708,0.14497593384539564,0.0038505982184152076
1321.9799999999527,1569.2018340265377,717.5105405450333,0.18262908773632108,0.14451063105213385,0.0038140232464031806
1321.9899999999527,1569.2018340265377,717.5134863588789,0.18206050713643201,0.14404643977320744,0.003777762025269958
1321.9999999999527,1569.2018340265377,717.5164321523467,0.1814930414930474,0.14358335890348806,0.003741812203985241
1322.0099999999527,1569.2018340265377,717.5193779254369,0.18092669084961335,0.143121387332505,0.003706171445638223
1322.0199999999527,1569.2018340265377,717.5223236781497,0.18036145525490405,0.14266052394442064,0.003670837427911018
1322.0299999999527,1569.2018340265377,717.5252694104854,0.17979733474313678,0.1422007676181847,0.0036358078426152658
1322.0399999999527,1569.2018340265377,717.5282151224442,0.17923432934190708,0.14174211722743865,0.0036010803957903736
1322.0499999999527,1569.2018340265377,717.5311608140262,0.17867243906638286,0.14128457164063402,0.0035666528075322906
1322.0599999999527,1569.2018340265377,717.5341064852317,0.17811166393235658,0.14082812972099082,0.0035325228121926002
1322.0699999999526,1569.2018340265377,717.537052136061,0.17755200394115384,0.1403727903265969,0.0034986881580201076
1322.0799999999526,1569.2018340265377,717.5399977665141,0.17699345908568542,0.13991855231038472,0.003465146607221801
1322.0899999999526,1569.2018340265377,717.5429433765913,0.17643602936012798,0.13946541452019517,0.003431895936094119
1322.0999999999526,1569.2018340265377,717.545888966293,0.1758797147409993,0.13901337579873715,0.0033989339345889278
1322.1099999999526,1569.2018340265377,717.5488345356191,0.17532451519838307,0.13856243498373852,0.0033662584064821283
1322.1199999999526,1569.2018340265377,717.5517800845699,0.17477043070171427,0.13811259090787067,0.003333867169418878
1322.1299999999526,1569.2018340265377,717.5547256131458,0.17421746120031878,0.13766384239879467,0.0033017580544821104
1322.1399999999526,1569.2018340265377,717.5576711213469,0.1736656066499583,0.13721618827924326,0.003269928906643435
1322.1499999999526,1569.2018340265377,717.5606166091734,0.17311486699094494,0.13676962736697937,0.003238377584282521
1322.1599999999526,1569.2018340265377,717.5635620766253,0.17256524215067462,0.13632415847492899,0.0032071019591847945
1322.1699999999526,1569.2018340265377,717.5665075237031,0.17201673205915038,0.13587978041105536,0.0031760999167648
1322.1799999999525,1569.2018340265377,717.569452950407,0.17146933663480587,0.13543649197849095,0.0031453693557457925
1322.1899999999525,1569.2018340265377,717.5723983567372,0.17092305578644199,0.13499429197560026,0.0031149081881399047
1322.1999999999525,1569.2018340265377,717.5753437426937,0.1703778894158503,0.1345531791959232,0.0030847143392338312
1322.2099999999525,1569.2018340265377,717.5782891082767,0.16983383741845615,0.13411315242825503,0.0030547857475434186
1322.2199999999525,1569.2018340265377,717.5812344534869,0.16929089968456562,0.13367421045659017,0.0030251203647723894
1322.2299999999525,1569.2018340265377,717.5841797783243,0.1687490760917648,0.13323635206028683,0.0029957161556232598
1322.2399999999525,1569.2018340265377,717.5871250827886,0.16820836650877977,0.13279957601407816,0.002966571097808659
1322.2499999999525,1569.2018340265377,717.5900703668805,0.16766877080435297,0.1323638810879323,0.002937683182141174
1322.2599999999525,1569.2018340265377,717.5930156306002,0.16713028883391393,0.131929266047233,0.0029090504122450517
1322.2699999999525,1569.2018340265377,717.5959608739479,0.16659292044603158,0.13149572965282452,0.002880670804612983
1322.2799999999525,1569.2018340265377,717.5989060969235,0.16605666548352252,0.13106327066097329,0.0028525423885630784
1322.2899999999524,1569.2018340265377,717.6018512995275,0.1655215237792626,0.13063188782337942,0.0028246632061069933
1322.2999999999524,1569.2018340265377,717.6047964817603,0.1649874951597832,0.13020157988722247,0.0027970313119544603
1322.3099999999524,1569.2018340265377,717.6077416436218,0.16445457944727782,0.12977234559528938,0.0027696447734921335
1322.3199999999524,1569.2018340265377,717.6106867851121,0.16392277644957362,0.1293441836858864,0.0027425016705505093
1322.3299999999524,1569.2018340265377,717.6136319062317,0.1633920859732993,0.1289170928928346,0.00271560009556681
1322.3399999999524,1569.2018340265377,717.6165770069807,0.1628625078163039,0.12849107194564713,0.0026889381534043093
1322.3499999999524,1569.2018340265377,717.6195220873594,0.16233404176411564,0.12806611956942526,0.002662513961231039
1322.3599999999524,1569.2018340265377,717.6224671473678,0.16180668759916614,0.12764223448498543,0.0026363256486186372
1322.3699999999524,1569.2018340265377,717.6254121870063,0.16128044509952782,0.12721941540878903,0.002610371357457254
1322.3799999999524,1569.2018340265377,717.6283572062752,0.16075531402854146,0.12679766105301996,0.0025846492417311087
1322.3899999999524,1569.2018340265377,717.6313022051744,0.16023129415074241,0.12637697012566126,0.0025591574677206893
1322.3999999999523,1569.2018340265377,717.6342471837042,0.15970838521349462,0.12595734133044217,0.002533894213645493
1322.4099999999523,1569.2018340265377,717.637192141865,0.15918658696176355,0.12553877336689825,0.002508857669845459
1322.4199999999523,1569.2018340265377,717.6401370796568,0.15866589913743862,0.12512126493038375,0.0024840460387092794
1322.4299999999523,1569.2018340265377,717.6430819970801,0.15814632147082341,0.12470481471213224,0.002459457534483395
1322.4399999999523,1569.2018340265377,717.6460268941347,0.15762785368008195,0.12428942139931526,0.0024350903832091693
1322.4499999999523,1569.2018340265377,717.6489717708212,0.1571104954827812,0.12387508367492724,0.0024109428228392795
1322.4599999999523,1569.2018340265377,717.6519166271396,0.15659424659045842,0.12346180021797279,0.002387013103100222
1322.4699999999523,1569.2018340265377,717.6548614630901,0.15607910670495262,0.12304956970343091,0.0023632994853761903
1322.4799999999523,1569.2018340265377,717.657806278673,0.15556507551607293,0.12263839080226654,0.002339800242617291
1322.4899999999523,1569.2018340265377,717.6607510738885,0.15505215271187447,0.12222826218145856,0.002316513659438249
1322.4999999999523,1569.2018340265377,717.6636958487368,0.1545403379737628,0.12181918250407527,0.002293438031987654
1322.5099999999522,1569.2018340265377,717.6666406032181,0.15402963097601924,0.12141115042925413,0.0022705716678817845
1322.5199999999522,1569.2018340265377,717.6695853373325,0.15352003137858403,0.12100416461226118,0.0022479128860431337
1322.5299999999522,1569.2018340265377,717.6725300510803,0.15301153884376364,0.12059822370447144,0.0022254600168882827
1322.5399999999522,1569.2018340265377,717.675474744462,0.1525041530220298,0.12019332635342804,0.0022032114020624784
1322.5499999999522,1569.2018340265377,717.6784194174774,0.15199787355793626,0.11978947120293196,0.0021811653944724114
1322.5599999999522,1569.2018340265377,717.6813640701267,0.15149270008475882,0.11938665689294466,0.002159320358148053
1322.5699999999522,1569.2018340265377,717.6843087024104,0.15098863223702622,0.11898488205969342,0.002137674668368454
1322.5799999999522,1569.2018340265377,717.6872533143286,0.15048566963687593,0.11858414533566805,0.0021162267114083807
1322.5899999999522,1569.2018340265377,717.6901979058815,0.14998381189822663,0.11818444534969402,0.0020949748845445057
1322.5999999999522,1569.2018340265377,717.6931424770692,0.14948305863036104,0.11778578072694491,0.00207391759604893
1322.6099999999522,1569.2018340265377,717.6960870278921,0.1489834094355374,0.11738815008887633,0.002053053265095786
1322.6199999999521,1569.2018340265377,717.6990315583503,0.14848486390901053,0.11699155205340796,0.0020323803217110518
1322.6299999999521,1569.2018340265377,717.7019760684441,0.14798742163736972,0.11659598523482734,0.0020118972066897685
1322.6399999999521,1569.2018340265377,717.7049205581735,0.14749108220192778,0.11620144824390875,0.001991602371590049
1322.6499999999521,1569.2018340265377,717.7078650275389,0.14699584517485983,0.1158079396878487,0.001971494278621729
1322.659999999952,1569.2018340265377,717.7108094765406,0.1465017101282561,0.1154154581703392,0.0019515714007140778
1322.669999999952,1569.2018340265377,717.7137539051787,0.1460086766186837,0.11502400229162459,0.0019318322212540586
1322.679999999952,1569.2018340265377,717.7166983134531,0.14551674419757474,0.11463357064852808,0.0019122752341714242
1322.689999999952,1569.2018340265377,717.7196427013645,0.14502591241524948,0.11424416183434341,0.0018928989439307663
1322.699999999952,1569.2018340265377,717.7225870689128,0.14453618080945624,0.11385577443905749,0.0018737018653319358
1322.709999999952,1569.2018340265377,717.7255314160985,0.14404754891450267,0.11346840704924152,0.0018546825235707168
1322.719999999952,1569.2018340265377,717.7284757429215,0.14356001625335316,0.11308205824816797,0.0018358394540844791
1322.729999999952,1569.2018340265377,717.7314200493822,0.14307358234562115,0.11269672661574728,0.001817171202598069
1322.739999999952,1569.2018340265377,717.7343643354808,0.14258824670697573,0.11231241072861449,0.001798676325062266
1322.749999999952,1569.2018340265377,717.7373086012175,0.14210400883836205,0.1119291091601408,0.0017803533874626324
1322.759999999952,1569.2018340265377,717.7402528465924,0.14162086824193296,0.11154682048047487,0.0017622009659673703
1322.769999999952,1569.2018340265377,717.7431970716058,0.1411388244086234,0.11116554325653995,0.0017442176467152993
1322.779999999952,1569.2018340265377,717.7461412762578,0.14065787682546982,0.11078527605207472,0.001726402025854072
1322.789999999952,1569.2018340265377,717.7490854605489,0.14017802496830006,0.11040601742764543,0.0017087527093955764
1322.799999999952,1569.2018340265377,717.752029624479,0.13969926831193485,0.11002776594074533,0.0016912683132898644
1322.809999999952,1569.2018340265377,717.7549737680484,0.13922160631946884,0.10965052014567443,0.0016739474632357803
1322.819999999952,1569.2018340265377,717.7579178912575,0.13874503845190014,0.10927427859371253,0.0016567887947491423
1322.829999999952,1569.2018340265377,717.7608619941063,0.1382695641596308,0.10889903983308612,0.0016397909530049106
1322.839999999952,1569.2018340265377,717.7638060765951,0.13779518288932224,0.10852480240898092,0.0016229525928659755
1322.849999999952,1569.2018340265377,717.766750138724,0.13732189407937492,0.10815156486358155,0.001606272378776502
1322.859999999952,1569.2018340265377,717.7696941804934,0.1368496971649324,0.10777932573608415,0.00158974898476745
1322.869999999952,1569.2018340265377,717.7726382019034,0.13637859156744456,0.10740808356276496,0.0015733810942833585
1322.879999999952,1569.2018340265377,717.7755822029541,0.13590857671010864,0.10703783687699184,0.0015571674003090508
1322.889999999952,1569.2018340265377,717.7785261836458,0.13543965200358682,0.10666858420917873,0.0015411066051493015
1322.899999999952,1569.2018340265377,717.7814701439788,0.13497181685531923,0.10630032408689731,0.001525197420486659
1322.9099999999519,1569.2018340265377,717.7844140839534,0.13450507066632833,0.1059330550348744,0.0015094385672912959
1322.9199999999519,1569.2018340265377,717.7873580035695,0.13403941282785606,0.10556677557504572,0.0014938287757322876
1322.9299999999519,1569.2018340265377,717.7903019028273,0.13357484272641412,0.10520148422652473,0.001478366785181298
1322.9399999999519,1569.2018340265377,717.7932457817275,0.13311135974752528,0.10483717950561518,0.0014630513442009845
1322.9499999999518,1569.2018340265377,717.79618964027,0.13264896326053524,0.10447385992594838,0.001447881210328716
1322.9599999999518,1569.2018340265377,717.7991334784548,0.13218765263657486,0.1041115239984389,0.001432855150221588
1322.9699999999518,1569.2018340265377,717.8020772962823,0.13172742723338432,0.10375017023126774,0.0014179719394375563
1322.9799999999518,1569.2018340265377,717.8050210937529,0.1312682864115307,0.10338979712993591,0.001403230362561133
1322.9899999999518,1569.2018340265377,717.8079648708666,0.1308102295177573,0.10303040319735986,0.0013886292129741563
1322.9999999999518,1569.2018340265377,717.8109086276236,0.13035325589196878,0.10267198693382654,0.0013741672928794888
1323.0099999999518,1569.2018340265377,717.813852364024,0.12989736487419778,0.10231454683701888,0.0013598434133235062
1323.0199999999518,1569.2018340265377,717.8167960800685,0.12944255579400035,0.10195808140201358,0.0013456563940323148
1323.0299999999518,1569.2018340265377,717.8197397757568,0.12898882797356284,0.10160258912143084,0.0013316050633983378
1323.0399999999518,1569.2018340265377,717.8226834510893,0.1285361807315866,0.1012480684853342,0.0013176882584670405
1323.0499999999518,1569.2018340265377,717.8256271060662,0.1280846133789217,0.10089451798129824,0.0013039048248426229
1323.0599999999517,1569.2018340265377,717.8285707406877,0.12763412522292905,0.10054193609443247,0.001290253616682827
1323.0699999999517,1569.2018340265377,717.8315143549542,0.12718471556210567,0.10019032130739354,0.0012767334965940191
1323.0799999999517,1569.2018340265377,717.8344579488655,0.12673638368677015,0.09983967210046404,0.001263343335590824
1323.0899999999517,1569.2018340265377,717.8374015224222,0.12628912888583443,0.09948998695149552,0.0012500820131124085
1323.0999999999517,1569.2018340265377,717.8403450756243,0.12584295044207203,0.09914126433598842,0.0012369484169265337
1323.1099999999517,1569.2018340265377,717.8432886084721,0.12539784762644723,0.09879350272711578,0.0012239414430251535
1323.1199999999517,1569.2018340265377,717.8462321209657,0.12495381970908435,0.0984467005957214,0.001211059995683156
1323.1299999999517,1569.2018340265377,717.8491756131056,0.12451086595299665,0.09810085641034447,0.0011983029873475217
1323.1399999999517,1569.2018340265377,717.8521190848916,0.12406898561469065,0.09775596863729759,0.0011856693385962338
1323.1499999999517,1569.2018340265377,717.8550625363242,0.12362817794511753,0.0974120357405977,0.0011731579780968036
1323.1599999999517,1569.2018340265377,717.8580059674034,0.12318844218829055,0.09706905618211045,0.001160767842547797
1323.1699999999516,1569.2018340265377,717.8609493781297,0.12274977758269269,0.09672702842142837,0.0011484978766407529
1323.1799999999516,1569.2018340265377,717.8638927685032,0.12231218336196148,0.09638595091602795,0.0011363470330217234
1323.1899999999516,1569.2018340265377,717.8668361385239,0.12187565875116409,0.09604582212125377,0.0011243142722078623
1323.1999999999516,1569.2018340265377,717.8697794881923,0.12144020297158821,0.09570664049027702,0.0011123985625830983
1323.2099999999516,1569.2018340265377,717.8727228175084,0.12100581523807455,0.09536840447422494,0.0011005988803282909
1323.2199999999516,1569.2018340265377,717.8756661264724,0.12057249476112185,0.09503111252211277,0.0010889142093910705
1323.2299999999516,1569.2018340265377,717.8786094150848,0.12014024074384291,0.09469476308090753,0.0010773435414119673
1323.2399999999516,1569.2018340265377,717.8815526833455,0.11970905238202918,0.09435935459560353,0.0010658858756797931
1323.2499999999516,1569.2018340265377,717.8844959312548,0.11927892886667113,0.09402488550912964,0.001054540219105054
1323.2599999999516,1569.2018340265377,717.8874391588131,0.11884986938747714,0.09369135426246375,0.001043305586206081
1323.2699999999516,1569.2018340265377,717.8903823660204,0.11842187311985497,0.09335875929464368,0.0010321809989475115
1323.2799999999515,1569.2018340265377,717.8933255528768,0.11799493924050548,0.0930270990427778,0.001021165486831437
1323.2899999999515,1569.2018340265377,717.8962687193828,0.11756906691684804,0.09269637194204325,0.0010102580867578127
1323.2999999999515,1569.2018340265377,717.8992118655385,0.1171442553141169,0.09236657642573504,0.000999457843040851
1323.3099999999515,1569.2018340265377,717.9021549913441,0.11672050358684681,0.09203771092532803,0.0009887638072910091
1323.3199999999515,1569.2018340265377,717.9050980967997,0.11629781088740922,0.09170977387043662,0.0009781750384414483
1323.3299999999515,1569.2018340265377,717.9080411819057,0.11587617636003542,0.09138276368886336,0.000967690602652326
1323.3399999999515,1569.2018340265377,717.9109842466621,0.11545559914874429,0.09105667880662272,0.0009573095733321651
1323.3499999999515,1569.2018340265377,717.9139272910695,0.11503607838505657,0.09073151764793895,0.0009470310309896375
1323.3599999999515,1569.2018340265377,717.9168703151277,0.114617613198815,0.09040727863537007,0.0009368540632813853
1323.3699999999515,1569.2018340265377,717.9198133188369,0.11420020271139103,0.09008396018969267,0.0009267777649082493
1323.3799999999515,1569.2018340265377,717.9227563021977,0.11378384604393815,0.08976156072996301,0.0009168012376390269
1323.3899999999514,1569.2018340265377,717.9256992652101,0.11336854230673601,0.08944007867364004,0.0009069235901814982
1323.3999999999514,1569.2018340265377,717.9286422078741,0.11295429060696105,0.08911951243652043,0.0008971439381998054
1323.4099999999514,1569.2018340265377,717.9315851301902,0.11254109004632175,0.08879986043270013,0.0008874614042500193
1323.4199999999514,1569.2018340265377,717.9345280321585,0.11212893972006684,0.0884811210747582,0.0008778751177319186
1323.4299999999514,1569.2018340265377,717.9374709137793,0.11171783871947111,0.08816329277363119,0.0008683842148620852
1323.4399999999514,1569.2018340265377,717.9404137750527,0.11130778612839655,0.08784637393874686,0.0008589878386058224
1323.4499999999514,1569.2018340265377,717.9433566159788,0.1108987810272626,0.08753036297797297,0.0008496851386634965
1323.4599999999514,1569.2018340265377,717.9462994365582,0.11049082248963665,0.08721525829764021,0.0008404752714010925
1323.4699999999514,1569.2018340265377,717.9492422367907,0.11008390958327191,0.08690105830264999,0.0008313573998172984
1323.4799999999514,1569.2018340265377,717.9521850166768,0.1096780413747976,0.08658776139637542,0.0008223306935338121
1323.4899999999514,1569.2018340265377,717.9551277762165,0.10927321691701479,0.08627536598079266,0.0008133943286592814
1323.4999999999513,1569.2018340265377,717.9580705154101,0.1088694352687621,0.08596387045641873,0.0008045474878945178
1323.5099999999513,1569.2018340265377,717.961013234258,0.10846669547411611,0.08565327322237047,0.0007957893603354715
1323.5199999999513,1569.2018340265377,717.96395593276,0.10806499657475248,0.08534357267643404,0.0007871191415247613
1323.5299999999513,1569.2018340265377,717.9668986109165,0.10766433760943324,0.08503476721499177,0.0007785360334036927
1323.5399999999513,1569.2018340265377,717.9698412687279,0.10726471760884826,0.08472685523307998,0.0007700392442337486
1323.5499999999513,1569.2018340265377,717.9727839061943,0.1068661356017823,0.08441983512447093,0.0007616279886010057
1323.5599999999513,1569.2018340265377,717.9757265233158,0.10646859060528455,0.08411370528163471,0.0007533014873034288
1323.5699999999513,1569.2018340265377,717.9786691200926,0.10607208163732974,0.08380846409574985,0.0007450589674002897
1323.5799999999513,1569.2018340265377,717.9816116965251,0.1056766077111418,0.08350410995676057,0.0007368996621308322
1323.5899999999513,1569.2018340265377,717.9845542526134,0.10528216783021742,0.08320064125338679,0.0007288228108388681
1323.5999999999513,1569.2018340265377,717.9874967883576,0.1048887609957376,0.08289805637316909,0.0007208276589848112
1323.6099999999512,1569.2018340265377,717.9904393037581,0.10449638620330268,0.08259635370242045,0.0007129134580811924
1323.6199999999512,1569.2018340265377,717.9933817988151,0.1041050424443804,0.08229553162631799,0.0007050794656637152
1323.6299999999512,1569.2018340265377,717.9963242735287,0.10371472870449666,0.08199558852892407,0.0006973249452389176
1323.6399999999512,1569.2018340265377,717.9992667278991,0.10332544396453756,0.08169652279315012,0.0006896491662523508
1323.6499999999512,1569.2018340265377,718.0022091619265,0.10293718719774825,0.08139833280083578,0.0006820514040300264
1323.6599999999512,1569.2018340265377,718.0051515756114,0.10254995737641825,0.0811010169327125,0.0006745309397826716
1323.6699999999512,1569.2018340265377,718.0080939689537,0.10216375346652562,0.08080457356850564,0.0006670870605319345
1323.6799999999512,1569.2018340265377,718.0110363419536,0.10177857442821606,0.08050900108689794,0.000659719059073824
1323.6899999999512,1569.2018340265377,718.0139786946115,0.10139441921714201,0.0802142978655281,0.0006524262339483338
1323.6999999999512,1569.2018340265377,718.0169210269275,0.10101128678361677,0.07992046228108017,0.000645207889396402
1323.7099999999512,1569.2018340265377,718.0198633389019,0.10062917607442666,0.07962749270925915,0.0006380633353322717
1323.7199999999511,1569.2018340265377,718.0228056305348,0.10024808603015797,0.07933538752483464,0.0006309918872884217
1323.7299999999511,1569.2018340265377,718.0257479018263,0.09986801558830058,0.07904414510163896,0.00062399286639678
1323.7399999999511,1569.2018340265377,718.028690152777,0.09948896367935309,0.07875376381257698,0.000617065599326063
1323.7499999999511,1569.2018340265377,718.0316323833869,0.09911092923075374,0.07846424202971439,0.0006102094182697766
1323.759999999951,1569.2018340265377,718.034574593656,0.09873391116163914,0.07817557812424177,0.0006034236608753103
1323.769999999951,1569.2018340265377,718.0375167835848,0.09835790839084195,0.07788777046647336,0.0005967076702555192
1323.779999999951,1569.2018340265377,718.0404589531734,0.09798291983237559,0.07760081742594575,0.0005900607949245207
1323.789999999951,1569.2018340265377,718.0434011024221,0.09760894439209097,0.07731471737134926,0.0005834823887393195
1323.799999999951,1569.2018340265377,718.0463432313309,0.09723598097199904,0.07702946867064793,0.0005769718108908752
1323.809999999951,1569.2018340265377,718.0492853399,0.09686402847294263,0.07674506969100076,0.0005705284258814622
1323.819999999951,1569.2018340265377,718.0522274281301,0.09649308578716945,0.07646151879881506,0.0005641516034444897
1323.829999999951,1569.2018340265377,718.0551694960209,0.096123151805343,0.0761788143598325,0.0005578407185506945
1323.839999999951,1569.2018340265377,718.0581115435727,0.09575422540918584,0.07589695473905048,0.0005515951513274922
1323.849999999951,1569.2018340265377,718.0610535707859,0.0953863054780221,0.07561593830079744,0.0005454142870621679
1323.859999999951,1569.2018340265377,718.0639955776606,0.09501939089000425,0.07533576340874142,0.0005392975161724083
1323.869999999951,1569.2018340265377,718.066937564197,0.09465348051490155,0.07505642842592115,0.0005332442341295075
1323.879999999951,1569.2018340265377,718.0698795303953,0.0942885732183665,0.07477793171474433,0.0005272538414472898
1323.889999999951,1569.2018340265377,718.0728214762556,0.0939246678615611,0.07450027163701799,0.0005213257436448458
1323.899999999951,1569.2018340265377,718.0757634017785,0.09356176330327394,0.07422344655394758,0.0005154593512228279
1323.909999999951,1569.2018340265377,718.0787053069638,0.0931998583952883,0.07394745482624139,0.0005096540796039667
1323.919999999951,1569.2018340265377,718.081647191812,0.09283895198579498,0.0736722948139917,0.0005039093491154646
1323.929999999951,1569.2018340265377,718.0845890563229,0.09247904291686862,0.07339796487683312,0.0004982245849426033
1323.939999999951,1569.2018340265377,718.0875309004972,0.09212013003124835,0.07312446337383413,0.0004925992171292155
1323.949999999951,1569.2018340265377,718.090472724335,0.09176221216305093,0.0728517886636231,0.00048703268049464537
1323.959999999951,1569.2018340265377,718.0934145278361,0.09140528814167413,0.07257993910438586,0.0004815244146208321
1323.969999999951,1569.2018340265377,718.0963563110012,0.0910493567937883,0.0723089130538009,0.00047607386382783287
1323.979999999951,1569.2018340265377,718.0992980738303,0.09069441694220823,0.07203870886916418,0.00047068047713539577
1323.989999999951,1569.2018340265377,718.1022398163236,0.09034046740459885,0.07176932490735521,0.00046534370822200546
1323.999999999951,1569.2018340265377,718.1051815384814,0.08998750699269402,0.07150075952487764,0.0004600630153880213
1324.0099999999509,1569.2018340265377,718.1081232403037,0.08963553451811923,0.0712330110778568,0.0004548378615521208
1324.0199999999509,1569.2018340265377,718.1110649217911,0.08928454878534343,0.07096607792204922,0.0004496677141819299
1324.0299999999509,1569.2018340265377,718.1140065829436,0.08893454859547738,0.07069995841292298,0.00044455204528155815
1324.0399999999509,1569.2018340265377,718.1169482237613,0.0885855327417437,0.07043465090562481,0.00043949033133567993
1324.0499999999508,1569.2018340265377,718.1198898442444,0.0882375000205466,0.07017015375498893,0.00043448205333216733
1324.0599999999508,1569.2018340265377,718.1228314443933,0.08789044921843554,0.0699064653155866,0.0004295266966651324
1324.0699999999508,1569.2018340265377,718.1257730242082,0.08754437911906186,0.06964358394173438,0.0004246237511374957
1324.0799999999508,1569.2018340265377,718.1287145836892,0.08719928850397314,0.06938150798752284,0.00041977271093277885
1324.0899999999508,1569.2018340265377,718.1316561228364,0.08685517614740373,0.06912023580682466,0.00041497307455796767
1324.0999999999508,1569.2018340265377,718.1345976416503,0.08651204082196241,0.0688597657532732,0.0004102243448390078
1324.1099999999508,1569.2018340265377,718.137539140131,0.08616988129656483,0.06860009618037141,0.00040552602888031515
1324.1199999999508,1569.2018340265377,718.1404806182786,0.08582869633375027,0.06834122544144944,0.00040087763802020563
1324.1299999999508,1569.2018340265377,718.1434220760934,0.08548848469243504,0.0680831518896732,0.0003962786878129009
1324.1399999999508,1569.2018340265377,718.1463635135757,0.08514924512914118,0.06782587387809241,0.00039172869800356525
1324.1499999999508,1569.2018340265377,718.1493049307256,0.08481097639762641,0.06756938975964898,0.0003872271924954953
1324.1599999999507,1569.2018340265377,718.1522463275433,0.08447367724294741,0.06731369788721416,0.0003827736992926723
1324.1699999999507,1569.2018340265377,718.1551877040288,0.08413734641022416,0.06705879661356759,0.0003783677505091582
1324.1799999999507,1569.2018340265377,718.1581290601829,0.08380198264101997,0.06680468429139537,0.00037400888232182026
1324.1899999999507,1569.2018340265377,718.1610703960052,0.08346758466953305,0.06655135927343576,0.00036969663492479517
1324.1999999999507,1569.2018340265377,718.1640117114963,0.0831341512288071,0.06629881991233959,0.00036543055252571754
1324.2099999999507,1569.2018340265377,718.1669530066562,0.08280168104614538,0.06604706456078627,0.00036121018329664906
1324.2199999999507,1569.2018340265377,718.1698942814852,0.08247017284929507,0.0657960915714523,0.00035703507937107353
1324.2299999999507,1569.2018340265377,718.1728355359836,0.0821396253559838,0.06554589929705834,0.00035290479676918196
1324.2399999999507,1569.2018340265377,718.1757767701514,0.08181003728407854,0.065296486090396,0.0003488188954130893
1324.2499999999507,1569.2018340265377,718.1787179839889,0.08148140734844034,0.06504785030429708,0.00034477693908331543
1324.2599999999507,1569.2018340265377,718.1816591774965,0.08115373425864997,0.06479999029168,0.0003407784953805486
1324.2699999999506,1569.2018340265377,718.1846003506741,0.0808270167190725,0.06455290440559566,0.0003368231356977438
1324.2799999999506,1569.2018340265377,718.1875415035221,0.080501253431527,0.06430659099919678,0.00033291043520233897
1324.2899999999506,1569.2018340265377,718.1904826360405,0.08017644309646751,0.0640610484257742,0.0003290399728127313
1324.2999999999506,1569.2018340265377,718.19342374823,0.07985258441027901,0.06381627503875503,0.00032521133115848285
1324.3099999999506,1569.2018340265377,718.1963648400904,0.07952967606082421,0.06357226919177665,0.0003214240965349117
1324.3199999999506,1569.2018340265377,718.1993059116218,0.07920771673578093,0.06332902923866524,0.00031767785890898716
1324.3299999999506,1569.2018340265377,718.2022469628247,0.07888670512149162,0.06308655353340605,0.00031397221188601685
1324.3399999999506,1569.2018340265377,718.2051879936993,0.0785666398988496,0.06284484043024478,0.00031030675266633263
1324.3499999999506,1569.2018340265377,718.2081290042456,0.07824751974296373,0.06260388828366671,0.00030668108201646697
1324.3599999999506,1569.2018340265377,718.2110699944641,0.07792934332842662,0.06236369544839453,0.00030309480426254237
1324.3699999999506,1569.2018340265377,718.2140109643545,0.07761210932483237,0.06212426027946099,0.00029954752724597333
1324.3799999999505,1569.2018340265377,718.2169519139178,0.0772958163994173,0.06188558113211399,0.000296038862305789
1324.3899999999505,1569.2018340265377,718.2198928431536,0.0769804632152105,0.06164765636199067,0.00029256842424618847
1324.3999999999505,1569.2018340265377,718.2228337520622,0.07666604843145189,0.0614104843250132,0.00028913583131044425
1324.4099999999505,1569.2018340265377,718.225774640644,0.07635257070323728,0.06117406337743311,0.00028574070515344436
1324.4199999999505,1569.2018340265377,718.2287155088991,0.07604002868629343,0.06093839187586609,0.0002823826708334037
1324.4299999999505,1569.2018340265377,718.2316563568277,0.07572842102784605,0.06070346817730771,0.0002790613567514858
1324.4399999999505,1569.2018340265377,718.23459718443,0.07541774637362512,0.06046929063913157,0.000275776394652
1324.4499999999505,1569.2018340265377,718.2375379917062,0.07510800336782722,0.06023585761911449,0.00027252741959625645
1324.4599999999505,1569.2018340265377,718.2404787786566,0.07479919065063362,0.06000316747545227,0.0002693140699277033
1324.4699999999505,1569.2018340265377,718.2434195452813,0.07449130685780886,0.059771218566775926,0.0002661359872450798
1324.4799999999505,1569.2018340265377,718.2463602915807,0.07418435062011187,0.0595400092521672,0.00026299281637512026
1324.4899999999504,1569.2018340265377,718.2493010175547,0.07387832056932603,0.05930953789119254,0.00025988420536895616
1324.4999999999504,1569.2018340265377,718.2522417232038,0.0735732153315226,0.05907980284385602,0.00025680980545241097
1324.5099999999504,1569.2018340265377,718.2551824085282,0.07326903352992754,0.05885080247070431,0.0002537692710121559
1324.5199999999504,1569.2018340265377,718.2581230735278,0.07296577378456848,0.05862253513278882,0.0002507622595692273
1324.5299999999504,1569.2018340265377,718.261063718203,0.07266343471303412,0.05839499919168091,0.00024778843175702584
1324.5399999999504,1569.2018340265377,718.2640043425542,0.07236201492694638,0.058168193009470404,0.00024484745128470055
1324.5499999999504,1569.2018340265377,718.2669449465815,0.07206151304045218,0.057942114948859764,0.00024193898494240736
1324.5599999999504,1569.2018340265377,718.2698855302849,0.07176192765826427,0.05771676337310029,0.00023906270253591617
1324.5699999999504,1569.2018340265377,718.2728260936648,0.07146325738586264,0.05749213664603348,0.0002362182768973904
1324.5799999999504,1569.2018340265377,718.2757666367214,0.07116550082535412,0.057268233132098126,0.00023340538384740238
1324.5899999999504,1569.2018340265377,718.2787071594549,0.07086865657473254,0.05704505119637099,0.00023062370216908587
1324.5999999999503,1569.2018340265377,718.2816476618653,0.07057272322829963,0.05682258920457302,0.00022787291358601495
1324.6099999999503,1569.2018340265377,718.2845881439532,0.07027769937978745,0.05660084552303292,0.00022515270274848468
1324.6199999999503,1569.2018340265377,718.2875286057188,0.06998358361789626,0.05637981851877095,0.00022246275719633424
1324.6299999999503,1569.2018340265377,718.2904690471619,0.06969037452972801,0.056159506559513295,0.0002198027673469216
1324.6399999999503,1569.2018340265377,718.2934094682829,0.06939807069843837,0.05593990801364722,0.0002171724264641839
1324.6499999999503,1569.2018340265377,718.2963498690821,0.06910667070426754,0.055721021250278356,0.0002145714306394952
1324.6599999999503,1569.2018340265377,718.2992902495597,0.06881617312662111,0.05550284463922844,0.00021199947877528235
1324.6699999999503,1569.2018340265377,718.3022306097159,0.06852657653862076,0.05528537655107526,0.00020945627254580012
1324.6799999999503,1569.2018340265377,718.3051709495508,0.06823787951260424,0.0550686153571584,0.0002069415163917767
1324.6899999999503,1569.2018340265377,718.3081112690646,0.06795008061839265,0.05485255942955189,0.0002044549174924102
1324.6999999999503,1569.2018340265377,718.3110515682579,0.06766317842234927,0.054637207141120574,0.00020199618574075762
1324.7099999999502,1569.2018340265377,718.3139918471304,0.06737717148702217,0.05442255686555934,0.00019956503372099064
1324.7199999999502,1569.2018340265377,718.3169321056826,0.06709205837490766,0.05420860697734043,0.00019716117669727688
1324.7299999999502,1569.2018340265377,718.3198723439144,0.06680783764271561,0.05399535585177775,0.00019478433257545717
1324.7399999999502,1569.2018340265377,718.3228125618266,0.0665245078464713,0.053782801864991334,0.00019243422189627626
1324.7499999999502,1569.2018340265377,718.325752759419,0.06624206753880192,0.053570943394003735,0.00019011056780657664
1324.7599999999502,1569.2018340265377,718.3286929366916,0.06596051527099718,0.05335977881668809,0.00018781309604352846
1324.7699999999502,1569.2018340265377,718.331633093645,0.06567984958837016,0.05314930651177376,0.00018554153490022156
1324.7799999999502,1569.2018340265377,718.3345732302794,0.06540006903592138,0.05293952485890142,0.00018329561522124262
1324.7899999999502,1569.2018340265377,718.3375133465948,0.06512117215667763,0.05273043223862837,0.00018107507037691049
1324.7999999999502,1569.2018340265377,718.3404534425916,0.06484315748910546,0.05252202703242594,0.00017887963623527178
1324.8099999999502,1569.2018340265377,718.3433935182697,0.06456602357105745,0.05231430762271719,0.00017670905115273308
1324.8199999999501,1569.2018340265377,718.3463335736299,0.06428976893749518,0.05210727239282647,0.00017456305594681882
1324.8299999999501,1569.2018340265377,718.3492736086718,0.06401439211857139,0.051900919727105206,0.00017244139387152555
1324.8399999999501,1569.2018340265377,718.3522136233959,0.0637398916451747,0.05169524801083285,0.0001703438106114827
1324.8499999999501,1569.2018340265377,718.3551536178023,0.06346626604183299,0.051490255630302594,0.00016827005424327034
1324.85999999995,1569.2018340265377,718.3580935918914,0.06319351383603669,0.05128594097280228,0.0001662198752402619
1324.86999999995,1569.2018340265377,718.3610335456632,0.06292163354739636,0.05108230242663607,0.00016419302642407723
1324.87999999995,1569.2018340265377,718.363973479118,0.06265062369565727,0.05087933838113724,0.00016218926296628932
1324.88999999995,1569.2018340265377,718.3669133922559,0.062380482798452215,0.05067704722669717,0.00016020834236301108
1324.89999999995,1569.2018340265377,718.3698532850774,0.06211120937071213,0.05047542735472319,0.0001582500244136716
1324.90999999995,1569.2018340265377,718.3727931575825,0.06184280192467066,0.050274477157730216,0.0001563140712023478
1324.91999999995,1569.2018340265377,718.3757330097714,0.06157525896928368,0.05007419502929861,0.00015440024707691132
1324.92999999995,1569.2018340265377,718.3786728416443,0.06130857901242819,0.049874579364102736,0.00015250831863574063
1324.93999999995,1569.2018340265377,718.3816126532015,0.06104276056029706,0.04967562855792366,0.00015063805470727935
1324.94999999995,1569.2018340265377,718.3845524444432,0.060777802116171016,0.0494773410076618,0.00014878922632827633
1324.95999999995,1569.2018340265377,718.3874922153694,0.06051370217825727,0.049279715111364954,0.00014696160672012513
1324.96999999995,1569.2018340265377,718.3904319659807,0.06025045924750446,0.04908274926818729,0.0001451549712892065
1324.97999999995,1569.2018340265377,718.3933716962771,0.05998807181981483,0.04888644187847809,0.0001433690975899386
1324.98999999995,1569.2018340265377,718.3963114062587,0.05972653838920762,0.04869079134374095,0.0001416037653140465
1324.99999999995,1569.2018340265377,718.3992510959259,0.05946585744660404,0.04849579606666124,0.00013985875626970658
1325.00999999995,1569.2018340265377,718.4021907652786,0.059206027482282694,0.048301454451133444,0.00013813385436951348
1325.01999999995,1569.2018340265377,718.4051304143177,0.05894704698437673,0.048107764902205793,0.00013642884560866378
1325.02999999995,1569.2018340265377,718.4080700430427,0.058688914438581055,0.047914725826220174,0.00013474351804733072
1325.03999999995,1569.2018340265377,718.4110096514539,0.058431628326681286,0.04772233563071133,0.00013307766178913578
1325.04999999995,1569.2018340265377,718.4139492395519,0.05817518713049976,0.04753059272443423,0.00013143106897288412
1325.05999999995,1569.2018340265377,718.4168888073366,0.057919589331271726,0.047339495517443334,0.00012980353375403105
1325.06999999995,1569.2018340265377,718.4198283548084,0.05766483340340657,0.04714904242102218,0.0001281948522730286
1325.07999999995,1569.2018340265377,718.4227678819674,0.05741091782259712,0.04695923184775487,0.00012660482265689537
1325.08999999995,1569.2018340265377,718.4257073888135,0.05715784106249949,0.0467700622115301,0.0001250332449946582
1325.09999999995,1569.2018340265377,718.4286468753477,0.056905601594811596,0.046581531927472435,0.000123479921320264
1325.1099999999499,1569.2018340265377,718.4315863415695,0.05665419788806964,0.04639363941210022,0.00012194465559405862
1325.1199999999499,1569.2018340265377,718.4345257874793,0.056403628409161986,0.0462063830832201,0.00012042725368890095
1325.1299999999499,1569.2018340265377,718.4374652130774,0.056153891623955066,0.04601976135996075,0.00011892752337510948
1325.1399999999499,1569.2018340265377,718.4404046183639,0.05590498599609533,0.045833772662827565,0.00011744527430173391
1325.1499999999498,1569.2018340265377,718.4433440033393,0.05565690998677755,0.045648415413649376,0.0001159803179795234
1325.1599999999498,1569.2018340265377,718.4462833680035,0.05540966205446537,0.04546368803567558,0.00011453246776471205
1325.1699999999498,1569.2018340265377,718.4492227123566,0.0551632406589629,0.04527958895350872,0.00011310153885102583
1325.1799999999498,1569.2018340265377,718.4521620363993,0.05491764425593195,0.045096116593115854,0.00011168734824237958
1325.1899999999498,1569.2018340265377,718.4551013401314,0.054672871299239686,0.04491326938192509,0.00011028971474245196
1325.1999999999498,1569.2018340265377,718.4580406235532,0.05442892023898717,0.044731045748744,0.00010890845893461109
1325.2099999999498,1569.2018340265377,718.4609798866649,0.054185789530051404,0.04454944412382052,0.00010754340318372464
1325.2199999999498,1569.2018340265377,718.4639191294668,0.05394347761874653,0.044368462938818506,0.0001061943715937605
1325.2299999999498,1569.2018340265377,718.4668583519592,0.05370198295392386,0.04418810062687073,0.00010486119001488815
1325.2399999999498,1569.2018340265377,718.469797554142,0.05346130397847625,0.044008355622575664,0.00010354368601139833
1325.2499999999498,1569.2018340265377,718.4727367360156,0.05322143913787656,0.04382922636198015,0.00010224168886320609
1325.2599999999497,1569.2018340265377,718.4756758975803,0.05298238687449397,0.043650711282604324,0.00010095502953976144
1325.2699999999497,1569.2018340265377,718.4786150388362,0.052744145628794294,0.04347280882349359,9.968354068773918e-05
1325.2799999999497,1569.2018340265377,718.4815541597834,0.0525067138387765,0.043295517425173694,9.842705661496925e-05
1325.2899999999497,1569.2018340265377,718.4844932604223,0.052270089942501256,0.04311883552967534,9.718541328060489e-05
1325.2999999999497,1569.2018340265377,718.487432340753,0.052034272375358806,0.04294276158055815,9.59584482754617e-05
1325.3099999999497,1569.2018340265377,718.4903714007759,0.05179925957170227,0.04276729402291432,9.474600081060692e-05
1325.3199999999497,1569.2018340265377,718.4933104404909,0.05156504996434921,0.042592431303392214,9.354791170213165e-05
1325.3299999999497,1569.2018340265377,718.4962494598983,0.0513316419837758,0.04241817187017277,9.236402335531428e-05
1325.3399999999497,1569.2018340265377,718.4991884589986,0.051099034059224654,0.042244514173000194,9.119417975262027e-05
1325.3499999999497,1569.2018340265377,718.5021274377917,0.050867224619819254,0.042071456663205414,9.003822644168679e-05
1325.3599999999497,1569.2018340265377,718.5050663962778,0.0506362120921201,0.041898997793709064,8.889601051698034e-05
1325.3699999999496,1569.2018340265377,718.5080053344573,0.05040599489964329,0.04172713601899829,8.776738060508178e-05
1325.3799999999496,1569.2018340265377,718.5109442523303,0.05017657146821758,0.04155586979517689,8.665218686051234e-05
1325.3899999999496,1569.2018340265377,718.5138831498971,0.049947940218808856,0.041385197579968086,8.555028093953564e-05
1325.3999999999496,1569.2018340265377,718.5168220271577,0.04972009957338281,0.04121511783271787,8.446151599682767e-05
1325.4099999999496,1569.2018340265377,718.5197608841125,0.04949304794987519,0.04104562901438495,8.33857466633496e-05
1325.4199999999496,1569.2018340265377,718.5226997207617,0.04926678376940172,0.04087672958759638,8.232282904546547e-05
1325.4299999999496,1569.2018340265377,718.5256385371056,0.04904130544616548,0.04070841801660485,8.12726206944875e-05
1325.4399999999496,1569.2018340265377,718.5285773331441,0.04881661139677233,0.04054069276735687,8.023498060950444e-05
1325.4499999999496,1569.2018340265377,718.5315161088776,0.04859270003523503,0.0403735523074435,7.9209769215745e-05
1325.4599999999496,1569.2018340265377,718.5344548643064,0.04836956977504759,0.040206995106129725,7.819684835519792e-05
1325.4699999999496,1569.2018340265377,718.5373935994307,0.04814721902796193,0.040041019634395734,7.7196081271919e-05
1325.4799999999495,1569.2018340265377,718.5403323142503,0.047925646203964445,0.039875624364926816,7.620733259924065e-05
1325.4899999999495,1569.2018340265377,718.543271008766,0.04770484971261101,0.03971080777206492,7.523046834908245e-05
1325.4999999999495,1569.2018340265377,718.5462096829777,0.047484827962268064,0.039546568331920544,7.426535589859385e-05
1325.5099999999495,1569.2018340265377,718.5491483368858,0.047265579360626524,0.03938290452230482,7.331186397823885e-05
1325.5199999999495,1569.2018340265377,718.5520869704901,0.04704710231191954,0.03921981482278302,7.236986265533144e-05
1325.5299999999495,1569.2018340265377,718.5550255837911,0.04682939522156849,0.03905729771464595,7.143922332890354e-05
1325.5399999999495,1569.2018340265377,718.5579641767891,0.046612456494092534,0.038895351680937613,7.051981871433349e-05
1325.5499999999495,1569.2018340265377,718.5609027494843,0.046396284529901376,0.03873397520647657,6.961152282652858e-05
1325.5599999999495,1569.2018340265377,718.5638413018766,0.04618087773185556,0.038573166777858485,6.871421097790617e-05
1325.5699999999495,1569.2018340265377,718.5667798339665,0.045966234499738405,0.038412924883427416,6.782775975803243e-05
1325.5799999999495,1569.2018340265377,718.5697183457542,0.04575235323330248,0.03825324801334683,6.695204702666948e-05
1325.5899999999494,1569.2018340265377,718.5726568372398,0.045539232331016026,0.03809413465955852,6.608695190005034e-05
1325.5999999999494,1569.2018340265377,718.5755953084234,0.04532687018935363,0.03793558331583426,6.523235473844958e-05
1325.6099999999494,1569.2018340265377,718.5785337593055,0.045115265205302325,0.03777759247772291,6.438813713812164e-05
1325.6199999999494,1569.2018340265377,718.5814721898862,0.04490441577314754,0.037620160642620325,6.355418191548114e-05
1325.6299999999494,1569.2018340265377,718.5844106001657,0.04469432028844871,0.037463286309746935,6.273037310137361e-05
1325.6399999999494,1569.2018340265377,718.587348990144,0.04448497714362882,0.03730696798017435,6.191659592365201e-05
1325.6499999999494,1569.2018340265377,718.5902873598217,0.04427638473166861,0.037151204156797304,6.111273680115628e-05
1325.6599999999494,1569.2018340265377,718.5932257091987,0.04406854144442765,0.0369959933443842,6.031868333043233e-05
1325.6699999999494,1569.2018340265377,718.5961640382756,0.04386144567359343,0.036841334049549035,5.953432427596257e-05
1325.6799999999494,1569.2018340265377,718.5991023470519,0.04365509580687155,0.036687224780819545,5.875954955432866e-05
1325.6899999999494,1569.2018340265377,718.6020406355284,0.04344949023404196,0.0365336640485552,5.799425023140176e-05
1325.6999999999493,1569.2018340265377,718.6049789037054,0.04324462734502172,0.03638065036500946,5.723831850909949e-05
1325.7099999999493,1569.2018340265377,718.6079171515826,0.04304050552603966,0.03622818224437277,5.649164770981455e-05
1325.7199999999493,1569.2018340265377,718.6108553791605,0.04283712316327979,0.036076258202691676,5.575413227051477e-05
1325.7299999999493,1569.2018340265377,718.6137935864392,0.042634478643122385,0.03592487675795353,5.502566773281774e-05
1325.7399999999493,1569.2018340265377,718.6167317734192,0.04243257035144077,0.03577403643003529,5.430615073150154e-05
1325.7499999999493,1569.2018340265377,718.6196699401006,0.0422313966721923,0.03562373574076986,5.359547898261443e-05
1325.7599999999493,1569.2018340265377,718.6226080864833,0.04203095598818069,0.03547397321392433,5.289355127421864e-05
1325.7699999999493,1569.2018340265377,718.6255462125678,0.041831246684086006,0.0353247473751842,5.220026746002016e-05
1325.7799999999493,1569.2018340265377,718.6284843183541,0.041632267141823484,0.03517605675220186,5.151552844358987e-05
1325.7899999999493,1569.2018340265377,718.6314224038427,0.04143401574289912,0.03502789987457475,5.083923617133412e-05
1325.7999999999493,1569.2018340265377,718.6343604690337,0.04123649086864341,0.03488027527387599,5.017129362297278e-05
1325.8099999999492,1569.2018340265377,718.6372985139271,0.04103969089953666,0.034733181483650066,4.9511604800885054e-05
1325.8199999999492,1569.2018340265377,718.6402365385235,0.04084361421571805,0.034586617039403036,4.8860074720980356e-05
1325.8299999999492,1569.2018340265377,718.6431745428227,0.04064825919604411,0.034440580478649625,4.821660940205952e-05
1325.8399999999492,1569.2018340265377,718.6461125268252,0.04045362421950079,0.03429507034088623,4.758111585786918e-05
1325.8499999999492,1569.2018340265377,718.649050490531,0.04025970766409493,0.03415008516760928,4.695350208634046e-05
1325.8599999999492,1569.2018340265377,718.6519884339405,0.04006650790843719,0.034005623502316874,4.6333677062038276e-05
1325.8699999999492,1569.2018340265377,718.6549263570539,0.03987402332993093,0.0338616838905269,4.572155072474846e-05
1325.8799999999492,1569.2018340265377,718.6578642598713,0.03968225230350257,0.03371826487978941,4.511703396884829e-05
1325.8899999999492,1569.2018340265377,718.6608021423928,0.03949119320674799,0.03357536501967661,4.452003863999929e-05
1325.8999999999492,1569.2018340265377,718.663740004619,0.03930084441545251,0.033432982861767886,4.3930477520848954e-05
1325.9099999999492,1569.2018340265377,718.6666778465496,0.03911120430543362,0.03329111695972842,4.3348264324320995e-05
1325.9199999999491,1569.2018340265377,718.6696156681853,0.038922271250304764,0.03314976586923829,4.277331368199752e-05
1325.9299999999491,1569.2018340265377,718.672553469526,0.03873404362551271,0.0330089281480544,4.220554113988808e-05
1325.9399999999491,1569.2018340265377,718.675491250572,0.03854651980632668,0.03286860235597324,4.164486314725428e-05
1325.9499999999491,1569.2018340265377,718.6784290113236,0.038359698164370015,0.03272878705487553,4.1091197044271975e-05
1325.959999999949,1569.2018340265377,718.6813667517808,0.03817357707530446,0.032589480808716376,4.054446106166114e-05
1325.969999999949,1569.2018340265377,718.684304471944,0.03798815490988342,0.0324506821835261,4.000457430248392e-05
1325.979999999949,1569.2018340265377,718.6872421718134,0.03780343004376422,0.03231238974741174,3.9471456744089905e-05
1325.989999999949,1569.2018340265377,718.6901798513891,0.03761940084755793,0.03217460207060034,3.894502921924866e-05
1325.999999999949,1569.2018340265377,718.6931175106713,0.03743606569397142,0.032037317725397425,3.842521341522106e-05
1326.009999999949,1569.2018340265377,718.6960551496603,0.037253422955676616,0.03190053528621967,3.7911931863268235e-05
1326.019999999949,1569.2018340265377,718.6989927683563,0.037071471004878856,0.03176425332959585,3.740510792998066e-05
1326.029999999949,1569.2018340265377,718.7019303667597,0.03689020821144396,0.03162847043416762,3.690466580725855e-05
1326.039999999949,1569.2018340265377,718.7048679448702,0.03670963294696059,0.03149318518072704,3.641053050843028e-05
1326.049999999949,1569.2018340265377,718.7078055026884,0.036529743584928415,0.031358396152159525,3.5922627860200956e-05
1326.059999999949,1569.2018340265377,718.7107430402145,0.036350538494244376,0.031224101933502377,3.5440884488398436e-05
1326.069999999949,1569.2018340265377,718.7136805574487,0.03617201604725191,0.03109030111194,3.4965227818043776e-05
1326.079999999949,1569.2018340265377,718.716618054391,0.03599417461236722,0.03095699227680447,3.449558605831794e-05
1326.089999999949,1569.2018340265377,718.7195555310417,0.03581701256292709,0.030824174019576142,3.403188820337646e-05
1326.099999999949,1569.2018340265377,718.7224929874012,0.03564052826819529,0.030691844933884434,3.357406401598918e-05
1326.109999999949,1569.2018340265377,718.7254304234697,0.035464720099215426,0.03056000361553896,3.312204402561921e-05
1326.119999999949,1569.2018340265377,718.728367839247,0.03528958642533082,0.030428648662529957,3.267575951757209e-05
1326.129999999949,1569.2018340265377,718.7313052347337,0.035115125617071745,0.03029777867499303,3.2235142528147933e-05
1326.139999999949,1569.2018340265377,718.73424260993,0.03494133604575345,0.030167392255260717,3.180012583691503e-05
1326.149999999949,1569.2018340265377,718.7371799648361,0.03476821608144161,0.03003748800785745,3.137064295747141e-05
1326.159999999949,1569.2018340265377,718.7401172994519,0.03459576409381556,0.02990806453950497,3.0946628130980834e-05
1326.169999999949,1569.2018340265377,718.7430546137778,0.034423978454179174,0.029779120459107498,3.0528016320708006e-05
1326.179999999949,1569.2018340265377,718.7459919078143,0.03425285753125998,0.029650654377762438,3.011474320111739e-05
1326.189999999949,1569.2018340265377,718.7489291815613,0.034082399696869846,0.02952266490881016,2.9706745155900572e-05
1326.199999999949,1569.2018340265377,718.7518664350189,0.03391260332145335,0.02939515066778444,2.9303959266867448e-05
1326.2099999999489,1569.2018340265377,718.7548036681876,0.03374346677517262,0.02926811027242756,2.890632330797774e-05
1326.2199999999489,1569.2018340265377,718.7577408810674,0.033574988428482604,0.029141542342725226,2.8513775738989646e-05
1326.2299999999489,1569.2018340265377,718.7606780736588,0.033407166653146976,0.029015445500872036,2.812625569937664e-05
1326.2399999999489,1569.2018340265377,718.7636152459617,0.03323999981909886,0.028889818371320465,2.7743702998957656e-05
1326.2499999999488,1569.2018340265377,718.7665523979763,0.033073486297406314,0.02876465958074192,2.7366058113603456e-05
1326.2599999999488,1569.2018340265377,718.769489529703,0.03290762446086421,0.028639967758051242,2.6993262179050938e-05
1326.2699999999488,1569.2018340265377,718.772426641142,0.03274241267972692,0.028515741534421043,2.662525698078007e-05
1326.2799999999488,1569.2018340265377,718.7753637322935,0.032577849324860325,0.02839197954327196,2.6261984950066587e-05
1326.2899999999488,1569.2018340265377,718.7783008031575,0.03241393276984375,0.028268680420287046,2.590338915916547e-05
1326.2999999999488,1569.2018340265377,718.7812378537345,0.032250661385805145,0.028145842803402016,2.5549413310663606e-05
1326.3099999999488,1569.2018340265377,718.7841748840247,0.032088033545078005,0.028023465332824366,2.5200001734086723e-05
1326.3199999999488,1569.2018340265377,718.7871118940279,0.03192604762066033,0.027901546651042292,2.48550993791237e-05
1326.3299999999488,1569.2018340265377,718.7900488837447,0.03176470198543383,0.02778008540280589,2.451465180869617e-05
1326.3399999999488,1569.2018340265377,718.7929858531753,0.0316039950120357,0.027659080235145683,2.4178605192682892e-05
1326.3499999999487,1569.2018340265377,718.7959228023199,0.03144392507603495,0.027538529797386354,2.3846906304201407e-05
1326.3599999999487,1569.2018340265377,718.7988597311784,0.03128449054828453,0.027418432741146383,2.3519502507656257e-05
1326.3699999999487,1569.2018340265377,718.8017966397513,0.031125689804475085,0.027298787720319177,2.3196341759933392e-05
1326.3799999999487,1569.2018340265377,718.8047335280388,0.030967521219911944,0.02717959339110515,2.2877372600444505e-05
1326.3899999999487,1569.2018340265377,718.8076703960412,0.030809983169342015,0.027060848412006767,2.2562544145064892e-05
1326.3999999999487,1569.2018340265377,718.8106072437583,0.030653074026636255,0.026942551443846264,2.2251806080064616e-05
1326.4099999999487,1569.2018340265377,718.8135440711907,0.030496792168833935,0.026824701149733215,2.1945108659159958e-05
1326.4199999999487,1569.2018340265377,718.8164808783387,0.030341135973030287,0.026707296195091566,2.16424026954593e-05
1326.4299999999487,1569.2018340265377,718.8194176652021,0.030186103813661113,0.026590335247690944,2.1343639553865764e-05
1326.4399999999487,1569.2018340265377,718.8223544317813,0.030031694069273102,0.026473816977600418,2.1048771150155108e-05
1326.4499999999487,1569.2018340265377,718.8252911780764,0.029877905117068344,0.02635774005721976,2.0757749941486784e-05
1326.4599999999486,1569.2018340265377,718.828227904088,0.02972473533546927,0.0262421031612745,2.0470528922632806e-05
1326.4699999999486,1569.2018340265377,718.831164609816,0.029572183103025687,0.026126904966828474,2.0187061619694426e-05
1326.4799999999486,1569.2018340265377,718.8341012952606,0.029420246798127696,0.026012144153296547,1.9907302084453976e-05
1326.4899999999486,1569.2018340265377,718.837037960422,0.029268924801106717,0.025897819402412644,1.963120489032032e-05
1326.4999999999486,1569.2018340265377,718.8399746053005,0.02911821549232259,0.025783929398264762,1.9358725125684592e-05
1326.5099999999486,1569.2018340265377,718.8429112298965,0.028968117252172965,0.025670472827289556,1.908981838859758e-05
1326.5199999999486,1569.2018340265377,718.8458478342097,0.02881862846199874,0.02555744837828476,1.882444078210783e-05
1326.5299999999486,1569.2018340265377,718.8487844182406,0.02866974750390872,0.025444854742395065,1.8562548908877837e-05
1326.5399999999486,1569.2018340265377,718.8517209819896,0.028521472760458084,0.02533269061311145,1.830409986578205e-05
1326.5499999999486,1569.2018340265377,718.8546575254567,0.028373802615182474,0.02522095468631379,1.804905123917049e-05
1326.5599999999486,1569.2018340265377,718.8575940486421,0.02822673545120949,0.025109645660230717,1.77973610988292e-05
1326.5699999999485,1569.2018340265377,718.8605305515459,0.028080269653394517,0.024998762235473225,1.7548987994344352e-05
1326.5799999999485,1569.2018340265377,718.8634670341687,0.02793440360775093,0.02488830311500372,1.7303890949673664e-05
1326.5899999999485,1569.2018340265377,718.8664034965104,0.02778913569911458,0.02477826700418202,1.7062029456808456e-05
1326.5999999999485,1569.2018340265377,718.8693399385712,0.027644464313894366,0.024668652610742896,1.6823363472556677e-05
1326.6099999999485,1569.2018340265377,718.8722763603514,0.027500387840219024,0.024559458644795088,1.6587853413742285e-05
1326.6199999999485,1569.2018340265377,718.8752127618512,0.027356904666288262,0.02445068381883699,1.635546015139515e-05
1326.6299999999485,1569.2018340265377,718.8781491430709,0.027214013180371796,0.024342326847755766,1.6126145005992597e-05
1326.6399999999485,1569.2018340265377,718.8810855040106,0.02707171177201576,0.024234386448834317,1.589986974346515e-05
1326.6499999999485,1569.2018340265377,718.8840218446704,0.02692999883137916,0.02412686134174595,1.5676596570103745e-05
1326.6599999999485,1569.2018340265377,718.8869581650507,0.026788872749925016,0.02401975024856154,1.545628812833031e-05
1326.6699999999485,1569.2018340265377,718.8898944651518,0.026648331920234188,0.023913051893748215,1.5238907491977888e-05
1326.6799999999484,1569.2018340265377,718.8928307449735,0.02650837473375794,0.023806765004192997,1.5024418160483787e-05
1326.6899999999484,1569.2018340265377,718.8957670045163,0.026368999585571082,0.023700888309168232,1.4812784057051998e-05
1326.6999999999484,1569.2018340265377,718.8987032437806,0.02623020486881257,0.023595420540359405,1.4603969521053288e-05
1326.7099999999484,1569.2018340265377,718.9016394627662,0.02609198898011103,0.023490360431879756,1.439793930667796e-05
1326.7199999999484,1569.2018340265377,718.9045756614735,0.02595435031437318,0.02338570672024048,1.4194658575597026e-05
1326.7299999999484,1569.2018340265377,718.9075118399027,0.025817287269031847,0.0232814581443736,1.399409289501193e-05
1326.7399999999484,1569.2018340265377,718.9104479980541,0.025680798243388075,0.023177613445626626,1.3796208232950534e-05
1326.7499999999484,1569.2018340265377,718.9133841359279,0.025544881635416974,0.023074171367777032,1.3600970952297567e-05
1326.7599999999484,1569.2018340265377,718.9163202535241,0.02540953584500791,0.022971130657030693,1.340834780833304e-05
1326.7699999999484,1569.2018340265377,718.9192563508429,0.025274759272524556,0.022868490062008254,1.3218305943756933e-05
1326.7799999999484,1569.2018340265377,718.922192427885,0.0251405503208867,0.02276624833375592,1.3030812885649315e-05
1326.7899999999483,1569.2018340265377,718.9251284846501,0.02500690739303422,0.02266440422576726,1.2845836540051832e-05
1326.7999999999483,1569.2018340265377,718.9280645211386,0.02487382889119622,0.022562956493965863,1.2663345187533175e-05
1326.8099999999483,1569.2018340265377,718.9310005373505,0.024741313221732918,0.022461903896707536,1.248330748164777e-05
1326.8199999999483,1569.2018340265377,718.9339365332864,0.024609358790158225,0.022361245194778858,1.2305692442387163e-05
1326.8299999999483,1569.2018340265377,718.9368725089464,0.024477964003032746,0.02226097915141874,1.213046945323529e-05
1326.8399999999483,1569.2018340265377,718.9398084643304,0.0243471272679654,0.02216110453231273,1.1957608257250886e-05
1326.8499999999483,1569.2018340265377,718.9427443994389,0.02421684699457145,0.022061620105579674,1.1787078953645534e-05
1326.8599999999483,1569.2018340265377,718.9456803142721,0.024087121593360798,0.021962524641785382,1.161885199340531e-05
1326.8699999999483,1569.2018340265377,718.9486162088302,0.02395794947444202,0.021863816913948605,1.1452898174882205e-05
1326.8799999999483,1569.2018340265377,718.9515520831133,0.023829329050997168,0.021765495697550416,1.1289188641719077e-05
1326.8899999999483,1569.2018340265377,718.9544879371215,0.023701258735665223,0.021667559770509517,1.1127694877356925e-05
1326.8999999999482,1569.2018340265377,718.9574237708554,0.023573736943879972,0.021570007913195688,1.0968388702947236e-05
1326.9099999999482,1569.2018340265377,718.9603595843149,0.02344676209101226,0.021472838908450538,1.0811242272365486e-05
1326.9199999999482,1569.2018340265377,718.9632953775002,0.0233203325936182,0.021376051541570205,1.065622806916953e-05
1326.9299999999482,1569.2018340265377,718.9662311504118,0.023194446869571058,0.02127964460029997,1.0503318903069316e-05
1326.9399999999482,1569.2018340265377,718.9691669030495,0.02306910333895914,0.02118361687486193,1.0352487906804973e-05
1326.9499999999482,1569.2018340265377,718.972102635414,0.02294430042175853,0.021087967157927,1.020370853154838e-05
1326.9599999999482,1569.2018340265377,718.975038347505,0.02282003653901229,0.02099269424464991,1.0056954544003086e-05
1326.9699999999482,1569.2018340265377,718.9779740393229,0.0226963101147483,0.020897796932637554,9.912200023767197e-06
1326.9799999999482,1569.2018340265377,718.9809097108682,0.022573119572628295,0.020803274021961596,9.769419358447933e-06
1326.9899999999482,1569.2018340265377,718.9838453621409,0.022450463337718725,0.020709124315178472,9.628587241092159e-06
1326.9999999999482,1569.2018340265377,718.986780993141,0.022328339836659203,0.02061534661731239,9.48967866689225e-06
1327.0099999999481,1569.2018340265377,718.9897166038688,0.022206747498064974,0.020521939735856816,9.35266893003765e-06
1327.0199999999481,1569.2018340265377,718.9926521943248,0.022085684750568966,0.020428902480772414,9.217533619601878e-06
1327.0299999999481,1569.2018340265377,718.995587764509,0.021965150025257507,0.02033623366451002,9.084248617346414e-06
1327.0399999999481,1569.2018340265377,718.9985233144215,0.02184514175269246,0.0202439321019903,8.952790093243422e-06
1327.049999999948,1569.2018340265377,719.0014588440627,0.021725658367449417,0.020151996610612302,8.823134504176167e-06
1327.059999999948,1569.2018340265377,719.0043943534328,0.021606698303484065,0.020060426010251108,8.695258588869127e-06
1327.069999999948,1569.2018340265377,719.0073298425318,0.021488259996953103,0.019969219123273277,8.569139365940553e-06
1327.079999999948,1569.2018340265377,719.0102653113601,0.021370341884820156,0.019878374774520265,8.4447541302304e-06
1327.089999999948,1569.2018340265377,719.0132007599178,0.021252942405857084,0.019787891791313135,8.322080450146393e-06
1327.099999999948,1569.2018340265377,719.0161361882053,0.021136060000372592,0.019697769003460756,8.201096164528023e-06
1327.109999999948,1569.2018340265377,719.0190715962228,0.021019693109931802,0.0196080052432573,8.08177937953414e-06
1327.119999999948,1569.2018340265377,719.0220069839702,0.020903840176316777,0.01951859934549361,7.964108465288965e-06
1327.129999999948,1569.2018340265377,719.0249423514479,0.02078849964491125,0.01942955014743043,7.848062054218414e-06
1327.139999999948,1569.2018340265377,719.0278776986563,0.020673669961322926,0.019340856488816983,7.733619036853572e-06
1327.149999999948,1569.2018340265377,719.0308130255953,0.020559349572617482,0.019252517211912165,7.620758559444204e-06
1327.159999999948,1569.2018340265377,719.0337483322652,0.020445536927080836,0.019164531161447666,7.50946002098872e-06
1327.169999999948,1569.2018340265377,719.0366836186662,0.020332230475671526,0.019076897184649576,7.3997030709600746e-06
1327.179999999948,1569.2018340265377,719.0396188847988,0.02021942866991288,0.01898961413122882,7.291467605722365e-06
1327.189999999948,1569.2018340265377,719.0425541306629,0.020107129962834386,0.018902680853402392,7.184733766131349e-06
1327.199999999948,1569.2018340265377,719.0454893562586,0.019995332808996725,0.018816096205880255,7.079481934793029e-06
1327.209999999948,1569.2018340265377,719.0484245615863,0.019884035664751443,0.018729859045852806,6.975692733432942e-06
1327.219999999948,1569.2018340265377,719.0513597466463,0.01977323698786713,0.01864396823301168,6.873347020093016e-06
1327.229999999948,1569.2018340265377,719.0542949114388,0.01966293523804711,0.018558422629543648,6.772425886649531e-06
1327.239999999948,1569.2018340265377,719.0572300559637,0.019553128875160912,0.018473221100137747,6.672910655578003e-06
1327.249999999948,1569.2018340265377,719.0601651802215,0.01944381636283238,0.018388362511969243,6.574782878572703e-06
1327.259999999948,1569.2018340265377,719.0631002842124,0.019334996164995375,0.018303845734710267,6.4780243327889615e-06
1327.269999999948,1569.2018340265377,719.0660353679366,0.019226666747186767,0.01821966964053671,6.3826170187458364e-06
1327.279999999948,1569.2018340265377,719.0689704313941,0.019118826576064153,0.018135833104125254,6.288543157639734e-06
1327.289999999948,1569.2018340265377,719.0719054745854,0.019011474121668342,0.018052335002634444,6.1957851895764334e-06
1327.2999999999479,1569.2018340265377,719.0748404975104,0.018904607853549256,0.017969174215740652,6.104325769844523e-06
1327.3099999999479,1569.2018340265377,719.0777755001698,0.01879822624490791,0.017886349625599627,6.014147767797107e-06
1327.3199999999479,1569.2018340265377,719.0807104825632,0.018692327768234127,0.01780386011688863,5.925234263044258e-06
1327.3299999999479,1569.2018340265377,719.0836454446911,0.0185869109008053,0.017721704576765012,5.837568544787937e-06
1327.3399999999478,1569.2018340265377,719.0865803865539,0.01848197411860462,0.017639881894888867,5.7511341075252265e-06
1327.3499999999478,1569.2018340265377,719.0895153081516,0.018377515901045374,0.017558390963429517,5.665914650202229e-06
1327.3599999999478,1569.2018340265377,719.0924502094844,0.01827353472886828,0.017477230677049843,5.58189407321083e-06
1327.3699999999478,1569.2018340265377,719.0953850905524,0.01817002908405048,0.017396399932912646,5.4990564760691455e-06
1327.3799999999478,1569.2018340265377,719.0983199513562,0.01806699745103654,0.017315897630677785,5.4173861555176615e-06
1327.3899999999478,1569.2018340265377,719.1012547918957,0.01796443831575441,0.017235722672511486,5.336867602968047e-06
1327.3999999999478,1569.2018340265377,719.104189612171,0.017862350165291106,0.017155873963083178,5.2574855021781e-06
1327.4099999999478,1569.2018340265377,719.1071244121825,0.017760731489218473,0.01707635040955012,5.17922472742908e-06
1327.4199999999478,1569.2018340265377,719.1100591919306,0.017659580778637118,0.016997150921572744,5.102070341064168e-06
1327.4299999999478,1569.2018340265377,719.1129939514153,0.017558896526790935,0.016918274411320815,5.026007591508928e-06
1327.4399999999478,1569.2018340265377,719.1159286906367,0.0174586772278892,0.016839719793460883,4.9510219107849875e-06
1327.4499999999477,1569.2018340265377,719.1188634095951,0.01735892137913023,0.01676148598515318,4.877098912970316e-06
1327.4599999999477,1569.2018340265377,719.1217981082908,0.017259627478114298,0.01668357190605759,4.80422439137174e-06
1327.4699999999477,1569.2018340265377,719.124732786724,0.017160794025328684,0.01660597647833948,4.732384317158398e-06
1327.4799999999477,1569.2018340265377,719.1276674448948,0.017062419522515745,0.016528698626666352,4.661564836848181e-06
1327.4899999999477,1569.2018340265377,719.1306020828033,0.016964502473847204,0.0164517372781955,4.591752270595658e-06
1327.4999999999477,1569.2018340265377,719.1335367004501,0.016867041384886115,0.01637509136258001,4.522933109900808e-06
1327.5099999999477,1569.2018340265377,719.1364712978352,0.016770034763298657,0.016298759811983032,4.455094015823862e-06
1327.5199999999477,1569.2018340265377,719.1394058749587,0.01667348111829598,0.01622274156106266,4.388221816859824e-06
1327.5299999999477,1569.2018340265377,719.1423404318208,0.016577378961200477,0.016147035546971396,4.3223035071436045e-06
1327.5399999999477,1569.2018340265377,719.145274968422,0.016481726805914795,0.0160716407093531,4.25732624464097e-06
1327.5499999999477,1569.2018340265377,719.1482094847623,0.016386523166677755,0.015996555990356983,4.193277348668e-06
1327.5599999999476,1569.2018340265377,719.1511439808418,0.01629176656110683,0.015921780334634063,4.130144298793758e-06
1327.5699999999476,1569.2018340265377,719.1540784566608,0.016197455508305602,0.01584731268931359,4.067914732469775e-06
1327.5799999999476,1569.2018340265377,719.1570129122197,0.016103588528760624,0.015773152004031427,4.006576443178841e-06
1327.5899999999476,1569.2018340265377,719.1599473475186,0.016010164145911363,0.01569929723091213,3.946117378992965e-06
1327.5999999999476,1569.2018340265377,719.1628817625576,0.01591718088405862,0.015625747324582676,3.8865256402512145e-06
1327.6099999999476,1569.2018340265377,719.1658161573368,0.015824637270134747,0.015552501242160286,3.8277894782067795e-06
1327.6199999999476,1569.2018340265377,719.168750531857,0.015732531833588675,0.015479557943240558,3.7698972932175815e-06
1327.6299999999476,1569.2018340265377,719.1716848861178,0.015640863104563568,0.015406916389933543,3.712837632575755e-06
1327.6399999999476,1569.2018340265377,719.1746192201196,0.0155496296160747,0.015334575546826216,3.656599189284823e-06
1327.6499999999476,1569.2018340265377,719.1775535338625,0.015458829903247888,0.01526253438100141,3.6011708001693387e-06
1327.6599999999476,1569.2018340265377,719.180487827347,0.015368462502591176,0.015190791862023214,3.5465414440045967e-06
1327.6699999999475,1569.2018340265377,719.1834221005731,0.015278525953066575,0.015119346961952643,3.492700240100006e-06
1327.6799999999475,1569.2018340265377,719.186356353541,0.015189018795676981,0.015048198655341363,3.4396364465397933e-06
1327.6899999999475,1569.2018340265377,719.1892905862509,0.015099939572751391,0.01497734591921963,3.3873394583768737e-06
1327.6999999999475,1569.2018340265377,719.1922247987033,0.015011286830129474,0.014906787733101053,3.3357988065056744e-06
1327.7099999999475,1569.2018340265377,719.195158990898,0.014923059114784094,0.014836523078998054,3.285004155525246e-06
1327.7199999999475,1569.2018340265377,719.1980931628354,0.01483525497576358,0.014766550941396197,3.2349453023551647e-06
1327.7299999999475,1569.2018340265377,719.2010273145157,0.014747872963701766,0.014696870307269619,3.185612174565951e-06
1327.7399999999475,1569.2018340265377,719.2039614459392,0.014660911633162684,0.014627480166069136,3.1369948293268962e-06
1327.7499999999475,1569.2018340265377,719.2068955571061,0.014574369538976228,0.014558379509726719,3.089083451075912e-06
1327.7599999999475,1569.2018340265377,719.2098296480162,0.014488245238402715,0.014489567332670285,3.041868350478544e-06
1327.7699999999475,1569.2018340265377,719.2127637186703,0.014402537291631955,0.01442104263177988,2.995339963006222e-06
1327.7799999999474,1569.2018340265377,719.2156977690684,0.014317244260378862,0.014352804406432006,2.949488847170366e-06
1327.7899999999474,1569.2018340265377,719.2186317992105,0.01423236470870628,0.014284851658476993,2.9043056832154376e-06
1327.7999999999474,1569.2018340265377,719.221565809097,0.014147897202327625,0.014217183392235256,2.8597812715193147e-06
1327.8099999999474,1569.2018340265377,719.224499798728,0.014063840309909967,0.014149798614509271,2.8159065314245233e-06
1327.8199999999474,1569.2018340265377,719.2274337681039,0.013980192601895697,0.014082696334561294,2.7726724995643726e-06
1327.8299999999474,1569.2018340265377,719.2303677172249,0.013896952650996452,0.014015875564135707,2.7300703285646528e-06
1327.8399999999474,1569.2018340265377,719.2333016460908,0.013814119031630143,0.0139493353174549,2.68809128553876e-06
1327.8499999999474,1569.2018340265377,719.2362355547023,0.013731690320990671,0.01388307461118963,2.646726750909456e-06
1327.8599999999474,1569.2018340265377,719.2391694430594,0.013649665098671571,0.013817092464491155,2.6059682169818954e-06
1327.8699999999474,1569.2018340265377,719.2421033111625,0.013568041945695894,0.013751387898971967,2.5658072864036447e-06
1327.8799999999474,1569.2018340265377,719.2450371590114,0.013486819445517398,0.013685959938722089,2.5262356710329216e-06
1327.8899999999473,1569.2018340265377,719.2479709866066,0.013405996184665599,0.013620807610279647,2.4872451907274974e-06
1327.8999999999473,1569.2018340265377,719.2509047939484,0.013325570750960102,0.01355592994264491,2.4488277717111407e-06
1327.9099999999473,1569.2018340265377,719.2538385810369,0.013245541734840596,0.013491325967288668,2.4109754455381544e-06
1327.9199999999473,1569.2018340265377,719.2567723478721,0.013165907728354317,0.013426994718140604,2.373680347628572e-06
1327.9299999999473,1569.2018340265377,719.2597060944545,0.013086667327022478,0.013362935231577909,2.3369347163424725e-06
1327.9399999999473,1569.2018340265377,719.2626398207841,0.013007819128070633,0.013299146546441066,2.300730891415651e-06
1327.9499999999473,1569.2018340265377,719.2655735268614,0.012929361730456043,0.01323562770401755,2.265061312730807e-06
1327.9599999999473,1569.2018340265377,719.2685072126864,0.012851293736070007,0.013172377748059759,2.2299185193178783e-06
1327.9699999999473,1569.2018340265377,719.2714408782591,0.012773613749088437,0.0131093957247638,2.19529514802417e-06
1327.9799999999473,1569.2018340265377,719.2743745235801,0.012696320375908201,0.013046680682770265,2.161183932311932e-06
1327.9899999999473,1569.2018340265377,719.2773081486495,0.012619412224508188,0.012984231673177225,2.127577700976875e-06
1327.9999999999472,1569.2018340265377,719.2802417534674,0.012542887906540932,0.012922047749521494,2.094469377331431e-06
1328.0099999999472,1569.2018340265377,719.2831753380341,0.012466746034908171,0.012860127967788957,2.0618519776437034e-06
1328.0199999999472,1569.2018340265377,719.2861089023497,0.012390985225468965,0.012798471386405594,2.029718610283238e-06
1328.0299999999472,1569.2018340265377,719.2890424464147,0.012315604096334816,0.012737077066235756,1.9980624744742804e-06
1328.0399999999472,1569.2018340265377,719.2919759702288,0.012240601266998058,0.012675944070592242,1.966876859045315e-06
1328.0499999999472,1569.2018340265377,719.2949094737927,0.012165975360894248,0.012615071465210672,1.9361551417345135e-06
1328.0599999999472,1569.2018340265377,719.2978429571065,0.012091725002767523,0.012554458318271426,1.9058907876797448e-06
1328.0699999999472,1569.2018340265377,719.3007764201702,0.012017848820083464,0.012494103700388271,1.876077348566512e-06
1328.0799999999472,1569.2018340265377,719.3037098629842,0.01194434544234525,0.012434006684604005,1.8467084614532729e-06
1328.0899999999472,1569.2018340265377,719.3066432855485,0.01187121350196238,0.012374166346393371,1.817777847854921e-06
1328.0999999999472,1569.2018340265377,719.3095766878636,0.011798451633814348,0.012314581763651692,1.789279312628329e-06
1328.1099999999471,1569.2018340265377,719.3125100699297,0.011726058474165236,0.012255252016704674,1.761206742782429e-06
1328.1199999999471,1569.2018340265377,719.3154434317465,0.011654032662797407,0.01219617618831079,1.7335541067859358e-06
1328.1299999999471,1569.2018340265377,719.3183767733149,0.011582372841475903,0.012137353363631781,1.7063154533185366e-06
1328.1399999999471,1569.2018340265377,719.3213100946348,0.011511077654398433,0.012078782630260472,1.6794849103530023e-06
1328.149999999947,1569.2018340265377,719.3242433957063,0.011440145748270606,0.012020463078209484,1.653056684179317e-06
1328.159999999947,1569.2018340265377,719.3271766765297,0.011369575771739625,0.011962393799900056,1.6270250583478225e-06
1328.169999999947,1569.2018340265377,719.3301099371051,0.01129936637689485,0.011904573890171322,1.60138439292679e-06
1328.179999999947,1569.2018340265377,719.3330431774332,0.01122951621744497,0.01184700244626469,1.5761291232853166e-06
1328.189999999947,1569.2018340265377,719.3359763975137,0.011160023949564358,0.011789678567844112,1.5512537592828327e-06
1328.199999999947,1569.2018340265377,719.3389095973467,0.011090888232705069,0.011732601356978116,1.5267528844473574e-06
1328.209999999947,1569.2018340265377,719.3418427769329,0.011022107727815434,0.011675769918126723,1.5026211548059325e-06
1328.219999999947,1569.2018340265377,719.3447759362723,0.01095368109921446,0.011619183358165738,1.478853298243139e-06
1328.229999999947,1569.2018340265377,719.3477090753651,0.01088560701257104,0.0115628407863669,1.4554441133228393e-06
1328.239999999947,1569.2018340265377,719.3506421942113,0.010817884137024822,0.011506741314402083,1.4323884686908101e-06
1328.249999999947,1569.2018340265377,719.3535752928113,0.010750511144040744,0.01145088405633679,1.4096813020400528e-06
1328.259999999947,1569.2018340265377,719.3565083711657,0.010683486707118554,0.011395268128623527,1.3873176192062162e-06
1328.269999999947,1569.2018340265377,719.359441429274,0.01061680950305478,0.011339892650121093,1.3652924934811722e-06
1328.279999999947,1569.2018340265377,719.3623744671368,0.010550478210221604,0.011284756742068417,1.3436010645359234e-06
1328.289999999947,1569.2018340265377,719.3653074847541,0.010484491510379272,0.011229859528088785,1.3222385378194103e-06
1328.299999999947,1569.2018340265377,719.3682404821265,0.010418848087192102,0.011175200134189638,1.301200183540741e-06
1328.309999999947,1569.2018340265377,719.3711734592539,0.01035354662732691,0.011120777688764372,1.280481335991806e-06
1328.319999999947,1569.2018340265377,719.3741064161366,0.010288585819606798,0.011066591322585613,1.260077392631216e-06
1328.329999999947,1569.2018340265377,719.3770393527745,0.010223964355258575,0.011012640168802847,1.2399838133174777e-06
1328.339999999947,1569.2018340265377,719.3799722691684,0.010159680929347372,0.010958923362931567,1.2201961196903725e-06
1328.349999999947,1569.2018340265377,719.3829051653181,0.010095734237532811,0.010905440042871757,1.2007098940016395e-06
1328.359999999947,1569.2018340265377,719.3858380412239,0.010032122979479698,0.010852189348884487,1.181520778751847e-06
1328.369999999947,1569.2018340265377,719.388770896886,0.009968845856673896,0.01079917042360185,1.1626244756674743e-06
1328.379999999947,1569.2018340265377,719.3917037323047,0.009905901574070166,0.010746382412014217,1.1440167451396108e-06
1328.389999999947,1569.2018340265377,719.3946365474801,0.009843288838320308,0.010693824461481984,1.1256934052744552e-06
1328.3999999999469,1569.2018340265377,719.3975693424123,0.009781006358740015,0.010641495721722712,1.1076503312693994e-06
1328.4099999999469,1569.2018340265377,719.4005021171018,0.009719052847685627,0.010589395344804601,1.0898834547264953e-06
1328.4199999999469,1569.2018340265377,719.4034348715488,0.009657427019963227,0.010537522485153956,1.072388762867469e-06
1328.4299999999469,1569.2018340265377,719.4063676057533,0.009596127593058779,0.010485876299552577,1.0551622978492488e-06
1328.4399999999468,1569.2018340265377,719.4093003197155,0.009535153286425773,0.010434455947127018,1.0382001559821287e-06
1328.4499999999468,1569.2018340265377,719.4122330134356,0.00947450282299912,0.010383260589349977,1.02149848720332e-06
1328.4599999999468,1569.2018340265377,719.4151656869141,0.009414174928188489,0.01033228939003563,1.0050534942787028e-06
1328.4699999999468,1569.2018340265377,719.418098340151,0.009354168329467368,0.010281541515340952,9.888614320832875e-07
1328.4799999999468,1569.2018340265377,719.4210309731465,0.00929448175743919,0.010231016133764852,9.729186070464073e-07
1328.4899999999468,1569.2018340265377,719.4239635859007,0.009235113945275064,0.010180712416137635,9.572213764275703e-07
1328.4999999999468,1569.2018340265377,719.4268961784142,0.009176063628722551,0.010130629535616352,9.417661476634915e-07
1328.5099999999468,1569.2018340265377,719.4298287506867,0.009117329546178018,0.010080766667701442,9.265493777332363e-07
1328.5199999999468,1569.2018340265377,719.4327613027189,0.009058910438627051,0.010031122990208755,9.115675725089855e-07
1328.5299999999468,1569.2018340265377,719.4356938345104,0.009000805049647585,0.009981697683287941,8.968172861296666e-07
1328.5399999999468,1569.2018340265377,719.4386263460622,0.008943012125962057,0.009932489929394755,8.822951204278041e-07
1328.5499999999467,1569.2018340265377,719.4415588373739,0.008885530416613557,0.009883498913320713,8.679977242365526e-07
1328.5599999999467,1569.2018340265377,719.4444913084459,0.008828358673130783,0.00983472382216537,8.539217927942065e-07
1328.5699999999467,1569.2018340265377,719.4474237592784,0.008771495650050927,0.009786163845339266,8.400640671948538e-07
1328.5799999999467,1569.2018340265377,719.4503561898716,0.008714940104396897,0.00973781817456665,8.264213337439881e-07
1328.5899999999467,1569.2018340265377,719.453288600226,0.008658690796348775,0.009689686003873205,8.129904234337771e-07
1328.5999999999467,1569.2018340265377,719.4562209903412,0.008602746487526023,0.009641766529599966,7.997682112039643e-07
1328.6099999999467,1569.2018340265377,719.4591533602178,0.008547105943759166,0.009594058950377937,7.86751615625881e-07
1328.6199999999467,1569.2018340265377,719.4620857098561,0.008491767933186,0.009546562467138291,7.739375981579837e-07
1328.6299999999467,1569.2018340265377,719.4650180392562,0.008436731225682911,0.009499276283111195,7.613231625372071e-07
1328.6399999999467,1569.2018340265377,719.4679503484181,0.008381994595127853,0.009452199603820871,7.489053544324491e-07
1328.6499999999467,1569.2018340265377,719.4708826373421,0.008327556817221013,0.00940533163707539,7.366812606988281e-07
1328.6599999999466,1569.2018340265377,719.4738149060287,0.008273416670891232,0.009358671592969131,7.246480089662667e-07
1328.6699999999466,1569.2018340265377,719.476747154478,0.008219572937603703,0.009312218683881575,7.128027670445505e-07
1328.6799999999466,1569.2018340265377,719.4796793826899,0.008166024401369848,0.009265972124475986,7.011427423987414e-07
1328.6899999999466,1569.2018340265377,719.4826115906649,0.008112769849492735,0.00921993113168922,6.896651816920861e-07
1328.6999999999466,1569.2018340265377,719.4855437784032,0.00805980807114794,0.009174094924728619,6.783673701503954e-07
1328.7099999999466,1569.2018340265377,719.4884759459048,0.008007137859244565,0.009128462725081485,6.672466312150275e-07
1328.7199999999466,1569.2018340265377,719.4914080931702,0.007954758008759577,0.009083033756494082,6.56300325897221e-07
1328.7299999999466,1569.2018340265377,719.4943402201993,0.007902667317418755,0.00903780724498456,6.45525852343552e-07
1328.7399999999466,1569.2018340265377,719.4972723269926,0.0078508645864401,0.008992782418825694,6.349206454046745e-07
1328.7499999999466,1569.2018340265377,719.5002044135503,0.007799348618642759,0.00894795850855403,6.244821759993359e-07
1328.7599999999466,1569.2018340265377,719.5031364798722,0.007748118220461962,0.008903334746963122,6.142079508007519e-07
1328.7699999999465,1569.2018340265377,719.5060685259589,0.007697172201092834,0.008858910369091828,6.040955116931846e-07
1328.7799999999465,1569.2018340265377,719.5090005518107,0.007646509372261242,0.008814684612229728,5.941424352895249e-07
1328.7899999999465,1569.2018340265377,719.5119325574275,0.007596128548056236,0.008770656715919022,5.843463324598442e-07
1328.7999999999465,1569.2018340265377,719.5148645428095,0.0075460285459948324,0.00872682592193933,5.747048479579001e-07
1328.8099999999465,1569.2018340265377,719.5177965079572,0.0074962081860270304,0.008683191474306223,5.652156598949278e-07
1328.8199999999465,1569.2018340265377,719.5207284528706,0.00744666629152222,0.008639752619278145,5.558764793724898e-07
1328.8299999999465,1569.2018340265377,719.52366037755,0.007397401687710717,0.008596508605341311,5.466850499253803e-07
1328.8399999999465,1569.2018340265377,719.5265922819954,0.007348413202852081,0.008553458683216553,5.376391471792734e-07
1328.8499999999465,1569.2018340265377,719.5295241662072,0.00729969966829033,0.008510602105844247,5.287365784250526e-07
1328.8599999999465,1569.2018340265377,719.5324560301858,0.007251259918677319,0.008467938128391196,5.19975182213067e-07
1328.8699999999465,1569.2018340265377,719.5353878739311,0.007203092790100996,0.00842546600824713,5.113528278016011e-07
1328.8799999999464,1569.2018340265377,719.5383196974434,0.00715519712242487,0.00838318500501318,5.028674149135437e-07
1328.8899999999464,1569.2018340265377,719.5412515007228,0.007107571757982431,0.008341094380508438,4.945168732367525e-07
1328.8999999999464,1569.2018340265377,719.5441832837698,0.007060215542476157,0.008299193398751892,4.862991620839089e-07
1328.9099999999464,1569.2018340265377,719.5471150465844,0.00701312732369937,0.008257481325981891,4.782122699096172e-07
1328.9199999999464,1569.2018340265377,719.5500467891667,0.006966305952433006,0.008215957430633173,4.7025421397951515e-07
1328.9299999999464,1569.2018340265377,719.5529785115172,0.006919750282504354,0.008174620983336872,4.6242303998730266e-07
1328.9399999999464,1569.2018340265377,719.5559102136359,0.006873459170503998,0.008133471256925142,4.5471682165425015e-07
1328.9499999999464,1569.2018340265377,719.5588418955232,0.006827431476013224,0.008092507526421268,4.471336603663951e-07
1328.9599999999464,1569.2018340265377,719.561773557179,0.0067816660607424185,0.008051729069041067,4.3967168474622807e-07
1328.9699999999464,1569.2018340265377,719.5647051986036,0.00673616179004806,0.008011135164181499,4.3232905038366855e-07
1328.9799999999464,1569.2018340265377,719.5676368197976,0.00669091753190301,0.007970725093420459,4.251039394051559e-07
1328.9899999999463,1569.2018340265377,719.5705684207608,0.006645932156798049,0.00793049814052271,4.179945601105176e-07
1328.9999999999463,1569.2018340265377,719.5735000014934,0.006601204538335109,0.00789045359142387,4.1099914665540237e-07
1329.0099999999463,1569.2018340265377,719.5764315619957,0.006556733552907951,0.00785059073423006,4.041159586813667e-07
1329.0199999999463,1569.2018340265377,719.5793631022681,0.006512518079912832,0.007810908859217576,3.973432809838913e-07
1329.0299999999463,1569.2018340265377,719.5822946223107,0.006468557001332941,0.007771407258827815,3.9067942314564295e-07
1329.0399999999463,1569.2018340265377,719.5852261221236,0.006424849202060069,0.007732085227665304,3.841227192199668e-07
1329.0499999999463,1569.2018340265377,719.5881576017068,0.006381393569790084,0.007692942062494081,3.776715273920461e-07
1329.0599999999463,1569.2018340265377,719.5910890610611,0.006338188995734306,0.007653977062223646,3.713242296914314e-07
1329.0699999999463,1569.2018340265377,719.5940205001863,0.006295234372947106,0.0076151895279251295,3.6507923157091837e-07
1329.0799999999463,1569.2018340265377,719.5969519190826,0.006252528597806703,0.007576578762812502,3.5893496167303866e-07
1329.0899999999463,1569.2018340265377,719.5998833177504,0.00621007056955196,0.0075381440722421655,3.52889871486719e-07
1329.0999999999462,1569.2018340265377,719.6028146961897,0.006167859190586296,0.007499884763713795,3.4694243505283e-07
1329.1099999999462,1569.2018340265377,719.605746054401,0.0061258933656344345,0.007461800146860829,3.410911486078122e-07
1329.1199999999462,1569.2018340265377,719.6086773923842,0.006084172002592735,0.007423889533455733,3.3533453032881644e-07
1329.1299999999462,1569.2018340265377,719.6116087101396,0.006042694012127146,0.007386152237391661,3.2967112000932896e-07
1329.1399999999462,1569.2018340265377,719.6145400076676,0.00600145830807453,0.007348587574693584,3.2409947878606257e-07
1329.1499999999462,1569.2018340265377,719.6174712849682,0.005960463806849874,0.007311194863508724,3.186181888132644e-07
1329.1599999999462,1569.2018340265377,719.6204025420417,0.0059197094275650055,0.007273973424101537,3.1322585298079167e-07
1329.1699999999462,1569.2018340265377,719.6233337788881,0.0058791940926357054,0.00723692257885291,3.079210946614241e-07
1329.1799999999462,1569.2018340265377,719.626264995508,0.0058389167271250195,0.007200041652249374,3.027025573934973e-07
1329.1899999999462,1569.2018340265377,719.6291961919013,0.005798876259170086,0.007163329970893771,2.975689046266818e-07
1329.1999999999462,1569.2018340265377,719.6321273680683,0.005759071619276071,0.007126786863488673,2.9251881941010686e-07
1329.2099999999461,1569.2018340265377,719.6350585240092,0.005719501741676268,0.007090411660835604,2.875510041914506e-07
1329.2199999999461,1569.2018340265377,719.6379896597243,0.005680165562982509,0.007054203695834211,2.8266418048042866e-07
1329.2299999999461,1569.2018340265377,719.6409207752138,0.005641062022418131,0.007018162303478486,2.778570885975956e-07
1329.2399999999461,1569.2018340265377,719.6438518704776,0.005602190062654976,0.006982286820851704,2.731284874551558e-07
1329.249999999946,1569.2018340265377,719.6467829455162,0.005563548629162324,0.006946576587121276,2.6847715426680863e-07
1329.259999999946,1569.2018340265377,719.6497140003299,0.005525136669898609,0.0069110309435323515,2.6390188427916584e-07
1329.269999999946,1569.2018340265377,719.6526450349189,0.005486953136350122,0.006875649233415076,2.5940149057206965e-07
1329.279999999946,1569.2018340265377,719.655576049283,0.005448996982006416,0.006840430802175321,2.549748037378768e-07
1329.289999999946,1569.2018340265377,719.6585070434227,0.005411267164194725,0.006805374997282693,2.506206717237701e-07
1329.299999999946,1569.2018340265377,719.6614380173384,0.0053737626428261845,0.006770481168273758,2.463379595315443e-07
1329.309999999946,1569.2018340265377,719.6643689710301,0.0053364823804100585,0.006735748666753563,2.4212554898148557e-07
1329.319999999946,1569.2018340265377,719.6672999044978,0.005299425342664112,0.006701176846386493,2.3798233850526765e-07
1329.329999999946,1569.2018340265377,719.670230817742,0.005262590497864613,0.006666765062887086,2.339072428842009e-07
1329.339999999946,1569.2018340265377,719.6731617107629,0.005225976818186352,0.006632512674024364,2.2989919308080588e-07
1329.349999999946,1569.2018340265377,719.6760925835606,0.005189583277247012,0.0065984190396166245,2.2595713590375861e-07
1329.359999999946,1569.2018340265377,719.6790234361354,0.0051534088527276,0.006564483521525037,2.220800339011021e-07
1329.369999999946,1569.2018340265377,719.6819542684874,0.00511745252432796,0.006530705483651103,2.1826686505062257e-07
1329.379999999946,1569.2018340265377,719.6848850806169,0.0050817132757125325,0.006497084291932901,2.1451662262690597e-07
1329.389999999946,1569.2018340265377,719.6878158725242,0.005046190092610241,0.006463619314341212,2.1082831490542617e-07
1329.399999999946,1569.2018340265377,719.6907466442093,0.0050108819639594,0.0064303099208770234,2.0720096500040457e-07
1329.409999999946,1569.2018340265377,719.6936773956724,0.004975787881280508,0.006397155483566319,2.0363361062976584e-07
1329.419999999946,1569.2018340265377,719.696608126914,0.004940906839867146,0.006364155376449934,2.001253039577716e-07
1329.429999999946,1569.2018340265377,719.699538837934,0.004906237836942105,0.006331308975597566,1.966751113172359e-07
1329.439999999946,1569.2018340265377,719.7024695287328,0.004871779873176511,0.00629861565908345,1.9328211307002467e-07
1329.449999999946,1569.2018340265377,719.7054001993105,0.004837531951912517,0.00626607480699401,1.8994540337827068e-07
1329.459999999946,1569.2018340265377,719.7083308496673,0.004803493079806652,0.0062336858014227165,1.866640900345068e-07
1329.469999999946,1569.2018340265377,719.7112614798036,0.004769662265954208,0.006201448026461127,1.8343729423417656e-07
1329.479999999946,1569.2018340265377,719.7141920897193,0.004736038522563995,0.006169360868206331,1.8026415041279147e-07
1329.489999999946,1569.2018340265377,719.7171226794147,0.004702620864765364,0.006137423714742006,1.7714380604972425e-07
1329.4999999999459,1569.2018340265377,719.7200532488904,0.004669408310872071,0.006105635956142084,1.7407542149333356e-07
1329.5099999999459,1569.2018340265377,719.7229837981462,0.0046363998816500275,0.00607399698447299,1.710581697510689e-07
1329.5199999999459,1569.2018340265377,719.7259143271822,0.004603594600822526,0.006042506193781037,1.6809123632802344e-07
1329.5299999999459,1569.2018340265377,719.7288448359989,0.004570991495381479,0.0060111629800873615,1.6517381906015056e-07
1329.5399999999458,1569.2018340265377,719.7317753245965,0.004538589595191501,0.005979966741390146,1.6230512792426042e-07
1329.5499999999458,1569.2018340265377,719.7347057929752,0.004506387932542698,0.0059489168776581955,1.594843848489474e-07
1329.5599999999458,1569.2018340265377,719.737636241135,0.004474385543141381,0.0059180127908306235,1.5671082357950262e-07
1329.5699999999458,1569.2018340265377,719.7405666690762,0.0044425814655306645,0.005887253884803301,1.539836894877912e-07
1329.5799999999458,1569.2018340265377,719.7434970767993,0.004410974741061176,0.005856639565432134,1.5130223940543413e-07
1329.5899999999458,1569.2018340265377,719.746427464304,0.004379564414188632,0.005826169240532684,1.4866574147015157e-07
1329.5999999999458,1569.2018340265377,719.7493578315909,0.004348349531768992,0.005795842319865474,1.46073474939258e-07
1329.6099999999458,1569.2018340265377,719.75228817866,0.004317329144350209,0.00576565821514273,1.4352473007429377e-07
1329.6199999999458,1569.2018340265377,719.7552185055117,0.004286502304810875,0.005735616340014991,1.4101880793677973e-07
1329.6299999999458,1569.2018340265377,719.7581488121463,0.004255868069169777,0.005705716110074179,1.3855502026043386e-07
1329.6399999999458,1569.2018340265377,719.7610790985634,0.004225425496322217,0.005675956942851898,1.3613268928896783e-07
1329.6499999999457,1569.2018340265377,719.7640093647639,0.004195173647980517,0.005646338257801566,1.3375114762222577e-07
1329.6599999999457,1569.2018340265377,719.7669396107476,0.0041651115891938135,0.00561685947631067,1.3140973808421182e-07
1329.6699999999457,1569.2018340265377,719.769869836515,0.004135238387400195,0.00558752002168632,1.2910781354498574e-07
1329.6799999999457,1569.2018340265377,719.772800042066,0.004105553112924289,0.00555831931915818,1.26844736791905e-07
1329.6899999999457,1569.2018340265377,719.7757302274009,0.004076054839769933,0.00552925679586877,1.246198804102703e-07
1329.6999999999457,1569.2018340265377,719.7786603925201,0.004046742643989716,0.0055003318808694475,1.2243262659135117e-07
1329.7099999999457,1569.2018340265377,719.7815905374237,0.0040176156051359505,0.005471544005123231,1.2028236703800579e-07
1329.7199999999457,1569.2018340265377,719.7845206621118,0.00398867280519931,0.005442892601492881,1.1816850279433396e-07
1329.7299999999457,1569.2018340265377,719.7874507665847,0.003959913329356098,0.005414377104743553,1.1609044413286798e-07
1329.7399999999457,1569.2018340265377,719.7903808508427,0.003931336265965275,0.005385996951531094,1.1404761041981508e-07
1329.7499999999457,1569.2018340265377,719.793310914886,0.0039029407056260807,0.005357751580404598,1.1203942995579164e-07
1329.7599999999456,1569.2018340265377,719.7962409587145,0.0038747257424852147,0.005329640431803489,1.1006533988371756e-07
1329.7699999999456,1569.2018340265377,719.7991709823286,0.0038466904731682045,0.005301662948045779,1.0812478602897775e-07
1329.7799999999456,1569.2018340265377,719.8021009857288,0.0038188339975737382,0.005273818573327417,1.0621722279553842e-07
1329.7899999999456,1569.2018340265377,719.8050309689149,0.0037911554181173476,0.0052461067537236,1.043421130197738e-07
1329.7999999999456,1569.2018340265377,719.8079609318872,0.003763653840320682,0.005218526937179331,1.0249892786353227e-07
1329.8099999999456,1569.2018340265377,719.8108908746461,0.0037363283727724125,0.005191078573503251,1.0068714669107144e-07
1329.8199999999456,1569.2018340265377,719.8138207971916,0.003709178126835913,0.005163761114371083,9.890625694135388e-08
1329.8299999999456,1569.2018340265377,719.8167506995242,0.003682202216531394,0.00513657401331305,9.715575400645899e-08
1329.8399999999456,1569.2018340265377,719.8196805816435,0.003655399759224427,0.005109516725720418,9.54351411336001e-08
1329.8499999999456,1569.2018340265377,719.8226104435504,0.0036287698748068893,0.005082588708826683,9.37439292876868e-08
1329.8599999999456,1569.2018340265377,719.8255402852449,0.003602311686325044,0.00505578942171718,9.208163705489096e-08
1329.8699999999455,1569.2018340265377,719.8284701067269,0.003576024319630083,0.005029118325321839,9.044779052137491e-08
1329.8799999999455,1569.2018340265377,719.8313999079969,0.003549906903536263,0.005002574882402814,8.884192316666029e-08
1329.8899999999455,1569.2018340265377,719.8343296890549,0.003523958569541654,0.004976158557562872,8.726357574818309e-08
1329.8999999999455,1569.2018340265377,719.8372594499016,0.0034981784524394477,0.004949868817227908,8.571229620868201e-08
1329.9099999999455,1569.2018340265377,719.8401891905366,0.003472565689431024,0.004923705129658247,8.418763954881021e-08
1329.9199999999455,1569.2018340265377,719.8431189109605,0.003447119420950057,0.004897666964931279,8.268916774262355e-08
1329.9299999999455,1569.2018340265377,719.8460486111732,0.0034218387902013258,0.004871753794944545,8.121644962345317e-08
1329.9399999999455,1569.2018340265377,719.8489782911753,0.0033967229435153366,0.004845965093405556,7.976906079061414e-08
1329.9499999999455,1569.2018340265377,719.8519079509667,0.0033717710297044403,0.00482030033583781,7.834658349433054e-08
1329.9599999999455,1569.2018340265377,719.8548375905477,0.0033469822007018302,0.004794758999567626,7.694860655186058e-08
1329.9699999999455,1569.2018340265377,719.8577672099185,0.0033223556113332157,0.004769340563723082,7.55747252447235e-08
1329.9799999999454,1569.2018340265377,719.8606968090794,0.003297890419391107,0.00474404450922897,7.422454122429753e-08
1329.9899999999454,1569.2018340265377,719.8636263880306,0.0032735857853231627,0.004718870318804659,7.289766241014612e-08
1329.9999999999454,1569.2018340265377,719.866555946772,0.003249440872577162,0.004693817476962879,7.159370290459849e-08
1330.0099999999454,1569.2018340265377,719.8694854853043,0.003225454847452249,0.004668885469993026,7.031228289690489e-08
1330.0199999999454,1569.2018340265377,719.8724150036273,0.0032016268792398037,0.004644073785973558,6.90530285760291e-08
1330.0299999999454,1569.2018340265377,719.8753445017416,0.0031779561400505025,0.004619381914756263,6.78155720369544e-08
1330.0399999999454,1569.2018340265377,719.8782739796469,0.0031544418047614706,0.004594809347968915,6.659955119157631e-08
1330.0499999999454,1569.2018340265377,719.8812034373437,0.003131083051260357,0.0045703555790054156,6.540460968672849e-08
1330.0599999999454,1569.2018340265377,719.8841328748324,0.0031078790602530994,0.004546020103024585,6.42303968143404e-08
1330.0699999999454,1569.2018340265377,719.8870622921129,0.0030848290153138013,0.004521802416948871,6.307656742799812e-08
1330.0799999999454,1569.2018340265377,719.8899916891855,0.0030619321029393886,0.004497702019454594,6.19427818604842e-08
1330.0899999999453,1569.2018340265377,719.8929210660505,0.003039187512358658,0.004473718410972525,6.082870583779676e-08
1330.0999999999453,1569.2018340265377,719.895850422708,0.003016594435769773,0.004449851093680043,5.973401040281942e-08
1330.1099999999453,1569.2018340265377,719.8987797591583,0.00299415206826291,0.00442609957150078,5.8658371833866565e-08
1330.1199999999453,1569.2018340265377,719.9017090754015,0.002971859607702718,0.004402463350097665,5.7601471563496704e-08
1330.1299999999453,1569.2018340265377,719.9046383714377,0.002949716254713881,0.004378941936871634,5.656299610071383e-08
1330.1399999999453,1569.2018340265377,719.9075676472676,0.0029277212131876306,0.004355534840950158,5.554263696389901e-08
1330.1499999999453,1569.2018340265377,719.9104969028908,0.0029058736894559344,0.004332241573195936,5.4540090589723105e-08
1330.1599999999453,1569.2018340265377,719.913426138308,0.002884172892700683,0.00430906164619002,5.355505826640526e-08
1330.1699999999453,1569.2018340265377,719.9163553535191,0.0028626180352366104,0.004285994574235878,5.2587246065745386e-08
1330.1799999999453,1569.2018340265377,719.9192845485244,0.0028412083320677917,0.0042630398733516615,5.1636364762360937e-08
1330.1899999999453,1569.2018340265377,719.9222137233241,0.0028199430009966647,0.004240197061266983,5.070212976452521e-08
1330.1999999999452,1569.2018340265377,719.9251428779185,0.0027988212627136516,0.0042174656574196934,4.978426104554153e-08
1330.2099999999452,1569.2018340265377,719.9280720123076,0.002777842340799378,0.004194845182949995,4.888248307441222e-08
1330.2199999999452,1569.2018340265377,719.9310011264919,0.0027570054616688857,0.00417233516069546,4.7996524746507114e-08
1330.2299999999452,1569.2018340265377,719.9339302204714,0.0027363098544027535,0.004149935115192163,4.712611931346228e-08
1330.2399999999452,1569.2018340265377,719.9368592942463,0.002715754751106761,0.004127644572666196,4.6271004323006346e-08
1330.2499999999452,1569.2018340265377,719.9397883478168,0.0026953393866433403,0.004105463061029523,4.5430921548851015e-08
1330.2599999999452,1569.2018340265377,719.9427173811835,0.0026750629987941574,0.004083390109874216,4.460561692896683e-08
1330.2699999999452,1569.2018340265377,719.9456463943461,0.002654924827835112,0.004061425250476026,4.3794840495116524e-08
1330.2799999999452,1569.2018340265377,719.9485753873049,0.0026349241173131113,0.0040395680157833845,4.299834632304094e-08
1330.2899999999452,1569.2018340265377,719.9515043600603,0.002615060113331558,0.004017817940412488,4.221589245878228e-08
1330.2999999999452,1569.2018340265377,719.9544333126125,0.002595332064902231,0.003996174560647435,4.144724086378549e-08
1330.3099999999451,1569.2018340265377,719.9573622449616,0.0025757392237144433,0.00397463741443605,4.0692157351203086e-08
1330.3199999999451,1569.2018340265377,719.9602911571077,0.002556280844333901,0.00395320604138243,3.995041152994939e-08
1330.3299999999451,1569.2018340265377,719.9632200490512,0.0025369561842970654,0.00393187998274369,3.9221776747875294e-08
1330.3399999999451,1569.2018340265377,719.9661489207923,0.002517764503756747,0.0039106587814274965,3.850603002884044e-08
1330.349999999945,1569.2018340265377,719.9690777723313,0.002498705065695314,0.0038895419819871355,3.7802952019504974e-08
1330.359999999945,1569.2018340265377,719.972006603668,0.0024797771359120688,0.003868529130619843,3.7112326933408735e-08
1330.369999999945,1569.2018340265377,719.974935414803,0.002460979983070356,0.0038476197751552855,3.643394249656354e-08
1330.379999999945,1569.2018340265377,719.9778642057363,0.002442312878492604,0.003826813465060524,3.5767589890423233e-08
1330.389999999945,1569.2018340265377,719.9807929764684,0.0024237750963804054,0.0038061097514285303,3.511306370167458e-08
1330.399999999945,1569.2018340265377,719.9837217269992,0.002405365913675014,0.003785508186980524,3.447016186770129e-08
1330.409999999945,1569.2018340265377,719.9866504573289,0.0023870846101690197,0.0037650083260578515,3.3838685626306304e-08
1330.419999999945,1569.2018340265377,719.989579167458,0.002368930468389203,0.003744609724615523,3.32184394629093e-08
1330.429999999945,1569.2018340265377,719.9925078573865,0.0023509027736387292,0.003724311940225988,3.260923106098765e-08
1330.439999999945,1569.2018340265377,719.9954365271145,0.002333000814061773,0.003704114532067971,3.201087125324923e-08
1330.449999999945,1569.2018340265377,719.9983651766426,0.0023152238802759875,0.003684017060923112,3.1423173967747386e-08
1330.459999999945,1569.2018340265377,720.0012938059706,0.0022975712662706817,0.003664019089176588,3.0845956192092557e-08
1330.469999999945,1569.2018340265377,720.004222415099,0.0022800422681370173,0.0036441201808075237,3.027903790860945e-08
1330.479999999945,1569.2018340265377,720.0071510040276,0.0022626361850965806,0.00362431990139034,2.9722242061675722e-08
1330.489999999945,1569.2018340265377,720.010079572757,0.002245352319027512,0.0036046178180829014,2.9175394505107407e-08
1330.499999999945,1569.2018340265377,720.0130081212875,0.0022281899747026886,0.0035850134996294153,2.8638323960025083e-08
1330.509999999945,1569.2018340265377,720.015936649619,0.002211148459442533,0.0035655065163554722,2.811086196560848e-08
1330.519999999945,1569.2018340265377,720.0188651577517,0.002194227083354486,0.0035460964401609514,2.759284283814298e-08
1330.529999999945,1569.2018340265377,720.021793645686,0.002177425159372164,0.003526782844517418,2.7084103628093267e-08
1330.539999999945,1569.2018340265377,720.0247221134221,0.0021607420032045527,0.0035075653044633203,2.6584484076641924e-08
1330.549999999945,1569.2018340265377,720.0276505609602,0.002144176933141672,0.003488443396601363,2.6093826571186347e-08
1330.559999999945,1569.2018340265377,720.0305789883001,0.0021277292702847487,0.003469416699096647,2.56119761067307e-08
1330.569999999945,1569.2018340265377,720.0335073954426,0.0021113983384256165,0.003450484791663674,2.5138780243364233e-08
1330.579999999945,1569.2018340265377,720.0364357823878,0.00209518346432904,0.003431647255571186,2.4674089069450337e-08
1330.589999999945,1569.2018340265377,720.0393641491356,0.0020790839770066048,0.003412903673637261,2.421775515329735e-08
1330.5999999999449,1569.2018340265377,720.0422924956864,0.0020630992086057387,0.0033942536302201632,2.376963351452421e-08
1330.6099999999449,1569.2018340265377,720.0452208220404,0.0020472284937803936,0.003375696711217856,2.3329581578147936e-08
1330.6199999999449,1569.2018340265377,720.0481491281979,0.002031471170062144,0.0033572325040625516,2.2897459140923734e-08
1330.6299999999449,1569.2018340265377,720.0510774141591,0.0020158265774484685,0.003338860597718738,2.247312832929087e-08
1330.6399999999448,1569.2018340265377,720.0540056799238,0.0020002940588447283,0.003320580582679087,2.2056453567560334e-08
1330.6499999999448,1569.2018340265377,720.0569339254927,0.0019848729597623156,0.0033023920509540096,2.1647301538129807e-08
1330.6599999999448,1569.2018340265377,720.0598621508658,0.0019695626284438926,0.0032842945960767952,2.12455411472732e-08
1330.6699999999448,1569.2018340265377,720.0627903560435,0.001954362415824706,0.003266287813093219,2.085104348941477e-08
1330.6799999999448,1569.2018340265377,720.0657185410257,0.0019392716755239033,0.0032483712985616436,2.046368181241077e-08
1330.6899999999448,1569.2018340265377,720.0686467058127,0.0019242897637091212,0.0032305446505454544,2.0083331481932053e-08
1330.6999999999448,1569.2018340265377,720.071574850405,0.0019094160394867812,0.00321280746860906,1.9709869951923072e-08
1330.7099999999448,1569.2018340265377,720.0745029748026,0.0018946498644298914,0.0031951593538172844,1.9343176726531764e-08
1330.7199999999448,1569.2018340265377,720.0774310790055,0.001879990602837708,0.0031775999087305506,1.8983133330192903e-08
1330.7299999999448,1569.2018340265377,720.0803591630141,0.0018654376217938997,0.003160128737395421,1.86296232759577e-08
1330.7399999999448,1569.2018340265377,720.0832872268287,0.0018509902909430763,0.0031427454453473577,1.8282532031633225e-08
1330.7499999999447,1569.2018340265377,720.0862152704495,0.00183664798248843,0.0031254496396025933,1.7941746988572845e-08
1330.7599999999447,1569.2018340265377,720.0891432938765,0.0018224100714073607,0.003108240928658125,1.760715743313638e-08
1330.7699999999447,1569.2018340265377,720.09207129711,0.0018082759353444547,0.003091118922482287,1.7278654515280877e-08
1330.7799999999447,1569.2018340265377,720.0949992801504,0.0017942449546072946,0.003074083232512803,1.695613121873512e-08
1330.7899999999447,1569.2018340265377,720.0979272429977,0.001780316512094011,0.0030571334716566275,1.663948233100517e-08
1330.7999999999447,1569.2018340265377,720.1008551856521,0.0017664899932129177,0.0030402692542800397,1.6328604413685842e-08
1330.8099999999447,1569.2018340265377,720.1037831081139,0.0017527647863153472,0.003023490196207878,1.6023395778050006e-08
1330.8199999999447,1569.2018340265377,720.1067110103834,0.0017391402820742283,0.0030067959147188524,1.5723756451228563e-08
1330.8299999999447,1569.2018340265377,720.1096388924606,0.001725615873980293,0.0029901860285421883,1.5429588153198056e-08
1330.8399999999447,1569.2018340265377,720.1125667543457,0.001712190958129689,0.0029736601578522932,1.514079426760081e-08
1330.8499999999447,1569.2018340265377,720.1154945960391,0.0016988649330455076,0.0029572179242654036,1.4857279813421646e-08
1330.8599999999446,1569.2018340265377,720.1184224175411,0.0016856372001605277,0.002940858950834287,1.4578951422872386e-08
1330.8699999999446,1569.2018340265377,720.1213502188515,0.0016725071632674134,0.0029245828620493262,1.4305717310628576e-08
1330.8799999999446,1569.2018340265377,720.1242779999708,0.0016594742288842147,0.002908389283826896,1.4037487251392371e-08
1330.8899999999446,1569.2018340265377,720.1272057608991,0.0016465378061135355,0.0028922778435110496,1.3774172553532446e-08
1330.8999999999446,1569.2018340265377,720.1301335016367,0.001633697306591843,0.0028762481698663845,1.3515686033845207e-08
1330.9099999999446,1569.2018340265377,720.1330612221838,0.001620952144693468,0.0028602998930765287,1.3261941994859527e-08
1330.9199999999446,1569.2018340265377,720.1359889225404,0.0016083017371848708,0.0028444326447389177,1.3012856197918101e-08
1330.9299999999446,1569.2018340265377,720.138916602707,0.0015957455034895517,0.002828646057858957,1.276834584169497e-08
1330.9399999999446,1569.2018340265377,720.1418442626838,0.0015832828657218166,0.0028129397668497135,1.2528329539152424e-08
1330.9499999999446,1569.2018340265377,720.1447719024708,0.001570913248407349,0.0027973134075261136,1.2292727292335753e-08
1330.9599999999446,1569.2018340265377,720.1476995220683,0.0015586360786536187,0.0027817666171003237,1.2061460471158779e-08
1330.9699999999445,1569.2018340265377,720.1506271214764,0.0015464507862456979,0.0027662990341784195,1.1834451791886012e-08
1330.9799999999445,1569.2018340265377,720.1535547006956,0.0015343568034664298,0.0027509102987557984,1.1611625293810232e-08
1330.9899999999445,1569.2018340265377,720.156482259726,0.0015223535650683722,0.0027356000522150187,1.1392906317514758e-08
1330.9999999999445,1569.2018340265377,720.1594097985675,0.0015104405084916707,0.0027203679373212167,1.117822148527906e-08
1331.0099999999445,1569.2018340265377,720.1623373172207,0.0014986170735947553,0.002705213598214611,1.0967498678113613e-08
1331.0199999999445,1569.2018340265377,720.1652648156856,0.001486882702911605,0.0026901366804124574,1.0760667017138424e-08
1331.0299999999445,1569.2018340265377,720.1681922939626,0.0014752368413573338,0.0026751368308003745,1.0557656841116793e-08
1331.0399999999445,1569.2018340265377,720.1711197520517,0.001463678936446355,0.0026602136976319273,1.0358399688138684e-08
1331.0499999999445,1569.2018340265377,720.1740471899531,0.001452208438244024,0.0026453669305217444,1.016282827558976e-08
1331.0599999999445,1569.2018340265377,720.1769746076671,0.0014408247993323653,0.002630596180441619,9.970876480569164e-09
1331.0699999999445,1569.2018340265377,720.1799020051941,0.001429527474754205,0.002615901099719443,9.782479320495714e-09
1331.0799999999444,1569.2018340265377,720.1828293825339,0.0014183159220755095,0.002601281342034112,9.59757293480256e-09
1331.0899999999444,1569.2018340265377,720.185756739687,0.0014071896013787529,0.0025867365624087577,9.416094566420171e-09
1331.0999999999444,1569.2018340265377,720.1886840766535,0.0013961479752866296,0.00257226641721082,9.237982543799987e-09
1331.1099999999444,1569.2018340265377,720.1916113934338,0.0013851905088990253,0.002557870564145285,9.063176262591097e-09
1331.1199999999444,1569.2018340265377,720.1945386900278,0.0013743166696778236,0.0025435486622541353,8.891616167330263e-09
1331.1299999999444,1569.2018340265377,720.1974659664357,0.0013635259277621431,0.0025293003719079584,8.723243736152865e-09
1331.1399999999444,1569.2018340265377,720.2003932226582,0.0013528177556793516,0.0025151253548032363,8.558001461855435e-09
1331.1499999999444,1569.2018340265377,720.2033204586951,0.0013421916283800491,0.0025010232739633336,8.395832835399276e-09
1331.1599999999444,1569.2018340265377,720.2062476745465,0.001331647023384502,0.002486993793728577,8.236682330274373e-09
1331.1699999999444,1569.2018340265377,720.2091748702129,0.0013211834205897775,0.002473036579753462,8.080495385034247e-09
1331.1799999999444,1569.2018340265377,720.2121020456945,0.001310800302436265,0.0024591512990055136,7.927218388348634e-09
1331.1899999999443,1569.2018340265377,720.2150292009914,0.001300497153768162,0.0024453376197592176,7.776798662374773e-09
1331.1999999999443,1569.2018340265377,720.2179563361035,0.0012902734617839626,0.0024315952115942694,7.629184446992577e-09
1331.2099999999443,1569.2018340265377,720.2208834510316,0.001280128716350885,0.002417923745386388,7.484324886382397e-09
1331.2199999999443,1569.2018340265377,720.2238105457757,0.0012700624095948233,0.002404322893309851,7.342170011603378e-09
1331.2299999999443,1569.2018340265377,720.2267376203358,0.0012600740360862767,0.0023907923288314687,7.202670726921221e-09
1331.2399999999443,1569.2018340265377,720.2296646747122,0.0012501630929514927,0.0023773317267051642,7.065778795876642e-09
1331.2499999999443,1569.2018340265377,720.2325917089054,0.0012403290794834707,0.002363940762968133,6.931446824755269e-09
1331.2599999999443,1569.2018340265377,720.2355187229151,0.0012305714977721921,0.002350619114940635,6.799628252083526e-09
1331.2699999999443,1569.2018340265377,720.238445716742,0.0012208898519165087,0.002337366461216435,6.670277330304679e-09
1331.2799999999443,1569.2018340265377,720.2413726903859,0.0012112836487074982,0.0023241824816656997,6.543349115989595e-09
1331.2899999999443,1569.2018340265377,720.2442996438473,0.0012017523971767385,0.002311066857423939,6.418799453866114e-09
1331.2999999999442,1569.2018340265377,720.2472265771264,0.0011922956088975434,0.002298019270893348,6.2965849652740274e-09
1331.3099999999442,1569.2018340265377,720.2501534902233,0.0011829127976432186,0.00228503940573841,6.176663033329082e-09
1331.3199999999442,1569.2018340265377,720.253080383138,0.0011736034797479036,0.002272126946880578,6.058991792037399e-09
1331.3299999999442,1569.2018340265377,720.256007255871,0.0011643671738141988,0.002259281580493473,5.943530112153732e-09
1331.3399999999442,1569.2018340265377,720.2589341084226,0.001155203400820408,0.0022465029940015725,5.830237589377355e-09
1331.3499999999442,1569.2018340265377,720.2618609407929,0.001146111684218453,0.0022337908760759304,5.7190745326440116e-09
1331.3599999999442,1569.2018340265377,720.2647877529818,0.0011370915496941956,0.0022211449166303254,5.610001950915219e-09
1331.3699999999442,1569.2018340265377,720.2677145449899,0.0011281425253552944,0.002208564806814541,5.502981542310585e-09
1331.3799999999442,1569.2018340265377,720.2706413168172,0.0011192641416804421,0.0021960502390155046,5.397975682253629e-09
1331.3899999999442,1569.2018340265377,720.2735680684642,0.0011104559314619542,0.002183600906849103,5.294947411740859e-09
1331.3999999999442,1569.2018340265377,720.2764947999307,0.0011017174298030797,0.00217121650516123,5.193860426115625e-09
1331.4099999999441,1569.2018340265377,720.279421511217,0.0010930481741617526,0.0021588967300182347,5.094679064186539e-09
1331.4199999999441,1569.2018340265377,720.2823482023236,0.0010844477043951248,0.0021466412787065434,4.9973682975569576e-09
1331.4299999999441,1569.2018340265377,720.2852748732506,0.0010759155625841294,0.0021344498497293672,4.901893719097824e-09
1331.4399999999441,1569.2018340265377,720.2882015239979,0.0010674512931658203,0.0021223221428024433,4.808221533028586e-09
1331.449999999944,1569.2018340265377,720.2911281545661,0.0010590544429103497,0.002110257858847942,4.716318544425538e-09
1331.459999999944,1569.2018340265377,720.2940547649551,0.0010507245608836924,0.0020982566999940325,4.626152148866703e-09
1331.469999999944,1569.2018340265377,720.2969813551655,0.0010424611984335825,0.0020863183695687677,4.537690322326761e-09
1331.479999999944,1569.2018340265377,720.2999079251971,0.0010342639091630906,0.00207444257209872,4.450901611205255e-09
1331.489999999944,1569.2018340265377,720.3028344750502,0.0010261322490914373,0.0020626290133028947,4.365755123296796e-09
1331.499999999944,1569.2018340265377,720.3057610047252,0.0010180657764044393,0.0020508774000890383,4.282220517155288e-09
1331.509999999944,1569.2018340265377,720.3086875142222,0.0010100640516525505,0.002039187440552668,4.200267993556994e-09
1331.519999999944,1569.2018340265377,720.3116140035413,0.0010021266375446003,0.0020275588439710723,4.1198682853745005e-09
1331.529999999944,1569.2018340265377,720.3145404726829,0.0009942530991220147,0.002015991320798695,4.0409926492110795e-09
1331.539999999944,1569.2018340265377,720.3174669216471,0.000986443003769056,0.0020044845826661783,3.963612856488524e-09
1331.549999999944,1569.2018340265377,720.3203933504342,0.0009786959210144061,0.001993038342374818,3.887701183829621e-09
1331.559999999944,1569.2018340265377,720.3233197590441,0.0009710114225992051,0.0019816523138942626,3.813230404696941e-09
1331.569999999944,1569.2018340265377,720.3262461474774,0.0009633890826168321,0.0019703262123561324,3.74017378141527e-09
1331.579999999944,1569.2018340265377,720.3291725157342,0.0009558284773967242,0.001959059754053028,3.668505056333268e-09
1331.589999999944,1569.2018340265377,720.3320988638145,0.0009483291853843807,0.0019478526564348346,3.598198443127004e-09
1331.599999999944,1569.2018340265377,720.3350251917187,0.0009408907873485411,0.0019367046381028711,3.5292286194877708e-09
1331.609999999944,1569.2018340265377,720.3379514994471,0.0009335128662676231,0.0019256154188079964,3.4615707187130562e-09
1331.619999999944,1569.2018340265377,720.3408777869997,0.0009261950073330862,0.0019145847194464874,3.395200321876886e-09
1331.629999999944,1569.2018340265377,720.3438040543768,0.000918936797876474,0.0019036122620568591,3.3300934498537357e-09
1331.639999999944,1569.2018340265377,720.3467303015786,0.0009117378274911429,0.0018926977698153396,3.26622655617886e-09
1331.649999999944,1569.2018340265377,720.3496565286052,0.0009045976880070271,0.0018818409670330863,3.203576519487646e-09
1331.659999999944,1569.2018340265377,720.3525827354572,0.0008975159733527321,0.0018710415791504719,3.1421206356787087e-09
1331.669999999944,1569.2018340265377,720.3555089221344,0.0008904922796977157,0.0018602993327376518,3.0818366112210036e-09
1331.679999999944,1569.2018340265377,720.3584350886371,0.0008835262053910799,0.0018496139554871624,3.0227025558214613e-09
1331.689999999944,1569.2018340265377,720.3613612349654,0.0008766173508866235,0.0018389851762115703,2.9646969751943864e-09
1331.6999999999439,1569.2018340265377,720.3642873611199,0.0008697653189260978,0.0018284127248394668,2.9077987648202293e-09
1331.7099999999439,1569.2018340265377,720.3672134671006,0.0008629697142982235,0.001817896332412703,2.8519872023762402e-09
1331.7199999999439,1569.2018340265377,720.3701395529074,0.0008562301439705548,0.0018074357310835696,2.7972419415511697e-09
1331.7299999999439,1569.2018340265377,720.3730656185409,0.0008495462170972195,0.0017970306541079824,2.743543005525371e-09
1331.7399999999438,1569.2018340265377,720.3759916640012,0.0008429175449348486,0.0017866808358447373,2.690870780282637e-09
1331.7499999999438,1569.2018340265377,720.3789176892886,0.0008363437409528349,0.0017763860117507501,2.639206008647005e-09
1331.7599999999438,1569.2018340265377,720.3818436944031,0.0008298244206033498,0.0017661459183798422,2.5885297833486064e-09
1331.7699999999438,1569.2018340265377,720.3847696793449,0.0008233592016092018,0.0017559602933748108,2.5388235418186023e-09
1331.7799999999438,1569.2018340265377,720.3876956441145,0.0008169477037167046,0.0017458288754666773,2.4900690594134953e-09
1331.7899999999438,1569.2018340265377,720.390621588712,0.0008105895488457418,0.001735751404471519,2.4422484439807294e-09
1331.7999999999438,1569.2018340265377,720.3935475131374,0.000804284360952231,0.0017257276212861287,2.3953441296301424e-09
1331.8099999999438,1569.2018340265377,720.396473417391,0.0007980317661525492,0.0017157572678840839,2.349338871402601e-09
1331.8199999999438,1569.2018340265377,720.3993993014731,0.0007918313926388177,0.0017058400873126284,2.3042157394010606e-09
1331.8299999999438,1569.2018340265377,720.402325165384,0.000785682870690442,0.001695975823688364,2.259958113305621e-09
1331.8399999999438,1569.2018340265377,720.4052510091236,0.0007795858326450868,0.0016861642221968178,2.2165496768726948e-09
1331.8499999999437,1569.2018340265377,720.4081768326923,0.0007735399129225499,0.0016764050290843013,2.1739744126579655e-09
1331.8599999999437,1569.2018340265377,720.4111026360904,0.0007675447480528919,0.001666697991657512,2.1322165968557923e-09
1331.8699999999437,1569.2018340265377,720.414028419318,0.000761599976557619,0.001657042858279232,2.09126079380644e-09
1331.8799999999437,1569.2018340265377,720.4169541823752,0.0007557052390621119,0.0016474393783656124,2.051091851243703e-09
1331.8899999999437,1569.2018340265377,720.4198799252623,0.0007498601782283154,0.0016378873023807953,2.0116948951165403e-09
1331.8999999999437,1569.2018340265377,720.4228056479797,0.0007440644387601156,0.0016283863818345632,1.9730553247070428e-09
1331.9099999999437,1569.2018340265377,720.4257313505274,0.0007383176674059468,0.0016189363692796354,1.935158807820759e-09
1331.9199999999437,1569.2018340265377,720.4286570329054,0.000732619512924191,0.0016095370183077753,1.8979912759576464e-09
1331.9299999999437,1569.2018340265377,720.4315826951143,0.0007269696261502799,0.0016001880835445318,1.8615389198257791e-09
1331.9399999999437,1569.2018340265377,720.4345083371543,0.0007213676598529349,0.0015908893206479952,1.8257881843967434e-09
1331.9499999999437,1569.2018340265377,720.4374339590254,0.0007158132688901699,0.0015816404863049527,1.7907257648068477e-09
1331.9599999999436,1569.2018340265377,720.4403595607278,0.0007103061100869015,0.0015724413382270977,1.7563386016179726e-09
1331.9699999999436,1569.2018340265377,720.4432851422617,0.0007048458422541272,0.0015632916351468714,1.7226138765193003e-09
1331.9799999999436,1569.2018340265377,720.4462107036276,0.0006994321262608383,0.0015541911368151446,1.689539008230093e-09
1331.9899999999436,1569.2018340265377,720.4491362448256,0.0006940646248582821,0.0015451396039970454,1.657101647866662e-09
1331.9999999999436,1569.2018340265377,720.4520617658554,0.0006887430028825069,0.0015361367984710274,1.6252896753092063e-09
1332.0099999999436,1569.2018340265377,720.4549872667179,0.0006834669270714208,0.0015271824830198552,1.5940911946879367e-09
1332.0199999999436,1569.2018340265377,720.457912747413,0.0006782360662062872,0.0015182764214331465,1.5634945307405025e-09
1332.0299999999436,1569.2018340265377,720.4608382079409,0.0006730500909177293,0.001509418378501174,1.5334882244304312e-09
1332.0399999999436,1569.2018340265377,720.4637636483019,0.0006679086738846749,0.001500608120011159,1.5040610295532953e-09
1332.0499999999436,1569.2018340265377,720.4666890684961,0.0006628114897026397,0.0014918454127452545,1.4752019086436197e-09
1332.0599999999436,1569.2018340265377,720.4696144685238,0.0006577582149213133,0.001483130024475811,1.44690002933365e-09
1332.0699999999435,1569.2018340265377,720.4725398483853,0.0006527485280026936,0.0014744617239630339,1.4191447606012828e-09
1332.0799999999435,1569.2018340265377,720.4754652080803,0.0006477821093439605,0.0014658402809526057,1.391925669225274e-09
1332.0899999999435,1569.2018340265377,720.4783905476097,0.000642858641276854,0.0014572654661680038,1.3652325162378867e-09
1332.0999999999435,1569.2018340265377,720.4813158669733,0.0006379778080433962,0.0014487370513128275,1.3390552534071394e-09
1332.1099999999435,1569.2018340265377,720.4842411661715,0.0006331392958200039,0.001440254809063457,1.3133840198635524e-09
1332.1199999999435,1569.2018340265377,720.4871664452044,0.0006283427926277984,0.0014318185130677138,1.2882091385594674e-09
1332.1299999999435,1569.2018340265377,720.4900917040719,0.0006235879884486495,0.0014234279379411955,1.2635211132108765e-09
1332.1399999999435,1569.2018340265377,720.493016942775,0.0006188745751215748,0.0014150828592613552,1.2393106248349094e-09
1332.1499999999435,1569.2018340265377,720.4959421613132,0.000614202246363694,0.0014067830535693978,1.2155685286177343e-09
1332.1599999999435,1569.2018340265377,720.498867359687,0.0006095706977931819,0.001398528298362746,1.1922858508208195e-09
1332.1699999999435,1569.2018340265377,720.5017925378964,0.0006049796268663456,0.0013903183720930471,1.1694537855813462e-09
1332.1799999999434,1569.2018340265377,720.504717695942,0.0006004287329858129,0.0013821530541625532,1.1470636920977981e-09
1332.1899999999434,1569.2018340265377,720.5076428338238,0.0005959177172996799,0.0013740321249214903,1.1251070912707555e-09
1332.1999999999434,1569.2018340265377,720.5105679515418,0.0005914462828624208,0.0013659553656650753,1.1035756630958334e-09
1332.2099999999434,1569.2018340265377,720.5134930490963,0.0005870141346054978,0.0013579225586293014,1.0824612437321332e-09
1332.2199999999434,1569.2018340265377,720.5164181264878,0.000582620979262169,0.0013499334869864407,1.0617558225400695e-09
1332.2299999999434,1569.2018340265377,720.5193431837163,0.0005782665253938203,0.0013419879348455202,1.0414515393680191e-09
1332.2399999999434,1569.2018340265377,720.5222682207819,0.0005739504833982143,0.001334085687245966,1.0215406818399077e-09
1332.2499999999434,1569.2018340265377,720.525193237685,0.0005696725654936859,0.0013262265301552819,1.0020156826526708e-09
1332.2599999999434,1569.2018340265377,720.5281182344257,0.000565432485735716,0.0013184102504658212,9.828691169764968e-10
1332.2699999999434,1569.2018340265377,720.5310432110044,0.0005612299599377545,0.0013106366359912562,9.64093699733318e-10
1332.2799999999434,1569.2018340265377,720.533968167421,0.0005570647057226555,0.0013029054754648646,9.456822831538424e-10
1332.2899999999433,1569.2018340265377,720.5368931036758,0.0005529364425666117,0.0012952165585338993,9.276278543535942e-10
1332.2999999999433,1569.2018340265377,720.5398180197692,0.0005488448916597568,0.0012875696757572923,9.099235326478124e-10
1332.3099999999433,1569.2018340265377,720.5427429157013,0.0005447897760206583,0.0012799646186039428,8.925625673418243e-10
1332.3199999999433,1569.2018340265377,720.5456677914722,0.0005407708204050223,0.0012724011794480335,8.755383352120304e-10
1332.3299999999433,1569.2018340265377,720.548592647082,0.0005367877513825628,0.0012648791515658367,8.588443383096183e-10
1332.3399999999433,1569.2018340265377,720.5515174825314,0.0005328402972239383,0.0012573983291322573,8.42474201494979e-10
1332.3499999999433,1569.2018340265377,720.5544422978203,0.0005289281880146628,0.0012499585072191267,8.264216703814094e-10
1332.3599999999433,1569.2018340265377,720.5573670929488,0.0005250511555331341,0.0012425594817914252,8.106806089378059e-10
1332.3699999999433,1569.2018340265377,720.5602918679172,0.0005212089333588428,0.0012352010497029922,7.952449974936884e-10
1332.3799999999433,1569.2018340265377,720.5632166227258,0.0005174012567607755,0.0012278830086942289,7.801089304411377e-10
1332.3899999999433,1569.2018340265377,720.5661413573748,0.0005136278627461875,0.0012206051573895379,7.652666142242863e-10
1332.3999999999432,1569.2018340265377,720.5690660718642,0.0005098884900694582,0.001213367295293873,7.507123652998782e-10
1332.4099999999432,1569.2018340265377,720.5719907661944,0.0005061828791365134,0.0012061692227882193,7.364406079794058e-10
1332.4199999999432,1569.2018340265377,720.5749154403657,0.0005025107721609401,0.001199010741128159,7.224458726819817e-10
1332.4299999999432,1569.2018340265377,720.5778400943782,0.0004988719129685701,0.001191891652440186,7.087227937033188e-10
1332.4399999999432,1569.2018340265377,720.5807647282318,0.0004952660471236402,0.0011848117597197073,6.952661074921062e-10
1332.4499999999432,1569.2018340265377,720.5836893419272,0.0004916929218548461,0.0011777708668243426,6.820706506637288e-10
1332.4599999999432,1569.2018340265377,720.5866139354644,0.00048815228613165043,0.0011707687784755284,6.691313582699533e-10
1332.4699999999432,1569.2018340265377,720.5895385088436,0.00048464389053719514,0.0011638053002521233,6.564432618083595e-10
1332.4799999999432,1569.2018340265377,720.592463062065,0.000481167487324949,0.001156880238588978,6.440014875275924e-10
1332.4899999999432,1569.2018340265377,720.5953875951287,0.0004777228304525755,0.0011499934007732984,6.318012547254616e-10
1332.4999999999432,1569.2018340265377,720.5983121080352,0.0004743096755291222,0.001143144594940794,6.198378739609923e-10
1332.5099999999431,1569.2018340265377,720.6012366007845,0.00047092777978158663,0.0011363336300742209,6.081067453292286e-10
1332.5199999999431,1569.2018340265377,720.6041610733769,0.0004675769020853377,0.0011295603159995225,5.966033568474588e-10
1332.5299999999431,1569.2018340265377,720.6070855258124,0.0004642568029756083,0.0011228244633825202,5.853232828444237e-10
1332.5399999999431,1569.2018340265377,720.6100099580916,0.0004609672446330661,0.0011161258837256356,5.74262182344816e-10
1332.549999999943,1569.2018340265377,720.6129343702144,0.00045770799079697703,0.001109464389366658,5.634157973961627e-10
1332.559999999943,1569.2018340265377,720.615858762181,0.00045447880687006807,0.0011028397934734046,5.527799516598677e-10
1332.569999999943,1569.2018340265377,720.6187831339917,0.00045127945987219145,0.0010962519100422392,5.423505488423796e-10
1332.579999999943,1569.2018340265377,720.6217074856468,0.0004481097184094197,0.0010897005538938005,5.321235711725862e-10
1332.589999999943,1569.2018340265377,720.6246318171463,0.0004449693526808133,0.0010831855406717712,5.220950779552702e-10
1332.599999999943,1569.2018340265377,720.6275561284906,0.00044185813448431664,0.001076706686838364,5.122612041454239e-10
1332.609999999943,1569.2018340265377,720.6304804196798,0.00043877583722035335,0.0010702638096718356,5.026181589467475e-10
1332.619999999943,1569.2018340265377,720.6334046907141,0.0004357222358376887,0.0010638567272635243,4.93162224368906e-10
1332.629999999943,1569.2018340265377,720.6363289415939,0.00043269710686749365,0.0010574852585146053,4.838897539120334e-10
1332.639999999943,1569.2018340265377,720.6392531723191,0.0004297002283987086,0.0010511492231343835,4.747971712089902e-10
1332.649999999943,1569.2018340265377,720.64217738289,0.00042673138009532914,0.0010448484416350997,4.658809687357676e-10
1332.659999999943,1569.2018340265377,720.6451015733071,0.0004237903431634523,0.0010385827353307155,4.5713770649317345e-10
1332.669999999943,1569.2018340265377,720.6480257435702,0.00042087690035281394,0.0010323519263339526,4.4856401074901554e-10
1332.679999999943,1569.2018340265377,720.6509498936797,0.0004179908359525603,0.001026155837552144,4.401565727954481e-10
1332.689999999943,1569.2018340265377,720.6538740236358,0.0004151319357733882,0.001019994292685288,4.319121477163992e-10
1332.699999999943,1569.2018340265377,720.6567981334388,0.0004122999871915834,0.001013867116222872,4.238275532404895e-10
1332.709999999943,1569.2018340265377,720.6597222230888,0.00040949477904517716,0.0010077741334409602,4.158996684619587e-10
1332.719999999943,1569.2018340265377,720.6626462925859,0.0004067161017210552,0.0010017151703997531,4.0812543278213175e-10
1332.729999999943,1569.2018340265377,720.6655703419304,0.00040396374708293693,0.0009956900539395213,4.0050184470588333e-10
1332.739999999943,1569.2018340265377,720.6684943711227,0.00040123750855108474,0.00098969861167841,3.930259608136524e-10
1332.749999999943,1569.2018340265377,720.6714183801628,0.00039853718098708336,0.0009837406720102518,3.856948945588875e-10
1332.759999999943,1569.2018340265377,720.6743423690509,0.00039586256072299145,0.000977816064100303,3.7850581522949034e-10
1332.769999999943,1569.2018340265377,720.6772663377872,0.00039321344563057856,0.0009719246178837437,3.714559469663207e-10
1332.779999999943,1569.2018340265377,720.6801902863722,0.0003905896350191962,0.0009660661640607602,3.645425676331336e-10
1332.789999999943,1569.2018340265377,720.6831142148058,0.00038799092967480367,0.0009602405340968942,3.57763007846162e-10
1332.7999999999429,1569.2018340265377,720.6860381230881,0.0003854171318087316,0.0009544475602174292,3.5111464993235785e-10
1332.8099999999429,1569.2018340265377,720.6889620112196,0.00038286804512933903,0.0009486870754052653,3.4459492702212817e-10
1332.8199999999429,1569.2018340265377,720.6918858792004,0.00038034347479957547,0.0009429589133985232,3.3820132205315246e-10
1332.8299999999429,1569.2018340265377,720.6948097270308,0.0003778432273668322,0.0009372629086874861,3.3193136676935623e-10
1332.8399999999428,1569.2018340265377,720.6977335547108,0.0003753671108566326,0.0009315988965122251,3.257826408839253e-10
1332.8499999999428,1569.2018340265377,720.7006573622407,0.000372914934701248,0.0009259667128586858,3.197527711102896e-10
1332.8599999999428,1569.2018340265377,720.703581149621,0.0003704865097908985,0.0009203661944563221,3.138394303188647e-10
1332.8699999999428,1569.2018340265377,720.7065049168514,0.00036808164838414317,0.0009147971787768241,3.0804033658949103e-10
1332.8799999999428,1569.2018340265377,720.7094286639324,0.0003657001641565499,0.0009092595040287189,3.023532523965947e-10
1332.8899999999428,1569.2018340265377,720.7123523908641,0.00036334187219835243,0.0009037530091565271,2.967759837682508e-10
1332.8999999999428,1569.2018340265377,720.7152760976469,0.0003610065890059664,0.0008982775338369248,2.913063794535736e-10
1332.9099999999428,1569.2018340265377,720.7181997842808,0.00035869413243051046,0.0008928329184768217,2.8594233007253106e-10
1332.9199999999428,1569.2018340265377,720.7211234507662,0.00035640432171913684,0.0008874190042099588,2.806817673555031e-10
1332.9299999999428,1569.2018340265377,720.7240470971029,0.0003541369775019182,0.0008820356328947825,2.7552266335326396e-10
1332.9399999999428,1569.2018340265377,720.7269707232917,0.00035189192178623546,0.0008766826471100267,2.7046302966616983e-10
1332.9499999999427,1569.2018340265377,720.7298943293324,0.00034966897791696835,0.0008713598901549022,2.655009166644556e-10
1332.9599999999427,1569.2018340265377,720.7328179152254,0.00034746797059587213,0.0008660672060434325,2.606344127651017e-10
1332.9699999999427,1569.2018340265377,720.7357414809707,0.0003452887259096543,0.0008608044395038125,2.5586164373054243e-10
1332.9799999999427,1569.2018340265377,720.7386650265687,0.00034313107124214645,0.0008555714359740433,2.511807718918765e-10
1332.9899999999427,1569.2018340265377,720.7415885520196,0.00034099483534095435,0.00085036804160065,2.4658999550328326e-10
1332.9999999999427,1569.2018340265377,720.7445120573234,0.00033887984826941466,0.0008451941032355612,2.420875480224808e-10
1333.0099999999427,1569.2018340265377,720.7474355424805,0.00033678594143907295,0.0008400494684324141,2.37671697462686e-10
1333.0199999999427,1569.2018340265377,720.7503590074913,0.00033471294754605315,0.0008349339854448703,2.3334074568926903e-10
1333.0299999999427,1569.2018340265377,720.7532824523555,0.0003326607006239524,0.0008298475032247288,2.2909302781177037e-10
1333.0399999999427,1569.2018340265377,720.7562058770737,0.0003306290359917359,0.0008247898714168517,2.2492691151179784e-10
1333.0499999999427,1569.2018340265377,720.7591292816459,0.00032861779027069146,0.0008197609403590919,2.2084079643432274e-10
1333.0599999999426,1569.2018340265377,720.7620526660726,0.0003266268013784695,0.0008147605610770571,2.1683311357141724e-10
1333.0699999999426,1569.2018340265377,720.7649760303538,0.00032465590852642643,0.0008097885852842134,2.1290232466252249e-10
1333.0799999999426,1569.2018340265377,720.7678993744894,0.0003227049521841067,0.0008048448653776507,2.0904692158215978e-10
1333.0899999999426,1569.2018340265377,720.7708226984802,0.00032077377409518064,0.0007999292544345062,2.0526542577342325e-10
1333.0999999999426,1569.2018340265377,720.773746002326,0.0003188622172918521,0.000795041606211828,2.0155638769207324e-10
1333.1099999999426,1569.2018340265377,720.7766692860273,0.00031697012603897675,0.0007901817751416462,1.979183862139599e-10
1333.1199999999426,1569.2018340265377,720.779592549584,0.0003150973458651778,0.0007853496163302615,1.9435002811104703e-10
1333.1299999999426,1569.2018340265377,720.7825157929965,0.0003132437235503317,0.0007805449855537433,1.9084994750749293e-10
1333.1399999999426,1569.2018340265377,720.7854390162651,0.00031140910711424614,0.0007757677392566473,1.8741680534846306e-10
1333.1499999999426,1569.2018340265377,720.7883622193898,0.00030959334580802614,0.00077101773454923,1.8404928887992382e-10
1333.1599999999426,1569.2018340265377,720.7912854023707,0.00030779629009401364,0.0007662948292048534,1.8074611113166506e-10
1333.1699999999425,1569.2018340265377,720.7942085652084,0.00030601779168466456,0.0007615988816563034,1.775060104441561e-10
1333.1799999999425,1569.2018340265377,720.7971317079027,0.0003042577034826556,0.0007569297509950582,1.7432774994765683e-10
1333.1899999999425,1569.2018340265377,720.8000548304543,0.0003025158796254337,0.0007522872969670665,1.7121011711029984e-10
1333.1999999999425,1569.2018340265377,720.802977932863,0.0003007921754158679,0.0007476713799718265,1.6815192323095329e-10
1333.2099999999425,1569.2018340265377,720.8059010151289,0.0002990864473913042,0.0007430818610583838,1.6515200301859742e-10
1333.2199999999425,1569.2018340265377,720.8088240772528,0.0002973985532483744,0.000738518601922797,1.6220921409934723e-10
1333.2299999999425,1569.2018340265377,720.8117471192343,0.000295728351886702,0.0007339814649073772,1.5932243659967997e-10
1333.2399999999425,1569.2018340265377,720.8146701410739,0.00029407570336718885,0.000729470312995848,1.5649057268880295e-10
1333.2499999999425,1569.2018340265377,720.8175931427718,0.00029244046894059424,0.0007249850098122426,1.5371254616929822e-10
1333.2599999999425,1569.2018340265377,720.820516124328,0.0002908225110043638,0.0007205254196183772,1.5098730203662303e-10
1333.2699999999425,1569.2018340265377,720.8234390857432,0.0002892216931222933,0.0007160914073101272,1.48313806079736e-10
1333.2799999999424,1569.2018340265377,720.826362027017,0.0002876378800016724,0.0007116828384170072,1.4569104446839492e-10
1333.2899999999424,1569.2018340265377,720.82928494815,0.0002860709375070986,0.0007072995790974182,1.4311802336529412e-10
1333.2999999999424,1569.2018340265377,720.8322078491423,0.00028452073264163716,0.0007029414961375573,1.405937685303824e-10
1333.3099999999424,1569.2018340265377,720.835130729994,0.0002829871335220475,0.000698608456948745,1.3811732492949356e-10
1333.3199999999424,1569.2018340265377,720.8380535907056,0.0002814700094167217,0.0006943003295644623,1.356877563810291e-10
1333.3299999999424,1569.2018340265377,720.840976431277,0.000279969230702252,0.0006900169826387025,1.3330414516995845e-10
1333.3399999999424,1569.2018340265377,720.8438992517085,0.00027848466887626916,0.0006857582854425242,1.3096559169590822e-10
1333.3499999999424,1569.2018340265377,720.8468220520006,0.0002770161965357506,0.0006815241078621044,1.2867121411200162e-10
1333.3599999999424,1569.2018340265377,720.8497448321529,0.0002755636873781247,0.0006773143203970945,1.2642014798154004e-10
1333.3699999999424,1569.2018340265377,720.8526675921661,0.00027412701620207786,0.0006731287941560715,1.242115459398226e-10
1333.3799999999424,1569.2018340265377,720.8555903320403,0.00027270605890519843,0.0006689674008563858,1.2204457736247153e-10
1333.3899999999423,1569.2018340265377,720.8585130517756,0.0002713006924615974,0.0006648300128204302,1.199184280298175e-10
1333.3999999999423,1569.2018340265377,720.8614357513724,0.00026991079490032666,0.0006607165029735582,1.1783229979905594e-10
1333.4099999999423,1569.2018340265377,720.8643584308305,0.0002685362453566376,0.0006566267448419856,1.1578541031443427e-10
1333.4199999999423,1569.2018340265377,720.8672810901508,0.0002671769240132579,0.0006525606125491186,1.1377699267422502e-10
1333.4299999999423,1569.2018340265377,720.870203729333,0.00026583271210690786,0.0006485179808152229,1.1180629513393538e-10
1333.4399999999423,1569.2018340265377,720.8731263483771,0.0002645034919423194,0.0006444987249537628,1.0987258081684937e-10
1333.4499999999423,1569.2018340265377,720.8760489472838,0.0002631891468554963,0.0006405027208683916,1.0797512740907564e-10
1333.4599999999423,1569.2018340265377,720.8789715260532,0.0002618895612275567,0.0006365298450520029,1.0611322688233603e-10
1333.4699999999423,1569.2018340265377,720.8818940846855,0.0002606046204858595,0.0006325799745834123,1.042861852157327e-10
1333.4799999999423,1569.2018340265377,720.8848166231808,0.0002593342110634246,0.0006286529871259266,1.0249332210685149e-10
1333.4899999999423,1569.2018340265377,720.8877391415391,0.0002580782204307343,0.0006247487609239195,1.0073397071677017e-10
1333.4999999999422,1569.2018340265377,720.8906616397612,0.0002568365370790068,0.0006208671748003309,9.900747740075245e-11
1333.5099999999422,1569.2018340265377,720.8935841178469,0.00025560905049651643,0.0006170081081561582,9.731320144234233e-11
1333.5199999999422,1569.2018340265377,720.8965065757964,0.0002543956511759598,0.0006131714409662967,9.56505148034596e-11
1333.5299999999422,1569.2018340265377,720.8994290136098,0.00025319623061564997,0.0006093570537778247,9.40188018775182e-11
1333.5399999999422,1569.2018340265377,720.9023514312878,0.0002520106813120789,0.0006055648277073901,9.241745924371042e-11
1333.5499999999422,1569.2018340265377,720.9052738288303,0.00025083889672923294,0.0006017946444396412,9.08458954179649e-11
1333.5599999999422,1569.2018340265377,720.9081962062373,0.00024968077132195797,0.0005980463862247642,8.930353062826486e-11
1333.5699999999422,1569.2018340265377,720.9111185635093,0.0002485362005110082,0.0005943199358751643,8.778979657640379e-11
1333.5799999999422,1569.2018340265377,720.9140409006466,0.00024740508070608534,0.0005906151767639213,8.630413622199544e-11
1333.5899999999422,1569.2018340265377,720.916963217649,0.00024628730925406066,0.0005869319928233515,8.484600354434666e-11
1333.5999999999422,1569.2018340265377,720.919885514517,0.00024518278446821623,0.0005832702685411587,8.341486333668392e-11
1333.6099999999421,1569.2018340265377,720.9228077912508,0.00024409140561248863,0.0005796298889588841,8.201019098924779e-11
1333.6199999999421,1569.2018340265377,720.9257300478505,0.00024301307289781524,0.0005760107396699209,8.063147228066243e-11
1333.6299999999421,1569.2018340265377,720.9286522843165,0.00024194768746674201,0.0005724127068167028,7.92782031692313e-11
1333.6399999999421,1569.2018340265377,720.9315745006487,0.00024089515139558485,0.0005688356770892932,7.794988959452728e-11
1333.649999999942,1569.2018340265377,720.9344966968475,0.00023985536768804006,0.0005652795377218783,7.664604727937744e-11
1333.659999999942,1569.2018340265377,720.9374188729132,0.00023882824027004175,0.0005617441764915249,7.53662015367213e-11
1333.669999999942,1569.2018340265377,720.9403410288459,0.00023781367398644648,0.0005582294817157968,7.410988708046572e-11
1333.679999999942,1569.2018340265377,720.9432631646457,0.0002368115745728772,0.0005547353422502694,7.28766478323067e-11
1333.689999999942,1569.2018340265377,720.946185280313,0.00023582184868965077,0.0005512616474864483,7.16660367516682e-11
1333.699999999942,1569.2018340265377,720.9491073758479,0.00023484440388561362,0.0005478082873495649,7.047761564720857e-11
1333.709999999942,1569.2018340265377,720.9520294512507,0.00023387914859379847,0.0005443751522963762,6.931095500194398e-11
1333.719999999942,1569.2018340265377,720.9549515065214,0.0002329259921409038,0.0005409621333132343,6.816563380586735e-11
1333.729999999942,1569.2018340265377,720.9578735416603,0.00023198484472980043,0.0005375691219132388,6.70412393835555e-11
1333.739999999942,1569.2018340265377,720.9607955566679,0.00023105561744378293,0.0005341960101343264,6.593736723177607e-11
1333.749999999942,1569.2018340265377,720.963717551544,0.0002301382222275383,0.000530842690537884,6.485362085366904e-11
1333.759999999942,1569.2018340265377,720.9666395262891,0.00022923257187501612,0.0005275090562054032,6.378961159781752e-11
1333.769999999942,1569.2018340265377,720.969561480903,0.0002283385800734469,0.0005241950007372311,6.274495851650412e-11
1333.779999999942,1569.2018340265377,720.9724834153865,0.0002274561613243781,0.0005209004182493861,6.171928819213748e-11
1333.789999999942,1569.2018340265377,720.9754053297395,0.0002265852309943817,0.0005176252033725786,6.071223460346443e-11
1333.799999999942,1569.2018340265377,720.978327223962,0.00022572570527606351,0.0005143692512498007,5.972343896947394e-11
1333.809999999942,1569.2018340265377,720.9812490980544,0.00022487750120995403,0.00051113245753331,5.87525496126251e-11
1333.819999999942,1569.2018340265377,720.9841709520169,0.0002240405366560147,0.0005079147183833973,5.779922181176694e-11
1333.829999999942,1569.2018340265377,720.98709278585,0.00022321473029600684,0.0005047159304658866,5.68631176658433e-11
1333.839999999942,1569.2018340265377,720.9900145995534,0.0002224000016320252,0.0005015359909506467,5.594390595942014e-11
1333.849999999942,1569.2018340265377,720.9929363931276,0.00022159627097392796,0.0004983747975084877,5.504126202767416e-11
1333.859999999942,1569.2018340265377,720.9958581665728,0.0002208034594372945,0.0004952322483095708,5.41548676270524e-11
1333.869999999942,1569.2018340265377,720.9987799198892,0.00022002148894163258,0.0004921082420215532,5.32844108084225e-11
1333.879999999942,1569.2018340265377,721.0017016530768,0.0002192502821952485,0.0004890026778073817,5.242958578939901e-11
1333.889999999942,1569.2018340265377,721.004623366136,0.00021848976269312777,0.00048591545532260694,5.1590092832281274e-11
1333.8999999999419,1569.2018340265377,721.0075450590671,0.00021773985472201115,0.00048284647471404286,5.0765638126312126e-11
1333.9099999999419,1569.2018340265377,721.0104667318702,0.00021700048334042412,0.0004797956366174616,4.99559336661431e-11
1333.9199999999419,1569.2018340265377,721.0133883845455,0.00021627157437863025,0.00047676284215577116,4.916069713751207e-11
1333.9299999999419,1569.2018340265377,721.016310017093,0.00021555305443099435,0.0004737479929364803,4.837965180325211e-11
1333.9399999999418,1569.2018340265377,721.0192316295133,0.00021484485085707756,0.00047075099104967394,4.7612526393616766e-11
1333.9499999999418,1569.2018340265377,721.0221532218064,0.0002141468917653962,0.00046777173906666823,4.685905499502894e-11
1333.9599999999418,1569.2018340265377,721.0250747939725,0.0002134591060228584,0.0004648101400372764,4.6118976946425356e-11
1333.9699999999418,1569.2018340265377,721.0279963460118,0.00021278142323339228,0.0004618660974880241,4.5392036731085254e-11
1333.9799999999418,1569.2018340265377,721.0309178779247,0.0002121137737451762,0.00045893951542001413,4.467798387674253e-11
1333.9899999999418,1569.2018340265377,721.0338393897113,0.00021145608863375564,0.0004560302983072558,4.39765728525963e-11
1333.9999999999418,1569.2018340265377,721.0367608813715,0.0002108082997061983,0.0004531383510945472,4.328756297272437e-11
1334.0099999999418,1569.2018340265377,721.0396823529059,0.00021017033948987965,0.0004502635791949112,4.261071829809605e-11
1334.0199999999418,1569.2018340265377,721.0426038043146,0.0002095421412309967,0.0004474058884882845,4.194580754277687e-11
1334.0299999999418,1569.2018340265377,721.0455252355978,0.00020892363888691572,0.0004445651853194154,4.129260398057542e-11
1334.0399999999418,1569.2018340265377,721.0484466467557,0.00020831476711971996,0.0004417413764956638,4.065088535378171e-11
1334.0499999999417,1569.2018340265377,721.0513680377884,0.00020771546129215953,0.0004389343692852473,4.002043378427093e-11
1334.0599999999417,1569.2018340265377,721.0542894086963,0.00020712565746926155,0.0004361440714149542,3.940103568733403e-11
1334.0699999999417,1569.2018340265377,721.0572107594795,0.00020654529239492154,0.0004333703910685079,3.879248168256195e-11
1334.0799999999417,1569.2018340265377,721.0601320901382,0.00020597430350352672,0.0004306132368847219,3.819456651314738e-11
1334.0899999999417,1569.2018340265377,721.0630534006726,0.00020541262890748182,0.0004278725179549091,3.7607088962064863e-11
1334.0999999999417,1569.2018340265377,721.065974691083,0.00020486020740202273,0.00042514814382169265,3.7029851773363516e-11
1334.1099999999417,1569.2018340265377,721.0688959613697,0.00020431697843596543,0.00042244002447664776,3.6462661568633506e-11
1334.1199999999417,1569.2018340265377,721.0718172115326,0.00020378288213126596,0.0004197480703585851,3.590532877408802e-11
1334.1299999999417,1569.2018340265377,721.074738441572,0.00020325785926586303,0.0004170721923514208,3.535766754238606e-11
1334.1399999999417,1569.2018340265377,721.0776596514883,0.00020274185127702315,0.0004144123017822619,3.481949567968687e-11
1334.1499999999417,1569.2018340265377,721.0805808412816,0.0002022348002377017,0.0004117683104197193,3.4290634569534133e-11
1334.1599999999416,1569.2018340265377,721.083502010952,0.00020173664887078037,0.0004091401304721901,3.3770909104766197e-11
1334.1699999999416,1569.2018340265377,721.0864231604997,0.0002012473405372532,0.0004065276745851642,3.326014761612923e-11
1334.1799999999416,1569.2018340265377,721.0893442899252,0.00020076681923015781,0.00040393085584003945,3.275818180356119e-11
1334.1899999999416,1569.2018340265377,721.0922653992285,0.0002002950295673029,0.0004013495877520443,3.22648466685115e-11
1334.1999999999416,1569.2018340265377,721.0951864884098,0.00019983191678966947,0.00039878378426845865,3.177998044857916e-11
1334.2099999999416,1569.2018340265377,721.0981075574691,0.00019937742675290267,0.00039623335976674186,3.1303424552320887e-11
1334.2199999999416,1569.2018340265377,721.1010286064072,0.00019893150593148533,0.00039369822905188363,3.083502349723328e-11
1334.2299999999416,1569.2018340265377,721.1039496352239,0.00019849410139885723,0.00039117830735613203,3.037462484558173e-11
1334.2399999999416,1569.2018340265377,721.1068706439193,0.00019806516083130333,0.00038867351033594855,2.992207914479464e-11
1334.2499999999416,1569.2018340265377,721.1097916324937,0.0001976446325055647,0.0003861837540701757,2.9477239868223673e-11
1334.2599999999416,1569.2018340265377,721.1127126009475,0.00019723246528760745,0.0003837089550587866,2.9039963355849738e-11
1334.2699999999415,1569.2018340265377,721.1156335492808,0.00019682860862896474,0.0003812490302205664,2.861010875716278e-11
1334.2799999999415,1569.2018340265377,721.1185544774937,0.00019643301256250825,0.0003788038968917686,2.818753797523576e-11
1334.2899999999415,1569.2018340265377,721.1214753855865,0.0001960456276994369,0.0003763734728238159,2.7772115611938373e-11
1334.2999999999415,1569.2018340265377,721.1243962735595,0.00019566640522020824,0.00037395767618149855,2.7363708913457077e-11
1334.3099999999415,1569.2018340265377,721.1273171414127,0.0001952952968748216,0.0003715564255417269,2.696218771830799e-11
1334.3199999999415,1569.2018340265377,721.1302379891465,0.0001949322549679202,0.00036916963989116987,2.6567424404115493e-11
1334.3299999999415,1569.2018340265377,721.1331588167609,0.0001945772323701269,0.0003667972386247407,2.6179293839185387e-11
1334.3399999999415,1569.2018340265377,721.1360796242564,0.00019423018249763472,0.0003644391415434469,2.579767333061315e-11
1334.3499999999415,1569.2018340265377,721.139000411633,0.00019389105931317895,0.00036209526885315545,2.5422442576482088e-11
1334.3599999999415,1569.2018340265377,721.1419211788908,0.00019355981732465375,0.0003597655411626364,2.5053483618565498e-11
1334.3699999999415,1569.2018340265377,721.1448419260303,0.00019323641157377236,0.0003574498794813385,2.469068079464072e-11
1334.3799999999414,1569.2018340265377,721.1477626530516,0.00019292079763613552,0.00035514820521817574,2.433392069338454e-11
1334.3899999999414,1569.2018340265377,721.1506833599548,0.00019261293161562115,0.0003528604401797646,2.3983092109351638e-11
1334.3999999999414,1569.2018340265377,721.1536040467402,0.000192312770133887,0.0003505865065682295,2.363808599820126e-11
1334.4099999999414,1569.2018340265377,721.1565247134077,0.00019202027033490994,0.00034832632697999325,2.3298795434818306e-11
1334.4199999999414,1569.2018340265377,721.1594453599582,0.00019173538987507548,0.00034607982440324365,2.2965115570299357e-11
1334.4299999999414,1569.2018340265377,721.1623659863915,0.00019145808691650422,0.00034384692221735004,2.2636943590478374e-11
1334.4399999999414,1569.2018340265377,721.1652865927076,0.00019118832012553433,0.0003416275441903375,2.2314178675639922e-11
1334.4499999999414,1569.2018340265377,721.168207178907,0.00019092604866817104,0.00033942161447718096,2.1996721960777515e-11
1334.4599999999414,1569.2018340265377,721.1711277449899,0.00019067123220406113,0.00033722905761826046,2.1684476496499988e-11
1334.4699999999414,1569.2018340265377,721.1740482909564,0.00019042383088040016,0.0003350497985379104,2.1377347210734053e-11
1334.4799999999414,1569.2018340265377,721.1769688168066,0.00019018380533051957,0.00033288376254237594,2.107524087164598e-11
1334.4899999999413,1569.2018340265377,721.1798893225409,0.00018995111666668973,0.00033073087531795,2.0778066050676806e-11
1334.4999999999413,1569.2018340265377,721.1828098081596,0.0001897257264764902,0.0003285910629297121,2.0485733086795432e-11
1334.5099999999413,1569.2018340265377,721.1857302736628,0.0001895075968179556,0.00032646425181975076,2.019815405126631e-11
1334.5199999999413,1569.2018340265377,721.1886507190504,0.0001892966902146647,0.00032435036880549157,1.991524271313228e-11
1334.5299999999413,1569.2018340265377,721.191571144323,0.0001890929696529009,0.0003222493410776099,1.963691450555592e-11
1334.5399999999413,1569.2018340265377,721.1944915494807,0.0001888963985747269,0.0003201610961988669,1.9363086492519573e-11
1334.5499999999413,1569.2018340265377,721.1974119345239,0.00018870694087375818,0.0003180855621022785,1.90936773363987e-11
1334.5599999999413,1569.2018340265377,721.2003322994524,0.0001885245608909352,0.00031602266708962806,1.8828607266225025e-11
1334.5699999999413,1569.2018340265377,721.2032526442666,0.00018834922341266048,0.00031397233982941665,1.8567798046750476e-11
1334.5799999999413,1569.2018340265377,721.2061729689668,0.00018818089366141543,0.00031193450935553625,1.8311172947470953e-11
1334.5899999999413,1569.2018340265377,721.2090932735531,0.00018801953729360725,0.00030990910506564453,1.8058656712957765e-11
1334.5999999999412,1569.2018340265377,721.2120135580258,0.00018786512039745964,0.00030789605671929007,1.7810175533746444e-11
1334.6099999999412,1569.2018340265377,721.2149338223849,0.00018771760948429458,0.0003058952944366841,1.7565657017253072e-11
1334.6199999999412,1569.2018340265377,721.2178540666308,0.00018757697148668155,0.00030390674869653635,1.732503015982393e-11
1334.6299999999412,1569.2018340265377,721.2207742907639,0.00018744317375369492,0.00030193035033491207,1.7088225319185384e-11
1334.6399999999412,1569.2018340265377,721.2236944947839,0.00018731618404473844,0.00029996603054369646,1.6855174187273897e-11
1334.6499999999412,1569.2018340265377,721.2266146786912,0.0001871959705292079,0.00029801372086845994,1.6625809764071985e-11
1334.6599999999412,1569.2018340265377,721.2295348424863,0.00018708250177723205,0.00029607335320716983,1.6400066331261184e-11
1334.6699999999412,1569.2018340265377,721.2324549861692,0.0001869757467596997,0.0002941448598086814,1.617787942720707e-11
1334.6799999999412,1569.2018340265377,721.23537510974,0.00018687567483862005,0.00029222817327122225,1.5959185821597603e-11
1334.6899999999412,1569.2018340265377,721.238295213199,0.00018678225576926392,0.000290323226540447,1.5743923491562908e-11
1334.6999999999412,1569.2018340265377,721.2412152965463,0.00018669545969127082,0.0002884299529082337,1.5532031597405128e-11
1334.7099999999411,1569.2018340265377,721.2441353597825,0.00018661525712594453,0.00028654828601075373,1.5323450459267087e-11
1334.7199999999411,1569.2018340265377,721.2470554029073,0.00018654161897108226,0.00028467815982749733,1.5118121534163932e-11
1334.7299999999411,1569.2018340265377,721.2499754259212,0.00018647451649793159,0.0002828195086790583,1.491598739351761e-11
1334.7399999999411,1569.2018340265377,721.2528954288244,0.0001864139213469088,0.0002809722672258828,1.4716991701141067e-11
1334.749999999941,1569.2018340265377,721.255815411617,0.00018635980552186818,0.0002791363704669398,1.4521079191542508e-11
1334.759999999941,1569.2018340265377,721.2587353742994,0.00018631214138736278,0.00027731175373775296,1.4328195648835282e-11
1334.769999999941,1569.2018340265377,721.2616553168714,0.00018627090166432235,0.00027549835270929775,1.413828788603365e-11
1334.779999999941,1569.2018340265377,721.2645752393337,0.0001862360594252119,0.00027369610338591124,1.3951303724623878e-11
1334.789999999941,1569.2018340265377,721.2674951416863,0.00018620758809035525,0.0002719049421044732,1.3767191974763942e-11
1334.799999999941,1569.2018340265377,721.2704150239292,0.00018618546142371215,0.00027012480553247504,1.3585902415724886e-11
1334.809999999941,1569.2018340265377,721.2733348860629,0.0001861696535288519,0.0002683556306664354,1.3407385776774292e-11
1334.819999999941,1569.2018340265377,721.2762547280876,0.00018616013884499376,0.00026659735483061295,1.3231593718476901e-11
1334.829999999941,1569.2018340265377,721.2791745500033,0.0001861568921423381,0.0002648499156755011,1.3058478814297667e-11
1334.839999999941,1569.2018340265377,721.2820943518104,0.00018615988851874082,0.00026311325117613803,1.2887994532650844e-11
1334.849999999941,1569.2018340265377,721.2850141335089,0.00018616910339523018,0.0002613872996310202,1.2720095219285617e-11
1334.859999999941,1569.2018340265377,721.2879338950993,0.00018618451251185104,0.00025967199965988574,1.2554736079938458e-11
1334.869999999941,1569.2018340265377,721.2908536365817,0.00018620609192474314,0.0002579672902031098,1.2391873163571684e-11
1334.879999999941,1569.2018340265377,721.293773357956,0.00018623381800065888,0.00025627311051989614,1.2231463345658732e-11
1334.889999999941,1569.2018340265377,721.2966930592227,0.00018626766741385056,0.000254589400186354,1.2073464311953217e-11
1334.899999999941,1569.2018340265377,721.299612740382,0.00018630761714202488,0.00025291609909463436,1.1917834542620437e-11
1334.909999999941,1569.2018340265377,721.3025324014343,0.00018635364446244272,0.000251253147451276,1.1764533296620994e-11
1334.919999999941,1569.2018340265377,721.3054520423794,0.00018640572694807243,0.00024960048577588956,1.1613520596441793e-11
1334.929999999941,1569.2018340265377,721.3083716632176,0.0001864638424631035,0.0002479580548995168,1.1464757213062681e-11
1334.939999999941,1569.2018340265377,721.3112912639494,0.00018652796915996693,0.0002463257959629433,1.1318204651313296e-11
1334.949999999941,1569.2018340265377,721.3142108445747,0.00018659808547525137,0.0002447036504160967,1.1173825135552832e-11
1334.959999999941,1569.2018340265377,721.3171304050938,0.00018667417012530266,0.00024309156001578884,1.1031581595466559e-11
1334.969999999941,1569.2018340265377,721.320049945507,0.00018675620210273973,0.0002414894668246806,1.089143765231311e-11
1334.979999999941,1569.2018340265377,721.3229694658144,0.0001868441606730498,0.00023989731320980145,1.0753357605409392e-11
1334.989999999941,1569.2018340265377,721.3258889660164,0.00018693802537016557,0.00023831504184107887,1.0617306418827227e-11
1334.9999999999409,1569.2018340265377,721.3288084461128,0.0001870377759937817,0.00023674259569023918,1.0483249708488202e-11
1335.0099999999409,1569.2018340265377,721.331727906104,0.00018714339260419836,0.00023517991802898128,1.0351153729311317e-11
1335.0199999999409,1569.2018340265377,721.3346473459904,0.0001872548555188586,0.00023362695242758148,1.0220985362752508e-11
1335.0299999999409,1569.2018340265377,721.3375667657722,0.00018737214530981477,0.0002320836427539942,1.009271210468502e-11
1335.0399999999408,1569.2018340265377,721.3404861654493,0.00018749524279921073,0.00023054993317210334,9.966302053338097e-12
1335.0499999999408,1569.2018340265377,721.343405545022,0.00018762412905612625,0.00022902576814034245,9.841723897582437e-12
1335.0599999999408,1569.2018340265377,721.3463249044908,0.0001877587853909565,0.0002275110924103269,9.718946905320924e-12
1335.0699999999408,1569.2018340265377,721.3492442438557,0.00018789919335520468,0.0002260058510256042,9.597940912403253e-12
1335.0799999999408,1569.2018340265377,721.3521635631167,0.0001880453347347113,0.00022450998932034907,9.478676311415182e-12
1335.0899999999408,1569.2018340265377,721.3550828622743,0.00018819719154827746,0.00022302345291771308,9.361124040939742e-12
1335.0999999999408,1569.2018340265377,721.3580021413288,0.0001883547460415095,0.0002215461877286518,9.245255574831246e-12
1335.1099999999408,1569.2018340265377,721.3609214002801,0.00018851798068754552,0.00022007813995080628,9.1310429120478e-12
1335.1199999999408,1569.2018340265377,721.3638406391285,0.0001886868781791959,0.00021861925606664323,9.018458566201825e-12
1335.1299999999408,1569.2018340265377,721.3667598578742,0.00018886142142557032,0.0002171694828426379,8.907475555628447e-12
1335.1399999999408,1569.2018340265377,721.3696790565176,0.00018904159355564415,0.000215728767327431,8.798067393889399e-12
1335.1499999999407,1569.2018340265377,721.3725982350588,0.0001892273779018325,0.00021429705685106586,8.69020807961596e-12
1335.1599999999407,1569.2018340265377,721.3755173934977,0.0001894187580115943,0.0002128742990234426,8.5838720877957e-12
1335.1699999999407,1569.2018340265377,721.378436531835,0.00018961571763045177,0.00021146044173255723,8.479034359895813e-12
1335.1799999999407,1569.2018340265377,721.3813556500708,0.00018981824070671708,0.00021005543314380767,8.375670295262372e-12
1335.1899999999407,1569.2018340265377,721.3842747482049,0.00019002631138668828,0.00020865922169867917,8.273755742203399e-12
1335.1999999999407,1569.2018340265377,721.387193826238,0.00019023991400960884,0.00020727175611284625,8.173266989196341e-12
1335.2099999999407,1569.2018340265377,721.3901128841699,0.00019045903310422078,0.00020589298537558506,8.074180756444974e-12
1335.2199999999407,1569.2018340265377,721.3930319220012,0.00019068365338977163,0.00020452285874778095,7.976474187679633e-12
1335.2299999999407,1569.2018340265377,721.395950939732,0.00019091375976380167,0.00020316132576139853,7.880124841677362e-12
1335.2399999999407,1569.2018340265377,721.3988699373622,0.00019114933731059823,0.00020180833621771387,7.785110684717405e-12
1335.2499999999407,1569.2018340265377,721.4017889148922,0.00019139037128706478,0.00020046384018604515,7.691410082287995e-12
1335.2599999999406,1569.2018340265377,721.4047078723224,0.0001916368471236466,0.00019912778800259057,7.599001791588747e-12
1335.2699999999406,1569.2018340265377,721.4076268096529,0.00019188875042650764,0.00019780013026926387,7.507864954219596e-12
1335.2799999999406,1569.2018340265377,721.4105457268838,0.00019214606696463414,0.00019648081785233237,7.417979088404458e-12
1335.2899999999406,1569.2018340265377,721.4134646240153,0.00019240878267251532,0.00019516980188110996,7.329324081988555e-12
1335.2999999999406,1569.2018340265377,721.4163835010478,0.00019267688364459182,0.00019386703374670795,7.24188018525519e-12
1335.3099999999406,1569.2018340265377,721.4193023579813,0.0001929503561367751,0.00019257246510094348,7.155628004163382e-12
1335.3199999999406,1569.2018340265377,721.4222211948162,0.00019322918655470634,0.00019128604785494682,7.070548493200701e-12
1335.3299999999406,1569.2018340265377,721.4251400115525,0.00019351336146042542,0.00019000773417802825,6.986622949079791e-12
1335.3399999999406,1569.2018340265377,721.4280588081905,0.00019380286756008974,0.00018873747649629516,6.903833003844034e-12
1335.3499999999406,1569.2018340265377,721.4309775847305,0.00019409769170699705,0.0001874752274915807,6.822160618689442e-12
1335.3599999999406,1569.2018340265377,721.4338963411725,0.00019439782090051327,0.00018622094010026824,6.741588077745179e-12
1335.3699999999405,1569.2018340265377,721.4368150775168,0.00019470324227153214,0.00018497456751183266,6.662097981490906e-12
1335.3799999999405,1569.2018340265377,721.4397337937638,0.00019501394309172994,0.00018373606316777702,6.5836732411592e-12
1335.3899999999405,1569.2018340265377,721.4426524899135,0.00019532991076739848,0.00018250538076057052,6.506297072708669e-12
1335.3999999999405,1569.2018340265377,721.445571165966,0.0001956511328326407,0.0001812824742322063,6.429952990873841e-12
1335.4099999999405,1569.2018340265377,721.4484898219218,0.00019597759694670993,0.00018006729777305657,6.3546248034948916e-12
1335.4199999999405,1569.2018340265377,721.451408457781,0.000196309290896088,0.00017885980582081976,6.280296606115739e-12
1335.4299999999405,1569.2018340265377,721.4543270735437,0.0001966462025893511,0.00017765995305919486,6.2069527764312906e-12
1335.4399999999405,1569.2018340265377,721.4572456692101,0.0001969883200511344,0.0001764676944167932,6.134577968836209e-12
1335.4499999999405,1569.2018340265377,721.4601642447806,0.00019733563142321223,0.00017528298506581922,6.063157109288819e-12
1335.4599999999405,1569.2018340265377,721.4630828002554,0.00019768812495445752,0.00017410578042099646,5.992675389947732e-12
1335.4699999999405,1569.2018340265377,721.4660013356345,0.0001980457890111474,0.00017293603613857943,5.92311826454085e-12
1335.4799999999404,1569.2018340265377,721.4689198509182,0.0001984086120629749,0.0001717737081148226,5.8544714430466e-12
1335.4899999999404,1569.2018340265377,721.4718383461066,0.00019877658268254637,0.00017061875248510205,5.786720886936415e-12
1335.4999999999404,1569.2018340265377,721.4747568212002,0.000199149689543267,0.00016947112562248575,5.719852804421989e-12
1335.5099999999404,1569.2018340265377,721.4776752761991,0.00019952792141976776,0.00016833078413703827,5.653853645915444e-12
1335.5199999999404,1569.2018340265377,721.4805937111032,0.00019991126717952722,0.0001671976848743124,5.5887100992715095e-12
1335.5299999999404,1569.2018340265377,721.4835121259131,0.00020029971578554087,0.0001660717849141722,5.524409085458979e-12
1335.5399999999404,1569.2018340265377,721.4864305206289,0.00020069325628699518,0.00016495304156987717,5.460937753997992e-12
1335.5499999999404,1569.2018340265377,721.4893488952507,0.00020109187782394556,0.0001638414123869501,5.398283478858661e-12
1335.5599999999404,1569.2018340265377,721.4922672497787,0.00020149556961980965,0.0001627368551418772,5.3364338540933185e-12
1335.5699999999404,1569.2018340265377,721.4951855842132,0.0002019043209799269,0.0001616393278410325,5.275376689734763e-12
1335.5799999999404,1569.2018340265377,721.4981038985545,0.00020231812128663159,0.0001605487887196475,5.215100007685066e-12
1335.5899999999403,1569.2018340265377,721.5010221928028,0.00020273696000330335,0.0001594651962406559,5.155592037907809e-12
1335.5999999999403,1569.2018340265377,721.5039404669578,0.0002031608266636789,0.00015838850909375403,5.0968412143277345e-12
1335.6099999999403,1569.2018340265377,721.5068587210204,0.00020358971087671958,0.00015731868619375076,5.0388361711617396e-12
1335.6199999999403,1569.2018340265377,721.5097769549905,0.00020402360231382662,0.00015625568668018534,4.981565738959473e-12
1335.6299999999403,1569.2018340265377,721.5126951688684,0.0002044624907190303,0.00015519946991568922,4.925018941209237e-12
1335.6399999999403,1569.2018340265377,721.5156133626541,0.00020490636590089913,0.00015414999548531098,4.86918499061706e-12
1335.6499999999403,1569.2018340265377,721.5185315363478,0.00020535521771940595,0.00015310722319509973,4.814053285300865e-12
1335.6599999999403,1569.2018340265377,721.5214496899501,0.00020580903610281322,0.0001520711130710312,4.759613405789255e-12
1335.6699999999403,1569.2018340265377,721.5243678234609,0.00020626781103299445,0.00015104162535829312,4.7058551113524625e-12
1335.6799999999403,1569.2018340265377,721.5272859368804,0.0002067315325433247,0.00015001872051985136,4.652768336659526e-12
1335.6899999999403,1569.2018340265377,721.5302040302089,0.00020720019072025455,0.00014900235923546418,4.600343188608879e-12
1335.6999999999402,1569.2018340265377,721.5331221034465,0.00020767377569659397,0.00014799250240073674,4.548569943035148e-12
1335.7099999999402,1569.2018340265377,721.5360401565937,0.00020815227765745334,0.0001469891111259091,4.497439041742245e-12
1335.7199999999402,1569.2018340265377,721.5389581896502,0.0002086356868266396,0.0001459921467350351,4.446941089189482e-12
1335.7299999999402,1569.2018340265377,721.5418762026167,0.0002091239934688856,0.00014500157076454128,4.39706684955148e-12
1335.7399999999402,1569.2018340265377,721.5447941954932,0.00020961718788984626,0.00014401734496257557,4.3478072438298464e-12
1335.7499999999402,1569.2018340265377,721.5477121682799,0.00021011526043556328,0.00014303943128780644,4.29915334697307e-12
1335.7599999999402,1569.2018340265377,721.550630120977,0.00021061820148232587,0.00014206779190835108,4.251096384863284e-12
1335.7699999999402,1569.2018340265377,721.5535480535847,0.00021112600143525438,0.00014110238920078092,4.203627731548906e-12
1335.7799999999402,1569.2018340265377,721.5564659661032,0.00021163865073715022,0.00014014318574909597,4.156738906728726e-12
1335.7899999999402,1569.2018340265377,721.559383858533,0.00021215613985141609,0.00013919014434366167,4.11042157276581e-12
1335.7999999999402,1569.2018340265377,721.5623017308737,0.0002126784592763504,0.0001382432279804131,4.064667532391833e-12
1335.8099999999401,1569.2018340265377,721.565219583126,0.0002132055995225911,0.00013730239985939628,4.01946872570171e-12
1335.8199999999401,1569.2018340265377,721.5681374152902,0.0002137375511274661,0.00013636762338409326,3.974817227961877e-12
1335.8299999999401,1569.2018340265377,721.5710552273661,0.00021427430464543543,0.00013543886216048183,3.930705246986712e-12
1335.8399999999401,1569.2018340265377,721.573973019354,0.00021481585064971005,0.00013451607999578406,3.887125120757713e-12
1335.84999999994,1569.2018340265377,721.5768907912541,0.00021536217972439528,0.00013359924089757286,3.8440693149352094e-12
1335.85999999994,1569.2018340265377,721.5798085430669,0.00021591328246687476,0.00013268830907271214,3.801530420594516e-12
1335.86999999994,1569.2018340265377,721.5827262747924,0.00021646914948691783,0.00013178324892654228,3.7595011519571365e-12
1335.87999999994,1569.2018340265377,721.5856439864307,0.00021702977140122974,0.00013088402506185862,3.717974344073809e-12
1335.88999999994,1569.2018340265377,721.5885616779822,0.00021759513883316304,0.00012999060227764949,3.676942950628779e-12
1335.89999999994,1569.2018340265377,721.5914793494469,0.0002181652424017777,0.00012910294556850622,3.6364000416441698e-12
1335.90999999994,1569.2018340265377,721.5943970008253,0.0002187400727412295,0.00012822102012333497,3.596338801696444e-12
1335.91999999994,1569.2018340265377,721.5973146321174,0.000219319620476941,0.000127344791324666,3.556752527476913e-12
1335.92999999994,1569.2018340265377,721.6002322433233,0.000219903876236772,0.00012647422474754965,3.51763462595766e-12
1335.93999999994,1569.2018340265377,721.6031498344436,0.00022049283063636715,0.0001256092861583605,3.4789786121661932e-12
1335.94999999994,1569.2018340265377,721.6060674054783,0.00022108647429375323,0.00012474994151434772,3.4407781075112284e-12
1335.95999999994,1569.2018340265377,721.6089849564272,0.0002216847978159856,0.0001238961569624118,3.4030268376518968e-12
1335.96999999994,1569.2018340265377,721.6119024872911,0.00022228779179559873,0.0001230478988379239,3.3657186305692042e-12
1335.97999999994,1569.2018340265377,721.61481999807,0.0002228954468184868,0.00012220513366421467,3.328847414882541e-12
1335.98999999994,1569.2018340265377,721.6177374887642,0.0002235077534565762,0.00012136782815130257,3.2924072179230968e-12
1335.99999999994,1569.2018340265377,721.6206549593736,0.0002241247022635987,0.00012053594919528727,3.256392163929783e-12
1336.00999999994,1569.2018340265377,721.6235724098985,0.0002247462837736409,0.00011970946387705455,3.2207964722838213e-12
1336.01999999994,1569.2018340265377,721.6264898403396,0.00022537248850617426,0.00011888833946145137,3.1856144558929643e-12
1336.02999999994,1569.2018340265377,721.6294072506965,0.0002260033069545108,0.00011807254339661693,3.1508405193770615e-12
1336.03999999994,1569.2018340265377,721.6323246409696,0.00022663872959255137,0.0001172620433128049,3.1164691575207284e-12
1336.04999999994,1569.2018340265377,721.6352420111592,0.00022727874686897677,0.00011645680702143745,3.0824949535894753e-12
1336.05999999994,1569.2018340265377,721.6381593612655,0.00022792334919704185,0.00011565680251438256,3.048912577633857e-12
1336.06999999994,1569.2018340265377,721.6410766912886,0.00022857252697365134,0.0001148619979629195,3.0157167852023788e-12
1336.07999999994,1569.2018340265377,721.6439940012286,0.00022922627056171156,0.00011407236171692649,2.9829024155946058e-12
1336.08999999994,1569.2018340265377,721.6469112910861,0.00022988457028990297,0.00011328786230376745,2.9504643903681692e-12
1336.0999999999399,1569.2018340265377,721.649828560861,0.000230547416446383,0.00011250846842770006,2.918397711822603e-12
1336.1099999999399,1569.2018340265377,721.6527458105536,0.0002312147992984745,0.00011173414896876919,2.8866974618128673e-12
1336.1199999999399,1569.2018340265377,721.6556630401641,0.00023188670906839327,0.00011096487298198,2.855358800040971e-12
1336.1299999999399,1569.2018340265377,721.6585802496926,0.00023256313593583881,0.00011020060969644224,2.8243769627221646e-12
1336.1399999999398,1569.2018340265377,721.6614974391395,0.00023324407004784948,0.00010944132851439965,2.793747261353639e-12
1336.1499999999398,1569.2018340265377,721.6644146085049,0.00023392950150037122,0.00010868699901044164,2.763465081172394e-12
1336.1599999999398,1569.2018340265377,721.6673317577889,0.00023461942035717367,0.0001079375909306608,2.7335258800869427e-12
1336.1699999999398,1569.2018340265377,721.6702488869919,0.0002353138166276316,0.00010719307419163339,2.703925187131783e-12
1336.1799999999398,1569.2018340265377,721.6731659961142,0.0002360126802768408,0.00010645341887961481,2.674658601343183e-12
1336.1899999999398,1569.2018340265377,721.6760830851557,0.00023671600122303615,0.00010571859524987975,2.6457217905124605e-12
1336.1999999999398,1569.2018340265377,721.6790001541167,0.00023742376933305346,0.00010498857372554477,2.6171104899157158e-12
1336.2099999999398,1569.2018340265377,721.6819172029974,0.0002381359744214834,0.00010426332489688719,2.5888205011340716e-12
1336.2199999999398,1569.2018340265377,721.6848342317983,0.0002388526062497256,0.00010354281952041132,2.5608476908816216e-12
1336.2299999999398,1569.2018340265377,721.6877512405193,0.0002395736545260339,0.00010282702851816718,2.5331879898775785e-12
1336.2399999999398,1569.2018340265377,721.6906682291605,0.0002402991089040067,0.0001021159229768224,2.505837391709825e-12
1336.2499999999397,1569.2018340265377,721.6935851977223,0.00024102895897737414,0.00010140947414660276,2.478791951674994e-12
1336.2599999999397,1569.2018340265377,721.696502146205,0.0002417631942829986,0.00010070765344078728,2.4520477857527972e-12
1336.2699999999397,1569.2018340265377,721.6994190746088,0.0002425018042946982,0.00010001043243471129,2.425601069480564e-12
1336.2799999999397,1569.2018340265377,721.7023359829337,0.00024324477842782672,9.931778286501795e-05,2.3994480369697497e-12
1336.2899999999397,1569.2018340265377,721.7052528711799,0.0002439921060341451,9.862967662872466e-05,2.373584979833297e-12
1336.2999999999397,1569.2018340265377,721.7081697393479,0.00024474377639409724,9.794608578240406e-05,2.3480082461157355e-12
1336.3099999999397,1569.2018340265377,721.7110865874378,0.0002454997787386797,9.726698254149951e-05,2.322714239533256e-12
1336.3199999999397,1569.2018340265377,721.7140034154495,0.0002462601022161896,9.659233927945667e-05,2.297699418190362e-12
1336.3299999999397,1569.2018340265377,721.7169202233835,0.00024702473591230444,9.592212852680627e-05,2.2729602938279464e-12
1336.3399999999397,1569.2018340265377,721.71983701124,0.00024779366884020653,9.525632297043898e-05,2.2484934308094746e-12
1336.3499999999397,1569.2018340265377,721.7227537790193,0.00024856688994600744,9.459489545282786e-05,2.2242954452652645e-12
1336.3599999999396,1569.2018340265377,721.7256705267213,0.0002493443881073632,9.393781897127714e-05,2.200363004189629e-12
1336.3699999999396,1569.2018340265377,721.7285872543462,0.000250126152119411,9.328506667697275e-05,2.176692824435058e-12
1336.3799999999396,1569.2018340265377,721.7315039618946,0.00025091217070560254,9.263661187416646e-05,2.153281671951945e-12
1336.3899999999396,1569.2018340265377,721.7344206493666,0.00025170243251372484,9.199242801966544e-05,2.130126360924152e-12
1336.3999999999396,1569.2018340265377,721.737337316762,0.00025249692611897773,9.135248872184225e-05,2.1072237529585925e-12
1336.4099999999396,1569.2018340265377,721.7402539640815,0.00025329564001404513,9.071676773975352e-05,2.0845707561852744e-12
1336.4199999999396,1569.2018340265377,721.7431705913251,0.00025409856260945145,9.008523898258786e-05,2.062164324477038e-12
1336.4299999999396,1569.2018340265377,721.746087198493,0.0002549056822399201,8.945787650878878e-05,2.040001456715778e-12
1336.4399999999396,1569.2018340265377,721.7490037855854,0.00025571698715870836,8.883465452525958e-05,2.018079195976947e-12
1336.4499999999396,1569.2018340265377,721.7519203526025,0.0002565324655316375,8.821554738661875e-05,1.99639462873116e-12
1336.4599999999396,1569.2018340265377,721.7548368995447,0.00025735210544261224,8.760052959441288e-05,1.974944884149019e-12
1336.4699999999395,1569.2018340265377,721.7577534264119,0.00025817589489705395,8.698957579645028e-05,1.953727133404817e-12
1336.4799999999395,1569.2018340265377,721.7606699332043,0.0002590038218018769,8.638266078594498e-05,1.9327385888071123e-12
1336.4899999999395,1569.2018340265377,721.7635864199224,0.00025983587398886705,8.577975950071919e-05,1.911976503276366e-12
1336.4999999999395,1569.2018340265377,721.7665028865664,0.00026067203918819727,8.518084702254506e-05,1.8914381694645268e-12
1336.5099999999395,1569.2018340265377,721.7694193331364,0.0002615123050580538,8.458589857644279e-05,1.871120919302281e-12
1336.5199999999395,1569.2018340265377,721.7723357596324,0.000262356659155883,8.399488952986622e-05,1.8510221231231195e-12
1336.5299999999395,1569.2018340265377,721.7752521660547,0.0002632050889432111,8.340779539189209e-05,1.831139189049991e-12
1336.5399999999395,1569.2018340265377,721.7781685524038,0.00026405758179796635,8.282459181250755e-05,1.8114695624460397e-12
1336.5499999999395,1569.2018340265377,721.7810849186798,0.00026491412500694766,8.224525458205845e-05,1.7920107252419085e-12
1336.5599999999395,1569.2018340265377,721.7840012648826,0.000265774705759578,8.166975963033359e-05,1.7727601952709149e-12
1336.5699999999395,1569.2018340265377,721.7869175910126,0.00026663931114681864,8.10980830258389e-05,1.7537155256607305e-12
1336.5799999999394,1569.2018340265377,721.7898338970703,0.00026750792815853,8.053020097511889e-05,1.7348743042280124e-12
1336.5899999999394,1569.2018340265377,721.7927501830552,0.00026838054370697303,7.996608982214535e-05,1.7162341530546556e-12
1336.5999999999394,1569.2018340265377,721.7956664489682,0.0002692571445917839,7.940572604731205e-05,1.697792727675426e-12
1336.6099999999394,1569.2018340265377,721.7985826948092,0.00027013771751766593,7.884908626702959e-05,1.6795477166479516e-12
1336.6199999999394,1569.2018340265377,721.8014989205785,0.0002710222490878253,7.829614723281581e-05,1.6614968409524955e-12
1336.6299999999394,1569.2018340265377,721.8044151262764,0.0002719107258089767,7.774688583069644e-05,1.6436378534879323e-12
1336.6399999999394,1569.2018340265377,721.8073313119027,0.0002728031340888374,7.720127908047834e-05,1.6259685385242438e-12
1336.6499999999394,1569.2018340265377,721.8102474774579,0.00027369946023349636,7.665930413494153e-05,1.6084867111613852e-12
1336.6599999999394,1569.2018340265377,721.8131636229423,0.00027459969043323325,7.612093827926847e-05,1.5911902167415598e-12
1336.6699999999394,1569.2018340265377,721.8160797483561,0.00027550381078946705,7.558615893030714e-05,1.5740769305051908e-12
1336.6799999999394,1569.2018340265377,721.8189958536992,0.0002764118072995883,7.505494363591873e-05,1.5571447570086873e-12
1336.6899999999393,1569.2018340265377,721.8219119389719,0.0002773236658454694,7.452727007422737e-05,1.5403916295744839e-12
1336.6999999999393,1569.2018340265377,721.8248280041747,0.0002782393722137091,7.400311605285254e-05,1.5238155099279432e-12
1336.7099999999393,1569.2018340265377,721.8277440493077,0.0002791589120789868,7.348245950845277e-05,1.5074143876466063e-12
1336.7199999999393,1569.2018340265377,721.8306600743708,0.0002800822710109671,7.296527850594204e-05,1.4911862797370048e-12
1336.7299999999393,1569.2018340265377,721.8335760793645,0.00028100943447854627,7.245155123767267e-05,1.4751292302009825e-12
1336.7399999999393,1569.2018340265377,721.836492064289,0.0002819403878266126,7.19412560229643e-05,1.4592413094798221e-12
1336.7499999999393,1569.2018340265377,721.8394080291446,0.00028287511630581755,7.143437130731331e-05,1.4435206141736445e-12
1336.7599999999393,1569.2018340265377,721.8423239739311,0.0002838136050463727,7.093087566184432e-05,1.4279652664834669e-12
1336.7699999999393,1569.2018340265377,721.8452398986491,0.0002847558390841887,7.043074778246869e-05,1.412573413919726e-12
1336.7799999999393,1569.2018340265377,721.8481558032987,0.0002857018033214658,6.993396648936235e-05,1.3973432286992345e-12
1336.7899999999393,1569.2018340265377,721.8510716878799,0.0002866514825706108,6.944051072632518e-05,1.3822729075626716e-12
1336.7999999999392,1569.2018340265377,721.8539875523932,0.000287604861522616,6.895035955995385e-05,1.3673606712142665e-12
1336.8099999999392,1569.2018340265377,721.8569033968386,0.00028856192475647377,6.846349217920182e-05,1.3526047639891002e-12
1336.8199999999392,1569.2018340265377,721.8598192212165,0.0002895226567330464,6.797988789455689e-05,1.3380034534361506e-12
1336.8299999999392,1569.2018340265377,721.8627350255272,0.00029048704181371007,6.74995261375314e-05,1.3235550300356066e-12
1336.8399999999392,1569.2018340265377,721.8656508097703,0.0002914550642354092,6.702238646001514e-05,1.3092578067140788e-12
1336.8499999999392,1569.2018340265377,721.8685665739465,0.0002924267081247205,6.654844853343262e-05,1.295110118540966e-12
1336.8599999999392,1569.2018340265377,721.8714823180561,0.00029340195748455626,6.607769214833006e-05,1.2811103223230056e-12
1336.8699999999392,1569.2018340265377,721.8743980420992,0.00029438079621535765,6.561009721368555e-05,1.2672567963474719e-12
1336.8799999999392,1569.2018340265377,721.8773137460757,0.00029536320809449556,6.514564375627618e-05,1.2535479399484084e-12
1336.8899999999392,1569.2018340265377,721.8802294299861,0.00029634917678363055,6.468431191997961e-05,1.2399821732007818e-12
1336.8999999999392,1569.2018340265377,721.8831450938306,0.0002973386858275887,6.422608196520343e-05,1.2265579365876594e-12
1336.9099999999391,1569.2018340265377,721.8860607376096,0.0002983317186524261,6.37709342682803e-05,1.2132736906688129e-12
1336.9199999999391,1569.2018340265377,721.8889763613228,0.0002993282585811181,6.331884932088476e-05,1.200127915827021e-12
1336.9299999999391,1569.2018340265377,721.8918919649707,0.00030032828879291855,6.28698077292746e-05,1.1871191117851822e-12
1336.9399999999391,1569.2018340265377,721.8948075485536,0.00030133179236996164,6.242379021380201e-05,1.1742457974928293e-12
1336.949999999939,1569.2018340265377,721.8977231120714,0.00030233875226752543,6.198077760830267e-05,1.161506510704257e-12
1336.959999999939,1569.2018340265377,721.9006386555245,0.00030334915132418263,6.154075085940029e-05,1.1488998077196727e-12
1336.969999999939,1569.2018340265377,721.9035541789133,0.0003043629722548721,6.110369102595579e-05,1.136424263069764e-12
1336.979999999939,1569.2018340265377,721.9064696822378,0.00030538019765570534,6.0669579278498634e-05,1.1240784692499591e-12
1336.989999999939,1569.2018340265377,721.9093851654982,0.0003064008100097595,6.023839689859306e-05,1.1118610364591936e-12
1336.999999999939,1569.2018340265377,721.9123006286944,0.0003074247916736658,5.9810125278258794e-05,1.0997705922750354e-12
1337.009999999939,1569.2018340265377,721.9152160718272,0.0003084521248872843,5.9384745919260975e-05,1.0878057814143046e-12
1337.019999999939,1569.2018340265377,721.9181314948967,0.00030948279177071326,5.896224043270422e-05,1.075965265462522e-12
1337.029999999939,1569.2018340265377,721.9210468979028,0.0003105167743099012,5.854259053837615e-05,1.0642477225605207e-12
1337.039999999939,1569.2018340265377,721.9239622808459,0.0003115540543899971,5.8125778064097285e-05,1.0526518472613098e-12
1337.049999999939,1569.2018340265377,721.9268776437259,0.0003125946137653445,5.771178494525328e-05,1.0411763501772183e-12
1337.059999999939,1569.2018340265377,721.9297929865436,0.00031363843405631816,5.730059322402119e-05,1.0298199577171091e-12
1337.069999999939,1569.2018340265377,721.9327083092987,0.00031468549678283507,5.689218504906663e-05,1.0185814119643552e-12
1337.079999999939,1569.2018340265377,721.9356236119917,0.00031573578333565116,5.6486542674745094e-05,1.0074594703331778e-12
1337.089999999939,1569.2018340265377,721.9385388946226,0.00031678927497065296,5.608364846062689e-05,9.964529053211001e-13
1337.099999999939,1569.2018340265377,721.9414541571916,0.00031784595284000793,5.568348487094271e-05,9.855605043782752e-13
1337.109999999939,1569.2018340265377,721.9443693996992,0.00031890579796120826,5.528603447391036e-05,9.747810695783525e-13
1337.119999999939,1569.2018340265377,721.9472846221454,0.0003199687912420045,5.489127994132587e-05,9.641134174792381e-13
1337.129999999939,1569.2018340265377,721.9501998245303,0.0003210349134475648,5.449920404791043e-05,9.535563788008527e-13
1337.139999999939,1569.2018340265377,721.9531150068543,0.00032210414523868634,5.410978967072152e-05,9.431087983254176e-13
1337.149999999939,1569.2018340265377,721.9560301691175,0.00032317646714199365,5.372301978870631e-05,9.327695346003287e-13
1337.159999999939,1569.2018340265377,721.9589453113201,0.0003242518595698245,5.333887748205536e-05,9.225374597865101e-13
1337.169999999939,1569.2018340265377,721.9618604334624,0.00032533030280348127,5.2957345931670375e-05,9.124114594066298e-13
1337.179999999939,1569.2018340265377,721.9647755355447,0.0003264117770052446,5.257840841864615e-05,9.023904321808607e-13
1337.189999999939,1569.2018340265377,721.967690617567,0.0003274962622144759,5.2202048323740435e-05,8.924732898193416e-13
1337.1999999999389,1569.2018340265377,721.9706056795293,0.00032858373834913,5.182824912678707e-05,8.826589568315168e-13
1337.2099999999389,1569.2018340265377,721.9735207214322,0.0003296741852053353,5.145699440611437e-05,8.729463703335086e-13
1337.2199999999389,1569.2018340265377,721.9764357432759,0.00033076758243868494,5.108826783812404e-05,8.633344798165484e-13
1337.2299999999389,1569.2018340265377,721.9793507450606,0.00033186390961418536,5.072205319668485e-05,8.538222470930817e-13
1337.2399999999388,1569.2018340265377,721.9822657267862,0.000332963146141231,5.035833435265785e-05,8.444086459477254e-13
1337.2499999999388,1569.2018340265377,721.9851806884529,0.0003340652713274142,4.999709527326674e-05,8.350926620975133e-13
1337.2599999999388,1569.2018340265377,721.9880956300615,0.00033517026434889166,4.963832002160229e-05,8.258732929422899e-13
1337.2699999999388,1569.2018340265377,721.9910105516118,0.0003362781042560013,4.928199275619532e-05,8.167495474123361e-13
1337.2799999999388,1569.2018340265377,721.9939254531038,0.000337388769992168,4.892809773043887e-05,8.077204458444158e-13
1337.2899999999388,1569.2018340265377,721.996840334538,0.00033850224035540595,4.8576619291972166e-05,7.987850197200851e-13
1337.2999999999388,1569.2018340265377,721.9997551959145,0.00033961849403480143,4.822754188230342e-05,7.89942311597009e-13
1337.3099999999388,1569.2018340265377,722.0026700372337,0.0003407375096002233,4.7880850036226245e-05,7.811913749214934e-13
1337.3199999999388,1569.2018340265377,722.0055848584956,0.00034185926548538007,4.7536528381322616e-05,7.725312738336605e-13
1337.3299999999388,1569.2018340265377,722.0084996597003,0.00034298374001824513,4.719456163747984e-05,7.639610830845352e-13
1337.3399999999388,1569.2018340265377,722.0114144408484,0.0003441109113880911,4.685493461629106e-05,7.55479887806852e-13
1337.3499999999387,1569.2018340265377,722.0143292019399,0.00034524075767184727,4.6517632220684843e-05,7.470867834305569e-13
1337.3599999999387,1569.2018340265377,722.0172439429746,0.000346373256828711,4.6182639444369395e-05,7.387808755220409e-13
1337.3699999999387,1569.2018340265377,722.0201586639533,0.00034750838668448294,4.584994137121562e-05,7.305612796033812e-13
1337.3799999999387,1569.2018340265377,722.0230733648762,0.00034864612495070086,4.551952317495792e-05,7.224271210591332e-13
1337.3899999999387,1569.2018340265377,722.0259880457431,0.00034978644922001523,4.519137011859434e-05,7.143775349838266e-13
1337.3999999999387,1569.2018340265377,722.0289027065545,0.00035092933695802776,4.48654675538944e-05,7.064116660290024e-13
1337.4099999999387,1569.2018340265377,722.0318173473103,0.00035207476551796387,4.454180092094891e-05,6.985286683005788e-13
1337.4199999999387,1569.2018340265377,722.0347319680111,0.00035322271211631935,4.4220355747581906e-05,6.907277051752728e-13
1337.4299999999387,1569.2018340265377,722.037646568657,0.0003543731538640219,4.390111764901669e-05,6.83007949238357e-13
1337.4399999999387,1569.2018340265377,722.040561149248,0.00035552606775776316,4.3584072327317836e-05,6.75368582135587e-13
1337.4499999999387,1569.2018340265377,722.0434757097845,0.00035668143065067253,4.326920557086215e-05,6.678087943910363e-13
1337.4599999999386,1569.2018340265377,722.0463902502665,0.0003578392192934984,4.295650325395967e-05,6.603277853665516e-13
1337.4699999999386,1569.2018340265377,722.0493047706947,0.0003589994103118639,4.264595133626812e-05,6.529247630938934e-13
1337.4799999999386,1569.2018340265377,722.0522192710687,0.000360161980232794,4.2337535862466445e-05,6.455989442088692e-13
1337.4899999999386,1569.2018340265377,722.055133751389,0.00036132690542578006,4.20312429616263e-05,6.383495537230259e-13
1337.4999999999386,1569.2018340265377,722.0580482116559,0.00036249416217590117,4.172705884684056e-05,6.311758250442362e-13
1337.5099999999386,1569.2018340265377,722.0609626518693,0.00036366372662958876,4.142496981475675e-05,6.240769997664677e-13
1337.5199999999386,1569.2018340265377,722.0638770720296,0.0003648355748323935,4.112496224505448e-05,6.170523276235917e-13
1337.5299999999386,1569.2018340265377,722.0667914721371,0.00036600968269609273,4.082702260003128e-05,6.101010663248878e-13
1337.5399999999386,1569.2018340265377,722.069705852192,0.00036718602602505286,4.0531137424120256e-05,6.032224814924704e-13
1337.5499999999386,1569.2018340265377,722.0726202121945,0.0003683645805089885,4.023729334346779e-05,5.964158465440472e-13
1337.5599999999386,1569.2018340265377,722.0755345521443,0.00036954532172099434,3.994547706548962e-05,5.896804425862244e-13
1337.5699999999385,1569.2018340265377,722.0784488720423,0.000370728225110729,3.965567537828235e-05,5.830155582979279e-13
1337.5799999999385,1569.2018340265377,722.0813631718884,0.00037191326601616166,3.9367875150355224e-05,5.764204898546729e-13
1337.5899999999385,1569.2018340265377,722.084277451683,0.0003731004196633575,3.9082063330069355e-05,5.698945408259338e-13
1337.5999999999385,1569.2018340265377,722.0871917114259,0.00037428966116541087,3.879822694526975e-05,5.634370220785754e-13
1337.6099999999385,1569.2018340265377,722.0901059511174,0.00037548096551703853,3.851635310277506e-05,5.570472516714193e-13
1337.6199999999385,1569.2018340265377,722.0930201707582,0.00037667430759964846,3.823642898788212e-05,5.507245547678643e-13
1337.6299999999385,1569.2018340265377,722.0959343703482,0.00037786966217852086,3.795844186411452e-05,5.444682635450501e-13
1337.6399999999385,1569.2018340265377,722.0988485498874,0.0003790670039203683,3.768237907265136e-05,5.382777171245473e-13
1337.6499999999385,1569.2018340265377,722.1017627093762,0.00038026630736282224,3.740822803187383e-05,5.321522614385185e-13
1337.6599999999385,1569.2018340265377,722.1046768488147,0.00038146754693188403,3.713597623700718e-05,5.260912491699705e-13
1337.6699999999385,1569.2018340265377,722.1075909682035,0.00038267069696468637,3.6865611259626716e-05,5.200940396955949e-13
1337.6799999999384,1569.2018340265377,722.1105050675422,0.00038387573166387737,3.659712074731388e-05,5.141599989399896e-13
1337.6899999999384,1569.2018340265377,722.1134191468315,0.0003850826251350671,3.6330492423135314e-05,5.082884993412994e-13
1337.6999999999384,1569.2018340265377,722.1163332060714,0.00038629135135475744,3.606571408526135e-05,5.024789197273255e-13
1337.7099999999384,1569.2018340265377,722.1192472452622,0.0003875018842180668,3.580277360657525e-05,4.96730645298649e-13
1337.7199999999384,1569.2018340265377,722.1221612644038,0.00038871419749709444,3.554165893421145e-05,4.91043067492778e-13
1337.7299999999384,1569.2018340265377,722.1250752634967,0.00038992826485692935,3.5282358089118225e-05,4.854155839267316e-13
1337.7399999999384,1569.2018340265377,722.1279892425412,0.0003911440598505344,3.502485916569364e-05,4.798475983151887e-13
1337.7499999999384,1569.2018340265377,722.1309032015372,0.0003923615559240336,3.476915033137089e-05,4.743385204015821e-13
1337.7599999999384,1569.2018340265377,722.1338171404851,0.00039358072644088003,3.4515219826157634e-05,4.688877659110694e-13
1337.7699999999384,1569.2018340265377,722.1367310593849,0.00039480154462901015,3.426305596228582e-05,4.634947564147881e-13
1337.7799999999384,1569.2018340265377,722.1396449582372,0.00039602398361585057,3.401264712372604e-05,4.581589192987308e-13
1337.7899999999383,1569.2018340265377,722.1425588370421,0.00039724801643227606,3.376398176587131e-05,4.528796876993195e-13
1337.7999999999383,1569.2018340265377,722.1454726957994,0.00039847361601519967,3.3517048415112507e-05,4.4765650043523446e-13
1337.8099999999383,1569.2018340265377,722.1483865345098,0.00039970075517775926,3.3271835668361496e-05,4.424888019028735e-13
1337.8199999999383,1569.2018340265377,722.151300353173,0.0004009294066334734,3.302833219276677e-05,4.3737604203984285e-13
1337.8299999999383,1569.2018340265377,722.1542141517898,0.0004021595430064456,3.2786526725202104e-05,4.3231767626607454e-13
1337.8399999999383,1569.2018340265377,722.15712793036,0.0004033911368127054,3.2546408071976305e-05,4.273131654003463e-13
1337.8499999999383,1569.2018340265377,722.160041688884,0.000404624160465803,3.230796510837286e-05,4.2236197560040227e-13
1337.8599999999383,1569.2018340265377,722.1629554273619,0.000405858586283125,3.20711867782792e-05,4.1746357830666673e-13
1337.8699999999383,1569.2018340265377,722.1658691457939,0.0004070943864686918,3.183606209380544e-05,4.126174501622474e-13
1337.8799999999383,1569.2018340265377,722.1687828441802,0.00040833153315090364,3.160258013487105e-05,4.0782307298950246e-13
1337.8899999999383,1569.2018340265377,722.1716965225211,0.00040956999834799535,3.1370730048855346e-05,4.03079933694719e-13
1337.8999999999382,1569.2018340265377,722.1746101808168,0.0004108097539683982,3.114050105017845e-05,3.983875242088356e-13
1337.9099999999382,1569.2018340265377,722.1775238190676,0.0004120507718477243,3.091188241994755e-05,3.9374534146569833e-13
1337.9199999999382,1569.2018340265377,722.1804374372731,0.0004132930237165213,3.068486350561179e-05,3.891528873130924e-13
1337.9299999999382,1569.2018340265377,722.1833510354343,0.0004145364811977026,3.0459433720444238e-05,3.8460966845054656e-13
1337.9399999999382,1569.2018340265377,722.1862646135511,0.0004157811158296332,3.0235582543334363e-05,3.801151963995414e-13
1337.9499999999382,1569.2018340265377,722.1891781716238,0.00041702689906646405,3.001329951832603e-05,3.756689874457082e-13
1337.9599999999382,1569.2018340265377,722.1920917096522,0.00041827380225837327,2.979257425428937e-05,3.7127056256742755e-13
1337.9699999999382,1569.2018340265377,722.1950052276368,0.00041952179666193007,2.95733964244906e-05,3.6691944739060857e-13
1337.9799999999382,1569.2018340265377,722.197918725578,0.00042077085343793767,2.935575576624204e-05,3.626151721346788e-13
1337.9899999999382,1569.2018340265377,722.2008322034759,0.0004220209436755061,2.9139642080596038e-05,3.5835727158286937e-13
1337.9999999999382,1569.2018340265377,722.2037456613305,0.00042327203835425465,2.892504523193744e-05,3.5414528499718196e-13
1338.0099999999381,1569.2018340265377,722.206659099142,0.00042452410838074266,2.8711955147596422e-05,3.499787560986758e-13
1338.0199999999381,1569.2018340265377,722.2095725169108,0.00042577712454857004,2.850036181752224e-05,3.4585723298530135e-13
1338.0299999999381,1569.2018340265377,722.2124859146372,0.00042703105758998126,2.8290255293908154e-05,3.4178026812540663e-13
1338.0399999999381,1569.2018340265377,722.2153992923212,0.0004282858781380678,2.808162569086706e-05,3.3774741827899125e-13
1338.049999999938,1569.2018340265377,722.218312649963,0.0004295415567462589,2.7874463184036015e-05,3.3375824446515947e-13
1338.059999999938,1569.2018340265377,722.2212259875629,0.00043079806386927806,2.7668758010231538e-05,3.298123119006404e-13
1338.069999999938,1569.2018340265377,722.2241393051212,0.0004320553698894484,2.7464500467114866e-05,3.259091899747367e-13
1338.079999999938,1569.2018340265377,722.2270526026376,0.00043331344510036824,2.7261680912865746e-05,3.2204845219166925e-13
1338.089999999938,1569.2018340265377,722.2299658801129,0.00043457225972264735,2.7060289765740023e-05,3.1822967613541557e-13
1338.099999999938,1569.2018340265377,722.2328791375472,0.00043583178387219737,2.6860317503819e-05,3.144524434044857e-13
1338.109999999938,1569.2018340265377,722.2357923749406,0.0004370919876134562,2.66617546646492e-05,3.1071633960714297e-13
1338.119999999938,1569.2018340265377,722.2387055922932,0.000438352840903922,2.6464591844876828e-05,3.0702095427761583e-13
1338.129999999938,1569.2018340265377,722.2416187896051,0.0004396143136442772,2.6268819699907258e-05,3.033658808698855e-13
1338.139999999938,1569.2018340265377,722.244531966877,0.0004408763756384378,2.6074428943551453e-05,2.997507166874154e-13
1338.149999999938,1569.2018340265377,722.2474451241088,0.00044213899662060013,2.5881410347757793e-05,2.9617506286277265e-13
1338.159999999938,1569.2018340265377,722.2503582613008,0.0004434021462524227,2.5689754742200335e-05,2.926385243131626e-13
1338.169999999938,1569.2018340265377,722.253271378453,0.00044466579411168365,2.549945301399882e-05,2.8914070969421136e-13
1338.179999999938,1569.2018340265377,722.2561844755656,0.0004459299096988557,2.531049610734125e-05,2.8568123136421813e-13
1338.189999999938,1569.2018340265377,722.2590975526393,0.0004471944624587382,2.512287502317021e-05,2.822597053595331e-13
1338.199999999938,1569.2018340265377,722.2620106096738,0.0004484594217368705,2.4936580818904812e-05,2.7887575132949335e-13
1338.209999999938,1569.2018340265377,722.2649236466694,0.00044972475682832373,2.4751604608026904e-05,2.755289925278754e-13
1338.219999999938,1569.2018340265377,722.2678366636266,0.0004509904369421591,2.456793755981432e-05,2.722190557545733e-13
1338.229999999938,1569.2018340265377,722.2707496605451,0.0004522564312262097,2.4385570899017565e-05,2.68945571334328e-13
1338.239999999938,1569.2018340265377,722.2736626374254,0.00045352270875698077,2.4204495905502495e-05,2.657081730734398e-13
1338.249999999938,1569.2018340265377,722.2765755942679,0.0004547892385398592,2.4024703913952357e-05,2.625064982247891e-13
1338.259999999938,1569.2018340265377,722.2794885310726,0.00045605598951190457,2.3846186313563293e-05,2.593401874546409e-13
1338.269999999938,1569.2018340265377,722.2824014478397,0.00045732293054284473,2.3668934547713892e-05,2.562088848082055e-13
1338.279999999938,1569.2018340265377,722.2853143445691,0.00045859003044426575,2.349294011365709e-05,2.531122376806289e-13
1338.289999999938,1569.2018340265377,722.2882272212615,0.00045985725795973895,2.3318194562159e-05,2.500498967764847e-13
1338.2999999999379,1569.2018340265377,722.2911400779171,0.00046112458175656744,2.314468949726345e-05,2.4702151607378856e-13
1338.3099999999379,1569.2018340265377,722.2940529145359,0.00046239197044925723,2.297241657595371e-05,2.4402675280335656e-13
1338.3199999999379,1569.2018340265377,722.296965731118,0.00046365939260388137,2.28013675078243e-05,2.4106526741777195e-13
1338.3299999999379,1569.2018340265377,722.2998785276636,0.0004649268167080129,2.2631534054794495e-05,2.381367235438499e-13
1338.3399999999378,1569.2018340265377,722.3027913041733,0.00046619421118437187,2.2462908030770274e-05,2.3524078795788285e-13
1338.3499999999378,1569.2018340265377,722.3057040606471,0.0004674615444058756,2.229548130139387e-05,2.3237713056319914e-13
1338.3599999999378,1569.2018340265377,722.308616797085,0.0004687287846943974,2.212924578372817e-05,2.295454243580918e-13
1338.3699999999378,1569.2018340265377,722.3115295134876,0.00046999590030664886,2.1964193445904557e-05,2.2674534539725654e-13
1338.3799999999378,1569.2018340265377,722.3144422098546,0.0004712628594378302,2.1800316306902096e-05,2.2397657276541377e-13
1338.3899999999378,1569.2018340265377,722.3173548861868,0.0004725296302405004,2.163760643617339e-05,2.212387885550918e-13
1338.3999999999378,1569.2018340265377,722.3202675424839,0.00047379618080597795,2.1476055953425242e-05,2.185316778299049e-13
1338.4099999999378,1569.2018340265377,722.3231801787462,0.00047506247917216706,2.1315657028267863e-05,2.1585492859828683e-13
1338.4199999999378,1569.2018340265377,722.3260927949742,0.0004763284933204449,2.1156401879922497e-05,2.1320823178357509e-13
1338.4299999999378,1569.2018340265377,722.3290053911678,0.00047759419119790654,2.0998282776993357e-05,2.1059128120704817e-13
1338.4399999999378,1569.2018340265377,722.3319179673273,0.000478859540692356,2.084129203710283e-05,2.0800377354713998e-13
1338.4499999999377,1569.2018340265377,722.334830523453,0.0004801245096268592,2.06854220266355e-05,2.0544540831057102e-13
1338.4599999999377,1569.2018340265377,722.3377430595451,0.000481389065798095,2.0530665160457934e-05,2.029158878219785e-13
1338.4699999999377,1569.2018340265377,722.3406555756038,0.00048265317694926133,2.0377013901633332e-05,2.0041491718513234e-13
1338.4799999999377,1569.2018340265377,722.3435680716291,0.000483916810784294,2.0224460761138517e-05,1.979422042624603e-13
1338.4899999999377,1569.2018340265377,722.3464805476211,0.0004851799349450713,2.0072998297563955e-05,1.9549745963912035e-13
1338.4999999999377,1569.2018340265377,722.3493930035806,0.0004864425170371439,1.9922619116822357e-05,1.9308039660765845e-13
1338.5099999999377,1569.2018340265377,722.3523054395076,0.0004877045246334232,1.977331587192896e-05,1.9069073114481082e-13
1338.5199999999377,1569.2018340265377,722.355217855402,0.0004889659252580565,1.962508126269413e-05,1.8832818187914366e-13
1338.5299999999377,1569.2018340265377,722.3581302512641,0.0004902266863946684,1.9477908035412652e-05,1.85992470068762e-13
1338.5399999999377,1569.2018340265377,722.3610426270942,0.0004914867754752109,1.9331788982636556e-05,1.836833195733848e-13
1338.5499999999377,1569.2018340265377,722.3639549828927,0.0004927461599243497,1.9186716942867272e-05,1.8140045684597568e-13
1338.5599999999376,1569.2018340265377,722.3668673186594,0.0004940048070940124,1.904268480032993e-05,1.791436108849132e-13
1338.5699999999376,1569.2018340265377,722.3697796343947,0.0004952626843234288,1.889968548465212e-05,1.7691251323162082e-13
1338.5799999999376,1569.2018340265377,722.3726919300989,0.0004965197589077015,1.8757711970623987e-05,1.7470689793586423e-13
1338.5899999999376,1569.2018340265377,722.3756042057721,0.0004977759981046448,1.861675727792535e-05,1.7252650153497638e-13
1338.5999999999376,1569.2018340265377,722.3785164614145,0.0004990313691498179,1.847681447086554e-05,1.7037106303616078e-13
1338.6099999999376,1569.2018340265377,722.3814286970263,0.0005002858392332746,1.8337876658108232e-05,1.6824032388543853e-13
1338.6199999999376,1569.2018340265377,722.3843409126079,0.0005015393755297933,1.8199936992408785e-05,1.6613402795551807e-13
1338.6299999999376,1569.2018340265377,722.3872531081594,0.0005027919451723968,1.806298867036364e-05,1.6405192151471588e-13
1338.6399999999376,1569.2018340265377,722.3901652836805,0.0005040435152656419,1.79270249321713e-05,1.6199375320990685e-13
1338.6499999999376,1569.2018340265377,722.3930774391722,0.0005052940529017526,1.7792039061288978e-05,1.5995927404833312e-13
1338.6599999999376,1569.2018340265377,722.3959895746344,0.0005065435251113025,1.7658024384276173e-05,1.5794823736217567e-13
1338.6699999999375,1569.2018340265377,722.3989016900673,0.0005077918989402654,1.7524974270491045e-05,1.5596039881090076e-13
1338.6799999999375,1569.2018340265377,722.401813785471,0.0005090391413929975,1.7392882131841083e-05,1.5399551634209792e-13
1338.6899999999375,1569.2018340265377,722.4047258608456,0.0005102852194428641,1.7261741422525116e-05,1.5205335017414495e-13
1338.6999999999375,1569.2018340265377,722.4076379161918,0.0005115301000522977,1.713154563877167e-05,1.5013366278150054e-13
1338.7099999999375,1569.2018340265377,722.4105499515094,0.0005127737501530535,1.700228831863409e-05,1.482362188691686e-13
1338.7199999999375,1569.2018340265377,722.4134619667986,0.0005140161366768101,1.687396304170093e-05,1.4636078536074548e-13
1338.7299999999375,1569.2018340265377,722.4163739620599,0.0005152572265110012,1.6746563428843425e-05,1.44507131365579e-13
1338.7399999999375,1569.2018340265377,722.4192859372931,0.0005164969865391746,1.6620083142004247e-05,1.4267502817133472e-13
1338.7499999999375,1569.2018340265377,722.4221978924988,0.0005177353836267303,1.6494515883912837e-05,1.4086424921960431e-13
1338.7599999999375,1569.2018340265377,722.425109827677,0.0005189723846340955,1.6369855397880985e-05,1.3907457009081867e-13
1338.7699999999375,1569.2018340265377,722.4280217428279,0.0005202079563796459,1.6246095467531128e-05,1.3730576847461712e-13
1338.7799999999374,1569.2018340265377,722.4309336379519,0.0005214420656947949,1.6123229916560472e-05,1.3555762416588748e-13
1338.7899999999374,1569.2018340265377,722.4338455130488,0.0005226746793861799,1.6001252608520135e-05,1.3382991903613992e-13
1338.7999999999374,1569.2018340265377,722.4367573681192,0.0005239057642656516,1.5880157446548255e-05,1.32122437022294e-13
1338.8099999999374,1569.2018340265377,722.4396692031631,0.0005251352871101711,1.575993837315211e-05,1.3043496409837443e-13
1338.8199999999374,1569.2018340265377,722.4425810181809,0.0005263632147036125,1.5640589369967126e-05,1.2876728826795305e-13
1338.8299999999374,1569.2018340265377,722.4454928131728,0.0005275895138256622,1.552210445752272e-05,1.2711919954319338e-13
1338.8399999999374,1569.2018340265377,722.4484045881387,0.0005288141512403916,1.5404477695017837e-05,1.254904899244091e-13
1338.8499999999374,1569.2018340265377,722.4513163430788,0.0005300370937184184,1.5287703180075374e-05,1.2388095338755186e-13
1338.8599999999374,1569.2018340265377,722.4542280779938,0.0005312583080059764,1.5171775048493181e-05,1.2229038585912458e-13
1338.8699999999374,1569.2018340265377,722.4571397928836,0.0005324777608592799,1.5056687474064885e-05,1.207185852078534e-13
1338.8799999999374,1569.2018340265377,722.4600514877483,0.0005336954190488054,1.4942434668324009e-05,1.1916535122783855e-13
1338.8899999999373,1569.2018340265377,722.4629631625882,0.0005349112493173841,1.4829010880303624e-05,1.176304856118971e-13
1338.8999999999373,1569.2018340265377,722.4658748174035,0.0005361252184157382,1.4716410396328677e-05,1.1611379194321287e-13
1338.9099999999373,1569.2018340265377,722.4687864521945,0.0005373372931048171,1.4604627539782814e-05,1.1461507567893586e-13
1338.9199999999373,1569.2018340265377,722.4716980669614,0.0005385474401511794,1.4493656670902181e-05,1.1313414413286513e-13
1338.9299999999373,1569.2018340265377,722.4746096617042,0.0005397556263118233,1.4383492186531704e-05,1.1167080645560749e-13
1338.9399999999373,1569.2018340265377,722.4775212364235,0.0005409618183524335,1.4274128519904602e-05,1.1022487362235483e-13
1338.9499999999373,1569.2018340265377,722.480432791119,0.0005421659830516019,1.4165560140456712e-05,1.0879615841818506e-13
1338.9599999999373,1569.2018340265377,722.4833443257912,0.000543368087191132,1.4057781553556904e-05,1.073844754193884e-13
1338.9699999999373,1569.2018340265377,722.4862558404404,0.0005445680975636843,1.3950787300320004e-05,1.059896409797728e-13
1338.9799999999373,1569.2018340265377,722.4891673350667,0.0005457659809701695,1.3844571957398683e-05,1.0461147321467863e-13
1338.9899999999373,1569.2018340265377,722.4920788096703,0.000546961704222659,1.3739130136743687e-05,1.0324979198574315e-13
1338.9999999999372,1569.2018340265377,722.4949902642511,0.0005481552341552479,1.3634456485419206e-05,1.0190441888807012e-13
1339.0099999999372,1569.2018340265377,722.4979016988098,0.0005493465375915052,1.3530545685349191e-05,1.0057517722836496e-13
1339.0199999999372,1569.2018340265377,722.5008131133465,0.000550535581386423,1.3427392453143227e-05,9.926189201838349e-14
1339.0299999999372,1569.2018340265377,722.5037245078613,0.0005517223324154418,1.3324991539877846e-05,9.796438995774088e-14
1339.0399999999372,1569.2018340265377,722.5066358823543,0.0005529067575624716,1.3223337730887585e-05,9.668249941701218e-14
1339.0499999999372,1569.2018340265377,722.5095472368257,0.0005540888237245904,1.3122425845544958e-05,9.54160504238678e-14
1339.0599999999372,1569.2018340265377,722.512458571276,0.0005552684978299167,1.3022250737050478e-05,9.416487465164503e-14
1339.0699999999372,1569.2018340265377,722.5153698857055,0.0005564457468258448,1.2922807292254399e-05,9.292880540327458e-14
1339.0799999999372,1569.2018340265377,722.5182811801138,0.0005576205376644335,1.2824090431444181e-05,9.170767759454802e-14
1339.0899999999372,1569.2018340265377,722.5211924545015,0.0005587928373460471,1.2726095108118128e-05,9.050132774696887e-14
1339.0999999999372,1569.2018340265377,722.5241037088687,0.0005599626128706444,1.2628816308802448e-05,8.930959396596646e-14
1339.1099999999371,1569.2018340265377,722.5270149432158,0.0005611298312831214,1.2532249052839195e-05,8.813231593430773e-14
1339.1199999999371,1569.2018340265377,722.5299261575428,0.0005622944596457344,1.2436388392212508e-05,8.696933489422622e-14
1339.1299999999371,1569.2018340265377,722.53283735185,0.0005634564650378461,1.234122941131601e-05,8.582049363339937e-14
1339.1399999999371,1569.2018340265377,722.5357485261377,0.0005646158145862731,1.224676722677369e-05,8.468563647638634e-14
1339.149999999937,1569.2018340265377,722.5386596804058,0.0005657724754360885,1.2152996987247267e-05,8.356460926676776e-14
1339.159999999937,1569.2018340265377,722.5415708146547,0.0005669264147736802,1.2059913873218366e-05,8.245725935705772e-14
1339.169999999937,1569.2018340265377,722.5444819288847,0.0005680775998008703,1.1967513096819937e-05,8.136343559208369e-14
1339.179999999937,1569.2018340265377,722.547393023096,0.0005692259977643012,1.187578990162473e-05,8.028298830002372e-14
1339.189999999937,1569.2018340265377,722.5503040972887,0.0005703715759434625,1.1784739562467386e-05,7.921576927787969e-14
1339.199999999937,1569.2018340265377,722.553215151463,0.0005715143016546116,1.169435738524955e-05,7.816163177915617e-14
1339.209999999937,1569.2018340265377,722.5561261856188,0.0005726541422467305,1.1604638706739136e-05,7.7120430500446e-14
1339.219999999937,1569.2018340265377,722.559037199757,0.000573791065105774,1.151557889437813e-05,7.609202156938847e-14
1339.229999999937,1569.2018340265377,722.5619481938774,0.0005749250376642614,1.1427173346122462e-05,7.507626253379689e-14
1339.239999999937,1569.2018340265377,722.5648591679801,0.0005760560273867716,1.1339417490233817e-05,7.407301234703416e-14
1339.249999999937,1569.2018340265377,722.5677701220656,0.0005771840017837756,1.1252306785090768e-05,7.308213135751163e-14
1339.259999999937,1569.2018340265377,722.5706810561338,0.0005783089284097275,1.116583671901747e-05,7.210348129638865e-14
1339.269999999937,1569.2018340265377,722.5735919701852,0.0005794307748549591,1.1080002810086091e-05,7.113692526428979e-14
1339.279999999937,1569.2018340265377,722.57650286422,0.0005805495087645152,1.0994800605947921e-05,7.018232772184032e-14
1339.289999999937,1569.2018340265377,722.579413738238,0.0005816650978228258,1.0910225683644359e-05,6.923955447575667e-14
1339.299999999937,1569.2018340265377,722.58232459224,0.0005827775097635376,1.0826273649416762e-05,6.830847266814108e-14
1339.309999999937,1569.2018340265377,722.5852354262256,0.000583886712370471,1.074294013855271e-05,6.738895076519826e-14
1339.319999999937,1569.2018340265377,722.5881462401953,0.0005849926734692519,1.0660220815177986e-05,6.648085854428668e-14
1339.329999999937,1569.2018340265377,722.5910570341495,0.0005860953609496387,1.0578111372091988e-05,6.558406708513598e-14
1339.339999999937,1569.2018340265377,722.5939678080881,0.0005871947427395118,1.0496607530597287e-05,6.469844875551783e-14
1339.349999999937,1569.2018340265377,722.5968785620116,0.0005882907868293739,1.0415705040311307e-05,6.382387720253363e-14
1339.359999999937,1569.2018340265377,722.5997892959197,0.0005893834612593073,1.0335399679016822e-05,6.296022734020829e-14
1339.369999999937,1569.2018340265377,722.6027000098131,0.0005904727341257356,1.0255687252434482e-05,6.210737533843156e-14
1339.379999999937,1569.2018340265377,722.6056107036919,0.0005915585735794748,1.0176563594113385e-05,6.126519861246076e-14
1339.389999999937,1569.2018340265377,722.6085213775564,0.0005926409478336913,1.0098024565218087e-05,6.043357581227168e-14
1339.3999999999369,1569.2018340265377,722.6114320314064,0.0005937198251525523,1.002006605438288e-05,5.961238681079804e-14
1339.4099999999369,1569.2018340265377,722.6143426652421,0.0005947951738681384,9.942683977520218e-06,5.880151269460262e-14
1339.4199999999369,1569.2018340265377,722.6172532790645,0.0005958669623665348,9.865874277646274e-06,5.800083575168453e-14
1339.4299999999369,1569.2018340265377,722.620163872873,0.0005969351590999982,9.789632924758127e-06,5.721023946260148e-14
1339.4399999999368,1569.2018340265377,722.6230744466682,0.0005979997325904663,9.713955915618363e-06,5.642960848965137e-14
1339.4499999999368,1569.2018340265377,722.6259850004501,0.0005990606514140422,9.638839273610507e-06,5.5658828665175545e-14
1339.4599999999368,1569.2018340265377,722.6288955342189,0.0006001178842056129,9.564279048573472e-06,5.489778698166935e-14
1339.4699999999368,1569.2018340265377,722.631806047975,0.000601171399684344,9.490271316628976e-06,5.4146371583728884e-14
1339.4799999999368,1569.2018340265377,722.6347165417186,0.0006022211666369795,9.416812180027002e-06,5.340447175632742e-14
1339.4899999999368,1569.2018340265377,722.6376270154497,0.0006032671539048664,9.343897766986152e-06,5.2671977913575954e-14
1339.4999999999368,1569.2018340265377,722.6405374691686,0.0006043093303987213,9.271524231515416e-06,5.194878158984034e-14
1339.5099999999368,1569.2018340265377,722.6434479028756,0.0006053476651168184,9.199687753276172e-06,5.123477543155648e-14
1339.5199999999368,1569.2018340265377,722.6463583165707,0.0006063821271221083,9.128384537403201e-06,5.0529853185092834e-14
1339.5299999999368,1569.2018340265377,722.6492687102543,0.0006074126855409869,9.057610814359925e-06,4.983390968702916e-14
1339.5399999999368,1569.2018340265377,722.6521790839266,0.0006084393095904261,8.987362839769634e-06,4.914684085653879e-14
1339.5499999999367,1569.2018340265377,722.6550894375879,0.000609461968557211,8.917636894266914e-06,4.8468543684052755e-14
1339.5599999999367,1569.2018340265377,722.657999771238,0.0006104806317955909,8.848429283347172e-06,4.7798916221571775e-14
1339.5699999999367,1569.2018340265377,722.6609100848773,0.0006114952687541163,8.779736337192503e-06,4.713785757505866e-14
1339.5799999999367,1569.2018340265377,722.6638203785062,0.0006125058489469528,8.711554410525931e-06,4.648526789280364e-14
1339.5899999999367,1569.2018340265377,722.6667306521249,0.0006135123419698795,8.64387988246886e-06,4.584104835743594e-14
1339.5999999999367,1569.2018340265377,722.6696409057333,0.0006145147175099804,8.576709156383014e-06,4.520510117725861e-14
1339.6099999999367,1569.2018340265377,722.6725511393319,0.0006155129453255895,8.510038659708567e-06,4.457732957539445e-14
1339.6199999999367,1569.2018340265377,722.6754613529206,0.00061650699526532,8.443864843826696e-06,4.395763778218302e-14
1339.6299999999367,1569.2018340265377,722.6783715465,0.000617496837254513,8.378184183896796e-06,4.3345931024962083e-14
1339.6399999999367,1569.2018340265377,722.6812817200699,0.0006184824413143072,8.312993178728112e-06,4.274211552061951e-14
1339.6499999999367,1569.2018340265377,722.6841918736309,0.0006194637775488172,8.248288350606131e-06,4.2146098465447565e-14
1339.6599999999366,1569.2018340265377,722.6871020071831,0.0006204408161401125,8.184066245163235e-06,4.155778802612827e-14
1339.6699999999366,1569.2018340265377,722.6900121207264,0.000621413527373598,8.120323431234687e-06,4.097709333266486e-14
1339.6799999999366,1569.2018340265377,722.6929222142612,0.0006223818816190176,8.057056500693175e-06,4.040392446812285e-14
1339.6899999999366,1569.2018340265377,722.6958322877879,0.0006233458493351904,7.994262068321647e-06,3.983819246045993e-14
1339.6999999999366,1569.2018340265377,722.6987423413066,0.0006243054010748516,7.9319367716644e-06,3.927980927417453e-14
1339.7099999999366,1569.2018340265377,722.7016523748174,0.0006252605074791929,7.870077270886632e-06,3.8728687801436136e-14
1339.7199999999366,1569.2018340265377,722.7045623883204,0.0006262111392981272,7.808680248631938e-06,3.8184741854858e-14
1339.7299999999366,1569.2018340265377,722.707472381816,0.0006271572673570123,7.747742409866806e-06,3.76478861568753e-14
1339.7399999999366,1569.2018340265377,722.7103823553045,0.0006280988625871344,7.687260481761587e-06,3.711803633350029e-14
1339.7499999999366,1569.2018340265377,722.7132923087861,0.0006290358960254423,7.627231213538797e-06,3.659510890585581e-14
1339.7599999999366,1569.2018340265377,722.7162022422606,0.000629968338794565,7.5676513763435e-06,3.60790212808589e-14
1339.7699999999365,1569.2018340265377,722.7191121557285,0.0006308961621190767,7.508517763086478e-06,3.5569691743855866e-14
1339.7799999999365,1569.2018340265377,722.7220220491901,0.0006318193373305023,7.449827188321215e-06,3.506703945092889e-14
1339.7899999999365,1569.2018340265377,722.7249319226456,0.0006327378358562465,7.391576488106925e-06,3.457098442022251e-14
1339.7999999999365,1569.2018340265377,722.7278417760949,0.0006336516292256768,7.333762519879966e-06,3.408144752438784e-14
1339.8099999999365,1569.2018340265377,722.7307516095385,0.0006345606890810441,7.276382162293535e-06,3.359835048301384e-14
1339.8199999999365,1569.2018340265377,722.7336614229765,0.0006354649871545386,7.219432315108703e-06,3.312161585377779e-14
1339.8299999999365,1569.2018340265377,722.7365712164092,0.0006363644952983358,7.1629098990496735e-06,3.2651167026150584e-14
1339.8399999999365,1569.2018340265377,722.7394809898367,0.0006372591854628993,7.106811855673379e-06,3.2186928212532675e-14
1339.8499999999365,1569.2018340265377,722.7423907432592,0.00063814902971181,7.051135147239924e-06,3.1728824441374844e-14
1339.8599999999365,1569.2018340265377,722.745300476677,0.0006390340002078977,6.995876756574689e-06,3.127678154880499e-14
1339.8699999999365,1569.2018340265377,722.7482101900902,0.0006399140692349643,6.941033686949281e-06,3.0830726172259695e-14
1339.8799999999364,1569.2018340265377,722.7511198834991,0.0006407892091864479,6.8866029619365824e-06,3.039058574227148e-14
1339.8899999999364,1569.2018340265377,722.7540295569038,0.0006416593925596993,6.832581625299141e-06,2.995628847492296e-14
1339.8999999999364,1569.2018340265377,722.7569392103046,0.0006425245919706825,6.778966740846391e-06,2.9527763365041995e-14
1339.9099999999364,1569.2018340265377,722.7598488437018,0.0006433847801535951,6.72575539231567e-06,2.910494017891497e-14
1339.9199999999364,1569.2018340265377,722.7627584570952,0.00064423992994545,6.672944683249729e-06,2.8687749446354335e-14
1339.9299999999364,1569.2018340265377,722.7656680504855,0.0006450900143150186,6.620531736850419e-06,2.8276122454624236e-14
1339.9399999999364,1569.2018340265377,722.7685776238727,0.000645935006327805,6.5685136958803435e-06,2.786999123995229e-14
1339.9499999999364,1569.2018340265377,722.7714871772571,0.0006467748791873617,6.516887722522002e-06,2.7469288582113662e-14
1339.9599999999364,1569.2018340265377,722.7743967106386,0.0006476096062085364,6.4656509982623965e-06,2.7073947996272702e-14
1339.9699999999364,1569.2018340265377,722.7773062240176,0.0006484391608160677,6.414800723759939e-06,2.6683903725878043e-14
1339.9799999999364,1569.2018340265377,722.7802157173944,0.0006492635165717078,6.3643341187285e-06,2.6299090736914382e-14
1339.9899999999363,1569.2018340265377,722.7831251907692,0.0006500826471498767,6.314248421819845e-06,2.5919444710033387e-14
1339.9999999999363,1569.2018340265377,722.7860346441421,0.0006508965263537844,6.264540890496913e-06,2.5544902034341714e-14
1340.0099999999363,1569.2018340265377,722.7889440775132,0.0006517051281005006,6.215208800919643e-06,2.5175399800082863e-14
1340.0199999999363,1569.2018340265377,722.791853490883,0.0006525084264375791,6.166249447812113e-06,2.4810875792472207e-14
1340.0299999999363,1569.2018340265377,722.7947628842514,0.0006533063955416913,6.117660144365167e-06,2.4451268485135767e-14
1340.0399999999363,1569.2018340265377,722.797672257619,0.0006540990097123109,6.069438222097317e-06,2.4096517033083957e-14
1340.0499999999363,1569.2018340265377,722.8005816109855,0.0006548862433734283,6.021581030754674e-06,2.374656126636286e-14
1340.0599999999363,1569.2018340265377,722.8034909443516,0.0006556680710844936,5.974085938181256e-06,2.340134168384005e-14
1340.0699999999363,1569.2018340265377,722.8064002577172,0.0006564444675265898,5.9269503302105345e-06,2.3060799446301193e-14
1340.0799999999363,1569.2018340265377,722.8093095510824,0.0006572154075216984,5.880171610553941e-06,2.272487637076028e-14
1340.0899999999363,1569.2018340265377,722.8122188244478,0.0006579808660097497,5.833747200668036e-06,2.2393514923152277e-14
1340.0999999999362,1569.2018340265377,722.8151280778134,0.0006587408180755381,5.787674539664618e-06,2.2066658213152454e-14
1340.1099999999362,1569.2018340265377,722.8180373111794,0.0006594952389261897,5.741951084182739e-06,2.1744249987029753e-14
1340.1199999999362,1569.2018340265377,722.8209465245459,0.0006602441039135232,5.696574308283568e-06,2.1426234622252746e-14
1340.1299999999362,1569.2018340265377,722.8238557179131,0.0006609873885119416,5.651541703329684e-06,2.1112557120533442e-14
1340.1399999999362,1569.2018340265377,722.8267648912815,0.0006617250683441259,5.606850777879277e-06,2.0803163102601886e-14
1340.1499999999362,1569.2018340265377,722.8296740446513,0.0006624571191620219,5.562499057577438e-06,2.0497998801542815e-14
1340.1599999999362,1569.2018340265377,722.8325831780223,0.0006631835168574422,5.51848408504798e-06,2.019701105714059e-14
1340.1699999999362,1569.2018340265377,722.835492291395,0.0006639042374585435,5.474803419777287e-06,1.9900147309756696e-14
1340.1799999999362,1569.2018340265377,722.8384013847694,0.0006646192571352357,5.431454638009342e-06,1.9607355594609077e-14
1340.1899999999362,1569.2018340265377,722.841310458146,0.0006653285521972612,5.38843533263613e-06,1.9318584535834287e-14
1340.1999999999362,1569.2018340265377,722.8442195115249,0.0006660320990986035,5.3457431130954084e-06,1.9033783340833822e-14
1340.2099999999361,1569.2018340265377,722.8471285449061,0.0006667298744265503,5.303375605260775e-06,1.875290179416543e-14
1340.2199999999361,1569.2018340265377,722.8500375582902,0.0006674218549188437,5.2613304513306685e-06,1.8475890252279196e-14
1340.2299999999361,1569.2018340265377,722.8529465516771,0.0006681080174545591,5.219605309734636e-06,1.820269963765782e-14
1340.2399999999361,1569.2018340265377,722.8558555250669,0.0006687883390592203,5.1781978550203756e-06,1.7933281433270157e-14
1340.249999999936,1569.2018340265377,722.8587644784601,0.0006694627968981312,5.13710577774638e-06,1.76675876767849e-14
1340.259999999936,1569.2018340265377,722.8616734118569,0.000670131368292982,5.096326784386664e-06,1.7405570955532322e-14
1340.269999999936,1569.2018340265377,722.8645823252574,0.0006707940307006424,5.055858597227764e-06,1.7147184400445937e-14
1340.279999999936,1569.2018340265377,722.8674912186616,0.0006714507617376835,5.015698954261752e-06,1.6892381681223073e-14
1340.289999999936,1569.2018340265377,722.87040009207,0.000672101539158002,4.9758456090814215e-06,1.66411170003226e-14
1340.299999999936,1569.2018340265377,722.8733089454828,0.0006727463408696048,4.936296330787326e-06,1.639334508809249e-14
1340.309999999936,1569.2018340265377,722.8762177789002,0.0006733851449400186,4.8970489038840524e-06,1.6149021197553104e-14
1340.319999999936,1569.2018340265377,722.8791265923222,0.000674017929575755,4.858101128184994e-06,1.5908101098654487e-14
1340.329999999936,1569.2018340265377,722.8820353857491,0.0006746446731379713,4.819450818702479e-06,1.5670541073366098e-14
1340.339999999936,1569.2018340265377,722.8849441591811,0.0006752653541420117,4.781095805555237e-06,1.543629791051825e-14
1340.349999999936,1569.2018340265377,722.8878529126187,0.0006758799512565435,4.743033933872014e-06,1.5205328900650215e-14
1340.359999999936,1569.2018340265377,722.8907616460617,0.0006764884433114734,4.705263063693874e-06,1.4977591831086305e-14
1340.369999999936,1569.2018340265377,722.8936703595105,0.0006770908092767517,4.667781069876008e-06,1.475304498039822e-14
1340.379999999936,1569.2018340265377,722.8965790529652,0.000677687028292543,4.6305858419884374e-06,1.4531647114046917e-14
1340.389999999936,1569.2018340265377,722.8994877264261,0.0006782770796488306,4.59367528422623e-06,1.431335747899428e-14
1340.399999999936,1569.2018340265377,722.9023963798934,0.0006788609427951136,4.557047315308594e-06,1.4098135798951158e-14
1340.409999999936,1569.2018340265377,722.9053050133672,0.0006794385973380734,4.520699868391444e-06,1.3885942269483354e-14
1340.419999999936,1569.2018340265377,722.908213626848,0.0006800100230439325,4.484630890962021e-06,1.367673755314432e-14
1340.429999999936,1569.2018340265377,722.9111222203358,0.0006805751998395255,4.4488383447611945e-06,1.3470482774787297e-14
1340.439999999936,1569.2018340265377,722.9140307938304,0.0006811341078077954,4.4133202056804725e-06,1.3267139516649238e-14
1340.449999999936,1569.2018340265377,722.9169393473327,0.0006816867272055195,4.378074463662927e-06,1.3066669813933536e-14
1340.459999999936,1569.2018340265377,722.9198478808427,0.0006822330384306729,4.343099122626875e-06,1.2869036149584792e-14
1340.469999999936,1569.2018340265377,722.9227563943606,0.0006827730220623898,4.308392200366175e-06,1.2674201450367092e-14
1340.479999999936,1569.2018340265377,722.9256648878863,0.0006833066588368621,4.2739517284650875e-06,1.2482129081824613e-14
1340.489999999936,1569.2018340265377,722.9285733614201,0.0006838339296532848,4.239775752200057e-06,1.2292782843785824e-14
1340.4999999999359,1569.2018340265377,722.9314818149627,0.0006843548155748176,4.205862330449011e-06,1.2106126965851317e-14
1340.5099999999359,1569.2018340265377,722.9343902485139,0.0006848692978342723,4.172209535616964e-06,1.1922126103092647e-14
1340.5199999999359,1569.2018340265377,722.9372986620738,0.000685377357825622,4.138815453535502e-06,1.1740745331383416e-14
1340.5299999999359,1569.2018340265377,722.9402070556428,0.0006858789771160874,4.1056781833749955e-06,1.1561950143202737e-14
1340.5399999999358,1569.2018340265377,722.9431154292209,0.0006863741374340446,4.072795837562412e-06,1.1385706443085129e-14
1340.5499999999358,1569.2018340265377,722.9460237828088,0.0006868628206774712,4.0401665416879885e-06,1.1211980543398157e-14
1340.5599999999358,1569.2018340265377,722.9489321164062,0.0006873450089200589,4.007788434427948e-06,1.1040739160194731e-14
1340.5699999999358,1569.2018340265377,722.9518404300135,0.0006878206843961584,3.9756596674521574e-06,1.0871949408672397e-14
1340.5799999999358,1569.2018340265377,722.954748723631,0.0006882898295157356,3.943778405335241e-06,1.0705578799178312e-14
1340.5899999999358,1569.2018340265377,722.9576569972586,0.0006887524268574495,3.91214282548671e-06,1.0541595232994887e-14
1340.5999999999358,1569.2018340265377,722.9605652508968,0.0006892084591735901,3.8807511180456645e-06,1.0379966998156271e-14
1340.6099999999358,1569.2018340265377,722.9634734845457,0.0006896579093870646,3.849601485815589e-06,1.022066276539229e-14
1340.6199999999358,1569.2018340265377,722.9663816982056,0.0006901007605901791,3.818692144170024e-06,1.0063651583979397e-14
1340.6299999999358,1569.2018340265377,722.9692898918767,0.0006905369960570519,3.7880213209759906e-06,9.908902877918547e-15
1340.6399999999358,1569.2018340265377,722.9721980655588,0.0006909665992311628,3.7575872565104968e-06,9.756386441741245e-15
1340.6499999999357,1569.2018340265377,722.9751062192526,0.0006913895537297764,3.7273882033728946e-06,9.606072436580021e-15
1340.6599999999357,1569.2018340265377,722.9780143529582,0.0006918058433462078,3.6974224264096275e-06,9.457931386301527e-15
1340.6699999999357,1569.2018340265377,722.9809224666758,0.0006922154520506745,3.667688202635895e-06,9.311934173633789e-15
1340.6799999999357,1569.2018340265377,722.9838305604055,0.0006926183639922273,3.638183821149454e-06,9.168052036299637e-15
1340.6899999999357,1569.2018340265377,722.9867386341475,0.0006930145634904828,3.608907583054471e-06,9.026256563099295e-15
1340.6999999999357,1569.2018340265377,722.989646687902,0.0006934040350491434,3.5798578013798705e-06,8.886519690287245e-15
1340.7099999999357,1569.2018340265377,722.9925547216694,0.0006937867633465883,3.5510328009996327e-06,8.748813697685469e-15
1340.7199999999357,1569.2018340265377,722.9954627354498,0.000694162733242663,3.5224309185611386e-06,8.613111205081163e-15
1340.7299999999357,1569.2018340265377,722.9983707292432,0.000694531929774575,3.4940505024018133e-06,8.479385168456921e-15
1340.7399999999357,1569.2018340265377,723.0012787030503,0.0006948943381587312,3.465889912468463e-06,8.347608876343205e-15
1340.7499999999357,1569.2018340265377,723.0041866568706,0.000695249943796674,3.437947520253696e-06,8.21775594633101e-15
1340.7599999999356,1569.2018340265377,723.0070945907049,0.0006955987322675794,3.4102217087008418e-06,8.089800321300442e-15
1340.7699999999356,1569.2018340265377,723.0100025045532,0.000695940689330465,3.382710872144517e-06,7.963716265972059e-15
1340.7799999999356,1569.2018340265377,723.0129103984158,0.0006962758009295474,3.3554134162253566e-06,7.839478363397758e-15
1340.7899999999356,1569.2018340265377,723.0158182722928,0.0006966040531926783,3.3283277578204414e-06,7.717061511474685e-15
1340.7999999999356,1569.2018340265377,723.0187261261842,0.000696925432428718,3.3014523249676254e-06,7.596440919450688e-15
1340.8099999999356,1569.2018340265377,723.0216339600906,0.0006972399251297913,3.274785556785283e-06,7.477592104494532e-15
1340.8199999999356,1569.2018340265377,723.0245417740122,0.0006975475179744549,3.248325903408136e-06,7.36049088837762e-15
1340.8299999999356,1569.2018340265377,723.0274495679489,0.0006978481978239872,3.2220718259098733e-06,7.24511339404958e-15
1340.8399999999356,1569.2018340265377,723.030357341901,0.000698141951727228,3.196021796230432e-06,7.131436042356331e-15
1340.8499999999356,1569.2018340265377,723.0332650958686,0.0006984287669171804,3.1701742971028044e-06,7.019435548697968e-15
1340.8599999999356,1569.2018340265377,723.0361728298523,0.0006987086308125638,3.1445278219802184e-06,6.909088919770063e-15
1340.8699999999355,1569.2018340265377,723.0390805438522,0.0006989815310195978,3.11908087496893e-06,6.800373450359431e-15
1340.8799999999355,1569.2018340265377,723.041988237868,0.0006992474553317545,3.093831970759039e-06,6.693266720138265e-15
1340.8899999999355,1569.2018340265377,723.0448959119005,0.0006995063917306731,3.0687796345432854e-06,6.5877465904461715e-15
1340.8999999999355,1569.2018340265377,723.0478035659496,0.0006997583283841577,3.0439224019587943e-06,6.483791201172769e-15
1340.9099999999355,1569.2018340265377,723.0507112000157,0.0007000032536508323,3.0192588190087065e-06,6.381378967643681e-15
1340.9199999999355,1569.2018340265377,723.0536188140989,0.0007002411560767589,2.9947874420007218e-06,6.280488577531033e-15
1340.9299999999355,1569.2018340265377,723.0565264081993,0.0007004720243976062,2.970506837472574e-06,6.18109898778791e-15
1340.9399999999355,1569.2018340265377,723.0594339823173,0.000700695847540174,2.946415582124742e-06,6.0831894216340175e-15
1340.9499999999355,1569.2018340265377,723.0623415364529,0.0007009126146197554,2.922512262756237e-06,5.986739365544421e-15
1340.9599999999355,1569.2018340265377,723.0652490706065,0.0007011223149432994,2.8987954761915614e-06,5.891728566279918e-15
1340.9699999999355,1569.2018340265377,723.0681565847781,0.0007013249380094842,2.875263829218341e-06,5.79813702796049e-15
1340.9799999999354,1569.2018340265377,723.0710640789682,0.0007015204735051372,2.8519159385159995e-06,5.705945009099132e-15
1340.9899999999354,1569.2018340265377,723.0739715531769,0.0007017089113129862,2.828750430596068e-06,5.615133019803046e-15
1340.9999999999354,1569.2018340265377,723.076879007404,0.0007018902415073107,2.8057659417325644e-06,5.525681818859564e-15
1341.0099999999354,1569.2018340265377,723.0797864416503,0.0007020644543530196,2.7829611178921973e-06,5.4375724108784724e-15
1341.0199999999354,1569.2018340265377,723.0826938559159,0.000702231540308682,2.7603346146765935e-06,5.350786043538658e-15
1341.0299999999354,1569.2018340265377,723.0856012502007,0.0007023914900273934,2.7378850972567316e-06,5.265304204810863e-15
1341.0399999999354,1569.2018340265377,723.088508624505,0.0007025442943561152,2.7156112403060855e-06,5.181108620189588e-15
1341.0499999999354,1569.2018340265377,723.091415978829,0.0007026899443339923,2.693511727936896e-06,5.098181249955971e-15
1341.0599999999354,1569.2018340265377,723.0943233131733,0.0007028284311957169,2.671585253634228e-06,5.016504286494943e-15
1341.0699999999354,1569.2018340265377,723.0972306275377,0.0007029597463710702,2.6498305202032983e-06,4.9360601516582234e-15
1341.0799999999354,1569.2018340265377,723.1001379219223,0.0007030838814851428,2.6282462396973883e-06,4.8568314940837596e-15
1341.0899999999353,1569.2018340265377,723.1030451963276,0.0007032008283572555,2.6068311333557e-06,4.778801186569154e-15
1341.0999999999353,1569.2018340265377,723.1059524507538,0.000703310579002776,2.585583931545825e-06,4.701952323506579e-15
1341.1099999999353,1569.2018340265377,723.1088596852009,0.0007034131256342059,2.5645033737022378e-06,4.626268218321001e-15
1341.1199999999353,1569.2018340265377,723.1117668996692,0.0007035084606597934,2.543588208261066e-06,4.551732400902688e-15
1341.1299999999353,1569.2018340265377,723.1146740941589,0.0007035965766840765,2.5228371926036647e-06,4.47832861510895e-15
1341.1399999999353,1569.2018340265377,723.1175812686704,0.0007036774665084523,2.5022490929921955e-06,4.406040816260707e-15
1341.1499999999353,1569.2018340265377,723.1204884232037,0.0007037511231328902,2.4818226845154155e-06,4.334853168705837e-15
1341.1599999999353,1569.2018340265377,723.1233955577588,0.0007038175397533219,2.4615567510258614e-06,4.264750043348036e-15
1341.1699999999353,1569.2018340265377,723.1263026723362,0.0007038767097640837,2.4414500850775903e-06,4.195716015233222e-15
1341.1799999999353,1569.2018340265377,723.1292097669364,0.0007039286267576421,2.421501487870612e-06,4.1277358611650255e-15
1341.1899999999353,1569.2018340265377,723.1321168415591,0.0007039732845243897,2.401709769196319e-06,4.060794557346715e-15
1341.1999999999352,1569.2018340265377,723.1350238962045,0.0007040106770540528,2.382073747374027e-06,3.994877277024732e-15
1341.2099999999352,1569.2018340265377,723.1379309308729,0.000704040798534289,2.3625922491939775e-06,3.929969388160812e-15
1341.2199999999352,1569.2018340265377,723.1408379455648,0.0007040636433521163,2.3432641098586985e-06,3.866056451137351e-15
1341.2299999999352,1569.2018340265377,723.1437449402802,0.0007040792060937823,2.3240881729327626e-06,3.803124216503552e-15
1341.2399999999352,1569.2018340265377,723.1466519150192,0.0007040874815451917,2.3050632902786563e-06,3.7411586227005656e-15
1341.2499999999352,1569.2018340265377,723.149558869782,0.0007040884646917744,2.2861883220058183e-06,3.6801457938490334e-15
1341.2599999999352,1569.2018340265377,723.1524658045689,0.0007040821507184726,2.267462136410234e-06,3.620072037528087e-15
1341.2699999999352,1569.2018340265377,723.1553727193804,0.0007040685350110104,2.248883609920546e-06,3.560923842603787e-15
1341.2799999999352,1569.2018340265377,723.1582796142161,0.0007040476131551175,2.2304516270478273e-06,3.5026878770794087e-15
1341.2899999999352,1569.2018340265377,723.1611864890766,0.0007040193809368159,2.212165080322137e-06,3.445350985930643e-15
1341.2999999999352,1569.2018340265377,723.1640933439622,0.0007039838343432312,2.194022870243071e-06,3.388900189008823e-15
1341.3099999999351,1569.2018340265377,723.1670001788727,0.0007039409695615488,2.1760239052284674e-06,3.333322678949479e-15
1341.3199999999351,1569.2018340265377,723.1699069938086,0.0007038907829803808,2.15816710155279e-06,3.278605819081553e-15
1341.3299999999351,1569.2018340265377,723.1728137887701,0.0007038332711894109,2.1404513832987024e-06,3.224737141389608e-15
1341.3399999999351,1569.2018340265377,723.1757205637573,0.0007037684309802932,2.1228756823052746e-06,3.1717043444914413e-15
1341.349999999935,1569.2018340265377,723.1786273187706,0.0007036962593446048,2.1054389381103872e-06,3.1194952916050893e-15
1341.359999999935,1569.2018340265377,723.1815340538097,0.0007036167534771483,2.0881400979058162e-06,3.0680980085981345e-15
1341.369999999935,1569.2018340265377,723.1844407688753,0.0007035299107731012,2.070978116474231e-06,3.0175006819752656e-15
1341.379999999935,1569.2018340265377,723.1873474639677,0.0007034357288303091,2.0539519561456206e-06,2.967691656966284e-15
1341.389999999935,1569.2018340265377,723.1902541390868,0.0007033342054485731,2.0370605867464524e-06,2.9186594355981965e-15
1341.399999999935,1569.2018340265377,723.1931607942329,0.0007032253386286035,2.0203029855438533e-06,2.8703926747714816e-15
1341.409999999935,1569.2018340265377,723.1960674294058,0.00070310912657403,2.0036781371981292e-06,2.8228801843924684e-15
1341.419999999935,1569.2018340265377,723.1989740446065,0.0007029855676920376,1.9871850337064916e-06,2.776110925493541e-15
1341.429999999935,1569.2018340265377,723.2018806398348,0.0007028546605892831,1.9708226743626247e-06,2.730074008398439e-15
1341.439999999935,1569.2018340265377,723.2047872150907,0.0007027164040770917,1.954590065700976e-06,2.684758690900036e-15
1341.449999999935,1569.2018340265377,723.2076937703748,0.0007025707971681667,1.9384862214447546e-06,2.6401543764337915e-15
1341.459999999935,1569.2018340265377,723.2106003056871,0.0007024178390797226,1.9225101624631187e-06,2.596250612319824e-15
1341.469999999935,1569.2018340265377,723.2135068210276,0.000702257529227915,1.9066609167184038e-06,2.5530370879629567e-15
1341.479999999935,1569.2018340265377,723.2164133163969,0.0007020898672339107,1.8909375192164102e-06,2.5105036331232287e-15
1341.489999999935,1569.2018340265377,723.219319791795,0.0007019148529226334,1.8753390119624755e-06,2.468640216191836e-15
1341.499999999935,1569.2018340265377,723.2222262472222,0.0007017324863185356,1.8598644439085591e-06,2.42743694245107e-15
1341.509999999935,1569.2018340265377,723.2251326826787,0.0007015427676526274,1.8445128709105354e-06,2.3868840524187906e-15
1341.519999999935,1569.2018340265377,723.2280390981645,0.0007013456973552105,1.829283355677746e-06,2.3469719201396927e-15
1341.529999999935,1569.2018340265377,723.2309454936799,0.0007011412760610976,1.8141749677254681e-06,2.3076910515453364e-15
1341.539999999935,1569.2018340265377,723.2338518692254,0.0007009295046086716,1.799186783328746e-06,2.269032082813247e-15
1341.549999999935,1569.2018340265377,723.236758224801,0.0007007103840379787,1.784317885479496e-06,2.2309857787484635e-15
1341.559999999935,1569.2018340265377,723.2396645604066,0.0007004839155908432,1.7695673638362335e-06,2.1935430311702262e-15
1341.569999999935,1569.2018340265377,723.2425708760426,0.0007002501007134269,1.7549343146788383e-06,2.1566948573358592e-15
1341.579999999935,1569.2018340265377,723.2454771717096,0.0007000089410563217,1.7404178408613578e-06,2.1204323983681745e-15
1341.589999999935,1569.2018340265377,723.2483834474075,0.0006997604384684967,1.7260170517729984e-06,2.08474691770106e-15
1341.5999999999349,1569.2018340265377,723.2512897031363,0.0006995045950054066,1.7117310632885786e-06,2.0496297995586905e-15
1341.6099999999349,1569.2018340265377,723.2541959388965,0.000699241412922818,1.6975589977221975e-06,2.0150725474156003e-15
1341.6199999999349,1569.2018340265377,723.2571021546881,0.0006989708946806059,1.6834999837868124e-06,1.9810667825170164e-15
1341.6299999999349,1569.2018340265377,723.2600083505116,0.0006986930429413653,1.6695531565473154e-06,1.9476042423838934e-15
1341.6399999999348,1569.2018340265377,723.2629145263669,0.0006984078605679173,1.655717657379506e-06,1.9146767793450987e-15
1341.6499999999348,1569.2018340265377,723.2658206822543,0.0006981153506273538,1.6419926339232616e-06,1.8822763590899075e-15
1341.6599999999348,1569.2018340265377,723.2687268181743,0.0006978155163927908,1.6283772400409417e-06,1.850395059241102e-15
1341.6699999999348,1569.2018340265377,723.2716329341265,0.0006975083613312134,1.6148706357770694e-06,1.8190250679094078e-15
1341.6799999999348,1569.2018340265377,723.2745390301116,0.0006971938891170759,1.601471987309253e-06,1.788158682312507e-15
1341.6899999999348,1569.2018340265377,723.2774451061296,0.0006968721036277736,1.5881804669116232e-06,1.7577883073883322e-15
1341.6999999999348,1569.2018340265377,723.2803511621809,0.0006965430089396408,1.5749952529095125e-06,1.7279064544058798e-15
1341.7099999999348,1569.2018340265377,723.2832571982655,0.0006962066093335895,1.5619155296401978e-06,1.698505739628921e-15
1341.7199999999348,1569.2018340265377,723.2861632143835,0.0006958629092907014,1.5489404874091967e-06,1.6695788829589916e-15
1341.7299999999348,1569.2018340265377,723.2890692105353,0.0006955119134942493,1.5360693224479734e-06,1.6411187066124285e-15
1341.7399999999348,1569.2018340265377,723.2919751867213,0.0006951536268287895,1.5233012368754044e-06,1.6131181338125963e-15
1341.7499999999347,1569.2018340265377,723.2948811429414,0.0006947880543808697,1.5106354386564647e-06,1.5855701874941674e-15
1341.7599999999347,1569.2018340265377,723.2977870791958,0.000694415201435208,1.4980711415616956e-06,1.558467989012901e-15
1341.7699999999347,1569.2018340265377,723.3006929954847,0.0006940350734831963,1.4856075651249266e-06,1.5318047568938964e-15
1341.7799999999347,1569.2018340265377,723.3035988918086,0.0006936476762137683,1.4732439346043392e-06,1.5055738055606017e-15
1341.7899999999347,1569.2018340265377,723.3065047681677,0.0006932530155160892,1.4609794809446194e-06,1.4797685441069129e-15
1341.7999999999347,1569.2018340265377,723.3094106245617,0.0006928510974800288,1.4488134407369763e-06,1.454382475073154e-15
1341.8099999999347,1569.2018340265377,723.3123164609912,0.0006924419283980649,1.4367450561765243e-06,1.4294091932332017e-15
1341.8199999999347,1569.2018340265377,723.3152222774563,0.0006920255147610035,1.4247735750267267e-06,1.4048423843963277e-15
1341.8299999999347,1569.2018340265377,723.3181280739573,0.0006916018632603559,1.4128982505801264e-06,1.3806758242288257e-15
1341.8399999999347,1569.2018340265377,723.3210338504942,0.0006911709807851216,1.4011183416189689e-06,1.3569033770771337e-15
1341.8499999999347,1569.2018340265377,723.3239396070674,0.0006907328744290361,1.3894331123779006e-06,1.3335189948288608e-15
1341.8599999999346,1569.2018340265377,723.3268453436772,0.0006902875514827754,1.3778418325037257e-06,1.3105167157510144e-15
1341.8699999999346,1569.2018340265377,723.3297510603236,0.0006898350194304228,1.366343777022237e-06,1.2878906633640131e-15
1341.8799999999346,1569.2018340265377,723.3326567570066,0.0006893752859655075,1.3549382262975122e-06,1.2656350453503443e-15
1341.8899999999346,1569.2018340265377,723.3355624337269,0.0006889083589715449,1.3436244659925037e-06,1.243744152411379e-15
1341.8999999999346,1569.2018340265377,723.3384680904845,0.0006884342465378539,1.3324017870369736e-06,1.222212357216468e-15
1341.9099999999346,1569.2018340265377,723.3413737272796,0.0006879529569463664,1.3212694855889049e-06,1.2010341132984315e-15
1341.9199999999346,1569.2018340265377,723.3442793441122,0.000687464498675761,1.310226862996705e-06,1.180203953994895e-15
1341.9299999999346,1569.2018340265377,723.3471849409826,0.0006869688804088984,1.2992732257642486e-06,1.1597164914116643e-15
1341.9399999999346,1569.2018340265377,723.3500905178914,0.0006864661110231549,1.288407885512285e-06,1.139566415361794e-15
1341.9499999999346,1569.2018340265377,723.3529960748385,0.0006859561995920347,1.2776301589477712e-06,1.1197484923506396e-15
1341.9599999999346,1569.2018340265377,723.3559016118239,0.0006854391553833207,1.266939367824864e-06,1.1002575645517622e-15
1341.9699999999345,1569.2018340265377,723.3588071288482,0.0006849149878679374,1.256334838907961e-06,1.0810885488154437e-15
1341.9799999999345,1569.2018340265377,723.3617126259112,0.0006843837067113641,1.2458159039411777e-06,1.0622364356712734e-15
1341.9899999999345,1569.2018340265377,723.3646181030135,0.0006838453217711146,1.2353818996085425e-06,1.0436962883365845e-15
1341.9999999999345,1569.2018340265377,723.3675235601551,0.0006832998431011618,1.225032167504263e-06,1.0254632417642228e-15
1342.0099999999345,1569.2018340265377,723.3704289973361,0.0006827472809541308,1.21476605409424e-06,1.0075325016824715e-15
1342.0199999999345,1569.2018340265377,723.3733344145571,0.0006821876457801273,1.2045829106835303e-06,9.89899343650913e-16
1342.0299999999345,1569.2018340265377,723.3762398118178,0.0006816209482143306,1.1944820933843614e-06,9.725591121120865e-16
1342.0399999999345,1569.2018340265377,723.3791451891187,0.0006810471990920525,1.1844629630772397e-06,9.55507219482923e-16
1342.0499999999345,1569.2018340265377,723.38205054646,0.0006804664094498967,1.1745248853829985e-06,9.387391452534467e-16
1342.0599999999345,1569.2018340265377,723.3849558838419,0.0006798785905028092,1.1646672306263135e-06,9.22250435049193e-16
1342.0699999999345,1569.2018340265377,723.3878612012646,0.0006792837536727989,1.1548893738034663e-06,9.060366997831146e-16
1342.0799999999344,1569.2018340265377,723.3907664987281,0.000678681910564851,1.145190694550204e-06,8.90093614744718e-16
1342.0899999999344,1569.2018340265377,723.3936717762328,0.0006780730729858014,1.1355705771068516e-06,8.744169187537991e-16
1342.0999999999344,1569.2018340265377,723.3965770337792,0.0006774572529278321,1.126028410287794e-06,8.590024132838184e-16
1342.1099999999344,1569.2018340265377,723.399482271367,0.0006768344625765507,1.1165635874503898e-06,8.438459616270853e-16
1342.1199999999344,1569.2018340265377,723.4023874889965,0.0006762047143100112,1.1071755064603036e-06,8.289434880522678e-16
1342.1299999999344,1569.2018340265377,723.4052926866678,0.0006755680206999873,1.0978635696612746e-06,8.142909769813758e-16
1342.1399999999344,1569.2018340265377,723.4081978643818,0.0006749243945045346,1.0886271838409795e-06,7.998844721601333e-16
1342.1499999999344,1569.2018340265377,723.411103022138,0.000674273848674667,1.0794657602054695e-06,7.857200758680143e-16
1342.1599999999344,1569.2018340265377,723.4140081599368,0.000673616396346024,1.0703787143425764e-06,7.71793948103424e-16
1342.1699999999344,1569.2018340265377,723.4169132777785,0.0006729520508533787,1.0613654661920651e-06,7.581023058150915e-16
1342.1799999999344,1569.2018340265377,723.4198183756632,0.0006722808257123014,1.052425440016681e-06,7.44641422105924e-16
1342.1899999999343,1569.2018340265377,723.422723453591,0.0006716027346363734,1.0435580643711986e-06,7.314076254839509e-16
1342.1999999999343,1569.2018340265377,723.4256285115623,0.0006709177915115664,1.034762772068986e-06,7.183972990711998e-16
1342.2099999999343,1569.2018340265377,723.4285335495773,0.0006702260104246602,1.0260390001563985e-06,7.05606879892322e-16
1342.2199999999343,1569.2018340265377,723.4314385676362,0.000669527405648593,1.017386189880022e-06,6.930328581144018e-16
1342.2299999999343,1569.2018340265377,723.4343435657393,0.0006688219916383933,1.0088037866573403e-06,6.80671776312814e-16
1342.2399999999343,1569.2018340265377,723.4372485438862,0.0006681097830399889,1.0002912400495046e-06,6.685202287619172e-16
1342.2499999999343,1569.2018340265377,723.4401535020778,0.000667390794678686,9.91848003726643e-07,6.565748607034467e-16
1342.2599999999343,1569.2018340265377,723.4430584403142,0.0006666650415766428,9.834735354440896e-07,6.448323676674188e-16
1342.2699999999343,1569.2018340265377,723.4459633585955,0.0006659325389265409,9.751672970113882e-07,6.332894947483341e-16
1342.2799999999343,1569.2018340265377,723.4488682569217,0.0006651933021207508,9.669287542635398e-07,6.219430359472763e-16
1342.2899999999343,1569.2018340265377,723.4517731352931,0.0006644473467169287,9.58757377032432e-07,6.107898334612967e-16
1342.2999999999342,1569.2018340265377,723.4546779937103,0.000663694688479865,9.506526391168721e-07,5.998267770514208e-16
1342.3099999999342,1569.2018340265377,723.4575828321732,0.0006629353433361929,9.426140182582402e-07,5.89050803344594e-16
1342.3199999999342,1569.2018340265377,723.4604876506819,0.0006621693274063667,9.346409961095761e-07,5.784588952069205e-16
1342.3299999999342,1569.2018340265377,723.4633924492366,0.0006613966569893452,9.267330582081272e-07,5.680480810857832e-16
1342.3399999999342,1569.2018340265377,723.4662972278377,0.0006606173485703996,9.188896939476985e-07,5.578154343804587e-16
1342.3499999999342,1569.2018340265377,723.4692019864855,0.0006598314188011034,9.111103965515562e-07,5.47758072797409e-16
1342.3599999999342,1569.2018340265377,723.4721067251797,0.0006590388845339579,9.033946630466494e-07,5.378731577611e-16
1342.3699999999342,1569.2018340265377,723.4750114439211,0.0006582397627874298,8.957419942328988e-07,5.281578937677648e-16
1342.3799999999342,1569.2018340265377,723.4779161427097,0.000657434070760512,8.881518946593421e-07,5.186095277969328e-16
1342.3899999999342,1569.2018340265377,723.4808208215454,0.0006566218258397595,8.806238725973785e-07,5.092253487197927e-16
1342.3999999999342,1569.2018340265377,723.4837254804287,0.0006558030455747725,8.731574400121622e-07,5.000026866881973e-16
1342.4099999999341,1569.2018340265377,723.4866301193598,0.0006549777477110134,8.657521125374415e-07,4.909389125798994e-16
1342.4199999999341,1569.2018340265377,723.489534738339,0.0006541459501559986,8.584074094496614e-07,4.820314373984434e-16
1342.4299999999341,1569.2018340265377,723.4924393373664,0.0006533076710003817,8.511228536419473e-07,4.732777117223783e-16
1342.4399999999341,1569.2018340265377,723.4953439164418,0.0006524629285071874,8.438979715985331e-07,4.646752251377279e-16
1342.449999999934,1569.2018340265377,723.498248475566,0.0006516117411206702,8.367322933665797e-07,4.562215056891031e-16
1342.459999999934,1569.2018340265377,723.5011530147391,0.0006507541274543637,8.296253525340795e-07,4.479141193294756e-16
1342.469999999934,1569.2018340265377,723.5040575339613,0.0006498901063031577,8.225766862028402e-07,4.397506693883936e-16
1342.479999999934,1569.2018340265377,723.5069620332324,0.0006490196966210826,8.155858349644444e-07,4.3172879602653635e-16
1342.489999999934,1569.2018340265377,723.5098665125529,0.0006481429175487309,8.086523428733352e-07,4.238461757278298e-16
1342.499999999934,1569.2018340265377,723.5127709719231,0.0006472597883985366,8.017757574228773e-07,4.16100520772402e-16
1342.509999999934,1569.2018340265377,723.5156754113433,0.0006463703286431558,7.949556295217673e-07,4.084895787193139e-16
1342.519999999934,1569.2018340265377,723.5185798308133,0.0006454745579385332,7.881915134690193e-07,4.0101113191651097e-16
1342.529999999934,1569.2018340265377,723.5214842303336,0.0006445724961018286,7.814829669285887e-07,3.936629969877503e-16
1342.539999999934,1569.2018340265377,723.5243886099042,0.000643664163130271,7.748295509065505e-07,3.8644302435441105e-16
1342.549999999934,1569.2018340265377,723.5272929695257,0.0006427495791787738,7.68230829725817e-07,3.793490977355019e-16
1342.559999999934,1569.2018340265377,723.5301973091978,0.0006418287645759872,7.61686371004395e-07,3.723791336810295e-16
1342.569999999934,1569.2018340265377,723.533101628921,0.0006409017398219602,7.551957456291279e-07,3.6553108109548936e-16
1342.579999999934,1569.2018340265377,723.5360059286957,0.0006399685255817713,7.487585277340156e-07,3.5880292076979596e-16
1342.589999999934,1569.2018340265377,723.5389102085217,0.0006390291426818014,7.42374294676854e-07,3.5219266491928575e-16
1342.599999999934,1569.2018340265377,723.5418144683991,0.000638083612117761,7.360426270152821e-07,3.4569835673361e-16
1342.609999999934,1569.2018340265377,723.5447187083287,0.0006371319550539357,7.297631084830355e-07,3.3931806992753974e-16
1342.619999999934,1569.2018340265377,723.5476229283103,0.0006361741928184693,7.235353259693058e-07,3.3304990829838504e-16
1342.629999999934,1569.2018340265377,723.5505271283442,0.0006352103468904427,7.173588694940522e-07,3.2689200528131136e-16
1342.639999999934,1569.2018340265377,723.5534313084305,0.000634240438933366,7.112333321871305e-07,3.208425235379748e-16
1342.649999999934,1569.2018340265377,723.5563354685694,0.0006332644907548311,7.051583102639538e-07,3.1489965450903374e-16
1342.659999999934,1569.2018340265377,723.5592396087615,0.000632282524339769,6.991334030037565e-07,3.0906161801262064e-16
1342.669999999934,1569.2018340265377,723.5621437290066,0.0006312945618180479,6.931582127293614e-07,3.0332666181626654e-16
1342.679999999934,1569.2018340265377,723.565047829305,0.0006303006254884529,6.872323447833233e-07,2.9769306123919167e-16
1342.689999999934,1569.2018340265377,723.5679519096567,0.0006293007378106329,6.813554075063653e-07,2.921591187458894e-16
1342.6999999999339,1569.2018340265377,723.5708559700622,0.0006282949214082496,6.7552701221574e-07,2.8672316355037517e-16
1342.7099999999339,1569.2018340265377,723.5737600105218,0.000627283199043711,6.697467731839588e-07,2.8138355121301485e-16
1342.7199999999339,1569.2018340265377,723.5766640310355,0.0006262655936502603,6.640143076180798e-07,2.761386632693722e-16
1342.7299999999339,1569.2018340265377,723.5795680316035,0.0006252421283203917,6.583292356375938e-07,2.709869068424983e-16
1342.7399999999338,1569.2018340265377,723.582472012226,0.0006242128263019986,6.52691180252913e-07,2.659267142645784e-16
1342.7499999999338,1569.2018340265377,723.5853759729033,0.0006231777109894254,6.470997673459932e-07,2.6095654270328417e-16
1342.7599999999338,1569.2018340265377,723.5882799136355,0.0006221368059353312,6.415546256482171e-07,2.5607487379968063e-16
1342.7699999999338,1569.2018340265377,723.5911838344228,0.0006210901348490027,6.360553867199882e-07,2.512802133063603e-16
1342.7799999999338,1569.2018340265377,723.5940877352657,0.0006200377215898575,6.306016849306356e-07,2.465710907287261e-16
1342.7899999999338,1569.2018340265377,723.5969916161641,0.0006189795901779236,6.251931574380743e-07,2.419460589776663e-16
1342.7999999999338,1569.2018340265377,723.599895477118,0.000617915764767194,6.198294441687578e-07,2.3740369401240383e-16
1342.8099999999338,1569.2018340265377,723.6027993181281,0.0006168462696727298,6.145101877957136e-07,2.329425945078293e-16
1342.8199999999338,1569.2018340265377,723.6057031391944,0.0006157711293655167,6.092350337211263e-07,2.2856138151681505e-16
1342.8299999999338,1569.2018340265377,723.6086069403171,0.0006146903684562298,6.040036300552504e-07,2.242586981303252e-16
1342.8399999999338,1569.2018340265377,723.6115107214964,0.0006136040116972685,5.98815627597359e-07,2.2003320915067225e-16
1342.8499999999337,1569.2018340265377,723.6144144827323,0.0006125120840094528,5.936706798155677e-07,2.1588360077689503e-16
1342.8599999999337,1569.2018340265377,723.6173182240254,0.0006114146104457992,5.885684428266558e-07,2.1180858027170477e-16
1342.8699999999337,1569.2018340265377,723.6202219453758,0.0006103116162030691,5.835085753791889e-07,2.0780687565266613e-16
1342.8799999999337,1569.2018340265377,723.6231256467835,0.0006092031266336543,5.784907388323638e-07,2.03877235384152e-16
1342.8899999999337,1569.2018340265377,723.6260293282488,0.0006080891672175175,5.735145971376015e-07,2.000184280619134e-16
1342.8999999999337,1569.2018340265377,723.6289329897719,0.0006069697635967284,5.685798168198623e-07,1.9622924212273886e-16
1342.9099999999337,1569.2018340265377,723.6318366313532,0.0006058449415447897,5.636860669581217e-07,1.9250848553569722e-16
1342.9199999999337,1569.2018340265377,723.6347402529925,0.0006047147269754752,5.588330191682853e-07,1.888549855124393e-16
1342.9299999999337,1569.2018340265377,723.6376438546904,0.0006035791459575006,5.540203475827747e-07,1.852675882206561e-16
1342.9399999999337,1569.2018340265377,723.640547436447,0.0006024382246803889,5.492477288335063e-07,1.817451584885858e-16
1342.9499999999337,1569.2018340265377,723.6434509982624,0.0006012919894882718,5.445148420336323e-07,1.7828657953373635e-16
1342.9599999999336,1569.2018340265377,723.6463545401367,0.0006001404668521943,5.398213687588609e-07,1.7489075267617296e-16
1342.9699999999336,1569.2018340265377,723.6492580620704,0.0005989836833849023,5.351669930289318e-07,1.715565970687139e-16
1342.9799999999336,1569.2018340265377,723.6521615640637,0.0005978216658453477,5.305514012912157e-07,1.6828304942886967e-16
1342.9899999999336,1569.2018340265377,723.6550650461166,0.0005966544411135334,5.259742824022259e-07,1.6506906376475602e-16
1342.9999999999336,1569.2018340265377,723.6579685082294,0.0005954820362079823,5.214353276100054e-07,1.619136111175272e-16
1343.0099999999336,1569.2018340265377,723.6608719504021,0.0005943044782860606,5.169342305364376e-07,1.58815679302256e-16
1343.0199999999336,1569.2018340265377,723.6637753726353,0.000593121794642114,5.124706871597197e-07,1.5577427265187923e-16
1343.0299999999336,1569.2018340265377,723.6666787749291,0.000591934012686551,5.080443957979622e-07,1.52788411760458e-16
1343.0399999999336,1569.2018340265377,723.6695821572833,0.0005907411599758483,5.036550570918736e-07,1.4985713324279114e-16
1343.0499999999336,1569.2018340265377,723.6724855196986,0.0005895432641908345,4.993023739863575e-07,1.4697948948310187e-16
1343.0599999999336,1569.2018340265377,723.6753888621749,0.0005883403531509381,4.949860517155024e-07,1.4415454839850528e-16
1343.0699999999335,1569.2018340265377,723.6782921847127,0.0005871324547895171,4.907057977842683e-07,1.4138139319408364e-16
1343.0799999999335,1569.2018340265377,723.6811954873119,0.0005859195971807036,4.864613219533209e-07,1.3865912213590687e-16
1343.0899999999335,1569.2018340265377,723.6840987699728,0.0005847018085102076,4.822523362209832e-07,1.3598684831190434e-16
1343.0999999999335,1569.2018340265377,723.6870020326958,0.0005834791171111329,4.780785548074562e-07,1.333636994128296e-16
1343.1099999999335,1569.2018340265377,723.6899052754808,0.0005822515514254417,4.7393969413898447e-07,1.3078881749876308e-16
1343.1199999999335,1569.2018340265377,723.6928084983282,0.0005810191400232305,4.69835472830674e-07,1.2826135878165757e-16
1343.1299999999335,1569.2018340265377,723.6957117012381,0.0005797819115982525,4.657656116711887e-07,1.2578049340639894e-16
1343.1399999999335,1569.2018340265377,723.6986148842109,0.0005785398949704682,4.617298336061251e-07,1.233454052357733e-16
1343.1499999999335,1569.2018340265377,723.7015180472466,0.0005772931190837625,4.5772786372278654e-07,1.2095529163812574e-16
1343.1599999999335,1569.2018340265377,723.7044211903453,0.0005760416129807436,4.537594292342288e-07,1.1860936327290936e-16
1343.1699999999335,1569.2018340265377,723.7073243135075,0.0005747854058544681,4.498242594628391e-07,1.163068438950284e-16
1343.1799999999334,1569.2018340265377,723.7102274167333,0.0005735245270019645,4.4592208582557835e-07,1.140469701423095e-16
1343.1899999999334,1569.2018340265377,723.713130500023,0.000572259005830699,4.420526418188314e-07,1.1182899133692672e-16
1343.1999999999334,1569.2018340265377,723.7160335633766,0.0005709888718725553,4.3821566300230415e-07,1.0965216929044991e-16
1343.2099999999334,1569.2018340265377,723.7189366067942,0.0005697141547778167,4.3441088698456677e-07,1.0751577810844885e-16
1343.2199999999334,1569.2018340265377,723.7218396302765,0.0005684348843179184,4.306380534061343e-07,1.0541910399835552e-16
1343.2299999999334,1569.2018340265377,723.7247426338233,0.0005671510903558377,4.2689690392728845e-07,1.0336144507643484e-16
1343.2399999999334,1569.2018340265377,723.7276456174349,0.0005658628028885339,4.2318718221122684e-07,1.0134211118856237e-16
1343.2499999999334,1569.2018340265377,723.7305485811115,0.0005645700520106555,4.1950863390927594e-07,9.936042372001123e-17
1343.2599999999334,1569.2018340265377,723.7334515248533,0.0005632728679535132,4.1586100664720005e-07,9.741571542204727e-17
1343.2699999999334,1569.2018340265377,723.7363544486607,0.0005619712810174578,4.1224405000945455e-07,9.550733022127708e-17
1343.2799999999334,1569.2018340265377,723.7392573525335,0.0005606653216440318,4.0865751552596754e-07,9.363462305727877e-17
1343.2899999999333,1569.2018340265377,723.7421602364723,0.0005593550203762131,4.0510115665633333e-07,9.179695970186857e-17
1343.2999999999333,1569.2018340265377,723.7450631004771,0.0005580404078646018,4.015747287766392e-07,8.999371659016788e-17
1343.3099999999333,1569.2018340265377,723.7479659445482,0.0005567215148532686,3.980779891645844e-07,8.822428064997977e-17
1343.3199999999333,1569.2018340265377,723.7508687686856,0.0005553983722048636,3.946106969863276e-07,8.64880491406915e-17
1343.3299999999333,1569.2018340265377,723.7537715728897,0.0005540710108867334,3.911726132807309e-07,8.478442948700739e-17
1343.3399999999333,1569.2018340265377,723.7566743571608,0.000552739461960881,3.8776350094722833e-07,8.311283911743238e-17
1343.3499999999333,1569.2018340265377,723.759577121499,0.0005514037566032244,3.843831247313406e-07,8.14727053084996e-17
1343.3599999999333,1569.2018340265377,723.7624798659043,0.0005500639260782465,3.8103125121097124e-07,7.986346502484215e-17
1343.3699999999333,1569.2018340265377,723.765382590377,0.000548720001755263,3.777076487826686e-07,7.828456476782562e-17
1343.3799999999333,1569.2018340265377,723.7682852949176,0.0005473720151125307,3.7441208764799183e-07,7.673546042448708e-17
1343.3899999999333,1569.2018340265377,723.7711879795262,0.0005460199977083335,3.711443398007359e-07,7.521561711440634e-17
1343.3999999999332,1569.2018340265377,723.7740906442027,0.0005446639812096874,3.679041790133474e-07,7.372450904661234e-17
1343.4099999999332,1569.2018340265377,723.7769932889476,0.0005433039973880368,3.646913808231875e-07,7.226161937375785e-17
1343.4199999999332,1569.2018340265377,723.7798959137608,0.000541940078094678,3.6150572252002434e-07,7.082644004630627e-17
1343.4299999999332,1569.2018340265377,723.782798518643,0.0005405722552853781,3.58346983132377e-07,6.941847167498551e-17
1343.4399999999332,1569.2018340265377,723.785701103594,0.0005392005609957143,3.5521494341541916e-07,6.803722338934189e-17
1343.4499999999332,1569.2018340265377,723.7886036686141,0.0005378250273735404,3.5210938583738306e-07,6.668221270513342e-17
1343.4599999999332,1569.2018340265377,723.7915062137035,0.0005364456866410314,3.490300945670333e-07,6.535296538512417e-17
1343.4699999999332,1569.2018340265377,723.7944087388624,0.000535062571124867,3.459768554611077e-07,6.40490153104731e-17
1343.4799999999332,1569.2018340265377,723.7973112440911,0.0005336757132162786,3.4294945605137215e-07,6.27699043452776e-17
1343.4899999999332,1569.2018340265377,723.8002137293898,0.0005322851454230396,3.399476855324672e-07,6.151518221444627e-17
1343.4999999999332,1569.2018340265377,723.8031161947588,0.0005308909003373495,3.369713347493907e-07,6.028440637312393e-17
1343.5099999999331,1569.2018340265377,723.806018640198,0.0005294930106093944,3.3402019618538877e-07,5.907714187915106e-17
1343.5199999999331,1569.2018340265377,723.8089210657075,0.000528091509002681,3.310940639493705e-07,5.789296127645561e-17
1343.5299999999331,1569.2018340265377,723.811823471288,0.0005266864283593205,3.2819273376342523e-07,5.673144446994673e-17
1343.5399999999331,1569.2018340265377,723.8147258569396,0.0005252778016052365,3.253160029515541e-07,5.559217860724524e-17
1343.549999999933,1569.2018340265377,723.8176282226624,0.0005238656617241178,3.2246367042756584e-07,5.4474757958559995e-17
1343.559999999933,1569.2018340265377,723.8205305684563,0.0005224500418179325,3.1963553668295364e-07,5.337878380742345e-17
1343.569999999933,1569.2018340265377,723.8234328943219,0.000521030975042692,3.1683140377464537e-07,5.2303864329918073e-17
1343.579999999933,1569.2018340265377,723.8263352002593,0.0005196084946445565,3.140510753138324e-07,5.1249614486542106e-17
1343.589999999933,1569.2018340265377,723.8292374862689,0.0005181826339457468,3.1129435645443567e-07,5.0215655910359135e-17
1343.599999999933,1569.2018340265377,723.8321397523505,0.0005167534263434867,3.0856105388141826e-07,4.920161679812601e-17
1343.609999999933,1569.2018340265377,723.8350419985045,0.0005153209053045566,3.0585097579888875e-07,4.820713180257443e-17
1343.619999999933,1569.2018340265377,723.837944224731,0.0005138851043912633,3.031639319192299e-07,4.7231841929557e-17
1343.629999999933,1569.2018340265377,723.8408464310306,0.0005124460572096421,3.004997334511591e-07,4.627539442915003e-17
1343.639999999933,1569.2018340265377,723.8437486174031,0.000511003797459972,2.978581930896323e-07,4.5337442698459666e-17
1343.649999999933,1569.2018340265377,723.8466507838488,0.0005095583589093627,2.9523912500343423e-07,4.441764617796139e-17
1343.659999999933,1569.2018340265377,723.849552930368,0.0005081097753861923,2.9264234482463585e-07,4.351567025206106e-17
1343.669999999933,1569.2018340265377,723.8524550569607,0.0005066580808069637,2.9006766963788475e-07,4.263118615385904e-17
1343.679999999933,1569.2018340265377,723.8553571636273,0.0005052033091345381,2.8751491796888097e-07,4.1763870865224255e-17
1343.689999999933,1569.2018340265377,723.8582592503681,0.0005037454944175838,2.849839097739422e-07,4.091340702560594e-17
1343.699999999933,1569.2018340265377,723.8611613171831,0.0005022846707550534,2.824744664291345e-07,4.0079482835812267e-17
1343.709999999933,1569.2018340265377,723.8640633640725,0.0005008208723251204,2.799864107197748e-07,3.926179196865927e-17
1343.719999999933,1569.2018340265377,723.8669653910366,0.0004993541333509297,2.7751956682933576e-07,3.846003347572541e-17
1343.729999999933,1569.2018340265377,723.8698673980754,0.000497884488140932,2.7507376032948827e-07,3.767391170172011e-17
1343.739999999933,1569.2018340265377,723.8727693851895,0.0004964119710612639,2.7264881816877555e-07,3.690313619443814e-17
1343.749999999933,1569.2018340265377,723.875671352379,0.0004949366165220721,2.7024456866338214e-07,3.614742161786137e-17
1343.759999999933,1569.2018340265377,723.8785732996437,0.0004934584590001554,2.678608414863247e-07,3.540648766884055e-17
1343.769999999933,1569.2018340265377,723.8814752269842,0.0004919775330388608,2.654974676565715e-07,3.4680058993278416e-17
1343.779999999933,1569.2018340265377,723.8843771344006,0.0004904938732448744,2.631542795298953e-07,3.396786510383272e-17
1343.789999999933,1569.2018340265377,723.887279021893,0.0004890075142564696,2.6083111078804837e-07,3.326964029651109e-17
1343.7999999999329,1569.2018340265377,723.8901808894619,0.0004875184907864574,2.585277964291037e-07,3.258512357403223e-17
1343.8099999999329,1569.2018340265377,723.8930827371072,0.00048602683760354693,2.562441727575919e-07,3.1914058565993904e-17
1343.8199999999329,1569.2018340265377,723.8959845648293,0.0004845325895105003,2.5398007737409344e-07,3.125619345003505e-17
1343.8299999999329,1569.2018340265377,723.8988863726282,0.00048303578137757423,2.5173534916613886e-07,3.0611280878162724e-17
1343.8399999999328,1569.2018340265377,723.9017881605042,0.00048153644812791007,2.495098282979387e-07,2.997907790073154e-17
1343.8499999999328,1569.2018340265377,723.9046899284576,0.0004800346247253949,2.473033562008137e-07,2.935934589200121e-17
1343.8599999999328,1569.2018340265377,723.9075916764888,0.00047853034619337205,2.4511577556368204e-07,2.875185047877209e-17
1343.8699999999328,1569.2018340265377,723.9104934045976,0.0004770236475869803,2.4294693032387366e-07,2.815636146735462e-17
1343.8799999999328,1569.2018340265377,723.913395112784,0.0004755145640238221,2.4079666565723193e-07,2.757265277502902e-17
1343.8899999999328,1569.2018340265377,723.9162968010488,0.00047400313064930726,2.3866482796823064e-07,2.7000502358688194e-17
1343.8999999999328,1569.2018340265377,723.9191984693921,0.00047248938267730915,2.365512648818234e-07,2.6439692149373343e-17
1343.9099999999328,1569.2018340265377,723.9221001178139,0.0004709733553442545,2.344558252335159e-07,2.589000798244825e-17
1343.9199999999328,1569.2018340265377,723.9250017463144,0.00046945508394278596,2.323783590602495e-07,2.5351239533571513e-17
1343.9299999999328,1569.2018340265377,723.9279033548937,0.0004679346037803512,2.3031871759120612e-07,2.482318025149411e-17
1343.9399999999328,1569.2018340265377,723.9308049435524,0.0004664119502496901,2.2827675323866633e-07,2.4305627297946285e-17
1343.9499999999327,1569.2018340265377,723.9337065122905,0.0004648871587457679,2.2625231958942108e-07,2.379838148038034e-17
1343.9599999999327,1569.2018340265377,723.9366080611082,0.00046336026470388116,2.2424527139559703e-07,2.330124719212049e-17
1343.9699999999327,1569.2018340265377,723.9395095900056,0.0004618313036077687,2.222554645657903e-07,2.281403235185194e-17
1343.9799999999327,1569.2018340265377,723.942411098983,0.0004603003109830327,2.2028275615611654e-07,2.233654834328996e-17
1343.9899999999327,1569.2018340265377,723.9453125880408,0.00045876732237206525,2.183270043616297e-07,2.1868609955017757e-17
1343.9999999999327,1569.2018340265377,723.9482140571788,0.00045723237335204775,2.163880685079517e-07,2.1410035323432708e-17
1344.0099999999327,1569.2018340265377,723.9511155063974,0.00045569549954571474,2.1446580904205188e-07,2.096064587600615e-17
1344.0199999999327,1569.2018340265377,723.954016935697,0.0004541567366023189,2.1256008752392775e-07,2.0520266274224523e-17
1344.0299999999327,1569.2018340265377,723.9569183450775,0.00045261612019051437,2.1067076661864255e-07,2.0088724358101905e-17
1344.0399999999327,1569.2018340265377,723.9598197345392,0.0004510736860136241,2.0879771008700198e-07,1.9665851092308155e-17
1344.0499999999327,1569.2018340265377,723.9627211040823,0.0004495294698080402,2.0694078277785958e-07,1.9251480512675193e-17
1344.0599999999326,1569.2018340265377,723.9656224537073,0.000447983507340036,2.0509985061937653e-07,1.8845449673288616e-17
1344.0699999999326,1569.2018340265377,723.9685237834141,0.0004464358343889032,2.0327478061127985e-07,1.8447598594049404e-17
1344.0799999999326,1569.2018340265377,723.9714250932028,0.00044488648675838254,2.014654408163161e-07,1.805777021012798e-17
1344.0899999999326,1569.2018340265377,723.9743263830736,0.00044333550029372723,1.9967170035220087e-07,1.767581032249185e-17
1344.0999999999326,1569.2018340265377,723.9772276530272,0.0004417829108424076,1.9789342938320536e-07,1.7301567546885295e-17
1344.1099999999326,1569.2018340265377,723.9801289030634,0.00044022875428227274,1.9613049911298692e-07,1.693489326657474e-17
1344.1199999999326,1569.2018340265377,723.9830301331824,0.00043867306650651643,1.9438278177594227e-07,1.6575641583852547e-17
1344.1299999999326,1569.2018340265377,723.9859313433844,0.0004371158834266356,1.926501506295883e-07,1.6223669273213854e-17
1344.1399999999326,1569.2018340265377,723.9888325336697,0.00043555724098220245,1.9093247994660167e-07,1.5878835735458632e-17
1344.1499999999326,1569.2018340265377,723.9917337040387,0.0004339971751277465,1.8922964500690016e-07,1.5541002951682763e-17
1344.1599999999326,1569.2018340265377,723.9946348544912,0.00043243572181844963,1.8754152209059757e-07,1.5210035438149868e-17
1344.1699999999325,1569.2018340265377,723.9975359850276,0.0004308729170311658,1.8586798846953455e-07,1.4885800202916806e-17
1344.1799999999325,1569.2018340265377,724.0004370956482,0.00042930879676606766,1.842089224000673e-07,1.4568166702636215e-17
1344.1899999999325,1569.2018340265377,724.0033381863531,0.00042774339702520466,1.8256420311545746e-07,1.4257006799212434e-17
1344.1999999999325,1569.2018340265377,724.0062392571424,0.0004261767538257845,1.809337108184283e-07,1.3952194718382915e-17
1344.2099999999325,1569.2018340265377,724.0091403080164,0.000424608903193682,1.7931732667359817e-07,1.3653607008270466e-17
1344.2199999999325,1569.2018340265377,724.0120413389756,0.00042303988115748546,1.7771493280002743e-07,1.3361122498657797e-17
1344.2299999999325,1569.2018340265377,724.0149423500197,0.00042146972376268444,1.7612641226432816e-07,1.3074622261644795e-17
1344.2399999999325,1569.2018340265377,724.017843341149,0.0004198984670582346,1.7455164907293264e-07,1.2793989571931802e-17
1344.2499999999325,1569.2018340265377,724.0207443123641,0.0004183261470944769,1.7299052816475497e-07,1.251910986818386e-17
1344.2599999999325,1569.2018340265377,724.0236452636649,0.00041675279994851666,1.714429354045034e-07,1.224987071592691e-17
1344.2699999999325,1569.2018340265377,724.0265461950517,0.0004151784616640009,1.6990875757531122e-07,1.1986161768405757e-17
1344.2799999999324,1569.2018340265377,724.0294471065246,0.0004136031683081438,1.6838788237160263e-07,1.1727874731596692e-17
1344.2899999999324,1569.2018340265377,724.0323479980835,0.0004120269559483129,1.668801983923146e-07,1.1474903327447784e-17
1344.2999999999324,1569.2018340265377,724.0352488697295,0.0004104498606532906,1.6538559513322053e-07,1.1227143258329504e-17
1344.3099999999324,1569.2018340265377,724.0381497214621,0.0004088719184874088,1.6390396298113486e-07,1.0984492172127768e-17
1344.3199999999324,1569.2018340265377,724.0410505532816,0.00040729316549894683,1.6243519320627462e-07,1.0746849627516397e-17
1344.3299999999324,1569.2018340265377,724.0439513651883,0.00040571363776324774,1.6097917795550897e-07,1.0514117061364536e-17
1344.3399999999324,1569.2018340265377,724.0468521571823,0.0004041333713326563,1.5953581024576826e-07,1.0286197754222886e-17
1344.3499999999324,1569.2018340265377,724.0497529292641,0.0004025524022479555,1.5810498395726726e-07,1.0062996798005555e-17
1344.3599999999324,1569.2018340265377,724.0526536814335,0.00040097076655277975,1.5668659382689507e-07,9.844421064268626e-18
1344.3699999999324,1569.2018340265377,724.055554413691,0.00039938850028304983,1.5528053544148446e-07,9.630379172359182e-18
1344.3799999999324,1569.2018340265377,724.0584551260367,0.0003978056394711957,1.5388670523124473e-07,9.420781458482638e-18
1344.3899999999323,1569.2018340265377,724.0613558184708,0.0003962222201288604,1.5250500046345588e-07,9.215539944801067e-18
1344.3999999999323,1569.2018340265377,724.0642564909934,0.00039463827824672546,1.5113531923572639e-07,9.014568309414945e-18
1344.4099999999323,1569.2018340265377,724.067157143605,0.00039305384983401954,1.4977756046962055e-07,8.81778185777533e-18
1344.4199999999323,1569.2018340265377,724.0700577763056,0.0003914689708652798,1.4843162390438748e-07,8.625097492454825e-18
1344.4299999999323,1569.2018340265377,724.0729583890954,0.00038988367729938183,1.4709741009063172e-07,8.43643368508353e-18
1344.4399999999323,1569.2018340265377,724.0758589819746,0.00038829800509114173,1.4577482038396816e-07,8.25171044855093e-18
1344.4499999999323,1569.2018340265377,724.0787595549433,0.0003867119901717518,1.4446375693878838e-07,8.070849309008472e-18
1344.4599999999323,1569.2018340265377,724.0816601080021,0.0003851256684604856,1.4316412270181258e-07,7.893773278991951e-18
1344.4699999999323,1569.2018340265377,724.0845606411509,0.0003835390758436569,1.4187582140655613e-07,7.720406830410255e-18
1344.4799999999323,1569.2018340265377,724.08746115439,0.00038195224820257375,1.4059875756671498e-07,7.550675868870626e-18
1344.4899999999323,1569.2018340265377,724.0903616477194,0.0003803652213927781,1.3933283647031495e-07,7.384507707519098e-18
1344.4999999999322,1569.2018340265377,724.0932621211394,0.0003787780312527845,1.380779641735959e-07,7.221831041888052e-18
1344.5099999999322,1569.2018340265377,724.0961625746505,0.00037719071358461177,1.3683404749500127e-07,7.062575924631721e-18
1344.5199999999322,1569.2018340265377,724.0990630082525,0.00037560330417643617,1.3560099400959395e-07,6.906673741535721e-18
1344.5299999999322,1569.2018340265377,724.1019634219459,0.00037401583878494054,1.3437871204268999e-07,6.7540571870807445e-18
1344.5399999999322,1569.2018340265377,724.1048638157308,0.0003724283531571375,1.3316711066440898e-07,6.604660241239481e-18
1344.5499999999322,1569.2018340265377,724.1077641896073,0.00037084088299409906,1.3196609968373812e-07,6.458418145565421e-18
1344.5599999999322,1569.2018340265377,724.1106645435757,0.0003692534639624852,1.3077558964273267e-07,6.3152673805733556e-18
1344.5699999999322,1569.2018340265377,724.1135648776362,0.0003676661317239907,1.2959549181081093e-07,6.1751456437915225e-18
1344.5799999999322,1569.2018340265377,724.1164651917891,0.00036607892189864666,1.2842571817922804e-07,6.0379918270638245e-18
1344.5899999999322,1569.2018340265377,724.1193654860346,0.0003644918700662779,1.2726618145526937e-07,5.90374599488229e-18
1344.5999999999322,1569.2018340265377,724.1222657603724,0.00036290501177836074,1.2611679505698365e-07,5.772349363298467e-18
1344.6099999999321,1569.2018340265377,724.1251660148033,0.0003613183825561203,1.2497747310710283e-07,5.643744278883322e-18
1344.6199999999321,1569.2018340265377,724.1280662493275,0.00035973201789291277,1.2384813042795012e-07,5.517874198202998e-18
1344.6299999999321,1569.2018340265377,724.130966463945,0.0003581459532275039,1.227286825360234e-07,5.394683667169847e-18
1344.6399999999321,1569.2018340265377,724.133866658656,0.00035656022396549585,1.2161904563639973e-07,5.274118301477113e-18
1344.649999999932,1569.2018340265377,724.1367668334605,0.0003549748654908217,1.2051913661739963e-07,5.1561247672150486e-18
1344.659999999932,1569.2018340265377,724.1396669883592,0.00035338991314084914,1.1942887304503806e-07,5.040650761264242e-18
1344.669999999932,1569.2018340265377,724.1425671233521,0.0003518054022027551,1.1834817315820152e-07,4.927644992415373e-18
1344.679999999932,1569.2018340265377,724.1454672384392,0.000350221367923057,1.1727695586316794e-07,4.81705716293938e-18
1344.689999999932,1569.2018340265377,724.1483673336209,0.0003486378455129352,1.1621514072813585e-07,4.708837950404822e-18
1344.699999999932,1569.2018340265377,724.1512674088973,0.0003470548701492964,1.1516264797834349e-07,4.602938989791287e-18
1344.709999999932,1569.2018340265377,724.1541674642689,0.00034547247694595266,1.1411939849079836e-07,4.4993128554862845e-18
1344.719999999932,1569.2018340265377,724.1570674997354,0.000343890700978552,1.1308531378942016e-07,4.397913044345223e-18
1344.729999999932,1569.2018340265377,724.1599675152974,0.00034230957727021243,1.1206031603948425e-07,4.298693958463562e-18
1344.739999999932,1569.2018340265377,724.162867510955,0.0003407291408248259,1.1104432804300383e-07,4.2016108889227555e-18
1344.749999999932,1569.2018340265377,724.1657674867083,0.0003391494265500975,1.1003727323373508e-07,4.1066199984125095e-18
1344.759999999932,1569.2018340265377,724.1686674425576,0.000337570469332894,1.0903907567190598e-07,4.0136783060287386e-18
1344.769999999932,1569.2018340265377,724.1715673785033,0.000335992304019413,1.0804966003958022e-07,3.922743671186266e-18
1344.779999999932,1569.2018340265377,724.1744672945453,0.0003344149653763814,1.070689516357359e-07,3.833774777591935e-18
1344.789999999932,1569.2018340265377,724.1773671906839,0.0003328384881404117,1.060968763713457e-07,3.746731118528116e-18
1344.799999999932,1569.2018340265377,724.1802670669192,0.00033126290697069253,1.0513336076464677e-07,3.661572981283971e-18
1344.809999999932,1569.2018340265377,724.1831669232515,0.0003296882564966257,1.0417833193629359e-07,3.578261432926824e-18
1344.819999999932,1569.2018340265377,724.1860667596812,0.0003281145712835286,1.0323171760458938e-07,3.496758305404563e-18
1344.829999999932,1569.2018340265377,724.1889665762084,0.0003265418858269276,1.0229344608100711e-07,3.4170261812594044e-18
1344.839999999932,1569.2018340265377,724.191866372833,0.00032497023457515585,1.0136344626534013e-07,3.3390283798603923e-18
1344.849999999932,1569.2018340265377,724.1947661495554,0.00032339965192499764,1.0044164764107081e-07,3.262728943596754e-18
1344.859999999932,1569.2018340265377,724.197665906376,0.00032183017219434505,9.952798027078235e-08,3.1880926240910407e-18
1344.869999999932,1569.2018340265377,724.2005656432949,0.0003202618296513634,9.862237479163129e-08,3.1150848692310043e-18
1344.879999999932,1569.2018340265377,724.2034653603121,0.0003186946584994985,9.772476241099872e-08,3.043671809990533e-18
1344.889999999932,1569.2018340265377,724.206365057428,0.0003171286928834548,9.683507490157328e-08,2.9738202476553113e-18
1344.8999999999319,1569.2018340265377,724.2092647346428,0.00031556396687966703,9.595324459728284e-08,2.905497641177092e-18
1344.9099999999319,1569.2018340265377,724.2121643919567,0.0003140005144918708,9.507920438872725e-08,2.8386720947722997e-18
1344.9199999999319,1569.2018340265377,724.2150640293697,0.00031243836967612305,9.421288771875236e-08,2.773312346011899e-18
1344.9299999999319,1569.2018340265377,724.2179636468824,0.00031087756630087353,9.335422857809247e-08,2.7093877535378915e-18
1344.9399999999318,1569.2018340265377,724.2208632444947,0.0003093181381884775,9.250316150114765e-08,2.6468682857326294e-18
1344.9499999999318,1569.2018340265377,724.2237628222069,0.000307760119066305,9.165962156158724e-08,2.5857245087846992e-18
1344.9599999999318,1569.2018340265377,724.226662380019,0.00030620354260969124,9.082354436822251e-08,2.5259275757761738e-18
1344.9699999999318,1569.2018340265377,724.2295619179315,0.00030464844241387103,8.999486606044693e-08,2.4674492153298493e-18
1344.9799999999318,1569.2018340265377,724.2324614359447,0.0003030948520160671,8.917352330440644e-08,2.4102617209177283e-18
1344.9899999999318,1569.2018340265377,724.2353609340586,0.0003015428048660817,8.835945328879368e-08,2.354337939918748e-18
1344.9999999999318,1569.2018340265377,724.2382604122732,0.0002999923343319834,8.755259372052124e-08,2.299651263154368e-18
1345.0099999999318,1569.2018340265377,724.2411598705888,0.00029844347372663666,8.67528828207491e-08,2.2461756147811184e-18
1345.0199999999318,1569.2018340265377,724.2440593090059,0.00029689625627975344,8.596025932065575e-08,2.193885441927918e-18
1345.0299999999318,1569.2018340265377,724.2469587275247,0.0002953507151398313,8.517466245764856e-08,2.1427557047762825e-18
1345.0399999999318,1569.2018340265377,724.249858126145,0.00029380688337756936,8.439603197125647e-08,2.0927618668093705e-18
1345.0499999999317,1569.2018340265377,724.2527575048673,0.0002922647939863935,8.362430809902874e-08,2.0438798852127096e-18
1345.0599999999317,1569.2018340265377,724.2556568636917,0.0002907244798885313,8.285943157273618e-08,1.996086201498768e-18
1345.0699999999317,1569.2018340265377,724.2585562026186,0.0002891859739092155,8.210134361430264e-08,1.9493577320668936e-18
1345.0799999999317,1569.2018340265377,724.2614555216478,0.00028764930879673234,8.134998593218101e-08,1.90367185927269e-18
1345.0899999999317,1569.2018340265377,724.2643548207799,0.0002861145172223576,8.060530071710643e-08,1.8590064224843667e-18
1345.0999999999317,1569.2018340265377,724.2672541000151,0.00028458163177283674,7.986723063856253e-08,1.8153397092854663e-18
1345.1099999999317,1569.2018340265377,724.2701533593532,0.0002830506849381297,7.913571884097324e-08,1.7726504467969334e-18
1345.1199999999317,1569.2018340265377,724.2730525987947,0.0002815217091417066,7.841070893972859e-08,1.7309177934162424e-18
1345.1299999999317,1569.2018340265377,724.2759518183399,0.00027999473670233324,7.769214501755394e-08,1.690121330289696e-18
1345.1399999999317,1569.2018340265377,724.2788510179889,0.0002784697998589047,7.697997162082395e-08,1.650241053330546e-18
1345.1499999999317,1569.2018340265377,724.2817501977419,0.00027694693077343963,7.627413375589728e-08,1.6112573652407641e-18
1345.1599999999316,1569.2018340265377,724.2846493575988,0.00027542616148320897,7.557457688537271e-08,1.573151067381372e-18
1345.1699999999316,1569.2018340265377,724.2875484975602,0.00027390752398453175,7.488124692440372e-08,1.535903352555729e-18
1345.1799999999316,1569.2018340265377,724.2904476176265,0.0002723910501364809,7.419409023720257e-08,1.499495796896012e-18
1345.1899999999316,1569.2018340265377,724.2933467177975,0.00027087677173229317,7.351305363351497e-08,1.4639103528507844e-18
1345.1999999999316,1569.2018340265377,724.2962457980733,0.00026936472047174424,7.283808436498623e-08,1.429129341733601e-18
1345.2099999999316,1569.2018340265377,724.2991448584544,0.00026785492793946874,7.216913012153471e-08,1.3951354464521322e-18
1345.2199999999316,1569.2018340265377,724.3020438989408,0.00026634742565321027,7.150613902803692e-08,1.361911704749367e-18
1345.2299999999316,1569.2018340265377,724.3049429195331,0.0002648422450154156,7.084905964070401e-08,1.3294415020474632e-18
1345.2399999999316,1569.2018340265377,724.3078419202311,0.0002633394173328775,7.019784094384133e-08,1.2977085647944823e-18
1345.2499999999316,1569.2018340265377,724.310740901035,0.000261838973824388,6.955243234622537e-08,1.2666969538506915e-18
1345.2599999999316,1569.2018340265377,724.3136398619454,0.00026034094560374447,6.891278367773988e-08,1.2363910578849234e-18
1345.2699999999315,1569.2018340265377,724.316538802962,0.00025884536368212956,6.827884518618476e-08,1.2067755869954545e-18
1345.2799999999315,1569.2018340265377,724.3194377240853,0.0002573522589776428,6.765056753368593e-08,1.1778355664647934e-18
1345.2899999999315,1569.2018340265377,724.3223366253154,0.00025586166229740536,6.702790179360505e-08,1.1495563305193009e-18
1345.2999999999315,1569.2018340265377,724.3252355066528,0.00025437360436782294,6.641079944702825e-08,1.1219235164082726e-18
1345.3099999999315,1569.2018340265377,724.3281343680974,0.0002528881157825227,6.57992123797697e-08,1.0949230582405254e-18
1345.3199999999315,1569.2018340265377,724.3310332096491,0.0002514052270429479,6.519309287896225e-08,1.0685411813348024e-18
1345.3299999999315,1569.2018340265377,724.3339320313088,0.0002499249685513319,6.459239362972384e-08,1.0427643964620165e-18
1345.3399999999315,1569.2018340265377,724.3368308330763,0.0002484473706142697,6.399706771225445e-08,1.0175794942537158e-18
1345.3499999999315,1569.2018340265377,724.339729614952,0.00024697246339889617,6.340706859845701e-08,9.92973539506248e-19
1345.3599999999315,1569.2018340265377,724.3426283769359,0.00024550027699428916,6.282235014895791e-08,9.689338660344326e-19
1345.3699999999315,1569.2018340265377,724.345527119028,0.00024403084136382194,6.224286660982844e-08,9.454480711657179e-19
1345.3799999999314,1569.2018340265377,724.3484258412292,0.0002425641863809239,6.166857260947091e-08,9.225040106759912e-19
1345.3899999999314,1569.2018340265377,724.3513245435392,0.00024110034178832023,6.109942315579768e-08,9.000897935294714e-19
1345.3999999999314,1569.2018340265377,724.3542232259582,0.0002396393372260446,6.053537363300282e-08,8.781937769700008e-19
1345.4099999999314,1569.2018340265377,724.3571218884865,0.000238181202227921,5.997637979847279e-08,8.568045615847062e-19
1345.4199999999314,1569.2018340265377,724.3600205311244,0.00023672596620820513,5.9422397779922625e-08,8.359109864323975e-19
1345.4299999999314,1569.2018340265377,724.362919153872,0.00023527365846963066,5.8873384072393746e-08,8.155021243370598e-19
1345.4399999999314,1569.2018340265377,724.3658177567295,0.00023382430819560477,5.8329295535259056e-08,7.955672772126928e-19
1345.4499999999314,1569.2018340265377,724.3687163396971,0.00023237794446279527,5.779008938931145e-08,7.760959715482155e-19
1345.4599999999314,1569.2018340265377,724.3716149027751,0.00023093459624075343,5.725572321385732e-08,7.570779539303364e-19
1345.4699999999314,1569.2018340265377,724.3745134459635,0.00022949429235502288,5.672615494387037e-08,7.385031865343771e-19
1345.4799999999314,1569.2018340265377,724.3774119692628,0.00022805706153080046,5.620134286700333e-08,7.203618429611804e-19
1345.4899999999313,1569.2018340265377,724.3803104726729,0.0002266229323815634,5.568124562089137e-08,7.026443039760252e-19
1345.4999999999313,1569.2018340265377,724.3832089561944,0.00022519193339520238,5.51658221902296e-08,6.853411533173955e-19
1345.5099999999313,1569.2018340265377,724.3861074198272,0.00022376409292599342,5.465503190405432e-08,6.684431736110116e-19
1345.5199999999313,1569.2018340265377,724.3890058635712,0.00022233943922611455,5.414883443298672e-08,6.519413424777055e-19
1345.5299999999313,1569.2018340265377,724.3919042874272,0.00022091800041622135,5.3647189786236894e-08,6.358268285248141e-19
1345.5399999999313,1569.2018340265377,724.3948026913953,0.00021949980450988905,5.3150058309171553e-08,6.200909875868223e-19
1345.5499999999313,1569.2018340265377,724.3977010754755,0.00021808487937560695,5.265740068047786e-08,6.047253588475048e-19
1345.5599999999313,1569.2018340265377,724.400599439668,0.0002166732527666729,5.2169177909491465e-08,5.8972166123386585e-19
1345.5699999999313,1569.2018340265377,724.4034977839731,0.0002152649523185541,5.1685351333429635e-08,5.750717897815198e-19
1345.5799999999313,1569.2018340265377,724.4063961083909,0.00021386000554093326,5.1205882614874204e-08,5.607678120612976e-19
1345.5899999999313,1569.2018340265377,724.4092944129219,0.00021245843980460414,5.073073373904747e-08,5.468019646576062e-19
1345.5999999999312,1569.2018340265377,724.412192697566,0.00021106028236485025,5.0259867011294525e-08,5.331666498133946e-19
1345.6099999999312,1569.2018340265377,724.4150909623235,0.00020966556034909662,4.979324505438106e-08,5.1985443204072655e-19
1345.6199999999312,1569.2018340265377,724.4179892071946,0.00020827430074860166,4.9330830806000433e-08,5.068580348130322e-19
1345.6299999999312,1569.2018340265377,724.4208874321795,0.00020688653043664956,4.887258751623863e-08,4.941703373845189e-19
1345.6399999999312,1569.2018340265377,724.4237856372785,0.00020550227614235628,4.841847874493685e-08,4.817843715600263e-19
1345.6499999999312,1569.2018340265377,724.4266838224916,0.00020412156447497472,4.796846835932547e-08,4.696933186539396e-19
1345.6599999999312,1569.2018340265377,724.4295819878192,0.0002027444219147383,4.7522520531388794e-08,4.578905064209691e-19
1345.6699999999312,1569.2018340265377,724.4324801332615,0.00020137087480148814,4.7080599735536615e-08,4.46369406048739e-19
1345.6799999999312,1569.2018340265377,724.4353782588183,0.0002000009493437289,4.664267074607703e-08,4.351236292508272e-19
1345.6899999999312,1569.2018340265377,724.4382763644903,0.0001986346716198957,4.6208698634700915e-08,4.241469253973522e-19
1345.6999999999312,1569.2018340265377,724.4411744502778,0.0001972720675807604,4.577864876818699e-08,4.134331787068877e-19
1345.7099999999311,1569.2018340265377,724.4440725161807,0.00019591316302580388,4.535248680603755e-08,4.0297640543694244e-19
1345.7199999999311,1569.2018340265377,724.446970562199,0.00019455798362051437,4.493017869799961e-08,3.9277075121358004e-19
1345.7299999999311,1569.2018340265377,724.4498685883331,0.00019320655491399935,4.451169068172355e-08,3.828104884122757e-19
1345.7399999999311,1569.2018340265377,724.4527665945835,0.00019185890229822986,4.4096989280374266e-08,3.73090013471745e-19
1345.749999999931,1569.2018340265377,724.4556645809502,0.00019051505103905654,4.368604130050492e-08,3.63603844408468e-19
1345.759999999931,1569.2018340265377,724.4585625474333,0.00018917502625777628,4.3278813829539245e-08,3.543466182743788e-19
1345.769999999931,1569.2018340265377,724.461460494033,0.00018783885293020366,4.2875274233615114e-08,3.45313088705278e-19
1345.779999999931,1569.2018340265377,724.4643584207496,0.0001865065559173373,4.2475390155204706e-08,3.36498123570153e-19
1345.789999999931,1569.2018340265377,724.4672563275833,0.00018517815990741758,4.207912951097388e-08,3.27896702507926e-19
1345.799999999931,1569.2018340265377,724.4701542145343,0.0001838536894704009,4.168646048948599e-08,3.195039147144603e-19
1345.809999999931,1569.2018340265377,724.4730520816028,0.00018253316902271455,4.129735154901668e-08,3.1131495661241513e-19
1345.819999999931,1569.2018340265377,724.4759499287891,0.00018121662285212244,4.091177141529382e-08,3.0332512967158215e-19
1345.829999999931,1569.2018340265377,724.4788477560932,0.00017990407508618883,4.05296890794379e-08,2.955298381781387e-19
1345.839999999931,1569.2018340265377,724.4817455635153,0.0001785955497215031,4.0151073795660075e-08,2.8792458714659997e-19
1345.849999999931,1569.2018340265377,724.4846433510558,0.00017729107059463002,3.977589507920597e-08,2.8050498017954527e-19
1345.859999999931,1569.2018340265377,724.487541118715,0.00017599066142816842,3.9404122704135676e-08,2.732667174877378e-19
1345.869999999931,1569.2018340265377,724.4904388664928,0.00017469434576239658,3.9035726701355964e-08,2.662055937715284e-19
1345.879999999931,1569.2018340265377,724.4933365943892,0.00017340214701582577,3.8670677356433094e-08,2.593174963432039e-19
1345.889999999931,1569.2018340265377,724.4962343024051,0.0001721140884508782,3.83089452073846e-08,2.5259840313823186e-19
1345.899999999931,1569.2018340265377,724.4991319905404,0.00017083019318580258,3.7950501042871385e-08,2.460443808422547e-19
1345.909999999931,1569.2018340265377,724.5020296587951,0.00016955048419238074,3.759531589999034e-08,2.3965158302784327e-19
1345.919999999931,1569.2018340265377,724.5049273071695,0.0001682749842814884,3.724336106225734e-08,2.3341624831395783e-19
1345.929999999931,1569.2018340265377,724.5078249356638,0.00016700371613155611,3.689460805760296e-08,2.273346986220815e-19
1345.939999999931,1569.2018340265377,724.5107225442783,0.000165736702257678,3.6549028656372926e-08,2.214033373839012e-19
1345.949999999931,1569.2018340265377,724.5136201330133,0.0001644739650453372,3.6206594869328136e-08,2.1561864787298388e-19
1345.959999999931,1569.2018340265377,724.5165177018688,0.00016321552669496854,3.586727894572794e-08,2.0997719145160253e-19
1345.969999999931,1569.2018340265377,724.519415250845,0.0001619614092924379,3.553105337130972e-08,2.044756060166704e-19
1345.979999999931,1569.2018340265377,724.5223127799424,0.00016071163473767652,3.5197890866348653e-08,1.9911060429337747e-19
1345.989999999931,1569.2018340265377,724.5252102891607,0.00015946622481008516,3.4867764383840414e-08,1.9387897233865792e-19
1345.9999999999309,1569.2018340265377,724.5281077785004,0.00015822520110521385,3.454064710743357e-08,1.887775679105159e-19
1346.0099999999309,1569.2018340265377,724.5310052479617,0.00015698858509095992,3.421651244964151e-08,1.8380331901997427e-19
1346.0199999999309,1569.2018340265377,724.5339026975449,0.00015575639806487355,3.3895334049936504e-08,1.789532223907214e-19
1346.0299999999309,1569.2018340265377,724.5368001272502,0.0001545286611757838,3.3577085772886324e-08,1.7422434202708846e-19
1346.0399999999308,1569.2018340265377,724.5396975370774,0.00015330539540917056,3.326174170635274e-08,1.696138077688311e-19
1346.0499999999308,1569.2018340265377,724.542594927027,0.00015208662161127174,3.294927615950902e-08,1.6511881391651813e-19
1346.0599999999308,1569.2018340265377,724.5454922970995,0.00015087236045646226,3.263966366116828e-08,1.6073661782473992e-19
1346.0699999999308,1569.2018340265377,724.5483896472947,0.0001496626324645564,3.2332878957950605e-08,1.5646453857727751e-19
1346.0799999999308,1569.2018340265377,724.5512869776129,0.000148457458004074,3.2028897012443297e-08,1.5229995567268573e-19
1346.0899999999308,1569.2018340265377,724.5541842880541,0.00014725685728197047,3.1727693001470545e-08,1.4824030772341233e-19
1346.0999999999308,1569.2018340265377,724.5570815786191,0.0001460608503419804,3.142924231422387e-08,1.4428309118924197e-19
1346.1099999999308,1569.2018340265377,724.5599788493076,0.0001448694570800595,3.113352055070006e-08,1.4042585915581117e-19
1346.1199999999308,1569.2018340265377,724.5628761001199,0.00014368269721745652,3.0840503519823877e-08,1.3666622009310605e-19
1346.1299999999308,1569.2018340265377,724.5657733310562,0.00014250059033033618,3.055016723772576e-08,1.3300183669565368e-19
1346.1399999999308,1569.2018340265377,724.5686705421167,0.00014132315582924464,3.026248792611437e-08,1.2943042469842138e-19
1346.1499999999307,1569.2018340265377,724.5715677333019,0.00014015041295792853,2.997744201047851e-08,1.2594975173434798e-19
1346.1599999999307,1569.2018340265377,724.5744649046115,0.00013898238080692674,2.96950061185394e-08,1.225576362302632e-19
1346.1699999999307,1569.2018340265377,724.577362056046,0.00013781907829529667,2.9415157078448505e-08,1.192519462943377e-19
1346.1799999999307,1569.2018340265377,724.5802591876057,0.0001366605241890154,2.913787191717673e-08,1.1603059866035894e-19
1346.1899999999307,1569.2018340265377,724.5831562992906,0.00013550673708918998,2.8863127858937174e-08,1.1289155762707257e-19
1346.1999999999307,1569.2018340265377,724.5860533911009,0.00013435773542462917,2.859090232346855e-08,1.0983283402248965e-19
1346.2099999999307,1569.2018340265377,724.5889504630369,0.00013321353747313788,2.8321172924440474e-08,1.0685248421386564e-19
1346.2199999999307,1569.2018340265377,724.591847515099,0.0001320741613532191,2.8053917467861472e-08,1.0394860911298597e-19
1346.2299999999307,1569.2018340265377,724.5947445472871,0.0001309396249870249,2.778911395051814e-08,1.011193531804172e-19
1346.2399999999307,1569.2018340265377,724.5976415596011,0.00012980994616480573,2.7526740558375387e-08,9.836290352938243e-20
1346.2499999999307,1569.2018340265377,724.6005385520419,0.00012868514250456852,2.7266775664918388e-08,9.567748896508257e-20
1346.2599999999306,1569.2018340265377,724.6034355246095,0.00012756523143894792,2.7009197829753886e-08,9.306137906825538e-20
1346.2699999999306,1569.2018340265377,724.6063324773039,0.0001264502302681468,2.675398579698551e-08,9.051288334407345e-20
1346.2799999999306,1569.2018340265377,724.6092294101254,0.00012534015608506224,2.650111849368617e-08,8.803035029590758e-20
1346.2899999999306,1569.2018340265377,724.6121263230742,0.00012423502585100934,2.625057502839066e-08,8.561216662698733e-20
1346.2999999999306,1569.2018340265377,724.6150232161505,0.00012313485634497708,2.6002334689601158e-08,8.325675636815355e-20
1346.3099999999306,1569.2018340265377,724.6179200893546,0.0001220396641695034,2.575637694425524e-08,8.096258006416441e-20
1346.3199999999306,1569.2018340265377,724.6208169426866,0.00012094946577398401,2.5512681436312954e-08,7.872813398850844e-20
1346.3299999999306,1569.2018340265377,724.6237137761467,0.00011986427743665132,2.527122798522933e-08,7.65519493458968e-20
1346.3399999999306,1569.2018340265377,724.6266105897352,0.00011878411525530628,2.5031996584516523e-08,7.44325914984025e-20
1346.3499999999306,1569.2018340265377,724.6295073834522,0.00011770899517222504,2.4794967400297822e-08,7.2368659229115e-20
1346.3599999999306,1569.2018340265377,724.6324041572979,0.00011663893295108145,2.456012076988254e-08,7.035878399080322e-20
1346.3699999999305,1569.2018340265377,724.6353009112725,0.00011557394418538257,2.4327437200324652e-08,6.840162919005007e-20
1346.3799999999305,1569.2018340265377,724.6381976453764,0.00011451404430582455,2.409689736700203e-08,6.649588948528736e-20
1346.3899999999305,1569.2018340265377,724.6410943596097,0.00011345924856587214,2.3868482112271058e-08,6.464029008705464e-20
1346.3999999999305,1569.2018340265377,724.6439910539723,0.00011240957204815364,2.3642172444049098e-08,6.283358608483955e-20
1346.4099999999305,1569.2018340265377,724.6468877284648,0.00011136502966213547,2.341794953436558e-08,6.107456178269018e-20
1346.4199999999305,1569.2018340265377,724.6497843830873,0.00011032563615442929,2.3195794718102408e-08,5.936203005662608e-20
1346.4299999999305,1569.2018340265377,724.6526810178401,0.00010929140608966924,2.2975689491583664e-08,5.769483170863082e-20
1346.4399999999305,1569.2018340265377,724.6555776327231,0.00010826235386720442,2.275761551126494e-08,5.607183485418807e-20
1346.4499999999305,1569.2018340265377,724.6584742277365,0.00010723849370888006,2.2541554592338628e-08,5.449193430673083e-20
1346.4599999999305,1569.2018340265377,724.661370802881,0.00010621983966464235,2.2327488707427785e-08,5.295405098493193e-20
1346.4699999999305,1569.2018340265377,724.6642673581566,0.00010520640560634012,2.2115399985331985e-08,5.145713132664731e-20
1346.4799999999304,1569.2018340265377,724.6671638935632,0.00010419820524308496,2.190527070968955e-08,5.000014672541192e-20
1346.4899999999304,1569.2018340265377,724.6700604091011,0.00010319525210014624,2.169708331763577e-08,4.858209296095073e-20
1346.4999999999304,1569.2018340265377,724.6729569047707,0.0001021975595385802,2.149082039857911e-08,4.720198966199212e-20
1346.5099999999304,1569.2018340265377,724.6758533805722,0.00010120514073731426,2.128646469290494e-08,4.58588797622249e-20
1346.5199999999304,1569.2018340265377,724.6787498365056,0.00010021800869506712,2.108399909075379e-08,4.4551828977669495e-20
1346.5299999999304,1569.2018340265377,724.6816462725712,9.923617624944337e-05,2.0883406630705232e-08,4.327992530210804e-20
1346.5399999999304,1569.2018340265377,724.6845426887695,9.825965605577005e-05,2.0684670498561502e-08,4.204227849563906e-20
1346.5499999999304,1569.2018340265377,724.6874390851001,9.72884605915024e-05,2.04877740261778e-08,4.083801959585491e-20
1346.5599999999304,1569.2018340265377,724.6903354615637,9.632260216190232e-05,2.0292700690116135e-08,3.9666300439037114e-20
1346.5699999999304,1569.2018340265377,724.6932318181603,9.536209289173139e-05,2.0099434110549714e-08,3.852629318667811e-20
1346.5799999999304,1569.2018340265377,724.6961281548902,9.44069447416753e-05,1.9907958049991804e-08,3.7417189871504244e-20
1346.5899999999303,1569.2018340265377,724.6990244717535,9.345716948041716e-05,1.9718256412140954e-08,3.6338201935784285e-20
1346.5999999999303,1569.2018340265377,724.7019207687503,9.2512778705578e-05,1.9530313240697654e-08,3.5288559799042025e-20
1346.6099999999303,1569.2018340265377,724.704817045881,9.157378384446703e-05,1.9344112718124635e-08,3.4267512426499405e-20
1346.6199999999303,1569.2018340265377,724.707713303146,9.064019613620611e-05,1.915963916456456e-08,3.327432690047294e-20
1346.6299999999303,1569.2018340265377,724.7106095405452,8.971202665590033e-05,1.897687703666983e-08,3.2308288016388075e-20
1346.6399999999303,1569.2018340265377,724.7135057580787,8.878928628467544e-05,1.8795810926442823e-08,3.136869786756178e-20
1346.6499999999303,1569.2018340265377,724.7164019557467,8.787198574224238e-05,1.8616425560078122e-08,3.0454875461585496e-20
1346.6599999999303,1569.2018340265377,724.71929813355,8.696013555748004e-05,1.8438705796843875e-08,2.956615632295832e-20
1346.6699999999303,1569.2018340265377,724.7221942914883,8.605374609421068e-05,1.8262636628012656e-08,2.870189212378683e-20
1346.6799999999303,1569.2018340265377,724.7250904295618,8.51528275206655e-05,1.808820317572404e-08,2.786145030299156e-20
1346.6899999999303,1569.2018340265377,724.7279865477707,8.425738984170224e-05,1.791539069184331e-08,2.7044213714815962e-20
1346.6999999999302,1569.2018340265377,724.7308826461154,8.336744288162885e-05,1.774418455691265e-08,2.624958026869475e-20
1346.7099999999302,1569.2018340265377,724.733778724596,8.248299627841186e-05,1.7574570279081433e-08,2.5476962580879868e-20
1346.7199999999302,1569.2018340265377,724.7366747832126,8.16040594954503e-05,1.7406533493005788e-08,2.472578763901436e-20
1346.7299999999302,1569.2018340265377,724.7395708219656,8.073064181720021e-05,1.7240059958771098e-08,2.3995496468921443e-20
1346.7399999999302,1569.2018340265377,724.7424668408552,7.986275235185763e-05,1.7075135560868497e-08,2.3285543810969608e-20
1346.7499999999302,1569.2018340265377,724.7453628398815,7.9000400026572e-05,1.6911746307140888e-08,2.2595397801181825e-20
1346.7599999999302,1569.2018340265377,724.7482588190445,7.814359358153851e-05,1.6749878327748866e-08,2.1924539659162467e-20
1346.7699999999302,1569.2018340265377,724.7511547783447,7.729234158780241e-05,1.6589517874089982e-08,2.1272463389390087e-20
1346.7799999999302,1569.2018340265377,724.7540507177824,7.644665243489961e-05,1.643065131782713e-08,2.0638675480719188e-20
1346.7899999999302,1569.2018340265377,724.7569466373576,7.560653432822412e-05,1.6273265149886114e-08,2.0022694615260354e-20
1346.7999999999302,1569.2018340265377,724.7598425370704,7.477199529545816e-05,1.611734597940636e-08,1.9424051385937945e-20
1346.8099999999301,1569.2018340265377,724.7627384169211,7.394304318545415e-05,1.596288053276123e-08,1.88422880183352e-20
1346.8199999999301,1569.2018340265377,724.7656342769102,7.311968566583965e-05,1.5809855652556764e-08,1.8276958098301856e-20
1346.8299999999301,1569.2018340265377,724.7685301170376,7.230193022308668e-05,1.565825829668601e-08,1.7727626306340134e-20
1346.8399999999301,1569.2018340265377,724.7714259373034,7.148978416474162e-05,1.550807553732468e-08,1.719386815821672e-20
1346.84999999993,1569.2018340265377,724.774321737708,7.068325461679098e-05,1.5359294559965487e-08,1.667526975018585e-20
1346.85999999993,1569.2018340265377,724.7772175182515,6.988234853260294e-05,1.5211902662460527e-08,1.617142751259028e-20
1346.86999999993,1569.2018340265377,724.7801132789343,6.908707267004932e-05,1.5065887254082562e-08,1.5681947961531913e-20
1346.87999999993,1569.2018340265377,724.7830090197565,6.829743362232716e-05,1.4921235854581957e-08,1.5206447468469174e-20
1346.88999999993,1569.2018340265377,724.7859047407181,6.751343779007894e-05,1.4777936093246467e-08,1.474455202145927e-20
1346.89999999993,1569.2018340265377,724.7888004418197,6.673509139800909e-05,1.4635975707956812e-08,1.429589700179772e-20
1346.90999999993,1569.2018340265377,724.7916961230611,6.596240049865447e-05,1.4495342544311672e-08,1.3860126962719113e-20
1346.91999999993,1569.2018340265377,724.7945917844428,6.519537094338244e-05,1.4356024554659958e-08,1.3436895406013676e-20
1346.92999999993,1569.2018340265377,724.7974874259648,6.443400841983148e-05,1.4218009797240086e-08,1.3025864577817558e-20
1346.93999999993,1569.2018340265377,724.8003830476275,6.36783184335745e-05,1.4081286435260404e-08,1.2626705257069259e-20
1346.94999999993,1569.2018340265377,724.8032786494311,6.292830630252113e-05,1.3945842736009062e-08,1.2239096551571888e-20
1346.95999999993,1569.2018340265377,724.8061742313754,6.218397717016881e-05,1.38116670700087e-08,1.1862725702388602e-20
1346.96999999993,1569.2018340265377,724.809069793461,6.144533599215729e-05,1.367874791005502e-08,1.1497287887182233e-20
1346.97999999993,1569.2018340265377,724.8119653356882,6.071238755553929e-05,1.3547073830433873e-08,1.1142486034514878e-20
1346.98999999993,1569.2018340265377,724.814860858057,5.998513645471463e-05,1.3416633506027161e-08,1.0798030633989609e-20
1346.99999999993,1569.2018340265377,724.8177563605675,5.9263587105125114e-05,1.3287415711463475e-08,1.046363955781217e-20
1347.00999999993,1569.2018340265377,724.8206518432199,5.854774374662648e-05,1.3159409320250427e-08,1.0139037884321975e-20
1347.01999999993,1569.2018340265377,724.8235473060148,5.7837610438476686e-05,1.3032603303944448e-08,9.823957724083886e-21
1347.02999999993,1569.2018340265377,724.8264427489522,5.7133191054180434e-05,1.2906986731337092e-08,9.518138049985804e-21
1347.03999999993,1569.2018340265377,724.8293381720321,5.643448928779271e-05,1.2782548767622382e-08,9.2213245330977e-21
1347.04999999993,1569.2018340265377,724.8322335752547,5.574150865913692e-05,1.2659278673547352e-08,8.933269381950868e-21
1347.05999999993,1569.2018340265377,724.8351289586207,5.505425249884225e-05,1.2537165804608713e-08,8.653731182278913e-21
1347.06999999993,1569.2018340265377,724.8380243221296,5.4372723964138354e-05,1.24161996102943e-08,8.382474745417245e-21
1347.07999999993,1569.2018340265377,724.840919665782,5.3696926026561674e-05,1.2296369633210248e-08,8.11927095551264e-21
1347.08999999993,1569.2018340265377,724.8438149895782,5.302686148210709e-05,1.217766550833096e-08,7.863896623883137e-21
1347.0999999999299,1569.2018340265377,724.8467102935183,5.236253294173978e-05,1.2060076962197312e-08,7.616134343626303e-21
1347.1099999999299,1569.2018340265377,724.8496055776025,5.170394284258314e-05,1.1943593812154889e-08,7.37577235067606e-21
1347.1199999999299,1569.2018340265377,724.8525008418306,5.105109343163018e-05,1.1828205965564922e-08,7.142604384004427e-21
1347.1299999999299,1569.2018340265377,724.8553960862035,5.0403986786852736e-05,1.1713903419009614e-08,6.916429554362821e-21
1347.1399999999298,1569.2018340265377,724.8582913107211,4.97626248039023e-05,1.1600676257585193e-08,6.697052211232222e-21
1347.1499999999298,1569.2018340265377,724.8611865153837,4.912700918967579e-05,1.1488514654109464e-08,6.484281813798932e-21
1347.1599999999298,1569.2018340265377,724.8640817001912,4.849714148513252e-05,1.137740886839081e-08,6.277932808831285e-21
1347.1699999999298,1569.2018340265377,724.8669768651438,4.787302304015114e-05,1.12673492464674e-08,6.077824504965617e-21
1347.1799999999298,1569.2018340265377,724.8698720102421,4.72546550336083e-05,1.1158326219866032e-08,5.883780955843214e-21
1347.1899999999298,1569.2018340265377,724.8727671354862,4.664203846075014e-05,1.1050330304905992e-08,5.695630841760193e-21
1347.1999999999298,1569.2018340265377,724.8756622408762,4.603517413669298e-05,1.0943352101947589e-08,5.5132073560695786e-21
1347.2099999999298,1569.2018340265377,724.8785573264122,4.543406269723407e-05,1.0837382294673646e-08,5.336348093890606e-21
1347.2199999999298,1569.2018340265377,724.8814523920945,4.48387046075719e-05,1.0732411649380426e-08,5.164894944307348e-21
1347.2299999999298,1569.2018340265377,724.8843474379235,4.42491001443047e-05,1.0628431014266754e-08,4.9986939819545485e-21
1347.2399999999298,1569.2018340265377,724.887242463899,4.366524940779407e-05,1.0525431318748545e-08,4.837595364701364e-21
1347.2499999999297,1569.2018340265377,724.8901374700216,4.308715232401108e-05,1.0423403572738863e-08,4.6814532324098854e-21
1347.2599999999297,1569.2018340265377,724.8930324562914,4.251480863728388e-05,1.0322338865974296e-08,4.53012560710854e-21
1347.2699999999297,1569.2018340265377,724.8959274227083,4.1948217916431155e-05,1.0222228367338465e-08,4.383474296962259e-21
1347.2799999999297,1569.2018340265377,724.8988223692728,4.138737954608343e-05,1.0123063324148022e-08,4.241364800875876e-21
1347.2899999999297,1569.2018340265377,724.9017172959851,4.083229274094471e-05,1.0024835061518957e-08,4.1036662177875634e-21
1347.2999999999297,1569.2018340265377,724.9046122028454,4.028295653550699e-05,9.927534981679705e-09,3.970251155487471e-21
1347.3099999999297,1569.2018340265377,724.907507089854,3.97393697857755e-05,9.831154563313051e-09,3.840995642857614e-21
1347.3199999999297,1569.2018340265377,724.9104019570105,3.920153116988642e-05,9.73568536091438e-09,3.715779044065031e-21
1347.3299999999297,1569.2018340265377,724.9132968043159,3.866943919001077e-05,9.641119004092319e-09,3.59448397484386e-21
1347.3399999999297,1569.2018340265377,724.9161916317701,3.814309217626219e-05,9.54744719698274e-09,3.476996221003423e-21
1347.3499999999297,1569.2018340265377,724.9190864393732,3.7622488276305036e-05,9.454661717574975e-09,3.3632046574811936e-21
1347.3599999999296,1569.2018340265377,724.9219812271256,3.710762546030233e-05,9.362754417087694e-09,3.2530011707785475e-21
1347.3699999999296,1569.2018340265377,724.924875995027,3.6598501530910976e-05,9.271717219338807e-09,3.146280583619691e-21
1347.3799999999296,1569.2018340265377,724.9277707430783,3.609511410530908e-05,9.181542120096423e-09,3.042940578946634e-21
1347.3899999999296,1569.2018340265377,724.9306654712794,3.559746063176447e-05,9.092221186501985e-09,2.9428816287652657e-21
1347.3999999999296,1569.2018340265377,724.9335601796304,3.510553838034081e-05,9.003746556434337e-09,2.846006922416709e-21
1347.4099999999296,1569.2018340265377,724.9364548681316,3.4619344444792006e-05,8.916110437887027e-09,2.7522222975274223e-21
1347.4199999999296,1569.2018340265377,724.9393495367833,3.41388757486958e-05,8.829305108384758e-09,2.6614361729463597e-21
1347.4299999999296,1569.2018340265377,724.9422441855854,3.3664129037890136e-05,8.743322914387622e-09,2.5735594821834762e-21
1347.4399999999296,1569.2018340265377,724.9451388145385,3.3195100882485264e-05,8.658156270666254e-09,2.4885056091958682e-21
1347.4499999999296,1569.2018340265377,724.9480334236425,3.2731787683442535e-05,8.573797659750066e-09,2.4061903260762267e-21
1347.4599999999296,1569.2018340265377,724.9509280128979,3.227418566434467e-05,8.490239631315621e-09,2.3265317310883543e-21
1347.4699999999295,1569.2018340265377,724.9538225823046,3.182229087403296e-05,8.407474801623889e-09,2.249450189043619e-21
1347.4799999999295,1569.2018340265377,724.9567171318628,3.137609919338911e-05,8.325495852942225e-09,2.1748682733723148e-21
1347.4899999999295,1569.2018340265377,724.9596116615729,3.0935606323214775e-05,8.244295532954943e-09,2.1027107082570142e-21
1347.4999999999295,1569.2018340265377,724.9625061714352,3.050080780006585e-05,8.16386665422728e-09,2.032904314130913e-21
1347.5099999999295,1569.2018340265377,724.9654006614496,3.007169898457036e-05,8.08420209363187e-09,1.965377952576278e-21
1347.5199999999295,1569.2018340265377,724.9682951316165,2.964827506043914e-05,8.005294791789707e-09,1.900062473322231e-21
1347.5299999999295,1569.2018340265377,724.9711895819358,2.923053104752204e-05,7.92713775252845e-09,1.8368906634236863e-21
1347.5399999999295,1569.2018340265377,724.9740840124083,2.8818461793473992e-05,7.84972404231096e-09,1.7757971962657118e-21
1347.5499999999295,1569.2018340265377,724.9769784230338,2.84120619685226e-05,7.773046789733305e-09,1.716718582076733e-21
1347.5599999999295,1569.2018340265377,724.9798728138124,2.8011326078774923e-05,7.69709918495635e-09,1.6595931207439626e-21
1347.5699999999295,1569.2018340265377,724.9827671847446,2.7616248457502305e-05,7.621874479181935e-09,1.604360854447136e-21
1347.5799999999294,1569.2018340265377,724.9856615358303,2.722682326831322e-05,7.547365984127267e-09,1.5509635221737751e-21
1347.5899999999294,1569.2018340265377,724.9885558670701,2.6843044505804617e-05,7.473567071488726e-09,1.499344515185399e-21
1347.5999999999294,1569.2018340265377,724.9914501784639,2.6464905994691785e-05,7.4004711724425e-09,1.449448833503871e-21
1347.6099999999294,1569.2018340265377,724.9943444700119,2.609240138983278e-05,7.3280717771117115e-09,1.4012230435049954e-21
1347.6199999999294,1569.2018340265377,724.9972387417145,2.5725524181743657e-05,7.256362434060667e-09,1.3546152368548685e-21
1347.6299999999294,1569.2018340265377,725.0001329935717,2.5364267687235544e-05,7.1853367497882245e-09,1.3095749896620726e-21
1347.6399999999294,1569.2018340265377,725.0030272255838,2.5008625059554024e-05,7.114988388227638e-09,1.26605332367259e-21
1347.6499999999294,1569.2018340265377,725.0059214377509,2.465858928111893e-05,7.0453110702423945e-09,1.22400266751025e-21
1347.6599999999294,1569.2018340265377,725.0088156300735,2.4314153172309703e-05,6.9762985731293116e-09,1.1833768196941455e-21
1347.6699999999294,1569.2018340265377,725.0117098025516,2.3975309381164855e-05,6.907944730144578e-09,1.1441309116298764e-21
1347.6799999999294,1569.2018340265377,725.0146039551852,2.364205039288245e-05,6.840243430009244e-09,1.106221372485162e-21
1347.6899999999293,1569.2018340265377,725.0174980879748,2.3314368526729895e-05,6.77318861640576e-09,1.0696058943171584e-21
1347.6999999999293,1569.2018340265377,725.0203922009207,2.299225593713029e-05,6.706774287529688e-09,1.0342433982878945e-21
1347.7099999999293,1569.2018340265377,725.0232862940228,2.2675704610712688e-05,6.6409944956123615e-09,1.0000940015304653e-21
1347.7199999999293,1569.2018340265377,725.0261803672814,2.2364706371890787e-05,6.575843346432723e-09,9.671189852213105e-22
1347.7299999999293,1569.2018340265377,725.0290744206966,2.2059252880593364e-05,6.511314998869215e-09,9.352807631086972e-22
1347.7399999999293,1569.2018340265377,725.031968454269,2.1759335633849512e-05,6.44740366441476e-09,9.045428509890201e-22
1347.7499999999293,1569.2018340265377,725.0348624679984,2.1464945964015446e-05,6.384103606751327e-09,8.748698368240337e-22
1347.7599999999293,1569.2018340265377,725.0377564618851,2.117607503974884e-05,6.3214091412724435e-09,8.4622735171168235e-22
1347.7699999999293,1569.2018340265377,725.0406504359295,2.0892713868893603e-05,6.259314634630308e-09,8.185820416669523e-22
1347.7799999999293,1569.2018340265377,725.0435443901314,2.0614853299502877e-05,6.197814504308378e-09,7.919015400398327e-22
1347.7899999999293,1569.2018340265377,725.0464383244915,2.034248401272302e-05,6.1369032181492405e-09,7.661544403092535e-22
1347.7999999999292,1569.2018340265377,725.0493322390097,2.0075596534269718e-05,6.076575293951155e-09,7.413102702954211e-22
1347.8099999999292,1569.2018340265377,725.0522261336862,1.981418122520818e-05,6.0168252990010735e-09,7.173394662216235e-22
1347.8199999999292,1569.2018340265377,725.0551200085214,1.9558228288238395e-05,5.957647849654609e-09,6.942133480290455e-22
1347.8299999999292,1569.2018340265377,725.0580138635153,1.930772776744282e-05,5.899037610914562e-09,6.719040950711555e-22
1347.8399999999292,1569.2018340265377,725.060907698668,1.9062669545188628e-05,5.840989295996564e-09,6.503847223291156e-22
1347.8499999999292,1569.2018340265377,725.06380151398,1.8823043346790515e-05,5.783497665901129e-09,6.296290575061607e-22
1347.8599999999292,1569.2018340265377,725.0666953094515,1.858883874000662e-05,5.726557529016377e-09,6.096117185310758e-22
1347.8699999999292,1569.2018340265377,725.0695890850826,1.836004513407716e-05,5.670163740685721e-09,5.90308091617918e-22
1347.8799999999292,1569.2018340265377,725.0724828408734,1.8136651780240477e-05,5.614311202812623e-09,5.7169430994694e-22
1347.8899999999292,1569.2018340265377,725.0753765768239,1.791864777373941e-05,5.558994863437775e-09,5.537472329329334e-22
1347.8999999999292,1569.2018340265377,725.078270292935,1.7706022055565283e-05,5.504209716333417e-09,5.364444260181373e-22
1347.9099999999291,1569.2018340265377,725.0811639892064,1.7498763407785017e-05,5.4499508006288335e-09,5.197641407977676e-22
1347.9199999999291,1569.2018340265377,725.0840576656384,1.729686045960667e-05,5.396213200384996e-09,5.03685295975546e-22
1347.9299999999291,1569.2018340265377,725.0869513222312,1.7100301684856698e-05,5.34299204421394e-09,4.881874585600342e-22
1347.9399999999291,1569.2018340265377,725.0898449589849,1.690907540242592e-05,5.290282504890362e-09,4.732508256376801e-22
1347.949999999929,1569.2018340265377,725.0927385759001,1.6723169780220453e-05,5.2380797989499266e-09,4.5885620671278405e-22
1347.959999999929,1569.2018340265377,725.0956321729765,1.6542572830246103e-05,5.186379186328196e-09,4.449850062665928e-22
1347.969999999929,1569.2018340265377,725.0985257502145,1.6367272413134237e-05,5.135175969959478e-09,4.31619207026167e-22
1347.979999999929,1569.2018340265377,725.1014193076146,1.61972562389398e-05,5.0844654954077e-09,4.1874135356913404e-22
1347.989999999929,1569.2018340265377,725.1043128451764,1.603251186363941e-05,5.034243150502101e-09,4.0633453624816247e-22
1347.999999999929,1569.2018340265377,725.1072063629006,1.587302669461659e-05,4.984504364942324e-09,3.943823757642626e-22
1348.009999999929,1569.2018340265377,725.1100998607873,1.571878798797284e-05,4.93524460995054e-09,3.8286900794192133e-22
1348.019999999929,1569.2018340265377,725.1129933388366,1.5569782850549024e-05,4.8864593979025395e-09,3.7177906902085275e-22
1348.029999999929,1569.2018340265377,725.1158867970488,1.542599824040603e-05,4.838144281964058e-09,3.6109768129659352e-22
1348.039999999929,1569.2018340265377,725.1187802354239,1.528742096520854e-05,4.7902948557321175e-09,3.5081043909283853e-22
1348.049999999929,1569.2018340265377,725.1216736539623,1.5154037686368026e-05,4.742906752874026e-09,3.4090339523844864e-22
1348.059999999929,1569.2018340265377,725.1245670526642,1.5025834917587531e-05,4.695975646784087e-09,3.3136304777424654e-22
1348.069999999929,1569.2018340265377,725.1274604315299,1.4902799025878081e-05,4.649497250232159e-09,3.221763270689967e-22
1348.079999999929,1569.2018340265377,725.1303537905593,1.478491623146057e-05,4.6034673150168445e-09,3.133305832541032e-22
1348.089999999929,1569.2018340265377,725.1332471297527,1.4672172609189243e-05,4.557881631614672e-09,3.04813574025462e-22
1348.099999999929,1569.2018340265377,725.1361404491106,1.4564554089180252e-05,4.5127360288431335e-09,2.9661345275499277e-22
1348.109999999929,1569.2018340265377,725.139033748633,1.4462046456634275e-05,4.468026373531569e-09,2.8871875690495915e-22
1348.119999999929,1569.2018340265377,725.14192702832,1.43646353533489e-05,4.423748570177256e-09,2.8111839678529794e-22
1348.129999999929,1569.2018340265377,725.1448202881718,1.4272306277433323e-05,4.379898560613304e-09,2.7380164457823806e-22
1348.139999999929,1569.2018340265377,725.1477135281887,1.4185044585269381e-05,4.336472323681089e-09,2.6675812370259993e-22
1348.149999999929,1569.2018340265377,725.150606748371,1.4102835490337567e-05,4.29346587490042e-09,2.599777984043843e-22
1348.159999999929,1569.2018340265377,725.1534999487187,1.4025664065178745e-05,4.25087526615927e-09,2.5345096369064304e-22
1348.169999999929,1569.2018340265377,725.1563931292322,1.395351524180996e-05,4.208696585370764e-09,2.471682355022179e-22
1348.179999999929,1569.2018340265377,725.1592862899117,1.3886373811863319e-05,4.166925956173516e-09,2.4112054115376326e-22
1348.189999999929,1569.2018340265377,725.1621794307573,1.3824224427869375e-05,4.125559537609301e-09,2.352991100511518e-22
1348.1999999999289,1569.2018340265377,725.165072551769,1.3767051602993865e-05,4.084593523811792e-09,2.2969546463615856e-22
1348.2099999999289,1569.2018340265377,725.1679656529473,1.3714839713060854e-05,4.044024143686615e-09,2.2430141161609935e-22
1348.2199999999289,1569.2018340265377,725.1708587342924,1.3667572995786735e-05,4.003847660617013e-09,2.1910903338939257e-22
1348.2299999999289,1569.2018340265377,725.1737517958045,1.3625235552282533e-05,3.964060372156842e-09,2.1411067974243087e-22
1348.2399999999288,1569.2018340265377,725.1766448374837,1.3587811347324373e-05,3.924658609722122e-09,2.092989597541395e-22
1348.2499999999288,1569.2018340265377,725.1795378593299,1.3555284210539602e-05,3.885638738297417e-09,2.046667339393298e-22
1348.2599999999288,1569.2018340265377,725.182430861344,1.3527637836367912e-05,3.846997156126476e-09,2.0020710658823882e-22
1348.2699999999288,1569.2018340265377,725.1853238435259,1.3504855785143215e-05,3.808730294434368e-09,1.9591341833834967e-22
1348.2799999999288,1569.2018340265377,725.1882168058755,1.3486921483710884e-05,3.770834617132198e-09,1.9177923894298777e-22
1348.2899999999288,1569.2018340265377,725.1911097483934,1.3473818226124238e-05,3.733306620512311e-09,1.877983602409334e-22
1348.2999999999288,1569.2018340265377,725.1940026710796,1.3465529174457213e-05,3.6961428329778188e-09,1.8396478932669946e-22
1348.3099999999288,1569.2018340265377,725.1968955739344,1.346203735905454e-05,3.6593398147502605e-09,1.8027274190136723e-22
1348.3199999999288,1569.2018340265377,725.199788456958,1.3463325679663181e-05,3.6228941575889133e-09,1.7671663582253765e-22
1348.3299999999288,1569.2018340265377,725.2026813201504,1.3469376905878846e-05,3.5868024845136954e-09,1.7329108482596317e-22
1348.3399999999288,1569.2018340265377,725.2055741635122,1.3480173678042422e-05,3.5510614495177363e-09,1.6999089242843382e-22
1348.3499999999287,1569.2018340265377,725.2084669870433,1.3495698507795377e-05,3.5156677373079175e-09,1.6681104600047908e-22
1348.3599999999287,1569.2018340265377,725.2113597907439,1.3515933778839201e-05,3.4806180630179684e-09,1.6374671100628076e-22
1348.3699999999287,1569.2018340265377,725.2142525746143,1.3540861747676595e-05,3.4459091719464536e-09,1.607932254085131e-22
1348.3799999999287,1569.2018340265377,725.2171453386549,1.3570464544000945e-05,3.4115378392819165e-09,1.5794609422640852e-22
1348.3899999999287,1569.2018340265377,725.2200380828656,1.3604724171873178e-05,3.377500869846503e-09,1.5520098425943806e-22
1348.3999999999287,1569.2018340265377,725.2229308072464,1.3643622510872827e-05,3.3437950978282597e-09,1.5255371895940283e-22
1348.4099999999287,1569.2018340265377,725.225823511798,1.3687141315198658e-05,3.3104173865080947e-09,1.5000027342550377e-22
1348.4199999999287,1569.2018340265377,725.2287161965205,1.3735262215668923e-05,3.277364628020653e-09,1.4753676957844576e-22
1348.4299999999287,1569.2018340265377,725.2316088614141,1.3787966720886802e-05,3.244633743085601e-09,1.4515947146022006e-22
1348.4399999999287,1569.2018340265377,725.2345015064788,1.3845236216594144e-05,3.2122216807581403e-09,1.4286478065163753e-22
1348.4499999999287,1569.2018340265377,725.2373941317146,1.3907051967447112e-05,3.1801254181728463e-09,1.4064923184714647e-22
1348.4599999999286,1569.2018340265377,725.2402867371225,1.3973395116956402e-05,3.1483419602872103e-09,1.3850948853831622e-22
1348.4699999999286,1569.2018340265377,725.2431793227021,1.4044246689226672e-05,3.116868339652385e-09,1.364423388429414e-22
1348.4799999999286,1569.2018340265377,725.2460718884536,1.4119587589328139e-05,3.0857016161521497e-09,1.3444469143858117e-22
1348.4899999999286,1569.2018340265377,725.2489644343773,1.4199398603028767e-05,3.0548388767604056e-09,1.3251357161046518e-22
1348.4999999999286,1569.2018340265377,725.2518569604734,1.4283660399437416e-05,3.0242772353031394e-09,1.3064611744262553e-22
1348.5099999999286,1569.2018340265377,725.2547494667424,1.437235352969057e-05,2.994013832216407e-09,1.288395760830985e-22
1348.5199999999286,1569.2018340265377,725.2576419531841,1.446545843004459e-05,2.9640458343134927e-09,1.2709130015989993e-22
1348.5299999999286,1569.2018340265377,725.2605344197988,1.4562955420615578e-05,2.9343704345444514e-09,1.2539874426243474e-22
1348.5399999999286,1569.2018340265377,725.2634268665869,1.4664824705905221e-05,2.9049848517593817e-09,1.2375946154367966e-22
1348.5499999999286,1569.2018340265377,725.2663192935485,1.4771046378962719e-05,2.8758863304872318e-09,1.2217110045441174e-22
1348.5599999999286,1569.2018340265377,725.2692117006834,1.4881600418154575e-05,2.8470721407016268e-09,1.2063140151072474e-22
1348.5699999999285,1569.2018340265377,725.2721040879924,1.499646668982001e-05,2.8185395775843516e-09,1.1913819420719932e-22
1348.5799999999285,1569.2018340265377,725.2749964554755,1.5115624948298039e-05,2.790285961313351e-09,1.1768939400232923e-22
1348.5899999999285,1569.2018340265377,725.2778888031329,1.5239054838254136e-05,2.762308636833526e-09,1.162829994107363e-22
1348.5999999999285,1569.2018340265377,725.2807811309647,1.5366735894725295e-05,2.7346049736348947e-09,1.1491708916505644e-22
1348.6099999999285,1569.2018340265377,725.2836734389709,1.5498647541872892e-05,2.7071723655329595e-09,1.1358981945440275e-22
1348.6199999999285,1569.2018340265377,725.2865657271524,1.5634769096748757e-05,2.680008230445472e-09,1.1229942128315642e-22
1348.6299999999285,1569.2018340265377,725.289457995509,1.5775079768600783e-05,2.653110010188263e-09,1.1104419787787299e-22
1348.6399999999285,1569.2018340265377,725.2923502440407,1.5919558660800124e-05,2.6264751702556625e-09,1.098225221906244e-22
1348.6499999999285,1569.2018340265377,725.2952424727479,1.606818476918553e-05,2.6001011996019823e-09,1.0863283445344493e-22
1348.6599999999285,1569.2018340265377,725.2981346816307,1.6220936985682084e-05,2.5739856104394867e-09,1.074736398452041e-22
1348.6699999999285,1569.2018340265377,725.3010268706896,1.6377794097237974e-05,2.548125938023591e-09,1.063435061967341e-22
1348.6799999999284,1569.2018340265377,725.3039190399245,1.6538734787859813e-05,2.5225197404542224e-09,1.0524106178855768e-22
1348.6899999999284,1569.2018340265377,725.3068111893358,1.670373763844422e-05,2.4971645984606664e-09,1.041649932006132e-22
1348.6999999999284,1569.2018340265377,725.3097033189237,1.687278112869966e-05,2.4720581152064033e-09,1.0311404324336346e-22
1348.7099999999284,1569.2018340265377,725.312595428688,1.7045843636541607e-05,2.4471979160855706e-09,1.0208700893657948e-22
1348.7199999999284,1569.2018340265377,725.3154875186294,1.722290344067033e-05,2.4225816485183775e-09,1.0108273957029906e-22
1348.7299999999284,1569.2018340265377,725.3183795887479,1.740393871916807e-05,2.3982069817599677e-09,1.0010013480352546e-22
1348.7399999999284,1569.2018340265377,725.3212716390439,1.7588927551569675e-05,2.3740716066993266e-09,9.913814284231575e-23
1348.7499999999284,1569.2018340265377,725.3241636695172,1.7777847921669787e-05,2.350173235669383e-09,9.81957586793901e-23
1348.7599999999284,1569.2018340265377,725.3270556801682,1.7970677713961843e-05,2.3265096022503957e-09,9.727202235317747e-23
1348.7699999999284,1569.2018340265377,725.3299476709973,1.8167394718970194e-05,2.3030784610760015e-09,9.636601731137947e-23
1348.7799999999284,1569.2018340265377,725.3328396420045,1.8367976630677373e-05,2.27987758765201e-09,9.547686878422066e-23
1348.7899999999283,1569.2018340265377,725.3357315931902,1.8572401047974e-05,2.256904778161106e-09,9.460374223036956e-23
1348.7999999999283,1569.2018340265377,725.3386235245542,1.8780645479786828e-05,2.234157849282939e-09,9.374584185178851e-23
1348.8099999999283,1569.2018340265377,725.341515436097,1.8992687337922385e-05,2.2116346380022837e-09,9.29024090931735e-23
1348.8199999999283,1569.2018340265377,725.3444073278189,1.920850394581928e-05,2.1893330014287593e-09,9.20727212703249e-23
1348.8299999999283,1569.2018340265377,725.3472991997199,1.9428072533669135e-05,2.167250816619764e-09,9.125609017560622e-23
1348.8399999999283,1569.2018340265377,725.3501910518003,1.965137024396732e-05,2.1453859803961865e-09,9.045186077836991e-23
1348.8499999999283,1569.2018340265377,725.3530828840601,1.9878374127328047e-05,2.1237364091640975e-09,8.965940992224761e-23
1348.8599999999283,1569.2018340265377,725.3559746964997,2.0109061147953248e-05,2.1023000387381044e-09,8.887814510975445e-23
1348.8699999999283,1569.2018340265377,725.3588664891195,2.034340818024067e-05,2.081074824167818e-09,8.810750328673766e-23
1348.8799999999283,1569.2018340265377,725.3617582619192,2.0581392016784494e-05,2.060058739564952e-09,8.734694971680735e-23
1348.8899999999282,1569.2018340265377,725.3646500148996,2.0822989360240606e-05,2.039249777926209e-09,8.659597682275013e-23
1348.8999999999282,1569.2018340265377,725.3675417480604,2.106817682755778e-05,2.0186459509692268e-09,8.585410312111665e-23
1348.9099999999282,1569.2018340265377,725.3704334614022,2.1316930955867775e-05,1.998245288956881e-09,8.51208721966321e-23
1348.9199999999282,1569.2018340265377,725.3733251549246,2.156922819611519e-05,1.978045840538382e-09,8.439585166251063e-23
1348.9299999999282,1569.2018340265377,725.3762168286283,2.182504491819475e-05,1.958045672570321e-09,8.367863220055986e-23
1348.9399999999282,1569.2018340265377,725.3791084825136,2.2084357408042246e-05,1.9382428699622883e-09,8.296882660395139e-23
1348.9499999999282,1569.2018340265377,725.3820001165806,2.234714187609067e-05,1.9186355355110537e-09,8.226606889447575e-23
1348.9599999999282,1569.2018340265377,725.3848917308292,2.2613374447745026e-05,1.899221789738641e-09,8.157001340276057e-23
1348.9699999999282,1569.2018340265377,725.3877833252596,2.2883031177027232e-05,1.879999770729554e-09,8.088033396495283e-23
1348.9799999999282,1569.2018340265377,725.3906748998726,2.3156088030187333e-05,1.860967633970987e-09,8.019672303916379e-23
1348.9899999999282,1569.2018340265377,725.393566454668,2.343252090445975e-05,1.8421235522011499e-09,7.95188909774876e-23
1348.9999999999281,1569.2018340265377,725.3964579896458,2.3712305618002147e-05,1.8234657152491116e-09,7.884656522129312e-23
1349.0099999999281,1569.2018340265377,725.3993495048065,2.3995417915159997e-05,1.804992329876967e-09,7.81794895777515e-23
1349.0199999999281,1569.2018340265377,725.4022410001503,2.4281833462369376e-05,1.7867016196313614e-09,7.75174234912304e-23
1349.0299999999281,1569.2018340265377,725.4051324756774,2.4571527858281535e-05,1.7685918246876586e-09,7.686014138543871e-23
1349.039999999928,1569.2018340265377,725.4080239313878,2.4864476624990792e-05,1.7506612017032672e-09,7.620743196906509e-23
1349.049999999928,1569.2018340265377,725.4109153672819,2.5160655216239073e-05,1.7329080236616395e-09,7.555909761872317e-23
1349.059999999928,1569.2018340265377,725.41380678336,2.5460039009830255e-05,1.7153305797283355e-09,7.491495373646661e-23
1349.069999999928,1569.2018340265377,725.4166981796219,2.5762603319410718e-05,1.6979271751067297e-09,7.427482818820964e-23
1349.079999999928,1569.2018340265377,725.4195895560681,2.6068323388860895e-05,1.6806961308846973e-09,7.363856070967719e-23
1349.089999999928,1569.2018340265377,725.4224809126988,2.6377174391968943e-05,1.6636357838958003e-09,7.300600235123916e-23
1349.099999999928,1569.2018340265377,725.4253722495143,2.6689131435637427e-05,1.6467444865740588e-09,7.237701495218756e-23
1349.109999999928,1569.2018340265377,725.4282635665146,2.7004169562253792e-05,1.6300206068154094e-09,7.175147063198382e-23
1349.119999999928,1569.2018340265377,725.4311548636998,2.7322263749058848e-05,1.6134625278323552e-09,7.112925129141229e-23
1349.129999999928,1569.2018340265377,725.4340461410703,2.7643388907919438e-05,1.5970686480160078e-09,7.051024813412197e-23
1349.139999999928,1569.2018340265377,725.4369373986265,2.796751988759567e-05,1.580837380798528e-09,6.989436121241124e-23
1349.149999999928,1569.2018340265377,725.4398286363684,2.8294631474792897e-05,1.5647671545174537e-09,6.928149898683592e-23
1349.159999999928,1569.2018340265377,725.442719854296,2.8624698394271253e-05,1.5488564122792537e-09,6.867157789996718e-23
1349.169999999928,1569.2018340265377,725.4456110524095,2.8957695312696502e-05,1.5331036118234927e-09,6.806452197522488e-23
1349.179999999928,1569.2018340265377,725.4485022307097,2.929359683229711e-05,1.517507225386488e-09,6.746026240681875e-23
1349.189999999928,1569.2018340265377,725.4513933891963,2.9632377500922164e-05,1.5020657395782936e-09,6.685873720492057e-23
1349.199999999928,1569.2018340265377,725.4542845278695,2.9974011807174502e-05,1.4867776552436507e-09,6.625989081833714e-23
1349.209999999928,1569.2018340265377,725.4571756467295,3.0318474182199213e-05,1.4716414873351772e-09,6.566367378831895e-23
1349.219999999928,1569.2018340265377,725.4600667457768,3.0665739001024456e-05,1.456655764782296e-09,6.507004241435296e-23
1349.229999999928,1569.2018340265377,725.4629578250114,3.101578058478341e-05,1.4418190303671639e-09,6.447895843541312e-23
1349.239999999928,1569.2018340265377,725.4658488844334,3.136857320019577e-05,1.4271298405964069e-09,6.3890388717611e-23
1349.249999999928,1569.2018340265377,725.4687399240431,3.1724091061603065e-05,1.4125867655751885e-09,6.330430495978849e-23
1349.259999999928,1569.2018340265377,725.471630943841,3.208230832918306e-05,1.3981883888824583e-09,6.272068340333212e-23
1349.269999999928,1569.2018340265377,725.4745219438267,3.244319911216086e-05,1.3839333074522635e-09,6.213950456422041e-23
1349.279999999928,1569.2018340265377,725.4774129240009,3.2806737473902655e-05,1.3698201314449442e-09,6.15607529782218e-23
1349.2899999999279,1569.2018340265377,725.4803038843635,3.3172897422076064e-05,1.3558474841311989e-09,6.098441692955375e-23
1349.2999999999279,1569.2018340265377,725.483194824915,3.354165291806225e-05,1.3420140017688522e-09,6.041048822637071e-23
1349.3099999999279,1569.2018340265377,725.4860857456555,3.3912977876571143e-05,1.328318333487846e-09,5.983896196776745e-23
1349.3199999999279,1569.2018340265377,725.488976646585,3.428684616840409e-05,1.3147591411696576e-09,5.926983632568493e-23
1349.3299999999278,1569.2018340265377,725.4918675277037,3.466323161087563e-05,1.3013350993310988e-09,5.8703112315259e-23
1349.3399999999278,1569.2018340265377,725.4947583890122,3.504210798665086e-05,1.2880448950059822e-09,5.813879362332326e-23
1349.3499999999278,1569.2018340265377,725.4976492305104,3.542344902609248e-05,1.2748872276367566e-09,5.757688638348882e-23
1349.3599999999278,1569.2018340265377,725.5005400521985,3.580722842173804e-05,1.2618608089559902e-09,5.701739901364982e-23
1349.3699999999278,1569.2018340265377,725.5034308540768,3.619341982245063e-05,1.248964362873823e-09,5.646034202769858e-23
1349.3799999999278,1569.2018340265377,725.5063216361453,3.6581996837185524e-05,1.2361966253682725e-09,5.590572787134965e-23
1349.3899999999278,1569.2018340265377,725.5092123984047,3.697293303458485e-05,1.223556344372057e-09,5.535357075839475e-23
1349.3999999999278,1569.2018340265377,725.5121031408547,3.736620194302863e-05,1.2110422796663654e-09,5.480388651578148e-23
1349.4099999999278,1569.2018340265377,725.5149938634956,3.776177705473246e-05,1.1986532027696211e-09,5.425669244122054e-23
1349.4199999999278,1569.2018340265377,725.5178845663279,3.815963182401936e-05,1.186387896828773e-09,5.371200715901573e-23
1349.4299999999278,1569.2018340265377,725.5207752493513,3.8559739667776804e-05,1.1742451565163329e-09,5.316985048641964e-23
1349.4399999999277,1569.2018340265377,725.5236659125665,3.8962073973476545e-05,1.162223787919744e-09,5.2630243315866184e-23
1349.4499999999277,1569.2018340265377,725.5265565559733,3.936660808507772e-05,1.150322608440229e-09,5.209320747366612e-23
1349.4599999999277,1569.2018340265377,725.5294471795723,3.977331531788065e-05,1.1385404466864905e-09,5.155876562407731e-23
1349.4699999999277,1569.2018340265377,725.5323377833636,4.0182168959783064e-05,1.12687614237347e-09,5.102694115989802e-23
1349.4799999999277,1569.2018340265377,725.5352283673469,4.059314225910968e-05,1.1153285462201908e-09,5.0497758081670063e-23
1349.4899999999277,1569.2018340265377,725.538118931523,4.100620843852176e-05,1.10389651984484e-09,4.997124091565302e-23
1349.4999999999277,1569.2018340265377,725.541009475892,4.1421340687850376e-05,1.0925789356681742e-09,4.9447414610403173e-23
1349.5099999999277,1569.2018340265377,725.5439000004541,4.1838512172894246e-05,1.0813746768144217e-09,4.892630445783589e-23
1349.5199999999277,1569.2018340265377,725.5467905052092,4.225769602872169e-05,1.0702826370113562e-09,4.840793599994817e-23
1349.5299999999277,1569.2018340265377,725.5496809901576,4.2678865365714295e-05,1.0593017204913408e-09,4.7892334955490625e-23
1349.5399999999277,1569.2018340265377,725.5525714552999,4.310199326621957e-05,1.0484308418954268e-09,4.7379527140155323e-23
1349.5499999999276,1569.2018340265377,725.555461900636,4.352705278920031e-05,1.0376689261795313e-09,4.686953840027338e-23
1349.5599999999276,1569.2018340265377,725.5583523261661,4.395401697102653e-05,1.0270149085171533e-09,4.6362394545583733e-23
1349.5699999999276,1569.2018340265377,725.5612427318903,4.438285882428206e-05,1.016467734205189e-09,4.5858121284061985e-23
1349.5799999999276,1569.2018340265377,725.564133117809,4.481355133720508e-05,1.006026358570517e-09,4.5356744161389967e-23
1349.5899999999276,1569.2018340265377,725.5670234839224,4.524606748287287e-05,9.956897468782599e-10,4.485828851392276e-23
1349.5999999999276,1569.2018340265377,725.5699138302307,4.568038020912824e-05,9.854568742400473e-10,4.436277940529794e-23
1349.6099999999276,1569.2018340265377,725.5728041567339,4.6116462449150205e-05,9.753267255226247e-10,4.3870241587290536e-23
1349.6199999999276,1569.2018340265377,725.5756944634325,4.6554287112072915e-05,9.652982952570053e-10,4.3380699444063297e-23
1349.6299999999276,1569.2018340265377,725.5785847503264,4.6993827097906666e-05,9.553705875507305e-10,4.289417696305211e-23
1349.6399999999276,1569.2018340265377,725.581475017416,4.743505528529641e-05,9.455426159981611e-10,4.2410697682629535e-23
1349.6499999999276,1569.2018340265377,725.5843652647015,4.787794453916212e-05,9.358134035928006e-10,4.193028466157987e-23
1349.6599999999275,1569.2018340265377,725.5872554921832,4.832246770970827e-05,9.261819826415111e-10,4.1452960443196913e-23
1349.6699999999275,1569.2018340265377,725.5901456998611,4.876859763244579e-05,9.166473946775462e-10,4.097874702283344e-23
1349.6799999999275,1569.2018340265377,725.5930358877354,4.921630713798842e-05,9.072086903748374e-10,4.0507665826088045e-23
1349.6899999999275,1569.2018340265377,725.5959260558062,4.9665569036915406e-05,8.978649294640891e-10,4.0039737668432103e-23
1349.6999999999275,1569.2018340265377,725.5988162040742,5.011635613329552e-05,8.886151806471252e-10,3.957498274112802e-23
1349.7099999999275,1569.2018340265377,725.6017063325392,5.056864121800025e-05,8.794585215173942e-10,3.9113420582882495e-23
1349.7199999999275,1569.2018340265377,725.6045964412015,5.102239708384128e-05,8.703940384739959e-10,3.865507007019239e-23
1349.7299999999275,1569.2018340265377,725.6074865300611,5.1477596506804436e-05,8.614208266425501e-10,3.8199949383699346e-23
1349.7399999999275,1569.2018340265377,725.6103765991185,5.193421225536523e-05,8.52537989792167e-10,3.77480759982706e-23
1349.7499999999275,1569.2018340265377,725.613266648374,5.2392217100218054e-05,8.437446402560451e-10,3.7299466674630746e-23
1349.7599999999275,1569.2018340265377,725.6161566778273,5.285158380226694e-05,8.350398988543918e-10,3.68541374369109e-23
1349.7699999999274,1569.2018340265377,725.619046687479,5.331228511945661e-05,8.264228948119122e-10,3.6412103565299623e-23
1349.7799999999274,1569.2018340265377,725.6219366773294,5.377429380630863e-05,8.178927656811652e-10,3.597337958530557e-23
1349.7899999999274,1569.2018340265377,725.6248266473782,5.423758261690356e-05,8.094486572675799e-10,3.5537979260959594e-23
1349.7999999999274,1569.2018340265377,725.6277165976261,5.4702124307141185e-05,8.010897235484831e-10,3.5105915588205314e-23
1349.8099999999274,1569.2018340265377,725.630606528073,5.516789162713829e-05,7.928151266011508e-10,3.4677200784064085e-23
1349.8199999999274,1569.2018340265377,725.6334964387195,5.5634857332629554e-05,7.846240365245639e-10,3.425184628883152e-23
1349.8299999999274,1569.2018340265377,725.6363863295654,5.610299418035204e-05,7.765156313674557e-10,3.382986275949916e-23
1349.8399999999274,1569.2018340265377,725.6392762006108,5.657227493105358e-05,7.684890970533769e-10,3.341126006893629e-23
1349.8499999999274,1569.2018340265377,725.6421660518563,5.704267234742179e-05,7.605436273046344e-10,3.299604730291237e-23
1349.8599999999274,1569.2018340265377,725.645055883302,5.7514159195991186e-05,7.526784235744541e-10,3.258423276128012e-23
1349.8699999999274,1569.2018340265377,725.647945694948,5.79867082545386e-05,7.448926949724998e-10,3.217582396246866e-23
1349.8799999999273,1569.2018340265377,725.6508354867946,5.8460292303099706e-05,7.371856581935883e-10,3.1770827639773813e-23
1349.8899999999273,1569.2018340265377,725.6537252588416,5.893488413242605e-05,7.295565374479778e-10,3.136924974856793e-23
1349.8999999999273,1569.2018340265377,725.6566150110899,5.941045653557473e-05,7.220045643889713e-10,3.097109546474224e-23
1349.9099999999273,1569.2018340265377,725.6595047435394,5.988698232528339e-05,7.145289780471106e-10,3.057636919821436e-23
1349.9199999999273,1569.2018340265377,725.6623944561901,6.036443431934219e-05,7.071290247596268e-10,3.018507458964053e-23
1349.9299999999273,1569.2018340265377,725.6652841490423,6.084278534665926e-05,6.99803958101459e-10,2.9797214519026017e-23
1349.9399999999273,1569.2018340265377,725.6681738220964,6.132200824732452e-05,6.925530388188924e-10,2.941279111194304e-23
1349.9499999999273,1569.2018340265377,725.6710634753525,6.180207587961978e-05,6.853755347620984e-10,2.903180574951915e-23
1349.9599999999273,1569.2018340265377,725.6739531088107,6.22829611133915e-05,6.78270720820242e-10,2.865425907252541e-23
1349.9699999999273,1569.2018340265377,725.6768427224712,6.27646368365054e-05,6.712378788535051e-10,2.8280150992018726e-23
1349.9799999999273,1569.2018340265377,725.6797323163345,6.324707594599862e-05,6.642762976288733e-10,2.7909480693675586e-23
1349.9899999999272,1569.2018340265377,725.6826218904004,6.373025136397007e-05,6.573852727575055e-10,2.754224665389844e-23
1349.9999999999272,1569.2018340265377,725.6855114446693,6.42141360300126e-05,6.505641066275277e-10,2.717844664516267e-23
