signal_nm,phi2_fixed_idler_norm,pump2_norm,f2_norm
1.270000000000000000e+03,1.219457214415215526e-04,6.265516477510072617e-42,7.640845692382305543e-46
1.270018749999999955e+03,1.215341711419223625e-04,6.846796947851636393e-42,8.321542531128341627e-46
1.270037499999999909e+03,1.211130430401769495e-04,7.481675354056139423e-42,9.061659952130407519e-46
1.270056250000000091e+03,1.206824085497274087e-04,8.175063049830113415e-42,9.866271569925981918e-46
1.270075000000000045e+03,1.202423407309678868e-04,8.932318588016254324e-42,1.074087375163778601e-45
1.270093750000000000e+03,1.197929142855045856e-04,9.759288178196039863e-42,1.169141988595141720e-45
1.270112499999999955e+03,1.193342055486133876e-04,1.066234978084482017e-41,1.272435734344533646e-45
1.270131249999999909e+03,1.188662924792406524e-04,1.164846116202918418e-41,1.384666733082359914e-45
1.270150000000000091e+03,1.183892546489280777e-04,1.272521226265008515e-41,1.506590785793268665e-45
1.270168750000000045e+03,1.179031732407890773e-04,1.390088226681292688e-41,1.639026005265045056e-45
1.270187500000000000e+03,1.174081310316181439e-04,1.518450178804003170e-41,1.782857807087684872e-45
1.270206249999999955e+03,1.169042123881384256e-04,1.658592062931326563e-41,1.939044287386698330e-45
1.270224999999999909e+03,1.163915032595970586e-04,1.811588161342406171e-41,2.108622015877856025e-45
1.270243750000000091e+03,1.158700911591876748e-04,1.978610102331080211e-41,2.292712274799619354e-45
1.270262500000000045e+03,1.153400651633018550e-04,2.160935624070795622e-41,2.492527777221146582e-45
1.270281250000000000e+03,1.148015158962477328e-04,2.359958122276169352e-41,2.709379899426327511e-45
1.270299999999999955e+03,1.142545355259458887e-04,2.577197051254477697e-41,2.944686465524974428e-45
1.270318749999999909e+03,1.136992177441289580e-04,2.814309254206143585e-41,3.199980124151184304e-45
1.270337500000000091e+03,1.131356577655988582e-04,3.073101305115000759e-41,3.476917361057037252e-45
1.270356250000000045e+03,1.125639523121721805e-04,3.355542952036440507e-41,3.777288192979949817e-45
1.270375000000000000e+03,1.119841995989506798e-04,3.663781759378917900e-41,4.103026592370109455e-45
1.270393749999999955e+03,1.113964993309742485e-04,4.000159055339205689e-41,4.456221695872151444e-45
1.270412499999999909e+03,1.108009526873425174e-04,4.367227300196387913e-41,4.839129852142254979e-45
1.270431250000000091e+03,1.101976623084984929e-04,4.767769000975428454e-41,5.254187569170770416e-45
1.270450000000000045e+03,1.095867322862338253e-04,5.204817309457760392e-41,5.704025425364502033e-45
1.270468750000000000e+03,1.089682681510236882e-04,5.681678452204676437e-41,6.191483012277735400e-45
1.270487499999999955e+03,1.083423768628758403e-04,6.201956154442665387e-41,6.719624982073050275e-45
1.270506249999999909e+03,1.077091667972828761e-04,6.769578233910138007e-41,7.291758276911151103e-45
1.270525000000000091e+03,1.070687477248029307e-04,7.388825556083657403e-41,7.911450622575250464e-45
1.270543750000000045e+03,1.064212308125297502e-04,8.064363559028993329e-41,8.582550376329823773e-45
1.270562500000000000e+03,1.057667286025306476e-04,8.801276574563062749e-41,9.309207820046861559e-45
1.270581249999999955e+03,1.051053550007374424e-04,9.605105191654611312e-41,1.009589800007902520e-44
1.270599999999999909e+03,1.044372252638935741e-04,1.048188693046802906e-40,1.094744521985369969e-44
1.270618750000000091e+03,1.037624559853171592e-04,1.143820051776896133e-40,1.186904929750127171e-44
1.270637500000000045e+03,1.030811650823070072e-04,1.248121408094686619e-40,1.286631370939794980e-44
1.270656250000000000e+03,1.023934717794525341e-04,1.361873760475657483e-40,1.394527574623999206e-44
1.270674999999999955e+03,1.016994966018268430e-04,1.485928002539070561e-40,1.511243881910036185e-44
1.270693749999999909e+03,1.009993613559087507e-04,1.621211136893151310e-40,1.637480705660364352e-44
1.270712500000000091e+03,1.002931891107497887e-04,1.768733037686212871e-40,1.773992234718494512e-44
1.270731250000000045e+03,9.958110419549364432e-05,1.929593809989452706e-40,1.921590399161584087e-44
1.270750000000000000e+03,9.886323217051139135e-05,2.104991798313773840e-40,2.081149113050932670e-44
1.270768749999999955e+03,9.813969982703845893e-05,2.296232301151402884e-40,2.253608813877045052e-44
1.270787499999999909e+03,9.741063516240477233e-05,2.504737053285147223e-40,2.439981316985928405e-44
1.270806250000000091e+03,9.667616736681560450e-05,2.732054543147547291e-40,2.641355006183420684e-44
1.270825000000000045e+03,9.593642681142753410e-05,2.979871238161277664e-40,2.858900381935495083e-44
1.270843750000000000e+03,9.519154502509149574e-05,3.250023797501332356e-40,3.093875989770319860e-44
1.270862499999999955e+03,9.444165469370368173e-05,3.544512358465811989e-40,3.347634754033084273e-44
1.270881249999999909e+03,9.368688962868625342e-05,3.865514990210353981e-40,3.621630741024942251e-44
1.270900000000000091e+03,9.292738475846750443e-05,4.215403416754047550e-40,3.917426380230716513e-44
1.270918750000000045e+03,9.216327611325010757e-05,4.596760119817218442e-40,4.236700171243448298e-44
1.270937500000000000e+03,9.139470080384755617e-05,5.012396941949774017e-40,4.581254906610812140e-44
1.270956249999999955e+03,9.062179701190563633e-05,5.465375320369455955e-40,4.953026442939794085e-44
1.270974999999999909e+03,8.984470397092647652e-05,5.959028293773049117e-40,5.354093053185446374e-44
1.270993750000000091e+03,8.906356194767240677e-05,6.496984436154236582e-40,5.786685395591751361e-44
1.271012500000000045e+03,8.827851222620480864e-05,7.083193885235895260e-40,6.253197136682572655e-44
1.271031250000000000e+03,8.748969709034915086e-05,7.721956647734060468e-40,6.756196267393034393e-44
1.271049999999999955e+03,8.669725981030827733e-05,8.417953378953279341e-40,7.298437153722969889e-44
1.271068749999999909e+03,8.590134462483294637e-05,9.176278851806901429e-40,7.882873364894391943e-44
1.271087500000000091e+03,8.510209671539903516e-05,1.000247834813992538e-39,8.512671323561429421e-44
1.271106250000000045e+03,8.429966220395876896e-05,1.090258722651615593e-39,9.191224829417332625e-44
1.271125000000000000e+03,8.349418811900436636e-05,1.188317394076855165e-39,9.922170500426240906e-44
1.271143749999999955e+03,8.268582239182816526e-05,1.295138680920939807e-39,1.070940419098732823e-43
1.271162499999999909e+03,8.187471383188063188e-05,1.411500485832529539e-39,1.155709843637472802e-43
1.271181250000000091e+03,8.106101210778478814e-05,1.538249309402314190e-39,1.246972098411273977e-43
1.271200000000000045e+03,8.024486772885177082e-05,1.676306258289210152e-39,1.345205447191816333e-43
1.271218750000000000e+03,7.942643203221753164e-05,1.826673575964512890e-39,1.450921731672028807e-43
1.271237499999999955e+03,7.860585716461941815e-05,1.990441741127476086e-39,1.564668587855781185e-43
1.271256249999999909e+03,7.778329605609018993e-05,2.168797182901162755e-39,1.687031796803800688e-43
1.271275000000000091e+03,7.695890240585708843e-05,2.363030665912770013e-39,1.818637777224036860e-43
1.271293750000000045e+03,7.613283066940182984e-05,2.574546403081329329e-39,1.960156227333028129e-43
1.271312500000000000e+03,7.530523602527035764e-05,2.804871958834994470e-39,2.112302923259176011e-43
1.271331249999999955e+03,7.447627437446633996e-05,3.055669010723905434e-39,2.275842683344348076e-43
1.271349999999999909e+03,7.364610231064741401e-05,3.328745043475247409e-39,2.451592505452387150e-43
1.271368750000000091e+03,7.281487709594013221e-05,3.626066055540031655e-39,2.640424886738484331e-43
1.271387500000000045e+03,7.198275665516008044e-05,3.949770365289053858e-39,2.843271335717458571e-43
1.271406250000000000e+03,7.114989954570769004e-05,4.302183611325544311e-39,3.061126084740279254e-43
1.271424999999999955e+03,7.031646494444424164e-05,4.685835049414997083e-39,3.295050014118172890e-43
1.271443749999999909e+03,6.948261262935894150e-05,5.103475257339653097e-39,3.546174797485662772e-43
1.271462500000000091e+03,6.864850295077653695e-05,5.558095368492429770e-39,3.815707278688565718e-43
1.271481250000000045e+03,6.781429681875483491e-05,6.052947965207216066e-39,4.104934092480859074e-43
1.271500000000000000e+03,6.698015568279319415e-05,6.591569774026293854e-39,4.415226539449235457e-43
1.271518749999999955e+03,6.614624151376514993e-05,7.177806317256130796e-39,4.748045727539922061e-43
1.271537499999999909e+03,6.531271678106490941e-05,7.815838688195064086e-39,5.104947992019698373e-43
1.271556250000000091e+03,6.447974442797048357e-05,8.510212631709158318e-39,5.487590606689947056e-43
1.271575000000000045e+03,6.364748786594037722e-05,9.265870127070698225e-39,5.897737801257779557e-43
1.271593750000000000e+03,6.281611093542254008e-05,1.008818368722063240e-38,6.337267094528194821e-43
1.271612499999999955e+03,6.198577790184727745e-05,1.098299360580439941e-38,6.808175962887751304e-43
1.271631249999999909e+03,6.115665342664050889e-05,1.195664840416075297e-38,7.312588854084384623e-43
1.271650000000000091e+03,6.032890254905247878e-05,1.301604875072266795e-38,7.852764564366449128e-43
1.271668750000000045e+03,5.950269066651951429e-05,1.416869514884038144e-38,8.431103993830075190e-43
1.271687500000000000e+03,5.867818351414531630e-05,1.542273971453425666e-38,9.050158296744205609e-43
1.271706249999999955e+03,5.785554713950621513e-05,1.678704239163716393e-38,9.712637442875484945e-43
1.271724999999999909e+03,5.703494789110832727e-05,1.827123198246068618e-38,1.042141921090404594e-42
1.271743750000000091e+03,5.621655239040759740e-05,1.988577240343596121e-38,1.117955862804341656e-42
1.271762500000000045e+03,5.540052751212840503e-05,2.164203460938028659e-38,1.199029787882566833e-42
1.271781250000000000e+03,5.458704036199429590e-05,2.355237466852503152e-38,1.285707670233493926e-42
1.271799999999999955e+03,5.377625826366581906e-05,2.563021850999211349e-38,1.378354330202526643e-42
1.271818749999999909e+03,5.296834873126295433e-05,2.789015391011226204e-38,1.477356578604438475e-42
1.271837500000000091e+03,5.216347944527712150e-05,3.034803033090890866e-38,1.583124416541876271e-42
1.271856250000000045e+03,5.136181824238961397e-05,3.302106727716991186e-38,1.696092294043661176e-42
1.271875000000000000e+03,5.056353308019779255e-05,3.592797189239824178e-38,1.816720429108442538e-42
1.271893749999999955e+03,4.976879202878786658e-05,3.908906657677433291e-38,1.945496191729117809e-42
1.271912499999999909e+03,4.897776324803219510e-05,4.252642747416600264e-38,2.082935554908007380e-42
1.271931250000000091e+03,4.819061495667725315e-05,4.626403474740709508e-38,2.229584616162810769e-42
1.271950000000000045e+03,4.740751541973104685e-05,5.032793563851088093e-38,2.386021194468158083e-42
1.271968750000000000e+03,4.662863292432775669e-05,5.474642139241905244e-38,2.552856505635097453e-42
1.271987499999999955e+03,4.585413575942938566e-05,5.955021921560244193e-38,2.730736921387275646e-42
1.272006249999999909e+03,4.508419219818238157e-05,6.477270053685950191e-38,2.920345817232684767e-42
1.272025000000000091e+03,4.431897046986734806e-05,7.045010694530571836e-38,3.122405514015111920e-42
1.272043750000000045e+03,4.355863873763723667e-05,7.662179529369573575e-38,3.337679320229126669e-42
1.272062500000000000e+03,4.280336508709270193e-05,8.333050358349852645e-38,3.566973682890055611e-42
1.272081249999999955e+03,4.205331749685324268e-05,9.062263937703762991e-38,3.811140452646576916e-42
1.272099999999999909e+03,4.130866381793726238e-05,9.854859263521748822e-38,4.071079273977554540e-42
1.272118750000000091e+03,4.056957175637194735e-05,1.071630750316888957e-37,4.347740110257619161e-42
1.272137500000000045e+03,3.983620884938989274e-05,1.165254879664054920e-37,4.642125914104750001e-42
1.272156250000000000e+03,3.910874243756184049e-05,1.267003216933891678e-37,4.955295456002899811e-42
1.272174999999999955e+03,3.838733965728002086e-05,1.377575881678600691e-37,5.288366328600894417e-42
1.272193749999999909e+03,3.767216741009095192e-05,1.497732904427948472e-37,5.642518138449738345e-42
1.272212500000000091e+03,3.696339234004876006e-05,1.628299316808908745e-37,6.018995907407863936e-42
1.272231250000000045e+03,3.626118081917514119e-05,1.770170670947134801e-37,6.419113705618631050e-42
1.272250000000000000e+03,3.556569891777632437e-05,1.924319024132257792e-37,6.844258537070968292e-42
1.272268749999999955e+03,3.487711239260795476e-05,2.091799427686169828e-37,7.295894510985940861e-42
1.272287499999999909e+03,3.419558665816754112e-05,2.273756962111236669e-37,7.775567324671029199e-42
1.272306250000000091e+03,3.352128676840154597e-05,2.471434364309689358e-37,8.284909099257568273e-42
1.272325000000000045e+03,3.285437739288031393e-05,2.686180296155045208e-37,8.825643606083305481e-42
1.272343750000000000e+03,3.219502279874649181e-05,2.919458308131613550e-37,9.399591933876144292e-42
1.272362499999999955e+03,3.154338682928949279e-05,3.172856555860028603e-37,1.000867864781215124e-41
1.272381249999999909e+03,3.089963288273865784e-05,3.448098332391245923e-37,1.065493850256608916e-41
1.272400000000000091e+03,3.026392388356686703e-05,3.747053484185239545e-37,1.134052377580288964e-41
1.272418750000000045e+03,2.963642227519370302e-05,4.071750784440697688e-37,1.206771231145296832e-41
1.272437500000000000e+03,2.901728998549650909e-05,4.424391343280891944e-37,1.283891634549460525e-41
1.272456249999999955e+03,2.840668841505050547e-05,4.807363141309571379e-37,1.365669223472578620e-41
1.272474999999999909e+03,2.780477841470542852e-05,5.223256779593830955e-37,1.452375119192761670e-41
1.272493750000000091e+03,2.721172025572083961e-05,5.674882547503696585e-37,1.544297115926472078e-41
1.272512500000000045e+03,2.662767361899304855e-05,6.165288917395367126e-37,1.641740998186158207e-41
1.272531250000000000e+03,2.605279757134463527e-05,6.697782585034082777e-37,1.745032003717415629e-41
1.272549999999999955e+03,2.548725054429222390e-05,7.275950183533724582e-37,1.854516451782531793e-41
1.272568749999999909e+03,2.493119031305601700e-05,7.903681809700758112e-37,1.970563558472060383e-41
1.272587500000000091e+03,2.438477397238595978e-05,8.585196512974127463e-37,2.093567463354996163e-41
1.272606250000000045e+03,2.384815792197415220e-05,9.325069909273783924e-37,2.223949496245327799e-41
1.272625000000000000e+03,2.332149784209908066e-05,1.012826409567222321e-36,2.362160714048975071e-41
1.272643749999999955e+03,2.280494867341322315e-05,1.100016005624495344e-36,2.508684744191355864e-41
1.272662499999999909e+03,2.229866459970873414e-05,1.194659276461335040e-36,2.664040974640392984e-41
1.272681250000000091e+03,2.180279901977077013e-05,1.297388920647122012e-36,2.828788134191746447e-41
1.272700000000000045e+03,2.131750453572817100e-05,1.408890956225672932e-36,3.003528316746662347e-41
1.272718750000000000e+03,2.084293292590378062e-05,1.529909181198457693e-36,3.188911503490073491e-41
1.272737499999999955e+03,2.037923512971663340e-05,1.661250004268714232e-36,3.385640650394557846e-41
1.272756249999999909e+03,1.992656122563169112e-05,1.803787676518916588e-36,3.594477411515020846e-41
1.272775000000000091e+03,1.948506040770612400e-05,1.958469956909445244e-36,3.816248579764181707e-41
1.272793750000000045e+03,1.905488097211909822e-05,2.126324247381930848e-36,4.051853339095589958e-41
1.272812500000000000e+03,1.863617028966599711e-05,2.308464236163466056e-36,4.302271426456617339e-41
1.272831249999999955e+03,1.822907479371535408e-05,2.506097091029012918e-36,4.568572324472979115e-41
1.272849999999999909e+03,1.783373995506436796e-05,2.720531247727026907e-36,4.851925608558438969e-41
1.272868750000000091e+03,1.745031026530443285e-05,2.953184842439091056e-36,5.153612597962794615e-41
1.272887500000000045e+03,1.707892921303019848e-05,3.205594841073322426e-36,5.475039469355334314e-41
1.272906250000000000e+03,1.671973926756082011e-05,3.479426922597837857e-36,5.817752018731140098e-41
1.272924999999999955e+03,1.637288186313102704e-05,3.776486178170260958e-36,6.183452273725255267e-41
1.272943749999999909e+03,1.603849737216660635e-05,4.098728692864932258e-36,6.574017179436265615e-41
1.272962500000000091e+03,1.571672508940148819e-05,4.448274082354612421e-36,6.991519619494414113e-41
1.272981250000000045e+03,1.540770321552093310e-05,4.827419062452402561e-36,7.438252053181657699e-41
1.273000000000000000e+03,1.511156883215905743e-05,5.238652136290085393e-36,7.916753082219608262e-41
1.273018749999999955e+03,1.482845789037245809e-05,5.684669490068703052e-36,8.429837310894580757e-41
1.273037499999999909e+03,1.455850518686963898e-05,6.168392196439131392e-36,8.980628883447083969e-41
1.273056250000000091e+03,1.430184434545672720e-05,6.692984831955588170e-36,9.572599146715901244e-41
1.273075000000000045e+03,1.405860780089345023e-05,7.261875624148384373e-36,1.020960892905747315e-40
1.273093750000000000e+03,1.382892677820471029e-05,7.878778252713244729e-36,1.089595597795578494e-40
1.273112499999999955e+03,1.361293127763606287e-05,8.547715439823475514e-36,1.163642817276956373e-40
1.273131249999999909e+03,1.341075005337963887e-05,9.273044474896497290e-36,1.243636318194891439e-40
1.273150000000000091e+03,1.322251059601965279e-05,1.005948483163073079e-35,1.330171532681756151e-40
1.273168750000000045e+03,1.304833911645416052e-05,1.091214804700925062e-35,1.423913048990854155e-40
1.273187500000000000e+03,1.288836052602882144e-05,1.183657004655781203e-35,1.525602999616701485e-40
1.273206249999999955e+03,1.274269842041201522e-05,1.283874611421167923e-35,1.636070451062469209e-40
1.273224999999999909e+03,1.261147506146539922e-05,1.392516872164833183e-35,1.756241909890749387e-40
1.273243750000000091e+03,1.249481136064157316e-05,1.510286844892110007e-35,1.887153073310058902e-40
1.273262500000000045e+03,1.239282685975277542e-05,1.637945824725366359e-35,2.029961965704999165e-40
1.273281250000000000e+03,1.230563971630216126e-05,1.776318131455996536e-35,2.185963619603613794e-40
1.273299999999999955e+03,1.223336668573881158e-05,1.926296287646993872e-35,2.356606474739454273e-40
1.273318749999999909e+03,1.217612310400613521e-05,2.088846618883438564e-35,2.543510689270698421e-40
1.273337500000000091e+03,1.213402287166300133e-05,2.265015310286806530e-35,2.748488578069575076e-40
1.273356250000000045e+03,1.210717843715596197e-05,2.455934956255353941e-35,2.973567415583703252e-40
1.273375000000000000e+03,1.209570078056456943e-05,2.662831643197336050e-35,3.221014866819979286e-40
1.273393749999999955e+03,1.209969939743178838e-05,2.887032608292217258e-35,3.493367338028506363e-40
1.273412499999999909e+03,1.211928228270434776e-05,3.129974520840049475e-35,3.793461569978556115e-40
1.273431250000000091e+03,1.215455591503049479e-05,3.393212436293227688e-35,4.124469830932555293e-40
1.273450000000000045e+03,1.220562524064159670e-05,3.678429477270716411e-35,4.489939104224395005e-40
1.273468750000000000e+03,1.227259365858464469e-05,3.987447300083987514e-35,4.893834707829419231e-40
1.273487499999999955e+03,1.235556300494842869e-05,4.322237409924353883e-35,5.340588827932382522e-40
1.273506249999999909e+03,1.245463353668928390e-05,4.684933393175354873e-35,5.835154500343751233e-40
1.273525000000000091e+03,1.256990391909974835e-05,5.077844140301046747e-35,6.383065630773112781e-40
1.273543750000000045e+03,1.270147120780171300e-05,5.503468139228434128e-35,6.990503701302014543e-40
1.273562500000000000e+03,1.284943083768030056e-05,5.964508924857396750e-35,7.664371887177582440e-40
1.273581249999999955e+03,1.301387660461033073e-05,6.463891777759800568e-35,8.412377370560739878e-40
1.273599999999999909e+03,1.319490065283892590e-05,7.004781772062412652e-35,9.243122732880470901e-40
1.273618750000000091e+03,1.339259346264316197e-05,7.590603280738200328e-35,1.016620738935394506e-39
1.273637500000000045e+03,1.360704383286150290e-05,8.225061055036049188e-35,1.119234012631836102e-39
1.273656250000000000e+03,1.383833887054350028e-05,8.912163004064707732e-35,1.233346392400222320e-39
1.273674999999999955e+03,1.408656397404435225e-05,9.656244810526695574e-35,1.360289434878763683e-39
1.273693749999999909e+03,1.435180282174114910e-05,1.046199652957056169e-34,1.501547295049621434e-39
1.273712500000000091e+03,1.463413735872398996e-05,1.133449132889162691e-34,1.658773722934118826e-39
1.273731250000000045e+03,1.493364778360090196e-05,1.227921654156474239e-34,1.833810890473956343e-39
1.273750000000000000e+03,1.525041253425389354e-05,1.330210721560224989e-34,2.028710238849080375e-39
1.273768749999999955e+03,1.558450827747547590e-05,1.440958236016813235e-34,2.245755556647401913e-39
1.273787499999999909e+03,1.593600989396605608e-05,1.560858410244393698e-34,2.487488518469146675e-39
1.273806250000000091e+03,1.630499046923737400e-05,1.690661998800431816e-34,2.756736939395376771e-39
1.273825000000000045e+03,1.669152127782609364e-05,1.831180867404826653e-34,3.056646022665997622e-39
1.273843750000000000e+03,1.709567177550352240e-05,1.983292928655657884e-34,3.390712910120344278e-39
1.273862499999999955e+03,1.751750958463062157e-05,2.147947473138735895e-34,3.762824870480798834e-39
1.273881249999999909e+03,1.795710048081017646e-05,2.326170927482027002e-34,4.177301497974756373e-39
1.273900000000000091e+03,1.841450839019388900e-05,2.519073073184554356e-34,4.638941331485220757e-39
1.273918750000000045e+03,1.888979536557510317e-05,2.727853762802853162e-34,5.153073335151265897e-39
1.273937500000000000e+03,1.938302159017701415e-05,2.953810172999070660e-34,5.725613744127054916e-39
1.273956249999999955e+03,1.989424535235426075e-05,3.198344636948254527e-34,6.363128802060114097e-39
1.273974999999999909e+03,2.042352304699258640e-05,3.462973102047897908e-34,7.072903998386543579e-39
1.273993750000000091e+03,2.097090915601660863e-05,3.749334262400535786e-34,7.863020443755354880e-39
1.274012500000000045e+03,2.153645624816223484e-05,4.059199419535740189e-34,8.742439111048099611e-39
1.274031250000000000e+03,2.212021496246404642e-05,4.394483128910516204e-34,9.721093714885362251e-39
1.274049999999999955e+03,2.272223399797261350e-05,4.757254694266435871e-34,1.080999309732985678e-38
1.274068749999999909e+03,2.334256010567683305e-05,5.149750576904340995e-34,1.202133406320193061e-38
1.274087500000000091e+03,2.398123808591033428e-05,5.574387791992353453e-34,1.336862570232496465e-38
1.274106250000000045e+03,2.463831076637176313e-05,6.033778369815274541e-34,1.486682632043701787e-38
1.274125000000000000e+03,2.531381900711802453e-05,6.530744966079247664e-34,1.653249424709611190e-38
1.274143749999999955e+03,2.600780168506447394e-05,7.068337711395977844e-34,1.838395385834116501e-38
1.274162499999999909e+03,2.672029568052388331e-05,7.649852398092906835e-34,2.044147831914928488e-38
1.274181250000000091e+03,2.745133588370983130e-05,8.278850109061803493e-34,2.272749069577117531e-38
1.274200000000000045e+03,2.820095516959597595e-05,8.959178402362069487e-34,2.526678519341842405e-38
1.274218750000000000e+03,2.896918441062265346e-05,9.694994173858589141e-34,2.808677053443488281e-38
1.274237499999999955e+03,2.975605244692678712e-05,1.049078832949049070e-33,3.121773755964082275e-38
1.274256249999999909e+03,3.056158609219129362e-05,1.135141240945642506e-33,3.469315347093940185e-38
1.274275000000000091e+03,3.138581013234368125e-05,1.228210731737797557e-33,3.854998525649722757e-38
1.274293750000000045e+03,3.222874730187290029e-05,1.328853431932128087e-33,4.282905509099521058e-38
1.274312500000000000e+03,3.309041829362292092e-05,1.437680849086566546e-33,4.757543085741470053e-38
1.274331249999999955e+03,3.397084174385646931e-05,1.555353480364505397e-33,5.283885509396266438e-38
1.274349999999999909e+03,3.487003422507098881e-05,1.682584705778735512e-33,5.867421608714446635e-38
1.274368750000000091e+03,3.578801024962508621e-05,1.820144988355023794e-33,6.514206515495280304e-38
1.274387500000000045e+03,3.672478225326222297e-05,1.968866405104546497e-33,7.230918447306884744e-38
1.274406250000000000e+03,3.768036059842915316e-05,2.129647534709874510e-33,8.024921032672549695e-38
1.274424999999999955e+03,3.865475356380745008e-05,2.303458729789018898e-33,8.904331699625677991e-38
1.274443749999999909e+03,3.964796734041267553e-05,2.491347803651932715e-33,9.878096705913470600e-38
1.274462500000000091e+03,4.066000603106993092e-05,2.694446163983507670e-33,1.095607343948131691e-37
1.274481250000000045e+03,4.169087163910814261e-05,2.913975428150928255e-33,1.214912067147883130e-37
1.274500000000000000e+03,4.274056407450578060e-05,3.151254557776308307e-33,1.346919751906936782e-37
1.274518749999999955e+03,4.380908114177953423e-05,3.407707552869638439e-33,1.492947192672986637e-37
1.274537499999999909e+03,4.489641853202926331e-05,3.684871749104413206e-33,1.654443956494080688e-37
1.274556250000000091e+03,4.600256983487521995e-05,3.984406765068955700e-33,1.833005412821006393e-37
1.274575000000000045e+03,4.712752652241149041e-05,4.308104150061650437e-33,2.030387008092577960e-37
1.274593750000000000e+03,4.827127795757386078e-05,4.657897786707879705e-33,2.248519903055597792e-37
1.274612499999999955e+03,4.943381137528135338e-05,5.035875107080255861e-33,2.489528097587291744e-37
1.274631249999999909e+03,5.061511188998844038e-05,5.444289185221351771e-33,2.755747183407754869e-37
1.274650000000000091e+03,5.181516250517630536e-05,5.885571774205819192e-33,3.049744874856400908e-37
1.274668750000000045e+03,5.303394409193886794e-05,6.362347360599813472e-33,3.374343480089371703e-37
1.274687500000000000e+03,5.427143538967177388e-05,6.877448315400166933e-33,3.732644494805844277e-37
1.274706249999999955e+03,5.552761301993379113e-05,7.433931225901461282e-33,4.128055513858748746e-37
1.274724999999999909e+03,5.680245146825736003e-05,8.035094499975705318e-33,4.564319670871845990e-37
1.274743750000000091e+03,5.809592309704668926e-05,8.684497341034669321e-33,5.045547842274181691e-37
1.274762500000000045e+03,5.940799813195333254e-05,9.385980199324601757e-33,5.576253864680189638e-37
1.274781250000000000e+03,6.073864467938868290e-05,1.014368681376466664e-32,6.161393046120630569e-37
1.274799999999999955e+03,6.208782870389319033e-05,1.096208796649796370e-32,6.806404265059739920e-37
1.274818749999999909e+03,6.345551403942668758e-05,1.184600708258780123e-32,7.517255991165372704e-37
1.274837500000000091e+03,6.484166240204576961e-05,1.280064781659339071e-32,8.300496581744249964e-37
1.274856250000000045e+03,6.624623336978714737e-05,1.383162377902645300e-32,9.163309237419728286e-37
1.274875000000000000e+03,6.766918439120085422e-05,1.494499056740991321e-32,1.011357204641999958e-36
1.274893749999999955e+03,6.911047079789409912e-05,1.614728027870035005e-32,1.115992357516933675e-36
1.274912499999999909e+03,7.057004577969186964e-05,1.744553869400913188e-32,1.231183449918616899e-36
1.274931250000000091e+03,7.204786041977654775e-05,1.884736534059608160e-32,1.357968583382541210e-36
1.274950000000000045e+03,7.354386366576544810e-05,2.036095665178995350e-32,1.497485433802709857e-36
1.274968750000000000e+03,7.505800235775042745e-05,2.199515246238379401e-32,1.650980575603197599e-36
1.274987499999999955e+03,7.659022120994838636e-05,2.375948609510213276e-32,1.819819658026233578e-36
1.275006249999999909e+03,7.814046282036737879e-05,2.566423831308655363e-32,2.005498511196308338e-36
1.275025000000000091e+03,7.970866768183525208e-05,2.772049543388361950e-32,2.209655264511363095e-36
1.275043750000000045e+03,8.129477418074258234e-05,2.994021192376630674e-32,2.434083567261973436e-36
1.275062500000000000e+03,8.289871858829222779e-05,3.233627781434378462e-32,2.680747009518756342e-36
1.275081249999999955e+03,8.452043508360451728e-05,3.492259130958259243e-32,2.951794851130292666e-36
1.275099999999999909e+03,8.615985574606331153e-05,3.771413697995503102e-32,3.249579172988617319e-36
1.275118750000000091e+03,8.781691055676531037e-05,4.072706996923095044e-32,3.576673577532308135e-36
1.275137500000000045e+03,8.949152741636684722e-05,4.397880667294015253e-32,3.935893575894053636e-36
1.275156250000000000e+03,9.118363213732719500e-05,4.748812238076641287e-32,4.330318808737237966e-36
1.275174999999999955e+03,9.289314845357314436e-05,5.127525641347554099e-32,4.763317263972558649e-36
1.275193749999999909e+03,9.461999802495443758e-05,5.536202532426508686e-32,5.238571665982005936e-36
1.275212500000000091e+03,9.636410044313391374e-05,5.977194477840244598e-32,5.760108227263598665e-36
1.275231250000000045e+03,9.812537324178796736e-05,6.453036076957133323e-32,6.332327969597412651e-36
1.275250000000000000e+03,9.990373188902838179e-05,6.966459088229752806e-32,6.960040838094840102e-36
1.275268749999999955e+03,1.016990898113757469e-04,7.520407636358193123e-32,7.648502855224289325e-36
1.275287499999999909e+03,1.035113583829534598e-04,8.118054582221468458e-32,8.403456575328671897e-36
1.275306250000000091e+03,1.053404469467940325e-04,8.762819143801567137e-32,9.231175131609494772e-36
1.275325000000000045e+03,1.071862628137216318e-04,9.458385862734877331e-32,1.013851018361404969e-35
1.275343750000000000e+03,1.090487112808265452e-04,1.020872501857932349e-31,1.113294410719738829e-35
1.275362499999999955e+03,1.109276956098569777e-04,1.101811460009202147e-31,1.222264678841387449e-35
1.275381249999999909e+03,1.128231170674040025e-04,1.189116395120949314e-31,1.341653742949400517e-35
1.275400000000000091e+03,1.147348749210400933e-04,1.283283921853958652e-31,1.472435178941521226e-35
1.275418750000000045e+03,1.166628664374777427e-04,1.384849073589048796e-31,1.615671533090244120e-35
1.275437500000000000e+03,1.186069869214177540e-04,1.494388249260845082e-31,1.772522278849918113e-35
1.275456249999999955e+03,1.205671296702957136e-04,1.612522384231636764e-31,1.944252469124393555e-35
1.275474999999999909e+03,1.225431860424530586e-04,1.739920362109620706e-31,2.132242146503252498e-35
1.275493750000000091e+03,1.245350454287023846e-04,1.877302685674492928e-31,2.337996573290973973e-35
1.275512500000000045e+03,1.265425952737286885e-04,2.025445426363928156e-31,2.563157353558938082e-35
1.275531250000000000e+03,1.285657210872839047e-04,2.185184473330772904e-31,2.809514522525523377e-35
1.275549999999999955e+03,1.306043064460852079e-04,2.357420104538118590e-31,3.079019685570633337e-35
1.275568749999999909e+03,1.326582330120933606e-04,2.543121904104135232e-31,3.373800296767721358e-35
1.275587500000000091e+03,1.347273805460587619e-04,2.743334051892126808e-31,3.696175173334239014e-35
1.275606250000000045e+03,1.368116268968495918e-04,2.959181013263197520e-31,4.048671350192138690e-35
1.275625000000000000e+03,1.389108480466980339e-04,3.191873659003730238e-31,4.434042390367644989e-35
1.275643749999999955e+03,1.410249180943489551e-04,3.442715847608908836e-31,4.855288270965213050e-35
1.275662499999999909e+03,1.431537092599414714e-04,3.713111504648810193e-31,5.315676980081583318e-35
1.275681250000000091e+03,1.452970919382202085e-04,4.004572236272283396e-31,5.818767970035845963e-35
1.275700000000000045e+03,1.474549346640532813e-04,4.318725516907207791e-31,6.368437618300039472e-35
1.275718750000000000e+03,1.496271041597216963e-04,4.657323493985496990e-31,6.968906870990964081e-35
1.275737499999999955e+03,1.518134653169356360e-04,5.022252455851735407e-31,7.624771246365505059e-35
1.275756249999999909e+03,1.540138812203237803e-04,5.415543012261924120e-31,8.341033400280728197e-35
1.275775000000000091e+03,1.562282131903929201e-04,5.839381040699384788e-31,9.123138467650696417e-35
1.275793750000000045e+03,1.584563207374578759e-04,6.296119455525792161e-31,9.977012405380701247e-35
1.275812500000000000e+03,1.606980616316766217e-04,6.788290861312302084e-31,1.090910359862437895e-34
1.275831249999999955e+03,1.629532918835276253e-04,7.318621156150136082e-31,1.192642799032986615e-34
1.275849999999999909e+03,1.652218657456913458e-04,7.890044155586816578e-31,1.303661803298393350e-34
1.275868750000000091e+03,1.675036357771594875e-04,8.505717313059184346e-31,1.424797578387735077e-34
1.275887500000000045e+03,1.697984528081940194e-04,9.169038618438602518e-31,1.556953047514517387e-34
1.275906250000000000e+03,1.721061659892225790e-04,9.883664761878085209e-31,1.701110094270141514e-34
1.275924999999999955e+03,1.744266227654601726e-04,1.065353065708754340e-30,1.858336330259854824e-34
1.275943749999999909e+03,1.767596689225506442e-04,1.148287042481604283e-30,2.029792432107681766e-34
1.275962500000000091e+03,1.791051486150184988e-04,1.237623994456610487e-30,2.216740093958905524e-34
1.275981250000000045e+03,1.814629043275465408e-04,1.333854109081234207e-30,2.420550645403100806e-34
1.276000000000000000e+03,1.838327769547135223e-04,1.437504777853578269e-30,2.642714391777050124e-34
1.276018749999999955e+03,1.862146057656771517e-04,1.549143395156788359e-30,2.884850733151395778e-34
1.276037499999999909e+03,1.886082284281568363e-04,1.669380365751903024e-30,3.148719127975691263e-34
1.276056250000000091e+03,1.910134810623152226e-04,1.798872336347556202e-30,3.436230970336193263e-34
1.276075000000000045e+03,1.934301982155130911e-04,1.938325667765029283e-30,3.749462453538858101e-34
1.276093750000000000e+03,1.958582128903121845e-04,2.088500165478736449e-30,4.090668502623314787e-34
1.276112499999999955e+03,1.982973565746813779e-04,2.250213087537806883e-30,4.462297862063811951e-34
1.276131249999999909e+03,2.007474592221886850e-04,2.424343450353599371e-30,4.867009431453355687e-34
1.276150000000000091e+03,2.032083493221871397e-04,2.611836654222359118e-30,5.307689953498435531e-34
1.276168750000000045e+03,2.056798538800217097e-04,2.813709452157642382e-30,5.787473159995898275e-34
1.276187500000000000e+03,2.081617984369015298e-04,3.031055287267596836e-30,6.309760496687358030e-34
1.276206249999999955e+03,2.106540070977379309e-04,3.265050025720320921e-30,6.878243553976553217e-34
1.276224999999999909e+03,2.131563025433344505e-04,3.516958114398534734e-30,7.496928340605691730e-34
1.276243750000000091e+03,2.156685060441721109e-04,3.788139194326968794e-30,8.170161549092871253e-34
1.276262500000000045e+03,2.181904374980986447e-04,4.080055203446740423e-30,8.902658974479807008e-34
1.276281250000000000e+03,2.207219154230462884e-04,4.394278004383869778e-30,9.699536256397780311e-34
1.276299999999999955e+03,2.232627569893945126e-04,4.732497575869862100e-30,1.056634213451925922e-33
1.276318749999999909e+03,2.258127780283013025e-04,5.096530808912446093e-30,1.150909441600118411e-33
1.276337500000000091e+03,2.283717930711123888e-04,5.488330952067332216e-30,1.253431887472110632e-33
1.276356250000000045e+03,2.309396153411221787e-04,5.909997753156997005e-30,1.364909131244904028e-33
1.276375000000000000e+03,2.335160568055683788e-04,6.363788348336307371e-30,1.486108303999201012e-33
1.276393749999999955e+03,2.361009281531517676e-04,6.852128953164888957e-30,1.617861004345856968e-33
1.276412499999999909e+03,2.386940388443192969e-04,7.377627413981651776e-30,1.761068613707858787e-33
1.276431250000000091e+03,2.412951971338453123e-04,7.943086682489585326e-30,1.916708041401084463e-33
1.276450000000000045e+03,2.439042100594595740e-04,8.551519280716415736e-30,2.085837933458044181e-33
1.276468750000000000e+03,2.465208835116561607e-04,9.206162828475251361e-30,2.269605382871569069e-33
1.276487499999999955e+03,2.491450221858860906e-04,9.910496710643330240e-30,2.469253179282230196e-33
1.276506249999999909e+03,2.517764296602933429e-04,1.066825996705658184e-29,2.686127642810161645e-33
1.276525000000000091e+03,2.544149084082018039e-04,1.148347049403977914e-29,2.921687086527511852e-33
1.276543750000000045e+03,2.570602597821709627e-04,1.236044565251459328e-29,3.177510957186352677e-33
1.276562500000000000e+03,2.597122840824876190e-04,1.330382438509114346e-29,3.455309708982629716e-33
1.276581249999999955e+03,2.623707805370127872e-04,1.431859095132173122e-29,3.756935465878835065e-33
1.276599999999999909e+03,2.650355473416390797e-04,1.541010039850641661e-29,4.084393536154999366e-33
1.276618750000000091e+03,2.677063816967700446e-04,1.658410589363597204e-29,4.439854845232488149e-33
1.276637500000000045e+03,2.703830797966354617e-04,1.784678805128582799e-29,4.825669357862924465e-33
1.276656250000000000e+03,2.730654368744899960e-04,1.920478640174413067e-29,5.244380568573711536e-33
1.276674999999999955e+03,2.757532472051648135e-04,2.066523315404516518e-29,5.698741142109106598e-33
1.276693749999999909e+03,2.784463041372455634e-04,2.223578941988289777e-29,6.191729794760599739e-33
1.276712500000000091e+03,2.811444001335580592e-04,2.392468407544434892e-29,6.726569512718271775e-33
1.276731250000000045e+03,2.838473267555810292e-04,2.574075545215642594e-29,7.306747209960087117e-33
1.276750000000000000e+03,2.865548747110747930e-04,2.769349606007760482e-29,7.936034939996451663e-33
1.276768749999999955e+03,2.892668338723352142e-04,2.979310056189360737e-29,8.618512779664111297e-33
1.276787499999999909e+03,2.919829932768011789e-04,3.205051723200980357e-29,9.358593514497401891e-33
1.276806250000000091e+03,2.947031411992978057e-04,3.447750315153018722e-29,1.016104926769780905e-32
1.276825000000000045e+03,2.974270651184664021e-04,3.708668340735174466e-29,1.103104021702719215e-32
1.276843750000000000e+03,3.001545517869566343e-04,3.989161458330284027e-29,1.197414556728316295e-32
1.276862499999999955e+03,3.028853872098203302e-04,4.290685285116105500e-29,1.299639694511203228e-32
1.276881249999999909e+03,3.056193566929781349e-04,4.614802699220972526e-29,1.410431440829644805e-32
1.276900000000000091e+03,3.083562448724500894e-04,4.963191670196422359e-29,1.530494526671756095e-32
1.276918750000000045e+03,3.110958357282444229e-04,5.337653655770743023e-29,1.660590593061398895e-32
1.276937500000000000e+03,3.138379126020015338e-04,5.740122605291866136e-29,1.801542701808768116e-32
1.276956249999999955e+03,3.165822582213370933e-04,6.172674613415909986e-29,1.954240197156692898e-32
1.276974999999999909e+03,3.193286547367013952e-04,6.637538270493396792e-29,2.119643945137462499e-32
1.276993750000000091e+03,3.220768837226493909e-04,7.137105759296487457e-29,2.298791979068918296e-32
1.277012500000000045e+03,3.248267262267601077e-04,7.673944751648560015e-29,2.492805582708365696e-32
1.277031250000000000e+03,3.275779627872805761e-04,8.250811161873075030e-29,2.702895843768612815e-32
1.277049999999999955e+03,3.303303734246824963e-04,8.870662818114011798e-29,2.930370713415523447e-32
1.277068749999999909e+03,3.330837377067651095e-04,9.536674117099745763e-29,3.176642610982636956e-32
1.277087500000000091e+03,3.358378347590074858e-04,1.025225173228027696e-28,3.443236614101952837e-32
1.277106250000000045e+03,3.385924432842622972e-04,1.102105145038951783e-28,3.731799279002339652e-32
1.277125000000000000e+03,3.413473415874297115e-04,1.184699621663736609e-28,4.044108138498369958e-32
1.277143749999999955e+03,3.441023076033941923e-04,1.273429547434584962e-28,4.382081928711446460e-32
1.277162499999999909e+03,3.468571189207761158e-04,1.368746589121537049e-28,4.747791599366820487e-32
1.277181250000000091e+03,3.496115527906140620e-04,1.471135357042888739e-28,5.143472166302132476e-32
1.277200000000000045e+03,3.523653861883548869e-04,1.581115785199896815e-28,5.571535470406962161e-32
1.277218750000000000e+03,3.551183957946178619e-04,1.699245681705858075e-28,6.034583908995496373e-32
1.277237499999999955e+03,3.578703580496920417e-04,1.826123461586134958e-28,6.535425214704072976e-32
1.277256249999999909e+03,3.606210491653819320e-04,1.962391074822488758e-28,7.077088358342396855e-32
1.277275000000000091e+03,3.633702451485290390e-04,2.108737143506456886e-28,7.662840660595899465e-32
1.277293750000000045e+03,3.661177218342750290e-04,2.265900322831215591e-28,8.296206202546347991e-32
1.277312500000000000e+03,3.688632549066108292e-04,2.434672901780842374e-28,8.980985631408206248e-32
1.277331249999999955e+03,3.716066199134014474e-04,2.615904660402268520e-28,9.721277465130600684e-32
1.277349999999999909e+03,3.743475923065501870e-04,2.810507001804468577e-28,1.052150100808228038e-31
1.277368750000000091e+03,3.770859474648547132e-04,3.019457378176121702e-28,1.138642099598270875e-31
1.277387500000000045e+03,3.798214607004811493e-04,3.243804031627734600e-28,1.232117409827005506e-31
1.277406250000000000e+03,3.825539073127853362e-04,3.484671071997693827e-28,1.333129741711963966e-31
1.277424999999999955e+03,3.852830625886880748e-04,3.743263915253910231e-28,1.442275912715161448e-31
1.277443749999999909e+03,3.880087018217236367e-04,4.020875107991390388e-28,1.560199141630970141e-31
1.277462500000000091e+03,3.907306003904808698e-04,4.318890564967560719e-28,1.687592589865702879e-31
1.277481250000000045e+03,3.934485337024489523e-04,4.638796248871285246e-28,1.825203167371781456e-31
1.277500000000000000e+03,3.961622772964913577e-04,4.982185323220092565e-28,1.973835623819605282e-31
1.277518749999999955e+03,3.988716068060394132e-04,5.350765811577532013e-28,2.134356944657273003e-31
1.277537499999999909e+03,4.015762980254885704e-04,5.746368798683825208e-28,2.307701075522860259e-31
1.277556250000000091e+03,4.042761269135646896e-04,6.170957211218109506e-28,2.494873998142914618e-31
1.277575000000000045e+03,4.069708696284863431e-04,6.626635219023943847e-28,2.696959183968314759e-31
1.277593750000000000e+03,4.096603025576427354e-04,7.115658299982157710e-28,2.915123452833122829e-31
1.277612499999999955e+03,4.123442023092364016e-04,7.640444015001782614e-28,3.150623265911778139e-31
1.277631249999999909e+03,4.150223457824394908e-04,8.203583542637547189e-28,3.404811485359187089e-31
1.277650000000000091e+03,4.176945101740374314e-04,8.807854026522106395e-28,3.679144633617693296e-31
1.277668750000000045e+03,4.203604729897824797e-04,9.456231792010211756e-28,3.975190688941604436e-31
1.277687500000000000e+03,4.230200120961900693e-04,1.015190649289845330e-27,4.294637456470192878e-31
1.277706249999999955e+03,4.256729057118767943e-04,1.089829625280479256e-27,4.639301555476203724e-31
1.277724999999999909e+03,4.283189324532069475e-04,1.169906387049683944e-27,5.011138068401006786e-31
1.277743750000000091e+03,4.309578713841509122e-04,1.255813416316901337e-27,5.412250899043395860e-31
1.277762500000000045e+03,4.335895019701108350e-04,1.347971252662261069e-27,5.844903889623199927e-31
1.277781250000000000e+03,4.362136041986858399e-04,1.446830479725418827e-27,6.311532754742273801e-31
1.277799999999999955e+03,4.388299585010590771e-04,1.552873850551386637e-27,6.814757885938053129e-31
1.277818749999999909e+03,4.414383458533363102e-04,1.666618561809410869e-27,7.357398094681225882e-31
1.277837500000000091e+03,4.440385477736214989e-04,1.788618687157176205e-27,7.942485356973554302e-31
1.277856250000000045e+03,4.466303463504869170e-04,1.919467780750011418e-27,8.573280632986250661e-31
1.277875000000000000e+03,4.492135242707597908e-04,2.059801662776171305e-27,9.253290838587422218e-31
1.277893749999999955e+03,4.517878648230419991e-04,2.210301399449672100e-27,9.986287049727286917e-31
1.277912499999999909e+03,4.543531519420105193e-04,2.371696491047495755e-27,1.077632402949499397e-30
1.277931250000000091e+03,4.569091702421818686e-04,2.544768282270776477e-27,1.162776117065170361e-30
1.277950000000000045e+03,4.594557050225664754e-04,2.730353610310711160e-27,1.254528495379630092e-30
1.277968750000000000e+03,4.619925423010192399e-04,2.929348706980731980e-27,1.353393302995973683e-30
1.277987499999999955e+03,4.645194688216130845e-04,3.142713372510778981e-27,1.459912004169541123e-30
1.278006249999999909e+03,4.670362721067349227e-04,3.371475439571836370e-27,1.574666530710888235e-30
1.278025000000000091e+03,4.695427404614669199e-04,3.616735547650402082e-27,1.698282249642311115e-30
1.278043750000000045e+03,4.720386630059482478e-04,3.879672249026040108e-27,1.831431144352771241e-30
1.278062500000000000e+03,4.745238296996218564e-04,4.161547469194541604e-27,1.974835224213880571e-30
1.278081249999999955e+03,4.769980313499874009e-04,4.463712346046194529e-27,2.129270178674607153e-30
1.278099999999999909e+03,4.794610596581511770e-04,4.787613473822202159e-27,2.295569293250664563e-30
1.278118750000000091e+03,4.819127072381128307e-04,5.134799579581646432e-27,2.474627645523954830e-30
1.278137500000000045e+03,4.843527676185474615e-04,5.506928661837486289e-27,2.667406600782014404e-30
1.278156250000000000e+03,4.867810353062717818e-04,5.905775623110163782e-27,2.874938628740307445e-30
1.278174999999999955e+03,4.891973057635070959e-04,6.333240429952816327e-27,3.098332462882048986e-30
1.278193749999999909e+03,4.916013754594273678e-04,6.791356836886609088e-27,3.338778627375467662e-30
1.278212500000000091e+03,4.939930419030462167e-04,7.282301712383871980e-27,3.597555356515393299e-30
1.278231250000000045e+03,4.963721036405490750e-04,7.808405008443260884e-27,3.876034934042547983e-30
1.278250000000000000e+03,4.987383602891657785e-04,8.372160417285381960e-27,4.175690481820888483e-30
1.278268749999999955e+03,5.010916125625933725e-04,8.976236762329940552e-27,4.498103228926199293e-30
1.278287499999999909e+03,5.034316622886515855e-04,9.623490173391966729e-27,4.844970294375909453e-30
1.278306250000000091e+03,5.057583124355061015e-04,1.031697709946350131e-26,5.218113019171799476e-30
1.278325000000000045e+03,5.080713671410533663e-04,1.105996821609644566e-26,5.619485885608242702e-30
1.278343750000000000e+03,5.103706317229841525e-04,1.185596328845821484e-26,6.051186064253855109e-30
1.278362499999999955e+03,5.126559127029666884e-04,1.270870705463993661e-26,6.515463632020584181e-30
1.278381249999999909e+03,5.149270178319556232e-04,1.362220619879544880e-26,7.014732507553939189e-30
1.278400000000000091e+03,5.171837561249100238e-04,1.460074748799498451e-26,7.551582153346159316e-30
1.278418750000000045e+03,5.194259378526915657e-04,1.564891715159351916e-26,8.128790096389731846e-30
1.278437500000000000e+03,5.216533746006793209e-04,1.677162158769904822e-26,8.749335325242459929e-30
1.278456249999999955e+03,5.238658792537541006e-04,1.797410948625472357e-26,9.416412621243922436e-30
1.278474999999999909e+03,5.260632660367564346e-04,1.926199546449413082e-26,1.013344788964497434e-29
1.278493750000000091e+03,5.282453505529023478e-04,2.064128531777136429e-26,1.090411455851830698e-29
1.278512500000000045e+03,5.304119497669629400e-04,2.211840299406876563e-26,1.173235111662463477e-29
1.278531250000000000e+03,5.325628820629612877e-04,2.370021940923767776e-26,1.262237987068833334e-29
1.278549999999999955e+03,5.346979672341238424e-04,2.539408322685857109e-26,1.357872700189580794e-29
1.278568749999999909e+03,5.368170265171431704e-04,2.720785373535578814e-26,1.460624401226664567e-29
1.278587500000000091e+03,5.389198826249700812e-04,2.914993596368455352e-26,1.571013065424375269e-29
1.278606250000000045e+03,5.410063597570054532e-04,3.122931818631192241e-26,1.689595944324820844e-29
1.278625000000000000e+03,5.430762836084551638e-04,3.345561197850542815e-26,1.816970186078979165e-29
1.278643749999999955e+03,5.451294814037443330e-04,3.583909499286517981e-26,1.953775636281635118e-29
1.278662499999999909e+03,5.471657819150366892e-04,3.839075664115141880e-26,2.100697831449648621e-29
1.278681250000000091e+03,5.491850154768672864e-04,4.112234687471560909e-26,2.258471198039648147e-29
1.278700000000000045e+03,5.511870140122633209e-04,4.404642827342588509e-26,2.427882470990206218e-29
1.278718750000000000e+03,5.531716110551193524e-04,4.717643166359730315e-26,2.609774346401052308e-29
1.278737499999999955e+03,5.551386417565141920e-04,5.052671550189972748e-26,2.805049384004873956e-29
1.278756249999999909e+03,5.570879429016208778e-04,5.411262927769788380e-26,3.014674176280103298e-29
1.278775000000000091e+03,5.590193529589562336e-04,5.795058120194698332e-26,3.239683802133215437e-29
1.278793750000000045e+03,5.609327120628656909e-04,6.205811047029395087e-26,3.481186583668437233e-29
1.278812500000000000e+03,5.628278620549835055e-04,6.645396440516537633e-26,3.740369166872346239e-29
1.278831249999999955e+03,5.647046464894890780e-04,7.115818080344707872e-26,4.018501947296722791e-29
1.278849999999999909e+03,5.665629106557603821e-04,7.619217583604814695e-26,4.316944863923449468e-29
1.278868750000000091e+03,5.684025016085026425e-04,8.157883787083947923e-26,4.637153585694406578e-29
1.278887500000000045e+03,5.702232681626390317e-04,8.734262761250837070e-26,4.980686116326781085e-29
1.278906250000000000e+03,5.720250609266967247e-04,9.350968498088554167e-26,5.349209845721188284e-29
1.278924999999999955e+03,5.738077323194563407e-04,1.001079431753190055e-25,5.744509077025392349e-29
1.278943749999999909e+03,5.755711365669827478e-04,1.071672504033475454e-25,6.168493060684432463e-29
1.278962500000000091e+03,5.773151297696115175e-04,1.147194997826262804e-25,6.623204569816336609e-29
1.278981250000000045e+03,5.790395698476327822e-04,1.227987679593983980e-25,7.110829050558416436e-29
1.279000000000000000e+03,5.807443166286823744e-04,1.314414630209125842e-25,7.633704387985752762e-29
1.279018749999999955e+03,5.824292318109647142e-04,1.406864823181748767e-25,8.194331325006357223e-29
1.279037499999999909e+03,5.840941790001555811e-04,1.505753808575931167e-25,8.795384579445362416e-29
1.279056250000000091e+03,5.857390237300594184e-04,1.611525509561717658e-25,9.439724703688862067e-29
1.279075000000000045e+03,5.873636334752604547e-04,1.724654139115704220e-25,1.013041073582520422e-28
1.279093750000000000e+03,5.889678776599480007e-04,1.845646244783163244e-25,1.087071369378675853e-28
1.279112499999999955e+03,5.905516276774099710e-04,1.975042889946775587e-25,1.166413096759166389e-28
1.279131249999999909e+03,5.921147569031192043e-04,2.113421980640346354e-25,1.251440166800462669e-28
1.279150000000000091e+03,5.936571407161365900e-04,2.261400747495919798e-25,1.342552299397078456e-28
1.279168750000000045e+03,5.951786564993632534e-04,2.419638393041703981e-25,1.440176768423723231e-28
1.279187500000000000e+03,5.966791836810606204e-04,2.588838915293260575e-25,1.544770262511880979e-28
1.279206249999999955e+03,5.981586037122947836e-04,2.769754119131501818e-25,1.656820868606149952e-28
1.279224999999999909e+03,5.996168001047904456e-04,2.963186827965684867e-25,1.776850186618183169e-28
1.279243750000000091e+03,6.010536584454898024e-04,3.169994308721028280e-25,1.905415583364688125e-28
1.279262500000000045e+03,6.024690663987312478e-04,3.391091924201384825e-25,2.043112594795618864e-28
1.279281250000000000e+03,6.038629137253740493e-04,3.627457027831570083e-25,2.190577486189241957e-28
1.279299999999999955e+03,6.052350922891270527e-04,3.880133116520436702e-25,2.348489980275131202e-28
1.279318749999999909e+03,6.065854960762862578e-04,4.150234258683139163e-25,2.517576164217991162e-28
1.279337500000000091e+03,6.079140212189693788e-04,4.438949815412083211e-25,2.698611586876870259e-28
1.279356250000000045e+03,6.092205659749169418e-04,4.747549473944651219e-25,2.892424558272033067e-28
1.279375000000000000e+03,6.105050307725060814e-04,5.077388613935613017e-25,3.099899664692135975e-28
1.279393749999999955e+03,6.117673182022685023e-04,5.429914028127473018e-25,3.321981512582411047e-28
1.279412499999999909e+03,6.130073330291432648e-04,5.806670020796390190e-25,3.559678716244615876e-28
1.279431250000000091e+03,6.142249822238784237e-04,6.209304908319461568e-25,3.814068144697596180e-28
1.279450000000000045e+03,6.154201749471773907e-04,6.639577948399808973e-25,4.086299443954111177e-28
1.279468750000000000e+03,6.165928225763677058e-04,7.099366725695757707e-25,4.377599852575840556e-28
1.279487499999999955e+03,6.177428387075020039e-04,7.590675023476256281e-25,4.689279328618222970e-28
1.279506249999999909e+03,6.188701391705218836e-04,8.115641213283660065e-25,5.022736008103377283e-28
1.279525000000000091e+03,6.199746420373764130e-04,8.676547195823385930e-25,5.379462015528930262e-28
1.279543750000000045e+03,6.210562676335136967e-04,9.275827929298915770e-25,5.761049648923310107e-28
1.279562500000000000e+03,6.221149385417217709e-04,9.916081583000666536e-25,6.169197962717595496e-28
1.279581249999999955e+03,6.231505796191934028e-04,1.060008035702138444e-24,6.605719773814643278e-28
1.279599999999999909e+03,6.241631179927902961e-04,1.133078201088590064e-24,7.072549116822323946e-28
1.279618750000000091e+03,6.251524830842203253e-04,1.211134214757860769e-24,7.571749177469449452e-28
1.279637500000000045e+03,6.261186066028778981e-04,1.294512730117527962e-24,8.105520733024669713e-28
1.279656250000000000e+03,6.270614225696511919e-04,1.383572888060275684e-24,8.676211132441548359e-28
1.279674999999999955e+03,6.279808673053125173e-04,1.478697802476210501e-24,9.286323849016903227e-28
1.279693749999999909e+03,6.288768794509535772e-04,1.580296142761463096e-24,9.938528641916043415e-28
1.279712500000000091e+03,6.297493999774273496e-04,1.688803819602463195e-24,1.063567236401401738e-27
1.279731250000000045e+03,6.305983721766906256e-04,1.804685780702568643e-24,1.138079045603312620e-27
1.279750000000000000e+03,6.314237416854992469e-04,1.928437923524137941e-24,1.217711917029222580e-27
1.279768749999999955e+03,6.322254564822437544e-04,2.060589132585327931e-24,1.302810856828261870e-27
1.279787499999999909e+03,6.330034668900123666e-04,2.201703449332277428e-24,1.393743634046158899e-27
1.279806250000000091e+03,6.337577255916935918e-04,2.352382383094699749e-24,1.490902249908901756e-27
1.279825000000000045e+03,6.344881876249038955e-04,2.513267372188987918e-24,1.594704499720964207e-27
1.279843750000000000e+03,6.351948103993568370e-04,2.685042404873412683e-24,1.705595633212958406e-27
1.279862499999999955e+03,6.358775536866096605e-04,2.868436810290312212e-24,1.824050119191077123e-27
1.279881249999999909e+03,6.365363796354219948e-04,3.064228230420379356e-24,1.950573521100431729e-27
1.279900000000000091e+03,6.371712527745971135e-04,3.273245784542922602e-24,2.085704490136911385e-27
1.279918750000000045e+03,6.377821400074608522e-04,3.496373438595865904e-24,2.230016883142086176e-27
1.279937500000000000e+03,6.383690106301685794e-04,3.734553592509144164e-24,2.384122012988934456e-27
1.279956249999999955e+03,6.389318363237798948e-04,3.988790899468364717e-24,2.548671039388270050e-27
1.279974999999999909e+03,6.394705911583429278e-04,4.260156331842036074e-24,2.724357508737723611e-27
1.279993750000000091e+03,6.399852516026364362e-04,4.549791509700011895e-24,2.911920052181662339e-27
1.280012500000000045e+03,6.404757965175927100e-04,4.858913308405099204e-24,3.112145251220945308e-27
1.280031250000000000e+03,6.409422071649029931e-04,5.188818763344543164e-24,3.325870681340524774e-27
1.280049999999999955e+03,6.413844672029283059e-04,5.540890290483470894e-24,3.553988144150227407e-27
1.280068749999999909e+03,6.418025626941328441e-04,5.916601243024170821e-24,3.797447099665785558e-27
1.280087500000000091e+03,6.421964821017773790e-04,6.317521825423943382e-24,4.057258310614777908e-27
1.280106250000000045e+03,6.425662162919790242e-04,6.745325387480431184e-24,4.334497711624845372e-27
1.280125000000000000e+03,6.429117585379117610e-04,7.201795122773971089e-24,4.630310516912418475e-27
1.280143749999999955e+03,6.432331045107122581e-04,7.688831196833554436e-24,4.945915580499621596e-27
1.280162499999999909e+03,6.435302522902558659e-04,8.208458332626498770e-24,5.282610024563316248e-27
1.280181250000000091e+03,6.438032023570511211e-04,8.762833881967322483e-24,5.641774151452123689e-27
1.280200000000000045e+03,6.440519575960897483e-04,9.354256413937175549e-24,6.024876656768710237e-27
1.280218750000000000e+03,6.442765232933387242e-04,9.985174852841928969e-24,6.433480161224289441e-27
1.280237499999999955e+03,6.444769071345756275e-04,1.065819820038309692e-23,6.869247080300212779e-27
1.280256249999999909e+03,6.446531192042719103e-04,1.137610587923806499e-23,7.333945851992327248e-27
1.280275000000000091e+03,6.448051719854350390e-04,1.214185873683446109e-23,7.829457543645481037e-27
1.280293750000000045e+03,6.449330803541832545e-04,1.295861075132188286e-23,8.357782860527735043e-27
1.280312500000000000e+03,6.450368615799456076e-04,1.382972148388591064e-23,8.921049579995631707e-27
1.280331249999999955e+03,6.451165353205828325e-04,1.475876932431751593e-23,9.521520436236314372e-27
1.280349999999999909e+03,6.451721236205367220e-04,1.574956557971681164e-23,1.016160148226822797e-26
1.280368750000000091e+03,6.452036509079074438e-04,1.680616945972474260e-23,1.084385095753158992e-26
1.280387500000000045e+03,6.452111439887053173e-04,1.793290401392817967e-23,1.157098869035273238e-26
1.280406250000000000e+03,6.451946320449691808e-04,1.913437308202804977e-23,1.234590606734828093e-26
1.280424999999999955e+03,6.451541466298769652e-04,2.041547931952629848e-23,1.317167660242374953e-26
1.280443749999999909e+03,6.450897216621737616e-04,2.178144336700573257e-23,1.405156714094532803e-26
1.280462500000000091e+03,6.450013934219738995e-04,2.323782423420907992e-23,1.498904973600710073e-26
1.280481250000000045e+03,6.448892005461198023e-04,2.479054097498672407e-23,1.598781423603585033e-26
1.280500000000000000e+03,6.447531840215416825e-04,2.644589573419427916e-23,1.705178162539255797e-26
1.280518749999999955e+03,6.445933871801524679e-04,2.821059825193995798e-23,1.818511816167115024e-26
1.280537499999999909e+03,6.444098556929081078e-04,3.009179191625538242e-23,1.939225035599292942e-26
1.280556250000000091e+03,6.442026375624598268e-04,3.209708146080802529e-23,2.067788084519313658e-26
1.280575000000000045e+03,6.439717831180453642e-04,3.423456241051955274e-23,2.204700520787638896e-26
1.280593750000000000e+03,6.437173450060116372e-04,3.651285238348058221e-23,2.350492977840752119e-26
1.280612499999999955e+03,6.434393781841555313e-04,3.894112436527612119e-23,2.505729051709099420e-26
1.280631249999999909e+03,6.431379399169591567e-04,4.152914207777326817e-23,2.671007299696643586e-26
1.280650000000000091e+03,6.428130897610136174e-04,4.428729757341426332e-23,2.846963357160576377e-26
1.280668750000000045e+03,6.424648895625965786e-04,4.722665119268437324e-23,3.034272179231255453e-26
1.280687500000000000e+03,6.420934034454877856e-04,5.035897403113047543e-23,3.233650414535609899e-26
1.280706249999999955e+03,6.416986978057919984e-04,5.369679307294122286e-23,3.445858918648587212e-26
1.280724999999999909e+03,6.412808413010388569e-04,5.725343915419201510e-23,3.671705415070843990e-26
1.280743750000000091e+03,6.408399048382681495e-04,6.104309793350586725e-23,3.912047312338839251e-26
1.280762500000000045e+03,6.403759615703825568e-04,6.508086405389329242e-23,4.167794686080637712e-26
1.280781250000000000e+03,6.398890868785640611e-04,6.938279869470206981e-23,4.439913435380665452e-26
1.280799999999999955e+03,6.393793583689626843e-04,7.396599072244724593e-23,4.729428623492261961e-26
1.280818749999999909e+03,6.388468558617931004e-04,7.884862166294109851e-23,5.037428013244766016e-26
1.280837500000000091e+03,6.382916613726715045e-04,8.405003473017228921e-23,5.365065808139039853e-26
1.280856250000000045e+03,6.377138591103182971e-04,8.959080816192986853e-23,5.713566610955625436e-26
1.280875000000000000e+03,6.371135354622626612e-04,9.549283312898177329e-23,6.084229612045969360e-26
1.280893749999999955e+03,6.364907789809887357e-04,1.017793964959470482e-22,6.478433020133993171e-26
1.280912499999999909e+03,6.358456803767114675e-04,1.084752687366313442e-22,6.897638749631639411e-26
1.280931250000000091e+03,6.351783325008722361e-04,1.156067973165654012e-22,7.343397378479240298e-26
1.280950000000000045e+03,6.344888303336138242e-04,1.232020058804554274e-22,7.817353391946826735e-26
1.280968750000000000e+03,6.337772709750756845e-04,1.312906996017416925e-22,8.321250728502349224e-26
1.280987499999999955e+03,6.330437536297446729e-04,1.399045770694682597e-22,8.856938644354045634e-26
1.281006249999999909e+03,6.322883795941092394e-04,1.490773491145399147e-22,9.426377914687238307e-26
1.281025000000000091e+03,6.315112522393500315e-04,1.588448650004957768e-22,1.003164739028249177e-25
1.281043750000000045e+03,6.307124770038827514e-04,1.692452464277583600e-22,1.067495092942958033e-25
1.281062500000000000e+03,6.298921613726119481e-04,1.803190298313256636e-22,1.135862472580041293e-25
1.281081249999999955e+03,6.290504148672161318e-04,1.921093174755567685e-22,1.208514505445786738e-25
1.281099999999999909e+03,6.281873490353188710e-04,2.046619378851946427e-22,1.285713645914685583e-25
1.281118750000000091e+03,6.273030774200043886e-04,2.180256161817629775e-22,1.367738040486529151e-25
1.281137500000000045e+03,6.263977155673920152e-04,2.322521549246070815e-22,1.454882442232377635e-25
1.281156250000000000e+03,6.254713809866753156e-04,2.473966261065534595e-22,1.547459177029063071e-25
1.281174999999999955e+03,6.245241931549676056e-04,2.635175749689184229e-22,1.645799164546675185e-25
1.281193749999999909e+03,6.235562734929977168e-04,2.806772363665282415e-22,1.750252996911153414e-25
1.281212500000000091e+03,6.225677453463399633e-04,2.989417644376609007e-22,1.861192078235808074e-25
1.281231250000000045e+03,6.215587339718872022e-04,3.183814763885847800e-22,1.979009828375046920e-25
1.281250000000000000e+03,6.205293665201295486e-04,3.390711112509925942e-22,2.104122954402453764e-25
1.281268749999999955e+03,6.194797720221107730e-04,3.610901045171313108e-22,2.236972793523677609e-25
1.281287499999999909e+03,6.184100813718482886e-04,3.845228796108608992e-22,2.378026731271306525e-25
1.281306250000000091e+03,6.173204272953256196e-04,4.094591572266253283e-22,2.527779699120766768e-25
1.281325000000000045e+03,6.162109443628409214e-04,4.359942835923158663e-22,2.686755755920379246e-25
1.281343750000000000e+03,6.150817689287682750e-04,4.642295788309557157e-22,2.855509757413972141e-25
1.281362499999999955e+03,6.139330391573671192e-04,4.942727066024900657e-22,3.034629119090927571e-25
1.281381249999999909e+03,6.127648949724725591e-04,5.262380663363453978e-22,3.224735676883421556e-25
1.281400000000000091e+03,6.115774780532939750e-04,5.602472093951287850e-22,3.426487651405181035e-25
1.281418750000000045e+03,6.103709318182773229e-04,5.964292806239580183e-22,3.640581721143611347e-25
1.281437500000000000e+03,6.091454013909008329e-04,6.349214868105258135e-22,3.867755210394234191e-25
1.281456249999999955e+03,6.079010335967537353e-04,6.758695936678645960e-22,4.108788398357667102e-25
1.281474999999999909e+03,6.066379769383737708e-04,7.194284530616607558e-22,4.364506955645063409e-25
1.281493750000000091e+03,6.053563815700149873e-04,7.657625622905921681e-22,4.635784515088807472e-25
1.281512500000000045e+03,6.040563992866203194e-04,8.150466573472381926e-22,4.923545384187183914e-25
1.281531250000000000e+03,6.027381834977946651e-04,8.674663421993603504e-22,5.228767406556860167e-25
1.281549999999999955e+03,6.014018892039479924e-04,9.232187562325257407e-22,5.552484980353148872e-25
1.281568749999999909e+03,6.000476729955764050e-04,9.825132821673269299e-22,5.895792242404902202e-25
1.281587500000000091e+03,5.986756930025990010e-04,1.045572296830195002e-21,6.259846425949795143e-25
1.281606250000000045e+03,5.972861089014702392e-04,1.112631967390148714e-21,6.645871402499984277e-25
1.281625000000000000e+03,5.958790818669308827e-04,1.183943095717617294e-21,7.055161416142707527e-25
1.281643749999999955e+03,5.944547745813758303e-04,1.259772013793189557e-21,7.489085021982934012e-25
1.281662499999999909e+03,5.930133511877492191e-04,1.340401533160359981e-21,7.949089237958614115e-25
1.281681250000000091e+03,5.915549772798215158e-04,1.426131951672370092e-21,8.436703922532812361e-25
1.281700000000000045e+03,5.900798198791395955e-04,1.517282120935503566e-21,8.953546389533959851e-25
1.281718750000000000e+03,5.885880474072392905e-04,1.614190578054757411e-21,9.501326272662587243e-25
1.281737499999999955e+03,5.870798296694802612e-04,1.717216745488864624e-21,1.008185065294083686e-24
1.281756249999999909e+03,5.855553378437396107e-04,1.826742203099257287e-21,1.069702946307696634e-24
1.281775000000000091e+03,5.840147444231340258e-04,1.943172036632061699e-21,1.134888118203379455e-24
1.281793750000000045e+03,5.824582232345753554e-04,2.066936267169083296e-21,1.203953883717673487e-24
1.281812500000000000e+03,5.808859493819293601e-04,2.198491366395555211e-21,1.277125632760189650e-24
1.281831249999999955e+03,5.792980992501572555e-04,2.338321862680788298e-21,1.354641508748367026e-24
1.281849999999999909e+03,5.776948504651055818e-04,2.486942043406896659e-21,1.436753110540078605e-24
1.281868750000000091e+03,5.760763818697165308e-04,2.644897759208029445e-21,1.523726231919781858e-24
1.281887500000000045e+03,5.744428735152684595e-04,2.812768336122169159e-21,1.615841640587656017e-24
1.281906250000000000e+03,5.727945066161002586e-04,2.991168602071351413e-21,1.713395898587903359e-24
1.281924999999999955e+03,5.711314635449200091e-04,3.180751034346194330e-21,1.816702226487103046e-24
1.281943749999999909e+03,5.694539278159269904e-04,3.382208035252438185e-21,1.926091413446780205e-24
1.281962500000000091e+03,5.677620840104859352e-04,3.596274343489472763e-21,2.041912775395972506e-24
1.281981250000000045e+03,5.660561178260335464e-04,3.823729589162109809e-21,2.164535164345210109e-24
1.282000000000000000e+03,5.643362159863698742e-04,4.065401000977761700e-21,2.294348030642428735e-24
1.282018749999999955e+03,5.626025662590542322e-04,4.322166274452436646e-21,2.431762541683040714e-24
1.282037499999999909e+03,5.608553574295286519e-04,4.594956610647556833e-21,2.577212759483789681e-24
1.282056250000000091e+03,5.590947792375957790e-04,4.884759935372181498e-21,2.731156880058105419e-24
1.282075000000000045e+03,5.573210223924025472e-04,5.192624309516305182e-21,2.894078538335260466e-24
1.282093750000000000e+03,5.555342785381113015e-04,5.519661541553260051e-21,3.066488181326148153e-24
1.282112499999999955e+03,5.537347402160962707e-04,5.867051014188794250e-21,3.248924513274140176e-24
1.282131249999999909e+03,5.519226008575300099e-04,6.236043737535455147e-21,3.441956016578580404e-24
1.282150000000000091e+03,5.500980547395143035e-04,6.627966642160110973e-21,3.646182552033758614e-24
1.282168750000000045e+03,5.482612969828014977e-04,7.044227125837838163e-21,3.862237042780726558e-24
1.282187500000000000e+03,5.464125234937111881e-04,7.486317868996199012e-21,4.090787245697098302e-24
1.282206249999999955e+03,5.445519309795969053e-04,7.955821934348517149e-21,4.332537615441350744e-24
1.282224999999999909e+03,5.426797168898497966e-04,8.454418167245015769e-21,4.588231264787704571e-24
1.282243750000000091e+03,5.407960793999364588e-04,8.983886914362364570e-21,4.858652027012625061e-24
1.282262500000000045e+03,5.389012173971525219e-04,9.546116079093781022e-21,5.144626625139235722e-24
1.282281250000000000e+03,5.369953304291097103e-04,1.014310753323755862e-20,5.447026953058437702e-24
1.282299999999999955e+03,5.350786187180294222e-04,1.077698390564208834e-20,5.766772475112661047e-24
1.282318749999999909e+03,5.331512830983185965e-04,1.144999576966495998e-20,6.104832748716603224e-24
1.282337500000000091e+03,5.312135249959576205e-04,1.216452925246748501e-20,6.462230077267207734e-24
1.282356250000000045e+03,5.292655464278775640e-04,1.292311409069330098e-20,6.840042299825515949e-24
1.282375000000000000e+03,5.273075499348090335e-04,1.372843215821183761e-20,7.239405723251166994e-24
1.282393749999999955e+03,5.253397386024271504e-04,1.458332649317872030e-20,7.661518205813404376e-24
1.282412499999999909e+03,5.233623159975230510e-04,1.549081085336683168e-20,8.107642397675700503e-24
1.282431250000000091e+03,5.213754861564613621e-04,1.645407983022129440e-20,8.579109147845126372e-24
1.282450000000000045e+03,5.193794535669087921e-04,1.747651955340112920e-20,9.077321084900033779e-24
1.282468750000000000e+03,5.173744231099586602e-04,1.856171902070273212e-20,9.603756379947802984e-24
1.282487499999999955e+03,5.153606000850712325e-04,1.971348208835683076e-20,1.015997270247245298e-23
1.282506249999999909e+03,5.133381901483127958e-04,2.093584016030358038e-20,1.074761137600205176e-23
1.282525000000000091e+03,5.113073992717983652e-04,2.223306561628902639e-20,1.136840174508260315e-23
1.282543750000000045e+03,5.092684337689627012e-04,2.360968602152186442e-20,1.202416576536212504e-23
1.282562500000000000e+03,5.072215002059915099e-04,2.507049916199027336e-20,1.271682282349891363e-23
1.282581249999999955e+03,5.051668054424777229e-04,2.662058895367240981e-20,1.344839480414200468e-23
1.282599999999999909e+03,5.031045565475174763e-04,2.826534227502119092e-20,1.422101140986859896e-23
1.282618750000000091e+03,5.010349608011136109e-04,3.001046677544375092e-20,1.503691575152698013e-23
1.282637500000000045e+03,4.989582256687653339e-04,3.186200971644672202e-20,1.589847022002567792e-23
1.282656250000000000e+03,4.968745587603348897e-04,3.382637790294169290e-20,1.680816265273199762e-23
1.282674999999999955e+03,4.947841678147396009e-04,3.591035876866321146e-20,1.776861281108355471e-23
1.282693749999999909e+03,4.926872606883059107e-04,3.812114267959414594e-20,1.878257918318082750e-23
1.282712500000000091e+03,4.905840452896936170e-04,4.046634652683489584e-20,1.985296612603680991e-23
1.282731250000000045e+03,4.884747295948421416e-04,4.295403867992246224e-20,2.098283136784185144e-23
1.282750000000000000e+03,4.863595215898597465e-04,4.559276538053260213e-20,2.217539388336009404e-23
1.282768749999999955e+03,4.842386292612549273e-04,4.839157865654353285e-20,2.343404216435988992e-23
1.282787499999999909e+03,4.821122605821441141e-04,5.136006584289194502e-20,2.476234290253271301e-23
1.282806250000000091e+03,4.799806234536220842e-04,5.450838080167538053e-20,2.616405010334537259e-23
1.282825000000000045e+03,4.778439256992011975e-04,5.784727693651105966e-20,2.764311465591651159e-23
1.282843750000000000e+03,4.757023750402039099e-04,6.138814210295014502e-20,2.920369437779662838e-23
1.282862499999999955e+03,4.735561790670890958e-04,6.514303552332860805e-20,3.085016455881542464e-23
1.282881249999999909e+03,4.714055452218318112e-04,6.912472681701107319e-20,3.258712902801743028e-23
1.282900000000000091e+03,4.692506807435375981e-04,7.334673726904905106e-20,3.441943176746845411e-23
1.282918750000000045e+03,4.670917926762346460e-04,7.782338345953126201e-20,3.635216910419418925e-23
1.282937500000000000e+03,4.649290878363621462e-04,8.256982339008607097e-20,3.839070250303052561e-23
1.282956249999999955e+03,4.627627727727921260e-04,8.760210524631212954e-20,4.054067199028103569e-23
1.282974999999999909e+03,4.605930537561083154e-04,9.293721894562923170e-20,4.280801024228859048e-23
1.282993750000000091e+03,4.584201367515406116e-04,9.859315062623772012e-20,4.519895736700060929e-23
1.283012500000000045e+03,4.562442273835937969e-04,1.045889402427800301e-19,4.772007641239079710e-23
1.283031250000000000e+03,4.540655309211841565e-04,1.109447424443214128e-19,5.037826964014953912e-23
1.283049999999999955e+03,4.518842522591281358e-04,1.176818909170296852e-19,5.318079559862775791e-23
1.283068749999999909e+03,4.497005958881906051e-04,1.248229663868396214e-19,5.613528703290694474e-23
1.283087500000000091e+03,4.475147658550079227e-04,1.323918684871737877e-19,5.924976967196406574e-23
1.283106250000000045e+03,4.453269657605860975e-04,1.404138917061325447e-19,6.253268194054186157e-23
1.283125000000000000e+03,4.431373987178090093e-04,1.489158056464280384e-19,6.599289563252076394e-23
1.283143749999999955e+03,4.409462673587821973e-04,1.579259398304474975e-19,6.963973760037002640e-23
1.283162499999999909e+03,4.387537737718874434e-04,1.674742733143802622e-19,7.348301249666458291e-23
1.283181250000000091e+03,4.365601195035533825e-04,1.775925293707404024e-19,7.753302663403591588e-23
1.283200000000000045e+03,4.343655055219842781e-04,1.883142755259216821e-19,8.180061300363868150e-23
1.283218750000000000e+03,4.321701322052875203e-04,1.996750292534386624e-19,8.629715751876608367e-23
1.283237499999999955e+03,4.299741993117072347e-04,2.117123696295973608e-19,9.103462653161885832e-23
1.283256249999999909e+03,4.277779059595799866e-04,2.244660552933455951e-19,9.602559569359864933e-23
1.283275000000000091e+03,4.255814505928840938e-04,2.379781490501979906e-19,1.012832802140387596e-22
1.283293750000000045e+03,4.233850309920243488e-04,2.522931494982453588e-19,1.068215666021309802e-22
1.283312500000000000e+03,4.211888442068338536e-04,2.674581300566838666e-19,1.126550459304286696e-22
1.283331249999999955e+03,4.189930865698216693e-04,2.835228858155135219e-19,1.187990487339133718e-22
1.283349999999999909e+03,4.167979536607473233e-04,3.005400886336085345e-19,1.252696815895183588e-22
1.283368750000000091e+03,4.146036402804296832e-04,3.185654509406886160e-19,1.320838654698158055e-22
1.283387500000000045e+03,4.124103404394878426e-04,3.376578987297969659e-19,1.392593759609033760e-22
1.283406250000000000e+03,4.102182473293871767e-04,3.578797542455851182e-19,1.468148854228722655e-22
1.283424999999999955e+03,4.080275533126775109e-04,3.792969288940952677e-19,1.547700071938577839e-22
1.283443749999999909e+03,4.058384498941491696e-04,4.019791269551228453e-19,1.631453419298811255e-22
1.283462500000000091e+03,4.036511276962069495e-04,4.260000606754924677e-19,1.719625261831716292e-22
1.283481250000000045e+03,4.014657764512051898e-04,4.514376773775803551e-19,1.812442833356621489e-22
1.283500000000000000e+03,3.992825849575166596e-04,4.783743992459226326e-19,1.910144769785181436e-22
1.283518749999999955e+03,3.971017411048840770e-04,5.068973764770039614e-19,2.012981668976373565e-22
1.283537499999999909e+03,3.949234318171082614e-04,5.370987545412834419e-19,2.121216677268624060e-22
1.283556250000000091e+03,3.927478430296951371e-04,5.690759563174714876e-19,2.235126104429148114e-22
1.283575000000000045e+03,3.905751597057834220e-04,6.029319799188143451e-19,2.355000068483981140e-22
1.283593750000000000e+03,3.884055657794681219e-04,6.387757130748154154e-19,2.481143171252929575e-22
1.283612499999999955e+03,3.862392441657455373e-04,6.767222649728921250e-19,2.613875206839650643e-22
1.283631249999999909e+03,3.840763767456183858e-04,7.168933164961320761e-19,2.753531904084371152e-22
1.283650000000000091e+03,3.819171443067524295e-04,7.594174898949783901e-19,2.900465704533522054e-22
1.283668750000000045e+03,3.797617265782996941e-04,8.044307389207066049e-19,3.055046578498273690e-22
1.283687500000000000e+03,3.776103021813519470e-04,8.520767605570526505e-19,3.217662879851026108e-22
1.283706249999999955e+03,3.754630486230811268e-04,9.025074295149262615e-19,3.388722242292153291e-22
1.283724999999999909e+03,3.733201422900047674e-04,9.558832567332286040e-19,3.568652518800866903e-22
1.283743750000000091e+03,3.711817584047322942e-04,1.012373873188340435e-18,3.757902765978643280e-22
1.283762500000000045e+03,3.690480710334912849e-04,1.072158540391762784e-18,3.956944276269413908e-22
1.283781250000000000e+03,3.669192530743565031e-04,1.135426689018624758e-18,4.166271659728949279e-22
1.283799999999999955e+03,3.647954762267941711e-04,1.202378487186966567e-18,4.386403977652004044e-22
1.283818749999999909e+03,3.626769109903006465e-04,1.273225440021922540e-18,4.617885931188668490e-22
1.283837500000000091e+03,3.605637266284899591e-04,1.348191022149453188e-18,4.861289106692312230e-22
1.283856250000000045e+03,3.584560911892364986e-04,1.427511344944150436e-18,5.117213281832465521e-22
1.283875000000000000e+03,3.563541714514439408e-04,1.511435860404321540e-18,5.386287793710109314e-22
1.283893749999999955e+03,3.542581329577606142e-04,1.600228103587982064e-18,5.669172973991823462e-22
1.283912499999999909e+03,3.521681399654859584e-04,1.694166475752086315e-18,5.966561652157207464e-22
1.283931250000000091e+03,3.500843554439335274e-04,1.793545070344330945e-18,6.279180731839938321e-22
1.283950000000000045e+03,3.480069410773870670e-04,1.898674544163377339e-18,6.607792843334457278e-22
1.283968750000000000e+03,3.459360572217979137e-04,2.009883036129405955e-18,6.953198075015027398e-22
1.283987499999999955e+03,3.438718629268340348e-04,2.127517136226975922e-18,7.316235789567663972e-22
1.284006249999999909e+03,3.418145159289227570e-04,2.251942907275334124e-18,7.697786527371606154e-22
1.284025000000000091e+03,3.397641725861902883e-04,2.383546962411753390e-18,8.098774000562568076e-22
1.284043750000000045e+03,3.377209879404858878e-04,2.522737601250388337e-18,8.520167186297299235e-22
1.284062500000000000e+03,3.356851156595645085e-04,2.669946007842901556e-18,8.962982518502634872e-22
1.284081249999999955e+03,3.336567080447201770e-04,2.825627513781072865e-18,9.428286187218433898e-22
1.284099999999999909e+03,3.316359160296121272e-04,2.990262929909520741e-18,9.917196549131086059e-22
1.284118750000000091e+03,3.296228891476854473e-04,3.164359950294681489e-18,1.043088665390235518e-21
1.284137500000000045e+03,3.276177755587262805e-04,3.348454632327941514e-18,1.097058689474056120e-21
1.284156250000000000e+03,3.256207220082745542e-04,3.543112957036346958e-18,1.153758778556243973e-21
1.284174999999999955e+03,3.236318738447498751e-04,3.748932473842072328e-18,1.213324287476317227e-21
1.284193749999999909e+03,3.216513750144897859e-04,3.966544034240764641e-18,1.275897179980046840e-21
1.284212500000000091e+03,3.196793680220010709e-04,4.196613619261830559e-18,1.341626348918103349e-21
1.284231250000000045e+03,3.177159939748727224e-04,4.439844265459626504e-18,1.410667952317243050e-21
1.284250000000000000e+03,3.157613925375555891e-04,4.696978094932848376e-18,1.483185765497040220e-21
1.284268749999999955e+03,3.138157019454043662e-04,4.968798454695060370e-18,1.559351550576973228e-21
1.284287499999999909e+03,3.118790590091756790e-04,5.256132171227099607e-18,1.639345443979911806e-21
1.284306250000000091e+03,3.099515990949356487e-04,5.559851926404775214e-18,1.723356362760717161e-21
1.284325000000000045e+03,3.080334561272408869e-04,5.880878761107707752e-18,1.811582430897835698e-21
1.284343750000000000e+03,3.061247625775632823e-04,6.220184713300672641e-18,1.904231426366113007e-21
1.284362499999999955e+03,3.042256494936691692e-04,6.578795597745968929e-18,2.001521250383999925e-21
1.284381249999999909e+03,3.023362464645107470e-04,6.957793934669080427e-18,2.103680419259080040e-21
1.284400000000000091e+03,3.004566816378984669e-04,7.358322035391533092e-18,2.210948580731535349e-21
1.284418750000000045e+03,2.985870817065226302e-04,7.781585253123499514e-18,2.323577055493196626e-21
1.284437500000000000e+03,2.967275719212875032e-04,8.228855407535769361e-18,2.441829405535047312e-21
1.284456249999999955e+03,2.948782760902546535e-04,8.701474392443718611e-18,2.565982030447487284e-21
1.284474999999999909e+03,2.930393165775854736e-04,9.200857975985897482e-18,2.696324793110395536e-21
1.284493750000000091e+03,2.912108143019154194e-04,9.728499803506073250e-18,2.833161676288756189e-21
1.284512500000000045e+03,2.893928887517408454e-04,1.028597561384796617e-17,2.976811471904384187e-21
1.284531250000000000e+03,2.875856579546207776e-04,1.087494768008288203e-17,3.127608503971460472e-21
1.284549999999999955e+03,2.857892385395596302e-04,1.149716948649363455e-17,3.285903388368030327e-21
1.284568749999999909e+03,2.840037456846475588e-04,1.215449065419744585e-17,3.452063829161418095e-21
1.284587500000000091e+03,2.822292931493737512e-04,1.284886212831801104e-17,3.626475455443966821e-21
1.284606250000000045e+03,2.804659932850211068e-04,1.358234164039191082e-17,3.809542699664231392e-21
1.284625000000000000e+03,2.787139570116744288e-04,1.435709946040462283e-17,4.001689719345597458e-21
1.284643749999999955e+03,2.769732938587610746e-04,1.517542445342415584e-17,4.203361365699338092e-21
1.284662499999999909e+03,2.752441119581950572e-04,1.603973045690816875e-17,4.415024200147736451e-21
1.284681250000000091e+03,2.735265180445230876e-04,1.695256299501115561e-17,4.637167561819056162e-21
1.284700000000000045e+03,2.718206174769961661e-04,1.791660634764588799e-17,4.870304689021173184e-21
1.284718750000000000e+03,2.701265142304445574e-04,1.893469099293502454e-17,5.114973896677729692e-21
1.284737499999999955e+03,2.684443109283537088e-04,2.000980144167791212e-17,5.371739813711374741e-21
1.284756249999999909e+03,2.667741088406303603e-04,2.114508448499542716e-17,5.641194682366278143e-21
1.284775000000000091e+03,2.651160078862698443e-04,2.234385787596446233e-17,5.923959723209841802e-21
1.284793750000000045e+03,2.634701066592121392e-04,2.360961946785518156e-17,6.220686569754076968e-21
1.284812500000000000e+03,2.618365024293215003e-04,2.494605683276187742e-17,6.532058775379181195e-21
1.284831249999999955e+03,2.602152911676649583e-04,2.635705738497718489e-17,6.858793397337960967e-21
1.284849999999999909e+03,2.586065675527341769e-04,2.784671903564482470e-17,7.201642661032034888e-21
1.284868750000000091e+03,2.570104249785107775e-04,2.941936140555515224e-17,7.561395709109566630e-21
1.284887500000000045e+03,2.554269555786051801e-04,3.107953762531433379e-17,7.938880440451568077e-21
1.284906250000000000e+03,2.538562502299197420e-04,3.283204675296478018e-17,8.334965442735576242e-21
1.284924999999999955e+03,2.522983985863231022e-04,3.468194684013581579e-17,8.750562024915852731e-21
1.284943749999999909e+03,2.507534890946251952e-04,3.663456868112124503e-17,9.186626353808536177e-21
1.284962500000000091e+03,2.492216089714193979e-04,3.869553027918692420e-17,9.644161699124375124e-21
1.284981250000000045e+03,2.477028442833156580e-04,4.087075206675829254e-17,1.012422079803094908e-20
1.285000000000000000e+03,2.461972799143677545e-04,4.316647291875884375e-17,1.062790833784429439e-20
1.285018749999999955e+03,2.447049996187103372e-04,4.558926699890727712e-17,1.115638357049062862e-20
1.285037499999999909e+03,2.432260860255874835e-04,4.814606148215087207e-17,1.171086306079908413e-20
1.285056250000000091e+03,2.417606206530007980e-04,5.084415519739117448e-17,1.229262357784833191e-20
1.285075000000000045e+03,2.403086839438757949e-04,5.369123823774831681e-17,1.290300513803268976e-20
1.285093750000000000e+03,2.388703552795102061e-04,5.669541258818964679e-17,1.354341420601009778e-20
1.285112499999999955e+03,2.374457130070859638e-04,5.986521382095427751e-17,1.421532706356890125e-20
1.285131249999999909e+03,2.360348344694345618e-04,6.320963391477274225e-17,1.492029335546274657e-20
1.285150000000000091e+03,2.346377959959456403e-04,6.673814525312947969e-17,1.565993981872380642e-20
1.285168750000000045e+03,2.332546729788756836e-04,7.046072586336057927e-17,1.643597421383397733e-20
1.285187500000000000e+03,2.318855398538926344e-04,7.438788595794581808e-17,1.725018945686002685e-20
1.285206249999999955e+03,2.305304701510499312e-04,7.853069584498112496e-17,1.810446797463077485e-20
1.285224999999999909e+03,2.291895365197275480e-04,8.290081527644283422e-17,1.900078628874719814e-20
1.285243750000000091e+03,2.278628107430084350e-04,8.751052430774351419e-17,1.994121984191739809e-20
1.285262500000000045e+03,2.265503637820296778e-04,9.237275574362474367e-17,2.092794808310665874e-20
1.285281250000000000e+03,2.252522657864219555e-04,9.750112925260915547e-17,2.196325982093852360e-20
1.285299999999999955e+03,2.239685861519274317e-04,1.029099872320383419e-16,2.304955886702037402e-20
1.285318749999999909e+03,2.226993935235019556e-04,1.086144325125971541e-16,2.418936997593242501e-20
1.285337500000000091e+03,2.214447558386926896e-04,1.146303679956342404e-16,2.538534510755850556e-20
1.285356250000000045e+03,2.202047403650614344e-04,1.209745383198567717e-16,2.664027002538303386e-20
1.285375000000000000e+03,2.189794137185907227e-04,1.276645736589305223e-16,2.795707124756683974e-20
1.285393749999999955e+03,2.177688419099288908e-04,1.347190357584066580e-16,2.933882337639516525e-20
1.285412499999999909e+03,2.165730903760921503e-04,1.421574663228768334e-16,3.078875682212664206e-20
1.285431250000000091e+03,2.153922240116286238e-04,1.500004378702422437e-16,3.231026594470076851e-20
1.285450000000000045e+03,2.142263072085925544e-04,1.582696071811200656e-16,3.390691763923805272e-20
1.285468750000000000e+03,2.130754038834706287e-04,1.669877714662470229e-16,3.558246038563181032e-20
1.285487499999999955e+03,2.119395775303528238e-04,1.761789273948012627e-16,3.734083379622797280e-20
1.285506249999999909e+03,2.108188912500040145e-04,1.858683331206222955e-16,3.918617868061457008e-20
1.285525000000000091e+03,2.097134077846345807e-04,1.960825734588717736e-16,4.112284766199825947e-20
1.285543750000000045e+03,2.086231895685028881e-04,2.068496283707870356e-16,4.315541637903824970e-20
1.285562500000000000e+03,2.075482987587307527e-04,2.181989449172680334e-16,4.528869529890162763e-20
1.285581249999999955e+03,2.064887972785253505e-04,2.301615128600348851e-16,4.752774218380568546e-20
1.285599999999999909e+03,2.054447468673028057e-04,2.427699440836597233e-16,4.987787524623487938e-20
1.285618750000000091e+03,2.044162091106471084e-04,2.560585560359980869e-16,5.234468702753604004e-20
1.285637500000000045e+03,2.034032454939662781e-04,2.700634593800747547e-16,5.493405905033018289e-20
1.285656250000000000e+03,2.024059174384863031e-04,2.848226500714301496e-16,5.765217728047123394e-20
1.285674999999999955e+03,2.014242863555258136e-04,3.003761060722895300e-16,6.050554845285221864e-20
1.285693749999999909e+03,2.004584136871295124e-04,3.167658889437956313e-16,6.350101730487658859e-20
1.285712500000000091e+03,1.995083609509351987e-04,3.340362505420502751e-16,6.664578477160806538e-20
1.285731250000000045e+03,1.985741897908184235e-04,3.522337450833003319e-16,6.994742720191589263e-20
1.285750000000000000e+03,1.976559620237537673e-04,3.714073468375790900e-16,7.341391665075799997e-20
1.285768749999999955e+03,1.967537396938558679e-04,3.916085737223499595e-16,7.705364231284680781e-20
1.285787499999999909e+03,1.958675851122575412e-04,4.128916171013792115e-16,8.087543315911353250e-20
1.285806250000000091e+03,1.949975609189943612e-04,4.353134780736128930e-16,8.488858185595406804e-20
1.285825000000000045e+03,1.941437301239914591e-04,4.589341105912431569e-16,8.910287002938521092e-20
1.285843750000000000e+03,1.933061561671848107e-04,4.838165717266600973e-16,9.352859496615547677e-20
1.285862499999999955e+03,1.924849029661808669e-04,5.100271794479874242e-16,9.817659782442382130e-20
1.285881249999999909e+03,1.916800349803613889e-04,5.376356782624647170e-16,1.030582934545347773e-19
1.285900000000000091e+03,1.908916172472224901e-04,5.667154131253463142e-16,1.081857019045843714e-19
1.285918750000000045e+03,1.901197154569358701e-04,5.973435120025228346e-16,1.135714817414364232e-19
1.285937500000000000e+03,1.893643959960784016e-04,6.296010775218907110e-16,1.192289652599562385e-19
1.285956249999999955e+03,1.886257260107547604e-04,6.635733881510332325e-16,1.251721957183417076e-19
1.285974999999999909e+03,1.879037734641294480e-04,6.993501093682315680e-16,1.314159667061232500e-19
1.285993750000000091e+03,1.871986071916544785e-04,7.370255153072324170e-16,1.379758637712281244e-19
1.286012500000000045e+03,1.865102969659042072e-04,7.766987213922978979e-16,1.448683084500647500e-19
1.286031250000000000e+03,1.858389135485822327e-04,8.184739285000772769e-16,1.521106048276091355e-19
1.286049999999999955e+03,1.851845287650053537e-04,8.624606791938513975e-16,1.597209888025426824e-19
1.286068749999999909e+03,1.845472155542792804e-04,9.087741266270631079e-16,1.677186801839782570e-19
1.286087500000000091e+03,1.839270480374268087e-04,9.575353167332118470e-16,1.761239378230909842e-19
1.286106250000000045e+03,1.833241015772928367e-04,1.008871484327378234e-15,1.849581179361118086e-19
1.286125000000000000e+03,1.827384528484816658e-04,1.062916363819170270e-15,1.942437358314617204e-19
1.286143749999999955e+03,1.821701799000768494e-04,1.119810515212833541e-15,2.040045312230968152e-19
1.286162499999999909e+03,1.816193622240581994e-04,1.179701666156652823e-15,2.142655373624431877e-19
1.286181250000000091e+03,1.810860808150452556e-04,1.242745070798635907e-15,2.250531541991331585e-19
1.286200000000000045e+03,1.805704182479562483e-04,1.309103886273552037e-15,2.363952258470320308e-19
1.286218750000000000e+03,1.800724587354987313e-04,1.378949567650794442e-15,2.483211225656212765e-19
1.286237499999999955e+03,1.795922882103720560e-04,1.452462282254701061e-15,2.608618275901413970e-19
1.286256249999999909e+03,1.791299943879777880e-04,1.529831344249506534e-15,2.740500290390468990e-19
1.286275000000000091e+03,1.786856668372568686e-04,1.611255670519240540e-15,2.879202172518016425e-19
1.286293750000000045e+03,1.782593970540758180e-04,1.696944258795681694e-15,3.025087878673043105e-19
1.286312500000000000e+03,1.778512785345436032e-04,1.787116689148234086e-15,3.178541509959021527e-19
1.286331249999999955e+03,1.774614068483875134e-04,1.882003649949986166e-15,3.339968468539041125e-19
1.286349999999999909e+03,1.770898797139041920e-04,1.981847489447030699e-15,3.509796682481528440e-19
1.286368750000000091e+03,1.767367970713560037e-04,2.086902794209924978e-15,3.688477903312689428e-19
1.286387500000000045e+03,1.764022611614938076e-04,2.197436995713647175e-15,3.876489080769312408e-19
1.286406250000000000e+03,1.760863765985408935e-04,2.313731006390308226e-15,4.074333819245020275e-19
1.286424999999999955e+03,1.757892504542022251e-04,2.436079886568804878e-15,4.282543921293658474e-19
1.286443749999999909e+03,1.755109923299414223e-04,2.564793543761158402e-15,4.501681022979343608e-19
1.286462500000000091e+03,1.752517144416325021e-04,2.700197465837091505e-15,4.732338327253308542e-19
1.286481250000000045e+03,1.750115316945394250e-04,2.842633489686317318e-15,4.975142440802984298e-19
1.286500000000000000e+03,1.747905617676388617e-04,2.992460607046228674e-15,5.230755321184368526e-19
1.286518749999999955e+03,1.745889251963528960e-04,3.150055809312052271e-15,5.499876340825652804e-19
1.286537499999999909e+03,1.744067454528179333e-04,3.315814973050987814e-15,5.783244474807322558e-19
1.286556250000000091e+03,1.742441490302006903e-04,3.490153788294081421e-15,6.081640620477930804e-19
1.286575000000000045e+03,1.741012655273336195e-04,3.673508731489484800e-15,6.395890056662310406e-19
1.286593750000000000e+03,1.739782277338171627e-04,3.866338085343692476e-15,6.726865051259945068e-19
1.286612499999999955e+03,1.738751717155528399e-04,4.069123007648613499e-15,7.075487626166474423e-19
1.286631249999999909e+03,1.737922369025939290e-04,4.282368651474545561e-15,7.442732489416545227e-19
1.286650000000000091e+03,1.737295661750670240e-04,4.506605339160780708e-15,7.829630144712247398e-19
1.286668750000000045e+03,1.736873059531329245e-04,4.742389792502756845e-15,8.237270189304054102e-19
1.286687500000000000e+03,1.736656062849155130e-04,4.990306421954158624e-15,8.666804811911045656e-19
1.286706249999999955e+03,1.736646209379320632e-04,5.250968677474256362e-15,9.119452503049937297e-19
1.286724999999999909e+03,1.736845074887039865e-04,5.525020463974629039e-15,9.596501990769073550e-19
1.286743750000000091e+03,1.737254274150105374e-04,5.813137624325644684e-15,1.009931641584174742e-18
1.286762500000000045e+03,1.737875461880710978e-04,6.116029493171424562e-15,1.062933776126511226e-18
1.286781250000000000e+03,1.738710333668631760e-04,6.434440524781513526e-15,1.118809155180694014e-18
1.286799999999999955e+03,1.739760626898724202e-04,6.769151998438921175e-15,1.177719184012505520e-18
1.286818749999999909e+03,1.741028121719561067e-04,7.120983804902647566e-15,1.239834649758031646e-18
1.286837500000000091e+03,1.742514641994786834e-04,7.490796317864766553e-15,1.305336282847810373e-18
1.286856250000000045e+03,1.744222056267813676e-04,7.879492354186994568e-15,1.374415352771166170e-18
1.286875000000000000e+03,1.746152278738754844e-04,8.288019227152154018e-15,1.447274300333314016e-18
1.286893749999999955e+03,1.748307270223942774e-04,8.717370897024752450e-15,1.524127408644084031e-18
1.286912499999999909e+03,1.750689039163812644e-04,9.168590223345721716e-15,1.605201515284785722e-18
1.286931250000000091e+03,1.753299642631882867e-04,9.642771323864353531e-15,1.690736768212739824e-18
1.286950000000000045e+03,1.756141187294478663e-04,1.014106204482296737e-14,1.780987428033951351e-18
1.286968750000000000e+03,1.759215830487617215e-04,1.066466654788521659e-14,1.876222719716076421e-18
1.286987499999999955e+03,1.762525781158917799e-04,1.121484801903985842e-14,1.976727736561103108e-18
1.287006249999999909e+03,1.766073300945301722e-04,1.179293150512548986e-14,2.082804399970201523e-18
1.287025000000000091e+03,1.769860705218351867e-04,1.240030688380929838e-14,2.194772478302098081e-18
1.287043750000000045e+03,1.773890364084129787e-04,1.303843197323124564e-14,2.312970668490162313e-18
1.287062500000000000e+03,1.778164703464315275e-04,1.370883578767605412e-14,2.437757744473828736e-18
1.287081249999999955e+03,1.782686206152848116e-04,1.441312194607642974e-14,2.569513776503392488e-18
1.287099999999999909e+03,1.787457412853065320e-04,1.515297224012901206e-14,2.708641425692601979e-18
1.287118750000000091e+03,1.792480923292176108e-04,1.593015036972133119e-14,2.855567318723810091e-18
1.287137500000000045e+03,1.797759397275424103e-04,1.674650585289407901e-14,3.010743507429434265e-18
1.287156250000000000e+03,1.803295555791433065e-04,1.760397811863993959e-14,3.174649018768575961e-18
1.287174999999999955e+03,1.809092182074559685e-04,1.850460079082867317e-14,3.347791500676210106e-18
1.287193749999999909e+03,1.815152122722833684e-04,1.945050617181696803e-14,3.530708969904768741e-18
1.287212500000000091e+03,1.821478288893186898e-04,2.044392993514181124e-14,3.723971668348686134e-18
1.287231250000000045e+03,1.828073657232561768e-04,2.148721603643575725e-14,3.928184033864170608e-18
1.287250000000000000e+03,1.834941271233215014e-04,2.258282185290876215e-14,4.143986794197524939e-18
1.287268749999999955e+03,1.842084242136051298e-04,2.373332356148870183e-14,4.372059189838502479e-18
1.287287499999999909e+03,1.849505750214918440e-04,2.494142176657291389e-14,4.613121335644814023e-18
1.287306250000000091e+03,1.857209045956261114e-04,2.620994738875252486e-14,4.867936728892985984e-18
1.287325000000000045e+03,1.865197451055915191e-04,2.754186782603200913e-14,5.137314912552625482e-18
1.287343750000000000e+03,1.873474359709496428e-04,2.894029340055404396e-14,5.422114304830543159e-18
1.287362499999999955e+03,1.882043239758150093e-04,3.040848410302701539e-14,5.723245204128307246e-18
1.287381249999999909e+03,1.890907633800655344e-04,3.194985664833945832e-14,6.041672980602344899e-18
1.287400000000000091e+03,1.900071160468911301e-04,3.356799185733392254e-14,6.378421466772274439e-18
1.287418750000000045e+03,1.909537515554483270e-04,3.526664237813480411e-14,6.734576558398657412e-18
1.287437500000000000e+03,1.919310473248376277e-04,3.704974076306699641e-14,7.111290039715094736e-18
1.287456249999999955e+03,1.929393887260489530e-04,3.892140791733101721e-14,7.509783646245526785e-18
1.287474999999999909e+03,1.939791692107326320e-04,4.088596193551497974e-14,7.931353380949903516e-18
1.287493750000000091e+03,1.950507904340818464e-04,4.294792734368415102e-14,8.377374098768146526e-18
1.287512500000000045e+03,1.961546623701554751e-04,4.511204476542938963e-14,8.849304376190919923e-18
1.287531250000000000e+03,1.972912034454722392e-04,4.738328103049023613e-14,9.348691684672449326e-18
1.287549999999999955e+03,1.984608406469968588e-04,4.976683974595336598e-14,9.877177884909575864e-18
1.287568749999999909e+03,1.996640096538959599e-04,5.226817235071300744e-14,1.043650506420200152e-17
1.287587500000000091e+03,2.009011549768898483e-04,5.489298967456439954e-14,1.102852173766033041e-17
1.287606250000000045e+03,2.021727300587826078e-04,5.764727402467077060e-14,1.165518943341264920e-17
1.287625000000000000e+03,2.034791974189926198e-04,6.053729182294075838e-14,1.231858969010660636e-17
1.287643749999999955e+03,2.048210287771321219e-04,6.356960681859994756e-14,1.302093148889854750e-17
1.287662499999999909e+03,2.061987051591011074e-04,6.675109390142818044e-14,1.376455914680838102e-17
1.287681250000000091e+03,2.076127170716104541e-04,7.008895354305708535e-14,1.455196070594537362e-17
1.287700000000000045e+03,2.090635645808908280e-04,7.359072689278369958e-14,1.538577683836979982e-17
1.287718750000000000e+03,2.105517574802638538e-04,7.726431155904637793e-14,1.626881031140869002e-17
1.287737499999999955e+03,2.120778153908271465e-04,8.111797810444159645e-14,1.720403603692263125e-17
1.287756249999999909e+03,2.136422679062808172e-04,8.516038728759590362e-14,1.819461174912124775e-17
1.287775000000000091e+03,2.152456547383543839e-04,8.940060808451590109e-14,1.924388934694695230e-17
1.287793750000000045e+03,2.168885258162221209e-04,9.384813652320582972e-14,2.035542693777607800e-17
1.287812500000000000e+03,2.185714414488119722e-04,9.851291536745738004e-14,2.153300163543975933e-17
1.287831249999999955e+03,2.202949724350464428e-04,1.034053546893996956e-13,2.278062314954956632e-17
1.287849999999999909e+03,2.220597002070554601e-04,1.085363533647656389e-13,2.410254822177184756e-17
1.287868750000000091e+03,2.238662169765936484e-04,1.139173215386564199e-13,2.550329596059852799e-17
1.287887500000000045e+03,2.257151258404773645e-04,1.195602040963834910e-13,2.698766412324958705e-17
1.287906250000000000e+03,2.276070409474568556e-04,1.254775051905993971e-13,2.856074641633028982e-17
1.287924999999999955e+03,2.295425876146361000e-04,1.316823138664503676e-13,3.022795086450020395e-17
1.287943749999999909e+03,2.315224024572820020e-04,1.381883308339482567e-13,3.199501932039070862e-17
1.287962500000000091e+03,2.335471335520004508e-04,1.450098964388188339e-13,3.386804818977345769e-17
1.287981250000000045e+03,2.356174405523469130e-04,1.521620198822546917e-13,3.585351043548697963e-17
1.288000000000000000e+03,2.377339948290701241e-04,1.596604097451969559e-13,3.795827894876439511e-17
1.288018749999999955e+03,2.398974796195497885e-04,1.675215058748288235e-13,4.018965137078015813e-17
1.288037499999999909e+03,2.421085901514803305e-04,1.757625126893855727e-13,4.255537644718759355e-17
1.288056250000000091e+03,2.443680337875876523e-04,1.844014339668723693e-13,4.506368201824417525e-17
1.288075000000000045e+03,2.466765301760930583e-04,1.934571091786231251e-13,4.772330474222634867e-17
1.288093750000000000e+03,2.490348113885293641e-04,2.029492514374737817e-13,5.054352165582716769e-17
1.288112499999999955e+03,2.514436220369224164e-04,2.128984871284919691e-13,5.353418368138232968e-17
1.288131249999999909e+03,2.539037194378373596e-04,2.233263972959521670e-13,5.670575121430674516e-17
1.288150000000000091e+03,2.564158737518789180e-04,2.342555608624956258e-13,6.006933190423203451e-17
1.288168750000000045e+03,2.589808681234882608e-04,2.457095997581554327e-13,6.363672076838843245e-17
1.288187500000000000e+03,2.615994988281873071e-04,2.577132260451029335e-13,6.742044278261266172e-17
1.288206249999999955e+03,2.642725753929986215e-04,2.702922911191054256e-13,7.143379809135863533e-17
1.288224999999999909e+03,2.670009207600290246e-04,2.834738370818738790e-13,7.569091001571906390e-17
1.288243750000000091e+03,2.697853714448468650e-04,2.972861503738743151e-13,8.020677601804120888e-17
1.288262500000000045e+03,2.726267776392846055e-04,3.117588177653420521e-13,8.499732178755943002e-17
1.288281250000000000e+03,2.755260034072476330e-04,3.269227848109830268e-13,9.007945868218241707e-17
1.288299999999999955e+03,2.784839267741632683e-04,3.428104168667799721e-13,9.547114466848899919e-17
1.288318749999999909e+03,2.815014399060026574e-04,3.594555627827926528e-13,1.011914490345220830e-16
1.288337500000000091e+03,2.845794492692535005e-04,3.768936213857908688e-13,1.072606210718783045e-16
1.288356250000000045e+03,2.877188757271710215e-04,3.951616108708750298e-13,1.137001629487077304e-16
1.288375000000000000e+03,2.909206547438845567e-04,4.142982412262957887e-13,1.205329070920300341e-16
1.288393749999999955e+03,2.941857364858535616e-04,4.343439898185520925e-13,1.277830982723153978e-16
1.288412499999999909e+03,2.975150859825215991e-04,4.553411802731421379e-13,1.354764807371795234e-16
1.288431250000000091e+03,3.009096832973822463e-04,4.773340647950569061e-13,1.436403906842889680e-16
1.288450000000000045e+03,3.043705236428607226e-04,5.003689100696549026e-13,1.523038543626512463e-16
1.288468750000000000e+03,3.078986175530740253e-04,5.244940868940476472e-13,1.614976921937636864e-16
1.288487499999999955e+03,3.114949910028683589e-04,5.497601637083458477e-13,1.712546292255736732e-16
1.288506249999999909e+03,3.151606855862046537e-04,5.762200041771734809e-13,1.816094123535888349e-16
1.288525000000000091e+03,3.188967586491884914e-04,6.039288690028119071e-13,1.925989346651582348e-16
1.288543750000000045e+03,3.227042834535615045e-04,6.329445221417026510e-13,2.042623673738539998e-16
1.288562500000000000e+03,3.265843493294230161e-04,6.633273416186190468e-13,2.166412997801526931e-16
1.288581249999999955e+03,3.305380617664686882e-04,6.951404351234013052e-13,2.297798877001388228e-16
1.288599999999999909e+03,3.345665426415312185e-04,7.284497605940968616e-13,2.437250110028510905e-16
1.288618750000000091e+03,3.386709303423093300e-04,7.633242519977947132e-13,2.585264406449185230e-16
1.288637500000000045e+03,3.428523799016250677e-04,7.998359505270484846e-13,2.742370158416338165e-16
1.288656250000000000e+03,3.471120631744172556e-04,8.380601414398024341e-13,2.909128320090003120e-16
1.288674999999999955e+03,3.514511689466972015e-04,8.780754967693579247e-13,3.086134400282242317e-16
1.288693749999999909e+03,3.558709031390094803e-04,9.199642241690710892e-13,3.274020576479336355e-16
1.288712500000000091e+03,3.603724889239724055e-04,9.638122221269129280e-13,3.473457935882852222e-16
1.288731250000000045e+03,3.649571668893731528e-04,1.009709241832406027e-12,3.685158852196982276e-16
1.288750000000000000e+03,3.696261951872744527e-04,1.057749055962855915e-12,3.909879505676592225e-16
1.288768749999999955e+03,3.743808496755831510e-04,1.108029634682310690e-12,4.148422554990685527e-16
1.288787499999999909e+03,3.792224241004882573e-04,1.160653329144799503e-12,4.401639970406937325e-16
1.288806250000000091e+03,3.841522302148622737e-04,1.215727062836203512e-12,4.670436036784492650e-16
1.288825000000000045e+03,3.891715979574159002e-04,1.273362531039290467e-12,4.955770537650543222e-16
1.288843750000000000e+03,3.942818755737746857e-04,1.333676408807910817e-12,5.258662129859396934e-16
1.288862499999999955e+03,3.994844298167467278e-04,1.396790567760014929e-12,5.580191921632488785e-16
1.288881249999999909e+03,4.047806460256685450e-04,1.462832302078701096e-12,5.921507263421292264e-16
1.288900000000000091e+03,4.101719283821929265e-04,1.531934564092959952e-12,6.283825768181703583e-16
1.288918750000000045e+03,4.156596999460774699e-04,1.604236209831562673e-12,6.668439568884063778e-16
1.288937500000000000e+03,4.212454029135417194e-04,1.679882254974403078e-12,7.076719833768439007e-16
1.288956249999999955e+03,4.269304987081091584e-04,1.759024141605410548e-12,7.510121548463663374e-16
1.288974999999999909e+03,4.327164681382282508e-04,1.841820016231381379e-12,7.970188584255532344e-16
1.288993750000000091e+03,4.386048115686457189e-04,1.928435019520567978e-12,8.458559068491863512e-16
1.289012500000000045e+03,4.445970490634450103e-04,2.019041588239023228e-12,8.976971073994167844e-16
1.289031250000000000e+03,4.506947205795416378e-04,2.113819769901624075e-12,9.527268647694423589e-16
1.289049999999999955e+03,4.568993860346992467e-04,2.212957550625239181e-12,1.011140819451785205e-15
1.289068749999999909e+03,4.632126255049577894e-04,2.316651196760576660e-12,1.073146524254227199e-15
1.289087500000000091e+03,4.696360394274739819e-04,2.425105610830072032e-12,1.138964160919728899e-15
1.289106250000000045e+03,4.761712486571591588e-04,2.538534702389665392e-12,1.208827298817000378e-15
1.289125000000000000e+03,4.828198947436493967e-04,2.657161774380694332e-12,1.282983699000450241e-15
1.289143749999999955e+03,4.895836399392831289e-04,2.781219925662068107e-12,1.361696165086233856e-15
1.289162499999999909e+03,4.964641674352053037e-04,2.910952470303959192e-12,1.445243444872429716e-15
1.289181250000000091e+03,5.034631815113117326e-04,3.046613374378387512e-12,1.533921184871604475e-15
1.289200000000000045e+03,5.105824077384813094e-04,3.188467710951543274e-12,1.628042941185812545e-15
1.289218750000000000e+03,5.178235929887863758e-04,3.336792133989342874e-12,1.727941249188382432e-15
1.289237499999999955e+03,5.251885057345758541e-04,3.491875371946394931e-12,1.833968756912458297e-15
1.289256249999999909e+03,5.326789360812847225e-04,3.654018741862840036e-12,1.946499424052509896e-15
1.289275000000000091e+03,5.402966960444880026e-04,3.823536684740374610e-12,2.065929792023066593e-15
1.289293750000000045e+03,5.480436195601747678e-04,4.000757323140002078e-12,2.192680327387430638e-15
1.289312500000000000e+03,5.559215628450851201e-04,4.186023041779470705e-12,2.327196845106440810e-15
1.289331249999999955e+03,5.639324042606327350e-04,4.379691092181370629e-12,2.469952012908582878e-15
1.289349999999999909e+03,5.720780447159454175e-04,4.582134222211927565e-12,2.621446945536051679e-15
1.289368750000000091e+03,5.803604077000897596e-04,4.793741331621633397e-12,2.782212890317017337e-15
1.289387500000000045e+03,5.887814394476181866e-04,5.014918154568648117e-12,2.952813011320322614e-15
1.289406250000000000e+03,5.973431091651398893e-04,5.246087970170110939e-12,3.133844277463151989e-15
1.289424999999999955e+03,6.060474090229449285e-04,5.487692342303568429e-12,3.325939459000156926e-15
1.289443749999999909e+03,6.148963544382115036e-04,5.740191889728266928e-12,3.529769241177811834e-15
1.289462500000000091e+03,6.238919842382063515e-04,6.004067087780694751e-12,3.746044459668022494e-15
1.289481250000000045e+03,6.330363606841274372e-04,6.279819102879896025e-12,3.975518464366725185e-15
1.289500000000000000e+03,6.423315697656739858e-04,6.567970661203950062e-12,4.218989621311254476e-15
1.289518749999999955e+03,6.517797212451217946e-04,6.869066952767480352e-12,4.477303957298420083e-15
1.289537499999999909e+03,6.613829488322247761e-04,7.183676572473456774e-12,4.751357957662558924e-15
1.289556250000000091e+03,6.711434103765923217e-04,7.512392499440875879e-12,5.042101525105395908e-15
1.289575000000000045e+03,6.810632879749624335e-04,7.855833116240034777e-12,5.350541107937575390e-15
1.289593750000000000e+03,6.911447881820762277e-04,8.214643269555108756e-12,5.677743008584954018e-15
1.289612499999999955e+03,7.013901420094553881e-04,8.589495373953249644e-12,6.024836879996093628e-15
1.289631249999999909e+03,7.118016052539702853e-04,8.981090560309494850e-12,6.393019424763310176e-15
1.289650000000000091e+03,7.223814585065800554e-04,9.390159870950639472e-12,6.783558303143264042e-15
1.289668750000000045e+03,7.331320074029181767e-04,9.817465502991006333e-12,7.197796266148763126e-15
1.289687500000000000e+03,7.440555827251322304e-04,1.026380210202448532e-11,7.637155523025627540e-15
1.289706249999999955e+03,7.551545405350285891e-04,1.072999810803527310e-11,8.103142357638018449e-15
1.289724999999999909e+03,7.664312622857741893e-04,1.121691715557031846e-11,8.597352007076228652e-15
1.289743750000000091e+03,7.778881550942159159e-04,1.172545953033207058e-11,9.121473819133147170e-15
1.289762500000000045e+03,7.895276517401638361e-04,1.225656368429928494e-11,9.677296699194622214e-15
1.289781250000000000e+03,8.013522109633018078e-04,1.281120781192458062e-11,1.026671486924130656e-14
1.289799999999999955e+03,8.133643174349981146e-04,1.339041148939322471e-11,1.089173394850934167e-14
1.289818749999999909e+03,8.255664820256085725e-04,1.399523737968819289e-11,1.155447738138448603e-14
1.289837500000000091e+03,8.379612418969226541e-04,1.462679300600496192e-11,1.225719322579292285e-14
1.289856250000000045e+03,8.505511606736668173e-04,1.528623259597345550e-11,1.300226132502124298e-14
1.289875000000000000e+03,8.633388286133014070e-04,1.597475899965072451e-11,1.379220088321505961e-14
1.289893749999999955e+03,8.763268625950958006e-04,1.669362568405561080e-11,1.462967846364984897e-14
1.289912499999999909e+03,8.895179064933677162e-04,1.744413880711365122e-11,1.551751644193475277e-14
1.289931250000000091e+03,9.029146311248217784e-04,1.822765937428656474e-11,1.645870192612192059e-14
1.289950000000000045e+03,9.165197344784359410e-04,1.904560548078009768e-11,1.745639618054730629e-14
1.289968750000000000e+03,9.303359418565544615e-04,1.989945464310654239e-11,1.851394457522355885e-14
1.289987499999999955e+03,9.443660060129970436e-04,2.079074622282060232e-11,1.963488709021791767e-14
1.290006249999999909e+03,9.586127071444051689e-04,2.172108394643511413e-11,2.082296940247759292e-14
1.290025000000000091e+03,9.730788533873737300e-04,2.269213852509001793e-11,2.208215460061285268e-14
1.290043750000000045e+03,9.877672804783335560e-04,2.370565037766958193e-11,2.341663553260643531e-14
1.290062500000000000e+03,1.002680852372812240e-03,2.476343246157649227e-11,2.483084786053803978e-14
1.290081249999999955e+03,1.017822460985500898e-03,2.586737321503558697e-11,2.632948381859018697e-14
1.290099999999999909e+03,1.033195026493879780e-03,2.701943961522959748e-11,2.791750674576660804e-14
1.290118750000000091e+03,1.048801497581553248e-03,2.822168035685457388e-11,2.960016642131051232e-14
1.290137500000000045e+03,1.064644851323230884e-03,2.947622915554997541e-11,3.138301523678879434e-14
1.290156250000000000e+03,1.080728093600249497e-03,3.078530818092222663e-11,3.327192527450377920e-14
1.290174999999999955e+03,1.097054258967445446e-03,3.215123162410171037e-11,3.527310631019384053e-14
1.290193749999999909e+03,1.113626410870419657e-03,3.357640940514001345e-11,3.739312481565480386e-14
1.290212500000000091e+03,1.130447641942062577e-03,3.506335102527769137e-11,3.963892400778927577e-14
1.290231250000000045e+03,1.147521073919314551e-03,3.661466956940550134e-11,4.201784498377112778e-14
1.290250000000000000e+03,1.164849857928710415e-03,3.823308586528790951e-11,4.453764902648542983e-14
1.290268749999999955e+03,1.182437174402414977e-03,3.992143280413423201e-11,4.720654111500494488e-14
1.290287499999999909e+03,1.200286233438893711e-03,4.168265982986623723e-11,5.003319473595627842e-14
1.290306250000000091e+03,1.218400274815520943e-03,4.351983760245435989e-11,5.302677803374461242e-14
1.290325000000000045e+03,1.236782568157435451e-03,4.543616284253041706e-11,5.619698139069763590e-14
1.290343750000000000e+03,1.255436413077886315e-03,4.743496336377179017e-11,5.955404650539220792e-14
1.290362499999999955e+03,1.274365139163361133e-03,4.951970330025482394e-11,6.310879704198590765e-14
1.290381249999999909e+03,1.293572106211245522e-03,5.169398853573215055e-11,6.687267095217977125e-14
1.290400000000000091e+03,1.313060704471699950e-03,5.396157234290331218e-11,7.085775454836110920e-14
1.290418750000000045e+03,1.332834354463847569e-03,5.632636124023515128e-11,7.507681839571325306e-14
1.290437500000000000e+03,1.352896507468496828e-03,5.879242107438595474e-11,7.954335517766146259e-14
1.290456249999999955e+03,1.373250645320701511e-03,6.136398333667759297e-11,8.427161956340340683e-14
1.290474999999999909e+03,1.393900280598261423e-03,6.404545172269439407e-11,8.927667024276589068e-14
1.290493750000000091e+03,1.414848957008924164e-03,6.684140894349160019e-11,9.457441423374608275e-14
1.290512500000000045e+03,1.436100249138295981e-03,6.975662379772535294e-11,1.001816535263647958e-13
1.290531250000000000e+03,1.457657762878883769e-03,7.279605851542662706e-11,1.061161342714534448e-13
1.290549999999999955e+03,1.479525135253833721e-03,7.596487638191830929e-11,1.123965985588377741e-13
1.290568749999999909e+03,1.501706034689788806e-03,7.926844965321611998e-11,1.190428389934415146e-13
1.290587500000000091e+03,1.524204161257777888e-03,8.271236777396518293e-11,1.260757561836428915e-13
1.290606250000000045e+03,1.547023246466309402e-03,8.630244590742346307e-11,1.335174192540835521e-13
1.290625000000000000e+03,1.570167053751341836e-03,9.004473379164531338e-11,1.413911296370615587e-13
1.290643749999999955e+03,1.593639378252529768e-03,9.394552493118528519e-11,1.497214881904260767e-13
1.290662499999999909e+03,1.617444047042168121e-03,9.801136613779573325e-11,1.585344659135780520e-13
1.290681250000000091e+03,1.641584919355954832e-03,1.022490674339258503e-10,1.678574784128211766e-13
1.290700000000000045e+03,1.666065886509138661e-03,1.066657123301308438e-10,1.777194642719595013e-13
1.290718750000000000e+03,1.690890872198279110e-03,1.112686684918977379e-10,1.881509676013838524e-13
1.290737499999999955e+03,1.716063832393445931e-03,1.160655988094983327e-10,1.991842248968598883e-13
1.290756249999999909e+03,1.741588755532507728e-03,1.210644728846976242e-10,2.108532565018802243e-13
1.290775000000000091e+03,1.767469662814337298e-03,1.262735789519721862e-10,2.231939628959722746e-13
1.290793750000000045e+03,1.793710607891121781e-03,1.317015362458515742e-10,2.362442259591425032e-13
1.290812500000000000e+03,1.820315677447830989e-03,1.373573078364080522e-10,2.500440156613868679e-13
1.290831249999999955e+03,1.847288990899641952e-03,1.432502139432442984e-10,2.646355022171245970e-13
1.290849999999999909e+03,1.874634700546233242e-03,1.493899457514388645e-10,2.800631741631387745e-13
1.290868750000000091e+03,1.902356992097489242e-03,1.557865797429508353e-10,2.963739626542721061e-13
1.290887500000000045e+03,1.930460084211639126e-03,1.624505925649505268e-10,3.136173720906202252e-13
1.290906250000000000e+03,1.958948228963129992e-03,1.693928764535789591e-10,3.318456176812268501e-13
1.290924999999999955e+03,1.987825711662374352e-03,1.766247552318794229e-10,3.511137700500872610e-13
1.290943749999999909e+03,2.017096851008235575e-03,1.841580009058296135e-10,3.714799073994014337e-13
1.290962500000000091e+03,2.046765999676521119e-03,1.920048508757895752e-10,3.930052756359438233e-13
1.290981250000000045e+03,2.076837543442897234e-03,2.001780257887534890e-10,4.157544565073086237e-13
1.291000000000000000e+03,2.107315902243066946e-03,2.086907480530484603e-10,4.397955447869880344e-13
1.291018749999999955e+03,2.138205529690775843e-03,2.175567610387560554e-10,4.652003342987758599e-13
1.291037499999999909e+03,2.169510913216211780e-03,2.267903489896416961e-10,4.920445136373792709e-13
1.291056250000000091e+03,2.201236574377937218e-03,2.364063576706789695e-10,5.204078719926257337e-13
1.291075000000000045e+03,2.233387068717259186e-03,2.464202157775096982e-10,5.503745154357406195e-13
1.291093750000000000e+03,2.265966986099285027e-03,2.568479571372369412e-10,5.820330944092802790e-13
1.291112499999999955e+03,2.298980950493162857e-03,2.677062437252753036e-10,6.154770427187830802e-13
1.291131249999999909e+03,2.332433620086012127e-03,2.790123895284078388e-10,6.508048288132054585e-13
1.291150000000000091e+03,2.366329687755935017e-03,2.907843852855496180e-10,6.881202199944653882e-13
1.291168750000000045e+03,2.400673880655740475e-03,3.030409241354037906e-10,7.275325598384500455e-13
1.291187500000000000e+03,2.435470960511088977e-03,3.158014282051411099e-10,7.691570599274885371e-13
1.291206249999999955e+03,2.470725723805869845e-03,3.290860761695712316e-10,8.131151063701285716e-13
1.291224999999999909e+03,2.506443001555114236e-03,3.429158318192269292e-10,8.595345817354930143e-13
1.291243750000000091e+03,2.542627659655276144e-03,3.573124736711112807e-10,9.085502034751890299e-13
1.291262500000000045e+03,2.579284598711375880e-03,3.722986256562341982e-10,9.603038792731307037e-13
1.291281250000000000e+03,2.616418754558641827e-03,3.878977889284416483e-10,1.014945080596102033e-12
1.291299999999999955e+03,2.654035097671196552e-03,4.041343748245114391e-10,1.072631234644102745e-12
1.291318749999999909e+03,2.692138633610313692e-03,4.210337390264226940e-10,1.133528136426547012e-12
1.291337500000000091e+03,2.730734403283432109e-03,4.386222169564659110e-10,1.197810381476709022e-12
1.291356250000000045e+03,2.769827482506353761e-03,4.569271604576718544e-10,1.265661819984652610e-12
1.291375000000000000e+03,2.809422982572144963e-03,4.759769757987969559e-10,1.337276034109535775e-12
1.291393749999999955e+03,2.849526049848634130e-03,4.958011630558712059e-10,1.412856838741973412e-12
1.291412499999999909e+03,2.890141865998566411e-03,5.164303569058986538e-10,1.492618807529047483e-12
1.291431250000000091e+03,2.931275648518938751e-03,5.378963688988648556e-10,1.576787825340660427e-12
1.291450000000000045e+03,2.972932649817302143e-03,5.602322312425897292e-10,1.665601667450622896e-12
1.291468750000000000e+03,3.015118158300316223e-03,5.834722421675808897e-10,1.759310608597369194e-12
1.291487499999999955e+03,3.057837497687577663e-03,6.076520129128311468e-10,1.858178061291754644e-12
1.291506249999999909e+03,3.101096027180450833e-03,6.328085163986778488e-10,1.962481246223260788e-12
1.291525000000000091e+03,3.144899141939807175e-03,6.589801376401327457e-10,2.072511896050130894e-12
1.291543750000000045e+03,3.189252272790767031e-03,6.862067259626996198e-10,2.188576993485955741e-12
1.291562500000000000e+03,3.234160886237064450e-03,7.145296490767382283e-10,2.310999545954806390e-12
1.291581249999999955e+03,3.279630484557170822e-03,7.439918490868719124e-10,2.440119398478344277e-12
1.291599999999999909e+03,3.325666605817872989e-03,7.746379004864358402e-10,2.576294086450502136e-12
1.291618750000000091e+03,3.372274824196279559e-03,8.065140702176205425e-10,2.719899730537680563e-12
1.291637500000000045e+03,3.419460749596399309e-03,8.396683798613518913e-10,2.871331974890947438e-12
1.291656250000000000e+03,3.467230028151470703e-03,8.741506700349831350e-10,3.031006971994956532e-12
1.291674999999999955e+03,3.515588341608666314e-03,9.100126670629478387e-10,3.199362414680362459e-12
1.291693749999999909e+03,3.564541407947925070e-03,9.473080520089223802e-10,3.376858619558883303e-12
1.291712500000000091e+03,3.614094981344896824e-03,9.860925321442866055e-10,3.563979662690599835e-12
1.291731250000000045e+03,3.664254851632734421e-03,1.026423914931693519e-09,3.761234569944681985e-12
1.291750000000000000e+03,3.715026845483246961e-03,1.068362184623313874e-09,3.969158566924352818e-12
1.291768749999999955e+03,3.766416825130874078e-03,1.111969581537381785e-09,4.188314386941996056e-12
1.291787499999999909e+03,3.818430688879705711e-03,1.157310684128987768e-09,4.419293644139462852e-12
1.291806250000000091e+03,3.871074371875056746e-03,1.204452493939867710e-09,4.662718273398045555e-12
1.291825000000000045e+03,3.924353845035529614e-03,1.253464523504688987e-09,4.919242037531044228e-12
1.291843750000000000e+03,3.978275115553217903e-03,1.304418887357431892e-09,5.189552108981852870e-12
1.291862499999999955e+03,4.032844226907196863e-03,1.357390396195704677e-09,5.474370726983963863e-12
1.291881249999999909e+03,4.088067258849061025e-03,1.412456654328142596e-09,5.774456934265586746e-12
1.291900000000000091e+03,4.143950327529993122e-03,1.469698160532101377e-09,6.090608397299394160e-12
1.291918750000000045e+03,4.200499585225233624e-03,1.529198412398892642e-09,6.423663313033633286e-12
1.291937500000000000e+03,4.257721220664542963e-03,1.591044014312571672e-09,6.774502407684192886e-12
1.291956249999999955e+03,4.315621459010677077e-03,1.655324789171930855e-09,7.144051030423100123e-12
1.291974999999999909e+03,4.374206561177054753e-03,1.722133893975554604e-09,7.533281345655832769e-12
1.291993750000000091e+03,4.433482825317350794e-03,1.791567939414834622e-09,7.943214633298787119e-12
1.292012500000000045e+03,4.493456585050487929e-03,1.863727113579432075e-09,8.374923692651731070e-12
1.292031250000000000e+03,4.554134210993134903e-03,1.938715309948734753e-09,8.829535366142445910e-12
1.292049999999999955e+03,4.615522109735894357e-03,2.016640259776241541e-09,9.308233177889647252e-12
1.292068749999999909e+03,4.677626724240619566e-03,2.097613669028440976e-09,9.812260099595098818e-12
1.292087500000000091e+03,4.740454533915420404e-03,2.181751360029276918e-09,1.034292144643037128e-11
1.292106250000000045e+03,4.804012054298954087e-03,2.269173417960026061e-09,1.090158790851107438e-11
1.292125000000000000e+03,4.868305837728205236e-03,2.360004342373464503e-09,1.148969872715629696e-11
1.292143749999999955e+03,4.933342472371973417e-03,2.454373203898632777e-09,1.210876501666422416e-11
1.292162499999999909e+03,4.999128582569073963e-03,2.552413806278871449e-09,1.276037324465894198e-11
1.292181250000000091e+03,5.065670829389722248e-03,2.654264853948189507e-09,1.344618887618607748e-11
1.292200000000000045e+03,5.132975910090707347e-03,2.760070125307199578e-09,1.416796018534179718e-11
1.292218750000000000e+03,5.201050558144748766e-03,2.869978651901962472e-09,1.492752224621603631e-11
1.292237499999999955e+03,5.269901543082760632e-03,2.984144903660933790e-09,1.572680110910979363e-11
1.292256249999999909e+03,5.339535670427436945e-03,3.102728980449813892e-09,1.656781817140952131e-11
1.292275000000000091e+03,5.409959782832104470e-03,3.225896810068030490e-09,1.745269475507308733e-11
1.292293750000000045e+03,5.481180757808670409e-03,3.353820352967549752e-09,1.838365688577087775e-11
1.292312500000000000e+03,5.553205510405462113e-03,3.486677813889527073e-09,1.936304030915439050e-11
1.292331249999999955e+03,5.626040990624862209e-03,3.624653860608774449e-09,2.039329572148786090e-11
1.292349999999999909e+03,5.699694184979919344e-03,3.767939850050793100e-09,2.147699425556705940e-11
1.292368750000000091e+03,5.774172115927503866e-03,3.916734062021672296e-09,2.261683321219054449e-11
1.292387500000000045e+03,5.849481842109698071e-03,4.071241940777913790e-09,2.381564205811492419e-11
1.292406250000000000e+03,5.925630458373583320e-03,4.231676344663195799e-09,2.507638869851282781e-11
1.292424999999999955e+03,6.002625094542116471e-03,4.398257804172467952e-09,2.640218603195951148e-11
1.292443749999999909e+03,6.080472917170152286e-03,4.571214788554087475e-09,2.779629881758135186e-11
1.292462500000000091e+03,6.159181128359600410e-03,4.750783981354062356e-09,2.926215084377934669e-11
1.292481250000000045e+03,6.238756966108946131e-03,4.937210565155578289e-09,3.080333243066048090e-11
1.292500000000000000e+03,6.319207704152782386e-03,5.130748515759297613e-09,3.242360827168752214e-11
1.292518749999999955e+03,6.400540651673759796e-03,5.331660906160680366e-09,3.412692563123965052e-11
1.292537499999999909e+03,6.482763153584873012e-03,5.540220220591725172e-09,3.591742291708922743e-11
1.292556250000000091e+03,6.565882590847473693e-03,5.756708678996332111e-09,3.779943864211813074e-11
1.292575000000000045e+03,6.649906379126142505e-03,5.981418572209088240e-09,3.977752078178816558e-11
1.292593750000000000e+03,6.734841970491549194e-03,6.214652608217489146e-09,4.185643657190693921e-11
1.292612499999999955e+03,6.820696851373112858e-03,6.456724269860568584e-09,4.404118272614417892e-11
1.292631249999999909e+03,6.907478544653803711e-03,6.707958184278607253e-09,4.633699613882888499e-11
1.292650000000000091e+03,6.995194607373448996e-03,6.968690504531490618e-09,4.874936504099328902e-11
1.292668750000000045e+03,7.083852632646516628e-03,7.239269303743694701e-09,5.128404068470555250e-11
1.292687500000000000e+03,7.173460248677765438e-03,7.520054982178386921e-09,5.394704953169533615e-11
1.292706249999999955e+03,7.264025118481320584e-03,7.811420687614890744e-09,5.674470599126237988e-11
1.292724999999999909e+03,7.355554939374972165e-03,8.113752749504396881e-09,5.968362572510203984e-11
1.292743750000000091e+03,7.448057444894387071e-03,8.427451127280242717e-09,6.277073956485318033e-11
1.292762500000000045e+03,7.541540403035177503e-03,8.752929873259700756e-09,6.601330801983294444e-11
1.292781250000000000e+03,7.636011615917231987e-03,9.090617610657064807e-09,6.941893644005278097e-11
1.292799999999999955e+03,7.731478921088825833e-03,9.440958027075675980e-09,7.299559086644575862e-11
1.292818749999999909e+03,7.827950189687144650e-03,9.804410384068797307e-09,7.675161455499969586e-11
1.292837500000000091e+03,7.925433329153104903e-03,1.018145004315891922e-08,8.069574527431595096e-11
1.292856250000000045e+03,8.023936279418688450e-03,1.057256900890170883e-08,8.483713330303783120e-11
1.292875000000000000e+03,8.123467015831288204e-03,1.097827648947650359e-08,8.918536028708060663e-11
1.292893749999999955e+03,8.224033547790020326e-03,1.139909947539907814e-08,9.375045888377108083e-11
1.292912499999999909e+03,8.325643918518884842e-03,1.183558333677492513e-08,9.854293327884944403e-11
1.292931250000000091e+03,8.428306205588376177e-03,1.228829243989030477e-08,1.035737806130038371e-10
1.292950000000000045e+03,8.532028520447734049e-03,1.275781078345166461e-08,1.088545133337883331e-10
1.292968750000000000e+03,8.636819008444866774e-03,1.324474265537234485e-08,1.143971825311789440e-10
1.292987499999999955e+03,8.742685848727437328e-03,1.374971331042465316e-08,1.202144022884598895e-10
1.293006249999999909e+03,8.849637253340965001e-03,1.427336966971027077e-08,1.263193750835750374e-10
1.293025000000000091e+03,8.957681468760183771e-03,1.481638104230544517e-08,1.327259183275997885e-10
1.293043750000000045e+03,9.066826774335672023e-03,1.537943986995619585e-08,1.394484920125227931e-10
1.293062500000000000e+03,9.177081483309932133e-03,1.596326249551419097e-08,1.465022275946247652e-10
1.293081249999999955e+03,9.288453941355526849e-03,1.656858995573617510e-08,1.539029580891084140e-10
1.293099999999999909e+03,9.400952527109840764e-03,1.719618879917261877e-08,1.616672494942521557e-10
1.293118750000000091e+03,9.514585653333736820e-03,1.784685193001287710e-08,1.698124335839348492e-10
1.293137500000000045e+03,9.629361764268210694e-03,1.852139947861285567e-08,1.783566420453575752e-10
1.293156250000000000e+03,9.745289337679083341e-03,1.922067969954641981e-08,1.873188421658270133e-10
1.293174999999999955e+03,9.862376883391487520e-03,1.994556989774050548e-08,1.967188739855014914e-10
1.293193749999999909e+03,9.980632943575380722e-03,2.069697738412436195e-08,2.065774890762456221e-10
1.293212500000000091e+03,1.010006609356964118e-02,2.147584046094354603e-08,2.169163909877532063e-10
1.293231250000000045e+03,1.022068493962085406e-02,2.228312943814331634e-08,2.277582773563026506e-10
1.293250000000000000e+03,1.034249812111273821e-02,2.311984768167732474e-08,2.391268839038694798e-10
1.293268749999999955e+03,1.046551430894269129e-02,2.398703269435718941e-08,2.510470302233433985e-10
1.293287499999999909e+03,1.058974220481898564e-02,2.488575723072917146e-08,2.635446675273590099e-10
1.293306250000000091e+03,1.071519054343070439e-02,2.581713044643200760e-08,2.766469284897144001e-10
1.293325000000000045e+03,1.084186809045350683e-02,2.678229908352991311e-08,2.903821790969528387e-10
1.293343750000000000e+03,1.096978364279846060e-02,2.778244869256268609e-08,3.047800727427668789e-10
1.293362499999999955e+03,1.109894602819837262e-02,2.881880489263550234e-08,3.198716065876536763e-10
1.293381249999999909e+03,1.122936410554112308e-02,2.989263467028055476e-08,3.356891803092053067e-10
1.293400000000000091e+03,1.136104676511857231e-02,3.100524771892883047e-08,3.522666573261588581e-10
1.293418750000000045e+03,1.149400292709926510e-02,3.215799781915093695e-08,3.696394285295487064e-10
1.293437500000000000e+03,1.162824154307637824e-02,3.335228426199629462e-08,3.878444787839139889e-10
1.293456249999999955e+03,1.176377159392708559e-02,3.458955331586899576e-08,4.069204560881559792e-10
1.293474999999999909e+03,1.190060209130500667e-02,3.587129973846671948e-08,4.269077437410512826e-10
1.293493750000000091e+03,1.203874207731595036e-02,3.719906833515013491e-08,4.478485354566678539e-10
1.293512500000000045e+03,1.217820062272810012e-02,3.857445556510514580e-08,4.697869135473595854e-10
1.293531250000000000e+03,1.231898682963800812e-02,3.999911119656767236e-08,4.927689305194522973e-10
1.293549999999999955e+03,1.246110982818451549e-02,4.147474001248726641e-08,5.168426938226988116e-10
1.293568749999999909e+03,1.260457877843545148e-02,4.300310356836292033e-08,5.420584543085917082e-10
1.293587500000000091e+03,1.274940286954189678e-02,4.458602200351572944e-08,5.684686982350850538e-10
1.293606250000000045e+03,1.289559131970931249e-02,4.622537590708597759e-08,5.961282430936924095e-10
1.293625000000000000e+03,1.304315337630569845e-02,4.792310824130084654e-08,6.250943373972110180e-10
1.293643749999999955e+03,1.319209831486124924e-02,4.968122632230821176e-08,6.554267645064579754e-10
1.293662499999999909e+03,1.334243543866090419e-02,5.150180386123511586e-08,6.871879507434858060e-10
1.293681250000000091e+03,1.349417408051366979e-02,5.338698306677948009e-08,7.204430780445409120e-10
1.293700000000000045e+03,1.364732360052730437e-02,5.533897681111897103e-08,7.552602010141934283e-10
1.293718750000000000e+03,1.380189338673345860e-02,5.736007086114300201e-08,7.917103689020147682e-10
1.293737499999999955e+03,1.395789285538636196e-02,5.945262617635889985e-08,8.298677525312919495e-10
1.293756249999999909e+03,1.411533144843451527e-02,6.161908127621565085e-08,8.698097762267527393e-10
1.293775000000000091e+03,1.427421863769308061e-02,6.386195467767720453e-08,9.116172554911987438e-10
1.293793750000000045e+03,1.443456391966707088e-02,6.618384740617162755e-08,9.553745396972123358e-10
1.293812500000000000e+03,1.459637681916249423e-02,6.858744558093737836e-08,1.001169661088932718e-09
1.293831249999999955e+03,1.475966688711015384e-02,7.107552307816280819e-08,1.049094489444181661e-09
1.293849999999999909e+03,1.492444369962351962e-02,7.365094427219637775e-08,1.099244893020783452e-09
1.293868750000000091e+03,1.509071686165054139e-02,7.631666685937953818e-08,1.151720906336865968e-09
1.293887500000000045e+03,1.525849600186968656e-02,7.907574476432735056e-08,1.206626904029437725e-09
1.293906250000000000e+03,1.542779077647946778e-02,8.193133113316900180e-08,1.264071782359932668e-09
1.293924999999999955e+03,1.559861086501225340e-02,8.488668141470528479e-08,1.324169147354540461e-09
1.293943749999999909e+03,1.577096597355876623e-02,8.794515653244763153e-08,1.387037511054445665e-09
1.293962500000000091e+03,1.594486583405014049e-02,9.111022615035889551e-08,1.452800495288684814e-09
1.293981250000000045e+03,1.612032020188170975e-02,9.438547203382128380e-08,1.521587043383013984e-09
1.294000000000000000e+03,1.629733885827128886e-02,9.777459151006508160e-08,1.593531640722249074e-09
1.294018749999999955e+03,1.647593160817268504e-02,1.012814010293954091e-07,1.668774543644553413e-09
1.294037499999999909e+03,1.665610828003608740e-02,1.049098398307436593e-07,1.747462017563282237e-09
1.294056250000000091e+03,1.683787872744028219e-02,1.086639737138777078e-07,1.829746584696473934e-09
1.294075000000000045e+03,1.702125282675050547e-02,1.125479989218891422e-07,1.915787281162437267e-09
1.294093750000000000e+03,1.720624047936839679e-02,1.165662461365327167e-07,2.005749924693457208e-09
1.294112499999999955e+03,1.739285160749141218e-02,1.207231845894028943e-07,2.099807392135603910e-09
1.294131249999999909e+03,1.758109615787067925e-02,1.250234262925200530e-07,2.198139908758732187e-09
1.294150000000000091e+03,1.777098409959562003e-02,1.294717303904980800e-07,2.300935348193366698e-09
1.294168750000000045e+03,1.796252542397475810e-02,1.340730076398647136e-07,2.408389544357651379e-09
1.294187500000000000e+03,1.815573014486707507e-02,1.388323250161566999e-07,2.520706615597601174e-09
1.294206249999999955e+03,1.835060829830605089e-02,1.437549104545572899e-07,2.638099301382168349e-09
1.294224999999999909e+03,1.854716994092548560e-02,1.488461577258317129e-07,2.760789311892286870e-09
1.294243750000000091e+03,1.874542515136612061e-02,1.541116314533596764e-07,2.889007691626528647e-09
1.294262500000000045e+03,1.894538403003972679e-02,1.595570722723134432e-07,3.022995196845981546e-09
1.294281250000000000e+03,1.914705669788862447e-02,1.651884021373412695e-07,3.163002687470005774e-09
1.294299999999999955e+03,1.935045329597875896e-02,1.710117297816134090e-07,3.309291534213678147e-09
1.294318749999999909e+03,1.955558398532831685e-02,1.770333563304706873e-07,3.462134041431876236e-09
1.294337500000000091e+03,1.976245894869825201e-02,1.832597810760088333e-07,3.621813886612704166e-09
1.294356250000000045e+03,1.997108838723565816e-02,1.896977074144290326e-07,3.788626575808565450e-09
1.294375000000000000e+03,2.018148252292488801e-02,1.963540489513516999e-07,3.962879917556131198e-09
1.294393749999999955e+03,2.039365159530667077e-02,2.032359357815897623e-07,4.144894513882809964e-09
1.294412499999999909e+03,2.060760586378848971e-02,2.103507209436375235e-07,4.335004271081141417e-09
1.294431250000000091e+03,2.082335560660592000e-02,2.177059870584648179e-07,4.533556929356885252e-09
1.294450000000000045e+03,2.104091111984681892e-02,2.253095531526210603e-07,4.740914612561159606e-09
1.294468750000000000e+03,2.126028271866420641e-02,2.331694816750131944e-07,4.957454399321004901e-09
1.294487499999999955e+03,2.148148073590251672e-02,2.412940857090913626e-07,5.183568915221873771e-09
1.294506249999999909e+03,2.170451552001629106e-02,2.496919363868803824e-07,5.419666947172013022e-09
1.294525000000000091e+03,2.192939743887872828e-02,2.583718705107238201e-07,5.666174082422070514e-09
1.294543750000000045e+03,2.215613687633039355e-02,2.673429983863825821e-07,5.923533369877126078e-09
1.294562500000000000e+03,2.238474423413393949e-02,2.766147118743361307e-07,6.192206007646682192e-09
1.294581249999999955e+03,2.261522992797330642e-02,2.861966926658409262e-07,6.472672054833024388e-09
1.294599999999999909e+03,2.284760439140123833e-02,2.960989207864082161e-07,6.765431172125972787e-09
1.294618750000000091e+03,2.308187807356890456e-02,3.063316833363459121e-07,7.071003388440287768e-09
1.294637500000000045e+03,2.331806143788461502e-02,3.169055834709796092e-07,7.389929896333399003e-09
1.294656250000000000e+03,2.355616496519721478e-02,3.278315496294157824e-07,7.722773878512855109e-09
1.294674999999999955e+03,2.379619914807563213e-02,3.391208450182116616e-07,8.070121362278212678e-09
1.294693749999999909e+03,2.403817449516800625e-02,3.507850773526652535e-07,8.432582108849336287e-09
1.294712500000000091e+03,2.428210153035067001e-02,3.628362088679248502e-07,8.810790534088342674e-09
1.294731250000000045e+03,2.452799078924257706e-02,3.752865666009924330e-07,9.205406662184340775e-09
1.294750000000000000e+03,2.477585282296409716e-02,3.881488529586814812e-07,9.617117117282562763e-09
1.294768749999999955e+03,2.502569819430673984e-02,4.014361565659633334e-07,1.004663614867218111e-08
1.294787499999999909e+03,2.527753747891963929e-02,4.151619634177803072e-07,1.049470669573198443e-08
1.294806250000000091e+03,2.553138126672642103e-02,4.293401683265072517e-07,1.096210149198263968e-08
1.294825000000000045e+03,2.578724015782986670e-02,4.439850866831590273e-07,1.144962420734765110e-08
1.294843750000000000e+03,2.604512476531949464e-02,4.591114665384701311e-07,1.195811063512032274e-08
1.294862499999999955e+03,2.630504571384250853e-02,4.747345010054859002e-07,1.248842992034737296e-08
1.294881249999999909e+03,2.656701363862220763e-02,4.908698410004302991e-07,1.304148583319606174e-08
1.294900000000000091e+03,2.683103918657410783e-02,5.075336083225834497e-07,1.361821808952745003e-08
1.294918750000000045e+03,2.709713301465493246e-02,5.247424090904488542e-07,1.421960371818946048e-08
1.294937500000000000e+03,2.736530579019439899e-02,5.425133475323526074e-07,1.484665847864137523e-08
1.294956249999999955e+03,2.763556819088025182e-02,5.608640401477406497e-07,1.550043832972992562e-08
1.294974999999999909e+03,2.790793090188744760e-02,5.798126302499824115e-07,1.618204094992385759e-08
1.294993750000000091e+03,2.818240461956354054e-02,5.993778028903965659e-07,1.689260731580258748e-08
1.295012500000000045e+03,2.845900004889417856e-02,6.195788001832177077e-07,1.763332333391711690e-08
1.295031250000000000e+03,2.873772790334671451e-02,6.404354370365288789e-07,1.840542153246987188e-08
1.295049999999999955e+03,2.901859890345588611e-02,6.619681172993513330e-07,1.921018281272280544e-08
1.295068749999999909e+03,2.930162377764741408e-02,6.841978503331340166e-07,2.004893826432043273e-08
1.295087500000000091e+03,2.958681326315302368e-02,7.071462680273165916e-07,2.092307104573235201e-08
1.295106250000000045e+03,2.987417810174525928e-02,7.308356422519899381e-07,2.183401832765862645e-08
1.295125000000000000e+03,3.016372904615130870e-02,7.552889027816164567e-07,2.278327331342994133e-08
1.295143749999999955e+03,3.045547685019736953e-02,7.805296556779587995e-07,2.377238731883125841e-08
1.295162499999999909e+03,3.074943227652176744e-02,8.065822021599913491e-07,2.480297193865984082e-08
1.295181250000000091e+03,3.104560609368539267e-02,8.334715579668877865e-07,2.587670128198286453e-08
1.295200000000000045e+03,3.134400907362740879e-02,8.612234732188674146e-07,2.699531428592201178e-08
1.295218750000000000e+03,3.164465199550608315e-02,8.898644528066886143e-07,2.816061711655820558e-08
1.295237499999999955e+03,3.194754564052032508e-02,9.194217772989804462e-07,2.937448564605405961e-08
1.295256249999999909e+03,3.225270079486228236e-02,9.499235243956766153e-07,3.063886802370266677e-08
1.295275000000000091e+03,3.256012824955956814e-02,9.813985909388149034e-07,3.195578733438755749e-08
1.295293750000000045e+03,3.286983879686460053e-02,1.013876715488265438e-06,3.332734434624176543e-08
1.295312500000000000e+03,3.318184323388505275e-02,1.047388501475807231e-06,3.475572036093932764e-08
1.295331249999999955e+03,3.349615235892001996e-02,1.081965440964780660e-06,3.624318015615597676e-08
1.295349999999999909e+03,3.381277697223540601e-02,1.117639939002692120e-06,3.779207503393544787e-08
1.295368750000000091e+03,3.413172787881996184e-02,1.154445338615971300e-06,3.940484597767665680e-08
1.295387500000000045e+03,3.445301587993131187e-02,1.192415946426882838e-06,4.108402690484519005e-08
1.295406250000000000e+03,3.477665178356883352e-02,1.231587058932271621e-06,4.283224805389199710e-08
1.295424999999999955e+03,3.510264639396893510e-02,1.271994989449368332e-06,4.465223946307633530e-08
1.295443749999999909e+03,3.543101051572643961e-02,1.313677095743051863e-06,4.654683458583679192e-08
1.295462500000000091e+03,3.576175495775485436e-02,1.356671808358108462e-06,4.851897403091019519e-08
1.295481250000000045e+03,3.609489052204312848e-02,1.401018659655944684e-06,5.057170940958168417e-08
1.295500000000000000e+03,3.643042801576559797e-02,1.446758313602893423e-06,5.270820734629443299e-08
1.295518749999999955e+03,3.676837824038912961e-02,1.493932596289043301e-06,5.493175359362381988e-08
1.295537499999999909e+03,3.710875199597182816e-02,1.542584527224646846e-06,5.724575730848701762e-08
1.295556250000000091e+03,3.745156008248575613e-02,1.592758351420484761e-06,5.965375546973929714e-08
1.295575000000000045e+03,3.779681329562604303e-02,1.644499572262062065e-06,6.215941743635256793e-08
1.295593750000000000e+03,3.814452242999548381e-02,1.697854985220443452e-06,6.476654967171523783e-08
1.295612499999999955e+03,3.849469827422434542e-02,1.752872712383103569e-06,6.747910061325870655e-08
1.295631249999999909e+03,3.884735161350077320e-02,1.809602237859536179e-06,7.030116571870092265e-08
1.295650000000000091e+03,3.920249323141140885e-02,1.868094444057269507e-06,7.323699268092308287e-08
1.295668750000000045e+03,3.956013390360271775e-02,1.928401648850283945e-06,7.629098680223841075e-08
1.295687500000000000e+03,3.992028440373397713e-02,1.990577643681468024e-06,7.946771657164882087e-08
1.295706249999999955e+03,4.028295549731205488e-02,2.054677732586410761e-06,8.277191940454369557e-08
1.295724999999999909e+03,4.064815794391726106e-02,2.120758772188071846e-06,8.620850758990074322e-08
1.295743750000000091e+03,4.101590249950193973e-02,2.188879212667506323e-06,8.978257443586450061e-08
1.295762500000000045e+03,4.138619991053706787e-02,2.259099139735745576e-06,9.349940060152189418e-08
1.295781250000000000e+03,4.175906091816002780e-02,2.331480317639732752e-06,9.736446065993854822e-08
1.295799999999999955e+03,4.213449625497613787e-02,2.406086233209422611e-06,1.013834298615439548e-07
1.295818749999999909e+03,4.251251664484562848e-02,2.482982140969119403e-06,1.055621911264290581e-07
1.295837500000000091e+03,4.289313280599817146e-02,2.562235109367717323e-06,1.099068422761320546e-07
1.295856250000000045e+03,4.327635544281090846e-02,2.643914068088806748e-06,1.144237034724401709e-07
1.295875000000000000e+03,4.366219525624534525e-02,2.728089856552135276e-06,1.191193249494927063e-07
1.295893749999999955e+03,4.405066293324252230e-02,2.814835273543754154e-06,1.240004949420729727e-07
1.295912499999999909e+03,4.444176915124656985e-02,2.904225128056277467e-06,1.290742479126113540e-07
1.295931250000000091e+03,4.483552457852439665e-02,2.996336291349396479e-06,1.343478730353776237e-07
1.295950000000000045e+03,4.523193987129717208e-02,3.091247750257018953e-06,1.398289229465897680e-07
1.295968750000000000e+03,4.563102567504424140e-02,3.189040661759765144e-06,1.455252227897320542e-07
1.295987499999999955e+03,4.603279262252542303e-02,3.289798408878704759e-06,1.514448795442015443e-07
1.296006249999999909e+03,4.643725133314703657e-02,3.393606657855981753e-06,1.575962916566621871e-07
1.296025000000000091e+03,4.684441241544461815e-02,3.500553416754104108e-06,1.639881589959795252e-07
1.296043750000000045e+03,4.725428646317083453e-02,3.610729095376956964e-06,1.706294931032885215e-07
1.296062500000000000e+03,4.766688405892824387e-02,3.724226566659381984e-06,1.775296277991776494e-07
1.296081249999999955e+03,4.808221576728902852e-02,3.841141229466681175e-06,1.846982300902457930e-07
1.296099999999999909e+03,4.850029214104067954e-02,3.961571072891297613e-06,1.921453114728222822e-07
1.296118750000000091e+03,4.892112371633847850e-02,4.085616742045325011e-06,1.998812395546279707e-07
1.296137500000000045e+03,4.934472101566089730e-02,4.213381605399773556e-06,2.079167500761149775e-07
1.296156250000000000e+03,4.977109454339481015e-02,4.344971823693364095e-06,2.162629592828547604e-07
1.296174999999999955e+03,5.020025478909784233e-02,4.480496420451815695e-06,2.249313767212789204e-07
1.296193749999999909e+03,5.063221222330666765e-02,4.620067354128543160e-06,2.339339184054112792e-07
1.296212500000000091e+03,5.106697730324440132e-02,4.763799591934146818e-06,2.432829204435342938e-07
1.296231250000000045e+03,5.150456046322075127e-02,4.911811185367704995e-06,2.529911530219624438e-07
1.296250000000000000e+03,5.194497212362207683e-02,5.064223347496843089e-06,2.630718349148555849e-07
1.296268749999999955e+03,5.238822268559568951e-02,5.221160531990611129e-06,2.735386483790090931e-07
1.296287499999999909e+03,5.283432252589608663e-02,5.382750514012090767e-06,2.844057545129703991e-07
1.296306250000000091e+03,5.328328200906498613e-02,5.549124472925178292e-06,2.956878091846823679e-07
1.296325000000000045e+03,5.373511147514330177e-02,5.720417076885228212e-06,3.073999793242239790e-07
1.296343750000000000e+03,5.418982124443078724e-02,5.896766569411673454e-06,3.195579598149619426e-07
1.296362499999999955e+03,5.464742161704205098e-02,6.078314857872432819e-06,3.321779908770054349e-07
1.296381249999999909e+03,5.510792286963547837e-02,6.265207603991930966e-06,3.452768759703215824e-07
1.296400000000000091e+03,5.557133525886762127e-02,6.457594316435267298e-06,3.588720002914272829e-07
1.296418750000000045e+03,5.603766901840975811e-02,6.655628445417732951e-06,3.729813497956768287e-07
1.296437500000000000e+03,5.650693435963043826e-02,6.859467479534419781e-06,3.876235308302754788e-07
1.296456249999999955e+03,5.697914146995841644e-02,7.069273044673333875e-06,4.028177903473816915e-07
1.296474999999999909e+03,5.745430050972971658e-02,7.285211005207334334e-06,4.185840367251760440e-07
1.296493750000000091e+03,5.793242162175042675e-02,7.507451567431836748e-06,4.349428613143459484e-07
1.296512500000000045e+03,5.841351491811708208e-02,7.736169385284488668e-06,4.519155604729246204e-07
1.296531250000000000e+03,5.889759048986507872e-02,7.971543668443196697e-06,4.695241584378575688e-07
1.296549999999999955e+03,5.938465840020341197e-02,8.213758292807398512e-06,4.877914307642524719e-07
1.296568749999999909e+03,5.987472868400055270e-02,8.463001913455003828e-06,5.067409285188196194e-07
1.296587500000000091e+03,6.036781135430273337e-02,8.719468080019030662e-06,5.263970032581404735e-07
1.296606250000000045e+03,6.086391639117307018e-02,8.983355354698256562e-06,5.467848326127427158e-07
1.296625000000000000e+03,6.136305375506025117e-02,9.254867432773327234e-06,5.679304468452233744e-07
1.296643749999999955e+03,6.186523337121611205e-02,9.534213265833533219e-06,5.898607559492352031e-07
1.296662499999999909e+03,6.237046513746768994e-02,9.821607187626803573e-06,6.126035777604662049e-07
1.296681250000000091e+03,6.287875892448289983e-02,1.011726904271551481e-05,6.361876668433827497e-07
1.296700000000000045e+03,6.339012457336326567e-02,1.042142431788667990e-05,6.606427442059757741e-07
1.296718750000000000e+03,6.390457189358836332e-02,1.073430427640176607e-05,6.859995278945154503e-07
1.296737499999999955e+03,6.442211066637201777e-02,1.105614609521422642e-05,7.122897645533464795e-07
1.296756249999999909e+03,6.494275063836524309e-02,1.138719300505982333e-05,7.395462618054245357e-07
1.296775000000000091e+03,6.546650152861950567e-02,1.172769443362627413e-05,7.678029217346976257e-07
1.296793750000000045e+03,6.599337302096731916e-02,1.207790615171444094e-05,7.970947751817988496e-07
1.296812500000000000e+03,6.652337477102901464e-02,1.243809042265691445e-05,8.274580172209998749e-07
1.296831249999999955e+03,6.705651639492113403e-02,1.280851615476925351e-05,8.589300434415655542e-07
1.296849999999999909e+03,6.759280748224946733e-02,1.318945905716345250e-05,8.915494875932942799e-07
1.296868750000000091e+03,6.813225758307862867e-02,1.358120179879851622e-05,9.253562599932135800e-07
1.296887500000000045e+03,6.867487621806905862e-02,1.398403417093582268e-05,9.603915873470167182e-07
1.296906250000000000e+03,6.922067287032705740e-02,1.439825325298027134e-05,9.966980534767259743e-07
1.296924999999999955e+03,6.976965698656760473e-02,1.482416358187134302e-05,1.034319641348966544e-06
1.296943749999999909e+03,7.032183797829705263e-02,1.526207732496852825e-05,1.073301776311517164e-06
1.296962500000000091e+03,7.087722522202435926e-02,1.571231445660820463e-05,1.113691370562476737e-06
1.296981250000000045e+03,7.143582805711073958e-02,1.617520293825045665e-05,1.155536868849003891e-06
1.297000000000000000e+03,7.199765578590244797e-02,1.665107890254845260e-05,1.198888295517279070e-06
1.297018749999999955e+03,7.256271767123907701e-02,1.714028684103391186e-05,1.243797302844468357e-06
1.297037499999999909e+03,7.313102293580697744e-02,1.764317979584367318e-05,1.290317220782506775e-06
1.297056250000000091e+03,7.370258077022714960e-02,1.816011955531310053e-05,1.338503108263112600e-06
1.297075000000000045e+03,7.427740032014830407e-02,1.869147685363503701e-05,1.388411805586281331e-06
1.297093750000000000e+03,7.485549069323067795e-02,1.923763157461704298e-05,1.440101988635657989e-06
1.297112499999999955e+03,7.543686095721122142e-02,1.979897295957411675e-05,1.493634224460037607e-06
1.297131249999999909e+03,7.602152013686418186e-02,2.037589981949582460e-05,1.549071028390299293e-06
1.297150000000000091e+03,7.660947721861445514e-02,2.096882075151999721e-05,1.606476922907019530e-06
1.297168750000000045e+03,7.720074114678707189e-02,2.157815435979610981e-05,1.665918497986115842e-06
1.297187500000000000e+03,7.779532082160660333e-02,2.220432948084458455e-05,1.727464473156067896e-06
1.297206249999999955e+03,7.839322510019494650e-02,2.284778541335286497e-05,1.791185761333870334e-06
1.297224999999999909e+03,7.899446280050655134e-02,2.350897215278015072e-05,1.857155534517736012e-06
1.297243750000000091e+03,7.959904269268591737e-02,2.418835063047738374e-05,1.925449290991212452e-06
1.297262500000000045e+03,8.020697350339325848e-02,2.488639295767994727e-05,1.996144924681511857e-06
1.297281250000000000e+03,8.081826391607768723e-02,2.560358267439536491e-05,2.069322796340060364e-06
1.297299999999999955e+03,8.143292256864306800e-02,2.634041500316518301e-05,2.145065806603386312e-06
1.297318749999999909e+03,8.205095805018619570e-02,2.709739710784889107e-05,2.223459471019699465e-06
1.297337500000000091e+03,8.267237890899663266e-02,2.787504835761545828e-05,2.304591997432832152e-06
1.297356250000000045e+03,8.329719364166483786e-02,2.867390059600468077e-05,2.388554364952843812e-06
1.297375000000000000e+03,8.392541070304004869e-02,2.949449841542070360e-05,2.475440405654917805e-06
1.297393749999999955e+03,8.455703849408441330e-02,3.033739943680992986e-05,2.565346887846484244e-06
1.297412499999999909e+03,8.519208537067550491e-02,3.120317459498668798e-05,2.658373602201797544e-06
1.297431250000000091e+03,8.583055964122686399e-02,3.209240842936724846e-05,2.754623449884919139e-06
1.297450000000000045e+03,8.647246956222731651e-02,3.300569938039428925e-05,2.854202532966496358e-06
1.297468750000000000e+03,8.711782334412490614e-02,3.394366009177022836e-05,2.957220247601237647e-06
1.297487499999999955e+03,8.776662914360268408e-02,3.490691771834051699e-05,3.063789379234153693e-06
1.297506249999999909e+03,8.841889506793232378e-02,3.589611424000420560e-05,3.174026200750645449e-06
1.297525000000000091e+03,8.907462917364601662e-02,3.691190678168171043e-05,3.288050573052213307e-06
1.297543750000000045e+03,8.973383946484073115e-02,3.795496793924216147e-05,3.405986048265537926e-06
1.297562500000000000e+03,9.039653389719749799e-02,3.902598611184927472e-05,3.527959975914363711e-06
1.297581249999999955e+03,9.106272036808114867e-02,4.012566584025257588e-05,3.654103611323096860e-06
1.297599999999999909e+03,9.173240672542556928e-02,4.125472815192433070e-05,3.784552227631772410e-06
1.297618750000000091e+03,9.240560076236387088e-02,4.241391091243551677e-05,3.919445230171469190e-06
1.297637500000000045e+03,9.308231021667900951e-02,4.360396918321967730e-05,4.058926273990800825e-06
1.297656250000000000e+03,9.376254277535522874e-02,4.482567558673188079e-05,4.203143384737801566e-06
1.297674999999999955e+03,9.444630606870411949e-02,4.607982067751774131e-05,4.352249082150924731e-06
1.297693749999999909e+03,9.513360766761143339e-02,4.736721332099928149e-05,4.506400506940609437e-06
1.297712500000000091e+03,9.582445509246878546e-02,4.868868107859725266e-05,4.665759551439068625e-06
1.297731250000000045e+03,9.651885580374382212e-02,5.004507060061821265e-05,4.830492992823548693e-06
1.297750000000000000e+03,9.721681720963691598e-02,5.143724802570632582e-05,5.000772630517414810e-06
1.297768749999999955e+03,9.791834665261434090e-02,5.286609938830881989e-05,5.176775426119592306e-06
1.297787499999999909e+03,9.862345142280781740e-02,5.433253103298201294e-05,5.358683648216006971e-06
1.297806250000000091e+03,9.933213875360319411e-02,5.583747003656280725e-05,5.546685020020259393e-06
1.297825000000000045e+03,1.000444158119986604e-01,5.738186463798161950e-05,5.740972870434975788e-06
1.297843750000000000e+03,1.007602897152137800e-01,5.896668467595870102e-05,5.941746290426538051e-06
1.297862499999999955e+03,1.014797675135128696e-01,6.059292203415824417e-05,6.149210291398023840e-06
1.297881249999999909e+03,1.022028561953192694e-01,6.226159109490830943e-05,6.363575968859320439e-06
1.297900000000000091e+03,1.029295626971510613e-01,6.397372920064056320e-05,6.585060670522169250e-06
1.297918750000000045e+03,1.036598938847052842e-01,6.573039712373329410e-05,6.813888166818628281e-06
1.297937500000000000e+03,1.043938565681335751e-01,6.753267954467315323e-05,7.050288827818904138e-06
1.297956249999999955e+03,1.051314574929840678e-01,6.938168553868555711e-05,7.294499803010003907e-06
1.297974999999999909e+03,1.058727033396833911e-01,7.127854907099741332e-05,7.546765206071462998e-06
1.297993750000000091e+03,1.066176007276217613e-01,7.322442950064517533e-05,7.807336304543481924e-06
1.298012500000000045e+03,1.073661562138134712e-01,7.522051209339571153e-05,8.076471713843775971e-06
1.298031250000000000e+03,1.081183762896211625e-01,7.726800854328984757e-05,8.354437595866225135e-06
1.298049999999999955e+03,1.088742673811751160e-01,7.936815750359752907e-05,8.641507862752756606e-06
1.298068749999999909e+03,1.096338358461253354e-01,8.152222512666902567e-05,8.937964385327244082e-06
1.298087500000000091e+03,1.103970879839068636e-01,8.373150561327997858e-05,9.244097207731522076e-06
1.298106250000000045e+03,1.111640300245201052e-01,8.599732177138047896e-05,9.560204765550062974e-06
1.298125000000000000e+03,1.119346681280017908e-01,8.832102558441504939e-05,9.886594110043210059e-06
1.298143749999999955e+03,1.127090083939114029e-01,9.070399878939459015e-05,1.022358113871121102e-05
1.298162499999999909e+03,1.134870568432352345e-01,9.314765346454130220e-05,1.057149082893747034e-05
1.298181250000000091e+03,1.142688194418196856e-01,9.565343262744561428e-05,1.093065748105807728e-05
1.298200000000000045e+03,1.150543020783231368e-01,9.822281084265131854e-05,1.130142496301602580e-05
1.298218750000000000e+03,1.158435105782350122e-01,1.008572948397968102e-04,1.168414696425040599e-05
1.298237499999999955e+03,1.166364506922201727e-01,1.035584241421720543e-04,1.207918725317087252e-05
1.298256249999999909e+03,1.174331281004403066e-01,1.063277717057063498e-04,1.248691994227939589e-05
1.298275000000000091e+03,1.182335484215681215e-01,1.091669445681463739e-04,1.290772976009038821e-05
1.298293750000000045e+03,1.190377171900184605e-01,1.120775845096743224e-04,1.334201232612175542e-05
1.298312500000000000e+03,1.198456398853141869e-01,1.150613687240023011e-04,1.379017443796601655e-05
1.298331249999999955e+03,1.206573218981799034e-01,1.181200105004029567e-04,1.425263435805976245e-05
1.298349999999999909e+03,1.214727685581146188e-01,1.212552599170653184e-04,1.472982211410181712e-05
1.298368750000000091e+03,1.222919851188711687e-01,1.244689045456681871e-04,1.522217980166451982e-05
1.298387500000000045e+03,1.231149767590086069e-01,1.277627701673674226e-04,1.573016189552299554e-05
1.298406250000000000e+03,1.239417485879948655e-01,1.311387215002614629e-04,1.625423556891768864e-05
1.298424999999999955e+03,1.247723056371807943e-01,1.345986629389004860e-04,1.679488101829832277e-05
1.298443749999999909e+03,1.256066528638187241e-01,1.381445393049063536e-04,1.735259179708973582e-05
1.298462500000000091e+03,1.264447951517186086e-01,1.417783366102614033e-04,1.792787515679210709e-05
1.298481250000000045e+03,1.272867373082170184e-01,1.455020828323481757e-04,1.852125239530740713e-05
1.298500000000000000e+03,1.281324840678513821e-01,1.493178487012068267e-04,1.913325921413888027e-05
1.298518749999999955e+03,1.289820400820524682e-01,1.532277484995844179e-04,1.976444608168150048e-05
1.298537499999999909e+03,1.298354099295324915e-01,1.572339408745943305e-04,2.041537860765907234e-05
1.298556250000000091e+03,1.306925981155751537e-01,1.613386296633582842e-04,2.108663792459672008e-05
1.298575000000000045e+03,1.315536090602714703e-01,1.655440647297485787e-04,2.177882107580250619e-05
1.298593750000000000e+03,1.324184471109227379e-01,1.698525428158598194e-04,2.249254141612127701e-05
1.298612499999999955e+03,1.332871165335647312e-01,1.742664084053654767e-04,2.322842901811021364e-05
1.298631249999999909e+03,1.341596215135655856e-01,1.787880546001254835e-04,2.398713108868311722e-05
1.298650000000000091e+03,1.350359661660472110e-01,1.834199240111000155e-04,2.476931239693008435e-05
1.298668750000000045e+03,1.359161545121278791e-01,1.881645096612283915e-04,2.557565570500120567e-05
1.298687500000000000e+03,1.368001905056454859e-01,1.930243559039974087e-04,2.640686221791420352e-05
1.298706249999999955e+03,1.376880780120137149e-01,1.980020593532918593e-04,2.726365203407707727e-05
1.298724999999999909e+03,1.385798208159910727e-01,2.031002698290399746e-04,2.814676461124850006e-05
1.298743750000000091e+03,1.394754226251118945e-01,2.083216913170022602e-04,2.905695924195571115e-05
1.298762500000000045e+03,1.403748870582056940e-01,2.136690829406667758e-04,2.999501553584727360e-05
1.298781250000000000e+03,1.412782176587906169e-01,2.191452599500900620e-04,3.096173391797513700e-05
1.298799999999999955e+03,1.421854178830642135e-01,2.247530947234608267e-04,3.195793613223566620e-05
1.298818749999999909e+03,1.430964911021677666e-01,2.304955177839254578e-04,3.298446575865533200e-05
1.298837500000000091e+03,1.440114406085120924e-01,2.363755188310622186e-04,3.404218874274967071e-05
1.298856250000000045e+03,1.449302696081032904e-01,2.423961477869701088e-04,3.513199393292551953e-05
1.298875000000000000e+03,1.458529812223228472e-01,2.485605158585426147e-04,3.625479363157644067e-05
1.298893749999999955e+03,1.467795784869824205e-01,2.548717966127252675e-04,3.741152415688010871e-05
1.298912499999999909e+03,1.477100643483853504e-01,2.613332270693802663e-04,3.860314641596115210e-05
1.298931250000000091e+03,1.486444416790848322e-01,2.679481088078865324e-04,3.983064649498242244e-05
1.298950000000000045e+03,1.495827132527053904e-01,2.747198090905205304e-04,4.109503625105960051e-05
1.298968750000000000e+03,1.505248817631311131e-01,2.816517620002744610e-04,4.239735392793678398e-05
1.298987499999999955e+03,1.514709498148144040e-01,2.887474695963937856e-04,4.373866477707246769e-05
1.299006249999999909e+03,1.524209199229815959e-01,2.960105030830802739e-04,4.512006169372437671e-05
1.299025000000000091e+03,1.533747945196595464e-01,3.034445039974104736e-04,4.654266586838413559e-05
1.299043750000000045e+03,1.543325759450393242e-01,3.110531854114202037e-04,4.800762744694037505e-05
1.299062500000000000e+03,1.552942664542316387e-01,3.188403331504514838e-04,4.951612620888978642e-05
1.299081249999999955e+03,1.562598682078448487e-01,3.268098070302931867e-04,5.106937225470352490e-05
1.299099999999999909e+03,1.572293832776152644e-01,3.349655421076690870e-04,5.266860671127761030e-05
1.299118750000000091e+03,1.582028136531971607e-01,3.433115499499142824e-04,5.431510245265037842e-05
1.299137500000000045e+03,1.591801612231444341e-01,3.518519199201677948e-04,5.601016482623201632e-05
1.299156250000000000e+03,1.601614277937948028e-01,3.605908204811685090e-04,5.775513240666850674e-05
1.299174999999999955e+03,1.611466150786748652e-01,3.695325005140102275e-04,5.955137775437099618e-05
1.299193749999999909e+03,1.621357246919002681e-01,3.786812906553430709e-04,6.140030819034770116e-05
1.299212500000000091e+03,1.631287581674053799e-01,3.880416046521544026e-04,6.330336659611410189e-05
1.299231250000000045e+03,1.641257169420711481e-01,3.976179407334412986e-04,6.526203221586796661e-05
1.299250000000000000e+03,1.651266023589229304e-01,4.074148829994467128e-04,6.727782148175780750e-05
1.299268749999999955e+03,1.661314156705956946e-01,4.174371028294104544e-04,6.935228885569337521e-05
1.299287499999999909e+03,1.671401580288288391e-01,4.276893603058940928e-04,7.148702768155218846e-05
1.299306250000000091e+03,1.681528305054882377e-01,4.381765056578290044e-04,7.368367106729399748e-05
1.299325000000000045e+03,1.691694340658031204e-01,4.489034807209265612e-04,7.594389276370179292e-05
1.299343750000000000e+03,1.701899695888383635e-01,4.598753204180278283e-04,7.826940808055454259e-05
1.299362499999999955e+03,1.712144378524624588e-01,4.710971542544976497e-04,8.066197480423663139e-05
1.299381249999999909e+03,1.722428395432510084e-01,4.825742078356380139e-04,8.312339414462506981e-05
1.299400000000000091e+03,1.732751752522587452e-01,4.943118043989942366e-04,8.565551169294381381e-05
1.299418750000000045e+03,1.743114454708120376e-01,5.063153663675412511e-04,8.826021839787983052e-05
1.299437500000000000e+03,1.753516506030713684e-01,5.185904169207724082e-04,9.093945156836603797e-05
1.299456249999999955e+03,1.763957909462813556e-01,5.311425815855855357e-04,9.369519587898721439e-05
1.299474999999999909e+03,1.774438667052717633e-01,5.439775898422294885e-04,9.652948441080661641e-05
1.299493750000000091e+03,1.784958779870290113e-01,5.571012767549639484e-04,9.944439970240446700e-05
1.299512500000000045e+03,1.795518248007991202e-01,5.705195846149208353e-04,1.024420748219212479e-04
1.299531250000000000e+03,1.806117070651985790e-01,5.842385646091513693e-04,1.055246944641975075e-04
1.299549999999999955e+03,1.816755245841413513e-01,5.982643785026566701e-04,1.086944960487606747e-04
1.299568749999999909e+03,1.827432770746766355e-01,6.126033003435649897e-04,1.119537708685541604e-04
1.299587500000000091e+03,1.838149641588996408e-01,6.272617181849073206e-04,1.153048652385616038e-04
1.299606250000000045e+03,1.848905853464080928e-01,6.422461358274722792e-04,1.187501816588205136e-04
1.299625000000000000e+03,1.859701400597689458e-01,6.575631745824573292e-04,1.222921800252956155e-04
1.299643749999999955e+03,1.870536276122757857e-01,6.732195750499508739e-04,1.259333788316545247e-04
1.299662499999999909e+03,1.881410472209775198e-01,6.892221989227620199e-04,1.296763564160078827e-04
1.299681250000000091e+03,1.892323980043282561e-01,7.055780308038808214e-04,1.335237522188484100e-04
1.299700000000000045e+03,1.903276789751794651e-01,7.222941800474679897e-04,1.374782680603399171e-04
1.299718750000000000e+03,1.914268890505823606e-01,7.393778826174548634e-04,1.415426694514258072e-04
1.299737499999999955e+03,1.925300270412883819e-01,7.568365029675494342e-04,1.457197869136562444e-04
1.299756249999999909e+03,1.936370916569224720e-01,7.746775359388137104e-04,1.500125173326936510e-04
1.299775000000000091e+03,1.947480815048695246e-01,7.929086086779505360e-04,1.544238253308691808e-04
1.299793750000000045e+03,1.958629950963408917e-01,8.115374825757411736e-04,1.589567446691196899e-04
1.299812500000000000e+03,1.969818308335807289e-01,8.305720552253008024e-04,1.636143796578381766e-04
1.299831249999999955e+03,1.981045870136996512e-01,8.500203623997221528e-04,1.683999066044861842e-04
1.299849999999999909e+03,1.992312618346196440e-01,8.698905800482256050e-04,1.733165752876434425e-04
1.299868750000000091e+03,2.003618533899194365e-01,8.901910263150041329e-04,1.783677104471779703e-04
1.299887500000000045e+03,2.014963596692848635e-01,9.109301635735832887e-04,1.835567133030570309e-04
1.299906250000000000e+03,2.026347785617081676e-01,9.321166004874797050e-04,1.888870631033548128e-04
1.299924999999999955e+03,2.037771078432385752e-01,9.537590940836801782e-04,1.943623186821119835e-04
1.299943749999999909e+03,2.049233451893464897e-01,9.758665518488031290e-04,1.999861200660344319e-04
1.299962500000000091e+03,2.060734881733335966e-01,9.984480338473954598e-04,2.057621900954888152e-04
1.299981250000000045e+03,2.072275342574566026e-01,1.021512754855293751e-03,2.116943360633174293e-04
1.300000000000000000e+03,2.083854808083870358e-01,1.045070086516872165e-03,2.177864514053918306e-04
1.300018749999999955e+03,2.095473250762532325e-01,1.069129559517539331e-03,2.240425173804668456e-04
1.300037499999999909e+03,2.107130642071447513e-01,1.093700865780743506e-03,2.304666048118697206e-04
1.300056250000000091e+03,2.118826952457943669e-01,1.118793860682152589e-03,2.370628758470209277e-04
1.300075000000000045e+03,2.130562151238128699e-01,1.144418565279980721e-03,2.438355857279180167e-04
1.300093750000000000e+03,2.142336206746150440e-01,1.170585168570509142e-03,2.507890846203224278e-04
1.300112499999999955e+03,2.154149086172335303e-01,1.197304029760957751e-03,2.579278194359458276e-04
1.300131249999999909e+03,2.166000755580788084e-01,1.224585680558764548e-03,2.652563357020073804e-04
1.300150000000000091e+03,2.177891180157989215e-01,1.252440827483912401e-03,2.727792794896411323e-04
1.300168750000000045e+03,2.189820323753210174e-01,1.280880354198115365e-03,2.805013992844260554e-04
1.300187500000000000e+03,2.201788149356414537e-01,1.309915323852885085e-03,2.884275480012489881e-04
1.300206249999999955e+03,2.213794618792665481e-01,1.339556981458300908e-03,2.965626849325157040e-04
1.300224999999999909e+03,2.225839692666821967e-01,1.369816756268718919e-03,3.049118777548023764e-04
1.300243750000000091e+03,2.237923330756368956e-01,1.400706264187701056e-03,3.134803046274577403e-04
1.300262500000000045e+03,2.250045491538784637e-01,1.432237310190764184e-03,3.222732562047941787e-04
1.300281250000000000e+03,2.262206132534672898e-01,1.464421890767762541e-03,3.312961377898037308e-04
1.300299999999999955e+03,2.274405210048600079e-01,1.497272196384289919e-03,3.405544714353273190e-04
1.300318749999999909e+03,2.286642679325071037e-01,1.530800613956976317e-03,3.500538981338913321e-04
1.300337500000000091e+03,2.298918494601150386e-01,1.565019729352215300e-03,3.598001800270694958e-04
1.300356250000000045e+03,2.311232608898479701e-01,1.599942329896215194e-03,3.697992026044363487e-04
1.300375000000000000e+03,2.323584974196144237e-01,1.635581406909811502e-03,3.800569769939479638e-04
1.300393749999999955e+03,2.335975541336778039e-01,1.671950158255601070e-03,3.905796422422827953e-04
1.300412499999999909e+03,2.348404260063714499e-01,1.709061990903658606e-03,4.013734676481589742e-04
1.300431250000000091e+03,2.360871079026058139e-01,1.746930523514212503e-03,4.124448551233589875e-04
1.300450000000000045e+03,2.373375945730676617e-01,1.785569589034583567e-03,4.238003415765244993e-04
1.300468750000000000e+03,2.385918806664236724e-01,1.824993237322465080e-03,4.354466013621118318e-04
1.300487499999999955e+03,2.398499607050900428e-01,1.865215737769158628e-03,4.473904486935549509e-04
1.300506249999999909e+03,2.411118291075437792e-01,1.906251581953568100e-03,4.596388401760954771e-04
1.300525000000000091e+03,2.423774801835407999e-01,1.948115486304648290e-03,4.721988773240258811e-04
1.300543750000000045e+03,2.436469081221507849e-01,1.990822394779141399e-03,4.850778090961244539e-04
1.300562500000000000e+03,2.449201070143993686e-01,2.034387481560926032e-03,4.982830345338227140e-04
1.300581249999999955e+03,2.461970708255314111e-01,2.078826153768253970e-03,5.118221053328984296e-04
1.300599999999999909e+03,2.474777934098273124e-01,2.124154054174390294e-03,5.257027285320771837e-04
1.300618750000000091e+03,2.487622685127703070e-01,2.170387063954070522e-03,5.399327692152956467e-04
1.300637500000000045e+03,2.500504897686268713e-01,2.217541305430795195e-03,5.545202532356932352e-04
1.300656250000000000e+03,2.513424506954221038e-01,2.265633144846479832e-03,5.694733699698469953e-04
1.300674999999999955e+03,2.526381446980269230e-01,2.314679195140651076e-03,5.848004751231733467e-04
1.300693749999999909e+03,2.539375650663572292e-01,2.364696318741560388e-03,6.005100935592850566e-04
1.300712500000000091e+03,2.552407049833727570e-01,2.415701630379608889e-03,6.166109221899592364e-04
1.300731250000000045e+03,2.565475575070317316e-01,2.467712499892815454e-03,6.331118328333197815e-04
1.300750000000000000e+03,2.578581155962073601e-01,2.520746555071178181e-03,6.500218752193116052e-04
1.300768749999999955e+03,2.591723720877847637e-01,2.574821684487658968e-03,6.673502799067106963e-04
1.300787499999999909e+03,2.604903196964855061e-01,2.629956040357950189e-03,6.851064612925172014e-04
1.300806250000000091e+03,2.618119510441254683e-01,2.686168041402233701e-03,7.033000207335117146e-04
1.300825000000000045e+03,2.631372586154068216e-01,2.743476375719429428e-03,7.219407495123284120e-04
1.300843750000000000e+03,2.644662347987190576e-01,2.801900003670212535e-03,7.410386320619355210e-04
1.300862499999999955e+03,2.657988718539422979e-01,2.861458160771877465e-03,7.606038490317507160e-04
1.300881249999999909e+03,2.671351619371545860e-01,2.922170360603726976e-03,7.806467805447920693e-04
1.300900000000000091e+03,2.684750970814579474e-01,2.984056397713320298e-03,8.011780093665376483e-04
1.300918750000000045e+03,2.698186692125916775e-01,3.047136350536995900e-03,8.222083242101545448e-04
1.300937500000000000e+03,2.711658701381969849e-01,3.111430584332336088e-03,8.437487230026055520e-04
1.300956249999999955e+03,2.725166915483265839e-01,3.176959754108399023e-03,8.658104162157012878e-04
1.300974999999999909e+03,2.738711250188461954e-01,3.243744807560717744e-03,8.884048302419301915e-04
1.300993750000000091e+03,2.752291620154188601e-01,3.311806988029148118e-03,9.115436108138936155e-04
1.301012500000000045e+03,2.765907938801751009e-01,3.381167837441797358e-03,9.352386263972935383e-04
1.301031250000000000e+03,2.779560118533301871e-01,3.451849199277918709e-03,9.595019717384907542e-04
1.301049999999999955e+03,2.793248070437129305e-01,3.523873221520580808e-03,9.843459712727559846e-04
1.301068749999999909e+03,2.806971704505652476e-01,3.597262359634025627e-03,1.009783182745557393e-03
1.301087500000000091e+03,2.820730929652138230e-01,3.672039379523174812e-03,1.035826400798955547e-03
1.301106250000000045e+03,2.834525653532450340e-01,3.748227360511152424e-03,1.062488660525408345e-03
1.301125000000000000e+03,2.848355782705209727e-01,3.825849698304318539e-03,1.089783241174022794e-03
1.301143749999999955e+03,2.862221222572527424e-01,3.904930107974887744e-03,1.117723669818128417e-03
1.301162499999999909e+03,2.876121877257519777e-01,3.985492626931213742e-03,1.146323725026133621e-03
1.301181250000000091e+03,2.890057649932704087e-01,4.067561617898217755e-03,1.175597440747365701e-03
1.301200000000000045e+03,2.904028442473282068e-01,4.151161771883317246e-03,1.205559109964407299e-03
1.301218750000000000e+03,2.918034155639586680e-01,4.236318111158414272e-03,1.236223288591724138e-03
1.301237499999999955e+03,2.932074688997808876e-01,4.323055992229661408e-03,1.267604799301534331e-03
1.301256249999999909e+03,2.946149940970841374e-01,4.411401108796649331e-03,1.299718735434562912e-03
1.301275000000000091e+03,2.960259808831318673e-01,4.501379494732355574e-03,1.332580464928187188e-03
1.301293750000000045e+03,2.974404188717796327e-01,4.593017527032851842e-03,1.366205634280645911e-03
1.301312500000000000e+03,2.988582975564430533e-01,4.686341928778920210e-03,1.400610172513695002e-03
1.301331249999999955e+03,3.002796063180724895e-01,4.781379772080374992e-03,1.435810295232475440e-03
1.301349999999999909e+03,3.017043344143831018e-01,4.878158481031779140e-03,1.471822508636300630e-03
1.301368750000000091e+03,3.031324709932863848e-01,4.976705834632723716e-03,1.508663613667364251e-03
1.301387500000000045e+03,3.045640050883651195e-01,5.077049969728264847e-03,1.546350710116457762e-03
1.301406250000000000e+03,3.059989256135814961e-01,5.179219383919841761e-03,1.584901200747358078e-03
1.301424999999999955e+03,3.074372213694757106e-01,5.283242938487880784e-03,1.624332795516250996e-03
1.301443749999999909e+03,3.088788810280610475e-01,5.389149861273277720e-03,1.664663515701516900e-03
1.301462500000000091e+03,3.103238931685182722e-01,5.496969749575622913e-03,1.705911698341893703e-03
1.301481250000000045e+03,3.117722462324746813e-01,5.606732573030790041e-03,1.748096000274185820e-03
1.301500000000000000e+03,3.132239285626802761e-01,5.718468676458679859e-03,1.791235402642706899e-03
1.301518749999999955e+03,3.146789283705312967e-01,5.832208782731968834e-03,1.835349215059239739e-03
1.301537499999999909e+03,3.161372337613503891e-01,5.947983995587209465e-03,1.880457080099517389e-03
1.301556250000000091e+03,3.175988327155754853e-01,6.065825802458121169e-03,1.926578977589359695e-03
1.301575000000000045e+03,3.190637131130620863e-01,6.185766077257627039e-03,1.973735229160684251e-03
1.301593750000000000e+03,3.205318627060816938e-01,6.307837083181914647e-03,2.021946502540689777e-03
1.301612499999999955e+03,3.220032691301795702e-01,6.432071475450128195e-03,2.071233816076515407e-03
1.301631249999999909e+03,3.234779199059850674e-01,6.558502304059483229e-03,2.121618543245041861e-03
1.301650000000000091e+03,3.249558024476141838e-01,6.687163016512651798e-03,2.173122417230802846e-03
1.301668750000000045e+03,3.264369040425280089e-01,6.818087460492764165e-03,2.225767535330094946e-03
1.301687500000000000e+03,3.279212118717786395e-01,6.951309886572879480e-03,2.279576363662076319e-03
1.301706249999999955e+03,3.294087129926880353e-01,7.086864950840868725e-03,2.334571741632728882e-03
1.301724999999999909e+03,3.308993943469782373e-01,7.224787717546552433e-03,2.390776886606052736e-03
1.301743750000000091e+03,3.323932427721815741e-01,7.365113661682603195e-03,2.448215398614007800e-03
1.301762500000000045e+03,3.338902449719784449e-01,7.507878671584910894e-03,2.506911264803639641e-03
1.301781250000000000e+03,3.353903875598905904e-01,7.653119051451389918e-03,2.566888864422158228e-03
1.301799999999999955e+03,3.368936570101596639e-01,7.800871523869537180e-03,2.628172973147359370e-03
1.301818749999999909e+03,3.384000396902828167e-01,7.951173232317870418e-03,2.690788768043494636e-03
1.301837500000000091e+03,3.399095218622081860e-01,8.104061743584696498e-03,2.754761832291864870e-03
1.301856250000000045e+03,3.414220896580851261e-01,8.259575050217023151e-03,2.820118159749963188e-03
1.301875000000000000e+03,3.429377291102633230e-01,8.417751572894229678e-03,2.886884159945893053e-03
1.301893749999999955e+03,3.444564261233433733e-01,8.578630162785738297e-03,2.955086662624684720e-03
1.301912499999999909e+03,3.459781664892152553e-01,8.742250103858805257e-03,3.024752922652165516e-03
1.301931250000000091e+03,3.475029358967502424e-01,8.908651115158663925e-03,3.095910624901226146e-03
1.301950000000000045e+03,3.490307199091392532e-01,9.077873353049992211e-03,3.168587888865470863e-03
1.301968750000000000e+03,3.505615039791998289e-01,9.249957413411027257e-03,3.242813273608671516e-03
1.301987499999999955e+03,3.520952734447726495e-01,9.424944333782478423e-03,3.318615782549656605e-03
1.302006249999999909e+03,3.536320135306962320e-01,9.602875595495366859e-03,3.396024868320946920e-03
1.302025000000000091e+03,3.551717093471094544e-01,9.783793125733623863e-03,3.475070437592700165e-03
1.302043750000000045e+03,3.567143458895768449e-01,9.967739299550176096e-03,3.555782855917879494e-03
1.302062500000000000e+03,3.582599080477923414e-01,1.015475694186015500e-02,3.638192952677198576e-03
1.302081249999999955e+03,3.598083805904616628e-01,1.034488932936698975e-02,3.722332025783645689e-03
1.302099999999999909e+03,3.613597481673934686e-01,1.053818019242262240e-02,3.808231846546761973e-03
1.302118750000000091e+03,3.629139953306413924e-01,1.073467371688559616e-02,3.895924664761245011e-03
1.302137500000000045e+03,3.644711065069410338e-01,1.093441454588730231e-02,3.985443213272698952e-03
1.302156250000000000e+03,3.660310660180213227e-01,1.113744778154791143e-02,4.076820713042367435e-03
1.302174999999999955e+03,3.675938580702419189e-01,1.134381898667259116e-02,4.170090877897388894e-03
1.302193749999999909e+03,3.691594667536542418e-01,1.155357418632196181e-02,4.265287919346557634e-03
1.302212500000000091e+03,3.707278760509847837e-01,1.176675986942164395e-02,4.362446551540190981e-03
1.302231250000000045e+03,3.722990698300774892e-01,1.198342299021587856e-02,4.461601995999430435e-03
1.302250000000000000e+03,3.738730318576697353e-01,1.220361096973223043e-02,4.562789986612721463e-03
1.302268749999999955e+03,3.754497457713353303e-01,1.242737169714398099e-02,4.666046774104520151e-03
1.302287499999999909e+03,3.770291951040143918e-01,1.265475353108787802e-02,4.771409131125788940e-03
1.302306250000000091e+03,3.786113632833347231e-01,1.288580530091256240e-02,4.878914357036531237e-03
1.302325000000000045e+03,3.801962336200224724e-01,1.312057630787143679e-02,4.988600282532477601e-03
1.302343750000000000e+03,3.817837893168987140e-01,1.335911632621306078e-02,5.100505274499506428e-03
1.302362499999999955e+03,3.833740134691851487e-01,1.360147560425240681e-02,5.214668240762054818e-03
1.302381249999999909e+03,3.849668890479105432e-01,1.384770486532660785e-02,5.331128634559770263e-03
1.302400000000000091e+03,3.865623989296871343e-01,1.409785530873059953e-02,5.449926459650112145e-03
1.302418750000000045e+03,3.881605258703711980e-01,1.435197861049528588e-02,5.571102274593019849e-03
1.302437500000000000e+03,3.897612525269349981e-01,1.461012692420760387e-02,5.694697197718602208e-03
1.302456249999999955e+03,3.913645614380168447e-01,1.487235288162543252e-02,5.820752911435799447e-03
1.302474999999999909e+03,3.929704350339555674e-01,1.513870959335718996e-02,5.949311666982101156e-03
1.302493750000000091e+03,3.945788556381056300e-01,1.540925064928935426e-02,6.080416288955045601e-03
1.302512500000000045e+03,3.961898054680380588e-01,1.568403011912461453e-02,6.214110179884970754e-03
1.302531250000000000e+03,3.978032666258659034e-01,1.596310255264918668e-02,6.350437324526115625e-03
1.302549999999999955e+03,3.994192211124591441e-01,1.624652298010229381e-02,6.489442294554934910e-03
1.302568749999999909e+03,4.010376508175962917e-01,1.653434691228338610e-02,6.631170252784430140e-03
1.302587500000000091e+03,4.026585375143909573e-01,1.682663034071555513e-02,6.775666957448262667e-03
1.302606250000000045e+03,4.042818628855430196e-01,1.712342973762371115e-02,6.922978766936817643e-03
1.302625000000000000e+03,4.059076085015722035e-01,1.742480205585849456e-02,7.073152643711149573e-03
1.302643749999999955e+03,4.075357558159088955e-01,1.773080472878086136e-02,7.226236158449699139e-03
1.302662499999999909e+03,4.091662861784636229e-01,1.804149566991141568e-02,7.382277494410498242e-03
1.302681250000000091e+03,4.107991808438503090e-01,1.835693327268015512e-02,7.541325451746417816e-03
1.302700000000000045e+03,4.124344209525523941e-01,1.867717640988974387e-02,7.703429451198391502e-03
1.302718750000000000e+03,4.140719875402645300e-01,1.900228443319910282e-02,7.868639538278630191e-03
1.302737499999999955e+03,4.157118615342214052e-01,1.933231717249615095e-02,8.037006387155889997e-03
1.302756249999999909e+03,4.173540237573809542e-01,1.966733493510691710e-02,8.208581304599747719e-03
1.302775000000000091e+03,4.189984549350705412e-01,2.000739850498589947e-02,8.383416233952592847e-03
1.302793750000000045e+03,4.206451356756833460e-01,2.035256914170970044e-02,8.561563758481782055e-03
1.302812500000000000e+03,4.222940465018843459e-01,2.070290857946601934e-02,8.743077105710246252e-03
1.302831249999999955e+03,4.239451678097912457e-01,2.105847902585579814e-02,8.928010150190875474e-03
1.302849999999999909e+03,4.255984799083386561e-01,2.141934316063844046e-02,9.116417417858907121e-03
1.302868750000000091e+03,4.272539629908395087e-01,2.178556413429758726e-02,9.308354088885761185e-03
1.302887500000000045e+03,4.289115971620269252e-01,2.215720556660306928e-02,9.503876001666630019e-03
1.302906250000000000e+03,4.305713624177891496e-01,2.253433154493502191e-02,9.703039655667298341e-03
1.302924999999999955e+03,4.322332386467017673e-01,2.291700662261914739e-02,9.905902214694603525e-03
1.302943749999999909e+03,4.338972056342030870e-01,2.330529581703422864e-02,1.011252151009674714e-02
1.302962500000000091e+03,4.355632430755211337e-01,2.369926460768199961e-02,1.032295604412533825e-02
1.302981250000000045e+03,4.372313305522245730e-01,2.409897893403725386e-02,1.053726499231572716e-02
1.303000000000000000e+03,4.389014475616104249e-01,2.450450519344521058e-02,1.075550820708423561e-02
1.303018749999999955e+03,4.405735734847239793e-01,2.491591023874605015e-02,1.097774621970476483e-02
1.303037499999999909e+03,4.422476876026130710e-01,2.533326137578874315e-02,1.120404024333369712e-02
1.303056250000000091e+03,4.439237691036076461e-01,2.575662636092536373e-02,1.143445217578697645e-02
1.303075000000000045e+03,4.456017970745760337e-01,2.618607339823676369e-02,1.166904460174794482e-02
1.303093750000000000e+03,4.472817505085192602e-01,2.662167113677309932e-02,1.190788079534256354e-02
1.303112499999999955e+03,4.489636082861521160e-01,2.706348866752820645e-02,1.215102472185844440e-02
1.303131249999999909e+03,4.506473492003627013e-01,2.751159552039234360e-02,1.239854104052902362e-02
1.303150000000000091e+03,4.523329519428492818e-01,2.796606166090751661e-02,1.265049510617920030e-02
1.303168750000000045e+03,4.540203951131308036e-01,2.842695748686696611e-02,1.290695297134103470e-02
1.303187500000000000e+03,4.557096572051261840e-01,2.889435382492604870e-02,1.316798138768971067e-02
1.303206249999999955e+03,4.574007166222706089e-01,2.936832192684052031e-02,1.343364780804745182e-02
1.303224999999999909e+03,4.590935516664754190e-01,2.984893346577189091e-02,1.370402038761354274e-02
1.303243750000000091e+03,4.607881405478281289e-01,3.033626053236544370e-02,1.397916798562063440e-02
1.303262500000000045e+03,4.624844613787880698e-01,3.083037563067496031e-02,1.425916016640071775e-02
1.303281250000000000e+03,4.641824921809266646e-01,3.133135167397529952e-02,1.454406720070336272e-02
1.303299999999999955e+03,4.658822108727073696e-01,3.183926198042066891e-02,1.483396006628502801e-02
1.303318749999999909e+03,4.675835952834446196e-01,3.235418026856820561e-02,1.512891044916930827e-02
1.303337500000000091e+03,4.692866231529852494e-01,3.287618065272233936e-02,1.542899074431861549e-02
1.303356250000000045e+03,4.709912721181171436e-01,3.340533763813978430e-02,1.573427405571598686e-02
1.303375000000000000e+03,4.726975197332556333e-01,3.394172611616567276e-02,1.604483419745206599e-02
1.303393749999999955e+03,4.744053434496167676e-01,3.448542135909529044e-02,1.636074569323288375e-02
1.303412499999999909e+03,4.761147206295168743e-01,3.503649901492691260e-02,1.668208377691150768e-02
1.303431250000000091e+03,4.778256285542134552e-01,3.559503510199624882e-02,1.700892439269081902e-02
1.303450000000000045e+03,4.795380443924514569e-01,3.616110600347088866e-02,1.734134419377427253e-02
1.303468750000000000e+03,4.812519452498600914e-01,3.673478846158053507e-02,1.767942054365936183e-02
1.303487499999999955e+03,4.829673081172689564e-01,3.731615957182272958e-02,1.802323151372064655e-02
1.303506249999999909e+03,4.846841099020567367e-01,3.790529677690108318e-02,1.837285588353377089e-02
1.303525000000000091e+03,4.864023274306876199e-01,3.850227786061644758e-02,1.872837314007582202e-02
1.303543750000000045e+03,4.881219374322050553e-01,3.910718094144662732e-02,1.908986347593693428e-02
1.303562500000000000e+03,4.898429165546135389e-01,3.972008446614261334e-02,1.945740778868098111e-02
1.303581249999999955e+03,4.915652413494527306e-01,4.034106720302277349e-02,1.983108767872818201e-02
1.303599999999999909e+03,4.932888882785732565e-01,4.097020823516728250e-02,2.021098544793094309e-02
1.303618750000000091e+03,4.950138337370862951e-01,4.160758695344967534e-02,2.059718409865515451e-02
1.303637500000000045e+03,4.967400540080026405e-01,4.225328304933455292e-02,2.098976732983348636e-02
1.303656250000000000e+03,4.984675253074588586e-01,4.290737650767421918e-02,2.138881953661262922e-02
1.303674999999999955e+03,5.001962237531808464e-01,4.356994759907563408e-02,2.179442580649984529e-02
1.303693749999999909e+03,5.019261253811465595e-01,4.424107687240569353e-02,2.220667191746401870e-02
1.303712500000000091e+03,5.036572061479952511e-01,4.492084514687659513e-02,2.262564433512936554e-02
1.303731250000000045e+03,5.053894419232278779e-01,4.560933350408692688e-02,2.305143020936453388e-02
1.303750000000000000e+03,5.071228084938229630e-01,4.630662327985038407e-02,2.348411737117906892e-02
1.303768749999999955e+03,5.088572815594220033e-01,4.701279605591254102e-02,2.392379432900795452e-02
1.303787499999999909e+03,5.105928367403805845e-01,4.772793365142285332e-02,2.437055026533220189e-02
1.303806250000000091e+03,5.123294495751011812e-01,4.845211811421629849e-02,2.482447503258133556e-02
1.303825000000000045e+03,5.140670955172008671e-01,4.918543171206050252e-02,2.528565914886061333e-02
1.303843750000000000e+03,5.158057499469651530e-01,4.992795692357663434e-02,2.575419379407145951e-02
1.303862499999999955e+03,5.175453881631411068e-01,5.067977642906223990e-02,2.623017080489307984e-02
1.303881249999999909e+03,5.192859853695348527e-01,5.144097310114052746e-02,2.671368266922546919e-02
1.303900000000000091e+03,5.210275167078310954e-01,5.221162999516981013e-02,2.720482252271196402e-02
1.303918750000000045e+03,5.227699572365946956e-01,5.299183033957379635e-02,2.770368414236987209e-02
1.303937500000000000e+03,5.245132819394119350e-01,5.378165752593197513e-02,2.821036194141426923e-02
1.303956249999999955e+03,5.262574657102027098e-01,5.458119509890930338e-02,2.872495096263521716e-02
1.303974999999999909e+03,5.280024833700758258e-01,5.539052674604451332e-02,2.924754687322043620e-02
1.303993750000000091e+03,5.297483096743602626e-01,5.620973628722213816e-02,2.977824595878084471e-02
1.304012500000000045e+03,5.314949192915324749e-01,5.703890766415683350e-02,3.031714511565306025e-02
1.304031250000000000e+03,5.332422868188320120e-01,5.787812492965158095e-02,3.086434184493791130e-02
1.304049999999999955e+03,5.349903867754076670e-01,5.872747223655356424e-02,3.141993424497044329e-02
1.304068749999999909e+03,5.367391936038417022e-01,5.958703382661829223e-02,3.198402100403620330e-02
1.304087500000000091e+03,5.384886816815993571e-01,6.045689401932621138e-02,3.255670139349949727e-02
1.304106250000000045e+03,5.402388253107707206e-01,6.133713720020994575e-02,3.313807525922470715e-02
1.304125000000000000e+03,5.419895987132412607e-01,6.222784780933421356e-02,3.372824301318826795e-02
1.304143749999999955e+03,5.437409760507451173e-01,6.312911032935752953e-02,3.432730562623238085e-02
1.304162499999999909e+03,5.454929313983815087e-01,6.404100927356613793e-02,3.493536461775166579e-02
1.304181250000000091e+03,5.472454387734240200e-01,6.496362917369480350e-02,3.555252204853009967e-02
1.304200000000000045e+03,5.489984721151687230e-01,6.589705456741114242e-02,3.617888051014249429e-02
1.304218750000000000e+03,5.507520053009047345e-01,6.684136998593877277e-02,3.681454311654794309e-02
1.304237499999999955e+03,5.525060121333806862e-01,6.779665994126878037e-02,3.745961349342791930e-02
1.304256249999999909e+03,5.542604663424488542e-01,6.876300891312958630e-02,3.811419576810354953e-02
1.304275000000000091e+03,5.560153415977722169e-01,6.974050133612867686e-02,3.877839456013576491e-02
1.304293750000000045e+03,5.577706115016802801e-01,7.072922158624618538e-02,3.945231497004314525e-02
1.304312500000000000e+03,5.595262495854249618e-01,7.172925396760958250e-02,4.013606256818069012e-02
1.304331249999999955e+03,5.612822293186623401e-01,7.274068269880336335e-02,4.082974338410162024e-02
1.304349999999999909e+03,5.630385240979447481e-01,7.376359189904377334e-02,4.153346389415141920e-02
1.304368750000000091e+03,5.647951072625555513e-01,7.479806557431097069e-02,4.224733101081033781e-02
1.304387500000000045e+03,5.665519520865921477e-01,7.584418760311209540e-02,4.297145206992070143e-02
1.304406250000000000e+03,5.683090317794532442e-01,7.690204172231579482e-02,4.370593481834546962e-02
1.304424999999999955e+03,5.700663194843119674e-01,7.797171151261819699e-02,4.445088740105671010e-02
1.304443749999999909e+03,5.718237882852675869e-01,7.905328038385750489e-02,4.520641834860362335e-02
1.304462500000000091e+03,5.735814112092314510e-01,8.014683156027489763e-02,4.597263656396270021e-02
1.304481250000000045e+03,5.753391612088576412e-01,8.125244806549265786e-02,4.674965130748592185e-02
1.304500000000000000e+03,5.770970111939063285e-01,8.237021270744318557e-02,4.753757218548194940e-02
1.304518749999999955e+03,5.788549340034885304e-01,8.350020806299134069e-02,4.833650913367790874e-02
1.304537499999999909e+03,5.806129024121189364e-01,8.464251646248560634e-02,4.914657240309614622e-02
1.304556250000000091e+03,5.823708891500972706e-01,8.579721997409840706e-02,4.996787254685845087e-02
1.304575000000000045e+03,5.841288668800227457e-01,8.696440038810282491e-02,5.080052040305908095e-02
1.304593750000000000e+03,5.858868082150675560e-01,8.814413920084243625e-02,5.164462708075327063e-02
1.304612499999999955e+03,5.876446857042183503e-01,8.933651759858732277e-02,5.250030394283257407e-02
1.304631249999999909e+03,5.894024718385011408e-01,9.054161644141350829e-02,5.336766259048305455e-02
1.304650000000000091e+03,5.911601390646149534e-01,9.175951624659460515e-02,5.424681484785383312e-02
1.304668750000000045e+03,5.929176597683095684e-01,9.299029717214621349e-02,5.513787274387346032e-02
1.304687500000000000e+03,5.946750062847392382e-01,9.423403899993089416e-02,5.604094849599694506e-02
1.304706249999999955e+03,5.964321508893154489e-01,9.549082111903504921e-02,5.695615449209773945e-02
1.304724999999999909e+03,5.981890658094217716e-01,9.676072250846673439e-02,5.788360327367417929e-02
1.304743750000000091e+03,5.999457232227299874e-01,9.804382172010386864e-02,5.882340751774586124e-02
1.304762500000000045e+03,6.017020952482597940e-01,9.934019686130962645e-02,5.977568001758436222e-02
1.304781250000000000e+03,6.034581539675765161e-01,1.006499255775423901e-01,6.074053366616857796e-02
1.304799999999999955e+03,6.052138713995096619e-01,1.019730850346014378e-01,6.171808143461202795e-02
1.304818749999999909e+03,6.069692195180621530e-01,1.033097519010986315e-01,6.270843635475087385e-02
1.304837500000000091e+03,6.087241702511736463e-01,1.046600023302552557e-01,6.371171149922476296e-02
1.304856250000000045e+03,6.104786954757958073e-01,1.060239119421604731e-01,6.472801996119710577e-02
1.304875000000000000e+03,6.122327670316231041e-01,1.074015558054706998e-01,6.575747483546076633e-02
1.304893749999999955e+03,6.139863566969434583e-01,1.087930084191494062e-01,6.680018919531979793e-02
1.304912499999999909e+03,6.157394362098355112e-01,1.101983436940200956e-01,6.785627607391138405e-02
1.304931250000000091e+03,6.174919772700330212e-01,1.116176349343151186e-01,6.892584844330379434e-02
1.304950000000000045e+03,6.192439515244064774e-01,1.130509548188909363e-01,7.000901919131161111e-02
1.304968750000000000e+03,6.209953305861639627e-01,1.144983753825335598e-01,7.110590110186026935e-02
1.304987499999999955e+03,6.227460860192181036e-01,1.159599679970274161e-01,7.221660683108888090e-02
1.305006249999999909e+03,6.244961893410639897e-01,1.174358033521382544e-01,7.334124888519384655e-02
1.305025000000000091e+03,6.262456120344997990e-01,1.189259514364530007e-01,7.447993959901585970e-02
1.305043750000000045e+03,6.279943255415679770e-01,1.204304815182704880e-01,7.563279111237931895e-02
1.305062500000000000e+03,6.297423012667465736e-01,1.219494621260012041e-01,7.679991534695468358e-02
1.305081249999999955e+03,6.314895105708628886e-01,1.234829610290103935e-01,7.798142398203856962e-02
1.305099999999999909e+03,6.332359247688625903e-01,1.250310452179444198e-01,7.917742843019251464e-02
1.305118750000000091e+03,6.349815151530157076e-01,1.265937808850212676e-01,8.038803981581267577e-02
1.305137500000000045e+03,6.367262529646507963e-01,1.281712334043581536e-01,8.161336894710026491e-02
1.305156250000000000e+03,6.384701094325937465e-01,1.297634673122133042e-01,8.285352629612433017e-02
1.305174999999999955e+03,6.402130557198572047e-01,1.313705462869026175e-01,8.410862196674880054e-02
1.305193749999999909e+03,6.419550629719924517e-01,1.329925331290414126e-01,8.537876567553137619e-02
1.305212500000000091e+03,6.436961022940889121e-01,1.346294897412268210e-01,8.666406672288541613e-02
1.305231250000000045e+03,6.454361447642674721e-01,1.362814771079854936e-01,8.796463396891864017e-02
1.305250000000000000e+03,6.471751614249703355e-01,1.379485552756538891e-01,8.928057580605927579e-02
1.305268749999999955e+03,6.489131232868123877e-01,1.396307833317967373e-01,9.061200013281188459e-02
1.305287499999999909e+03,6.506500013249314485e-01,1.413282193851653212e-01,9.195901432660026631e-02
1.305306250000000091e+03,6.523857664929134659e-01,1.430409205451324828e-01,9.332172521851113400e-02
1.305325000000000045e+03,6.541203897049259197e-01,1.447689429011355944e-01,9.470023906334475161e-02
1.305343750000000000e+03,6.558538418593689023e-01,1.465123415021744036e-01,9.609466151536298628e-02
1.305362499999999955e+03,6.575860938114661547e-01,1.482711703364110456e-01,9.750509759654597819e-02
1.305381249999999909e+03,6.593171163965925174e-01,1.500454823102390089e-01,9.893165167159104212e-02
1.305400000000000091e+03,6.610468804279749921e-01,1.518353292279081834e-01,1.003744274193991010e-01
1.305418750000000045e+03,6.627753566833032295e-01,1.536407617705468631e-01,1.018335278022059615e-01
1.305437500000000000e+03,6.645025159270913084e-01,1.554618294755262531e-01,1.033090550401215418e-01
1.305456249999999955e+03,6.662283288867073550e-01,1.572985807156838112e-01,1.048011105783034635e-01
1.305474999999999909e+03,6.679527662724612513e-01,1.591510626786401261e-01,1.063097950607147790e-01
1.305493750000000091e+03,6.696757987772102849e-01,1.610193213457394024e-01,1.078352083003296658e-01
1.305512500000000045e+03,6.713973970569672156e-01,1.629034014713260370e-01,1.093774492462409181e-01
1.305531250000000000e+03,6.731175317678381731e-01,1.648033465618919391e-01,1.109366159595239765e-01
1.305549999999999955e+03,6.748361735231750425e-01,1.667191988553408111e-01,1.125128055760788309e-01
1.305568749999999909e+03,6.765532929293898157e-01,1.686509992998388718e-01,1.141061142817510476e-01
1.305587500000000091e+03,6.782688605740280208e-01,1.705987875332826420e-01,1.157166372799209864e-01
1.305606250000000045e+03,6.799828470234391409e-01,1.725626018620272650e-01,1.173444687598989566e-01
1.305625000000000000e+03,6.816952228276095260e-01,1.745424792406289616e-01,1.189897018670184048e-01
1.305643749999999955e+03,6.834059585200010778e-01,1.765384552503431181e-01,1.206524286708515054e-01
1.305662499999999909e+03,6.851150246130641719e-01,1.785505640789084580e-01,1.223327401333181852e-01
1.305681250000000091e+03,6.868223916169524657e-01,1.805788384993824713e-01,1.240307260800813383e-01
1.305700000000000045e+03,6.885280300149246857e-01,1.826233098495162466e-01,1.257464751644253864e-01
1.305718750000000000e+03,6.902319102853002875e-01,1.846840080111259164e-01,1.274800748392332650e-01
1.305737499999999955e+03,6.919340028874411130e-01,1.867609613892861065e-01,1.292316113221961826e-01
1.305756249999999909e+03,6.936342782698737830e-01,1.888541968916970515e-01,1.310011695649571095e-01
1.305775000000000091e+03,6.953327068776058439e-01,1.909637399081477172e-01,1.327888332220786283e-01
1.305793750000000045e+03,6.970292591315424557e-01,1.930896142900367651e-01,1.345946846145702203e-01
1.305812500000000000e+03,6.987239054663857418e-01,1.952318423299104766e-01,1.364188047043999319e-01
1.305831249999999955e+03,7.004166162765924630e-01,1.973904447408340590e-01,1.382612730510465737e-01
1.305849999999999909e+03,7.021073619718635195e-01,1.995654406365265643e-01,1.401221677895684026e-01
1.305868750000000091e+03,7.037961129495723389e-01,2.017568475106024106e-01,1.420015655918368258e-01
1.305887500000000045e+03,7.054828395956098674e-01,2.039646812167273671e-01,1.438995416336765476e-01
1.305906250000000000e+03,7.071675123008036579e-01,2.061889559483982837e-01,1.458161695647961498e-01
1.305924999999999955e+03,7.088501014408735701e-01,2.084296842190494214e-01,1.477515214714059666e-01
1.305943749999999909e+03,7.105305773897679922e-01,2.106868768421168991e-01,1.497056678454103673e-01
1.305962500000000091e+03,7.122089105224685968e-01,2.129605429112522152e-01,1.516786775514872287e-01
1.305981250000000045e+03,7.138850712055277992e-01,2.152506897805970820e-01,1.536706177914573257e-01
1.306000000000000000e+03,7.155590298164564711e-01,2.175573230453190787e-01,1.556815540748386628e-01
1.306018749999999955e+03,7.172307567165012721e-01,2.198804465221214366e-01,1.577115501792591967e-01
1.306037499999999909e+03,7.189002222732879810e-01,2.222200622298276529e-01,1.597606681214853441e-01
1.306056250000000091e+03,7.205673968626651327e-01,2.245761703704979295e-01,1.618289681243423317e-01
1.306075000000000045e+03,7.222322508466951785e-01,2.269487693099810355e-01,1.639165085777124498e-01
1.306093750000000000e+03,7.238947546075586992e-01,2.293378555593635348e-01,1.660233460125623006e-01
1.306112499999999955e+03,7.255548785215353291e-01,2.317434237559094223e-01,1.681495350610791861e-01
1.306131249999999909e+03,7.272125929598601823e-01,2.341654666447659239e-01,1.702951284231632723e-01
1.306150000000000091e+03,7.288678683202557407e-01,2.366039750602667024e-01,1.724601768397852619e-01
1.306168750000000045e+03,7.305206749909382014e-01,2.390589379078102428e-01,1.746447290509712813e-01
1.306187500000000000e+03,7.321709833677197965e-01,2.415303421456528321e-01,1.768488317659199782e-01
1.306206249999999955e+03,7.338187638630856435e-01,2.440181727670867606e-01,1.790725296315947290e-01
1.306224999999999909e+03,7.354639868843907413e-01,2.465224127826455558e-01,1.813158651937671062e-01
1.306243750000000091e+03,7.371066228543301513e-01,2.490430432025493301e-01,1.835788788683478390e-01
1.306262500000000045e+03,7.387466422104650432e-01,2.515800430192356996e-01,1.858616089077368971e-01
1.306281250000000000e+03,7.403840153999753371e-01,2.541333891904171138e-01,1.881640913662633030e-01
1.306299999999999955e+03,7.420187128745843186e-01,2.567030566220211418e-01,1.904863600654322919e-01
1.306318749999999909e+03,7.436507050971379318e-01,2.592890181515051240e-01,1.928284465623234245e-01
1.306337500000000091e+03,7.452799625569204167e-01,2.618912445311674664e-01,1.951903801203135891e-01
1.306356250000000045e+03,7.469064557409521576e-01,2.645097044118448482e-01,1.975721876686249712e-01
1.306375000000000000e+03,7.485301551651987184e-01,2.671443643272937707e-01,1.999738937778886838e-01
1.306393749999999955e+03,7.501510313530809215e-01,2.697951886777384400e-01,2.023955206213150504e-01
1.306412499999999909e+03,7.517690548434265985e-01,2.724621397146726465e-01,2.048370879444399162e-01
1.306431250000000091e+03,7.533841961963959610e-01,2.751451775253435095e-01,2.072986130341694377e-01
1.306450000000000045e+03,7.549964259881445372e-01,2.778442600177744581e-01,2.097801106851668318e-01
1.306468750000000000e+03,7.566057148207150362e-01,2.805593429058730881e-01,2.122815931704668535e-01
1.306487499999999955e+03,7.582120333037410953e-01,2.832903796947449093e-01,2.148030702044043394e-01
1.306506249999999909e+03,7.598153520715431597e-01,2.860373216667461693e-01,2.173445489159144262e-01
1.306525000000000091e+03,7.614156417856243753e-01,2.888001178669905022e-01,2.199060338174785301e-01
1.306543750000000045e+03,7.630128731216865301e-01,2.915787150899601943e-01,2.224875267704369275e-01
1.306562500000000000e+03,7.646070167903347148e-01,2.943730578658745878e-01,2.250890269598259108e-01
1.306581249999999955e+03,7.661980435042146098e-01,2.971830884476486800e-01,2.277105308541047535e-01
1.306599999999999909e+03,7.677859240242506100e-01,3.000087467979722367e-01,2.303520321881720456e-01
1.306618750000000091e+03,7.693706291240055561e-01,3.028499705767510042e-01,2.330135219226694421e-01
1.306637500000000045e+03,7.709521296042836092e-01,3.057066951286755430e-01,2.356949882181695322e-01
1.306656250000000000e+03,7.725303963017694509e-01,3.085788534717786580e-01,2.383964164085698167e-01
1.306674999999999955e+03,7.741054000683348368e-01,3.114663762853356332e-01,2.411177889650404638e-01
1.306693749999999909e+03,7.756771117855134623e-01,3.143691918987621126e-01,2.438590854714874634e-01
1.306712500000000091e+03,7.772455023732525170e-01,3.172872262807892030e-01,2.466202825987235669e-01
1.306731250000000045e+03,7.788105427798359681e-01,3.202204030284736547e-01,2.494013540726991995e-01
1.306750000000000000e+03,7.803722039847647007e-01,3.231686433574263995e-01,2.522022706477602960e-01
1.306768749999999955e+03,7.819304569897523871e-01,3.261318660916445733e-01,2.550230000758502147e-01
1.306787499999999909e+03,7.834852728410874878e-01,3.291099876536836555e-01,2.578635070862210776e-01
1.306806250000000091e+03,7.850366226156727523e-01,3.321029220559583162e-01,2.607237533544511376e-01
1.306825000000000045e+03,7.865844774182624288e-01,3.351105808915158524e-01,2.636036974746520101e-01
1.306843750000000000e+03,7.881288084022415319e-01,3.381328733256869223e-01,2.665032949403735585e-01
1.306862499999999955e+03,7.896695867465590712e-01,3.411697060881150323e-01,2.694224981113350625e-01
1.306881249999999909e+03,7.912067836652312280e-01,3.442209834647123046e-01,2.723612561910061514e-01
1.306900000000000091e+03,7.927403704166293696e-01,3.472866072907124790e-01,2.753195152052730910e-01
1.306918750000000045e+03,7.942703182967878472e-01,3.503664769433335047e-01,2.782972179754981124e-01
1.306937500000000000e+03,7.957965986429613725e-01,3.534604893355532407e-01,2.812943040960969032e-01
1.306956249999999955e+03,7.973191828259454939e-01,3.565685389098280922e-01,2.843107099082716749e-01
1.306974999999999909e+03,7.988380422585857898e-01,3.596905176322777731e-01,2.873463684799447693e-01
1.306993750000000091e+03,8.003531484011523478e-01,3.628263149874810245e-01,2.904012095853547026e-01
1.307012500000000045e+03,8.018644727527807214e-01,3.659758179734858285e-01,2.934751596799896611e-01
1.307031250000000000e+03,8.033719868625960325e-01,3.691389110971667331e-01,2.965681418830710125e-01
1.307049999999999955e+03,8.048756623072135241e-01,3.723154763703445669e-01,2.996800759485163668e-01
1.307068749999999909e+03,8.063754707260505361e-01,3.755053933062024174e-01,3.028108782576036662e-01
1.307087500000000091e+03,8.078713837951294607e-01,3.787085389159262072e-01,3.059604617893850187e-01
1.307106250000000045e+03,8.093633732408445081e-01,3.819247877055726992e-01,3.091287361062406980e-01
1.307125000000000000e+03,8.108514108399212938e-01,3.851540116744102682e-01,3.123156073357700735e-01
1.307143749999999955e+03,8.123354684081358634e-01,3.883960803126054739e-01,3.155209781480000086e-01
1.307162499999999909e+03,8.138155178150769942e-01,3.916508605996993353e-01,3.187447477434257048e-01
1.307181250000000091e+03,8.152915309839350311e-01,3.949182170040950179e-01,3.219868118364700993e-01
1.307200000000000045e+03,8.167634798858992573e-01,3.981980114816046079e-01,3.252470626362569117e-01
1.307218750000000000e+03,8.182313365445927911e-01,4.014901034763457832e-01,3.285253888334504491e-01
1.307237499999999955e+03,8.196950730297501986e-01,4.047943499206339557e-01,3.318216755822548381e-01
1.307256249999999909e+03,8.211546614723480575e-01,4.081106052359000924e-01,3.351358044921260437e-01
1.307275000000000091e+03,8.226100740547072077e-01,4.114387213338682736e-01,3.384676536099549549e-01
1.307293750000000045e+03,8.240612830130047417e-01,4.147785476187073606e-01,3.418170974082613278e-01
1.307312500000000000e+03,8.255082606416798141e-01,4.181299309888748539e-01,3.451840067742434903e-01
1.307331249999999955e+03,8.269509792880167520e-01,4.214927158402304586e-01,3.485682489960956754e-01
1.307349999999999909e+03,8.283894113556049543e-01,4.248667440690593322e-01,3.519696877531923729e-01
1.307368750000000091e+03,8.298235293130828971e-01,4.282518550760173737e-01,3.553881831096539767e-01
1.307387500000000045e+03,8.312533056782193119e-01,4.316478857699124205e-01,3.588235914975994589e-01
1.307406250000000000e+03,8.326787130424415651e-01,4.350546705730715669e-01,3.622757657192858249e-01
1.307424999999999955e+03,8.340997240389973477e-01,4.384720414258180821e-01,3.657445549245975647e-01
1.307443749999999909e+03,8.355163113721241208e-01,4.418998277928379292e-01,3.692298046167252767e-01
1.307462500000000091e+03,8.369284478123679705e-01,4.453378566690955886e-01,3.727313566433094749e-01
1.307481250000000045e+03,8.383361061859846419e-01,4.487859525861014331e-01,3.762490491854458829e-01
1.307500000000000000e+03,8.397392593906947145e-01,4.522439376200913519e-01,3.797827167603181620e-01
1.307518749999999955e+03,8.411378803771533130e-01,4.557116313990896006e-01,3.833321902079324661e-01
1.307537499999999909e+03,8.425319421647637919e-01,4.591888511111446025e-01,3.868972966945569691e-01
1.307556250000000091e+03,8.439214178465545002e-01,4.626754115134515399e-01,3.904778597125221351e-01
1.307575000000000045e+03,8.453062805728045470e-01,4.661711249410193658e-01,3.940736990701816933e-01
1.307593750000000000e+03,8.466865035706842013e-01,4.696758013174259783e-01,3.976846309005633295e-01
1.307612499999999955e+03,8.480620601288255678e-01,4.731892481639156101e-01,4.013104676527980419e-01
1.307631249999999909e+03,8.494329236022757357e-01,4.767112706112693887e-01,4.049510180956507055e-01
1.307650000000000091e+03,8.507990674211464155e-01,4.802416714103140416e-01,4.086060873221494250e-01
1.307668750000000045e+03,8.521604650861134278e-01,4.837802509443877019e-01,4.122754767500712569e-01
1.307687500000000000e+03,8.535170901717286096e-01,4.873268072414947416e-01,4.159589841262591459e-01
1.307706249999999955e+03,8.548689163162737081e-01,4.908811359870623447e-01,4.196564035252988156e-01
1.307724999999999909e+03,8.562159172368742910e-01,4.944430305378296198e-01,4.233675253618264800e-01
1.307743750000000091e+03,8.575580667243665189e-01,4.980122819351174845e-01,4.270921363929429115e-01
1.307762500000000045e+03,8.588953386407522927e-01,5.015886789200011409e-01,4.308300197238407736e-01
1.307781250000000000e+03,8.602277069314785418e-01,5.051720079477070025e-01,4.345809548206092665e-01
1.307799999999999955e+03,8.615551456040042577e-01,5.087620532038429344e-01,4.383447175081300884e-01
1.307818749999999909e+03,8.628776287549486668e-01,5.123585966197687913e-01,4.421210799920802237e-01
1.307837500000000091e+03,8.641951305526707205e-01,5.159614178896517744e-01,4.459098108603875565e-01
1.307856250000000045e+03,8.655076252462992059e-01,5.195702944872760964e-01,4.497106750982651779e-01
1.307875000000000000e+03,8.668150871680646574e-01,5.231850016839988404e-01,4.535234341013505421e-01
1.307893749999999955e+03,8.681174907145493558e-01,5.268053125667685466e-01,4.573478456782713031e-01
1.307912499999999909e+03,8.694148103791664584e-01,5.304309980567452065e-01,4.611836640809334198e-01
1.307931250000000091e+03,8.707070207285645402e-01,5.340618269286034892e-01,4.650306400065905010e-01
1.307950000000000045e+03,8.719940964178568565e-01,5.376975658303596584e-01,4.688885206211769741e-01
1.307968750000000000e+03,8.732760121777342066e-01,5.413379793034102105e-01,4.727570495683733887e-01
1.307987499999999955e+03,8.745527428241245405e-01,5.449828298037192598e-01,4.766359669921277908e-01
1.308006249999999909e+03,8.758242632611867862e-01,5.486318777227452426e-01,4.805250095559515655e-01
1.308025000000000091e+03,8.770905484741823299e-01,5.522848814093561653e-01,4.844239104580048694e-01
1.308043750000000045e+03,8.783515735349985976e-01,5.559415971924224209e-01,4.883323994541066138e-01
1.308062500000000000e+03,8.796073136050885921e-01,5.596017794035348381e-01,4.922502028799889406e-01
1.308081249999999955e+03,8.808577439301006340e-01,5.632651804002350993e-01,4.961770436698410003e-01
1.308099999999999909e+03,8.821028398421221217e-01,5.669315505902359220e-01,5.001126413803848036e-01
1.308118750000000091e+03,8.833425767635590953e-01,5.706006384557559263e-01,5.040567122164985037e-01
1.308137500000000045e+03,8.845769302078146934e-01,5.742721905779711866e-01,5.080089690556552906e-01
1.308156250000000000e+03,8.858058757829928576e-01,5.779459516633138616e-01,5.119691214762214226e-01
1.308174999999999955e+03,8.870293891751628301e-01,5.816216645685402531e-01,5.159368757733343580e-01
1.308193749999999909e+03,8.882474461734879423e-01,5.852990703278787565e-01,5.199119350012227914e-01
1.308212500000000091e+03,8.894600226533504461e-01,5.889779081795728510e-01,5.238939989912811956e-01
1.308231250000000045e+03,8.906670945825435615e-01,5.926579155930750131e-01,5.278827643844909989e-01
1.308250000000000000e+03,8.918686380338559649e-01,5.963388282978451249e-01,5.318779246696950791e-01
1.308268749999999955e+03,8.930646291595777386e-01,6.000203803106575196e-01,5.358791701984477740e-01
1.308287499999999909e+03,8.942550442154511003e-01,6.037023039655338152e-01,5.398861882319715422e-01
1.308306250000000091e+03,8.954398595509065473e-01,6.073843299423365982e-01,5.438986629674446016e-01
1.308325000000000045e+03,8.966190516119934006e-01,6.110661872971100417e-01,5.479162755738716806e-01
1.308343750000000000e+03,8.977925969465117007e-01,6.147476034920252852e-01,5.519387042294946477e-01
1.308362499999999955e+03,8.989604721928846631e-01,6.184283044268269469e-01,5.559656241510864128e-01
1.308381249999999909e+03,9.001226540920138630e-01,6.221080144694005609e-01,5.599967076369882779e-01
1.308400000000000091e+03,9.012791194855731547e-01,6.257864564879921376e-01,5.640316241038813017e-01
1.308418750000000045e+03,9.024298453089417693e-01,6.294633518830146102e-01,5.680700401202551930e-01
1.308437500000000000e+03,9.035748086111702326e-01,6.331384206203400922e-01,5.721116194586511883e-01
1.308456249999999955e+03,9.047139865284519189e-01,6.368113812636934101e-01,5.761560231184057468e-01
1.308474999999999909e+03,9.058473563070914558e-01,6.404819510086806611e-01,5.802029093814614624e-01
1.308493750000000091e+03,9.069748952947099818e-01,6.441498457164652747e-01,5.842519338483820324e-01
1.308512500000000045e+03,9.080965809432615110e-01,6.478147799485122205e-01,5.883027494832654414e-01
1.308531250000000000e+03,9.092123908087740292e-01,6.514764670012085368e-01,5.923550066569522876e-01
1.308549999999999955e+03,9.103223025494657783e-01,6.551346189412250443e-01,5.964083531903050517e-01
1.308568749999999909e+03,9.114262939284117904e-01,6.587889466412955031e-01,6.004624344012972070e-01
1.308587500000000091e+03,9.125243428217744146e-01,6.624391598161755157e-01,6.045168931564742776e-01
1.308606250000000045e+03,9.136164272050603108e-01,6.660849670591632021e-01,6.085713699089400075e-01
1.308625000000000000e+03,9.147025251694477221e-01,6.697260758792599189e-01,6.126255027572262701e-01
1.308643749999999955e+03,9.157826149075363187e-01,6.733621927383327543e-01,6.166789274843954560e-01
1.308662499999999909e+03,9.168566747174443643e-01,6.769930230887454270e-01,6.207312776101389096e-01
1.308681250000000091e+03,9.179246830195262330e-01,6.806182714114503707e-01,6.247821844524351631e-01
1.308700000000000045e+03,9.189866183289928658e-01,6.842376412546936626e-01,6.288312771604123164e-01
1.308718750000000000e+03,9.200424592876618179e-01,6.878508352726189212e-01,6.328781827876496235e-01
1.308737499999999955e+03,9.210921846382800204e-01,6.914575552645482182e-01,6.369225263275253290e-01
1.308756249999999909e+03,9.221357732337769342e-01,6.950575022146203708e-01,6.409639307730627955e-01
1.308775000000000091e+03,9.231732040475667533e-01,6.986503763316211923e-01,6.450020171783286127e-01
1.308793750000000045e+03,9.242044561612700049e-01,7.022358770889265411e-01,6.490364047047354479e-01
1.308812500000000000e+03,9.252295087762374415e-01,7.058137032657867405e-01,6.530667106855519988e-01
1.308831249999999955e+03,9.262483412026497609e-01,7.093835529876995061e-01,6.570925506743443556e-01
1.308849999999999909e+03,9.272609328647004601e-01,7.129451237679548248e-01,6.611135385061559511e-01
1.308868750000000091e+03,9.282672633074988688e-01,7.164981125487231983e-01,6.651292863600344329e-01
1.308887500000000045e+03,9.292673121913550549e-01,7.200422157433726822e-01,6.691394048141702244e-01
1.308906250000000000e+03,9.302610592942442969e-01,7.235771292786179476e-01,6.731435029070955700e-01
1.308924999999999955e+03,9.312484845081245854e-01,7.271025486365075841e-01,6.771411881947174694e-01
1.308943749999999909e+03,9.322295678439470601e-01,7.306181688976791655e-01,6.811320668152125446e-01
1.308962500000000091e+03,9.332042894358126839e-01,7.341236847841292601e-01,6.851157435533413720e-01
1.308981250000000045e+03,9.341726295330857743e-01,7.376187907023257218e-01,6.890918218966844977e-01
1.309000000000000000e+03,9.351345685094289983e-01,7.411031807870288590e-01,6.930599041052971643e-01
1.309018749999999955e+03,9.360900868562006538e-01,7.445765489448351593e-01,6.970195912700356544e-01
1.309037499999999909e+03,9.370391651825307200e-01,7.480385888981859743e-01,7.009704833765502130e-01
1.309056250000000091e+03,9.379817842276796380e-01,7.514889942299063375e-01,7.049121793793806656e-01
1.309075000000000045e+03,9.389179248498062957e-01,7.549274584271467026e-01,7.088442772583004592e-01
1.309093750000000000e+03,9.398475680248877806e-01,7.583536749266539534e-01,7.127663740837312245e-01
1.309112499999999955e+03,9.407706948629254162e-01,7.617673371592074139e-01,7.166780660948781634e-01
1.309131249999999909e+03,9.416872865849218455e-01,7.651681385947720626e-01,7.205789487491919276e-01
1.309150000000000091e+03,9.425973245497577535e-01,7.685557727879833712e-01,7.244686168103676716e-01
1.309168750000000045e+03,9.435007902314505035e-01,7.719299334232959664e-01,7.283466643986058475e-01
1.309187500000000000e+03,9.443976652399744820e-01,7.752903143608856906e-01,7.322126850752163074e-01
1.309206249999999955e+03,9.452879313033439868e-01,7.786366096821283334e-01,7.360662718974039231e-01
1.309224999999999909e+03,9.461715702750174151e-01,7.819685137359517757e-01,7.399070174936286381e-01
1.309243750000000091e+03,9.470485641458554760e-01,7.852857211841739460e-01,7.437345141420383943e-01
1.309262500000000045e+03,9.479188950260714064e-01,7.885879270484844605e-01,7.475483538273247630e-01
1.309281250000000000e+03,9.487825451615512495e-01,7.918748267561788179e-01,7.513481283235503572e-01
1.309299999999999955e+03,9.496394969192568647e-01,7.951461161869384231e-01,7.551334292539836346e-01
1.309318749999999909e+03,9.504897328007779755e-01,7.984014917190678240e-01,7.589038481728831442e-01
1.309337500000000091e+03,9.513332354383918776e-01,8.016406502763210318e-01,7.626589766343516708e-01
1.309356250000000045e+03,9.521699875920648370e-01,8.048632893746643369e-01,7.663984062620660120e-01
1.309375000000000000e+03,9.529999721592691264e-01,8.080691071686245674e-01,7.701217288291647423e-01
1.309393749999999955e+03,9.538231721620037407e-01,8.112578024986057956e-01,7.738285363209927992e-01
1.309412499999999909e+03,9.546395707567522093e-01,8.144290749374201166e-01,7.775184210157652931e-01
1.309431250000000091e+03,9.554491512343658011e-01,8.175826248376193428e-01,7.811909755581729620e-01
1.309450000000000045e+03,9.562518970195388324e-01,8.207181533777644367e-01,7.848457930318563092e-01
1.309468750000000000e+03,9.570477916697971432e-01,8.238353626100796134e-01,7.884824670329956264e-01
1.309487499999999955e+03,9.578368188755784773e-01,8.269339555071590908e-01,7.921005917440837596e-01
1.309506249999999909e+03,9.586189624641294760e-01,8.300136360087523313e-01,7.956997620111324609e-01
1.309525000000000091e+03,9.593942063976028667e-01,8.330741090692025397e-01,7.992795734169290123e-01
1.309543750000000045e+03,9.601625347725306625e-01,8.361150807039317012e-01,8.028396223546649946e-01
1.309562500000000000e+03,9.609239318274742647e-01,8.391362580366936719e-01,8.063795061093219640e-01
1.309581249999999955e+03,9.616783819278730272e-01,8.421373493461902227e-01,8.098988229195335231e-01
1.309599999999999909e+03,9.624258695840048894e-01,8.451180641131580407e-01,8.133971720677609651e-01
1.309618750000000091e+03,9.631663794434257575e-01,8.480781130668767487e-01,8.168741539487238690e-01
1.309637500000000045e+03,9.638998962882253663e-01,8.510172082321152409e-01,8.203293701423448603e-01
1.309656250000000000e+03,9.646264050437342030e-01,8.539350629754873800e-01,8.237624234959732838e-01
1.309674999999999955e+03,9.653458907708056813e-01,8.568313920521550831e-01,8.271729181931354313e-01
1.309693749999999909e+03,9.660583386695265062e-01,8.597059116522994815e-01,8.305604598318442333e-01
1.309712500000000091e+03,9.667637340835802950e-01,8.625583394470419663e-01,8.339246555031015751e-01
1.309731250000000045e+03,9.674620624957906978e-01,8.653883946349879563e-01,8.372651138625207823e-01
1.309750000000000000e+03,9.681533095286487534e-01,8.681957979881942400e-01,8.405814452057124297e-01
1.309768749999999955e+03,9.688374609473276999e-01,8.709802718979334779e-01,8.438732615457120723e-01
1.309787499999999909e+03,9.695145026563021240e-01,8.737415404204840197e-01,8.471401766849455672e-01
1.309806250000000091e+03,9.701844207073653248e-01,8.764793293226901261e-01,8.503818062969447089e-01
1.309825000000000045e+03,9.708472012887160441e-01,8.791933661272289813e-01,8.535977679913017147e-01
1.309843750000000000e+03,9.715028307386930351e-01,8.818833801582129928e-01,8.567876814005230823e-01
1.309862499999999955e+03,9.721512955317783700e-01,8.845491025855976019e-01,8.599511682414355818e-01
1.309881249999999909e+03,9.727925822909387898e-01,8.871902664704344188e-01,8.630878524005474173e-01
1.309900000000000091e+03,9.734266777838164186e-01,8.898066068091993186e-01,8.661973600043372246e-01
1.309918750000000045e+03,9.740535689200652270e-01,8.923978605781307527e-01,8.692793194904876453e-01
1.309937500000000000e+03,9.746732427579829494e-01,8.949637667774885674e-01,8.723333616872954721e-01
1.309956249999999955e+03,9.752856864971962692e-01,8.975040664751704478e-01,8.753591198800025897e-01
1.309974999999999909e+03,9.758908874859838489e-01,9.000185028505134355e-01,8.783562298903186960e-01
1.309993750000000091e+03,9.764888332185782671e-01,9.025068212374326437e-01,8.813243301463080659e-01
1.310012500000000045e+03,9.770795113370136509e-01,9.049687691674496159e-01,8.842630617561739736e-01
1.310031250000000000e+03,9.776629096296397536e-01,9.074040964125321684e-01,8.871720685787781724e-01
1.310049999999999955e+03,9.782390160297804726e-01,9.098125550275185658e-01,8.900509972937813430e-01
1.310068749999999909e+03,9.788078186200893649e-01,9.121938993920791772e-01,8.928994974764058457e-01
1.310087500000000091e+03,9.793693056339146663e-01,9.145478862527181008e-01,8.957172216694585520e-01
1.310106250000000045e+03,9.799234654506651099e-01,9.168742747640283852e-01,8.985038254490251841e-01
1.310125000000000000e+03,9.804702866007267703e-01,9.191728265299137224e-01,9.012589674987114829e-01
1.310143749999999955e+03,9.810097577607087560e-01,9.214433056445514580e-01,9.039823096746559816e-01
1.310162499999999909e+03,9.815418677569340833e-01,9.236854787323013349e-01,9.066735170769080199e-01
1.310181250000000091e+03,9.820666055719136089e-01,9.258991149882317417e-01,9.093322581240650404e-01
1.310200000000000045e+03,9.825839603289500124e-01,9.280839862175686017e-01,9.119582046064717007e-01
1.310218750000000000e+03,9.830939213104606944e-01,9.302398668748178556e-01,9.145510317700881187e-01
1.310237499999999955e+03,9.835964779433973293e-01,9.323665341029047093e-01,9.171104183697426082e-01
1.310256249999999909e+03,9.840916198104668888e-01,9.344637677713895085e-01,9.196360467452111553e-01
1.310275000000000091e+03,9.845793366437746164e-01,9.365313505147696560e-01,9.221276028808460534e-01
1.310293750000000045e+03,9.850596183279916040e-01,9.385690677695858186e-01,9.245847764726805584e-01
1.310312500000000000e+03,9.855324549000126222e-01,9.405767078121247682e-01,9.270072609926255369e-01
1.310331249999999955e+03,9.859978365487097607e-01,9.425540617949085265e-01,9.293947537513315149e-01
1.310349999999999909e+03,9.864557536172631202e-01,9.445009237828713156e-01,9.317469559629206755e-01
1.310368750000000091e+03,9.869061966005233666e-01,9.464170907893277862e-01,9.340635728045918462e-01
1.310387500000000045e+03,9.873491561468231703e-01,9.483023628111276748e-01,9.363443134793469902e-01
1.310406250000000000e+03,9.877846230612176148e-01,9.501565428635847521e-01,9.385888912796011008e-01
1.310424999999999955e+03,9.882125882967811581e-01,9.519794370149843310e-01,9.407970236387654950e-01
1.310443749999999909e+03,9.886330429655244556e-01,9.537708544199626770e-01,9.429684322000390084e-01
1.310462500000000091e+03,9.890459783334306643e-01,9.555306073535588807e-01,9.451028428705166018e-01
1.310481250000000045e+03,9.894513858207700796e-01,9.572585112433453780e-01,9.471999858780852932e-01
1.310500000000000000e+03,9.898492570021634185e-01,9.589543847022000689e-01,9.492595958284060220e-01
1.310518749999999955e+03,9.902395836100436055e-01,9.606180495598194424e-01,9.512814117635890465e-01
1.310537499999999909e+03,9.906223575273678250e-01,9.622493308942119405e-01,9.532651772102099796e-01
1.310556250000000091e+03,9.909975707994352900e-01,9.638480570621366095e-01,9.552106402442833710e-01
1.310575000000000045e+03,9.913652156222036993e-01,9.654140597293837667e-01,9.571175535331571949e-01
1.310593750000000000e+03,9.917252843525758976e-01,9.669471739003169253e-01,9.589856743974529696e-01
1.310612499999999955e+03,9.920777695003849539e-01,9.684472379468462844e-01,9.608147648544463904e-01
1.310631249999999909e+03,9.924226637321517108e-01,9.699140936369582411e-01,9.626045916719838669e-01
1.310650000000000091e+03,9.927599598757128607e-01,9.713475861624650820e-01,9.643549264221238371e-01
1.310668750000000045e+03,9.930896509112537851e-01,9.727475641662676198e-01,9.660655455207219910e-01
1.310687500000000000e+03,9.934117299799678502e-01,9.741138797690773732e-01,9.677362302831785668e-01
1.310706249999999955e+03,9.937261903784782024e-01,9.754463885954175462e-01,9.693667669652521468e-01
1.310724999999999909e+03,9.940330255613615273e-01,9.767449497991853580e-01,9.709569468108970591e-01
1.310743750000000091e+03,9.943322291428239312e-01,9.780094260883135382e-01,9.725065660979795856e-01
1.310762500000000045e+03,9.946237948943864593e-01,9.792396837490717765e-01,9.740154261793179113e-01
1.310781250000000000e+03,9.949077167471070959e-01,9.804355926696495249e-01,9.754833335270095551e-01
1.310799999999999955e+03,9.951839887887420355e-01,9.815970263631814685e-01,9.769100997708145551e-01
1.310818749999999909e+03,9.954526052666623492e-01,9.827238619899255623e-01,9.782955417408906174e-01
1.310837500000000091e+03,9.957135605879436913e-01,9.838159803789380264e-01,9.796394815068170114e-01
1.310856250000000045e+03,9.959668493181904614e-01,9.848732660492057756e-01,9.809417464143779242e-01
1.310875000000000000e+03,9.962124661842010065e-01,9.858956072298887818e-01,9.822021691247764252e-01
1.310893749999999955e+03,9.964504060690635434e-01,9.868828958800879292e-01,9.834205876454565898e-01
1.310912499999999909e+03,9.966806640170046139e-01,9.878350277078556951e-01,9.845968453693045852e-01
1.310931250000000091e+03,9.969032352332296565e-01,9.887519021885795567e-01,9.857307911078212470e-01
1.310950000000000045e+03,9.971181150816058603e-01,9.896334225825913489e-01,9.868222791209076972e-01
1.310968750000000000e+03,9.973252990872080170e-01,9.904794959522801312e-01,9.878711691504670211e-01
1.310987499999999955e+03,9.975247829341709060e-01,9.912900331783924823e-01,9.888773264480681391e-01
1.311006249999999909e+03,9.977165624669919186e-01,9.920649489756213635e-01,9.898406218048132477e-01
1.311025000000000091e+03,9.979006336920102083e-01,9.928041619076076740e-01,9.907609315802966554e-01
1.311043750000000045e+03,9.980769927752334292e-01,9.935075944011466653e-01,9.916381377266449970e-01
1.311062500000000000e+03,9.982456360435818521e-01,9.941751727598501231e-01,9.924721278148909143e-01
1.311081249999999955e+03,9.984065599851557060e-01,9.948068271768490956e-01,9.932627950589051347e-01
1.311099999999999909e+03,9.985597612487215891e-01,9.954024917470499778e-01,9.940100383375913840e-01
1.311118750000000091e+03,9.987052366441580009e-01,9.959621044785453847e-01,9.947137622166684068e-01
1.311137500000000045e+03,9.988429831421236083e-01,9.964856073033356854e-01,9.953738769684615795e-01
1.311156250000000000e+03,9.989729978760850670e-01,9.969729460873723026e-01,9.959902985928451580e-01
1.311174999999999955e+03,9.990952781392459237e-01,9.974240706398476153e-01,9.965629488318153983e-01
1.311193749999999909e+03,9.992098213866719147e-01,9.978389347217898608e-01,9.970917551880138507e-01
1.311212500000000091e+03,9.993166252355163426e-01,9.982174960538937603e-01,9.975766509400604276e-01
1.311231250000000045e+03,9.994156874639139598e-01,9.985597163237143192e-01,9.980175751553760355e-01
1.311250000000000000e+03,9.995070060122305255e-01,9.988655611920650434e-01,9.984144727040241696e-01
1.311268749999999955e+03,9.995905789819736764e-01,9.991350002987230416e-01,9.987672942689790334e-01
1.311287499999999909e+03,9.996664046365814071e-01,9.993680072673720716e-01,9.990759963569587621e-01
1.311306250000000091e+03,9.997344814019730741e-01,9.995645597099004354e-01,9.993405413078346733e-01
1.311325000000000045e+03,9.997948078650978898e-01,9.997246392298567708e-01,9.995608973006425702e-01
1.311343750000000000e+03,9.998473827755613996e-01,9.998482314252835623e-01,9.997370383615012956e-01
1.311362499999999955e+03,9.998922050444373211e-01,9.999353258907504038e-01,9.998689443673648425e-01
1.311381249999999909e+03,9.999292737446764390e-01,9.999859162186923722e-01,9.999566010501251823e-01
1.311400000000000091e+03,9.999585881121045849e-01,1.000000000000000000e+00,1.000000000000000000e+00
1.311418750000000045e+03,9.999801475437544163e-01,9.999775788238947083e-01,9.999991386649904612e-01
1.311437500000000000e+03,9.999939515992359862e-01,9.999186582770627219e-01,9.999540203520774773e-01
1.311456249999999955e+03,1.000000000000000000e+00,9.998232479420664509e-01,9.998646542250378966e-01
1.311474999999999909e+03,9.999982926297139585e-01,9.996913613950227928e-01,9.997310553020851698e-01
1.311493750000000091e+03,9.999888295341157196e-01,9.995230162025544596e-01,9.995532444517060133e-01
1.311512500000000045e+03,9.999716109210734505e-01,9.993182339180248785e-01,9.993312483874380314e-01
1.311531250000000000e+03,9.999466371605475468e-01,9.990770400770118131e-01,9.990650996612290280e-01
1.311549999999999955e+03,9.999139087845146934e-01,9.987994641921084105e-01,9.987548366555406565e-01
1.311568749999999909e+03,9.998734264870962063e-01,9.984855397469730720e-01,9.984005035743522827e-01
1.311587500000000091e+03,9.998251911244895318e-01,9.981353041896218192e-01,9.980021504326622717e-01
1.311606250000000045e+03,9.997692037148379063e-01,9.977487989250827249e-01,9.975598330447407180e-01
1.311625000000000000e+03,9.997054654382495631e-01,9.973260693072701910e-01,9.970736130112098916e-01
1.311643749999999955e+03,9.996339776368463603e-01,9.968671646301519029e-01,9.965435577048983307e-01
1.311662499999999909e+03,9.995547418146327745e-01,9.963721381182168990e-01,9.959697402552784018e-01
1.311681250000000091e+03,9.994677596375212136e-01,9.958410469162291001e-01,9.953522395318070703e-01
1.311700000000000045e+03,9.993730329333070372e-01,9.952739520782958316e-01,9.946911401259910246e-01
1.311718750000000000e+03,9.992705636911867195e-01,9.946709185561346533e-01,9.939865323316656731e-01
1.311737499999999955e+03,9.991603540621638579e-01,9.940320151868093923e-01,9.932385121250962845e-01
1.311756249999999909e+03,9.990424063595430004e-01,9.933573146795948716e-01,9.924471811437640678e-01
1.311775000000000091e+03,9.989167230572719713e-01,9.926468936022430078e-01,9.916126466618923052e-01
1.311793750000000045e+03,9.987833067911868756e-01,9.919008323665379212e-01,9.907350215676287153e-01
1.311812500000000000e+03,9.986421603583508499e-01,9.911192152131936828e-01,9.898144243371548301e-01
1.311831249999999955e+03,9.984932867174992621e-01,9.903021301959533673e-01,9.888509790085863171e-01
1.311849999999999909e+03,9.983366889879266015e-01,9.894496691651361031e-01,9.878448151532647215e-01
1.311868750000000091e+03,9.981723704510193640e-01,9.885619277505420799e-01,9.867960678485252490e-01
1.311887500000000045e+03,9.980003345482981736e-01,9.876390053434612737e-01,9.857048776456138750e-01
1.311906250000000000e+03,9.978205848820246304e-01,9.866810050782945929e-01,9.845713905392579068e-01
1.311924999999999955e+03,9.976331252163643803e-01,9.856880338132426589e-01,9.833957579363632462e-01
1.311943749999999909e+03,9.974379594754060330e-01,9.846602021106435343e-01,9.821781366207681385e-01
1.311962500000000091e+03,9.972350917444281482e-01,9.835976242163220196e-01,9.809186887197373084e-01
1.311981250000000045e+03,9.970245262679993115e-01,9.825004180386677222e-01,9.796175816665863012e-01
1.312000000000000000e+03,9.968062674511777299e-01,9.813687051266899442e-01,9.782749881648724610e-01
1.312018749999999955e+03,9.965803198598388590e-01,9.802026106476838807e-01,9.768910861508635080e-01
1.312037499999999909e+03,9.963466882212300701e-01,9.790022633642025962e-01,9.754660587550827433e-01
1.312056250000000091e+03,9.961053774193551202e-01,9.777677956104057211e-01,9.740000942577077270e-01
1.312075000000000045e+03,9.958563924999050965e-01,9.764993432678181762e-01,9.724933860522980700e-01
1.312093750000000000e+03,9.955997386674056981e-01,9.751970457404267600e-01,9.709461326007909898e-01
1.312112499999999955e+03,9.953354212865638262e-01,9.738610459291685562e-01,9.693585373915635239e-01
1.312131249999999909e+03,9.950634458815622585e-01,9.724914902058737765e-01,9.677308088945233422e-01
1.312150000000000091e+03,9.947838181339745400e-01,9.710885283865944295e-01,9.660631605138223499e-01
1.312168750000000045e+03,9.944965438855741802e-01,9.696523137044108509e-01,9.643558105444047790e-01
1.312187500000000000e+03,9.942016291367362646e-01,9.681830027814427586e-01,9.626089821230624510e-01
1.312206249999999955e+03,9.938990800455781427e-01,9.666807556005979629e-01,9.608229031795524344e-01
1.312224999999999909e+03,9.935889029296991470e-01,9.651457354765445862e-01,9.589978063890676196e-01
1.312243750000000091e+03,9.932711042646757971e-01,9.635781090260842063e-01,9.571339291205807065e-01
1.312262500000000045e+03,9.929456906840721242e-01,9.619780461383489190e-01,9.552315133861036811e-01
1.312281250000000000e+03,9.926126689762875266e-01,9.603457199438828473e-01,9.532908057854330153e-01
1.312299999999999955e+03,9.922720460930255504e-01,9.586813067837750557e-01,9.513120574617490721e-01
1.312318749999999909e+03,9.919238291378961181e-01,9.569849861775919786e-01,9.492955240365746894e-01
1.312337500000000091e+03,9.915680253745560169e-01,9.552569407916928768e-01,9.472414655635400527e-01
1.312356250000000045e+03,9.912046422229023879e-01,9.534973564062486640e-01,9.451501464690487131e-01
1.312375000000000000e+03,9.908336872576476440e-01,9.517064218819192289e-01,9.430218354945788528e-01
1.312393749999999955e+03,9.904551682137896496e-01,9.498843291264285060e-01,9.408568056451206418e-01
1.312412499999999909e+03,9.900690929798012796e-01,9.480312730602734606e-01,9.386553341247404481e-01
1.312431250000000091e+03,9.896754695992613371e-01,9.461474515819902065e-01,9.364177022794607508e-01
1.312450000000000045e+03,9.892743062738709181e-01,9.442330655332350497e-01,9.341441955409452991e-01
1.312468750000000000e+03,9.888656113585317931e-01,9.422883186630447439e-01,9.318351033615724921e-01
1.312487499999999955e+03,9.884493933650525532e-01,9.403134175917189364e-01,9.294907191570154215e-01
1.312506249999999909e+03,9.880256609607398488e-01,9.383085717746898480e-01,9.271113402437046735e-01
1.312525000000000091e+03,9.875944229640918337e-01,9.362739934651908014e-01,9.246972677721310152e-01
1.312543750000000045e+03,9.871556883516867664e-01,9.342098976773672847e-01,9.222488066708537380e-01
1.312562500000000000e+03,9.867094662503852476e-01,9.321165021481868651e-01,9.197662655752933958e-01
1.312581249999999955e+03,9.862557659452187986e-01,9.299940272993327817e-01,9.172499567709643253e-01
1.312599999999999909e+03,9.857945968737561460e-01,9.278426961990350330e-01,9.147001961237664069e-01
1.312618750000000091e+03,9.853259686221491620e-01,9.256627345225439951e-01,9.121173030103528756e-01
1.312637500000000045e+03,9.848498909364368226e-01,9.234543705134362623e-01,9.095016002632444474e-01
1.312656250000000000e+03,9.843663737082195553e-01,9.212178349435734548e-01,9.068534140906645558e-01
1.312674999999999955e+03,9.838754269879613767e-01,9.189533610730209467e-01,9.041730740217203133e-01
1.312693749999999909e+03,9.833770609745915436e-01,9.166611846100174432e-01,9.014609128295505425e-01
1.312712500000000091e+03,9.828712860187037714e-01,9.143415436699710019e-01,8.987172664659198729e-01
1.312731250000000045e+03,9.823581126238326577e-01,9.119946787345181161e-01,8.959424739939136906e-01
1.312750000000000000e+03,9.818375514429988904e-01,9.096208326103214503e-01,8.931368775159068685e-01
1.312768749999999955e+03,9.813096132815830597e-01,9.072202503869956081e-01,8.903008221063217764e-01
1.312787499999999909e+03,9.807743090933868091e-01,9.047931793956034419e-01,8.874346557386098011e-01
1.312806250000000091e+03,9.802316499835829200e-01,9.023398691659901827e-01,8.845387292172424143e-01
1.312825000000000045e+03,9.796816472077714000e-01,8.998605713847808163e-01,8.816133961066952018e-01
1.312843750000000000e+03,9.791243121681963979e-01,8.973555398518898718e-01,8.786590126563326164e-01
1.312862499999999955e+03,9.785596564184891877e-01,8.948250304382173725e-01,8.756759377340525008e-01
1.312881249999999909e+03,9.779876916613527982e-01,8.922693010416399284e-01,8.726645327518028905e-01
1.312900000000000091e+03,9.774084297467684479e-01,8.896886115440147957e-01,8.696251615925211231e-01
1.312918750000000045e+03,9.768218826719097247e-01,8.870832237670812637e-01,8.665581905374687421e-01
1.312937500000000000e+03,9.762280625826118552e-01,8.844534014286395962e-01,8.634639881951630125e-01
1.312956249999999955e+03,9.756269817711873404e-01,8.817994100981882966e-01,8.603429254264882697e-01
1.312974999999999909e+03,9.750186526778790164e-01,8.791215171528182770e-01,8.571953752732592857e-01
1.312993750000000091e+03,9.744030878882458113e-01,8.764199917323518552e-01,8.540217128824287851e-01
1.313012500000000045e+03,9.737803001354723431e-01,8.736951046947027955e-01,8.508223154348463213e-01
1.313031250000000000e+03,9.731503022948834181e-01,8.709471285710779220e-01,8.475975620670260779e-01
1.313049999999999955e+03,9.725131073917470115e-01,8.681763375207274258e-01,8.443478338041070508e-01
1.313068749999999909e+03,9.718687285939249243e-01,8.653830072855411837e-01,8.410735134794381507e-01
1.313087500000000091e+03,9.712171792140998905e-01,8.625674151454220118e-01,8.377749856633222025e-01
1.313106250000000045e+03,9.705584727061863370e-01,8.597298398718373758e-01,8.344526365849850302e-01
1.313125000000000000e+03,9.698926226717727861e-01,8.568705616830821770e-01,8.311068540649091396e-01
1.313143749999999955e+03,9.692196428523869312e-01,8.539898621979683524e-01,8.277380274334730226e-01
1.313162499999999909e+03,9.685395471399651512e-01,8.510880243904709319e-01,8.243465474662051706e-01
1.313181250000000091e+03,9.678523495548696509e-01,8.481653325434165280e-01,8.209328062904770462e-01
1.313200000000000045e+03,9.671580642755600588e-01,8.452220722031713596e-01,8.174971973372877621e-01
1.313218750000000000e+03,9.664567056065944683e-01,8.422585301330021146e-01,8.140401152393885731e-01
1.313237499999999955e+03,9.657482880061419861e-01,8.392749942670735264e-01,8.105619557806359454e-01
1.313256249999999909e+03,9.650328260669296387e-01,8.362717536650593475e-01,8.070631158066158273e-01
1.313275000000000091e+03,9.643103345214201205e-01,8.332490984650395838e-01,8.035439931542576186e-01
1.313293750000000045e+03,9.635808282435748273e-01,8.302073198380597319e-01,8.000049865802559834e-01
1.313312500000000000e+03,9.628443222475542296e-01,8.271467099415066304e-01,7.964464956859182987e-01
1.313331249999999955e+03,9.621008316822536877e-01,8.240675618734033536e-01,7.928689208396340060e-01
1.313349999999999909e+03,9.613503718422722333e-01,8.209701696256530568e-01,7.892726631120786651e-01
1.313368750000000091e+03,9.605929581522860694e-01,8.178548280384977387e-01,7.856581241907930613e-01
1.313387500000000045e+03,9.598286061775844757e-01,8.147218327540052263e-01,7.820257063156051958e-01
1.313406250000000000e+03,9.590573316208783616e-01,8.115714801702675896e-01,7.783758122035790983e-01
1.313424999999999955e+03,9.582791503213836659e-01,8.084040673949667299e-01,7.747088449754392370e-01
1.313443749999999909e+03,9.574940782581825571e-01,8.052198922000913806e-01,7.710252080867615598e-01
1.313462500000000091e+03,9.567021315342112420e-01,8.020192529752165900e-01,7.673253052423856246e-01
1.313481250000000045e+03,9.559033263995888596e-01,7.988024486823700476e-01,7.636095403442950680e-01
1.313500000000000000e+03,9.550976792300317486e-01,7.955697788098849976e-01,7.598783174025653953e-01
1.313518749999999955e+03,9.542852065427642749e-01,7.923215433269720220e-01,7.561320404773557158e-01
1.313537499999999909e+03,9.534659249855671481e-01,7.890580426380475743e-01,7.523711135993994548e-01
1.313556250000000091e+03,9.526398513361102882e-01,7.857795775375342462e-01,7.485959406994834309e-01
1.313575000000000045e+03,9.518070025112412846e-01,7.824864491642145037e-01,7.448069255455601612e-01
1.313593750000000000e+03,9.509673955494319930e-01,7.791789589565051299e-01,7.410044716598959136e-01
1.313612499999999955e+03,9.501210476304379204e-01,7.758574086070169074e-01,7.371889822650271595e-01
1.313631249999999909e+03,9.492679760650167831e-01,7.725221000181997644e-01,7.333608602075031291e-01
1.313650000000000091e+03,9.484081982859280391e-01,7.691733352569991577e-01,7.295205078821586087e-01
1.313668750000000045e+03,9.475417318631594865e-01,7.658114165110535554e-01,7.256683271768773480e-01
1.313687500000000000e+03,9.466685944896197080e-01,7.624366460437704829e-01,7.218047193937577877e-01
1.313706249999999955e+03,9.457888039945393510e-01,7.590493261503871159e-01,7.179300851928405169e-01
1.313724999999999909e+03,9.449023783322183512e-01,7.556497591140115544e-01,7.140448245172225095e-01
1.313743750000000091e+03,9.440093355818970355e-01,7.522382471620933098e-01,7.101493365274917924e-01
1.313762500000000045e+03,9.431096939549870051e-01,7.488150924223669902e-01,7.062440195414977362e-01
1.313781250000000000e+03,9.422034717832892259e-01,7.453805968799821491e-01,7.023292709612541929e-01
1.313799999999999955e+03,9.412906875280340202e-01,7.419350623342705342e-01,6.984054872155224247e-01
1.313818749999999909e+03,9.403713597828006199e-01,7.384787903559038025e-01,6.944730636983992289e-01
1.313837500000000091e+03,9.394455072518680394e-01,7.350120822441459367e-01,6.905323946902204302e-01
1.313856250000000045e+03,9.385131487752379487e-01,7.315352389849646420e-01,6.865838733142178851e-01
1.313875000000000000e+03,9.375743033098182799e-01,7.280485612083528180e-01,6.826278914603526315e-01
1.313893749999999955e+03,9.366289899403699160e-01,7.245523491469755273e-01,6.786648397327156301e-01
1.313912499999999909e+03,9.356772278743031857e-01,7.210469025944953314e-01,6.746951073851207292e-01
1.313931250000000091e+03,9.347190364363416881e-01,7.175325208643320574e-01,6.707190822574914391e-01
1.313950000000000045e+03,9.337544350798543391e-01,7.140095027487207702e-01,6.667371507249212348e-01
1.313968750000000000e+03,9.327834433724726537e-01,7.104781464779155176e-01,6.627496976287429176e-01
1.313987499999999955e+03,9.318060810002530836e-01,7.069387496803157811e-01,6.587571062222672413e-01
1.314006249999999909e+03,9.308223677835288923e-01,7.033916093418381976e-01,6.547597581243385090e-01
1.314025000000000091e+03,9.298323236422355587e-01,6.998370217666818327e-01,6.507580332388950284e-01
1.314043750000000045e+03,9.288359686294945794e-01,6.962752825378137889e-01,6.467523097229318507e-01
1.314062500000000000e+03,9.278333229057640352e-01,6.927066864779428679e-01,6.427429639134382144e-01
1.314081249999999955e+03,9.268244067593690572e-01,6.891315276108378463e-01,6.387303702875822831e-01
1.314099999999999909e+03,9.258092405884520426e-01,6.855500991228398178e-01,6.347149013965965869e-01
1.314118750000000091e+03,9.247878449058795081e-01,6.819626933253551959e-01,6.306969278170353466e-01
1.314137500000000045e+03,9.237602403469732382e-01,6.783696016166206322e-01,6.266768181035881069e-01
1.314156250000000000e+03,9.227264476522104575e-01,6.747711144450065923e-01,6.226549387266843150e-01
1.314174999999999955e+03,9.216864876833145148e-01,6.711675212717603811e-01,6.186316540327903013e-01
1.314193749999999909e+03,9.206403814168654387e-01,6.675591105348327448e-01,6.146073261907839536e-01
1.314212500000000091e+03,9.195881499352044353e-01,6.639461696123102330e-01,6.105823151367352208e-01
1.314231250000000045e+03,9.185298144434261847e-01,6.603289847874136420e-01,6.065569785379963941e-01
1.314250000000000000e+03,9.174653962424895726e-01,6.567078412126429177e-01,6.025316717277505729e-01
1.314268749999999955e+03,9.163949167594640510e-01,6.530830228748726318e-01,5.985067476787776508e-01
1.314287499999999909e+03,9.153183975238721182e-01,6.494548125613281986e-01,5.944825569428054957e-01
1.314306250000000091e+03,9.142358601795812501e-01,6.458234918247977019e-01,5.904594476130761160e-01
1.314325000000000045e+03,9.131473264762122177e-01,6.421893409507581918e-01,5.864377652756987969e-01
1.314343750000000000e+03,9.120528182683057539e-01,6.385526389235856026e-01,5.824178529657555448e-01
1.314362499999999955e+03,9.109523575277125307e-01,6.349136633937459973e-01,5.784000511331657268e-01
1.314381249999999909e+03,9.098459663272293607e-01,6.312726906458149267e-01,5.743846975913371455e-01
1.314400000000000091e+03,9.087336668453779298e-01,6.276299955661442942e-01,5.703721274795724439e-01
1.314418750000000045e+03,9.076154813691637013e-01,6.239858516116831844e-01,5.663626732256171747e-01
1.314437500000000000e+03,9.064914322872360541e-01,6.203405307786122869e-01,5.623566645024761224e-01
1.314456249999999955e+03,9.053615420947226378e-01,6.166943035719014699e-01,5.583544281938739307e-01
1.314474999999999909e+03,9.042258333953729910e-01,6.130474389754048126e-01,5.543562883589021606e-01
1.314493750000000091e+03,9.030843288862067109e-01,6.094002044215379721e-01,5.503625661860345186e-01
1.314512500000000045e+03,9.019370513743718565e-01,6.057528657628459268e-01,5.463735799691596950e-01
1.314531250000000000e+03,9.007840237637189107e-01,6.021056872426885365e-01,5.423896450646652490e-01
1.314549999999999955e+03,8.996252690641302063e-01,5.984589314669481741e-01,5.384110738638177018e-01
1.314568749999999909e+03,8.984608103815158175e-01,5.948128593766059957e-01,5.344381757546734502e-01
1.314587500000000091e+03,8.972906709221086796e-01,5.911677302199216388e-01,5.304712570927642146e-01
1.314606250000000045e+03,8.961148739968978205e-01,5.875238015261989855e-01,5.265106211736479969e-01
1.314625000000000000e+03,8.949334430020368103e-01,5.838813290786860621e-01,5.225565681910148141e-01
1.314643749999999955e+03,8.937464014457828787e-01,5.802405668888298562e-01,5.186093952238892690e-01
1.314662499999999909e+03,8.925537729259673814e-01,5.766017671714908088e-01,5.146693961960328023e-01
1.314681250000000091e+03,8.913555811335631684e-01,5.729651803191423420e-01,5.107368618503329571e-01
1.314700000000000045e+03,8.901518498661050716e-01,5.693310548781413960e-01,5.068120797310285974e-01
1.314718750000000000e+03,8.889426029971991827e-01,5.656996375241502006e-01,5.028953341404907018e-01
1.314737499999999955e+03,8.877278645146671199e-01,5.620711730391555472e-01,4.989869061371218217e-01
1.314756249999999909e+03,8.865076584914339808e-01,5.584459042883531676e-01,4.950870734951855479e-01
1.314775000000000091e+03,8.852820090877125958e-01,5.548240721976105405e-01,4.911961106835970314e-01
1.314793750000000045e+03,8.840509405645902152e-01,5.512059157318205393e-01,4.873142888521819760e-01
1.314812500000000000e+03,8.828144772621578928e-01,5.475916718728920385e-01,4.834418757983429682e-01
1.314831249999999955e+03,8.815726436285276080e-01,5.439815755994201751e-01,4.795791359638081341e-01
1.314849999999999909e+03,8.803254641861424368e-01,5.403758598655269418e-01,4.757263303965691414e-01
1.314868750000000091e+03,8.790729635525622587e-01,5.367747555816162475e-01,4.718837167449111414e-01
1.314887500000000045e+03,8.778151664335901438e-01,5.331784915946155001e-01,4.680515492362242180e-01
1.314906250000000000e+03,8.765520976209446591e-01,5.295872946688791050e-01,4.642300786593824280e-01
1.314924999999999955e+03,8.752837819931368335e-01,5.260013894679137492e-01,4.604195523500073106e-01
1.314943749999999909e+03,8.740102445210062854e-01,5.224209985366847775e-01,4.566202141790765001e-01
1.314962500000000091e+03,8.727315102504381583e-01,5.188463422836524508e-01,4.528323045297583671e-01
1.314981250000000045e+03,8.714476043181248466e-01,5.152776389643280996e-01,4.490560602933909573e-01
1.315000000000000000e+03,8.701585519398667978e-01,5.117151046648684698e-01,4.452917148515155299e-01
1.315018749999999955e+03,8.688643784224345801e-01,5.081589532857151426e-01,4.415394980705833472e-01
1.315037499999999909e+03,8.675651091485654387e-01,5.046093965266696957e-01,4.377996362845104072e-01
1.315056250000000091e+03,8.662607695849648959e-01,5.010666438717799043e-01,4.340723522893152331e-01
1.315075000000000045e+03,8.649513852807629855e-01,4.975309025752717162e-01,4.303578653341437188e-01
1.315093750000000000e+03,8.636369818569954449e-01,4.940023776472164396e-01,4.266563911080601956e-01
1.315112499999999955e+03,8.623175850196943548e-01,4.904812718404757410e-01,4.229681417401363608e-01
1.315131249999999909e+03,8.609932205633128444e-01,4.869677856377631620e-01,4.192933257950458015e-01
1.315150000000000091e+03,8.596639143403266292e-01,4.834621172392123967e-01,4.156321482530524469e-01
1.315168750000000045e+03,8.583296922959565700e-01,4.799644625507511475e-01,4.119848105229684809e-01
1.315187500000000000e+03,8.569905804425177465e-01,4.764750151725200555e-01,4.083515104260270756e-01
1.315206249999999955e+03,8.556466048711215411e-01,4.729939663880206036e-01,4.047324421989592635e-01
1.315224999999999909e+03,8.542977917526825005e-01,4.695215051539882722e-01,4.011277964927879580e-01
1.315243750000000091e+03,8.529441673211759500e-01,4.660578180901577272e-01,3.975377603636000567e-01
1.315262500000000045e+03,8.515857578954928453e-01,4.626030894704301066e-01,3.939625172830734101e-01
1.315281250000000000e+03,8.502225898551820649e-01,4.591575012135518108e-01,3.904022471273121409e-01
1.315299999999999955e+03,8.488546896598362368e-01,4.557212328747416441e-01,3.868571261872280065e-01
1.315318749999999909e+03,8.474820838433532177e-01,4.522944616382535421e-01,3.833273271682945960e-01
1.315337500000000091e+03,8.461047989944395775e-01,4.488773623093810228e-01,3.798130191841047609e-01
1.315356250000000045e+03,8.447228617872325485e-01,4.454701073081416274e-01,3.763143677744106297e-01
1.315375000000000000e+03,8.433362989551044242e-01,4.420728666623279235e-01,3.728315348972079946e-01
1.315393749999999955e+03,8.419451372972984737e-01,4.386858080018566364e-01,3.693646789371761718e-01
1.315412499999999909e+03,8.405494036974494598e-01,4.353090965532270817e-01,3.659139547195627284e-01
1.315431250000000091e+03,8.391491250801901280e-01,4.319428951343802781e-01,3.624795134975968836e-01
1.315450000000000045e+03,8.377443284564279891e-01,4.285873641507661480e-01,3.590615029801031421e-01
1.315468750000000000e+03,8.363350408842284978e-01,4.252426615903427409e-01,3.556600673217142350e-01
1.315487499999999955e+03,8.349212895011992597e-01,4.219089430207992319e-01,3.522753471461980701e-01
1.315506249999999909e+03,8.335031014983788067e-01,4.185863615860742071e-01,3.489074795443435351e-01
1.315525000000000091e+03,8.320805041316354789e-01,4.152750680037015085e-01,3.455565980889208078e-01
1.315543750000000045e+03,8.306535247254318577e-01,4.119752105628294858e-01,3.422228328471053627e-01
1.315562500000000000e+03,8.292221906444507962e-01,4.086869351223345603e-01,3.389063103800413201e-01
1.315581249999999955e+03,8.277865293363287913e-01,4.054103851092468735e-01,3.356071537723169240e-01
1.315599999999999909e+03,8.263465682971039561e-01,4.021457015186231665e-01,3.323254826309772758e-01
1.315618750000000091e+03,8.249023350819957301e-01,3.988930229122943372e-01,3.290614131026177169e-01
1.315637500000000045e+03,8.234538573027563313e-01,3.956524854197636665e-01,3.258150578869788427e-01
1.315656250000000000e+03,8.220011626268850513e-01,3.924242227379799997e-01,3.225865262506329989e-01
1.315674999999999955e+03,8.205442787832492035e-01,3.892083661325381194e-01,3.193759240445933623e-01
1.315693749999999909e+03,8.190832335493436478e-01,3.860050444391653901e-01,3.161833537151881313e-01
1.315712500000000091e+03,8.176180547633579154e-01,3.828143840652140639e-01,3.130089143249035755e-01
1.315731250000000045e+03,8.161487703123765369e-01,3.796365089922034697e-01,3.098527015650116567e-01
1.315750000000000000e+03,8.146754081351907928e-01,3.764715407779478107e-01,3.067148077737941181e-01
1.315768749999999955e+03,8.131979962243127691e-01,3.733195985601363009e-01,3.035953219558061300e-01
1.315787499999999909e+03,8.117165626269388090e-01,3.701807990592185238e-01,3.004943298003412422e-01
1.315806250000000091e+03,8.102311354350224537e-01,3.670552565826592506e-01,2.974119136971903332e-01
1.315825000000000045e+03,8.087417427898969668e-01,3.639430830291792152e-01,2.943481527580508184e-01
1.315843750000000000e+03,8.072484128842528639e-01,3.608443878929881721e-01,2.913031228370709380e-01
1.315862499999999955e+03,8.057511739596260325e-01,3.577592782693590490e-01,2.882768965510074111e-01
1.315881249999999909e+03,8.042500543044388550e-01,3.546878588595752113e-01,2.852695432992855551e-01
1.315900000000000091e+03,8.027450822487565141e-01,3.516302319769381013e-01,2.822811292839574882e-01
1.315918750000000045e+03,8.012362861726155527e-01,3.485864975531467458e-01,2.793117175349372761e-01
1.315937500000000000e+03,7.997236944939999370e-01,3.455567531444548313e-01,2.763613679280218505e-01
1.315956249999999955e+03,7.982073356860331925e-01,3.425410939388625065e-01,2.734301372141081932e-01
1.315974999999999909e+03,7.966872382552234733e-01,3.395396127634041084e-01,2.705180790350871778e-01
1.315993750000000091e+03,7.951634307531741941e-01,3.365524000915364189e-01,2.676252439516015880e-01
1.316012500000000045e+03,7.936359417755363133e-01,3.335795440516644006e-01,2.647516794673668850e-01
1.316031250000000000e+03,7.921047999508507020e-01,3.306211304347789204e-01,2.618974300495780505e-01
1.316049999999999955e+03,7.905700339559404988e-01,3.276772427038690538e-01,2.590625371597335413e-01
1.316068749999999909e+03,7.890316725035769752e-01,3.247479620025069957e-01,2.562470392746301062e-01
1.316087500000000091e+03,7.874897443407786746e-01,3.218333671643504590e-01,2.534509719118220872e-01
1.316106250000000045e+03,7.859442782613579315e-01,3.189335347227827966e-01,2.506743676598531256e-01
1.316125000000000000e+03,7.843953030743693322e-01,3.160485389211296070e-01,2.479172561948720377e-01
1.316143749999999955e+03,7.828428476533157987e-01,3.131784517228780040e-01,2.451796643231675121e-01
1.316162499999999909e+03,7.812869408891800482e-01,3.103233428221504053e-01,2.424616159932826698e-01
1.316181250000000091e+03,7.797276117058640210e-01,3.074832796550504010e-01,2.397631323288761385e-01
1.316200000000000045e+03,7.781648890700472165e-01,3.046583274107467210e-01,2.370842316594731214e-01
1.316218750000000000e+03,7.765988019701577372e-01,3.018485490429232421e-01,2.344249295420666457e-01
1.316237499999999955e+03,7.750293794288664051e-01,2.990540052818297379e-01,2.317852387936181480e-01
1.316256249999999909e+03,7.734566505083898535e-01,2.962747546464931658e-01,2.291651695213813567e-01
1.316275000000000091e+03,7.718806442939210033e-01,2.935108534566698846e-01,2.265647291465575364e-01
1.316293750000000045e+03,7.703013898957910000e-01,2.907623558464635383e-01,2.239839224349917390e-01
1.316312500000000000e+03,7.687189164544613318e-01,2.880293137762844347e-01,2.214227515273912428e-01
1.316331249999999955e+03,7.671332531476010574e-01,2.853117770468232006e-01,2.188812159716308214e-01
1.316349999999999909e+03,7.655444291676644086e-01,2.826097933123191686e-01,2.163593127460755883e-01
1.316368750000000091e+03,7.639524737347979100e-01,2.799234080941532254e-01,2.138570362934163471e-01
1.316387500000000045e+03,7.623574161010191474e-01,2.772526647952759937e-01,2.113743785525172003e-01
1.316406250000000000e+03,7.607592855324817327e-01,2.745976047141151510e-01,2.089113289837770393e-01
1.316424999999999955e+03,7.591581113246071988e-01,2.719582670591961793e-01,2.064678746042496460e-01
1.316443749999999909e+03,7.575539228012830861e-01,2.693346889637605601e-01,2.040440000182147939e-01
1.316462500000000091e+03,7.559467492930714849e-01,2.667269055010731416e-01,2.016396874426682195e-01
1.316481250000000045e+03,7.543366201633249224e-01,2.641349496993738999e-01,1.992549167455104631e-01
1.316500000000000000e+03,7.527235647914044536e-01,2.615588525570012868e-01,1.968896654722096795e-01
1.316518749999999955e+03,7.511076125738448406e-01,2.589986430585149990e-01,1.945439088780918369e-01
1.316537499999999909e+03,7.494887929315932062e-01,2.564543481903439059e-01,1.922176199617687820e-01
1.316556250000000091e+03,7.478671352940663430e-01,2.539259929564753882e-01,1.899107694925568912e-01
1.316575000000000045e+03,7.462426691195002126e-01,2.514136003952813225e-01,1.876233260480630882e-01
1.316593750000000000e+03,7.446154238658935220e-01,2.489171915953713177e-01,1.853552560383791292e-01
1.316612499999999955e+03,7.429854290255787364e-01,2.464367857124602768e-01,1.831065237470912987e-01
1.316631249999999909e+03,7.413527140919458081e-01,2.439723999860817782e-01,1.808770913550376280e-01
1.316650000000000091e+03,7.397173085688796279e-01,2.415240497565328270e-01,1.786669189749778841e-01
1.316668750000000045e+03,7.380792419870101373e-01,2.390917484820891947e-01,1.764759646878751864e-01
1.316687500000000000e+03,7.364385438756366753e-01,2.366755077559622722e-01,1.743041845681788660e-01
1.316706249999999955e+03,7.347952437811878790e-01,2.342753373241016901e-01,1.721515327209574009e-01
1.316724999999999909e+03,7.331493712694489018e-01,2.318912451026184374e-01,1.700179613146285684e-01
1.316743750000000091e+03,7.315009558901168774e-01,2.295232371954111505e-01,1.679034206050686595e-01
1.316762500000000045e+03,7.298500272248534815e-01,2.271713179121947479e-01,1.658078589793894053e-01
1.316781250000000000e+03,7.281966148528915550e-01,2.248354897865557922e-01,1.637312229804128716e-01
1.316799999999999955e+03,7.265407483624958251e-01,2.225157535937844488e-01,1.616734573415639920e-01
1.316818749999999909e+03,7.248824573541783334e-01,2.202121083695448567e-01,1.596345050202864491e-01
1.316837500000000091e+03,7.232217714204213221e-01,2.179245514279031237e-01,1.576143072257103483e-01
1.316856250000000045e+03,7.215587201705592202e-01,2.156530783800772177e-01,1.556128034567416385e-01
1.316875000000000000e+03,7.198933332083494729e-01,2.133976831528448803e-01,1.536299315293425949e-01
1.316893749999999955e+03,7.182256401435327398e-01,2.111583580074539723e-01,1.516656276115291024e-01
1.316912499999999909e+03,7.165556705962191630e-01,2.089350935583338953e-01,1.497198262564364279e-01
1.316931250000000091e+03,7.148834541774333751e-01,2.067278787919046013e-01,1.477924604303336720e-01
1.316950000000000045e+03,7.132090205038805752e-01,2.045367010858135659e-01,1.458834615480635866e-01
1.316968750000000000e+03,7.115323991793883751e-01,2.023615462276785459e-01,1.439927595010450367e-01
1.316987499999999955e+03,7.098536198316593993e-01,2.002023984346271712e-01,1.421202826970149879e-01
1.317006249999999909e+03,7.081727120646218454e-01,1.980592403721502248e-01,1.402659580819361207e-01
1.317025000000000091e+03,7.064897054856392744e-01,1.959320531737794580e-01,1.384297111776207623e-01
1.317043750000000045e+03,7.048046297058967458e-01,1.938208164601706585e-01,1.366114661132250829e-01
1.317062500000000000e+03,7.031175143185985910e-01,1.917255083586688613e-01,1.348111456526678020e-01
1.317081249999999955e+03,7.014283889233435820e-01,1.896461055226502934e-01,1.330286712307588992e-01
1.317099999999999909e+03,6.997372831138033433e-01,1.875825831512347719e-01,1.312639629822338339e-01
1.317118750000000091e+03,6.980442264663540008e-01,1.855349150086780530e-01,1.295169397707237879e-01
1.317137500000000045e+03,6.963492485593609782e-01,1.835030734441669975e-01,1.277875192235994328e-01
1.317156250000000000e+03,6.946523789575740349e-01,1.814870294113784532e-01,1.260756177599063055e-01
1.317174999999999955e+03,6.929536472176315298e-01,1.794867524880732479e-01,1.243811506221244867e-01
1.317193749999999909e+03,6.912530828979611686e-01,1.775022108960238043e-01,1.227040319086942222e-01
1.317212500000000091e+03,6.895507155239897212e-01,1.755333715204808742e-01,1.210441745980747469e-01
1.317231250000000045e+03,6.878465746255763014e-01,1.735801999300539411e-01,1.194014905858529763e-01
1.317250000000000000e+03,6.861406897150154061e-01,1.716426603966389741e-01,1.177758907110529468e-01
1.317268749999999955e+03,6.844330902957127538e-01,1.697207159148882150e-01,1.161672847874024445e-01
1.317287499999999909e+03,6.827238058551410305e-01,1.678143282220294907e-01,1.145755816319098674e-01
1.317306250000000091e+03,6.810128658608243235e-01,1.659234578178477304e-01,1.130006890939389552e-01
1.317325000000000045e+03,6.793002997722894509e-01,1.640480639843670263e-01,1.114425140865443892e-01
1.317343750000000000e+03,6.775861370254194771e-01,1.621881048054470698e-01,1.099009626129400785e-01
1.317362499999999955e+03,6.758704070497890681e-01,1.603435371866961112e-01,1.083759397984448009e-01
1.317381249999999909e+03,6.741531392464586991e-01,1.585143168751994291e-01,1.068673499156380102e-01
1.317400000000000091e+03,6.724343630055636956e-01,1.567003984791494331e-01,1.053750964157245812e-01
1.317418750000000045e+03,6.707141076967975124e-01,1.549017354876092989e-01,1.038990819553916034e-01
1.317437500000000000e+03,6.689924026590217121e-01,1.531182802900525608e-01,1.024392084232751132e-01
1.317456249999999955e+03,6.672692772263800753e-01,1.513499841961429004e-01,1.009953769720134537e-01
1.317474999999999909e+03,6.655447607016840017e-01,1.495967974552422919e-01,9.956748804174034295e-02
1.317493750000000091e+03,6.638188823686178575e-01,1.478586692758445953e-01,9.815544138933740559e-02
1.317512500000000045e+03,6.620916714866167396e-01,1.461355478453833512e-01,9.675913611505998491e-02
1.317531250000000000e+03,6.603631572901268454e-01,1.444273803493443808e-01,9.537847068917090776e-02
1.317549999999999955e+03,6.586333689888710374e-01,1.427341129908977768e-01,9.401334297885327596e-02
1.317568749999999909e+03,6.569023357768520865e-01,1.410556910101348205e-01,9.266365027587269987e-02
1.317587500000000091e+03,6.551700868024369351e-01,1.393920587033962710e-01,9.132928931856536259e-02
1.317606250000000045e+03,6.534366512053684239e-01,1.377431594425025940e-01,9.001015632305912895e-02
1.317625000000000000e+03,6.517020580869324897e-01,1.361089356939885475e-01,8.870614700480967951e-02
1.317643749999999955e+03,6.499663365198267151e-01,1.344893290380205220e-01,8.741715660534123133e-02
1.317662499999999909e+03,6.482295155605709569e-01,1.328842801875647073e-01,8.614307991916883567e-02
1.317681250000000091e+03,6.464916242173353034e-01,1.312937290073345475e-01,8.488381131438066385e-02
1.317700000000000045e+03,6.447526914859015301e-01,1.297176145326266183e-01,8.363924476206949232e-02
1.317718750000000000e+03,6.430127463078673111e-01,1.281558749880420955e-01,8.240927385515911530e-02
1.317737499999999955e+03,6.412718176121122715e-01,1.266084478063643770e-01,8.119379183804095734e-02
1.317756249999999909e+03,6.395299342956496380e-01,1.250752696469390468e-01,7.999269162769576114e-02
1.317775000000000091e+03,6.377871252066781294e-01,1.235562764144732956e-01,7.880586583531010159e-02
1.317793750000000045e+03,6.360434191674751991e-01,1.220514032773010182e-01,7.763320679233959298e-02
1.317812500000000000e+03,6.342988449577177112e-01,1.205605846856920016e-01,7.647460657139573681e-02
1.317831249999999955e+03,6.325534313384610918e-01,1.190837543901921841e-01,7.532995701191753934e-02
1.317849999999999909e+03,6.308072070243557761e-01,1.176208454597935105e-01,7.419914973920666013e-02
1.317868750000000091e+03,6.290602006840034788e-01,1.161717902998414542e-01,7.308207618658445204e-02
1.317887500000000045e+03,6.273124409577495175e-01,1.147365206699983292e-01,7.197862761935377995e-02
1.317906250000000000e+03,6.255639564481326742e-01,1.133149677021890872e-01,7.088869515527060350e-02
1.317924999999999955e+03,6.238147757072678434e-01,1.119070619181530696e-01,6.981216978428084197e-02
1.317943749999999909e+03,6.220649272710659927e-01,1.105127332471030482e-01,6.874894239338119606e-02
1.317962500000000091e+03,6.203144395983793968e-01,1.091319110431742540e-01,6.769890378046082569e-02
1.317981250000000045e+03,6.185633411413381522e-01,1.077645241029654005e-01,6.666194468261664452e-02
1.318000000000000000e+03,6.168116602878108701e-01,1.064105006824476035e-01,6.563795578966458155e-02
1.318018749999999955e+03,6.150594253869483552e-01,1.050697685143237442e-01,6.462682776690616138e-02
1.318037499999999909e+03,6.133066647538654159e-01,1.037422548250184207e-01,6.362845127506880361e-02
1.318056250000000091e+03,6.115534066460152074e-01,1.024278863513691240e-01,6.264271698690400403e-02
1.318075000000000045e+03,6.097996792877118377e-01,1.011265893576514391e-01,6.166951560882294459e-02
1.318093750000000000e+03,6.080455108398280517e-01,9.983828965184099458e-02,6.070873789617640265e-02
1.318112499999999955e+03,6.062909294351446210e-01,9.856291260231621332e-02,5.976027467528867432e-02
1.318131249999999909e+03,6.045359631514143350e-01,9.730038315419478612e-02,5.882401685871450209e-02
1.318150000000000091e+03,6.027806400184894109e-01,9.605062584537002457e-02,5.789985546357220847e-02
1.318168750000000045e+03,6.010249880174318715e-01,9.481356482285012433e-02,5.698768162902653062e-02
1.318187500000000000e+03,5.992690350766101126e-01,9.358912385835488346e-02,5.608738663282928499e-02
1.318206249999999955e+03,5.975128090797856562e-01,9.237722636434538004e-02,5.519886190904057383e-02
1.318224999999999909e+03,5.957563378632221296e-01,9.117779540958194373e-02,5.432199906419014901e-02
1.318243750000000091e+03,5.939996492008399187e-01,8.999075373457014748e-02,5.345668989210291405e-02
1.318262500000000045e+03,5.922427708230818544e-01,8.881602376701600021e-02,5.260282639161575902e-02
1.318281250000000000e+03,5.904857303989324846e-01,8.765352763697753513e-02,5.176030078053704686e-02
1.318299999999999955e+03,5.887285555514797375e-01,8.650318719192048866e-02,5.092900551236552442e-02
1.318318749999999909e+03,5.869712738529494489e-01,8.536492401157547150e-02,5.010883329082151116e-02
1.318337500000000091e+03,5.852139128131156331e-01,8.423865942279393226e-02,4.929967708364535461e-02
1.318356250000000045e+03,5.834564998862851182e-01,8.312431451407693850e-02,4.850143013761770011e-02
1.318375000000000000e+03,5.816990624706341872e-01,8.202181015009916976e-02,4.771398599269600221e-02
1.318393749999999955e+03,5.799416279161733190e-01,8.093106698590840642e-02,4.693723849645932422e-02
1.318412499999999909e+03,5.781842235068529456e-01,7.985200548111683061e-02,4.617108181622868457e-02
1.318431250000000091e+03,5.764268764717276339e-01,7.878454591386391259e-02,4.541541045325839937e-02
1.318450000000000045e+03,5.746696139778078027e-01,7.772860839476156136e-02,4.467011925522068605e-02
1.318468750000000000e+03,5.729124631326579786e-01,7.668411288037892126e-02,4.393510342901854604e-02
1.318487499999999955e+03,5.711554509904352983e-01,7.565097918689560330e-02,4.321025855374256708e-02
1.318506249999999909e+03,5.693986045423734543e-01,7.462912700340826322e-02,4.249548059203456241e-02
1.318525000000000091e+03,5.676419507128996900e-01,7.361847590508135974e-02,4.179066590164238343e-02
1.318543750000000045e+03,5.658855163688789602e-01,7.261894536626993524e-02,4.109571124774225731e-02
1.318562500000000000e+03,5.641293283123376412e-01,7.163045477338991773e-02,4.041051381368757772e-02
1.318581249999999955e+03,5.623734132799208529e-01,7.065292343743596881e-02,3.973497121188913905e-02
1.318599999999999909e+03,5.606177979597225525e-01,6.968627060685358976e-02,3.906898149592150093e-02
1.318618750000000091e+03,5.588625089502324839e-01,6.873041547964651998e-02,3.841244316793741842e-02
1.318637500000000045e+03,5.571075728110203018e-01,6.778527721575006160e-02,3.776525519250305274e-02
1.318656250000000000e+03,5.553530160086754819e-01,6.685077494904853590e-02,3.712731700276090258e-02
1.318674999999999955e+03,5.535988649663546868e-01,6.592682779923225711e-02,3.649852851345845167e-02
1.318693749999999909e+03,5.518451460315912938e-01,6.501335488363196857e-02,3.587879012819615576e-02
1.318712500000000091e+03,5.500918854821403858e-01,6.411027532868696088e-02,3.526800274891269543e-02
1.318731250000000045e+03,5.483391095341296761e-01,6.321750828139069411e-02,3.466606778529714855e-02
1.318750000000000000e+03,5.465868443251978848e-01,6.233497292057023353e-02,3.407288716233458636e-02
1.318768749999999955e+03,5.448351159323141513e-01,6.146258846786534225e-02,3.348836332973754298e-02
1.318787499999999909e+03,5.430839503569744320e-01,6.060027419873783433e-02,3.291239926915528330e-02
1.318806250000000091e+03,5.413333735389893597e-01,5.974794945316088540e-02,3.234489850282738777e-02
1.318825000000000045e+03,5.395834113349320393e-01,5.890553364625875088e-02,3.178576509989389925e-02
1.318843750000000000e+03,5.378340895341219285e-01,5.807294627863281156e-02,3.123490368466227615e-02
1.318862499999999955e+03,5.360854338556800824e-01,5.725010694672681699e-02,3.069221944357100260e-02
1.318881249999999909e+03,5.343374699535470285e-01,5.643693535280874113e-02,3.015761813225300778e-02
1.318900000000000091e+03,5.325902233853121448e-01,5.563335131500547065e-02,2.963100608043434808e-02
1.318918750000000045e+03,5.308437196606243802e-01,5.483927477697701086e-02,2.911229020099972281e-02
1.318937500000000000e+03,5.290979841961503949e-01,5.405462581755285378e-02,2.860137799360353700e-02
1.318956249999999955e+03,5.273530423409201751e-01,5.327932466020290220e-02,2.809817755200646680e-02
1.318974999999999909e+03,5.256089193715809404e-01,5.251329168222674398e-02,2.760259756941600001e-02
1.318993750000000091e+03,5.238656404775642317e-01,5.175644742393518266e-02,2.711454734317809978e-02
1.319012500000000045e+03,5.221232307867575972e-01,5.100871259763198329e-02,2.663393678135299314e-02
1.319031250000000000e+03,5.203817153311504073e-01,5.027000809628814210e-02,2.616067640585583234e-02
1.319049999999999955e+03,5.186411190833112306e-01,4.954025500226920398e-02,2.569467735914781822e-02
1.319068749999999909e+03,5.169014669253075844e-01,4.881937459575440286e-02,2.523585140717096373e-02
1.319087500000000091e+03,5.151627836646325287e-01,4.810728836309244999e-02,2.478411094451191815e-02
1.319106250000000045e+03,5.134250940248638040e-01,4.740391800485697221e-02,2.433936899801101422e-02
1.319125000000000000e+03,5.116884226559180737e-01,4.670918544399170480e-02,2.390153923124205618e-02
1.319143749999999955e+03,5.099527941196664305e-01,4.602301283345863053e-02,2.347053594743099547e-02
1.319162499999999909e+03,5.082182329139639521e-01,4.534532256406607897e-02,2.304627409414254993e-02
1.319181250000000091e+03,5.064847634270509547e-01,4.467603727188199092e-02,2.262866926442206814e-02
1.319200000000000045e+03,5.047524099907823025e-01,4.401507984570020293e-02,2.221763770237572197e-02
1.319218750000000000e+03,5.030211968350318807e-01,4.336237343411680767e-02,2.181309630393582152e-02
1.319237499999999955e+03,5.012911481213823128e-01,4.271784145271469851e-02,2.141496262112987936e-02
1.319256249999999909e+03,4.995622879202781252e-01,4.208140759089061544e-02,2.102315486354349588e-02
1.319275000000000091e+03,4.978346402189404163e-01,4.145299581859000770e-02,2.063759190098723648e-02
1.319293750000000045e+03,4.961082289242089161e-01,4.083253039299899328e-02,2.025819326579315210e-02
1.319312500000000000e+03,4.943830778383091484e-01,4.021993586481184546e-02,1.988487915369140796e-02
1.319331249999999955e+03,4.926592107089468042e-01,3.961513708474311002e-02,1.951757042773481776e-02
1.319349999999999909e+03,4.909366511824951873e-01,3.901805920951088857e-02,1.915618861789313704e-02
1.319368750000000091e+03,4.892154228047919107e-01,3.842862770787675020e-02,1.880065592257229232e-02
1.319387500000000045e+03,4.874955490579560569e-01,3.784676836656047927e-02,1.845089521132974378e-02
1.319406250000000000e+03,4.857770533173146332e-01,3.727240729584167800e-02,1.810683002423185695e-02
1.319424999999999955e+03,4.840599588859320068e-01,3.670547093519686138e-02,1.776838457413023459e-02
1.319443749999999909e+03,4.823442889719886106e-01,3.614588605868896548e-02,1.743548374653915850e-02
1.319462500000000091e+03,4.806300666891706874e-01,3.559357978021644719e-02,1.710805310024884895e-02
1.319481250000000045e+03,4.789173150680094970e-01,3.504847955872862630e-02,1.678601886821391373e-02
1.319500000000000000e+03,4.772060570406057578e-01,3.451051320308340387e-02,1.646930795722604049e-02
1.319518749999999955e+03,4.754963154665916014e-01,3.397960887701793886e-02,1.615784794900581439e-02
1.319537499999999909e+03,4.737881130966471455e-01,3.345569510378948452e-02,1.585156709888082063e-02
1.319556250000000091e+03,4.720814725975590598e-01,3.293870077076287151e-02,1.555039433649908591e-02
1.319575000000000045e+03,4.703764165463406588e-01,3.242855513390545397e-02,1.525425926533650889e-02
1.319593750000000000e+03,4.686729674140284185e-01,3.192518782203308814e-02,1.496309216169761959e-02
1.319612499999999955e+03,4.669711475980942716e-01,3.142852884093763621e-02,1.467682397516156985e-02
1.319631249999999909e+03,4.652709794017152456e-01,3.093850857754527200e-02,1.439538632722765603e-02
1.319650000000000091e+03,4.635724850134543829e-01,3.045505780371304816e-02,1.411871150979392663e-02
1.319668750000000045e+03,4.618756865542795742e-01,2.997810768009081389e-02,1.384673248567348108e-02
1.319687500000000000e+03,4.601806060253874620e-01,2.950758975967333886e-02,1.357938288583675213e-02
1.319706249999999955e+03,4.584872653521933628e-01,2.904343599143474272e-02,1.331659700956689361e-02
1.319724999999999909e+03,4.567956863606883466e-01,2.858557872359796317e-02,1.305830982232588852e-02
1.319743750000000091e+03,4.551058907759342187e-01,2.813395070698603354e-02,1.280445695428505774e-02
1.319762500000000045e+03,4.534179002384471913e-01,2.768848509818466405e-02,1.255497469920720081e-02
1.319781250000000000e+03,4.517317362692499505e-01,2.724911546247601318e-02,1.230980001172365598e-02
1.319799999999999955e+03,4.500474203145658492e-01,2.681577577680922461e-02,1.206887050679926465e-02
1.319818749999999909e+03,4.483649737233281196e-01,2.638840043254344139e-02,1.183212445714958670e-02
1.319837500000000091e+03,4.466844177332568999e-01,2.596692423815820036e-02,1.159950079087168455e-02
1.319856250000000045e+03,4.450057734881963101e-01,2.555128242176143288e-02,1.137093908976615289e-02
1.319875000000000000e+03,4.433290620367681956e-01,2.514141063352945057e-02,1.114637958706574117e-02
1.319893749999999955e+03,4.416543043298283289e-01,2.473724494801433221e-02,1.092576316503118990e-02
1.319912499999999909e+03,4.399815212211968807e-01,2.433872186636495960e-02,1.070903135254870110e-02
1.319931250000000091e+03,4.383107334546830769e-01,2.394577831840095580e-02,1.049612632228816463e-02
1.319950000000000045e+03,4.366419616815412352e-01,2.355835166461982960e-02,1.028699088853666198e-02
1.319968750000000000e+03,4.349752264527897982e-01,2.317637969803507461e-02,1.008156850429335789e-02
1.319987499999999955e+03,4.333105482166811906e-01,2.279980064595885092e-02,9.879803258436438418e-03
1.320006249999999909e+03,4.316479473278165835e-01,2.242855317168509360e-02,9.681639873075728597e-03
1.320025000000000091e+03,4.299874440239465634e-01,2.206257637598647500e-02,9.487023700055458725e-03
1.320043750000000045e+03,4.283290584597636563e-01,2.170180979860688794e-02,9.295900718708612759e-03
1.320062500000000000e+03,4.266728106703388534e-01,2.134619341961792316e-02,9.108217531944434731e-03
1.320081249999999955e+03,4.250187206019132025e-01,2.099566766065105727e-02,8.923921363743980706e-03
1.320099999999999909e+03,4.233668080949037349e-01,2.065017338601733352e-02,8.742960055526183619e-03
1.320118750000000091e+03,4.217170928784284567e-01,2.030965190382070032e-02,8.565282062752681974e-03
1.320137500000000045e+03,4.200695945927763186e-01,1.997404496688240383e-02,8.390836451994673068e-03
1.320156250000000000e+03,4.184243327560205894e-01,1.964329477358017079e-02,8.219572896796461386e-03
1.320174999999999955e+03,4.167813267997445559e-01,1.931734396865276288e-02,8.051441674902180476e-03
1.320193749999999909e+03,4.151405960450259558e-01,1.899613564386009451e-02,7.886393664194564154e-03
1.320212500000000091e+03,4.135021597043605501e-01,1.867961333856813649e-02,7.724380339112969784e-03
1.320231250000000045e+03,4.118660368934036753e-01,1.836772104025098662e-02,7.565353767193856542e-03
1.320250000000000000e+03,4.102322466063682560e-01,1.806040318486462973e-02,7.409266604861853601e-03
1.320268749999999955e+03,4.086008077553980322e-01,1.775760465722940259e-02,7.256072094389085653e-03
1.320287499999999909e+03,4.069717391324660372e-01,1.745927079120505182e-02,7.105724059329546378e-03
1.320306250000000091e+03,4.053450594216400638e-01,1.716534736989649979e-02,6.958176900885564876e-03
1.320325000000000045e+03,4.037207872075934123e-01,1.687578062567164985e-02,6.813385594099222869e-03
1.320343750000000000e+03,4.020989409592657937e-01,1.659051724019605656e-02,6.671305683612360066e-03
1.320362499999999955e+03,4.004795390528617660e-01,1.630950434431070392e-02,6.531893280022453563e-03
1.320381249999999909e+03,3.988625997472492468e-01,1.603268951787682056e-02,6.395105055414455897e-03
1.320400000000000091e+03,3.972481411958924125e-01,1.576002078954263225e-02,6.260898239470450398e-03
1.320418750000000045e+03,3.956361814444434022e-01,1.549144663641045458e-02,6.129230615290925249e-03
1.320437500000000000e+03,3.940267384297411746e-01,1.522691598362506046e-02,6.000060515204899345e-03
1.320456249999999955e+03,3.924198299781794241e-01,1.496637820393623142e-02,5.873346816557725725e-03
1.320474999999999909e+03,3.908154738218026503e-01,1.470978311714861604e-02,5.749048937714502927e-03
1.320493750000000091e+03,3.892136875628863235e-01,1.445708098951330525e-02,5.627126833269368959e-03
1.320512500000000045e+03,3.876144887116918514e-01,1.420822253304575983e-02,5.507540990318542454e-03
1.320531250000000000e+03,3.860178946503429742e-01,1.396315890479804533e-02,5.390252423627426431e-03
1.320549999999999955e+03,3.844239226763765949e-01,1.372184170603242548e-02,5.275222671907202170e-03
1.320568749999999909e+03,3.828325899637464724e-01,1.348422298134694525e-02,5.162413792898983694e-03
1.320587500000000091e+03,3.812439135704888682e-01,1.325025521774342470e-02,5.051788359113492180e-03
1.320606250000000045e+03,3.796579104594259291e-01,1.301989134364228175e-02,4.943309453712925634e-03
1.320625000000000000e+03,3.780745974662269582e-01,1.279308472779152120e-02,4.836940665655717689e-03
1.320643749999999955e+03,3.764939913317346121e-01,1.256978917815760460e-02,4.732646085692150499e-03
1.320662499999999909e+03,3.749161086801575116e-01,1.234995894077657412e-02,4.630390301639756429e-03
1.320681250000000091e+03,3.733409660197730129e-01,1.213354869846563870e-02,4.530138393916440659e-03
1.320700000000000045e+03,3.717685797555582705e-01,1.192051356958605951e-02,4.431855931242864241e-03
1.320718750000000000e+03,3.701989661722769331e-01,1.171080910665554635e-02,4.335508965936036088e-03
1.320737499999999955e+03,3.686321414509914351e-01,1.150439129499259729e-02,4.241064029631419832e-03
1.320756249999999909e+03,3.670681216600157337e-01,1.130121655121209615e-02,4.148488128651824092e-03
1.320775000000000091e+03,3.655069227517580566e-01,1.110124172178007448e-02,4.057748739487171061e-03
1.320793750000000045e+03,3.639485605714250505e-01,1.090442408144121252e-02,3.968813804373257093e-03
1.320812500000000000e+03,3.623930508403492845e-01,1.071072133161705790e-02,3.881651726591665158e-03
1.320831249999999955e+03,3.608404091876313835e-01,1.052009159876206822e-02,3.796231366296433461e-03
1.320849999999999909e+03,3.592906511084851817e-01,1.033249343268191969e-02,3.712522035548779416e-03
1.320868750000000091e+03,3.577437920056729115e-01,1.014788580479450246e-02,3.630493494237313230e-03
1.320887500000000045e+03,3.561998471534654764e-01,9.966228106347937987e-03,3.550115945181244424e-03
1.320906250000000000e+03,3.546588317083033126e-01,9.787480146616154425e-03,3.471360029739494445e-03
1.320924999999999955e+03,3.531207607392856107e-01,9.611602151009840389e-03,3.394196823586301953e-03
1.320943749999999909e+03,3.515856491781074733e-01,9.438554759199030073e-03,3.318597831717483900e-03
1.320962500000000091e+03,3.500535118496179710e-01,9.268299023168759254e-03,3.244534984251649240e-03
1.320981250000000045e+03,3.485243634716316263e-01,9.100796405230116362e-03,3.171980631924076026e-03
1.321000000000000000e+03,3.469982186329954588e-01,8.936008776020935504e-03,3.100907541403556938e-03
1.321018749999999955e+03,3.454750918247074809e-01,8.773898412441263894e-03,3.031288891094538040e-03
1.321037499999999909e+03,3.439549974170257318e-01,8.614427995580327402e-03,2.963098266462219858e-03
1.321056250000000091e+03,3.424379496670038603e-01,8.457560608591953993e-03,2.896309655641415848e-03
1.321075000000000045e+03,3.409239627172997444e-01,8.303259734558605248e-03,2.830897444984349469e-03
1.321093750000000000e+03,3.394130505868227510e-01,8.151489254286494249e-03,2.766836414542507474e-03
1.321112499999999955e+03,3.379052271968553955e-01,8.002213444121721378e-03,2.704101733871542082e-03
1.321131249999999909e+03,3.364005063473883839e-01,7.855396973680234263e-03,2.642668957416382212e-03
1.321150000000000091e+03,3.348989017153206071e-01,7.711004903612277486e-03,2.582514020122292885e-03
1.321168750000000045e+03,3.334004268757632672e-01,7.569002683284100329e-03,2.523613233219021857e-03
1.321187500000000000e+03,3.319050952712037650e-01,7.429356148462992575e-03,2.465943279625965566e-03
1.321206249999999955e+03,3.304129202524227482e-01,7.292031518964715853e-03,2.409481209919592769e-03
1.321224999999999909e+03,3.289239150401255807e-01,7.156995396303724409e-03,2.354204437726634385e-03
1.321243750000000091e+03,3.274380927426483456e-01,7.024214761263154923e-03,2.300090735542454495e-03
1.321262500000000045e+03,3.259554663504009575e-01,6.893656971522939964e-03,2.247118230420698352e-03
1.321281250000000000e+03,3.244760487401953664e-01,6.765289759180988759e-03,2.195265399726188844e-03
1.321299999999999955e+03,3.229998526772208112e-01,6.639081228318577388e-03,2.144511066910895648e-03
1.321318749999999909e+03,3.215268908139097825e-01,6.514999852514170853e-03,2.094834397279181620e-03
1.321337500000000091e+03,3.200571756752311758e-01,6.393014472357937301e-03,2.046214893695547880e-03
1.321356250000000045e+03,3.185907196797861940e-01,6.273094292924177862e-03,1.998632392542457926e-03
1.321375000000000000e+03,3.171275351205337656e-01,6.155208881240798770e-03,1.952067059442142869e-03
1.321393749999999955e+03,3.156676341911159867e-01,6.039328163753025086e-03,1.906499385294510790e-03
1.321412499999999909e+03,3.142110289594671757e-01,5.925422423763399005e-03,1.861910182005926647e-03
1.321431250000000091e+03,3.127577313732605169e-01,5.813462298830354702e-03,1.818280578437638309e-03
1.321450000000000045e+03,3.113077532788848800e-01,5.703418778213337550e-03,1.775592016471730546e-03
1.321468750000000000e+03,3.098611063887541373e-01,5.595263200242805469e-03,1.733826246781679020e-03
1.321487499999999955e+03,3.084178023122281509e-01,5.488967249715794028e-03,1.692965325011390465e-03
1.321506249999999909e+03,3.069778525426204441e-01,5.384502955277076404e-03,1.652991607723502086e-03
1.321525000000000091e+03,3.055412684503327481e-01,5.281842686764551612e-03,1.613887748407667700e-03
1.321543750000000045e+03,3.041080612951301276e-01,5.180959152588851882e-03,1.575636693633176771e-03
1.321562500000000000e+03,3.026782422147324958e-01,5.081825397056023361e-03,1.538221679086834714e-03
1.321581249999999955e+03,3.012518222398121726e-01,4.984414797716276227e-03,1.501626225788036100e-03
1.321599999999999909e+03,2.998288122833072111e-01,4.888701062691694355e-03,1.465834136193913846e-03
1.321618750000000091e+03,2.984092231325753963e-01,4.794658227995378906e-03,1.430829490352763817e-03
1.321637500000000045e+03,2.969930654749376453e-01,4.702260654865160136e-03,1.396596642254176006e-03
1.321656250000000000e+03,2.955803498632867954e-01,4.611483027048821938e-03,1.363120215905268924e-03
1.321674999999999955e+03,2.941710867514426009e-01,4.522300348133999857e-03,1.330385101785698911e-03
1.321693749999999909e+03,2.927652864693562340e-01,4.434687938841276947e-03,1.298376453037184764e-03
1.321712500000000091e+03,2.913629592285922332e-01,4.348621434326222987e-03,1.267079681831912493e-03
1.321731250000000045e+03,2.899641151335898281e-01,4.264076781474909414e-03,1.236480455792077996e-03
1.321750000000000000e+03,2.885687641643432388e-01,4.181030236206515795e-03,1.206564694317725740e-03
1.321768749999999955e+03,2.871769161893827915e-01,4.099458360755998260e-03,1.177318565073123824e-03
1.321787499999999909e+03,2.857885809650614339e-01,4.019338020974499819e-03,1.148728480448275250e-03
1.321806250000000091e+03,2.844037681207582380e-01,3.940646383618461555e-03,1.120781093993549219e-03
1.321825000000000045e+03,2.830224871814870369e-01,3.863360913651127122e-03,1.093463297040759208e-03
1.321843750000000000e+03,2.816447475498167208e-01,3.787459371519396809e-03,1.066762215184034182e-03
1.321862499999999955e+03,2.802705585162278967e-01,3.712919810467815544e-03,1.040665204916584648e-03
1.321881249999999909e+03,2.788999292600078395e-01,3.639720573822448259e-03,1.015159850251190271e-03
1.321900000000000091e+03,2.775328688347487027e-01,3.567840292297402936e-03,9.902339593232203398e-04
1.321918750000000045e+03,2.761693861830636920e-01,3.497257881295991189e-03,9.658755611318542433e-04
1.321937500000000000e+03,2.748094901382074351e-01,3.427952538220169557e-03,9.420729022636767109e-04
1.321956249999999955e+03,2.734531894063710888e-01,3.359903739770404244e-03,9.188144435793453493e-04
1.321974999999999909e+03,2.721004925947077546e-01,3.293091239277282610e-03,8.960888570979597340e-04
1.321993750000000091e+03,2.707514081767510294e-01,3.227495064003658640e-03,8.738850226910969661e-04
1.322012500000000045e+03,2.694059445288104482e-01,3.163095512487728352e-03,8.521920250572054311e-04
1.322031250000000000e+03,2.680641098947086909e-01,3.099873151859916520e-03,8.309991504834947145e-04
1.322049999999999955e+03,2.667259124185147878e-01,3.037808815186639026e-03,8.102958838659684183e-04
1.322068749999999909e+03,2.653913601280183943e-01,2.976883598817573265e-03,7.900719056021702309e-04
1.322087500000000091e+03,2.640604609271958725e-01,2.917078859734675410e-03,7.703170885474321539e-04
1.322106250000000045e+03,2.627332226114151847e-01,2.858376212909166138e-03,7.510214950713987436e-04
1.322125000000000000e+03,2.614096528551526633e-01,2.800757528671852029e-03,7.321753740660748300e-04
1.322143749999999955e+03,2.600897592317271134e-01,2.744204930094076064e-03,7.137691580790442693e-04
1.322162499999999909e+03,2.587735491945891142e-01,2.688700790360077329e-03,6.957934603645532252e-04
1.322181250000000091e+03,2.574610300774588523e-01,2.634227730174748625e-03,6.782390720298143733e-04
1.322200000000000045e+03,2.561522091090891462e-01,2.580768615158610894e-03,6.610969592454471943e-04
1.322218750000000000e+03,2.548470933906868408e-01,2.528306553263855432e-03,6.443582603919633485e-04
1.322237499999999955e+03,2.535456899260420394e-01,2.476824892198201469e-03,6.280142833754875529e-04
1.322256249999999909e+03,2.522480055973524427e-01,2.426307216858220994e-03,6.120565028342301282e-04
1.322275000000000091e+03,2.509540471702339515e-01,2.376737346778038870e-03,5.964765574549222562e-04
1.322293750000000045e+03,2.496638213099209858e-01,2.328099333583612263e-03,5.812662473442376356e-04
1.322312500000000000e+03,2.483773345477086336e-01,2.280377458458790561e-03,5.664175313139815753e-04
1.322331249999999955e+03,2.470945933228102798e-01,2.233556229629583834e-03,5.519225243776579868e-04
1.322349999999999909e+03,2.458156039536159021e-01,2.187620379852096321e-03,5.377734951102744639e-04
1.322368750000000091e+03,2.445403726395701527e-01,2.142554863921157342e-03,5.239628631153520804e-04
1.322387500000000045e+03,2.432689054771260961e-01,2.098344856184440003e-03,5.104831965504541330e-04
1.322406250000000000e+03,2.420012084449621181e-01,2.054975748073674304e-03,4.973272096175712295e-04
1.322424999999999955e+03,2.407372874111083083e-01,2.012433145647947366e-03,4.844877601323000112e-04
1.322443749999999909e+03,2.394771481340806363e-01,1.970702867150502403e-03,4.719578471103143030e-04
1.322462500000000091e+03,2.382207962574019455e-01,1.929770940580061243e-03,4.597306083717937969e-04
1.322481250000000045e+03,2.369682373129421704e-01,1.889623601272453915e-03,4.477993181936319516e-04
1.322500000000000000e+03,2.357194767204462138e-01,1.850247289502681336e-03,4.361573849857277641e-04
1.322518749999999955e+03,2.344745197930200586e-01,1.811628648095858036e-03,4.247983490071617608e-04
1.322537499999999909e+03,2.332333717311218246e-01,1.773754520052045697e-03,4.137158800907032147e-04
1.322556250000000091e+03,2.319960376150902726e-01,1.736611946193392184e-03,4.029037753978767945e-04
1.322575000000000045e+03,2.307625224315609236e-01,1.700188162818474895e-03,3.923559572611898510e-04
1.322593750000000000e+03,2.295328310420336748e-01,1.664470599372788089e-03,3.820664709541304275e-04
1.322612499999999955e+03,2.283069682038505188e-01,1.629446876140020449e-03,3.720294825839898169e-04
1.322631249999999909e+03,2.270849385665984210e-01,1.595104801938599477e-03,3.622392769678422011e-04
1.322650000000000091e+03,2.258667466654065425e-01,1.561432371848435908e-03,3.526902555367797377e-04
1.322668750000000045e+03,2.246523969264431764e-01,1.528417764937382330e-03,3.433769342852484503e-04
1.322687500000000000e+03,2.234418936642724729e-01,1.496049342015679830e-03,3.342939417384117461e-04
1.322706249999999955e+03,2.222352410939409939e-01,1.464315643400402938e-03,3.254360169685696896e-04
1.322724999999999909e+03,2.210324433125127885e-01,1.433205386694849214e-03,3.167980075933931705e-04
1.322743750000000091e+03,2.198335043067083938e-01,1.402707464593171876e-03,3.083748678441519957e-04
1.322762500000000045e+03,2.186384279644398021e-01,1.372810942690228962e-03,3.001616566630486049e-04
1.322781250000000000e+03,2.174472180541281996e-01,1.343505057315516312e-03,2.921535357843832426e-04
1.322799999999999955e+03,2.162598782442435863e-01,1.314779213377147626e-03,2.843457678980680246e-04
1.322818749999999909e+03,2.150764120932062984e-01,1.286622982230915162e-03,2.767337148004606106e-04
1.322837500000000091e+03,2.138968230517346858e-01,1.259026099558434092e-03,2.693128355877222367e-04
1.322856250000000045e+03,2.127211144581477864e-01,1.231978463268371257e-03,2.620786848680017813e-04
1.322875000000000000e+03,2.115492895494283654e-01,1.205470131408526140e-03,2.550269110183791643e-04
1.322893749999999955e+03,2.103813514579059296e-01,1.179491320098660645e-03,2.481532544499798925e-04
1.322912499999999909e+03,2.092173032063152083e-01,1.154032401481446327e-03,2.414535458978305546e-04
1.322931250000000091e+03,2.080571477030848659e-01,1.129083901687091222e-03,2.349237047366110279e-04
1.322950000000000045e+03,2.069008877643101207e-01,1.104636498818050436e-03,2.285597373525345851e-04
1.322968750000000000e+03,2.057485260915410674e-01,1.080681020948738623e-03,2.223577354889195361e-04
1.322987499999999955e+03,2.046000652821972077e-01,1.057208444143725723e-03,2.163138746546238616e-04
1.323006249999999909e+03,2.034555078319607302e-01,1.034209890494724527e-03,2.104244125476235753e-04
1.323025000000000091e+03,2.023148561264913325e-01,1.011676626171858486e-03,2.046856874912378983e-04
1.323043750000000045e+03,2.011781124516493491e-01,9.896000594953693365e-04,1.990941169145685771e-04
1.323062500000000000e+03,2.000452789795892639e-01,9.679717390208103468e-04,1.936461958313293518e-04
1.323081249999999955e+03,1.989163577917359427e-01,9.467833516456662310e-04,1.883384953798653276e-04
1.323099999999999909e+03,1.977913508570415257e-01,9.260267207327957514e-04,1.831676613421135899e-04
1.323118750000000091e+03,1.966702600374051757e-01,9.056938042494671031e-04,1.781304127126914999e-04
1.323137500000000045e+03,1.955530871039307117e-01,8.857766929244072088e-04,1.732235402999100283e-04
1.323156250000000000e+03,1.944398337114202346e-01,8.662676084232206510e-04,1.684439053115241512e-04
1.323174999999999955e+03,1.933305014181699588e-01,8.471589015412499474e-04,1.637884380042691369e-04
1.323193749999999909e+03,1.922250916827967504e-01,8.284430504121833216e-04,1.592541363338984656e-04
1.323212500000000091e+03,1.911236058569058816e-01,8.101126587374854427e-04,1.548380646248074556e-04
1.323231250000000045e+03,1.900260451902737180e-01,7.921604540283113446e-04,1.505373522710879634e-04
1.323250000000000000e+03,1.889324108311243033e-01,7.745792858705517975e-04,1.463491924557255820e-04
1.323268749999999955e+03,1.878427038312169284e-01,7.573621242039142200e-04,1.422708408939310704e-04
1.323287499999999909e+03,1.867569251393219332e-01,7.405020576158730973e-04,1.382996145878167670e-04
1.323306250000000091e+03,1.856750755968291366e-01,7.239922916594228666e-04,1.344328906051801289e-04
1.323325000000000045e+03,1.845971559577041510e-01,7.078261471842000989e-04,1.306681048956140757e-04
1.323343750000000000e+03,1.835231668590628640e-01,6.919970586845836363e-04,1.270027510906421569e-04
1.323362499999999955e+03,1.824531088551892832e-01,6.764985726637394404e-04,1.234343793692783259e-04
1.323381249999999909e+03,1.813869823936360426e-01,6.613243460217239954e-04,1.199605953030498531e-04
1.323400000000000091e+03,1.803247878203274035e-01,6.464681444510530931e-04,1.165790587396484091e-04
1.323418750000000045e+03,1.792665253858430341e-01,6.319238408572255914e-04,1.132874827074850822e-04
1.323437500000000000e+03,1.782121952398106057e-01,6.176854137921901616e-04,1.100836323305582178e-04
1.323456249999999955e+03,1.771617974384676886e-01,6.037469459054891924e-04,1.069653237705984832e-04
1.323474999999999909e+03,1.761153319396763228e-01,5.901026224129655778e-04,1.039304231797665544e-04
1.323493750000000091e+03,1.750727985988455859e-01,5.767467295816815784e-04,1.009768456724096123e-04
1.323512500000000045e+03,1.740341971808493093e-01,5.636736532333740720e-04,9.810255432444866467e-05
1.323531250000000000e+03,1.729995273462212602e-01,5.508778772608043280e-04,9.530555917474120185e-05
1.323549999999999955e+03,1.719687886669641896e-01,5.383539821646049495e-04,9.258391626164471332e-05
1.323568749999999909e+03,1.709419806165725364e-01,5.260966436051643744e-04,8.993572666182821551e-05
1.323587500000000091e+03,1.699191025710337921e-01,5.141006309702332838e-04,8.735913555239241889e-05
1.323606250000000045e+03,1.689001538124514645e-01,5.023608059613528676e-04,8.485233129145068674e-05
1.323625000000000000e+03,1.678851335261626332e-01,4.908721211926616451e-04,8.241354451116705674e-05
1.323643749999999955e+03,1.668740408093414562e-01,4.796296188104181885e-04,8.004104723361370969e-05
1.323662499999999909e+03,1.658668746612022571e-01,4.686284291258028308e-04,7.773315199306174146e-05
1.323681250000000091e+03,1.648636339797437955e-01,4.578637692641259003e-04,7.548821097787716990e-05
1.323700000000000045e+03,1.638643175839433475e-01,4.473309418314878687e-04,7.330461519990627789e-05
1.323718750000000000e+03,1.628689241866455029e-01,4.370253335958594978e-04,7.118079365611468430e-05
1.323737499999999955e+03,1.618774524168015150e-01,4.269424141842685129e-04,6.911521252826139262e-05
1.323756249999999909e+03,1.608899008091946303e-01,4.170777347961647963e-04,6.710637438273153971e-05
1.323775000000000091e+03,1.599062678023754625e-01,4.074269269321722522e-04,6.515281738908457469e-05
1.323793750000000045e+03,1.589265517489863166e-01,3.979857011387771424e-04,6.325311455827760377e-05
1.323812500000000000e+03,1.579507509080253502e-01,3.887498457669937946e-04,6.140587298740399040e-05
1.323831249999999955e+03,1.569788634453815335e-01,3.797152257480654021e-04,5.960973312242332845e-05
1.323849999999999909e+03,1.560108874413757007e-01,3.708777813846978106e-04,5.786336803742564742e-05
1.323868750000000091e+03,1.550468208839830830e-01,3.622335271542843080e-04,5.616548272153780647e-05
1.323887500000000045e+03,1.540866616715837745e-01,3.537785505309313486e-04,5.451481338366341502e-05
1.323906250000000000e+03,1.531304076115843349e-01,3.455090108207614164e-04,5.291012676869677678e-05
1.323924999999999955e+03,1.521780564244346323e-01,3.374211380113192448e-04,5.135021948861637024e-05
1.323943749999999909e+03,1.512296057462863552e-01,3.295112316368212658e-04,4.983391736600907297e-05
1.323962500000000091e+03,1.502850531176512516e-01,3.217756596572705408e-04,4.836007478555581795e-05
1.323981250000000045e+03,1.493443959973086432e-01,3.142108573540869647e-04,4.692757406677908481e-05
1.324000000000000000e+03,1.484076317510149012e-01,3.068133262352135040e-04,4.553532483998711363e-05
1.324018749999999955e+03,1.474747576636188107e-01,2.995796329610526162e-04,4.418226344282775851e-05
1.324037499999999909e+03,1.465457709346656978e-01,2.925064082787254380e-04,4.286735232252466513e-05
1.324056250000000091e+03,1.456206686685522778e-01,2.855903459744598099e-04,4.158957944908578429e-05
1.324075000000000045e+03,1.446994478915941407e-01,2.788282018373335297e-04,4.034795774757118388e-05
1.324093750000000000e+03,1.437821055449612362e-01,2.722167926379649044e-04,3.914152453460878527e-05
1.324112499999999955e+03,1.428686384805734899e-01,2.657529951214355167e-04,3.796934096722559288e-05
1.324131249999999909e+03,1.419590434739446960e-01,2.594337450119073578e-04,3.683049150693906254e-05
1.324150000000000091e+03,1.410533172070681796e-01,2.532560360324754407e-04,3.572408338682984280e-05
1.324168750000000045e+03,1.401514562875378622e-01,2.472169189382844882e-04,3.464924609881388722e-05
1.324187500000000000e+03,1.392534572286422412e-01,2.413135005615236800e-04,3.360513088105083725e-05
1.324206249999999955e+03,1.383593164711671153e-01,2.355429428701366103e-04,3.259091022623996655e-05
1.324224999999999909e+03,1.374690303742076014e-01,2.299024620410384406e-04,3.160577739233484483e-05
1.324243750000000091e+03,1.365825952056525794e-01,2.243893275436315362e-04,3.064894592307308751e-05
1.324262500000000045e+03,1.357000071631143945e-01,2.190008612381247452e-04,2.971964918552211284e-05
1.324281250000000000e+03,1.348212623517463238e-01,2.137344364854723967e-04,2.881713990717783860e-05
1.324299999999999955e+03,1.339463568050302256e-01,2.085874772699783267e-04,2.794068973217655853e-05
1.324318749999999909e+03,1.330752864758102116e-01,2.035574573346390068e-04,2.708958878010829757e-05
1.324337500000000091e+03,1.322080472330017797e-01,1.986418993282055450e-04,2.626314521526202156e-05
1.324356250000000045e+03,1.313446348690286980e-01,1.938383739652796379e-04,2.546068482710169407e-05
1.324375000000000000e+03,1.304850450965406305e-01,1.891444991973589363e-04,2.468155061713721854e-05
1.324393749999999955e+03,1.296292735504440685e-01,1.845579393966747758e-04,2.392510239561612432e-05
1.324412499999999909e+03,1.287773157899062271e-01,1.800764045511959164e-04,2.319071638654748196e-05
1.324431250000000091e+03,1.279291672940210123e-01,1.756976494719345071e-04,2.247778483996730307e-05
1.324450000000000045e+03,1.270848234644113006e-01,1.714194730117667652e-04,2.178571565367716682e-05
1.324468750000000000e+03,1.262442796256823263e-01,1.672397172944762732e-04,2.111393200242904191e-05
1.324487499999999955e+03,1.254075310284852585e-01,1.631562669568487381e-04,2.046187197563120917e-05
1.324506249999999909e+03,1.245745728530448793e-01,1.591670484011716501e-04,1.982898822269323893e-05
1.324525000000000091e+03,1.237454001913961821e-01,1.552700290583133142e-04,1.921474760252435375e-05
1.324543750000000045e+03,1.229200080733524603e-01,1.514632166631623832e-04,1.861863084770528168e-05
1.324562500000000000e+03,1.220983914466878262e-01,1.477446585390156369e-04,1.804013222838742259e-05
1.324581249999999955e+03,1.212805451864276685e-01,1.441124408944975113e-04,1.747875922824920319e-05
1.324599999999999909e+03,1.204664641014072252e-01,1.405646881300558443e-04,1.693403222678907196e-05
1.324618750000000091e+03,1.196561429158271711e-01,1.370995621551416199e-04,1.640548418500489459e-05
1.324637500000000045e+03,1.188495762931489480e-01,1.337152617159905030e-04,1.589266034394151792e-05
1.324656250000000000e+03,1.180467588132580459e-01,1.304100217333585684e-04,1.539511792328709599e-05
1.324674999999999955e+03,1.172476849950783162e-01,1.271821126507011483e-04,1.491242583278481610e-05
1.324693749999999909e+03,1.164523492824331291e-01,1.240298397920830431e-04,1.444416438502813632e-05
1.324712500000000091e+03,1.156607460451313796e-01,1.209515427302882567e-04,1.398992501670118551e-05
1.324731250000000045e+03,1.148728695883007578e-01,1.179455946645098507e-04,1.354931001691830223e-05
1.324750000000000000e+03,1.140887141424614531e-01,1.150104018076671472e-04,1.312193225923225973e-05
1.324768749999999955e+03,1.133082738743635132e-01,1.121444027836812071e-04,1.270741494213331015e-05
1.324787499999999909e+03,1.125315428771396925e-01,1.093460680338037897e-04,1.230539133287901126e-05
1.324806250000000091e+03,1.117585151785793207e-01,1.066138992324214529e-04,1.191550451915146439e-05
1.324825000000000045e+03,1.109891847382175611e-01,1.039464287119750021e-04,1.153740716500347655e-05
1.324843750000000000e+03,1.102235454463391245e-01,1.013422188974609820e-04,1.117076127259066568e-05
1.324862499999999955e+03,1.094615911273834757e-01,9.879986174911615788e-05,1.081523794964530076e-05
1.324881249999999909e+03,1.087033155450727734e-01,9.631797821470790527e-05,1.047051718242060588e-05
1.324900000000000091e+03,1.079487123854159653e-01,9.389521769057716121e-05,1.013628761165238382e-05
1.324918750000000045e+03,1.071977752793962513e-01,9.153025749075828835e-05,9.812246317404082184e-06
1.324937500000000000e+03,1.064504977869336622e-01,8.922180232521916639e-05,9.498098605161634723e-06
1.324956249999999955e+03,1.057068734091015649e-01,8.696858378644008582e-05,9.193557799467017830e-06
1.324974999999999909e+03,1.049668955773492840e-01,8.476935984423862255e-05,8.898345040196201534e-06
1.324993750000000091e+03,1.042305576629106445e-01,8.262291434875139917e-05,8.612189085314198828e-06
1.325012500000000045e+03,1.034978529730309627e-01,8.052805654212140689e-05,8.334826117085196261e-06
1.325031250000000000e+03,1.027687747510471344e-01,7.848362057726446293e-05,8.065999553020795410e-06
1.325049999999999955e+03,1.020433161809473077e-01,7.648846504542150028e-05,7.805459861654046695e-06
1.325068749999999909e+03,1.013214703855594423e-01,7.454147251101825799e-05,7.552964382035400165e-06
1.325087500000000091e+03,1.006032304220787904e-01,7.264154905468805175e-05,7.308277147319458668e-06
1.325106250000000045e+03,9.988858929159656619e-02,7.078762382330671679e-05,7.071168713460373907e-06
1.325125000000000000e+03,9.917753993100242305e-02,6.897864858814711374e-05,6.841415990689595812e-06
1.325143749999999955e+03,9.847007522023804027e-02,6.721359731010490956e-05,6.618802080038560305e-06
1.325162499999999909e+03,9.776618798442736347e-02,6.549146571225111205e-05,6.403116113326288156e-06
1.325181250000000091e+03,9.706587097856621271e-02,6.381127085990627055e-05,6.194153095839616881e-06
1.325200000000000045e+03,9.636911691040984940e-02,6.217205074729835880e-05,5.991713755204662409e-06
1.325218750000000000e+03,9.567591842214302755e-02,6.057286389177422652e-05,5.795604391224300660e-06
1.325237499999999955e+03,9.498626810524930797e-02,5.901278893462868233e-05,5.605636731383033064e-06
1.325256249999999909e+03,9.430015849134952555e-02,5.749092424877315756e-05,5.421627788315659010e-06
1.325275000000000091e+03,9.361758205413558964e-02,5.600638755340586316e-05,5.243399721418146922e-06
1.325293750000000045e+03,9.293853121664101546e-02,5.455831553484743161e-05,5.070779702023331594e-06
1.325312500000000000e+03,9.226299833728586475e-02,5.314586347439350858e-05,4.903599780695992142e-06
1.325331249999999955e+03,9.159097572942352661e-02,5.176820488234818460e-05,4.741696759549618137e-06
1.325349999999999909e+03,9.092245564951616232e-02,5.042453113848776886e-05,4.584912065951286575e-06
1.325368750000000091e+03,9.025743029772025083e-02,4.911405113870722592e-05,4.433091629984146385e-06
1.325387500000000045e+03,8.959589182169631905e-02,4.783599094819375339e-05,4.286085765081227347e-06
1.325406250000000000e+03,8.893783231545829282e-02,4.658959346008168602e-05,4.143749051269295467e-06
1.325424999999999955e+03,8.828324382394232839e-02,4.537411806079480627e-05,4.005940221604865537e-06
1.325443749999999909e+03,8.763211833898162939e-02,4.418884030060844450e-05,3.872522050934326391e-06
1.325462500000000091e+03,8.698444779939890070e-02,4.303305157069552161e-05,3.743361247656345662e-06
1.325481250000000045e+03,8.634022409317720914e-02,4.190605878555132531e-05,3.618328348214284583e-06
1.325500000000000000e+03,8.569943905750584956e-02,4.080718407101236318e-05,3.497297614098880068e-06
1.325518749999999955e+03,8.506208448369248498e-02,3.973576445805286118e-05,3.380146931620800751e-06
1.325537499999999909e+03,8.442815211000105624e-02,3.869115158199072641e-05,3.266757713679641476e-06
1.325556250000000091e+03,8.379763362662039083e-02,3.767271138712437330e-05,3.157014804482825225e-06
1.325575000000000045e+03,8.317052067608177168e-02,3.667982383666887943e-05,3.050806386454773001e-06
1.325593750000000000e+03,8.254680484831973530e-02,3.571188262785360084e-05,2.948023889282347980e-06
1.325612499999999955e+03,8.192647769517609480e-02,3.476829491240415227e-05,2.848561901966530554e-06
1.325631249999999909e+03,8.130953071414888378e-02,3.384848102185034069e-05,2.752318085961454982e-06
1.325650000000000091e+03,8.069595535554591192e-02,3.295187419811572183e-05,2.659193091378904009e-06
1.325668750000000045e+03,8.008574303137494521e-02,3.207792032871236657e-05,2.569090475312934166e-06
1.325687500000000000e+03,7.947888509826779579e-02,3.122607768716987073e-05,2.481916621421050288e-06
1.325706249999999955e+03,7.887537287659414365e-02,3.039581667790741183e-05,2.397580662700169794e-06
1.325724999999999909e+03,7.827519763770568462e-02,2.958661958591862331e-05,2.315994405220070032e-06
1.325743750000000091e+03,7.767835060748518039e-02,2.879798033133383362e-05,2.237072254350222796e-06
1.325762500000000045e+03,7.708482297353420887e-02,2.802940422805546306e-05,2.160731142929149840e-06
1.325781250000000000e+03,7.649460587560170943e-02,2.728040774734424688e-05,2.086890460832624066e-06
1.325799999999999955e+03,7.590769041279382678e-02,2.655051828552122881e-05,2.015471986816541706e-06
1.325818749999999909e+03,7.532406764474317007e-02,2.583927393615376400e-05,1.946399821949122226e-06
1.325837500000000091e+03,7.474372858297947952e-02,2.514622326652638377e-05,1.879600324518178844e-06
1.325856250000000045e+03,7.416666420669290605e-02,2.447092509814954449e-05,1.815002047242901839e-06
1.325875000000000000e+03,7.359286544552604004e-02,2.381294829168354907e-05,1.752535675302055208e-06
1.325893749999999955e+03,7.302232319480780887e-02,2.317187153565954791e-05,1.692133966767635082e-06
1.325912499999999909e+03,7.245502831131825361e-02,2.254728313937362711e-05,1.633731694120393355e-06
1.325931250000000091e+03,7.189097160746192594e-02,2.193878082968779894e-05,1.577265587275097370e-06
1.325950000000000045e+03,7.133014386128976037e-02,2.134597155167825325e-05,1.522674278456729399e-06
1.325968750000000000e+03,7.077253580960543577e-02,2.076847127311024955e-05,1.469898248148426957e-06
1.325987499999999955e+03,7.021813815371343026e-02,2.020590479266143826e-05,1.418879772741967170e-06
1.326006249999999909e+03,6.966694156085219414e-02,1.965790555180791166e-05,1.369562873470735684e-06
1.326025000000000091e+03,6.911893665544295573e-02,1.912411545042097064e-05,1.321893266504787090e-06
1.326043750000000045e+03,6.857411402885245366e-02,1.860418466581701099e-05,1.275818314732588497e-06
1.326062500000000000e+03,6.803246423510424246e-02,1.809777147535275422e-05,1.231286980550431827e-06
1.326081249999999955e+03,6.749397779575881662e-02,1.760454208255446241e-05,1.188249780091117305e-06
1.326099999999999909e+03,6.695864519799581138e-02,1.712417044643419929e-05,1.146658738535927487e-06
1.326118750000000091e+03,6.642645689110743268e-02,1.665633811435892689e-05,1.106467346618891017e-06
1.326137500000000045e+03,6.589740329370206984e-02,1.620073405806941630e-05,1.067630518473959732e-06
1.326156250000000000e+03,6.537147478849722471e-02,1.575705451291017548e-05,1.030104550405846182e-06
1.326174999999999955e+03,6.484866172845199506e-02,1.532500282028385544e-05,9.938470809640628486e-07
1.326193749999999909e+03,6.432895443356220766e-02,1.490428927316299298e-05,9.588170519421993771e-07
1.326212500000000091e+03,6.381234319044346015e-02,1.449463096470440804e-05,9.249746704859068591e-07
1.326231250000000045e+03,6.329881825604444234e-02,1.409575163980004232e-05,8.922813722862035330e-07
1.326250000000000000e+03,6.278836985520748482e-02,1.370738154964255424e-05,8.606997856884404659e-07
1.326268749999999955e+03,6.228098818308781121e-02,1.332925730915178285e-05,8.301936968489242773e-07
1.326287499999999909e+03,6.177666340562901204e-02,1.296112175725024945e-05,8.007280158158492142e-07
1.326306250000000091e+03,6.127538565813363952e-02,1.260272381996095100e-05,7.722687435176864326e-07
1.326325000000000045e+03,6.077714504920078004e-02,1.225381837622798999e-05,7.447829397261769065e-07
1.326343750000000000e+03,6.028193165621151262e-02,1.191416612644566506e-05,7.182386917953348415e-07
1.326362499999999955e+03,5.978973552896430649e-02,1.158353346363923891e-05,6.926050843660075562e-07
1.326381249999999909e+03,5.930054669283241903e-02,1.126169234724348002e-05,6.678521698972161765e-07
1.326400000000000091e+03,5.881435514256603408e-02,1.094842017946103802e-05,6.439509399089917239e-07
1.326418750000000045e+03,5.833115084911946052e-02,1.064349968411073849e-05,6.208732971717986857e-07
1.326437500000000000e+03,5.785092375473191439e-02,1.034671878795101645e-05,5.985920285393873646e-07
1.326456249999999955e+03,5.737366377906873149e-02,1.005787050443211854e-05,5.770807786592134428e-07
1.326474999999999909e+03,5.689936081550755337e-02,9.776752819783383704e-06,5.563140243108952067e-07
1.326493750000000091e+03,5.642800473046644116e-02,9.503168581555848619e-06,5.362670495053896851e-07
1.326512500000000045e+03,5.595958536976052694e-02,9.236925389282369560e-06,5.169159213398410791e-07
1.326531250000000000e+03,5.549409255435257260e-02,8.977835487550827560e-06,4.982374664380021262e-07
1.326549999999999955e+03,5.503151607969235942e-02,8.725715661194682166e-06,4.802092480874068735e-07
1.326568749999999909e+03,5.457184572426707070e-02,8.480387132656608569e-06,4.628095441023532775e-07
1.326587500000000091e+03,5.411507123682762072e-02,8.241675461552938064e-06,4.460173251322193058e-07
1.326606250000000045e+03,5.366118235145751758e-02,8.009410446229484851e-06,4.298122338188321590e-07
1.326625000000000000e+03,5.321016877469439410e-02,7.783426027465085843e-06,4.141745643173929809e-07
1.326643749999999955e+03,5.276202019586332531e-02,7.563560194085086274e-06,3.990852425862720091e-07
1.326662499999999909e+03,5.231672628388243929e-02,7.349654890657428608e-06,3.845258071351406124e-07
1.326681250000000091e+03,5.187427668633699113e-02,7.141555927042498450e-06,3.704783903399208886e-07
1.326700000000000045e+03,5.143466103242973902e-02,6.939112889916920617e-06,3.569257003257296165e-07
1.326718750000000000e+03,5.099786893043305180e-02,6.742179056076384428e-06,3.438510033264968275e-07
1.326737499999999955e+03,5.056388997171927524e-02,6.550611307673863045e-06,3.312381066040587457e-07
1.326756249999999909e+03,5.013271373114756152e-02,6.364270049144538845e-06,3.190713418281180712e-07
1.326775000000000091e+03,4.970432976323355123e-02,6.183019126004647729e-06,3.073355489166130988e-07
1.326793750000000045e+03,4.927872760531452900e-02,6.006725745290200394e-06,2.960160603858936270e-07
1.326812500000000000e+03,4.885589677908155209e-02,5.835260397734019349e-06,2.850986861455854057e-07
1.326831249999999955e+03,4.843582678912657785e-02,5.668496781594087832e-06,2.745696987175954794e-07
1.326849999999999909e+03,4.801850712710394736e-02,5.506311728128219076e-06,2.644158189194317699e-07
1.326868750000000091e+03,4.760392726405927866e-02,5.348585128635822073e-06,2.546242018981133010e-07
1.326887500000000045e+03,4.719207666106179505e-02,5.195199863129374825e-06,2.451824236773824956e-07
1.326906250000000000e+03,4.678294476207923297e-02,5.046041730456747292e-06,2.360784679981560176e-07
1.326924999999999955e+03,4.637652099582431631e-02,4.900999380019562265e-06,2.273007135996694120e-07
1.326943749999999909e+03,4.597279478247296575e-02,4.759964244915385599e-06,2.188379218948927127e-07
1.326962500000000091e+03,4.557175552373812083e-02,4.622830476548370860e-06,2.106792249293928148e-07
1.326981250000000045e+03,4.517339261164793340e-02,4.489494880670363920e-06,2.028141137878496618e-07
1.327000000000000000e+03,4.477769542277394016e-02,4.359856854795060642e-06,1.952324272742982242e-07
1.327018749999999955e+03,4.438465332605742719e-02,4.233818326999983174e-06,1.879243409911446431e-07
1.327037499999999909e+03,4.399425567780468338e-02,4.111283696055869518e-06,1.808803566853252885e-07
1.327056250000000091e+03,4.360649182167250504e-02,3.992159772872308253e-06,1.740912919356314723e-07
1.327075000000000045e+03,4.322135109156351185e-02,3.876355723230481331e-06,1.675482701597171803e-07
1.327093750000000000e+03,4.283882281082331683e-02,3.763783011777099116e-06,1.612427109049739880e-07
1.327112499999999955e+03,4.245889629534080334e-02,3.654355347254692666e-06,1.551663204456785851e-07
1.327131249999999909e+03,4.208156085077632835e-02,3.547988628943235980e-06,1.493110826405531145e-07
1.327150000000000091e+03,4.170680577171802933e-02,3.444600894284418504e-06,1.436692500738845610e-07
1.327168750000000045e+03,4.133462034835744953e-02,3.344112267689562339e-06,1.382333354906255328e-07
1.327187500000000000e+03,4.096499385903815127e-02,3.246444910448467545e-06,1.329961034399533183e-07
1.327206249999999955e+03,4.059791557691690839e-02,3.151522971793789962e-06,1.279505622219374600e-07
1.327224999999999909e+03,4.023337476922762834e-02,3.059272541042767014e-06,1.230899560524420580e-07
1.327243750000000091e+03,3.987136069244135578e-02,2.969621600795062730e-06,1.184077574541426596e-07
1.327262500000000045e+03,3.951186260203969070e-02,2.882499981223232324e-06,1.138976599255987197e-07
1.327281250000000000e+03,3.915486974249733632e-02,2.797839315342717281e-06,1.095535707728734307e-07
1.327299999999999955e+03,3.880037135630467343e-02,2.715572995323509274e-06,1.053696042179422550e-07
1.327318749999999909e+03,3.844835668137350226e-02,2.635636129767210993e-06,1.013400746834166452e-07
1.327337500000000091e+03,3.809881494778690619e-02,2.557965501968874415e-06,9.745949028382098432e-08
1.327356250000000045e+03,3.775173538477408219e-02,2.482499529117123309e-06,9.372254654364664915e-08
1.327375000000000000e+03,3.740710721628415919e-02,2.409178222404704864e-06,9.012412027859533566e-08
1.327393749999999955e+03,3.706491966297590507e-02,2.337943148078667252e-06,8.665926368385356842e-08
1.327412499999999909e+03,3.672516194260148914e-02,2.268737389352114114e-06,8.332319860015086270e-08
1.327431250000000091e+03,3.638782327124565064e-02,2.201505509203849476e-06,8.011131096021198887e-08
1.327450000000000045e+03,3.605289286205765747e-02,2.136193514011480639e-06,7.701914540149354377e-08
1.327468750000000000e+03,3.572035992627858175e-02,2.072748818038241766e-06,7.404240005266501862e-08
1.327487499999999955e+03,3.539021367471342078e-02,2.011120208726793376e-06,7.117692148306868073e-08
1.327506249999999909e+03,3.506244331724075319e-02,1.951257812784424634e-06,6.841869980560336681e-08
1.327525000000000091e+03,3.473703806243376435e-02,1.893113063067272187e-06,6.576386393401920601e-08
1.327543750000000045e+03,3.441398711918337155e-02,1.836638666221635692e-06,6.320867699259112194e-08
1.327562500000000000e+03,3.409327969607905962e-02,1.781788571067584521e-06,6.074953186548753606e-08
1.327581249999999955e+03,3.377490500419423614e-02,1.728517937731564572e-06,5.838294689298105357e-08
1.327599999999999909e+03,3.345885225369767124e-02,1.676783107487688118e-06,5.610556169215772611e-08
1.327618750000000091e+03,3.314511065740528145e-02,1.626541573299734196e-06,5.391413312192658932e-08
1.327637500000000045e+03,3.283366942960965623e-02,1.577751951058778832e-06,5.180553136784299667e-08
1.327656250000000000e+03,3.252451778646084368e-02,1.530373951485566769e-06,4.977673615364608384e-08
1.327674999999999955e+03,3.221764494788031952e-02,1.484368352694839868e-06,4.782483307561828020e-08
1.327693749999999909e+03,3.191304013564567887e-02,1.439696973406684326e-06,4.594701004792436080e-08
1.327712500000000091e+03,3.161069257494625306e-02,1.396322646780880378e-06,4.414055386649404318e-08
1.327731250000000045e+03,3.131059149568319461e-02,1.354209194875845609e-06,4.240284688239717810e-08
1.327750000000000000e+03,3.101272613020537514e-02,1.313321403703814093e-06,4.073136377667382046e-08
1.327768749999999955e+03,3.071708571855340936e-02,1.273624998879040222e-06,3.912366844883183354e-08
1.327787499999999909e+03,3.042365950213242465e-02,1.235086621845705119e-06,3.757741099020405891e-08
1.327806250000000091e+03,3.013243672963552069e-02,1.197673806664888087e-06,3.609032477055496279e-08
1.327825000000000045e+03,2.984340665483765226e-02,1.161354957356543473e-06,3.466022360829747435e-08
1.327843750000000000e+03,2.955655853699130919e-02,1.126099325783708650e-06,3.328499903564129315e-08
1.327862499999999955e+03,2.927188164241216126e-02,1.091876990059924452e-06,3.196261765344645906e-08
1.327881249999999909e+03,2.898936524503410023e-02,1.058658833476393968e-06,3.069111857069056370e-08
1.327900000000000091e+03,2.870899862374998168e-02,1.026416523931887585e-06,2.946861092376681880e-08
1.327918750000000045e+03,2.843077106649007785e-02,9.951224938642113812e-07,2.829327148395496870e-08
1.327937500000000000e+03,2.815467186741537828e-02,9.647499206461830992e-07,2.716334233519596401e-08
1.327956249999999955e+03,2.788069033161778495e-02,9.352727074782366640e-07,2.607712863594216937e-08
1.327974999999999909e+03,2.760881576976830301e-02,9.066654647210727044e-07,2.503299644393788074e-08
1.327993750000000091e+03,2.733903750261491850e-02,8.789034916937814199e-07,2.402937062219789332e-08
1.328012500000000045e+03,2.707134486094086787e-02,8.519627589056502338e-07,2.306473280914290599e-08
1.328031250000000000e+03,2.680572718375504385e-02,8.258198907201015037e-07,2.213761945417655211e-08
1.328049999999999955e+03,2.654217381980454940e-02,8.004521484430629838e-07,2.124661992105410029e-08
1.328068749999999909e+03,2.628067413023366453e-02,7.758374138213786785e-07,2.039037465459223256e-08
1.328087500000000091e+03,2.602121748445790708e-02,7.519541729423345828e-07,1.956757340263429224e-08
1.328106250000000045e+03,2.576379326381286403e-02,7.287815005305141322e-07,1.877695350325298708e-08
1.328125000000000000e+03,2.550839086040970066e-02,7.062990446249484701e-07,1.801729822496141003e-08
1.328143749999999955e+03,2.525499967812506324e-02,6.844870116362772470e-07,1.728743516388197347e-08
1.328162499999999909e+03,2.500360913433273199e-02,6.633261517675873566e-07,1.658623469466960922e-08
1.328181250000000091e+03,2.475420865537045906e-02,6.427977447961751643e-07,1.591260846904413627e-08
1.328200000000000045e+03,2.450678768314777656e-02,6.228835862049874406e-07,1.526550797194810630e-08
1.328218750000000000e+03,2.426133567122392212e-02,6.035659736584476799e-07,1.464392311915925556e-08
1.328237499999999955e+03,2.401784208671217669e-02,5.848276938107263347e-07,1.404688090573943411e-08
1.328256249999999909e+03,2.377629640967596561e-02,5.666520094411512664e-07,1.347344409836788520e-08
1.328275000000000091e+03,2.353668813541952634e-02,5.490226469111761502e-07,1.292270997344763255e-08
1.328293750000000045e+03,2.329900677208298146e-02,5.319237839320475524e-07,1.239380909509762678e-08
1.328312500000000000e+03,2.306324184189748744e-02,5.153400376362199292e-07,1.188590413654633391e-08
1.328331249999999955e+03,2.282938288383455985e-02,4.992564529491815530e-07,1.139818874211640000e-08
1.328349999999999909e+03,2.259741945096277460e-02,4.836584912494281311e-07,1.092988642501447885e-08
1.328368750000000091e+03,2.236734111165875755e-02,4.685320193136478754e-07,1.048024950464025692e-08
1.328387500000000045e+03,2.213913745005554809e-02,4.538632985405695595e-07,1.004855807968597206e-08
1.328406250000000000e+03,2.191279806633879279e-02,4.396389744420357590e-07,9.634119036098106006e-09
1.328424999999999955e+03,2.168831257722100836e-02,4.258460664038303575e-07,9.236265089120727937e-09
1.328443749999999909e+03,2.146567061688267955e-02,4.124719576984439846e-07,8.854353858164926657e-09
1.328462500000000091e+03,2.124486183466760617e-02,3.995043857569120518e-07,8.487766972203682243e-09
1.328481250000000045e+03,2.102587589937244400e-02,3.869314326813552527e-07,8.135909208484628152e-09
1.328500000000000000e+03,2.080870249433914784e-02,3.747415160001896024e-07,7.798207657226867502e-09
1.328518749999999955e+03,2.059333132348647663e-02,3.629233796601262320e-07,7.474110919423964568e-09
1.328537499999999909e+03,2.037975210881702234e-02,3.514660852419281171e-07,7.163088328897710416e-09
1.328556250000000091e+03,2.016795458810877531e-02,3.403590034050493504e-07,6.864629201581935623e-09
1.328575000000000045e+03,1.995792852113370541e-02,3.295918055491240067e-07,6.578242113725780621e-09
1.328593750000000000e+03,1.974966368363889960e-02,3.191544556869218659e-07,6.303454200890263348e-09
1.328612499999999955e+03,1.954314987259660533e-02,3.090372025268912147e-07,6.039810485145745958e-09
1.328631249999999909e+03,1.933837690488002942e-02,2.992305717591215881e-07,5.786873223485841431e-09
1.328650000000000091e+03,1.913533461526484986e-02,2.897253585381259973e-07,5.544221278824688458e-09
1.328668750000000045e+03,1.893401286027495203e-02,2.805126201599227750e-07,5.311449514729266584e-09
1.328687500000000000e+03,1.873440151528209599e-02,2.715836689278190507e-07,5.088168209338680997e-09
1.328706249999999955e+03,1.853649047828771421e-02,2.629300652015667464e-07,4.874002491709197974e-09
1.328724999999999909e+03,1.834026966619835969e-02,2.545436106276079183e-07,4.668591795918207846e-09
1.328743750000000091e+03,1.814572901892310200e-02,2.464163415431015585e-07,4.471589336431840022e-09
1.328762500000000045e+03,1.795285849560603747e-02,2.385405225527246842e-07,4.282661599959059386e-09
1.328781250000000000e+03,1.776164807937113954e-02,2.309086402703754952e-07,4.101487857323868524e-09
1.328799999999999955e+03,1.757208777300879599e-02,2.235133972256917520e-07,3.927759690437217226e-09
1.328818749999999909e+03,1.738416760410540357e-02,2.163477059278561310e-07,3.761180538200362242e-09
1.328837500000000091e+03,1.719787762056946764e-02,2.094046830855463072e-07,3.601465256354814341e-09
1.328856250000000045e+03,1.701320789383846399e-02,2.026776439776728095e-07,3.448339694682386314e-09
1.328875000000000000e+03,1.683014851760050029e-02,1.961600969708078420e-07,3.301540288261912386e-09
1.328893749999999955e+03,1.664868960977605034e-02,1.898457381810990262e-07,3.160813663977038616e-09
1.328912499999999909e+03,1.646882131203970812e-02,1.837284462773713072e-07,3.025916260585679150e-09
1.328931250000000091e+03,1.629053378794216578e-02,1.778022774185139684e-07,2.896613962112044652e-09
1.328950000000000045e+03,1.611381722630031779e-02,1.720614603274295283e-07,2.772681745392133036e-09
1.328968750000000000e+03,1.593866183953460830e-02,1.665003914922331639e-07,2.653903339292401266e-09
1.328987499999999955e+03,1.576505786467159720e-02,1.611136304958230214e-07,2.540070896685188854e-09
1.329006249999999909e+03,1.559299556442414122e-02,1.558958954692097964e-07,2.430984678228287879e-09
1.329025000000000091e+03,1.542246522345699575e-02,1.508420586646211135e-07,2.326452746790123578e-09
1.329043750000000045e+03,1.525345715493157429e-02,1.459471421471429791e-07,2.226290674525989506e-09
1.329062500000000000e+03,1.508596169466269385e-02,1.412063136003063030e-07,2.130321258643892362e-09
1.329081249999999955e+03,1.491996920576494495e-02,1.366148822434920134e-07,2.038374249047995324e-09
1.329099999999999909e+03,1.475547007626391675e-02,1.321682948590161379e-07,1.950286084851748686e-09
1.329118750000000091e+03,1.459245471993895864e-02,1.278621319242118985e-07,1.865899640925677958e-09
1.329137500000000045e+03,1.443091357717261186e-02,1.236921038485507474e-07,1.785063983686674490e-09
1.329156250000000000e+03,1.427083711462360203e-02,1.196540473103075877e-07,1.707634135624257431e-09
1.329174999999999955e+03,1.411221582555603239e-02,1.157439216922980391e-07,1.633470848529626498e-09
1.329193749999999909e+03,1.395504023024231842e-02,1.119578056136399766e-07,1.562440385034063497e-09
1.329212500000000091e+03,1.379930087557199210e-02,1.082918935545034321e-07,1.494414308061803102e-09
1.329231250000000045e+03,1.364498833605370595e-02,1.047424925719545479e-07,1.429269278172632156e-09
1.329250000000000000e+03,1.349209321322673676e-02,1.013060191050168754e-07,1.366886858191153380e-09
1.329268749999999955e+03,1.334060613625647970e-02,9.797899586564489664e-08,1.307153325156434127e-09
1.329287499999999909e+03,1.319051776298445916e-02,9.475804881427045001e-08,1.249959489252625459e-09
1.329306250000000091e+03,1.304181877830574293e-02,9.163990421745032588e-08,1.195200519175196093e-09
1.329325000000000045e+03,1.289449989542584656e-02,8.862138578528345484e-08,1.142775774243083991e-09
1.329343750000000000e+03,1.274855185614122768e-02,8.569941188699033749e-08,1.092588642640487476e-09
1.329362499999999955e+03,1.260396543064132117e-02,8.287099284246555914e-08,1.044546385627183439e-09
1.329381249999999909e+03,1.246073141887911462e-02,8.013322828723784584e-08,9.985599876692636001e-10
1.329400000000000091e+03,1.231884064822394431e-02,7.748330461055251599e-08,9.545440118648027665e-10
1.329418750000000045e+03,1.217828397643319453e-02,7.491849246257637319e-08,9.124164611837292545e-10
1.329437500000000000e+03,1.203905228933475728e-02,7.243614433064883396e-08,8.720986444857797390e-10
1.329456249999999955e+03,1.190113650322150579e-02,7.003369218155802955e-08,8.335150479090421006e-10
1.329474999999999909e+03,1.176452756428205369e-02,6.770864516945292182e-08,7.965932108649683593e-10
1.329493750000000091e+03,1.162921644759793913e-02,6.545858740604967627e-08,7.612636066620982041e-10
1.329512500000000045e+03,1.149519415876503088e-02,6.328117579330016373e-08,7.274595278113410661e-10
1.329531250000000000e+03,1.136245173329460817e-02,6.117413791476683327e-08,6.951169754887092059e-10
1.329549999999999955e+03,1.123098023736241423e-02,5.913526998680276330e-08,6.641745532750158697e-10
1.329568749999999909e+03,1.110077076771219182e-02,5.716243486510403649e-08,6.345733648428454124e-10
1.329587500000000091e+03,1.097181445092525534e-02,5.525356010766216083e-08,6.062569154977352977e-10
1.329606250000000045e+03,1.084410244577101688e-02,5.340663609100783986e-08,5.791710176201548190e-10
1.329625000000000000e+03,1.071762594014031254e-02,5.161971417896222272e-08,5.532636994013704773e-10
1.329643749999999955e+03,1.059237615494902814e-02,4.989090494267936738e-08,5.284851174301029453e-10
1.329662499999999909e+03,1.046834434134783637e-02,4.821837643010442073e-08,5.047874722532754241e-10
1.329681250000000091e+03,1.034552178175118971e-02,4.660035248404734733e-08,4.821249273644387099e-10
1.329700000000000045e+03,1.022389979083544731e-02,4.503511110703006239e-08,4.604535312774342576e-10
1.329718750000000000e+03,1.010346971391064622e-02,4.352098287244768508e-08,4.397311424681751696e-10
1.329737499999999955e+03,9.984222929648621167e-03,4.205634937998748184e-08,4.199173573875139821e-10
1.329756249999999909e+03,9.866150847563618861e-03,4.063964175459494469e-08,4.009734410089669239e-10
1.329775000000000091e+03,9.749244909601009756e-03,3.926933918762351990e-08,3.828622602273339920e-10
1.329793750000000045e+03,9.633496589962877235e-03,3.794396751943057191e-08,3.655482197499932681e-10
1.329812500000000000e+03,9.518897395226920757e-03,3.666209786160877175e-08,3.489972004713639309e-10
1.329831249999999955e+03,9.405438864287874248e-03,3.542234525848300802e-08,3.331765002262361229e-10
1.329849999999999909e+03,9.293112569178443166e-03,3.422336738621401877e-08,3.180547768652012655e-10
1.329868750000000091e+03,9.181910114543253079e-03,3.306386328925994838e-08,3.036019934932506659e-10
1.329887500000000045e+03,9.071823137580394686e-03,3.194257215231771242e-08,2.897893658499589471e-10
1.329906250000000000e+03,8.962843308303039200e-03,3.085827210723992791e-08,2.765893117477408178e-10
1.329924999999999955e+03,8.854962330939282131e-03,2.980977907420508825e-08,2.639754025154842472e-10
1.329943749999999909e+03,8.748171942140246793e-03,2.879594563569031997e-08,2.519223162362602702e-10
1.329962500000000091e+03,8.642463911798882459e-03,2.781565994264563878e-08,2.404057928949294456e-10
1.329981250000000045e+03,8.537830043734638899e-03,2.686784465212555678e-08,2.294025912757054314e-10
1.330000000000000000e+03,8.434262175086578578e-03,2.595145589503187381e-08,2.188904475105686116e-10
1.330018749999999955e+03,8.331752176749222458e-03,2.506548227380753402e-08,2.088480352874894567e-10
1.330037499999999909e+03,8.230291953592873758e-03,2.420894388878310225e-08,1.992549276155580246e-10
1.330056250000000091e+03,8.129873443937875310e-03,2.338089139236560057e-08,1.900915600767645406e-10
1.330075000000000045e+03,8.030488620669877162e-03,2.258040507079245717e-08,1.813391955695531668e-10
1.330093750000000000e+03,7.932129490016140080e-03,2.180659395207324227e-08,1.729798903878767066e-10
1.330112499999999955e+03,7.834788093013519278e-03,2.105859493993112010e-08,1.649964617059423703e-10
1.330131249999999909e+03,7.738456505032631494e-03,2.033557197258743647e-08,1.573724563053469160e-10
1.330150000000000091e+03,7.643126835159502405e-03,1.963671520609436991e-08,1.500921205441545407e-10
1.330168750000000045e+03,7.548791227948955726e-03,1.896124022122301995e-08,1.431403715660218543e-10
1.330187500000000000e+03,7.455441861262998571e-03,1.830838725345159582e-08,1.365027695789881291e-10
1.330206249999999955e+03,7.363070948544112385e-03,1.767742044535688559e-08,1.301654913251415793e-10
1.330224999999999909e+03,7.271670737821795891e-03,1.706762712069494351e-08,1.241153045466890535e-10
1.330243750000000091e+03,7.181233511631273346e-03,1.647831707973706993e-08,1.183395434922025561e-10
1.330262500000000045e+03,7.091751587557172491e-03,1.590882191515435069e-08,1.128260854141610689e-10
1.330281250000000000e+03,7.003217317522284456e-03,1.535849434790638159e-08,1.075633279888064077e-10
1.330299999999999955e+03,6.915623089747005917e-03,1.482670758259820486e-08,1.025401676850721093e-10
1.330318749999999909e+03,6.828961326602198990e-03,1.431285468166931253e-08,9.774597893991906474e-11
1.330337500000000091e+03,6.743224485898652830e-03,1.381634795802769389e-08,9.317059422647146015e-11
1.330356250000000045e+03,6.658405060460921912e-03,1.333661838551604898e-08,8.880428490064718616e-11
1.330375000000000000e+03,6.574495578631209432e-03,1.287311502675405755e-08,8.463774283532356585e-11
1.330393749999999955e+03,6.491488603998559620e-03,1.242530447776497638e-08,8.066206278692518027e-11
1.330412499999999909e+03,6.409376735933187269e-03,1.199267032914749497e-08,7.686872548839674293e-11
1.330431250000000091e+03,6.328152608614001293e-03,1.157471264299551031e-08,7.324958140918320707e-11
1.330450000000000045e+03,6.247808892424317265e-03,1.117094744544582829e-08,6.979683520517613695e-11
1.330468750000000000e+03,6.168338292672859678e-03,1.078090623417864690e-08,6.650303077005467370e-11
1.330487499999999955e+03,6.089733550866803513e-03,1.040413550057992498e-08,6.336103692580406947e-11
1.330506249999999909e+03,6.011987444196487639e-03,1.004019626606667291e-08,6.036403367745685740e-11
1.330525000000000091e+03,5.935092785103156417e-03,9.688663632235329625e-09,5.750549903225054738e-11
1.330543750000000045e+03,5.859042422300084728e-03,9.349126344418788686e-09,5.477919637333221264e-11
1.330562500000000000e+03,5.783829239950721499e-03,9.021186368210691402e-09,5.217916233312287616e-11
1.330581249999999955e+03,5.709446158233988378e-03,8.704458478722736146e-09,4.969969517905597957e-11
1.330599999999999909e+03,5.635886133788620481e-03,8.398569862032947397e-09,4.733534367503224977e-11
1.330618750000000091e+03,5.563142158100753930e-03,8.103159728683145631e-09,4.508089638548881720e-11
1.330637500000000045e+03,5.491207259648569691e-03,7.817878938650472747e-09,4.293137145211289948e-11
1.330656250000000000e+03,5.420074502067574566e-03,7.542389637650247986e-09,4.088200676076772219e-11
1.330674999999999955e+03,5.349736985900897281e-03,7.276364904383629385e-09,3.892825054423985810e-11
1.330693749999999909e+03,5.280187847570207149e-03,7.019488408350494194e-09,3.706575235271341071e-11
1.330712500000000091e+03,5.211420258709696489e-03,6.771454078022102172e-09,3.529035440332711378e-11
1.330731250000000045e+03,5.143427428416290186e-03,6.531965779021367120e-09,3.359808330935459932e-11
1.330750000000000000e+03,5.076202600919372566e-03,6.300737002025093002e-09,3.198514212250860023e-11
1.330768749999999955e+03,5.009739057054453208e-03,6.077490560081068955e-09,3.044790273285248927e-11
1.330787499999999909e+03,4.944030114014731983e-03,5.861958295183313817e-09,2.898289857503143610e-11
1.330806250000000091e+03,4.879069124796093365e-03,5.653880793648950858e-09,2.758681763776963223e-11
1.330825000000000045e+03,4.814849479038526246e-03,5.453007110207230788e-09,2.625649577483422363e-11
1.330843750000000000e+03,4.751364602134864647e-03,5.259094500452281338e-09,2.498891028668253125e-11
1.330862499999999955e+03,4.688607956147300242e-03,5.071908161459021889e-09,2.378117378196787614e-11
1.330881249999999909e+03,4.626573039469571852e-03,4.891220980312304742e-09,2.263052829050142518e-11
1.330900000000000091e+03,4.565253386457935984e-03,4.716813290286844259e-09,2.153433962443024289e-11
1.330918750000000045e+03,4.504642567756436157e-03,4.548472634522189834e-09,2.049009198113600712e-11
1.330937500000000000e+03,4.444734190481467936e-03,4.385993536903970625e-09,1.949538277331370999e-11
1.330956249999999955e+03,4.385521897960054268e-03,4.229177279972858499e-09,1.854791767596360146e-11
1.330974999999999909e+03,4.326999369991258761e-03,4.077831689657004235e-09,1.764550588578785008e-11
1.330993750000000091e+03,4.269160322142007656e-03,3.931770926622025334e-09,1.678605557793806429e-11
1.331012500000000045e+03,4.211998506886457071e-03,3.790815284020928277e-09,1.596756956337923133e-11
1.331031250000000000e+03,4.155507712396563740e-03,3.654790991495311367e-09,1.518814112195373310e-11
1.331049999999999955e+03,4.099681763612483126e-03,3.523530025217905573e-09,1.444595002198973452e-11
1.331068749999999909e+03,4.044514521623227173e-03,3.396869923795661893e-09,1.373925870349793781e-11
1.331087500000000091e+03,3.989999883424933183e-03,3.274653609863932317e-09,1.306640862626335387e-11
1.331106250000000045e+03,3.936131782628383806e-03,3.156729217220239240e-09,1.242581677758360556e-11
1.331125000000000000e+03,3.882904188729306011e-03,3.042949923305449067e-09,1.181597232501755004e-11
1.331143749999999955e+03,3.830311107897938720e-03,2.933173786867531378e-09,1.123543341774291939e-11
1.331162499999999909e+03,3.778346582252638166e-03,2.827263590710462618e-09,1.068282412100310192e-11
1.331181250000000091e+03,3.727004689763965470e-03,2.725086689294247935e-09,1.015683148457983322e-11
1.331200000000000045e+03,3.676279545088585125e-03,2.626514861122721078e-09,9.656202740402027022e-12
1.331218750000000000e+03,3.626165298507731758e-03,2.531424165701032442e-09,9.179742615941092870e-12
1.331237499999999955e+03,3.576656136866985299e-03,2.439694804964885439e-09,8.726310769263477255e-12
1.331256249999999909e+03,3.527746282859448544e-03,2.351210989083284382e-09,8.294819331085093193e-12
1.331275000000000091e+03,3.479429995255501739e-03,2.265860806397612675e-09,7.884230555725588028e-12
1.331293750000000045e+03,3.431701568652545734e-03,2.183536097501211537e-09,7.493554573246293826e-12
1.331312500000000000e+03,3.384555333815426285e-03,2.104132333217197490e-09,7.121847240583297974e-12
1.331331249999999955e+03,3.337985657480425482e-03,2.027548496453459433e-09,6.768208085282128851e-12
1.331349999999999909e+03,3.291986942320679604e-03,1.953686967745524253e-09,6.431778339283903176e-12
1.331368750000000091e+03,3.246553626625111287e-03,1.882453414420772836e-09,6.111739058193308204e-12
1.331387500000000045e+03,3.201680184747931947e-03,1.813756683248179082e-09,5.807309324352539557e-12
1.331406250000000000e+03,3.157361126726223287e-03,1.747508696493277907e-09,5.517744527141683758e-12
1.331424999999999955e+03,3.113590998512868590e-03,1.683624351232030891e-09,5.242334719850848185e-12
1.331443749999999909e+03,3.070364381765522746e-03,1.622021421880394807e-09,4.980403048094934596e-12
1.331462500000000091e+03,3.027675893454471502e-03,1.562620465800248677e-09,4.731304247163093893e-12
1.331481250000000045e+03,2.985520186491518596e-03,1.505344731896702059e-09,4.494423207256279938e-12
1.331500000000000000e+03,2.943891949353391168e-03,1.450120072123302172e-09,4.269173600458096230e-12
1.331518749999999955e+03,2.902785905746432891e-03,1.396874855803135271e-09,4.054996568580236352e-12
1.331537499999999909e+03,2.862196815360399868e-03,1.345539886678998689e-09,3.851359470659667367e-12
1.331556250000000091e+03,2.822119472830570373e-03,1.296048322601396636e-09,3.657754683469699911e-12
1.331575000000000045e+03,2.782548708406308580e-03,1.248335597788105286e-09,3.473698457694022836e-12
1.331593750000000000e+03,2.743479387241383113e-03,1.202339347561643200e-09,3.298729823134255274e-12
1.331612499999999955e+03,2.704906410227732403e-03,1.157999335504009592e-09,3.132409544637155163e-12
1.331631249999999909e+03,2.666824713311774162e-03,1.115257382929948223e-09,2.974319122671071463e-12
1.331650000000000091e+03,2.629229267465468031e-03,1.074057300639898524e-09,2.824059839426858159e-12
1.331668750000000045e+03,2.592115078768194095e-03,1.034344822851577294e-09,2.681251847660325260e-12
1.331687500000000000e+03,2.555477188066093523e-03,9.960675432578138841e-10,2.545533299908029719e-12
1.331706249999999955e+03,2.519310671482849658e-03,9.591748531444627883e-10,2.416559517636677781e-12
1.331724999999999909e+03,2.483610640041530870e-03,9.236178815085336545e-10,2.294002196809017680e-12
1.331743750000000091e+03,2.448372239071412281e-03,8.893494370935486361e-10,2.177548649014171734e-12
1.331762500000000045e+03,2.413590649160737064e-03,8.563239523080471292e-10,2.066901078218809596e-12
1.331781250000000000e+03,2.379261085196530089e-03,8.244974289578605035e-10,1.961775888407194783e-12
1.331799999999999955e+03,2.345378796826523993e-03,7.938273857287709057e-10,1.861903023747781942e-12
1.331818749999999909e+03,2.311939068260063235e-03,7.642728073779131399e-10,1.767025338041002908e-12
1.331837500000000091e+03,2.278937217849383474e-03,7.357940955678793864e-10,1.676897992575147163e-12
1.331856250000000045e+03,2.246368598693228129e-03,7.083530213053739835e-10,1.591287882085249427e-12
1.331875000000000000e+03,2.214228597777336688e-03,6.819126789198324235e-10,1.509973085687397510e-12
1.331893749999999955e+03,2.182512636569155628e-03,6.564374415451898559e-10,1.432742343854829948e-12
1.331912499999999909e+03,2.151216170549058015e-03,6.318929180527875319e-10,1.359394558465648438e-12
1.331931250000000091e+03,2.120334689192732592e-03,6.082459113867720427e-10,1.289738315971577219e-12
1.331950000000000045e+03,2.089863715985055496e-03,5.854643782652934120e-10,1.223591432369613453e-12
1.331968750000000000e+03,2.059798808216248972e-03,5.635173901949893102e-10,1.160780518845487585e-12
1.331987499999999955e+03,2.030135557070021808e-03,5.423750957703212620e-10,1.101140567502326300e-12
1.332006249999999909e+03,2.000869587342753164e-03,5.220086841983945445e-10,1.044514555861067758e-12
1.332025000000000091e+03,1.971996557380584995e-03,5.023903500309153243e-10,9.907530696772457867e-13
1.332043750000000045e+03,1.943512159132403973e-03,4.834932590520499813e-10,9.397139431546800681e-13
1.332062500000000000e+03,1.915412117860354306e-03,4.652915152846268312e-10,8.912619155523128932e-13
1.332081249999999955e+03,1.887692192316103856e-03,4.477601290876032125e-10,8.452683038653606987e-13
1.332099999999999909e+03,1.860348174376015096e-03,4.308749863077712651e-10,8.016106903739982925e-13
1.332118750000000091e+03,1.833375889076005677e-03,4.146128184422168446e-10,7.601726248173278668e-13
1.332137500000000045e+03,1.806771194511648960e-03,3.989511737961265217e-10,7.208433403150513208e-13
1.332156250000000000e+03,1.780529981640340291e-03,3.838683895859755300e-10,6.835174824111801896e-13
1.332174999999999955e+03,1.754648174369563204e-03,3.693435649760099503e-10,6.480948508316103413e-13
1.332193749999999909e+03,1.729121729318249803e-03,3.553565350014629443e-10,6.144801531094854264e-13
1.332212500000000091e+03,1.703946635832056947e-03,3.418878453617307459e-10,5.825827697883438190e-13
1.332231250000000045e+03,1.679118915612329505e-03,3.289187280512742144e-10,5.523165304402837129e-13
1.332250000000000000e+03,1.654634622958901574e-03,3.164310777986071909e-10,5.235995003495878371e-13
1.332268749999999955e+03,1.630489844433133818e-03,3.044074292940418418e-10,4.963537769809012314e-13
1.332287499999999909e+03,1.606680698917024169e-03,2.928309351746527646e-10,4.705052961035133134e-13
1.332306250000000091e+03,1.583203337300447379e-03,2.816853447449219848e-10,4.459836468935758885e-13
1.332325000000000045e+03,1.560053942651145990e-03,2.709549834082743973e-10,4.227218958588165688e-13
1.332343750000000000e+03,1.537228729688166736e-03,2.606247327890599345e-10,4.006564188493464755e-13
1.332362499999999955e+03,1.514723945188098516e-03,2.506800115163082446e-10,3.797267412250190400e-13
1.332381249999999909e+03,1.492535867557937294e-03,2.411067566568665766e-10,3.598753853400509700e-13
1.332400000000000091e+03,1.470660806630486083e-03,2.318914057683303730e-10,3.410477252880966930e-13
1.332418750000000045e+03,1.449095103910246797e-03,2.230208795572788870e-10,3.231918486208135190e-13
1.332437500000000000e+03,1.427835132103362666e-03,2.144825651202042772e-10,3.062584244418149473e-13
1.332456249999999955e+03,1.406877295194720401e-03,2.062642997493019461e-10,2.902005778803293714e-13
1.332474999999999909e+03,1.386218028380027320e-03,1.983543552844217680e-10,2.749737704859201462e-13
1.332493750000000091e+03,1.365853797691531308e-03,1.907414229932046137e-10,2.605356862469868718e-13
1.332512500000000045e+03,1.345781100215008921e-03,1.834145989629573677e-10,2.468461231518428761e-13
1.332531250000000000e+03,1.325996463690934683e-03,1.763633699853789809e-10,2.338668897946511347e-13
1.332549999999999955e+03,1.306496446509176944e-03,1.695775999219879840e-10,2.215617069942042265e-13
1.332568749999999909e+03,1.287277637699553402e-03,1.630475165288055885e-10,2.098961141043266903e-13
1.332587500000000091e+03,1.268336656635773649e-03,1.567636987302642665e-10,1.988373797606811402e-13
1.332606250000000045e+03,1.249670152883974395e-03,1.507170643265158295e-10,1.883544169311393914e-13
1.332625000000000000e+03,1.231274806302583378e-03,1.448988581159503381e-10,1.784177020740591285e-13
1.332643749999999955e+03,1.213147326719015481e-03,1.393006404249331311e-10,1.689991981176013565e-13
1.332662499999999909e+03,1.195284453942232995e-03,1.339142760285187246e-10,1.600722811931813885e-13
1.332681250000000091e+03,1.177682957491128259e-03,1.287319234468348077e-10,1.516116708539070049e-13
1.332700000000000045e+03,1.160339636612429904e-03,1.237460246110620140e-10,1.435933637017126301e-13
1.332718750000000000e+03,1.143251320002355636e-03,1.189492948795349478e-10,1.359945701762723267e-13
1.332737499999999955e+03,1.126414865818284317e-03,1.143347133976079047e-10,1.287936544385177409e-13
1.332756249999999909e+03,1.109827161589611345e-03,1.098955137878537492e-10,1.219700771497672389e-13
1.332775000000000091e+03,1.093485123826693850e-03,1.056251751586898067e-10,1.155043409904367161e-13
1.332793750000000045e+03,1.077385698111809611e-03,1.015174134236876239e-10,1.093779388789279842e-13
1.332812500000000000e+03,1.061525858986408057e-03,9.756617291771915518e-11,1.035733046805806258e-13
1.332831249999999955e+03,1.045902609666609761e-03,9.376561830290555944e-11,9.807376629982766151e-14
1.332849999999999909e+03,1.030512982032376562e-03,9.011012675308702836e-11,9.286350108453563681e-14
1.332868750000000091e+03,1.015354036433735148e-03,8.659428040798300123e-11,8.792749338781935717e-14
1.332887500000000045e+03,1.000422861635368466e-03,8.321285908823939364e-11,8.325149421546273500e-14
1.332906250000000000e+03,9.857165745097359877e-04,7.996083326221224469e-11,7.882198282528846516e-14
1.332924999999999955e+03,9.712323201019854328e-04,7.683335725606964344e-11,7.462613023797670033e-14
1.332943749999999909e+03,9.569672714326453227e-04,7.382576269927794099e-11,7.065176451471367116e-14
1.332962500000000091e+03,9.429186292220028982e-04,7.093355219779044191e-11,6.688733773511986263e-14
1.332981250000000045e+03,9.290836220263649133e-04,6.815239322658164648e-11,6.332189462791922150e-14
1.333000000000000000e+03,9.154595057668903687e-04,6.547811223451420682e-11,5.994504270214562497e-14
1.333018749999999955e+03,9.020435639120334389e-04,6.290668895419240561e-11,5.674692389539624525e-14
1.333037499999999909e+03,8.888331070843873702e-04,6.043425091079700740e-11,5.371818758292330252e-14
1.333056250000000091e+03,8.758254731437882523e-04,5.805706812136734350e-11,5.084996494978568932e-14
1.333075000000000045e+03,8.630180268264336626e-04,5.577154798009258694e-11,4.813384460421200089e-14
1.333093750000000000e+03,8.504081597205596747e-04,5.357423032157578306e-11,4.556184941841709883e-14
1.333112499999999955e+03,8.379932902024434405e-04,5.146178265710229792e-11,4.312641451475142143e-14
1.333131249999999909e+03,8.257708631430022523e-04,4.943099557818316021e-11,4.082036633304866832e-14
1.333150000000000091e+03,8.137383498309214407e-04,4.747877832025554930e-11,3.863690274939816603e-14
1.333168750000000045e+03,8.018932478300028590e-04,4.560215448316426626e-11,3.656957418165651953e-14
1.333187500000000000e+03,7.902330808351508504e-04,4.379825790092598267e-11,3.461226563552552993e-14
1.333206249999999955e+03,7.787553985364654464e-04,4.206432865775664464e-11,3.275917964751525699e-14
1.333224999999999909e+03,7.674577765088290600e-04,4.039770924337206499e-11,3.100482008010188018e-14
1.333243750000000091e+03,7.563378159469491590e-04,3.879584084464165899e-11,2.934397672173612647e-14
1.333262500000000045e+03,7.453931436565061890e-04,3.725625976747612600e-11,2.777171066793128887e-14
1.333281250000000000e+03,7.346214117890481447e-04,3.577659398530306505e-11,2.628334042523411179e-14
1.333299999999999955e+03,7.240202978196042883e-04,3.435455980951254964e-11,2.487442872179837569e-14
1.333318749999999909e+03,7.135875043636597881e-04,3.298795867769163841e-11,2.354076997459267416e-14
1.333337500000000091e+03,7.033207588822659555e-04,3.167467405572290793e-11,2.227837838392758623e-14
1.333356250000000045e+03,6.932178137942193903e-04,3.041266844968871737e-11,2.108347664091274894e-14
1.333375000000000000e+03,6.832764461139524421e-04,2.919998052365269166e-11,1.995248518887791655e-14
1.333393749999999955e+03,6.734944573986929904e-04,2.803472232021191718e-11,1.888201203713987568e-14
1.333412499999999909e+03,6.638696736052875254e-04,2.691507657958392607e-11,1.786884308647641601e-14
1.333431250000000091e+03,6.543999448848173686e-04,2.583929415433278116e-11,1.690993294270530075e-14
1.333450000000000045e+03,6.450831454997721327e-04,2.480569151623191092e-11,1.600239619902534870e-14
1.333468750000000000e+03,6.359171736205893174e-04,2.381264835199985956e-11,1.514349915731418441e-14
1.333487499999999955e+03,6.268999512115698948e-04,2.285860524480400698e-11,1.433065197208510600e-14
1.333506249999999909e+03,6.180294239030362366e-04,2.194206143897769226e-11,1.356140119360234557e-14
1.333525000000000091e+03,6.093035607237594744e-04,2.106157268440609715e-11,1.283342268731254623e-14
1.333543750000000045e+03,6.007203541345901504e-04,2.021574915835871429e-11,1.214451492079573396e-14
1.333562500000000000e+03,5.922778196745350551e-04,1.940325346163245811e-11,1.149259258480380041e-14
1.333581249999999955e+03,5.839739960049127694e-04,1.862279868681622357e-11,1.087568054839877009e-14
1.333599999999999909e+03,5.758069446392979863e-04,1.787314655585474970e-11,1.029190811676227501e-14
1.333618750000000091e+03,5.677747497785377070e-04,1.715310562468811626e-11,9.739503585212750995e-15
1.333637500000000045e+03,5.598755182432866521e-04,1.646152955241629774e-11,9.216789073872136175e-15
1.333656250000000000e+03,5.521073792728027575e-04,1.579731543298970216e-11,8.722175625012934224e-15
1.333674999999999955e+03,5.444684843712385312e-04,1.515940218689036330e-11,8.254158552958903923e-15
1.333693749999999909e+03,5.369570071737174736e-04,1.454676901117425370e-11,7.811313033507167276e-15
1.333712500000000091e+03,5.295711432802361479e-04,1.395843388521714039e-11,7.392289919677475872e-15
1.333731250000000045e+03,5.223091101123729851e-04,1.339345213086110300e-11,6.995811773575633590e-15
1.333750000000000000e+03,5.151691467438278098e-04,1.285091502439948979e-11,6.620669102403984705e-15
1.333768749999999955e+03,5.081495137648220839e-04,1.232994845919352474e-11,6.265716789445776468e-15
1.333787499999999909e+03,5.012484931515312579e-04,1.182971165653688469e-11,5.929870709397270949e-15
1.333806250000000091e+03,4.944643880435083648e-04,1.134939592363560532e-11,5.612104517887121061e-15
1.333825000000000045e+03,4.877955226730440203e-04,1.088822345648806969e-11,5.311446608970029060e-15
1.333843750000000000e+03,4.812402421283111281e-04,1.044544618660234294e-11,5.026977228596199139e-15
1.333862499999999955e+03,4.747969122981848984e-04,1.002034466948954002e-11,4.757825739783371916e-15
1.333881249999999909e+03,4.684639196587589405e-04,9.612227013939008731e-12,4.503168028289238104e-15
1.333900000000000091e+03,4.622396710722231580e-04,9.220427850158176979e-12,4.262224043346550822e-15
1.333918750000000045e+03,4.561225937637425408e-04,8.844307335835514681e-12,4.034255468200181729e-15
1.333937500000000000e+03,4.501111350334232458e-04,8.483250198404282912e-12,3.818563509500241262e-15
1.333956249999999955e+03,4.442037621973653379e-04,8.136664812450439176e-12,3.614486804151738531e-15
1.333974999999999909e+03,4.383989624230830140e-04,7.803982310952354117e-12,3.421399434499432300e-15
1.333993750000000091e+03,4.326952424775375367e-04,7.484655729069175773e-12,3.238709046606441375e-15
1.334012500000000045e+03,4.270911287266740083e-04,7.178159179471837860e-12,3.065855068986784476e-15
1.334031250000000000e+03,4.215851668634396066e-04,6.883987057863770154e-12,2.902307022488310427e-15
1.334049999999999955e+03,4.161759218221929252e-04,6.601653277870224353e-12,2.747562920235780553e-15
1.334068749999999909e+03,4.108619775966091824e-04,6.330690533991865494e-12,2.601147750787087235e-15
1.334087500000000091e+03,4.056419370647670777e-04,6.070649591854366341e-12,2.462612041095019028e-15
1.334106250000000045e+03,4.005144219117386540e-04,5.821098604548090136e-12,2.331530495571314123e-15
1.334125000000000000e+03,3.954780723601503123e-04,5.581622454280289297e-12,2.207500705632651012e-15
1.334143749999999955e+03,3.905315471480783149e-04,5.351822118355202931e-12,2.090141928665798887e-15
1.334162499999999909e+03,3.856735232819010514e-04,5.131314058643197486e-12,1.979093930078840792e-15
1.334181250000000091e+03,3.809026959333289969e-04,4.919729633644398349e-12,1.874015887254077327e-15
1.334200000000000045e+03,3.762177782465755071e-04,4.716714532355318471e-12,1.774585350915666507e-15
1.334218750000000000e+03,3.716175012042291373e-04,4.521928229197289804e-12,1.680497261723372841e-15
1.334237499999999955e+03,3.671006135019028497e-04,4.335043459131351439e-12,1.591463018892658472e-15
1.334256249999999909e+03,3.626658813782311121e-04,4.155745712366387195e-12,1.507209597954066330e-15
1.334275000000000091e+03,3.583120884362225454e-04,3.983732747808454439e-12,1.427478715227547036e-15
1.334293750000000045e+03,3.540380355213216569e-04,3.818714124729153633e-12,1.352026036887304480e-15
1.334312500000000000e+03,3.498425405550953707e-04,3.660410751793096316e-12,1.280620429792158632e-15
1.334331249999999955e+03,3.457244384067694907e-04,3.508554453022630417e-12,1.213043252301996003e-15
1.334349999999999909e+03,3.416825807281414096e-04,3.362887549950801960e-12,1.149087682656022611e-15
1.334368750000000091e+03,3.377158357687880946e-04,3.223162459368274792e-12,1.088558083029441465e-15
1.334387500000000045e+03,3.338230882977544353e-04,3.089141306203852822e-12,1.031269397837822388e-15
1.334406250000000000e+03,3.300032393856049714e-04,2.960595550842045208e-12,9.770465836320747554e-16
1.334424999999999955e+03,3.262552062985419558e-04,2.837305630481021173e-12,9.257240697860002193e-16
1.334443749999999909e+03,3.225779223223952143e-04,2.719060613922295339e-12,8.771452477483783111e-16
1.334462500000000091e+03,3.189703366221164293e-04,2.605657869351301142e-12,8.311619876961085705e-16
1.334481250000000045e+03,3.154314141055701700e-04,2.496902744614164393e-12,7.876341810361326869e-16
1.334500000000000000e+03,3.119601352280778283e-04,2.392608259537809728e-12,7.464293072400241920e-16
1.334518749999999955e+03,3.085554959169073278e-04,2.292594809836365720e-12,7.074220241671471775e-16
1.334537499999999909e+03,3.052165073577084984e-04,2.196689882214741531e-12,6.704937800108519500e-16
1.334556250000000091e+03,3.019421958862645965e-04,2.104727780200253065e-12,6.355324462949075322e-16
1.334575000000000045e+03,2.987316028085612021e-04,2.016549360366771439e-12,6.024319704101677836e-16
1.334593750000000000e+03,2.955837842744946640e-04,1.932001778512883047e-12,5.710920469177168211e-16
1.334612499999999955e+03,2.924978111401665515e-04,1.850938245482720617e-12,5.414178064928232496e-16
1.334631249999999909e+03,2.894727687941250232e-04,1.773217792212988087e-12,5.133195215173786987e-16
1.334650000000000091e+03,2.865077570218534878e-04,1.698705043721117649e-12,4.867123275945948251e-16
1.334668750000000045e+03,2.836018898779887583e-04,1.627270001665866823e-12,4.615159600613976270e-16
1.334687500000000000e+03,2.807542954849991286e-04,1.558787835168024603e-12,4.376545045724660343e-16
1.334706249999999955e+03,2.779641159680979823e-04,1.493138679600678481e-12,4.150561613521998733e-16
1.334724999999999909e+03,2.752305072553242306e-04,1.430207443038227199e-12,3.936530219425658331e-16
1.334743750000000091e+03,2.725526389380801399e-04,1.369883620089422389e-12,3.733808580996603660e-16
1.334762500000000045e+03,2.699296941335698743e-04,1.312061112824669199e-12,3.541789220871306290e-16
1.334781250000000000e+03,2.673608693526727102e-04,1.256638058555782794e-12,3.359897577673116383e-16
1.334799999999999955e+03,2.648453743310505209e-04,1.203516664179461590e-12,3.187590218511452460e-16
1.334818749999999909e+03,2.623824319224059591e-04,1.152603046884315473e-12,3.024353149000379573e-16
1.334837500000000091e+03,2.599712779036447664e-04,1.103807080941409176e-12,2.869700213617839599e-16
1.334856250000000045e+03,2.576111608864059608e-04,1.057042250371070066e-12,2.723171583917057610e-16
1.334875000000000000e+03,2.553013421404351654e-04,1.012225507270404077e-12,2.584332327629805882e-16
1.334893749999999955e+03,2.530410954680207148e-04,9.692771355703971011e-13,2.452771055848382456e-16
1.334912499999999909e+03,2.508297070647540704e-04,9.281206200407590438e-13,2.328098643415845474e-16
1.334931250000000091e+03,2.486664753519398112e-04,8.886825203298431226e-13,2.209947018451190426e-16
1.334950000000000045e+03,2.465507108744341360e-04,8.508923498575656638e-13,2.097968018166382077e-16
1.334968750000000000e+03,2.444817361418332607e-04,8.146824593732687208e-13,1.991832306254925937e-16
1.334987499999999955e+03,2.424588854833779211e-04,7.799879250129634764e-13,1.891228349227739803e-16
1.335006249999999909e+03,2.404815049327761636e-04,7.467464406700199399e-13,1.795861448568188410e-16
1.335025000000000091e+03,2.385489520610608140e-04,7.148982145371123876e-13,1.705452825102720456e-16
1.335043750000000045e+03,2.366605958588803853e-04,6.843858696436477990e-13,1.619738753512317535e-16
1.335062500000000000e+03,2.348158165915036793e-04,6.551543482426865725e-13,1.538469743697365008e-16
1.335081249999999955e+03,2.330140056733651815e-04,6.271508199150566061e-13,1.461409766834859610e-16
1.335099999999999909e+03,2.312545655149917604e-04,6.003245932241157219e-13,1.388335523335124404e-16
1.335118750000000091e+03,2.295369093962317864e-04,5.746270308137335640e-13,1.319035750845820911e-16
1.335137500000000045e+03,2.278604613321821490e-04,5.500114677962625063e-13,1.253310569857287216e-16
1.335156250000000000e+03,2.262246559408691066e-04,5.264331333223828846e-13,1.190970864969244183e-16
1.335174999999999955e+03,2.246289383052995248e-04,5.038490752001027753e-13,1.131837699819002114e-16
1.335193749999999909e+03,2.230727638469799927e-04,4.822180874537893064e-13,1.075741763950547972e-16
1.335212500000000091e+03,2.215555981758551103e-04,4.615006407077770996e-13,1.022522849707142220e-16
1.335231250000000045e+03,2.200769169824855339e-04,4.416588152906971881e-13,9.720293578439349555e-17
1.335250000000000000e+03,2.186362058856019684e-04,4.226562369475675868e-13,9.241178298649941352e-17
1.335268749999999955e+03,2.172329603147976629e-04,4.044580150739298331e-13,8.786525060346474134e-17
1.335287499999999909e+03,2.158666853852050753e-04,3.870306833626868940e-13,8.355049074343033897e-17
1.335306250000000091e+03,2.145368957379224003e-04,3.703421427787196586e-13,7.945534406847822312e-17
1.335325000000000045e+03,2.132431154478445397e-04,3.543616067701721899e-13,7.556830244884499399e-17
1.335343750000000000e+03,2.119848778723111083e-04,3.390595486275233019e-13,7.187847363053852851e-17
1.335362499999999955e+03,2.107617255298821685e-04,3.244076509157699038e-13,6.837554784262537939e-17
1.335381249999999909e+03,2.095732099815989294e-04,3.103787568896030957e-13,6.504976622507896905e-17
1.335400000000000091e+03,2.084188916826297338e-04,2.969468238260413809e-13,6.189189097055117466e-17
1.335418750000000045e+03,2.072983398810678902e-04,2.840868781907276578e-13,5.889317710858122237e-17
1.335437500000000000e+03,2.062111324695068619e-04,2.717749725761531582e-13,5.604534581537568486e-17
1.335456249999999955e+03,2.051568558843417647e-04,2.599881443344411949e-13,5.334055919211594724e-17
1.335474999999999909e+03,2.041351049673523926e-04,2.487043758496295408e-13,5.077139640928037679e-17
1.335493750000000091e+03,2.031454828391748727e-04,2.379025563766182463e-13,4.833083115476379879e-17
1.335512500000000045e+03,2.021876007878283617e-04,2.275624453912767251e-13,4.601221031556886355e-17
1.335531250000000000e+03,2.012610781343563218e-04,2.176646373915576817e-13,4.380923381622820676e-17
1.335549999999999955e+03,2.003655421258349024e-04,2.081905280952204593e-13,4.171593556290970856e-17
1.335568749999999909e+03,1.995006278039467658e-04,1.991222819768262649e-13,3.972666542034620043e-17
1.335587500000000091e+03,1.986659778877713242e-04,1.904428010957052752e-13,3.783607217454392151e-17
1.335606250000000045e+03,1.978612426565336691e-04,1.821356951605909951e-13,3.603908742323436784e-17
1.335625000000000000e+03,1.970860798257707933e-04,1.741852527872336904e-13,3.433091034310728939e-17
1.335643749999999955e+03,1.963401544397317354e-04,1.665764138987994553e-13,3.270699328924645324e-17
1.335662499999999909e+03,1.956231387410803314e-04,1.592947432268558798e-13,3.116302817482124470e-17
1.335681250000000091e+03,1.949347120663202828e-04,1.523264048690346786e-13,2.969493359650416064e-17
1.335700000000000045e+03,1.942745607205316688e-04,1.456581378626111031e-13,2.829884265712909689e-17
1.335718750000000000e+03,1.936423778678547636e-04,1.392772327329640459e-13,2.697109145308144073e-17
1.335737499999999955e+03,1.930378634172286796e-04,1.331715089812004997e-13,2.570820818721467254e-17
1.335756249999999909e+03,1.924607239083561759e-04,1.273292934721467000e-13,2.450690287350334684e-17
1.335775000000000091e+03,1.919106723925869187e-04,1.217393996877356345e-13,2.336405760047736325e-17
1.335793750000000045e+03,1.913874283309258248e-04,1.163911078133114591e-13,2.227671732589779213e-17
1.335812500000000000e+03,1.908907174745427598e-04,1.112741456210941156e-13,2.124208116866143251e-17
1.335831249999999955e+03,1.904202717589788285e-04,1.063786701240268918e-13,2.025749417545380038e-17
1.335849999999999909e+03,1.899758291941405384e-04,1.016952499645480939e-13,1.932043953299644855e-17
1.335868750000000091e+03,1.895571337488426232e-04,9.721484851371543019e-14,1.842853120235606228e-17
1.335887500000000045e+03,1.891639352513520625e-04,9.292880764990729295e-14,1.757950695384364597e-17
1.335906250000000000e+03,1.887959892734644815e-04,8.882883219169906344e-14,1.677122177759451658e-17
1.335924999999999955e+03,1.884530570307282502e-04,8.490697495857255613e-14,1.600164165236474003e-17
1.335943749999999909e+03,1.881349052707294300e-04,8.115562243490771106e-14,1.526883765037152191e-17
1.335962500000000091e+03,1.878413061706912367e-04,7.756748101266290588e-14,1.457098036159415235e-17
1.335981250000000045e+03,1.875720372324255023e-04,7.413556379119094540e-14,1.390633461925841144e-17
1.336000000000000000e+03,1.873268811762722507e-04,7.085317791098817104e-14,1.327325451002073363e-17
1.336018749999999955e+03,1.871056258409490702e-04,6.771391240049244981e-14,1.267017865385137392e-17
1.336037499999999909e+03,1.869080640810089251e-04,6.471162651560355843e-14,1.209562573826184827e-17
1.336056250000000091e+03,1.867339936616250031e-04,6.184043855272776404e-14,1.154819029309898921e-17
1.336075000000000045e+03,1.865832171619993872e-04,5.909471511607891996e-14,1.102653869341408570e-17
1.336093750000000000e+03,1.864555418739711795e-04,5.646906082066478259e-14,1.052940537698636627e-17
1.336112499999999955e+03,1.863507797015813785e-04,5.395830841518880957e-14,1.005558926548422109e-17
1.336131249999999909e+03,1.862687470648519963e-04,5.155750930645513559e-14,9.603950378014251433e-18
1.336150000000000091e+03,1.862092647998762592e-04,4.926192446998694787e-14,9.173406626270130083e-18
1.336168750000000045e+03,1.861721580634942788e-04,4.706701573194395614e-14,8.762930781931619386e-18
1.336187500000000000e+03,1.861572562366520407e-04,4.496843740612347949e-14,8.371547606364562187e-18
1.336206249999999955e+03,1.861643928294625912e-04,4.296202827322310580e-14,7.998331134199063841e-18
1.336224999999999909e+03,1.861934053865001637e-04,4.104380388789252591e-14,7.642402102201493235e-18
1.336243750000000091e+03,1.862441353931975090e-04,3.920994920085001400e-14,7.302925515656270219e-18
1.336262500000000045e+03,1.863164281826632180e-04,3.745681148282605817e-14,6.979108344643894788e-18
1.336281250000000000e+03,1.864101328445447441e-04,3.578089353890369167e-14,6.670197343348171518e-18
1.336299999999999955e+03,1.865251021330689230e-04,3.417884720126384207e-14,6.375476985544501540e-18
1.336318749999999909e+03,1.866611923764145968e-04,3.264746708890642905e-14,6.094267510007956745e-18
1.336337500000000091e+03,1.868182633875132420e-04,3.118368462414244929e-14,5.825923069979251826e-18
1.336356250000000045e+03,1.869961783752699413e-04,2.978456229522712266e-14,5.569829980962397632e-18
1.336375000000000000e+03,1.871948038570471538e-04,2.844728815481268139e-14,5.325405061482465462e-18
1.336393749999999955e+03,1.874140095700025375e-04,2.716917054554086470e-14,5.092094061859469940e-18
1.336412499999999909e+03,1.876536683855066100e-04,2.594763304283102240e-14,4.869370176220085122e-18
1.336431250000000091e+03,1.879136562246878992e-04,2.478020960667804803e-14,4.656732633294775830e-18
1.336450000000000045e+03,1.881938519719201966e-04,2.366453993331561253e-14,4.453705361541144634e-18
1.336468750000000000e+03,1.884941373918795453e-04,2.259836499952407129e-14,4.259835724891625247e-18
1.336487499999999955e+03,1.888143970461258884e-04,2.157952279089005317e-14,4.074693325048222316e-18
1.336506249999999909e+03,1.891545182118941574e-04,2.060594420726114726e-14,3.897868866934202559e-18
1.336525000000000091e+03,1.895143907983385431e-04,1.967564913774834357e-14,3.728973083717540822e-18
1.336543750000000045e+03,1.898939072679809369e-04,1.878674269847028586e-14,3.567635718381156136e-18
1.336562500000000000e+03,1.902929625571609848e-04,1.793741162672783122e-14,3.413504558725420135e-18
1.336581249999999955e+03,1.907114539956004560e-04,1.712592082478973097e-14,3.266244522861202746e-18
1.336599999999999909e+03,1.911492812257178388e-04,1.635061004746333576e-14,3.125536792553883014e-18
1.336618750000000091e+03,1.916063461350110155e-04,1.560989072748923401e-14,2.991077992047495303e-18
1.336637500000000045e+03,1.920825527661884754e-04,1.490224293328101767e-14,2.862579409384103331e-18
1.336656250000000000e+03,1.925778072543854447e-04,1.422621245332075262e-14,2.739766258688706760e-18
1.336674999999999955e+03,1.930920177404937940e-04,1.358040800228456138e-14,2.622376980481809412e-18
1.336693749999999909e+03,1.936250943054132815e-04,1.296349854393628693e-14,2.510162578669059160e-18
1.336712500000000091e+03,1.941769488955834245e-04,1.237421072562595031e-14,2.402885991738365700e-18
1.336731250000000045e+03,1.947474952481995439e-04,1.181132642033159614e-14,2.300321496574400698e-18
1.336750000000000000e+03,1.953366488206705585e-04,1.127368037150061908e-14,2.202254143145996457e-18
1.336768749999999955e+03,1.959443267213362714e-04,1.076015793654250753e-14,2.108479218396087526e-18
1.336787499999999909e+03,1.965704476336396788e-04,1.026969292492465048e-14,2.018801737703706049e-18
1.336806250000000091e+03,1.972149317607857955e-04,9.801265527040865231e-15,1.933035962753293518e-18
1.336825000000000045e+03,1.978777007396085403e-04,9.353900330041639965e-15,1.851004943865334638e-18
1.336843750000000000e+03,1.985586775880608201e-04,8.926664416980719074e-15,1.772540086139426312e-18
1.336862499999999955e+03,1.992577866305007752e-04,8.518665546005014363e-15,1.697480737624477018e-18
1.336881249999999909e+03,1.999749534314980111e-04,8.129050406203086001e-15,1.625673798643866317e-18
1.336900000000000091e+03,2.007101047404764047e-04,7.757002946884392166e-15,1.556973351147224725e-18
1.336918750000000045e+03,2.014631684114333505e-04,7.401742777362321034e-15,1.491240306770264884e-18
1.336937500000000000e+03,2.022340733609406154e-04,7.062523634203312378e-15,1.428342073094657061e-18
1.336956249999999955e+03,2.030227494830791639e-04,6.738631913300684803e-15,1.368152236559771711e-18
1.336974999999999909e+03,2.038291276022207441e-04,6.429385263906116756e-15,1.310550261721077334e-18
1.336993750000000091e+03,2.046531394100617083e-04,6.134131242214602271e-15,1.255421205634789430e-18
1.337012500000000045e+03,2.054947174017689258e-04,5.852246021936578102e-15,1.202655446676018161e-18
1.337031250000000000e+03,2.063537948230874950e-04,5.583133159449938225e-15,1.152148427096610390e-18
1.337049999999999955e+03,2.072303056034639280e-04,5.326222411397259976e-15,1.103800408484648134e-18
1.337068749999999909e+03,2.081241843057264845e-04,5.080968602436439171e-15,1.057516239609053396e-18
1.337087500000000091e+03,2.090353660665600062e-04,4.846850541047465447e-15,1.013205135855262746e-18
1.337106250000000045e+03,2.099637865393381314e-04,4.623369981508784074e-15,9.707804697418779178e-19
1.337125000000000000e+03,2.109093818470075550e-04,4.410050629945232373e-15,9.301595719396731692e-19
1.337143749999999955e+03,2.118720885105654611e-04,4.206437192754392541e-15,8.912635421232848612e-19
1.337162499999999909e+03,2.128518434145931424e-04,4.012094465565927300e-15,8.540170694083338130e-19
1.337181250000000091e+03,2.138485837455534851e-04,3.826606461057470329e-15,8.183482615951931075e-19
1.337200000000000045e+03,2.148622469365021610e-04,3.649575573986636815e-15,7.841884829168870555e-19
1.337218750000000000e+03,2.158927706296653046e-04,3.480621781893678174e-15,7.514721998894871171e-19
1.337237499999999955e+03,2.169400926071595641e-04,3.319381879965761039e-15,7.201368346641659649e-19
1.337256249999999909e+03,2.180041507545262350e-04,3.165508748660996834e-15,6.901226257386749463e-19
1.337275000000000091e+03,2.190848830161853228e-04,3.018670652648347742e-15,6.613724954834952768e-19
1.337293750000000045e+03,2.201822273263457090e-04,2.878550569845922549e-15,6.338319241167829767e-19
1.337312500000000000e+03,2.212961215950716887e-04,2.744845549165024292e-15,6.074488300105652555e-19
1.337331249999999955e+03,2.224265036257442045e-04,2.617266095874335109e-15,5.821734556654119084e-19
1.337349999999999909e+03,2.235733110933573961e-04,2.495535583344757938e-15,5.579582594245703483e-19
1.337368750000000091e+03,2.247364814972597179e-04,2.379389690076655440e-15,5.347578123892607851e-19
1.337387500000000045e+03,2.259159521092596323e-04,2.268575860960381582e-15,5.125287003420298260e-19
1.337406250000000000e+03,2.271116599396070591e-04,2.162852791712146787e-15,4.912294304688644650e-19
1.337424999999999955e+03,2.283235416847255873e-04,2.061989935552423334e-15,4.708203425628336393e-19
1.337443749999999909e+03,2.295515336872288887e-04,1.965767031131438085e-15,4.512635245425020534e-19
1.337462500000000091e+03,2.307955719186116736e-04,1.873973650845207753e-15,4.325227320901219344e-19
1.337481250000000045e+03,2.320555918928742043e-04,1.786408768655389345e-15,4.145633120223500108e-19
1.337500000000000000e+03,2.333315286804016548e-04,1.702880346595827460e-15,3.973521295328599263e-19
1.337518749999999955e+03,2.346233168217616626e-04,1.623204939146120515e-15,3.808574987319702065e-19
1.337537499999999909e+03,2.359308903245336338e-04,1.547207314764991671e-15,3.650491166622309380e-19
1.337556250000000091e+03,2.372541826075828114e-04,1.474720093793915702e-15,3.498980003648192571e-19
1.337575000000000045e+03,2.385931264735630380e-04,1.405583402079474258e-15,3.353764269924863801e-19
1.337593750000000000e+03,2.399476540771248577e-04,1.339644539612120231e-15,3.214578767547134621e-19
1.337612499999999955e+03,2.413176968723710681e-04,1.276757663571460947e-15,3.081169785429887254e-19
1.337631249999999909e+03,2.427031855983107379e-04,1.216783485135050607e-15,2.953294581761058174e-19
1.337650000000000091e+03,2.441040502364656283e-04,1.159588979482375271e-15,2.830720890508357132e-19
1.337668750000000045e+03,2.455202199811631078e-04,1.105047108419652276e-15,2.713226451317050068e-19
1.337687500000000000e+03,2.469516232098510492e-04,1.053036555082725751e-15,2.600598561465977152e-19
1.337706249999999955e+03,2.483981874451226721e-04,1.003441470223271818e-15,2.492633648772525201e-19
1.337724999999999909e+03,2.498598393320105313e-04,9.561512295460947024e-16,2.389136864582917901e-19
1.337743750000000091e+03,2.513365046046803133e-04,9.110602016494716884e-16,2.289921695650683578e-19
1.337762500000000045e+03,2.528281080581189569e-04,8.680675261184163981e-16,2.194809594160975395e-19
1.337781250000000000e+03,2.543345735319170486e-04,8.270769013042300330e-16,2.103629624987311975e-19
1.337799999999999955e+03,2.558558238526117642e-04,7.879963814029996179e-16,2.016218128966543161e-19
1.337818749999999909e+03,2.573917808430542672e-04,7.507381824187749163e-16,1.932418402290705082e-19
1.337837500000000091e+03,2.589423652746248531e-04,7.152184966374363019e-16,1.852080390220084030e-19
1.337856250000000045e+03,2.605074968460795691e-04,6.813573152344324830e-16,1.775060395096961135e-19
1.337875000000000000e+03,2.620870941722740232e-04,6.490782586723259016e-16,1.701220797823260285e-19
1.337893749999999955e+03,2.636810747379346302e-04,6.183084145502278708e-16,1.630429791856886806e-19
1.337912499999999909e+03,2.652893548837026525e-04,5.889781825819082063e-16,1.562561129583628313e-19
1.337931250000000091e+03,2.669118498003906397e-04,5.610211263995305442e-16,1.497493880292669343e-19
1.337950000000000045e+03,2.685484734876515027e-04,5.343738318802610555e-16,1.435112198937409993e-19
1.337968750000000000e+03,2.701991387389056105e-04,5.089757717157188379e-16,1.375305105546424120e-19
1.337987499999999955e+03,2.718637571210297797e-04,4.847691759579198488e-16,1.317966274595470457e-19
1.338006249999999909e+03,2.735422389527903254e-04,4.616989082789122724e-16,1.262993833885788008e-19
1.338025000000000091e+03,2.752344933014656630e-04,4.397123476924400257e-16,1.210290172556213152e-19
1.338043750000000045e+03,2.769404279364764986e-04,4.187592755124062350e-16,1.159761757551635517e-19
1.338062500000000000e+03,2.786599493422509187e-04,3.987917673016301228e-16,1.111318958559917563e-19
1.338081249999999955e+03,2.803929626750068980e-04,3.797640896154935509e-16,1.064875880569239033e-19
1.338099999999999909e+03,2.821393717654139079e-04,3.616326013115689630e-16,1.020350204067649394e-19
1.338118750000000091e+03,2.838990790991366918e-04,3.443556592420200223e-16,9.776630322857484864e-20
1.338137500000000045e+03,2.856719857919709851e-04,3.278935281274573461e-16,9.367387452049663535e-20
1.338156250000000000e+03,2.874579915912224581e-04,3.122082944338604721e-16,8.975048601314391285e-20
1.338174999999999955e+03,2.892569948532993469e-04,2.972637840780766814e-16,8.598918983583420540e-20
1.338193749999999909e+03,2.910688925190385600e-04,2.830254837924780501e-16,8.238332577119296975e-20
1.338212500000000091e+03,2.928935801359646199e-04,2.694604659900654598e-16,7.892650908468181806e-20
1.338231250000000045e+03,2.947309518154061060e-04,2.565373169758375882e-16,7.561261886975526667e-20
1.338250000000000000e+03,2.965809002296174233e-04,2.442260683606575961e-16,7.243578691663132560e-20
1.338268749999999955e+03,2.984433166048868001e-04,2.324981315310523287e-16,6.939038706549666355e-20
1.338287499999999909e+03,3.003180907130866125e-04,2.213262350475579358e-16,6.647102502483506102e-20
1.338306250000000091e+03,3.022051108589275583e-04,2.106843648391381286e-16,6.367252863207221693e-20
1.338325000000000045e+03,3.041042638706616770e-04,2.005477070720514573e-16,6.098993853859282670e-20
1.338343750000000000e+03,3.060154351056430062e-04,1.908925935739659681e-16,5.841849930132596149e-20
1.338362499999999955e+03,3.079385084140991288e-04,1.816964497029228691e-16,5.595365085197187056e-20
1.338381249999999909e+03,3.098733661598991737e-04,1.729377445516243964e-16,5.359102034563937204e-20
1.338400000000000091e+03,3.118198892114466803e-04,1.645959433870289190e-16,5.132641435531427449e-20
1.338418750000000045e+03,3.137779569198304854e-04,1.566514622215213023e-16,4.915581139932404101e-20
1.338437500000000000e+03,3.157474471377596094e-04,1.490856244258943442e-16,4.707535479673043058e-20
1.338456249999999955e+03,3.177282361848306224e-04,1.418806192932911057e-16,4.508134582050813946e-20
1.338474999999999909e+03,3.197201988661297896e-04,1.350194624653791590e-16,4.317023715125029971e-20
1.338493750000000091e+03,3.217232084704422395e-04,1.284859581405283634e-16,4.133862660694053153e-20
1.338512500000000045e+03,3.237371367553545389e-04,1.222646629854111982e-16,3.958325113841409117e-20
1.338531250000000000e+03,3.257618539607657487e-04,1.163408516714921561e-16,3.790098108305948397e-20
1.338549999999999955e+03,3.277972287846904714e-04,1.107004839684557532e-16,3.628881465830834037e-20
1.338568749999999909e+03,3.298431284001186823e-04,1.053301733216817676e-16,3.474387269271124164e-20
1.338587500000000091e+03,3.318994184560800369e-04,1.002171568503869960e-16,3.326339357789107834e-20
1.338606250000000045e+03,3.339659630663163975e-04,9.534926670224696344e-17,3.184472843220685793e-20
1.338625000000000000e+03,3.360426248200784811e-04,9.071490270363356249e-17,3.048533647016341656e-20
1.338643749999999955e+03,3.381292647742020763e-04,8.630300624858729135e-17,2.918278056467541396e-20
1.338662499999999909e+03,3.402257424571833422e-04,8.210303537168894982e-17,2.793472299693839093e-20
1.338681250000000091e+03,3.423319158872475802e-04,7.810494094991108685e-17,2.673892138485823584e-20
1.338700000000000045e+03,3.444476415508112318e-04,7.429914398636401482e-17,2.559322477910265773e-20
1.338718750000000000e+03,3.465727744263324842e-04,7.067651392365457231e-17,2.449556992509795759e-20
1.338737499999999955e+03,3.487071679690866314e-04,6.722834794480904429e-17,2.344397767845017272e-20
1.338756249999999909e+03,3.508506741293613727e-04,6.394635121437470874e-17,2.243654957155188724e-20
1.338775000000000091e+03,3.530031433592716191e-04,6.082261801937588050e-17,2.147146452206169994e-20
1.338793750000000045e+03,3.551644246082221617e-04,5.784961376908546785e-17,2.054697567715846118e-20
1.338812500000000000e+03,3.573343653348582359e-04,5.502015781582855629e-17,1.966140738974152381e-20
1.338831249999999955e+03,3.595128115078643615e-04,5.232740705852155285e-17,1.881315231868033153e-20
1.338849999999999909e+03,3.616996076107319592e-04,4.976484029573073776e-17,1.800066864944870910e-20
1.338868750000000091e+03,3.638945966780136074e-04,4.732624329250390358e-17,1.722247743051588986e-20
1.338887500000000045e+03,3.660976202532299230e-04,4.500569453094117507e-17,1.647716001592478013e-20
1.338906250000000000e+03,3.683085184524198009e-04,4.279755161192785849e-17,1.576335561789582980e-20
1.338924999999999955e+03,3.705271299126469361e-04,4.069643827958034606e-17,1.507975895468740397e-20
1.338943749999999909e+03,3.727532918448840074e-04,3.869723204034809120e-17,1.442511799969455196e-20
1.338962500000000091e+03,3.749868400471234467e-04,3.679505234993511178e-17,1.379823182089997497e-20
1.338981250000000045e+03,3.772276088788386228e-04,3.498524934170675533e-17,1.319794850716602965e-20
1.339000000000000000e+03,3.794754313053430518e-04,3.326339307318711906e-17,1.262316318214542935e-20
1.339018749999999955e+03,3.817301388780158507e-04,3.162526326622368929e-17,1.207281609677616443e-20
1.339037499999999909e+03,3.839915617740832831e-04,3.006683951954301137e-17,1.154589080185558915e-20
1.339056250000000091e+03,3.862595287955978749e-04,2.858429197091307812e-17,1.104141239337291881e-20
1.339075000000000045e+03,3.885338673832201416e-04,2.717397238996474974e-17,1.055844583001291383e-20
1.339093750000000000e+03,3.908144036209715679e-04,2.583240568115904511e-17,1.009609431870327958e-20
1.339112499999999955e+03,3.931009622654240950e-04,2.455628177867922937e-17,9.653497766427005154e-21
1.339131249999999909e+03,3.953933667376591352e-04,2.334244791537093543e-17,9.229831293895803717e-21
1.339150000000000091e+03,3.976914391590478698e-04,2.218790124869558631e-17,8.824303810592743250e-21
1.339168750000000045e+03,3.999950003446658053e-04,2.108978182759141041e-17,8.436156646569668992e-21
1.339187500000000000e+03,4.023038698491944779e-04,2.004536588442695094e-17,8.064662240736612381e-21
1.339206249999999955e+03,4.046178659396315971e-04,1.905205943758016469e-17,7.709122880721213733e-21
1.339224999999999909e+03,4.069368056292080879e-04,1.810739219032308772e-17,7.368869495002790223e-21
1.339243750000000091e+03,4.092605047139373595e-04,1.720901171227677928e-17,7.043260493708439417e-21
1.339262500000000045e+03,4.115887777543789702e-04,1.635467789105924236e-17,6.731680655352283641e-21
1.339281250000000000e+03,4.139214381230920965e-04,1.554225764113674319e-17,6.433540059538655961e-21
1.339299999999999955e+03,4.162582979884694827e-04,1.476971985869956008e-17,6.148273061743561068e-21
1.339318749999999909e+03,4.185991683497526173e-04,1.403513061097192459e-17,5.875337310243044111e-21
1.339337500000000091e+03,4.209438590706524627e-04,1.333664854914572218e-17,5.614212802497616112e-21
1.339356250000000045e+03,4.232921788580443407e-04,1.267252053507923100e-17,5.364400978888962178e-21
1.339375000000000000e+03,4.256439353225411693e-04,1.204107747146997101e-17,5.125423853958128125e-21
1.339393749999999955e+03,4.279989349552695268e-04,1.144073032657371327e-17,4.896823181576641980e-21
1.339412499999999909e+03,4.303569831701281123e-04,1.086996634425646579e-17,4.678159654498208361e-21
1.339431250000000091e+03,4.327178843447095470e-04,1.032734543108179011e-17,4.469012136064296809e-21
1.339450000000000045e+03,4.350814417718236893e-04,9.811496712004342122e-18,4.268976921792070933e-21
1.339468750000000000e+03,4.374474577545456821e-04,9.321115247223523451e-18,4.077667032225077702e-21
1.339487499999999955e+03,4.398157335834567056e-04,8.854958902507285597e-18,3.894711532914988822e-21
1.339506249999999909e+03,4.421860695493988035e-04,8.411845366144612044e-18,3.719754882184990657e-21
1.339525000000000091e+03,4.445582650067068540e-04,7.990649305534494149e-18,3.552456305467737051e-21
1.339543750000000045e+03,4.469321183433113700e-04,7.590299657127003588e-18,3.392489194002470120e-21
1.339562500000000000e+03,4.493074270468263133e-04,7.209777043478306464e-18,3.239540528475710232e-21
1.339581249999999955e+03,4.516839876869636612e-04,6.848111311590304467e-18,3.093310325163723042e-21
1.339599999999999909e+03,4.540615959476171706e-04,6.504379186883418041e-18,2.953511104715515906e-21
1.339618750000000091e+03,4.564400466884760161e-04,6.177702037392117512e-18,2.819867382406671575e-21
1.339637500000000045e+03,4.588191338939939410e-04,5.867243743309014776e-18,2.692115178221959631e-21
1.339656250000000000e+03,4.611986507650240198e-04,5.572208666618380172e-18,2.570001547441544061e-21
1.339674999999999955e+03,4.635783896888151512e-04,5.291839716540723626e-18,2.453284129412607915e-21
1.339693749999999909e+03,4.659581422945744929e-04,5.025416506108674499e-18,2.341730714932737248e-21
1.339712500000000091e+03,4.683376994585118744e-04,4.772253595710880467e-18,2.235118830738296143e-21
1.339731250000000045e+03,4.707168513403384331e-04,4.531698819614967066e-18,2.133235340894677155e-21
1.339750000000000000e+03,4.730953874052850261e-04,4.303131691427260510e-18,2.035876064083074072e-21
1.339768749999999955e+03,4.754730964177044067e-04,4.085961885092984161e-18,1.942845406246043443e-21
1.339787499999999909e+03,4.778497665127508123e-04,3.879627787616485288e-18,1.853956008287296117e-21
1.339806250000000091e+03,4.802251851854288716e-04,3.683595120394516464e-18,1.769028407645700408e-21
1.339825000000000045e+03,4.825991393231937208e-04,3.497355625822238684e-18,1.687890713669955873e-21
1.339843750000000000e+03,4.849714152435290714e-04,3.320425816161416119e-18,1.610378296080418667e-21
1.339862499999999955e+03,4.873417986940626776e-04,3.152345781768602873e-18,1.536333485862838723e-21
1.339881249999999909e+03,4.897100748851546895e-04,2.992678055926275988e-18,1.465605288356716145e-21
1.339900000000000091e+03,4.920760285393158042e-04,2.841006533552824690e-18,1.398049107937852538e-21
1.339918750000000045e+03,4.944394438847493243e-04,2.696935441357553908e-18,1.333526483667147069e-21
1.339937500000000000e+03,4.968001046869674692e-04,2.560088356971951856e-18,1.271904835732023125e-21
1.339956249999999955e+03,4.991577942843559166e-04,2.430107274761282050e-18,1.213057222133902718e-21
1.339974999999999909e+03,5.015122956007793875e-04,2.306651716186332683e-18,1.156862105179895471e-21
1.339993750000000091e+03,5.038633911908609649e-04,2.189397882502636278e-18,1.103203127468109114e-21
1.340012500000000045e+03,5.062108632363464386e-04,2.078037847950077654e-18,1.051968896866635107e-21
1.340031250000000000e+03,5.085544936047641960e-04,1.972278791414712447e-18,1.003052780324617449e-21
1.340049999999999955e+03,5.108940638474296402e-04,1.871842264798942865e-18,9.563527059155542620e-22
1.340068749999999909e+03,5.132293552325213788e-04,1.776463496385606742e-18,9.117709730014157510e-22
1.340087500000000091e+03,5.155601487779490301e-04,1.685890727500989517e-18,8.692140700894025930e-22
1.340106250000000045e+03,5.178862252831231651e-04,1.599884580951806690e-18,8.285925000975274520e-22
1.340125000000000000e+03,5.202073653450126674e-04,1.518217459691091945e-18,7.898206126893711634e-22
1.340143749999999955e+03,5.225233493681358731e-04,1.440672974335288918e-18,7.528164434439912802e-22
1.340162499999999909e+03,5.248339576284915273e-04,1.367045398122186555e-18,7.175015596484370516e-22
1.340181250000000091e+03,5.271389702683545054e-04,1.297139148030594199e-18,6.838009122743398773e-22
1.340200000000000045e+03,5.294381673444149318e-04,1.230768290844826560e-18,6.516426940846982432e-22
1.340218750000000000e+03,5.317313288397480971e-04,1.167756072927586219e-18,6.209582034699811222e-22
1.340237499999999955e+03,5.340182346963507146e-04,1.107934472640130399e-18,5.916817138953204044e-22
1.340256249999999909e+03,5.362986648369229758e-04,1.051143774279188039e-18,5.637503486638123943e-22
1.340275000000000091e+03,5.385723992041463763e-04,9.972321625612808303e-19,5.371039608431830393e-22
1.340293750000000045e+03,5.408392177717481070e-04,9.460553366233178241e-19,5.116850180707492603e-22
1.340312500000000000e+03,5.430989005935046073e-04,8.974761426631497045e-19,4.874384921374483920e-22
1.340331249999999955e+03,5.453512277943726831e-04,8.513642242961346859e-19,4.643117530463664626e-22
1.340349999999999909e+03,5.475959796343047789e-04,8.075956897976352207e-19,4.422544674956073458e-22
1.340368750000000091e+03,5.498329365224571223e-04,7.660527954405233854e-19,4.212185015016638283e-22
1.340387500000000045e+03,5.520618790261144423e-04,7.266236441259405164e-19,4.011578270239305177e-22
1.340406250000000000e+03,5.542825879443653023e-04,6.892018986172424048e-19,3.820284325003547976e-22
1.340424999999999955e+03,5.564948442683867978e-04,6.536865086455389825e-19,3.637882369867324950e-22
1.340443749999999909e+03,5.586984292600072561e-04,6.199814512527956064e-19,3.463970079393367559e-22
1.340462500000000091e+03,5.608931244814941482e-04,5.879954837131224306e-19,3.298162823557717349e-22
1.340481250000000045e+03,5.630787117782999878e-04,5.576419084555276212e-19,3.140092911642950016e-22
1.340500000000000000e+03,5.652549733564414059e-04,5.288383493895731991e-19,2.989408868005591775e-22
1.340518749999999955e+03,5.674216917650715770e-04,5.015065391102674790e-19,2.845774737436342223e-22
1.340537499999999909e+03,5.695786499588129537e-04,4.755721164395551578e-19,2.708869419793708261e-22
1.340556250000000091e+03,5.717256313156539749e-04,4.509644338248693910e-19,2.578386032127613011e-22
1.340575000000000045e+03,5.738624196429520765e-04,4.276163741150222769e-19,2.454031297354903274e-22
1.340593750000000000e+03,5.759887992421605608e-04,4.054641762558684691e-19,2.335524958671059767e-22
1.340612499999999955e+03,5.781045549032737957e-04,3.844472694923602688e-19,2.222599218166257640e-22
1.340631249999999909e+03,5.802094719403978274e-04,3.645081156547176350e-19,2.114998199088451643e-22
1.340650000000000091e+03,5.823033362301649647e-04,3.455920591431467069e-19,2.012477430626817163e-22
1.340668750000000045e+03,5.843859342331469888e-04,3.276471842436101779e-19,1.914803354252470259e-22
1.340687500000000000e+03,5.864570530152464619e-04,3.106241794174133980e-19,1.821752850788984724e-22
1.340706249999999955e+03,5.885164802787143422e-04,2.944762082265471440e-19,1.733112787385554774e-22
1.340724999999999909e+03,5.905640043791175308e-04,2.791587865820709241e-19,1.648679583549322440e-22
1.340743750000000091e+03,5.925994143796493776e-04,2.646296660004596839e-19,1.568258795550978844e-22
1.340762500000000045e+03,5.946225000527987021e-04,2.508487225854933336e-19,1.491664718240459238e-22
1.340781250000000000e+03,5.966330519099073129e-04,2.377778514516012358e-19,1.418720003755244901e-22
1.340799999999999955e+03,5.986308612363234203e-04,2.253808663319801149e-19,1.349255296394096015e-22
1.340818749999999909e+03,6.006157201056711459e-04,2.136234041157750723e-19,1.283108882905427068e-22
1.340837500000000091e+03,6.025874214294657831e-04,2.024728340757210630e-19,1.220126357687991352e-22
1.340856250000000045e+03,6.045457589558980802e-04,1.918981715624629702e-19,1.160160302123155668e-22
1.340875000000000000e+03,6.064905273157857653e-04,1.818699959426457260e-19,1.103069977632004445e-22
1.340893749999999955e+03,6.084215220377617002e-04,1.723603725796546677e-19,1.048721031756892581e-22
1.340912499999999909e+03,6.103385395738465235e-04,1.633427786592666191e-19,9.969852168083401840e-23
1.340931250000000091e+03,6.122413773480107164e-04,1.547920326701261664e-19,9.477401205521893827e-23
1.340950000000000045e+03,6.141298337408801966e-04,1.466842273674133305e-19,9.008689083378307408e-23
1.340968750000000000e+03,6.160037081635008800e-04,1.389966660421207744e-19,8.562600763893944505e-23
1.340987499999999955e+03,6.178628010306500690e-04,1.317078019418072877e-19,8.138072155467302510e-23
1.341006249999999909e+03,6.197069138339444212e-04,1.247971806850536337e-19,7.734087852930310871e-23
1.341025000000000091e+03,6.215358491412703102e-04,1.182453855248384954e-19,7.349678974003474334e-23
1.341043750000000045e+03,6.233494106298655439e-04,1.120339853217476620e-19,6.983921089439869602e-23
1.341062500000000000e+03,6.251474031137221410e-04,1.061454850932115825e-19,6.635932242308853457e-23
1.341081249999999955e+03,6.269296325558842194e-04,1.005632790156637756e-19,6.304871052803729889e-23
1.341099999999999909e+03,6.286959061001614517e-04,9.527160575624391390e-20,5.989934905166705442e-23
1.341118750000000091e+03,6.304460321164416688e-04,9.025550602216724205e-20,5.690358213310109201e-23
1.341137500000000045e+03,6.321798201872510896e-04,8.550078221822945498e-20,5.405410761123430414e-23
1.341156250000000000e+03,6.338970811753844676e-04,8.099396010921814139e-20,5.134396115643243560e-23
1.341174999999999955e+03,6.355976271939047829e-04,7.672225238891228611e-20,4.876650108424049639e-23
1.341193749999999909e+03,6.372812716834995493e-04,7.267352406174633226e-20,4.631539383968862601e-23
1.341212500000000091e+03,6.389478294132070130e-04,6.883625954796585160e-20,4.398460010842573594e-23
1.341231250000000045e+03,6.405971164957628174e-04,6.519953142951847992e-20,4.176836153732995763e-23
1.341250000000000000e+03,6.422289504360988600e-04,6.175297075119954651e-20,3.966118803652677209e-23
1.341268749999999955e+03,6.438431501235303148e-04,5.848673880682475872e-20,3.765784563632005986e-23
1.341287499999999909e+03,6.454395358776805931e-04,5.539150033145695533e-20,3.575334487901399364e-23
1.341306250000000091e+03,6.470179294759398477e-04,5.245839803424172895e-20,3.394292972054023645e-23
1.341325000000000045e+03,6.485781541508442395e-04,4.967902840364949585e-20,3.222206691866935356e-23
1.341343750000000000e+03,6.501200346408460892e-04,4.704541872325442265e-20,3.058643589210956270e-23
1.341362499999999955e+03,6.516433971918559383e-04,4.455000523787674345e-20,2.903191902470101875e-23
1.341381249999999909e+03,6.531480695900936584e-04,4.218561241334585886e-20,2.755459239994422166e-23
1.341400000000000091e+03,6.546338811858784480e-04,3.994543323551549740e-20,2.615071694517541329e-23
1.341418750000000045e+03,6.561006629108207021e-04,3.782301049761739836e-20,2.481672996840909421e-23
1.341437500000000000e+03,6.575482473028200275e-04,3.581221902653613976e-20,2.354923707128915930e-23
1.341456249999999955e+03,6.589764685274822472e-04,3.390724880130047984e-20,2.234500442138182077e-23
1.341474999999999909e+03,6.603851623875610670e-04,3.210258892045051789e-20,2.120095136871419432e-23
1.341493750000000091e+03,6.617741663690454492e-04,3.039301237487185045e-20,2.011414339247618459e-23
1.341512500000000045e+03,6.631433196460930586e-04,2.877356158724909701e-20,1.908178536176591916e-23
1.341531250000000000e+03,6.644924630987424389e-04,2.723953467920370791e-20,1.810121509813810564e-23
1.341549999999999955e+03,6.658214393418024476e-04,2.578647243041421535e-20,1.716989722702524418e-23
1.341568749999999909e+03,6.671300927384222383e-04,2.441014589507377102e-20,1.628541730461473226e-23
1.341587500000000091e+03,6.684182694325558520e-04,2.310654464299323333e-20,1.544547620916489652e-23
1.341606250000000045e+03,6.696858173552836576e-04,2.187186559425029378e-20,1.464788478413299999e-23
1.341625000000000000e+03,6.709325862551469193e-04,2.070250241767047439e-20,1.389055872330173640e-23
1.341643749999999955e+03,6.721584277078801375e-04,1.959503546518143084e-20,1.317151368640469728e-23
1.341662499999999909e+03,6.733631951342756647e-04,1.854622221518596575e-20,1.248886063578449838e-23
1.341681250000000091e+03,6.745467438433519741e-04,1.755298819941395302e-20,1.184080138457499754e-23
1.341700000000000045e+03,6.757089310160695932e-04,1.661241838948788700e-20,1.122562434584952534e-23
1.341718750000000000e+03,6.768496157544297417e-04,1.572174901942671591e-20,1.064170047569367205e-23
1.341737499999999955e+03,6.779686590743956836e-04,1.487835982326435971e-20,1.008747940017096778e-23
1.341756249999999909e+03,6.790659239472034321e-04,1.407976666614665429e-20,9.561485719282635508e-24
1.341775000000000091e+03,6.801412752966689169e-04,1.332361454955888396e-20,9.062315478890917925e-24
1.341793750000000045e+03,6.811945800311681532e-04,1.260767097198383858e-20,8.588632804430554012e-24
1.341812500000000000e+03,6.822257070590306361e-04,1.192981962683995323e-20,8.139166688266045312e-24
1.341831249999999955e+03,6.832345273018276474e-04,1.128805442110350746e-20,7.712707924355896876e-24
1.341849999999999909e+03,6.842209137048098702e-04,1.068047379835350262e-20,7.308106183583718001e-24
1.341868750000000091e+03,6.851847412694478737e-04,1.010527535067301752e-20,6.924267223585439871e-24
1.341887500000000045e+03,6.861258870574882219e-04,9.560750705495615908e-21,6.560150226949463288e-24
1.341906250000000000e+03,6.870442302157145917e-04,9.045280672835252484e-21,6.214765262115508444e-24
1.341924999999999955e+03,6.879396519774715101e-04,8.557330640275685249e-21,5.887170861387142561e-24
1.341943749999999909e+03,6.888120356940178549e-04,8.095446203067471338e-21,5.576471711207669400e-24
1.341962500000000091e+03,6.896612668469123469e-04,7.658249017411259675e-21,5.281816449167649713e-24
1.341981250000000045e+03,6.904872330498534405e-04,7.244432865718686322e-21,5.002395563109784438e-24
1.342000000000000000e+03,6.912898240831640007e-04,6.852759923195874281e-21,4.737439388099084156e-24
1.342018749999999955e+03,6.920689318903826791e-04,6.482057215453626075e-21,4.486216196233530948e-24
1.342037499999999909e+03,6.928244506055589213e-04,6.131213257537676517e-21,4.248030375656753642e-24
1.342056250000000091e+03,6.935562765578956283e-04,5.799174865271226550e-21,4.022220694418135831e-24
1.342075000000000045e+03,6.942643082947531083e-04,5.484944130047760008e-21,3.808158645521891306e-24
1.342093750000000000e+03,6.949484465849866842e-04,5.187575548807981290e-21,3.605246869265551327e-24
1.342112499999999955e+03,6.956085944370961295e-04,4.906173301511614417e-21,3.412917649692406817e-24
1.342131249999999909e+03,6.962446571134285004e-04,4.639888668318788107e-21,3.230631481466839608e-24
1.342150000000000091e+03,6.968565421419204787e-04,4.387917579695678049e-21,3.057875704196336161e-24
1.342168750000000045e+03,6.974441593232954140e-04,4.149498292440218223e-21,2.894163200946446601e-24
1.342187500000000000e+03,6.980074207534413657e-04,3.923909185340021669e-21,2.739031158181190776e-24
1.342206249999999955e+03,6.985462408210889578e-04,3.710466668419478944e-21,2.592039884181481202e-24
1.342224999999999909e+03,6.990605362316228448e-04,3.508523199882156748e-21,2.452771683396695877e-24
1.342243750000000091e+03,6.995502260139246529e-04,3.317465405319016957e-21,2.320829784027134864e-24
1.342262500000000045e+03,7.000152315271855651e-04,3.136712294013747981e-21,2.195837316496991077e-24
1.342281250000000000e+03,7.004554764781551097e-04,2.965713567274064858e-21,2.077436340423523721e-24
1.342299999999999955e+03,7.008708869250468909e-04,2.803948014203158350e-21,1.965286917847816306e-24
1.342318749999999909e+03,7.012613912918210001e-04,2.650921990422353204e-21,1.859066230651996310e-24
1.342337500000000091e+03,7.016269203764955104e-04,2.506167975429597746e-21,1.758467740015782720e-24
1.342356250000000045e+03,7.019674073600750980e-04,2.369243204682866991e-21,1.663200386064643420e-24
1.342375000000000000e+03,7.022827878156626775e-04,2.239728372497428968e-21,1.572987825782833862e-24
1.342393749999999955e+03,7.025729997164404305e-04,2.117226402192394684e-21,1.487567707454295637e-24
1.342412499999999909e+03,7.028379834464436315e-04,2.001361279981096293e-21,1.406690979898870172e-24
1.342431250000000091e+03,7.030776818052595798e-04,1.891776949400017523e-21,1.330121234908257981e-24
1.342450000000000045e+03,7.032920400204275115e-04,1.788136263119950663e-21,1.257634081325723073e-24
1.342468750000000000e+03,7.034810057495478062e-04,1.690119989214535572e-21,1.189016549270100661e-24
1.342487499999999955e+03,7.036445290912419701e-04,1.597425869100871088e-21,1.124066523138493763e-24
1.342506249999999909e+03,7.037825625901106925e-04,1.509767724468618793e-21,1.062592201991512308e-24
1.342525000000000091e+03,7.038950612456742854e-04,1.426874610693124146e-21,1.004411586063737357e-24
1.342543750000000045e+03,7.039819825158787764e-04,1.348490014349070178e-21,9.493519881624314797e-25
1.342562500000000000e+03,7.040432863250464714e-04,1.274371092539904075e-21,8.972495687879907235e-25
1.342581249999999955e+03,7.040789350679899604e-04,1.204287951877646484e-21,8.479488938377567473e-25
1.342599999999999909e+03,7.040888936166990420e-04,1.138022965101628002e-21,8.013025138586748361e-25
1.342618750000000091e+03,7.040731293252299339e-04,1.075370123370958585e-21,7.571705638071556120e-25
1.342637500000000045e+03,7.040316120335163514e-04,1.016134422388676604e-21,7.154203823457179672e-25
1.342656250000000000e+03,7.039643140725803999e-04,9.601312806110502644e-22,6.759261497529254799e-25
1.342674999999999955e+03,7.038712102682821801e-04,9.071859878988911292e-22,6.385685435697595160e-25
1.342693749999999909e+03,7.037522779458869893e-04,8.571331830124997175e-22,6.032344111238637387e-25
1.342712500000000091e+03,7.036074969329524434e-04,8.098163584787203200e-22,5.698164581398564900e-25
1.342731250000000045e+03,7.034368495617347554e-04,7.650873913966665006e-22,5.382129526579363001e-25
1.342750000000000000e+03,7.032403206737450948e-04,7.228060988416383526e-22,5.083274435334383415e-25
1.342768749999999955e+03,7.030178976219492171e-04,6.828398166030856048e-22,4.800684928234655160e-25
1.342787499999999909e+03,7.027695702714326217e-04,6.450630000281614120e-22,4.533494213832079289e-25
1.342806250000000091e+03,7.024953310034999206e-04,6.093568458390815899e-22,4.280880670520163380e-25
1.342825000000000045e+03,7.021951747169299105e-04,5.756089338221524677e-22,4.042065548104064633e-25
1.342843750000000000e+03,7.018690988263902525e-04,5.437128873625677357e-22,3.816310783368936347e-25
1.342862499999999955e+03,7.015171032681048139e-04,5.135680518415766847e-22,3.602916924181228837e-25
1.342881249999999909e+03,7.011391904987994981e-04,4.850791899716625696e-22,3.401221156834703349e-25
1.342900000000000091e+03,7.007353654942050699e-04,4.581561931786476982e-22,3.210595431622825285e-25
1.342918750000000045e+03,7.003056357506138533e-04,4.327138082020598457e-22,3.030444681945569396e-25
1.342937500000000000e+03,6.998500112846876104e-04,4.086713781177573950e-22,2.860205132368713786e-25
1.342956249999999955e+03,6.993685046338597808e-04,3.859525970266477820e-22,2.699342691297737261e-25
1.342974999999999909e+03,6.988611308569252873e-04,3.644852777027389083e-22,2.547351424191974401e-25
1.342993750000000091e+03,6.983279075242099666e-04,3.442011315187853220e-22,2.403752103322418271e-25
1.343012500000000045e+03,6.977688547289901452e-04,3.250355600098083566e-22,2.268090830465606641e-25
1.343031250000000000e+03,6.971839950752944980e-04,3.069274574614510672e-22,2.139937728774096260e-25
1.343049999999999955e+03,6.965733536814936247e-04,2.898190239558904248e-22,2.018885700644825946e-25
1.343068749999999909e+03,6.959369581777488135e-04,2.736555883138792886e-22,1.904549248174990735e-25
1.343087500000000091e+03,6.952748386992105159e-04,2.583854404270271869e-22,1.796563353231439250e-25
1.343106250000000045e+03,6.945870278892168513e-04,2.439596724822128281e-22,1.694582414199436185e-25
1.343125000000000000e+03,6.938735608870384361e-04,2.303320286082956632e-22,1.598279236528301885e-25
1.343143749999999955e+03,6.931344753369772255e-04,2.174587625100532344e-22,1.507344074562176773e-25
1.343162499999999909e+03,6.923698113740779213e-04,2.052985026652781191e-22,1.421483721981932819e-25
1.343181250000000091e+03,6.915796116221583018e-04,1.938121246887091401e-22,1.340420648548458646e-25
1.343200000000000045e+03,6.907639211932844678e-04,1.829626304850857074e-22,1.263892180818461711e-25
1.343218750000000000e+03,6.899227876769196055e-04,1.727150338344066942e-22,1.191649724632280954e-25
1.343237499999999955e+03,6.890562611430644862e-04,1.630362520721886732e-22,1.123458027354289138e-25
1.343256249999999909e+03,6.881643941303198586e-04,1.538950035408992187e-22,1.059094477815849603e-25
1.343275000000000091e+03,6.872472416376311163e-04,1.452617105088429282e-22,9.983484421214299376e-26
1.343293750000000045e+03,6.863048611295760604e-04,1.371084072713206481e-22,9.410206335613950704e-26
1.343312500000000000e+03,6.853373125182076571e-04,1.294086531551088892e-22,8.869225148349884155e-26
1.343331249999999955e+03,6.843446581609181597e-04,1.221374501719024144e-22,8.358757310574365334e-26
1.343349999999999909e+03,6.833269628634261938e-04,1.152711650714515085e-22,7.877115719633483546e-26
1.343368750000000091e+03,6.822842938524826184e-04,1.087874555654719758e-22,7.422704618261168492e-26
1.343387500000000045e+03,6.812167207867764066e-04,1.026652004980079985e-22,6.994014757572072463e-26
1.343406250000000000e+03,6.801243157371509923e-04,9.688443375472812612e-23,6.589618809857008715e-26
1.343424999999999955e+03,6.790071531843997615e-04,9.142628171358717013e-23,6.208167019174413425e-26
1.343443749999999909e+03,6.778653100174470867e-04,8.627290404961042356e-23,5.848383077553840324e-26
1.343462500000000091e+03,6.766988655069770603e-04,8.140743771190780835e-23,5.509060214931822708e-26
1.343481250000000045e+03,6.755079013117226260e-04,7.681394391135010658e-23,5.189057492970432477e-26
1.343500000000000000e+03,6.742925014619336648e-04,7.247735795175488268e-23,4.887296291430209322e-26
1.343518749999999955e+03,6.730527523576079014e-04,6.838344175896448957e-23,4.602756978011706075e-26
1.343537499999999909e+03,6.717887427548479553e-04,6.451873896164549319e-23,4.334475751941129248e-26
1.343556250000000091e+03,6.705005637495151495e-04,6.087053238804793497e-23,4.081541652537282120e-26
1.343575000000000045e+03,6.691883087730049169e-04,5.742680385196484586e-23,3.843093724560037580e-26
1.343593750000000000e+03,6.678520735821193762e-04,5.417619610323993458e-23,3.618318332027168941e-26
1.343612499999999955e+03,6.664919562526724905e-04,5.110797682976620760e-23,3.406446613123978593e-26
1.343631249999999909e+03,6.651080571535886946e-04,4.821200460039735519e-23,3.206752068782197040e-26
1.343650000000000091e+03,6.637004789572880335e-04,4.547869664555019872e-23,3.018548278383399214e-26
1.343668750000000045e+03,6.622693266030284199e-04,4.289899837687451118e-23,2.841186735606293607e-26
1.343687500000000000e+03,6.608147073040305771e-04,4.046435455377056327e-23,2.674054798727192625e-26
1.343706249999999955e+03,6.593367305334043357e-04,3.816668200856001018e-23,2.516573749153186290e-26
1.343724999999999909e+03,6.578355080015075651e-04,3.599834384603680736e-23,2.368196952623772850e-26
1.343743750000000091e+03,6.563111536511877188e-04,3.395212503988339535e-23,2.228408117970691532e-26
1.343762500000000045e+03,6.547637836456618628e-04,3.202120935022115916e-23,2.096719648225085973e-26
1.343781250000000000e+03,6.531935163500893595e-04,3.019915749123227356e-23,1.972671079284404704e-26
1.343799999999999955e+03,6.516004723202053085e-04,2.847988648326247121e-23,1.855827601736562083e-26
1.343818749999999909e+03,6.499847742940981742e-04,2.685765012359013327e-23,1.745778661355373630e-26
1.343837500000000091e+03,6.483465471679643148e-04,2.532702051841117044e-23,1.642136634294615445e-26
1.343856250000000045e+03,6.466859179955912517e-04,2.388287061653151851e-23,1.544535573036163080e-26
1.343875000000000000e+03,6.450030159550351489e-04,2.252035769293891177e-23,1.452630019384694074e-26
1.343893749999999955e+03,6.432979723526389753e-04,2.123490772982204639e-23,1.366093881095649177e-26
1.343912499999999909e+03,6.415709206041930821e-04,2.002220064723352224e-23,1.284619368690032814e-26
1.343931250000000091e+03,6.398219961984714238e-04,1.887815633807807340e-23,1.207915989359132295e-26
1.343950000000000045e+03,6.380513367256695307e-04,1.779892146308524438e-23,1.135709595058107592e-26
1.343968750000000000e+03,6.362590818082172316e-04,1.678085696570816829e-23,1.067741481686191519e-26
1.343987499999999955e+03,6.344453731307027420e-04,1.582052626760479222e-23,1.003767537006176277e-26
1.344006249999999909e+03,6.326103544070529969e-04,1.491468410818648985e-23,9.435574344496081081e-27
1.344025000000000091e+03,6.307541713416413677e-04,1.406026599341153705e-23,8.868938705012758645e-27
1.344043750000000045e+03,6.288769716624899439e-04,1.325437822065271019e-23,8.335718434510677059e-27
1.344062500000000000e+03,6.269789050454949685e-04,1.249428844901459629e-23,7.833979710975312004e-27
1.344081249999999955e+03,6.250601231507157355e-04,1.177741678505995924e-23,7.361898456180450653e-27
1.344099999999999909e+03,6.231207795741075355e-04,1.110132735633377382e-23,6.917754233848889497e-27
1.344118750000000091e+03,6.211610298391336167e-04,1.046372034609904958e-23,6.499924480275485979e-27
1.344137500000000045e+03,6.191810313732451542e-04,9.862424464578769761e-24,6.106879049209184398e-27
1.344156250000000000e+03,6.171809434959441834e-04,9.295389832565183440e-24,5.737175054275369787e-27
1.344174999999999955e+03,6.151609274037524383e-04,8.760681255504405614e-24,5.389451993206521549e-27
1.344193749999999909e+03,6.131211461580709978e-04,8.256471866459869642e-24,5.062427138650887652e-27
1.344212500000000091e+03,6.110617646232354783e-04,7.781037118220531393e-24,4.754891181079278690e-27
1.344231250000000045e+03,6.089829495163666742e-04,7.332749105354697710e-24,4.465704111480442289e-27
1.344250000000000000e+03,6.068848693307021770e-04,6.910071198370478146e-24,4.193791329105293752e-27
1.344268749999999955e+03,6.047676943502875314e-04,6.511552972974124555e-24,3.938139963916023565e-27
1.344287499999999909e+03,6.026315966193070833e-04,6.135825418338592712e-24,3.697795401119326138e-27
1.344306250000000091e+03,6.004767499141540647e-04,5.781596409249192438e-24,3.471857997335473247e-27
1.344325000000000045e+03,5.983033297414035688e-04,5.447646427640326562e-24,3.259479978130521506e-27
1.344343750000000000e+03,5.961115132946330063e-04,5.132824519947985560e-24,3.059862506745097431e-27
1.344362499999999955e+03,5.939014794610117777e-04,4.836044477498090893e-24,2.872252915341108779e-27
1.344381249999999909e+03,5.916734087949040944e-04,4.556281227595772968e-24,2.695942089411401504e-27
1.344400000000000091e+03,5.894274834735933064e-04,4.292567423932018570e-24,2.530261997255150937e-27
1.344418750000000045e+03,5.871638873079413441e-04,4.043990225354611398e-24,2.374583356934307192e-27
1.344437500000000000e+03,5.848828056941010644e-04,3.809688252663458777e-24,2.228313432703732259e-27
1.344456249999999955e+03,5.825844256165728331e-04,3.588848713789288540e-24,2.090893954413750048e-27
1.344474999999999909e+03,5.802689356193750474e-04,3.380704687983069094e-24,1.961799152745953901e-27
1.344493750000000091e+03,5.779365257732136264e-04,3.184532560476355545e-24,1.840533904197089787e-27
1.344512500000000045e+03,5.755873876729463877e-04,2.999649599204443295e-24,1.726631979830271550e-27
1.344531250000000000e+03,5.732217143894619265e-04,2.825411665869058277e-24,1.619654391911554358e-27
1.344549999999999955e+03,5.708397004833426231e-04,2.661211054006710580e-24,1.519187833428401283e-27
1.344568749999999909e+03,5.684415419617940609e-04,2.506474446982117196e-24,1.424843204977422711e-27
1.344587500000000091e+03,5.660274362422008715e-04,2.360660989410103595e-24,1.336254224482922707e-27
1.344606250000000045e+03,5.635975821663181820e-04,2.223260465701016660e-24,1.253076115242664673e-27
1.344625000000000000e+03,5.611521799385576353e-04,2.093791579884110273e-24,1.174984367709879526e-27
1.344643749999999955e+03,5.586914311390303416e-04,1.971800331109467432e-24,1.101673571290394083e-27
1.344662499999999909e+03,5.562155386953577304e-04,1.856858479543125532e-24,1.032856312009927415e-27
1.344681250000000091e+03,5.537247068100726146e-04,1.748562097706345466e-24,9.682621324545342086e-28
1.344700000000000045e+03,5.512191410216370040e-04,1.646530202525340213e-24,9.076365508452935530e-28
1.344718750000000000e+03,5.486990481023465817e-04,1.550403463636193108e-24,8.507401354268768502e-28
1.344737499999999955e+03,5.461646360855828847e-04,1.459842983743995849e-24,7.973476316293658276e-28
1.344756249999999909e+03,5.436161142342580332e-04,1.374529147038608193e-24,7.472471387295966080e-28
1.344775000000000091e+03,5.410536929923114285e-04,1.294160531944118875e-24,7.002393333660331437e-28
1.344793750000000045e+03,5.384775839969810785e-04,1.218452884581184293e-24,6.561367373644405451e-28
1.344812500000000000e+03,5.358880000042141748e-04,1.147138149646788243e-24,6.147630272403187031e-28
1.344831249999999955e+03,5.332851549362580381e-04,1.079963555482181775e-24,5.759523832863571350e-28
1.344849999999999909e+03,5.306692637965180473e-04,1.016690750352598554e-24,5.395488757358992036e-28
1.344868750000000091e+03,5.280405426707085199e-04,9.570949871000848475e-25,5.054058861876440664e-28
1.344887500000000045e+03,5.253992087137309384e-04,9.009643534729686380e-25,4.733855621838084492e-28
1.344906250000000000e+03,5.227454800757609611e-04,8.480990455950541545e-25,4.433583030457246079e-28
1.344924999999999955e+03,5.200795759486404567e-04,7.983106822070071270e-25,4.152022753875724572e-28
1.344943749999999909e+03,5.174017165065138580e-04,7.514216573766613422e-25,3.888029564112984021e-28
1.344962500000000091e+03,5.147121228529026159e-04,7.072645295627893986e-25,3.640527035395698623e-28
1.344981250000000045e+03,5.120110170542268874e-04,6.656814450108995374e-25,3.408503489505980103e-28
1.345000000000000000e+03,5.092986220497860723e-04,6.265235935497777144e-25,3.191008174438613090e-28
