signal_nm,phi2_fixed_idler_norm,pump2_norm,f2_norm
1.270000000000000000e+03,1.268657292926207182e-04,6.795869407325180428e-44,8.621953611444155001e-48
1.270018749999999955e+03,1.271190395671715882e-04,7.440326577182598441e-44,9.458427476701469837e-48
1.270037499999999909e+03,1.273617301634853813e-04,8.145539813645918261e-44,1.037469069538082638e-47
1.270056250000000091e+03,1.275937630355230678e-04,8.917202793700872758e-44,1.137822260872362576e-47
1.270075000000000045e+03,1.278151018642347209e-04,9.761539545176397469e-44,1.247719105905292175e-47
1.270093750000000000e+03,1.280257120635796035e-04,1.068535354408926381e-43,1.368051457178785805e-47
1.270112499999999955e+03,1.282255607873830422e-04,1.169608132918786250e-43,1.499793004126290624e-47
1.270131249999999909e+03,1.284146169307591717e-04,1.280185104585686757e-43,1.644006639519284865e-47
1.270150000000000091e+03,1.285928511384869927e-04,1.401154637043576084e-43,1.801852475672059107e-47
1.270168750000000045e+03,1.287602358080453793e-04,1.533487630604319189e-43,1.974596566286939582e-47
1.270187500000000000e+03,1.289167450940697189e-04,1.678245138563182956e-43,2.163620394747372344e-47
1.270206249999999955e+03,1.290623549138310907e-04,1.836586686682194144e-43,2.370431194737055461e-47
1.270224999999999909e+03,1.291970429509830783e-04,2.009779355617691288e-43,2.596673174556600931e-47
1.270243750000000091e+03,1.293207886573965657e-04,2.199207695756079488e-43,2.844139722403149283e-47
1.270262500000000045e+03,1.294335732602283282e-04,2.406384550318857049e-43,3.114786676636329303e-47
1.270281250000000000e+03,1.295353797625594652e-04,2.632962869388625801e-43,3.410746751571778440e-47
1.270299999999999955e+03,1.296261929479062506e-04,2.880748604958323163e-43,3.734345217289151362e-47
1.270318749999999909e+03,1.297059993831619793e-04,3.151714785396712233e-43,4.088116939973704210e-47
1.270337500000000091e+03,1.297747874209918622e-04,3.448016876370520256e-43,4.474824897943634443e-47
1.270356250000000045e+03,1.298325472030306357e-04,3.772009545168565994e-43,4.897480298363600665e-47
1.270375000000000000e+03,1.298792706609863885e-04,4.126264955786841762e-43,5.359364429621598042e-47
1.270393749999999955e+03,1.299149515205188067e-04,4.513592733585377442e-43,5.864052395675106076e-47
1.270412499999999909e+03,1.299395853016338510e-04,4.937061751076840432e-43,6.415438890563330518e-47
1.270431250000000091e+03,1.299531693214290640e-04,5.400023899630603905e-43,7.017766184142394386e-47
1.270450000000000045e+03,1.299557026946475988e-04,5.906140027225470683e-43,7.675654504298523067e-47
1.270468750000000000e+03,1.299471863356222465e-04,6.459408238184266276e-43,8.394135015824231178e-47
1.270487499999999955e+03,1.299276229592053031e-04,7.064194768607775603e-43,9.178685612330280239e-47
1.270506249999999909e+03,1.298970170812813695e-04,7.725267670493369437e-43,1.003526975531852722e-46
1.270525000000000091e+03,1.298553750194574193e-04,8.447833558305819822e-43,1.097037861330393247e-46
1.270543750000000045e+03,1.298027048932649211e-04,9.237577694622812482e-43,1.199107677428056280e-46
1.270562500000000000e+03,1.297390166254489008e-04,1.010070771652291862e-42,1.310505182730017889e-46
1.270581249999999955e+03,1.296643219402438159e-04,1.104400133075470174e-42,1.432066813126501361e-46
1.270599999999999909e+03,1.295786343634093075e-04,1.207485833623862949e-42,1.564702511673828114e-46
1.270618750000000091e+03,1.294819692229139249e-04,1.320135736322964010e-42,1.709402049201230315e-46
1.270637500000000045e+03,1.293743436466604968e-04,1.443231775465836708e-42,1.867241875555415400e-46
1.270656250000000000e+03,1.292557765634014689e-04,1.577736705223971898e-42,2.039392544882199990e-46
1.270674999999999955e+03,1.291262886988029789e-04,1.724701459184933717e-42,2.227126761666951487e-46
1.270693749999999909e+03,1.289859025761886735e-04,1.885273175750999857e-42,2.431828098165174295e-46
1.270712500000000091e+03,1.288346425149760450e-04,2.060703949254223044e-42,2.655000437629214428e-46
1.270731250000000045e+03,1.286725346270918416e-04,2.252360371992177624e-42,2.898278202105513397e-46
1.270750000000000000e+03,1.284996068170070880e-04,2.461733938184945610e-42,3.163437428286717813e-46
1.270768749999999955e+03,1.283158887773515680e-04,2.690452387236416173e-42,3.452407759649251660e-46
1.270787499999999909e+03,1.281214119879979724e-04,2.940292070458551142e-42,3.767285428613545358e-46
1.270806250000000091e+03,1.279162097122258561e-04,3.213191433125360471e-42,4.110347308144317615e-46
1.270825000000000045e+03,1.277003169953592836e-04,3.511265711665657605e-42,4.484066118360867857e-46
1.270843750000000000e+03,1.274737706589028406e-04,3.836822954896059586e-42,4.891126880250006827e-46
1.270862499999999955e+03,1.272366093001959088e-04,4.192381487705048758e-42,5.334444716003152853e-46
1.270881249999999909e+03,1.269888732857676178e-04,4.580688946236990645e-42,5.817184102543888049e-46
1.270900000000000091e+03,1.267306047500371853e-04,5.004743025117414342e-42,6.342779693874347647e-46
1.270918750000000045e+03,1.264618475898674811e-04,5.467814089528080187e-42,6.914958835621162197e-46
1.270937500000000000e+03,1.261826474611590877e-04,5.973469818899527224e-42,7.537765905708477601e-46
1.270956249999999955e+03,1.258930517725857529e-04,6.525602063206376121e-42,8.215588624021560248e-46
1.270974999999999909e+03,1.255931096823143260e-04,7.128456109593435982e-42,8.953186486202288994e-46
1.270993750000000091e+03,1.252828720947686851e-04,7.786662573925042075e-42,9.755721487170886536e-46
1.271012500000000045e+03,1.249623916487935292e-04,8.505272151183066156e-42,1.062879131225018555e-45
1.271031250000000000e+03,1.246317227231938385e-04,9.289793479513019803e-42,1.157846519006261396e-45
1.271049999999999955e+03,1.242909214192898981e-04,1.014623439469956055e-41,1.261132260993494786e-45
1.271068749999999909e+03,1.239400455633444479e-04,1.108114687703249686e-41,1.373449512934114517e-45
1.271087500000000091e+03,1.235791546984285367e-04,1.210167601824257173e-41,1.495571150634455086e-45
1.271106250000000045e+03,1.232083100744100265e-04,1.321561336665532195e-41,1.628334641440608436e-45
1.271125000000000000e+03,1.228275746490575815e-04,1.443145503815001047e-41,1.772647301440650058e-45
1.271143749999999955e+03,1.224370130741698191e-04,1.575846501716382978e-41,1.929491967700450960e-45
1.271162499999999909e+03,1.220366916897458665e-04,1.720674410708169334e-41,2.099933117312261009e-45
1.271181250000000091e+03,1.216266785226355020e-04,1.878730503156436838e-41,2.285123467290089090e-45
1.271200000000000045e+03,1.212070432728765812e-04,2.051215423137622423e-41,2.486311091387389610e-45
1.271218750000000000e+03,1.207778573086589315e-04,2.239438095028264755e-41,2.704847093291708082e-45
1.271237499999999955e+03,1.203391936579404606e-04,2.444825425412185619e-41,2.942193877757924559e-45
1.271256249999999909e+03,1.198911270009125885e-04,2.668932868617180537e-41,3.199934064789900011e-45
1.271275000000000091e+03,1.194337336614252517e-04,2.913455932107178861e-41,3.479780094777457888e-45
1.271293750000000045e+03,1.189670916012464054e-04,3.180242704855868410e-41,3.783584576312514254e-45
1.271312500000000000e+03,1.184912804064254158e-04,3.471307499068652926e-41,4.113351431587151458e-45
1.271331249999999955e+03,1.180063812829172074e-04,3.788845703382604910e-41,4.471247898795466115e-45
1.271349999999999909e+03,1.175124770438174215e-04,4.135249954623569215e-41,4.859617454500877656e-45
1.271368750000000091e+03,1.170096521039858312e-04,4.513127744166557453e-41,5.280993723946887264e-45
1.271387500000000045e+03,1.164979924692648042e-04,4.925320585449938589e-41,5.738115451445679942e-45
1.271406250000000000e+03,1.159775857251666423e-04,5.374924880110136361e-41,6.233942608401404856e-45
1.271424999999999955e+03,1.154485210287814088e-04,5.865314632186868206e-41,6.771673721912268297e-45
1.271443749999999909e+03,1.149108890974012616e-04,6.400166173005301157e-41,7.354764512202385516e-45
1.271462500000000091e+03,1.143647822021052026e-04,6.983485073577016712e-41,7.986947934010380648e-45
1.271481250000000045e+03,1.138102941507610502e-04,7.619635436664139131e-41,8.672255721929754811e-45
1.271500000000000000e+03,1.132475202830451980e-04,8.313371777490813450e-41,9.415041549026359223e-45
1.271518749999999955e+03,1.126765574580682896e-04,9.069873720388295077e-41,1.022000591282289403e-44
1.271537499999999909e+03,1.120975040413719890e-04,9.894783758346629993e-41,1.109222287187518609e-44
1.271556250000000091e+03,1.115104598971701863e-04,1.079424834407263552e-40,1.203716876477185597e-44
1.271575000000000045e+03,1.109155263719332547e-04,1.177496260427458802e-40,1.306075304994549495e-44
1.271593750000000000e+03,1.103128062898004662e-04,1.284421899499980119e-40,1.416935141808614481e-44
1.271612499999999955e+03,1.097024039364414389e-04,1.400996024220544813e-40,1.536984133293232590e-44
1.271631249999999909e+03,1.090844250420863672e-04,1.528083694326599381e-40,1.666964017150779542e-44
1.271650000000000091e+03,1.084589767817582985e-04,1.666627023632822231e-40,1.807674614646413246e-44
1.271668750000000045e+03,1.078261677515850913e-04,1.817651998040793490e-40,1.959978219692879647e-44
1.271687500000000000e+03,1.071861079639615827e-04,1.982275892812148504e-40,2.124804305907497170e-44
1.271706249999999955e+03,1.065389088280278786e-04,2.161715341314301490e-40,2.303154572777280119e-44
1.271724999999999909e+03,1.058846831419346679e-04,2.357295112141707311e-40,2.496108354593489361e-44
1.271743750000000091e+03,1.052235450803097919e-04,2.570457656367068027e-40,2.704828416477843836e-44
1.271762500000000045e+03,1.045556101736883813e-04,2.802773491972154637e-40,2.930567163436393197e-44
1.271781250000000000e+03,1.038809953037676142e-04,3.055952498450309784e-40,3.174673290890447852e-44
1.271799999999999955e+03,1.031998186852917316e-04,3.331856200738354816e-40,3.438598905413883351e-44
1.271818749999999909e+03,1.025121998525979823e-04,3.632511128580230459e-40,3.723907147438131013e-44
1.271837500000000091e+03,1.018182596451166388e-04,3.960123344751100919e-40,4.032280348927139223e-44
1.271856250000000045e+03,1.011181201968087403e-04,4.317094243843005699e-40,4.365528761575365443e-44
1.271875000000000000e+03,1.004119049194824713e-04,4.706037731789586064e-40,4.725599892342950082e-44
1.271893749999999955e+03,9.969973848230221443e-05,5.129798906115404115e-40,5.114588486003423365e-44
1.271912499999999909e+03,9.898174680893639412e-05,5.591474366981920968e-40,5.534747197570706527e-44
1.271931250000000091e+03,9.825805705514746515e-05,6.094434300452276351e-40,5.988497997315023088e-44
1.271950000000000045e+03,9.752879759434178789e-05,6.642346487602199601e-40,6.478444356569970853e-44
1.271968750000000000e+03,9.679409800400085170e-05,7.239202406110218789e-40,7.007384263606587946e-44
1.271987499999999955e+03,9.605408904855067731e-05,7.889345605590764747e-40,7.578324121920195044e-44
1.272006249999999909e+03,9.530890266504859988e-05,8.597502553230873239e-40,8.194493586682680747e-44
1.272025000000000091e+03,9.455867195135226515e-05,9.368816163385812508e-40,8.859361398132767059e-44
1.272043750000000045e+03,9.380353113780692299e-05,1.020888224285805270e-39,9.576652271807698013e-44
1.272062500000000000e+03,9.304361559346992694e-05,1.112378910400638259e-39,1.035036491587980460e-43
1.272081249999999955e+03,9.227906178313740530e-05,1.212016061857960804e-39,1.118479123599226146e-43
1.272099999999999909e+03,9.151000727035953585e-05,1.320520300958954134e-39,1.208453680980590592e-43
1.272118750000000091e+03,9.073659069546371352e-05,1.438675570315306499e-39,1.305454270043188920e-43
1.272137500000000045e+03,8.995895175740245824e-05,1.567334658991626743e-39,1.410010869163175738e-43
1.272156250000000000e+03,8.917723120117017799e-05,1.707425207648953769e-39,1.522691803056789730e-43
1.272174999999999955e+03,8.839157079218879767e-05,1.859956233833654498e-39,1.644106376345470875e-43
1.272193749999999909e+03,8.760211330856231362e-05,2.026025222183387779e-39,1.774907676271861451e-43
1.272212500000000091e+03,8.680900252408677638e-05,2.206825828145837281e-39,1.915795554013911280e-43
1.272231250000000045e+03,8.601238318045808259e-05,2.403656247846114016e-39,2.067519794700858447e-43
1.272250000000000000e+03,8.521240098085050303e-05,2.617928311359441570e-39,2.230883487668327200e-43
1.272268749999999955e+03,8.440920257060128206e-05,2.851177361490499535e-39,2.406746607630526540e-43
1.272287499999999909e+03,8.360293551145830178e-05,3.105072985310897477e-39,2.596029818551725720e-43
1.272306250000000091e+03,8.279374827433773343e-05,3.381430671749291261e-39,2.799718513514687397e-43
1.272325000000000045e+03,8.198179021452642280e-05,3.682224474331954567e-39,3.018867102411030887e-43
1.272343750000000000e+03,8.116721155689311513e-05,4.009600765392459394e-39,3.254603562004553828e-43
1.272362499999999955e+03,8.035016337752212451e-05,4.365893174915472017e-39,3.508134261993345638e-43
1.272381249999999909e+03,7.953079757967540617e-05,4.753638815489134874e-39,3.780749081839386829e-43
1.272400000000000091e+03,7.870926688519427764e-05,5.175595903213850248e-39,4.073826834686781531e-43
1.272418750000000045e+03,7.788572481154794292e-05,5.634762893930235902e-39,4.388841013347255332e-43
1.272437500000000000e+03,7.706032564689597520e-05,6.134399263897579777e-39,4.727365875293446005e-43
1.272456249999999955e+03,7.623322444261922094e-05,6.678048075623274294e-39,5.091082885620354882e-43
1.272474999999999909e+03,7.540457698358401031e-05,7.269560480620480354e-39,5.481787533588691025e-43
1.272493750000000091e+03,7.457453978253971870e-05,7.913122324704812873e-39,5.901396544831062624e-43
1.272512500000000045e+03,7.374327004090166972e-05,8.613283034310315961e-39,6.351955504496492917e-43
1.272531250000000000e+03,7.291092565288878960e-05,9.374986978716488289e-39,6.835646917823278967e-43
1.272549999999999955e+03,7.207766516903232998e-05,1.020360751826595850e-38,7.354798722555686094e-43
1.272568749999999909e+03,7.124364778080133906e-05,1.110498396722718561e-38,7.911893279944272412e-43
1.272587500000000091e+03,7.040903330588506434e-05,1.208546171910435534e-38,8.509576865842809272e-43
1.272606250000000045e+03,6.957398216707463227e-05,1.315193580277316652e-38,9.150669684460386089e-43
1.272625000000000000e+03,6.873865536739559752e-05,1.431189816083329472e-38,9.838176429187515219e-43
1.272643749999999955e+03,6.790321447610038973e-05,1.557348896613495751e-38,1.057529741773664848e-42
1.272662499999999909e+03,6.706782160107328111e-05,1.694555231836739378e-38,1.136544032410870952e-42
1.272681250000000091e+03,6.623263938407305640e-05,1.843769669271459796e-38,1.221223254032159710e-42
1.272700000000000045e+03,6.539783096352724649e-05,2.006036054181337540e-38,1.311953418625462640e-42
1.272718750000000000e+03,6.456355996139815756e-05,2.182488348915281577e-38,1.409145180642290110e-42
1.272737499999999955e+03,6.372999046976577427e-05,2.374358358447161257e-38,1.513235277881516290e-42
1.272756249999999909e+03,6.289728701602644218e-05,2.582984113610316696e-38,1.624688046282621288e-42
1.272775000000000091e+03,6.206561455604848912e-05,2.809818967414992322e-38,1.743997012768195305e-42
1.272793750000000045e+03,6.123513844776725377e-05,3.056441464788808840e-38,1.871686568477777078e-42
1.272812500000000000e+03,6.040602442845493625e-05,3.324566050979403240e-38,2.008313726243438958e-42
1.272831249999999955e+03,5.957843859781836729e-05,3.616054689336179689e-38,2.154469965956591893e-42
1.272849999999999909e+03,5.875254739526938739e-05,3.932929465178885542e-38,2.310783171184395755e-42
1.272868750000000091e+03,5.792851758530336400e-05,4.277386258843873761e-38,2.477919661336154867e-42
1.272887500000000045e+03,5.710651622640292480e-05,4.651809577875908934e-38,2.656586322381745366e-42
1.272906250000000000e+03,5.628671065387711760e-05,5.058788646012632751e-38,2.847532841446161431e-42
1.272924999999999955e+03,5.546926846680495988e-05,5.501134854607039588e-38,3.051554049421502127e-42
1.272943749999999909e+03,5.465435749543236818e-05,5.981900690994945173e-38,3.269492374911945918e-42
1.272962500000000091e+03,5.384214578784167552e-05,6.504400268049172840e-38,3.502240416303758856e-42
1.272981250000000045e+03,5.303280158687862335e-05,7.072231589043908254e-38,3.750743635511926204e-42
1.273000000000000000e+03,5.222649330703791660e-05,7.689300693934190112e-38,4.016003179490116839e-42
1.273018749999999955e+03,5.142338951731018987e-05,8.359847844267185857e-38,4.299078835487738182e-42
1.273037499999999909e+03,5.062365891076230990e-05,9.088475918140635609e-38,4.601092125087125768e-42
1.273056250000000091e+03,4.982747030255882858e-05,9.880181199925959445e-38,4.923229546953587783e-42
1.273075000000000045e+03,4.903499258335183343e-05,1.074038676556630942e-37,5.266745969459947051e-42
1.273093750000000000e+03,4.824639471999637189e-05,1.167497868033659220e-37,5.632968189059814809e-42
1.273112499999999955e+03,4.746184572230648173e-05,1.269034524463206480e-37,6.023298655895786636e-42
1.273131249999999909e+03,4.668151462037124891e-05,1.379341954201992477e-37,6.439219379819898639e-42
1.273150000000000091e+03,4.590557045454575805e-05,1.499172556600438306e-37,6.882296028624927252e-42
1.273168750000000045e+03,4.513418224045001733e-05,1.629342822355809612e-37,7.354182224825001215e-42
1.273187500000000000e+03,4.436751895859051447e-05,1.770738753956359835e-37,7.856624060881458154e-42
1.273206249999999955e+03,4.360574952636512734e-05,1.924321741190632297e-37,8.391464841380036350e-42
1.273224999999999909e+03,4.284904277675403148e-05,2.091134929672526240e-37,8.960650071927772728e-42
1.273243750000000091e+03,4.209756743990137527e-05,2.272310123420625042e-37,9.566232712867992704e-42
1.273262500000000045e+03,4.135149211894406987e-05,2.469075265977493544e-37,1.021037871697057702e-41
1.273281250000000000e+03,4.061098527172240315e-05,2.682762548160011402e-37,1.089537287679288137e-41
1.273299999999999955e+03,3.987621518961585759e-05,2.914817194569917109e-37,1.162362500677044321e-41
1.273318749999999909e+03,3.914734996497791221e-05,3.166806985247523366e-37,1.239767648712563315e-41
1.273337500000000091e+03,3.842455748591053368e-05,3.440432573472981205e-37,1.322020721497427063e-41
1.273356250000000045e+03,3.770800540307779814e-05,3.737538665910610318e-37,1.409404298670602201e-41
1.273375000000000000e+03,3.699786111700667859e-05,4.060126136505752712e-37,1.502216336992861219e-41
1.273393749999999955e+03,3.629429174549532450e-05,4.410365151539915943e-37,1.600771010237721413e-41
1.273412499999999909e+03,3.559746411368925088e-05,4.790609389742009575e-37,1.705399609178262454e-41
1.273431250000000091e+03,3.490754472142002570e-05,5.203411447955982803e-37,1.816451506434974348e-41
1.273450000000000045e+03,3.422469973247668957e-05,5.651539530603820647e-37,1.934295195656199836e-41
1.273468750000000000e+03,3.354909494894096238e-05,6.137995529081894423e-37,2.059319412007748190e-41
1.273487499999999955e+03,3.288089578407913966e-05,6.666034605847607560e-37,2.191934344157915413e-41
1.273506249999999909e+03,3.222026724908425835e-05,7.239186407796080494e-37,2.332572950034978860e-41
1.273525000000000091e+03,3.156737392684072171e-05,7.861278042990506563e-37,2.481692387365898076e-41
1.273543750000000045e+03,3.092237995470829370e-05,8.536458966752803477e-37,2.639775574989480836e-41
1.273562500000000000e+03,3.028544899564549557e-05,9.269227934043589952e-37,2.807332899755330406e-41
1.273581249999999955e+03,2.965674422893623154e-05,1.006446218886542702e-36,2.984904090442941309e-41
1.273599999999999909e+03,2.903642831347069372e-05,1.092744907462766248e-36,3.173060275859519462e-41
1.273618750000000091e+03,2.842466338140523240e-05,1.186392026488536121e-36,3.372406256606136108e-41
1.273637500000000045e+03,2.782161100645241052e-05,1.288008882999668206e-36,3.583583012731364594e-41
1.273656250000000000e+03,2.722743218995903120e-05,1.398268937285433746e-36,3.807270482787565549e-41
1.273674999999999955e+03,2.664228733373622787e-05,1.517902148581988305e-36,4.044190646224693644e-41
1.273693749999999909e+03,2.606633621988921093e-05,1.647699680185688118e-36,4.295110951531023420e-41
1.273712500000000091e+03,2.549973799693809425e-05,1.788518993428190458e-36,4.560848135767149448e-41
1.273731250000000045e+03,2.494265114802489969e-05,1.941289362487242706e-36,4.842272483004681710e-41
1.273750000000000000e+03,2.439523348034086821e-05,2.107017844435450651e-36,5.140312585808776222e-41
1.273768749999999955e+03,2.385764209383587348e-05,2.286795741949492346e-36,5.455960668413579083e-41
1.273787499999999909e+03,2.333003337149058059e-05,2.481805598859902472e-36,5.790278553199755439e-41
1.273806250000000091e+03,2.281256294749025703e-05,2.693328772302484843e-36,6.144404345453147484e-41
1.273825000000000045e+03,2.230538569690799955e-05,2.922753628474609630e-36,6.519559939794363773e-41
1.273843750000000000e+03,2.180865570846501848e-05,3.171584413143287776e-36,6.917059445899669009e-41
1.273862499999999955e+03,2.132252626389662044e-05,3.441450851803765084e-36,7.338318657808059843e-41
1.273881249999999909e+03,2.084714982090527042e-05,3.734118539260920395e-36,7.784865701609136877e-41
1.273900000000000091e+03,2.038267799001806604e-05,4.051500182911925272e-36,8.258353009233846255e-41
1.273918750000000045e+03,1.992926151994478710e-05,4.395667769352481940e-36,8.760570793355436320e-41
1.273937500000000000e+03,1.948705026542602248e-05,4.768865729631751720e-36,9.293462203981496332e-41
1.273956249999999955e+03,1.905619318120528385e-05,5.173525184384208826e-36,9.859140398612446077e-41
1.273974999999999909e+03,1.863683829024450771e-05,5.612279356798973164e-36,1.045990774435063849e-40
1.273993750000000091e+03,1.822913267141707322e-05,6.087980248355360693e-36,1.109827744105175151e-40
1.274012500000000045e+03,1.783322243692095379e-05,6.603716680101960800e-36,1.177699785385087729e-40
1.274031250000000000e+03,1.744925271146946551e-05,7.162833810336533705e-36,1.249907989792745888e-40
1.274049999999999955e+03,1.707736761375944668e-05,7.768954248528935743e-36,1.326782785436645223e-40
1.274068749999999909e+03,1.671771023569768326e-05,8.426000895177613847e-36,1.408687403733052314e-40
1.274087500000000091e+03,1.637042262637206400e-05,9.138221647396593409e-36,1.496021779030212037e-40
1.274106250000000045e+03,1.603564576742519184e-05,9.910216121532629794e-36,1.589226932885828239e-40
1.274125000000000000e+03,1.571351955951013395e-05,1.074696455646163563e-35,1.688789903675237825e-40
1.274143749999999955e+03,1.540418279666089205e-05,1.165385907340763882e-35,1.795249285183919007e-40
1.274162499999999909e+03,1.510777315136499001e-05,1.263673748391599388e-35,1.909201449914275109e-40
1.274181250000000091e+03,1.482442715763648601e-05,1.370191985112307508e-35,2.031307537818485061e-40
1.274200000000000045e+03,1.455428018469275166e-05,1.485624802735338498e-35,2.162301300626707221e-40
1.274218750000000000e+03,1.429746642671948830e-05,1.610712840841253450e-35,2.302997906781127824e-40
1.274237499999999955e+03,1.405411887776290861e-05,1.746257816385560290e-35,2.454303816120046862e-40
1.274256249999999909e+03,1.382436931764178979e-05,1.893127522402727633e-35,2.617227853959131872e-40
1.274275000000000091e+03,1.360834829035444036e-05,2.052261232660418190e-35,2.792893622031618298e-40
1.274293750000000045e+03,1.340618508758663667e-05,2.224675544945461404e-35,2.982553404185636888e-40
1.274312500000000000e+03,1.321800772950877954e-05,2.411470698358369635e-35,3.187603738924121559e-40
1.274331249999999955e+03,1.304394294879336335e-05,2.613837402713637544e-35,3.409602852514671350e-40
1.274349999999999909e+03,1.288411617001535673e-05,2.833064221211425998e-35,3.650290164761180588e-40
1.274368750000000091e+03,1.273865149375552185e-05,3.070545550971778854e-35,3.911608107210415354e-40
1.274387500000000045e+03,1.260767167811487246e-05,3.327790249287123999e-35,4.195726515407416558e-40
1.274406250000000000e+03,1.249129812229008328e-05,3.606430957542770851e-35,4.505069888911060992e-40
1.274424999999999955e+03,1.238965084803065978e-05,3.908234178809039348e-35,4.842347842028697653e-40
1.274443749999999909e+03,1.230284848279143251e-05,4.235111169386565862e-35,5.210589105601345794e-40
1.274462500000000091e+03,1.223100824337605787e-05,4.589129709734416803e-35,5.613179478059303474e-40
1.274481250000000045e+03,1.217424591837027639e-05,4.972526824986037323e-35,6.053904165834060491e-40
1.274500000000000000e+03,1.213267585158343340e-05,5.387722531298909532e-35,6.536995002672941782e-40
1.274518749999999955e+03,1.210641092554369644e-05,5.837334689891376370e-35,7.067183087914916479e-40
1.274537499999999909e+03,1.209556254492994513e-05,6.324195057430006295e-35,7.649757441984074395e-40
1.274556250000000091e+03,1.210024062039598638e-05,6.851366628267479988e-35,8.290630340967372772e-40
1.274575000000000045e+03,1.212055355246692322e-05,7.422162371819888141e-35,8.996410062011117672e-40
1.274593750000000000e+03,1.215660821536123885e-05,8.040165476229564835e-35,9.774481848044287014e-40
1.274612499999999955e+03,1.220850994166278681e-05,8.709251218655764184e-35,1.063309798663399629e-39
1.274631249999999909e+03,1.227636250642484043e-05,9.433610591531753046e-35,1.158147798905824695e-39
1.274650000000000091e+03,1.236026811115122429e-05,1.021777582506123720e-34,1.262991996070526282e-39
1.274668750000000045e+03,1.246032736989177875e-05,1.106664795640934391e-34,1.378992436846972855e-39
1.274687500000000000e+03,1.257663929238566238e-05,1.198552660902724190e-34,1.507433152980792315e-39
1.274706249999999955e+03,1.270930127066940523e-05,1.298014215722491435e-34,1.649747429531146030e-39
1.274724999999999909e+03,1.285840906338732778e-05,1.405669046588246961e-34,1.807534753662261422e-39
1.274743750000000091e+03,1.302405678162149283e-05,1.522187040978778632e-34,1.982579622722325765e-39
1.274762500000000045e+03,1.320633687406468178e-05,1.648292439291247589e-34,2.176872407929475564e-39
1.274781250000000000e+03,1.340534011268187341e-05,1.784768210615065105e-34,2.392632490561662701e-39
1.274799999999999955e+03,1.362115557933905292e-05,1.932460777939259478e-34,2.632333909412548043e-39
1.274818749999999909e+03,1.385387065216960171e-05,2.092285120561315867e-34,2.898733782435789480e-39
1.274837500000000091e+03,1.410357099027167646e-05,2.265230283499084571e-34,3.194903791750932210e-39
1.274856250000000045e+03,1.437034052146494931e-05,2.452365326127884475e-34,3.524265051790556048e-39
1.274875000000000000e+03,1.465426142820120408e-05,2.654845744804022102e-34,3.890626710605191503e-39
1.274893749999999955e+03,1.495541413738880245e-05,2.873920406866748844e-34,4.298228671754258210e-39
1.274912499999999909e+03,1.527387730253233525e-05,3.110939036470575003e-34,4.751788858626629980e-39
1.274931250000000091e+03,1.560972779313482916e-05,3.367360295776917270e-34,5.256555492061830840e-39
1.274950000000000045e+03,1.596304068524697319e-05,3.644760508457716912e-34,5.818364893858041286e-39
1.274968750000000000e+03,1.633388924368353828e-05,3.944843076157314742e-34,6.443705377375937621e-39
1.274987499999999955e+03,1.672234491452024769e-05,4.269448642517407926e-34,7.139787851963138012e-39
1.275006249999999909e+03,1.712847731010940495e-05,4.620566063627646286e-34,7.914623817001967535e-39
1.275025000000000091e+03,1.755235419945982566e-05,5.000344248296297150e-34,8.777111499066759401e-39
1.275043750000000045e+03,1.799404149551160395e-05,5.411104936657531322e-34,9.737130951600161131e-39
1.275062500000000000e+03,1.845360324192846333e-05,5.855356490785346414e-34,1.080564902072749582e-38
1.275081249999999955e+03,1.893110160687936928e-05,6.335808776767387833e-34,1.199483517289448155e-38
1.275099999999999909e+03,1.942659686985375334e-05,6.855389224023711580e-34,1.331818926522094564e-38
1.275118750000000091e+03,1.994014740769653850e-05,7.417260154103231921e-34,1.479068245427943813e-38
1.275137500000000045e+03,2.047180968890345023e-05,8.024837478618638633e-34,1.642891255970930895e-38
1.275156250000000000e+03,2.102163825844705818e-05,8.681810873453317553e-34,1.825127530660133605e-38
1.275174999999999955e+03,2.158968573545040699e-05,9.392165544924990059e-34,2.027815303828618856e-38
1.275193749999999909e+03,2.217600279521139489e-05,1.016020571242713106e-33,2.253212260314579844e-38
1.275212500000000091e+03,2.278063816499357219e-05,1.099057994192350503e-33,2.503818433210578554e-38
1.275231250000000045e+03,2.340363860902530980e-05,1.188830847476212511e-33,2.782401415829499650e-38
1.275250000000000000e+03,2.404504892631606017e-05,1.285881270775668919e-33,3.092024117456550358e-38
1.275268749999999955e+03,2.470491193610008254e-05,1.390794699258579055e-33,3.436075309106672815e-38
1.275287499999999909e+03,2.538326847359545401e-05,1.504203293523139065e-33,3.818303234308862375e-38
1.275306250000000091e+03,2.608015737681586144e-05,1.626789639054301354e-33,4.242852581002593732e-38
1.275325000000000045e+03,2.679561548211073578e-05,1.759290736171632534e-33,4.714305143526125826e-38
1.275343750000000000e+03,2.752967761305767535e-05,1.902502303131876982e-33,5.237724530193821175e-38
1.275362499999999955e+03,2.828237657539832390e-05,2.057283416716778822e-33,5.818705309604629781e-38
1.275381249999999909e+03,2.905374314891500268e-05,2.224561516549018140e-33,6.463427022342471910e-38
1.275400000000000091e+03,2.984380607969394547e-05,2.405337801464038800e-33,7.178713527007716538e-38
1.275418750000000045e+03,3.065259206819072964e-05,2.600693048296570318e-33,7.972098191306418418e-38
1.275437500000000000e+03,3.148012577338216405e-05,2.811793885992101491e-33,8.851895493617578500e-38
1.275456249999999955e+03,3.232642979427127381e-05,3.039899560266264255e-33,9.827279637640967786e-38
1.275474999999999909e+03,3.319152467282867637e-05,3.286369226886031078e-33,1.090837086046483790e-37
1.275493750000000091e+03,3.407542888123232160e-05,3.552669814569401807e-33,1.210633015593606204e-37
1.275512500000000045e+03,3.497815881653470782e-05,3.840384501519905285e-33,1.343346321836888783e-37
1.275531250000000000e+03,3.589972880366343170e-05,4.151221853202807309e-33,1.490333448180981298e-37
1.275549999999999955e+03,3.684015107638067361e-05,4.487025672405735465e-33,1.653089219664331906e-37
1.275568749999999909e+03,3.779943578338977665e-05,4.849785616679192804e-33,1.833260560303531759e-37
1.275587500000000091e+03,3.877759097218041063e-05,5.241648642446257601e-33,2.032661531989931185e-37
1.275606250000000045e+03,3.977462259916136298e-05,5.664931339576038866e-33,2.253289821263054070e-37
1.275625000000000000e+03,4.079053451284909634e-05,6.122133225147100024e-33,2.497344807018934043e-37
1.275643749999999955e+03,4.182532845145482279e-05,6.615951070258388280e-33,2.767247358953475625e-37
1.275662499999999909e+03,4.287900404548499660e-05,7.149294339699490627e-33,3.065661528013184821e-37
1.275681250000000091e+03,4.395155880698595413e-05,7.725301829902705118e-33,3.395518303650893896e-37
1.275700000000000045e+03,4.504298812784342411e-05,8.347359597624077345e-33,3.760041631432210240e-37
1.275718750000000000e+03,4.615328527696332408e-05,9.019120278458301022e-33,4.162776899889412809e-37
1.275737499999999955e+03,4.728244139941187969e-05,9.744523902174649842e-33,4.607622125432756860e-37
1.275756249999999909e+03,4.843044551057347583e-05,1.052782031966475829e-32,5.098862083735489247e-37
1.275775000000000091e+03,4.959728449659271974e-05,1.137359336537969459e-32,5.641205660245417165e-37
1.275793750000000045e+03,5.078294310803790950e-05,1.228678688826952601e-32,6.239826714522485729e-37
1.275812500000000000e+03,5.198740395572720800e-05,1.327273279458431013e-32,6.900408781790373705e-37
1.275831249999999955e+03,5.321064752153886371e-05,1.433718125665495706e-32,7.629193965116641597e-37
1.275849999999999909e+03,5.445265214620238271e-05,1.548633325345808226e-32,8.433036396405918507e-37
1.275868750000000091e+03,5.571339402705206172e-05,1.672687562138416684e-32,9.319460687064978646e-37
1.275887500000000045e+03,5.699284722229121632e-05,1.806601880749606143e-32,1.029672582292177539e-36
1.275906250000000000e+03,5.829098364473436246e-05,1.951153753125028028e-32,1.137389499512034882e-36
1.275924999999999955e+03,5.960777307369890854e-05,2.107181457732137940e-32,1.256091191089787634e-36
1.275943749999999909e+03,6.094318313580885451e-05,2.275588795848802889e-32,1.386868416142281003e-36
1.275962500000000091e+03,6.229717931997761206e-05,2.457350170529454191e-32,1.530917429716842305e-36
1.275981250000000045e+03,6.366972497233137028e-05,2.653516055926782238e-32,1.689549929536621172e-36
1.276000000000000000e+03,6.506078129477081337e-05,2.865218886739228681e-32,1.864203917987572509e-36
1.276018749999999955e+03,6.647030734896670380e-05,3.093679399706772452e-32,2.056455561643593874e-36
1.276037499999999909e+03,6.789826006201970902e-05,3.340213461593265132e-32,2.268032137775780459e-36
1.276056250000000091e+03,6.934459420813865872e-05,3.606239420657368755e-32,2.500826164277295523e-36
1.276075000000000045e+03,7.080926243849947261e-05,3.893286021357242376e-32,2.756910821152233913e-36
1.276093750000000000e+03,7.229221525447814684e-05,4.203000925130430578e-32,3.038556775232064954e-36
1.276112499999999955e+03,7.379340103772768773e-05,4.537159883163934461e-32,3.348250537131216215e-36
1.276131249999999909e+03,7.531276603012151006e-05,4.897676610717690025e-32,3.688714482563761889e-36
1.276150000000000091e+03,7.685025434337939046e-05,5.286613416054670757e-32,4.062928688768222772e-36
1.276168750000000045e+03,7.840580796859562590e-05,5.706192641252208877e-32,4.474154745803557817e-36
1.276187500000000000e+03,7.997936676573925388e-05,6.158808976346050126e-32,4.925961716088675344e-36
1.276206249999999955e+03,8.157086847945337180e-05,6.647042712809768388e-32,5.422254434234736074e-36
1.276224999999999909e+03,8.318024874085786695e-05,7.173674007505674478e-32,5.967304351262906691e-36
1.276243750000000091e+03,8.480744106319631776e-05,7.741698233299610504e-32,6.565783147020513466e-36
1.276262500000000045e+03,8.645237685217017519e-05,8.354342498712703725e-32,7.222799355556945587e-36
1.276281250000000000e+03,8.811498540368428625e-05,9.015083424393679955e-32,7.943938265166981743e-36
1.276299999999999955e+03,8.979519392799419064e-05,9.727666271635336966e-32,8.735305383225213293e-36
1.276318749999999909e+03,9.149292753114109653e-05,1.049612552452674607e-31,9.603573770726570529e-36
1.276337500000000091e+03,9.320810922611920358e-05,1.132480703547973399e-31,1.055603559036854176e-35
1.276356250000000045e+03,9.494065994585678780e-05,1.221839185162022400e-31,1.160065823263797379e-35
1.276375000000000000e+03,9.669049853796429913e-05,1.318192184854560761e-31,1.274614541518177752e-35
1.276393749999999955e+03,9.845754178273064027e-05,1.422082730756284931e-31,1.400200369188422383e-35
1.276412499999999909e+03,1.002417043989827509e-04,1.534095658198579705e-31,1.537861483561052298e-35
1.276431250000000091e+03,1.020428990298924931e-04,1.654860800975001229e-31,1.688731460067774673e-35
1.276450000000000045e+03,1.038610362708161579e-04,1.785056424072586119e-31,1.854047842496189248e-35
1.276468750000000000e+03,1.056960246758631178e-04,1.925412915983777066e-31,2.035161466052033004e-35
1.276487499999999955e+03,1.075477707418676592e-04,2.076716760057305392e-31,2.233546597842257940e-35
1.276506249999999909e+03,1.094161789549537176e-04,2.239814805769229162e-31,2.450811966639034232e-35
1.276525000000000091e+03,1.113011517582569997e-04,2.415618862403180975e-31,2.688712755392934352e-35
1.276543750000000045e+03,1.132025895825674238e-04,2.605110639190611599e-31,2.949163641704125441e-35
1.276562500000000000e+03,1.151203908416422627e-04,2.809347057882605642e-31,3.234252973790279380e-35
1.276581249999999955e+03,1.170544519606852207e-04,3.029465965523681553e-31,3.546258180420978598e-35
1.276599999999999909e+03,1.190046673705471994e-04,3.266692277330336670e-31,3.887662518168967656e-35
1.276618750000000091e+03,1.209709294986779525e-04,3.522344581740787403e-31,4.261173270286479000e-35
1.276637500000000045e+03,1.229531288220358566e-04,3.797842242125029737e-31,4.669741522855444890e-35
1.276656250000000000e+03,1.249511538314906401e-04,4.094713032142280651e-31,5.116583646739143014e-35
1.276674999999999955e+03,1.269648910782294050e-04,4.414601344484117449e-31,5.605204635669119929e-35
1.276693749999999909e+03,1.289942251542555425e-04,4.759277015719115357e-31,6.139423451818055072e-35
1.276712500000000091e+03,1.310390387162286316e-04,5.130644812928230924e-31,6.723400552314580395e-35
1.276731250000000045e+03,1.330992125103607024e-04,5.530754631476900380e-31,7.361667779142349302e-35
1.276750000000000000e+03,1.351746253366255029e-04,5.961812456696112904e-31,8.059160807490466043e-35
1.276768749999999955e+03,1.372651541122405687e-04,6.426192146068169930e-31,8.821254375875177516e-35
1.276787499999999909e+03,1.393706738606142158e-04,6.926448092887156358e-31,9.653800522001173688e-35
1.276806250000000091e+03,1.414910577096910478e-04,7.465328836751979377e-31,1.056317008009147158e-34
1.276825000000000045e+03,1.436261769250081965e-04,8.045791690959691077e-31,1.155629771433537093e-34
1.276843750000000000e+03,1.457759009056894923e-04,8.671018462143283913e-31,1.264073077851673041e-34
1.276862499999999955e+03,1.479400972030821954e-04,9.344432342889289223e-31,1.382468232466197865e-34
1.276881249999999909e+03,1.501186315464731868e-04,1.006971606421250352e-30,1.511708860527986148e-34
1.276900000000000091e+03,1.523113678116745629e-04,1.085083140077464974e-30,1.652767143544614212e-34
1.276918750000000045e+03,1.545181680982903060e-04,1.169204012898329755e-30,1.806700583468720829e-34
1.276937500000000000e+03,1.567388926789114111e-04,1.259792654487975117e-30,1.974659336089494978e-34
1.276956249999999955e+03,1.589734000602536395e-04,1.357342165715905839e-30,2.157894163302625691e-34
1.276974999999999909e+03,1.612215469640515184e-04,1.462382917868844295e-30,2.357765053143807590e-34
1.276993750000000091e+03,1.634831883605417568e-04,1.575485344866259944e-30,2.575750564168292818e-34
1.277012500000000045e+03,1.657581774683230310e-04,1.697262942808138347e-30,2.813457952746312800e-34
1.277031250000000000e+03,1.680463657887712990e-04,1.828375492070234334e-30,3.072634148550648027e-34
1.277049999999999955e+03,1.703476030879165753e-04,1.969532518291766877e-30,3.355177646344541899e-34
1.277068749999999909e+03,1.726617374479046411e-04,2.121497009841620555e-30,3.663151391330724363e-34
1.277087500000000091e+03,1.749886152447958909e-04,2.285089410566702497e-30,3.998796736627835190e-34
1.277106250000000045e+03,1.773280811937206179e-04,2.461191908036100894e-30,4.364548563220778414e-34
1.277125000000000000e+03,1.796799783448766005e-04,2.650753038936058199e-30,4.763051654756937886e-34
1.277143749999999955e+03,1.820441481187257203e-04,2.854792634829261249e-30,5.197178431298281872e-34
1.277162499999999909e+03,1.844204302891956854e-04,3.074407133260498841e-30,5.670048150281196552e-34
1.277181250000000091e+03,1.868086630331746735e-04,3.310775280889183933e-30,6.185047696924203594e-34
1.277200000000000045e+03,1.892086829284157312e-04,3.565164257339535474e-30,6.745854089675336912e-34
1.277218750000000000e+03,1.916203249552328729e-04,3.838936250503588848e-30,7.356458840864474893e-34
1.277237499999999955e+03,1.940434225629949019e-04,4.133555516304087770e-30,8.021194325098236883e-34
1.277256249999999909e+03,1.964778076341428003e-04,4.450595958186016675e-30,8.744762310974551534e-34
1.277275000000000091e+03,1.989233105168475247e-04,4.791749264367971568e-30,9.532264836962317921e-34
1.277293750000000045e+03,2.013797600569225215e-04,5.158833643385701418e-30,1.038923761755327473e-33
1.277312500000000000e+03,2.038469835888945356e-04,5.553803201611792659e-30,1.132168618098926974e-33
1.277331249999999955e+03,2.063248069901322959e-04,5.978758009398549938e-30,1.233612496278099123e-33
1.277349999999999909e+03,2.088130546529321581e-04,6.435954906038850361e-30,1.343961958426144627e-33
1.277368750000000091e+03,2.113115495470306538e-04,6.927819097072799929e-30,1.463983258029844354e-33
1.277387500000000045e+03,2.138201131978746943e-04,7.456956601716974999e-30,1.594507284168677525e-33
1.277406250000000000e+03,2.163385657335346185e-04,8.026167612078900224e-30,1.736434907805289117e-33
1.277424999999999955e+03,2.188667258712310298e-04,8.638460830129978042e-30,1.890742761220434201e-33
1.277443749999999909e+03,2.214044109985678849e-04,9.297068853673422775e-30,2.058489486336267663e-33
1.277462500000000091e+03,2.239514371078987157e-04,1.000546468688596719e-29,2.240822487030421164e-33
1.277481250000000045e+03,2.265076188773842134e-04,1.076737945731359997e-29,2.438985228046142907e-33
1.277500000000000000e+03,2.290727696614990624e-04,1.158682142631660386e-29,2.654325121612192263e-33
1.277518749999999955e+03,2.316467015279864022e-04,1.246809638653150904e-29,2.888302049533981414e-33
1.277537499999999909e+03,2.342292252629018612e-04,1.341582954686856594e-29,3.142497570180248374e-33
1.277556250000000091e+03,2.368201503843236184e-04,1.443498901192433028e-29,3.418624864647551576e-33
1.277575000000000045e+03,2.394192851917245038e-04,1.553091097154116956e-29,3.718539480911000467e-33
1.277593750000000000e+03,2.420264367458829519e-04,1.670932672336523750e-29,4.044250937069768443e-33
1.277612499999999955e+03,2.446414109258695352e-04,1.797639166075735415e-29,4.397935253332989179e-33
1.277631249999999909e+03,2.472640124269044723e-04,1.933871636742401549e-29,4.781948483444519941e-33
1.277650000000000091e+03,2.498940447810150131e-04,2.080339997084918196e-29,5.198841325131906940e-33
1.277668750000000045e+03,2.525313103873255000e-04,2.237806591631946058e-29,5.651374893643574862e-33
1.277687500000000000e+03,2.551756105234356895e-04,2.407090033627091692e-29,6.142537748751665157e-33
1.277706249999999955e+03,2.578267453819675821e-04,2.589069320092508884e-29,6.675564273762719228e-33
1.277724999999999909e+03,2.604845140720167345e-04,2.784688245008107687e-29,7.253954510420684041e-33
1.277743750000000091e+03,2.631487146468479876e-04,2.994960131995780240e-29,7.881495564301064220e-33
1.277762500000000045e+03,2.658191441213134457e-04,3.220972909382827958e-29,8.562284701643645854e-33
1.277781250000000000e+03,2.684955985156138028e-04,3.463894552274623832e-29,9.300754270121447199e-33
1.277799999999999955e+03,2.711778728471019918e-04,3.724978917745374169e-29,1.010169858175518312e-32
1.277818749999999909e+03,2.738657611739841210e-04,4.005572001462107298e-29,1.097030291347497735e-32
1.277837500000000091e+03,2.765590565882395800e-04,4.307118645765805753e-29,1.191217478490775211e-32
1.277856250000000045e+03,2.792575512820264709e-04,4.631169731415625346e-29,1.293337769359101141e-32
1.277875000000000000e+03,2.819610365230643101e-04,4.979389887794456988e-29,1.404046749070658505e-32
1.277893749999999955e+03,2.846693027078953521e-04,5.353565758184135956e-29,1.524053160637011836e-32
1.277912499999999909e+03,2.873821393779918756e-04,5.755614860062973020e-29,1.654123133926769750e-32
1.277931250000000091e+03,2.900993352352362062e-04,6.187595082606600923e-29,1.795084744630538118e-32
1.277950000000000045e+03,2.928206781606300878e-04,6.651714866866476995e-29,1.947832928531342589e-32
1.277968750000000000e+03,2.955459552520481748e-04,7.150344117131914281e-29,2.113334778331610829e-32
1.277987499999999955e+03,2.982749528430518127e-04,7.686025895693020096e-29,2.292635252063241791e-32
1.278006249999999909e+03,3.010074565103897115e-04,8.261488956328503798e-29,2.486863324351136029e-32
1.278025000000000091e+03,3.037432511168665947e-04,8.879661176458822714e-29,2.697238614713666497e-32
1.278043750000000045e+03,3.064821208173058235e-04,9.543683951515146828e-29,2.925078528526777544e-32
1.278062500000000000e+03,3.092238491076463539e-04,1.025692761991318757e-28,3.171805950279229523e-32
1.278081249999999955e+03,3.119682188088126269e-04,1.102300799159793337e-28,3.438957529941495179e-32
1.278099999999999909e+03,3.147150121311939153e-04,1.184580405840193405e-28,3.728192608787049471e-32
1.278118750000000091e+03,3.174640106651137523e-04,1.272947696980683851e-28,4.041302831398146357e-32
1.278137500000000045e+03,3.202149954309767765e-04,1.367849036366132317e-28,4.380222497103242309e-32
1.278156250000000000e+03,3.229677468790717316e-04,1.469763214788533437e-28,4.747039705369980580e-32
1.278174999999999955e+03,3.257220449287311147e-04,1.579203783502916553e-28,5.144008355822855246e-32
1.278193749999999909e+03,3.284776690017257952e-04,1.696721554024988967e-28,5.573561066903707326e-32
1.278212500000000091e+03,3.312343980115724511e-04,1.822907275901778285e-28,6.038323081066279826e-32
1.278231250000000045e+03,3.339920104173637726e-04,1.958394505113232026e-28,6.541127232590818036e-32
1.278250000000000000e+03,3.367502842378392925e-04,2.103862676433752408e-28,7.085030055540811193e-32
1.278268749999999955e+03,3.395089970872214660e-04,2.260040394190439029e-28,7.673329118397424417e-32
1.278287499999999909e+03,3.422679261861826471e-04,2.427708956757580879e-28,8.309581675918253094e-32
1.278306250000000091e+03,3.450268483684995418e-04,2.607706131210330274e-28,8.997624736655040584e-32
1.278325000000000045e+03,3.477855401592096565e-04,2.800930195718492044e-28,9.741596653567017003e-32
1.278343750000000000e+03,3.505437777334323240e-04,3.008344268539243767e-28,1.054596034626252488e-31
1.278362499999999955e+03,3.533013369993650296e-04,3.230980943624209860e-28,1.141552828205263706e-31
1.278381249999999909e+03,3.560579935902814038e-04,3.469947254415593260e-28,1.235548934061198518e-31
1.278400000000000091e+03,3.588135228909173952e-04,3.726429988809093249e-28,1.337143770503539343e-31
1.278418750000000045e+03,3.615677000725490606e-04,4.001701379842120137e-28,1.446940392842866834e-31
1.278437500000000000e+03,3.643203000993301059e-04,4.297125198500654423e-28,1.565588833554706560e-31
1.278456249999999955e+03,3.670710977770574564e-04,4.614163276669796879e-28,1.693789693405416971e-31
1.278474999999999909e+03,3.698198677834106858e-04,4.954382490259985347e-28,1.832298001783301050e-31
1.278493750000000091e+03,3.725663846511942617e-04,5.319462234836137884e-28,1.981927365912692639e-31
1.278512500000000045e+03,3.753104228248754369e-04,5.711202427892960666e-28,2.143554430655723435e-31
1.278531250000000000e+03,3.780517566769078341e-04,6.131532074678600935e-28,2.318123671208219627e-31
1.278549999999999955e+03,3.807901605561717561e-04,6.582518436753984358e-28,2.506652543410898799e-31
1.278568749999999909e+03,3.835254087625089331e-04,7.066376845304512542e-28,2.710237017177101624e-31
1.278587500000000091e+03,3.862572756242643908e-04,7.585481204076523440e-28,2.930057522133352530e-31
1.278606250000000045e+03,3.889855354891301464e-04,8.142375229893943532e-28,3.167385334297614002e-31
1.278625000000000000e+03,3.917099627597159304e-04,8.739784482083328635e-28,3.423589436801253001e-31
1.278643749999999955e+03,3.944303319220573609e-04,9.380629235450036868e-28,3.700143888730345192e-31
1.278662499999999909e+03,3.971464175724764021e-04,1.006803825567674135e-27,3.998635739140224750e-31
1.278681250000000091e+03,3.998579944264081792e-04,1.080536353925704470e-27,4.320773525405471271e-31
1.278700000000000045e+03,4.025648373747838828e-04,1.159619608535008696e-27,4.668396399104237040e-31
1.278718750000000000e+03,4.052667214656013915e-04,1.244438277067283868e-27,5.043483923380800737e-31
1.278737499999999955e+03,4.079634219823253952e-04,1.335404440391624598e-27,5.448166592240914593e-31
1.278756249999999909e+03,4.106547144057745981e-04,1.432959504135479272e-27,5.884737121344984408e-31
1.278775000000000091e+03,4.133403744998769610e-04,1.537576265062141286e-27,6.355662568793017855e-31
1.278793750000000045e+03,4.160201783092532858e-04,1.649761121605541003e-27,6.863597342975216832e-31
1.278812500000000000e+03,4.186939021663520786e-04,1.770056438490351433e-27,7.411397162264115569e-31
1.278831249999999955e+03,4.213613227534342013e-04,1.899043076089581166e-27,8.002134035811157162e-31
1.278849999999999909e+03,4.240222171072708822e-04,2.037343095847003749e-27,8.639112336607238516e-31
1.278868750000000091e+03,4.266763626382530502e-04,2.185622653930205317e-27,9.325886046193649123e-31
1.278887500000000045e+03,4.293235371776138692e-04,2.344595096040767542e-27,1.006627725500581829e-30
1.278906250000000000e+03,4.319635189675070409e-04,2.515024267247392543e-27,1.086439600616048485e-30
1.278924999999999955e+03,4.345960867336821779e-04,2.697728051602755372e-27,1.172466158146955287e-30
1.278943749999999909e+03,4.372210196679568320e-04,2.893582157344073446e-27,1.265182532823452020e-30
1.278962500000000091e+03,4.398380974774741847e-04,3.103524164529948290e-27,1.365099514006678814e-30
1.278981250000000045e+03,4.424471003954440207e-04,3.328557853136523612e-27,1.472766170645369780e-30
1.279000000000000000e+03,4.450478092052367364e-04,3.569757830816589194e-27,1.588772665760900903e-30
1.279018749999999955e+03,4.476400052951619497e-04,3.828274480857200858e-27,1.713753273954105257e-30
1.279037499999999909e+03,4.502234706368434913e-04,4.105339252315974557e-27,1.848389615913392268e-30
1.279056250000000091e+03,4.527979878470272772e-04,4.402270315603804761e-27,1.993414125744832594e-30
1.279075000000000045e+03,4.553633401929559695e-04,4.720478608674892265e-27,2.149613767090226215e-30
1.279093750000000000e+03,4.579193116169240959e-04,5.061474300427045335e-27,2.317834015777706491e-30
1.279112499999999955e+03,4.604656867842891782e-04,5.426873699755018170e-27,2.498983127769573698e-30
1.279131249999999909e+03,4.630022510722000954e-04,5.818406640743088714e-27,2.694036712033572280e-30
1.279150000000000091e+03,4.655287906237572104e-04,6.237924376420840579e-27,2.904042630321142891e-30
1.279168750000000045e+03,4.680450923465877830e-04,6.687408015712527606e-27,3.130126246068013223e-30
1.279187500000000000e+03,4.705509439638504176e-04,7.168977540705143867e-27,3.373496047502512361e-30
1.279206249999999955e+03,4.730461340203224248e-04,7.684901443407852413e-27,3.635449670327633210e-30
1.279224999999999909e+03,4.755304519165157607e-04,8.237607024538114768e-27,3.917380348476994864e-30
1.279243750000000091e+03,4.780036879194436423e-04,8.829691398962149131e-27,4.220783822200888138e-30
1.279262500000000045e+03,4.804656332083058457e-04,9.463933255880580911e-27,4.547265735778578384e-30
1.279281250000000000e+03,4.829160798609187771e-04,1.014330542520326909e-26,4.898549558122557844e-30
1.279299999999999955e+03,4.853548209336787985e-04,1.087098830432816974e-26,5.276485063709294288e-30
1.279318749999999909e+03,4.877816504307469253e-04,1.165038420397182947e-26,5.683057410806498937e-30
1.279337500000000091e+03,4.901963633576194180e-04,1.248513267519171893e-26,6.120396860152832786e-30
1.279356250000000045e+03,4.925987557419007163e-04,1.337912688388154937e-26,6.590789177072041996e-30
1.279375000000000000e+03,4.949886246313012434e-04,1.433653110381342589e-26,7.096686764219165300e-30
1.279393749999999955e+03,4.973657681670773031e-04,1.536179940334986333e-26,7.640720576378057167e-30
1.279412499999999909e+03,4.997299855614906802e-04,1.645969560711012759e-26,8.225712869040630911e-30
1.279431250000000091e+03,5.020810771362309213e-04,1.763531461772241885e-26,8.854690839684733228e-30
1.279450000000000045e+03,5.044188443543069257e-04,1.889410519028898034e-26,9.530901222514997142e-30
1.279468750000000000e+03,5.067430898200818564e-04,2.024189425690686583e-26,1.025782590110004287e-29
1.279487499999999955e+03,5.090536173370446360e-04,2.168491290533257396e-26,1.103919860999886813e-29
1.279506249999999909e+03,5.113502318999738755e-04,2.322982412413793410e-26,1.187902279785984371e-29
1.279525000000000091e+03,5.136327397224398550e-04,2.488375243178211542e-26,1.278159073237134632e-29
1.279543750000000045e+03,5.159009482748456001e-04,2.665431551737414418e-26,1.375150393184455745e-29
1.279562500000000000e+03,5.181546662788457346e-04,2.854965802721896337e-26,1.479369501166430251e-29
1.279581249999999955e+03,5.203937037748188749e-04,3.057848764204186370e-26,1.591345104515858765e-29
1.279599999999999909e+03,5.226178720932840496e-04,3.275011359730185102e-26,1.711643853626771119e-29
1.279618750000000091e+03,5.248269839035347561e-04,3.507448781194071061e-26,1.840873011877346590e-29
1.279637500000000045e+03,5.270208532329874159e-04,3.756224879817166196e-26,1.979683309474330407e-29
1.279656250000000000e+03,5.291992954885745264e-04,4.022476853996696039e-26,2.128771993798205264e-29
1.279674999999999955e+03,5.313621274649790683e-04,4.307420253845398406e-26,2.288886089414302902e-29
1.279693749999999909e+03,5.335091673970756296e-04,4.612354323499094277e-26,2.460825882055860878e-29
1.279712500000000091e+03,5.356402349459248990e-04,4.938667703800964034e-26,2.645448641196021491e-29
1.279731250000000045e+03,5.377551512364107684e-04,5.287844519424512700e-26,2.843672597723477160e-29
1.279750000000000000e+03,5.398537388769784505e-04,5.661470876026856604e-26,3.056481193505736424e-29
1.279768749999999955e+03,5.419358219797232269e-04,6.061241794761879456e-26,3.284927621112944765e-29
1.279787499999999909e+03,5.440012261893913386e-04,6.488968613286051496e-26,3.530139673155098447e-29
1.279806250000000091e+03,5.460497786752053183e-04,6.946586884239854245e-26,3.793324921567765541e-29
1.279825000000000045e+03,5.480813081858910453e-04,7.436164804272796287e-26,4.075776249468512774e-29
1.279843750000000000e+03,5.500956450468440749e-04,7.959912209051482656e-26,4.378877758371088947e-29
1.279862499999999955e+03,5.520926211927760499e-04,8.520190171454619798e-26,4.704111076112790592e-29
1.279881249999999909e+03,5.540720701854353345e-04,9.119521243354598459e-26,5.053062091948084430e-29
1.279900000000000091e+03,5.560338272107984972e-04,9.760600383337240889e-26,5.427428146833752996e-29
1.279918750000000045e+03,5.579777291321996865e-04,1.044630661601009514e-25,5.829025709849373575e-29
1.279937500000000000e+03,5.599036144915963287e-04,1.117971547122521416e-25,6.259798571840876338e-29
1.279956249999999955e+03,5.618113235229448216e-04,1.196411225487783284e-25,6.721826590992761822e-29
1.279974999999999909e+03,5.637006981934432597e-04,1.280300620600042783e-25,7.217335026798380714e-29
1.279993750000000091e+03,5.655715821840779202e-04,1.370014559925879292e-25,7.748704500384027170e-29
1.280012500000000045e+03,5.674238209533158037e-04,1.465953385443323086e-25,8.318481623648041115e-29
1.280031250000000000e+03,5.692572617193339098e-04,1.568544672017302147e-25,8.929390339471972646e-29
1.280049999999999955e+03,5.710717534959955594e-04,1.678245060208293569e-25,9.584344020932940093e-29
1.280068749999999909e+03,5.728671470996208031e-04,1.795542211109136748e-25,1.028645837834214992e-28
1.280087500000000091e+03,5.746432951750794814e-04,1.920956891203940446e-25,1.103906522739029129e-28
1.280106250000000045e+03,5.764000522202448627e-04,2.055045195801354097e-25,1.184572717427649177e-28
1.280125000000000000e+03,5.781372745705678313e-04,2.198400920198560012e-25,1.271025327697868375e-28
1.280143749999999955e+03,5.798548204565847058e-04,2.351658088188409703e-25,1.363671574792422518e-28
1.280162499999999909e+03,5.815525499966007171e-04,2.515493648346656706e-25,1.462946776353516435e-28
1.280181250000000091e+03,5.832303252198307864e-04,2.690630348984643009e-25,1.569316245368688037e-28
1.280200000000000045e+03,5.848880100711559196e-04,2.877839803579844505e-25,1.683277314698150479e-28
1.280218750000000000e+03,5.865254704499730989e-04,3.077945759102366564e-25,1.805361495411989928e-28
1.280237499999999955e+03,5.881425742035184404e-04,3.291827580494753888e-25,1.936136777344648984e-28
1.280256249999999909e+03,5.897391911635593061e-04,3.520423965534622098e-25,2.076210081346139278e-28
1.280275000000000091e+03,5.913151931284696232e-04,3.764736904994909189e-25,2.226229872604632542e-28
1.280293750000000045e+03,5.928704539201014919e-04,4.025835904236989592e-25,2.386888945903782147e-28
1.280312500000000000e+03,5.944048493653815044e-04,4.304862483260259685e-25,2.558927393303265431e-28
1.280331249999999955e+03,5.959182573269370710e-04,4.603034973336505614e-25,2.743135766366893884e-28
1.280349999999999909e+03,5.974105577181456879e-04,4.921653629543775143e-25,2.940358445151670297e-28
1.280368750000000091e+03,5.988816325058078215e-04,5.262106079885747701e-25,3.151497227232665619e-28
1.280387500000000045e+03,6.003313657338990670e-04,5.625873132679731938e-25,3.377515150839167590e-28
1.280406250000000000e+03,6.017596435251770445e-04,6.014534965762860851e-25,3.619440566960154866e-28
1.280424999999999955e+03,6.031663541163787218e-04,6.429777722073482561e-25,3.878371476419731001e-28
1.280443749999999909e+03,6.045513878558889456e-04,6.873400538198474064e-25,4.155480148480552406e-28
1.280462500000000091e+03,6.059146372123062896e-04,7.347323033836664459e-25,4.452018039012790132e-28
1.280481250000000045e+03,6.072559967918925291e-04,7.853593292066586213e-25,4.769321027223135573e-28
1.280500000000000000e+03,6.085753633610231075e-04,8.394396362324737722e-25,5.108814991159030619e-28
1.280518749999999955e+03,6.098726358422870437e-04,8.972063319816747181e-25,5.472021743058573761e-28
1.280537499999999909e+03,6.111477153394154508e-04,9.589080917376518356e-25,5.860565347693576585e-28
1.280556250000000091e+03,6.124005051402141948e-04,1.024810186805994580e-24,6.276178847408040515e-28
1.280575000000000045e+03,6.136309107260093550e-04,1.095195579931146845e-24,6.720711419716632511e-28
1.280593750000000000e+03,6.148388397879631659e-04,1.170366092187343648e-24,7.196135994548001728e-28
1.280612499999999955e+03,6.160242022459964896e-04,1.250643645971683741e-24,7.704557360043861597e-28
1.280631249999999909e+03,6.171869102425532431e-04,1.336371588982161662e-24,8.248220787016060107e-28
1.280650000000000091e+03,6.183268781593470945e-04,1.427916104423698705e-24,8.829521205211225593e-28
1.280668750000000045e+03,6.194440226326943574e-04,1.525667712972581301e-24,9.451012965464980952e-28
1.280687500000000000e+03,6.205382625515901834e-04,1.630042872389407432e-24,1.011542022393906570e-27
1.280706249999999955e+03,6.216095190853809793e-04,1.741485681100643201e-24,1.082564798814496821e-27
1.280724999999999909e+03,6.226577156742380643e-04,1.860469692353129534e-24,1.158479386439749233e-27
1.280743750000000091e+03,6.236827780417995761e-04,1.987499846120079127e-24,1.239616055165779444e-27
1.280762500000000045e+03,6.246846342168499606e-04,2.123114526230204860e-24,1.326326912740924463e-27
1.280781250000000000e+03,6.256632145232256161e-04,2.267887750797514701e-24,1.418987317406517659e-27
1.280799999999999955e+03,6.266184516043963584e-04,2.422431504462412115e-24,1.517997379901697555e-27
1.280818749999999909e+03,6.275502804182656958e-04,2.587398221524351140e-24,1.623783560214674709e-27
1.280837500000000091e+03,6.284586382521927753e-04,2.763483429603109941e-24,1.736800365019212285e-27
1.280856250000000045e+03,6.293434647263876705e-04,2.951428564080177867e-24,1.857532151913131170e-27
1.280875000000000000e+03,6.302047017991582690e-04,3.152023964274345893e-24,1.986495047079849773e-27
1.280893749999999955e+03,6.310422937825440346e-04,3.366112062829289923e-24,2.124238983285819687e-27
1.280912499999999909e+03,6.318561873408450697e-04,3.594590780778492764e-24,2.271349865590516542e-27
1.280931250000000091e+03,6.326463314938446901e-04,3.838417141249460208e-24,2.428451872549389739e-27
1.280950000000000045e+03,6.334126776320706540e-04,4.098611115791786656e-24,2.596209901258834469e-27
1.280968750000000000e+03,6.341551795108565535e-04,4.376259718157143205e-24,2.775332164904993079e-27
1.280987499999999955e+03,6.348737932707023725e-04,4.672521361168517346e-24,2.966572952226816422e-27
1.281006249999999909e+03,6.355684774235052271e-04,4.988630493440091452e-24,3.170735558511144886e-27
1.281025000000000091e+03,6.362391928717278438e-04,5.325902533716954360e-24,3.388675398824790896e-27
1.281043750000000045e+03,6.368859029075239330e-04,5.685739121654063760e-24,3.621303314253939249e-27
1.281062500000000000e+03,6.375085732122874865e-04,6.069633705168418459e-24,3.869589082959860761e-27
1.281081249999999955e+03,6.381071718711346825e-04,6.479177485575105417e-24,4.134565148449618013e-27
1.281099999999999909e+03,6.386816693652323969e-04,6.916065743222228980e-24,4.417330577990661376e-27
1.281118750000000091e+03,6.392320385815420357e-04,7.382104567675325739e-24,4.719055265255922596e-27
1.281137500000000045e+03,6.397582548107661653e-04,7.879218017857885605e-24,5.040984391602348508e-27
1.281156250000000000e+03,6.402602957542200771e-04,8.409455739654179590e-24,5.384443161878114108e-27
1.281174999999999955e+03,6.407381415239243785e-04,8.975001069343438460e-24,5.750841830786820250e-27
1.281193749999999909e+03,6.411917746461827513e-04,9.578179653917692128e-24,6.141681037544094087e-27
1.281212500000000091e+03,6.416211800595215346e-04,1.022146862057630219e-23,6.558557466996563710e-27
1.281231250000000045e+03,6.420263451178934329e-04,1.090750633004007437e-23,7.003169856823761733e-27
1.281250000000000000e+03,6.424072595930914930e-04,1.163910275047843383e-23,7.477325371435226876e-27
1.281268749999999955e+03,6.427639156741530094e-04,1.241925049096556780e-23,7.982946364284393718e-27
1.281287499999999909e+03,6.430963079668360711e-04,1.325113653576451470e-23,8.522077551612895857e-27
1.281306250000000091e+03,6.434044334955222287e-04,1.413815472389223517e-23,9.096893622354862517e-27
1.281325000000000045e+03,6.436882917005976035e-04,1.508391901983076253e-23,9.709707309370658485e-27
1.281343750000000000e+03,6.439478844404618058e-04,1.609227762608549504e-23,1.036297795012193297e-26
1.281362499999999955e+03,6.441832159878794865e-04,1.716732798915927174e-23,1.105932056478957724e-26
1.281381249999999909e+03,6.443942930325802535e-04,1.831343275580151978e-23,1.180151548312165756e-26
1.281400000000000091e+03,6.445811246753111725e-04,1.953523673818629525e-23,1.259251855156127156e-26
1.281418750000000045e+03,6.447437224298080633e-04,2.083768495151783868e-23,1.343547195531918761e-26
1.281437500000000000e+03,6.448821002176993158e-04,2.222604179092257524e-23,1.433371569112796240e-26
1.281456249999999955e+03,6.449962743695951883e-04,2.370591141846240532e-23,1.529079972888378973e-26
1.281474999999999909e+03,6.450862636185084346e-04,2.528325943599358864e-23,1.631049690234585321e-26
1.281493750000000091e+03,6.451520890994521737e-04,2.696443592369531077e-23,1.739681657157950684e-26
1.281512500000000045e+03,6.451937743456609030e-04,2.875619992942509816e-23,1.855401910201075641e-26
1.281531250000000000e+03,6.452113452843679644e-04,3.066574549923920965e-23,1.978663120773597404e-26
1.281549999999999955e+03,6.452048302332166188e-04,3.270072934425256866e-23,2.109946220894058901e-26
1.281568749999999909e+03,6.451742598966559404e-04,3.486930024650955380e-23,2.249762125711792394e-26
1.281587500000000091e+03,6.451196673600687785e-04,3.718013031026645066e-23,2.398653558308556524e-26
1.281606250000000045e+03,6.450410880862624116e-04,3.964244817498872889e-23,2.557196982830414316e-26
1.281625000000000000e+03,6.449385599097886288e-04,4.226607430945929907e-23,2.726004652050257126e-26
1.281643749999999955e+03,6.448121230314541978e-04,4.506145851792639067e-23,2.905726776098633533e-26
1.281662499999999909e+03,6.446618200121617291e-04,4.803971979332133323e-23,3.097053819215600527e-26
1.281681250000000091e+03,6.444876957682535695e-04,5.121268866377245417e-23,3.300718931962799665e-26
1.281700000000000045e+03,6.442897975641209045e-04,5.459295218613045173e-23,3.517500526627947961e-26
1.281718750000000000e+03,6.440681750050371822e-04,5.819390174974416846e-23,3.748225004026113490e-26
1.281737499999999955e+03,6.438228800321201505e-04,6.202978386329011877e-23,3.993769640334227427e-26
1.281756249999999909e+03,6.435539669130747225e-04,6.611575410998017746e-23,4.255065643154658804e-26
1.281775000000000091e+03,6.432614922356748614e-04,7.046793446462329085e-23,4.533101386388168261e-26
1.281793750000000045e+03,6.429455148988093716e-04,7.510347417958418065e-23,4.828925834072141189e-26
1.281812500000000000e+03,6.426060961095071732e-04,8.004061446099843888e-23,5.143652164105485132e-26
1.281831249999999955e+03,6.422432993652496275e-04,8.529875716501321623e-23,5.478461602843118691e-26
1.281849999999999909e+03,6.418571904518662096e-04,9.089853776324226070e-23,5.834607482884836423e-26
1.281868750000000091e+03,6.414478374347604931e-04,9.686190283842636745e-23,6.213419536458603746e-26
1.281887500000000045e+03,6.410153106458423705e-04,1.032121923873554298e-22,6.616308437661263486e-26
1.281906250000000000e+03,6.405596826774434017e-04,1.099742272274130366e-22,7.044770607813407729e-26
1.281924999999999955e+03,6.400810283696731738e-04,1.171744018166640420e-22,7.500393298449386218e-26
1.281943749999999909e+03,6.395794248031379074e-04,1.248407828196820557e-22,7.984859967734485521e-26
1.281962500000000091e+03,6.390549512853858699e-04,1.330032137712902604e-22,8.499955966707089958e-26
1.281981250000000045e+03,6.385076893407436302e-04,1.416934262074620281e-22,9.047574552605568816e-26
1.282000000000000000e+03,6.379377227046560900e-04,1.509451576622619064e-22,9.629723247876373481e-26
1.282018749999999955e+03,6.373451373021677812e-04,1.607942769451429454e-22,1.024853056358789388e-25
1.282037499999999909e+03,6.367300212441367232e-04,1.712789171450750322e-22,1.090625310822718878e-25
1.282056250000000091e+03,6.360924648150570980e-04,1.824396168294530420e-22,1.160528310280561868e-25
1.282075000000000045e+03,6.354325604575216573e-04,1.943194699399556600e-22,1.234815632512723799e-25
1.282093750000000000e+03,6.347504027631700437e-04,2.069642849082307294e-22,1.313756050683812027e-25
1.282112499999999955e+03,6.340460884525237146e-04,2.204227535574007148e-22,1.397634420837596986e-25
1.282131249999999909e+03,6.333197163743915824e-04,2.347466303779568728e-22,1.486752619853337015e-25
1.282150000000000091e+03,6.325713874787909814e-04,2.499909228120530456e-22,1.581430536582180724e-25
1.282168750000000045e+03,6.318012048200631224e-04,2.662140932068433133e-22,1.682007119180344216e-25
1.282187500000000000e+03,6.310092735239361149e-04,2.834782731511132925e-22,1.788841481622078446e-25
1.282206249999999955e+03,6.301957007887520673e-04,3.018494909384423688e-22,1.902314072779832493e-25
1.282224999999999909e+03,6.293605958570869024e-04,3.213979129501076876e-22,2.022827911333804485e-25
1.282243750000000091e+03,6.285040700208427466e-04,3.421980998037691550e-22,2.150809890329044705e-25
1.282262500000000045e+03,6.276262365876694293e-04,3.643292781539483782e-22,2.286712154934530744e-25
1.282281250000000000e+03,6.267272108734873916e-04,3.878756290903590994e-22,2.431013557611964007e-25
1.282299999999999955e+03,6.258071101865240017e-04,4.129265941338645590e-22,2.584221194802483509e-25
1.282318749999999909e+03,6.248660538090752142e-04,4.395771998902372301e-22,2.746872029584244291e-25
1.282337500000000091e+03,6.239041629925731009e-04,4.679284024813816418e-22,2.919534605020376590e-25
1.282356250000000045e+03,6.229215609225459546e-04,4.980874529485776833e-22,3.102810852956909974e-25
1.282375000000000000e+03,6.219183727194155025e-04,5.301682848826869223e-22,3.297338003700434312e-25
1.282393749999999955e+03,6.208947254137155147e-04,5.642919256148331503e-22,3.503790601746198309e-25
1.282412499999999909e+03,6.198507479235158954e-04,6.005869323859242513e-22,3.722882633426718163e-25
1.282431250000000091e+03,6.187865710537574166e-04,6.391898549916935898e-22,3.955369772636204470e-25
1.282450000000000045e+03,6.177023274623887235e-04,6.802457264713366248e-22,4.202051750551883520e-25
1.282468750000000000e+03,6.165981516580093871e-04,7.239085835538400523e-22,4.463774856618758177e-25
1.282487499999999955e+03,6.154741799569073092e-04,7.703420186014888266e-22,4.741434577116808599e-25
1.282506249999999909e+03,6.143305505003306046e-04,8.197197649585653439e-22,5.035978379546320280e-25
1.282525000000000091e+03,6.131674032044070024e-04,8.722263176869583750e-22,5.348408649616318955e-25
1.282543750000000045e+03,6.119848797566584606e-04,9.280575918134978155e-22,5.679785789906891221e-25
1.282562500000000000e+03,6.107831235972138945e-04,9.874216202956597352e-22,6.031231488180377096e-25
1.282581249999999955e+03,6.095622798968395543e-04,1.050539294109121989e-21,6.403932164671680312e-25
1.282599999999999909e+03,6.083224955371828013e-04,1.117645146937159064e-21,6.799142607744242811e-25
1.282618750000000091e+03,6.070639190920909794e-04,1.188988187110748295e-21,7.218189807871173214e-25
1.282637500000000045e+03,6.057867008013936719e-04,1.264832779643074832e-21,7.662477000553107981e-25
1.282656250000000000e+03,6.044909925767151092e-04,1.345459581272033146e-21,8.133487929341001684e-25
1.282674999999999955e+03,6.031769479397593213e-04,1.431166531727198480e-21,8.632791339749718791e-25
1.282693749999999909e+03,6.018447220286972810e-04,1.522269904475968917e-21,9.162045717458154869e-25
1.282712500000000091e+03,6.004944715887500662e-04,1.619105420556023164e-21,9.723004283161410942e-25
1.282731250000000045e+03,5.991263549230778623e-04,1.722029429129595459e-21,1.031752025647180649e-24
1.282750000000000000e+03,5.977405318804009755e-04,1.831420158811217144e-21,1.094755240475168653e-24
1.282768749999999955e+03,5.963371638497526198e-04,1.947679043873304672e-21,1.161517089098161787e-24
1.282787499999999909e+03,5.949164137135007618e-04,2.071232129755378440e-21,1.232256343537021505e-24
1.282806250000000091e+03,5.934784458515066866e-04,2.202531562609441969e-21,1.307204180912090527e-24
1.282825000000000045e+03,5.920234261005617423e-04,2.342057167781131223e-21,1.386604867549636135e-24
1.282843750000000000e+03,5.905515217464952149e-04,2.490318122472506891e-21,1.470716479783840753e-24
1.282862499999999955e+03,5.890629014809064222e-04,2.647854728175281769e-21,1.559811663235602418e-24
1.282881249999999909e+03,5.875577354046995380e-04,2.815240288642319568e-21,1.654178432701001007e-24
1.282900000000000091e+03,5.860361949914904677e-04,2.993083099746051140e-21,1.754121014625753081e-24
1.282918750000000045e+03,5.844984530612870816e-04,3.182028557622827359e-21,1.859960734384172788e-24
1.282937500000000000e+03,5.829446837720067423e-04,3.382761392182286147e-21,1.972036950792181061e-24
1.282956249999999955e+03,5.813750625805421714e-04,3.596008033247777192e-21,2.090708040088189363e-24
1.282974999999999909e+03,5.797897662272874985e-04,3.822539117144268672e-21,2.216352432120580182e-24
1.282993750000000091e+03,5.781889727171236329e-04,4.063172141908527657e-21,2.349369701318403250e-24
1.283012500000000045e+03,5.765728612863182207e-04,4.318774279826374343e-21,2.490181715212884415e-24
1.283031250000000000e+03,5.749416123855239464e-04,4.590265356537176198e-21,2.639233843599373555e-24
1.283049999999999955e+03,5.732954076576064891e-04,4.878621006355151987e-21,2.796996231318464688e-24
1.283068749999999909e+03,5.716344299037085614e-04,5.184876014129957079e-21,2.963965137885615560e-24
1.283087500000000091e+03,5.699588630715441036e-04,5.510127854523657685e-21,3.140664347542159007e-24
1.283106250000000045e+03,5.682688922156907884e-04,5.855540440118415776e-21,3.327646653013366712e-24
1.283125000000000000e+03,5.665647035008000189e-04,6.222348090730048322e-21,3.525495417226487039e-24
1.283143749999999955e+03,5.648464841414296703e-04,6.611859736419062814e-21,3.734826216127746341e-24
1.283162499999999909e+03,5.631144224071657533e-04,7.025463368218142507e-21,3.956288567708157952e-24
1.283181250000000091e+03,5.613687075770016797e-04,7.464630750570787398e-21,4.190567750676788596e-24
1.283200000000000045e+03,5.596095299290478834e-04,7.930922410842556106e-21,4.438386717959400387e-24
1.283218750000000000e+03,5.578370807096332505e-04,8.425992922069910520e-21,4.700508109490688489e-24
1.283237499999999955e+03,5.560515521113537120e-04,8.951596495585722164e-21,4.977736369311920549e-24
1.283256249999999909e+03,5.542531372343174369e-04,9.509592901899985628e-21,5.270919972251045356e-24
1.283275000000000091e+03,5.524420300867704170e-04,1.010195373836696252e-20,5.580953765944696394e-24
1.283293750000000045e+03,5.506184255273684474e-04,1.073076906408136027e-20,5.908781433307556865e-24
1.283312500000000000e+03,5.487825192783432442e-04,1.139825442280844618e-20,6.255398082508430812e-24
1.283331249999999955e+03,5.469345078598843602e-04,1.210675827670500820e-20,6.621852969512413408e-24
1.283349999999999909e+03,5.450745885899718930e-04,1.285876987425328747e-20,7.009252361180943183e-24
1.283368750000000091e+03,5.432029595563860709e-04,1.365692757738293405e-20,7.418762544942251639e-24
1.283387500000000045e+03,5.413198195784598528e-04,1.450402767444763489e-20,7.851612992589576607e-24
1.283406250000000000e+03,5.394253681967809593e-04,1.540303370689924594e-20,8.309099686348755733e-24
1.283424999999999955e+03,5.375198056317152849e-04,1.635708633875417234e-20,8.792588614234200287e-24
1.283443749999999909e+03,5.356033327678849177e-04,1.736951380079901561e-20,9.303519444323324407e-24
1.283462500000000091e+03,5.336761511354847333e-04,1.844384294175364168e-20,9.843409386026664352e-24
1.283481250000000045e+03,5.317384628594234476e-04,1.958381092153660513e-20,1.041385724721440108e-23
1.283500000000000000e+03,5.297904706525687112e-04,2.079337758350063330e-20,1.101654769827625005e-23
1.283518749999999955e+03,5.278323777922726149e-04,2.207673854397054698e-20,1.165325575202574574e-23
1.283537499999999909e+03,5.258643880773745082e-04,2.343833904079382232e-20,1.232585147026857479e-23
1.283556250000000091e+03,5.238867058135377071e-04,2.488288858363162731e-20,1.303630490887127806e-23
1.283575000000000045e+03,5.218995357861546313e-04,2.641537645196487133e-20,1.378669131233065920e-23
1.283593750000000000e+03,5.199030832334392916e-04,2.804108808935639733e-20,1.457919657043281259e-23
1.283612499999999955e+03,5.178975538209291312e-04,2.976562244498943650e-20,1.541612294985420848e-23
1.283631249999999909e+03,5.158831535949209282e-04,3.159491031559575706e-20,1.629989511304141349e-23
1.283650000000000091e+03,5.138600890063312662e-04,3.353523374619004073e-20,1.723306644200910861e-23
1.283668750000000045e+03,5.118285668212832484e-04,3.559324654832408628e-20,1.821832567550436083e-23
1.283687500000000000e+03,5.097887941474050144e-04,3.777599600027840004e-20,1.925850388252251375e-23
1.283706249999999955e+03,5.077409783746319755e-04,4.009094579574740019e-20,2.035658178175753560e-23
1.283724999999999909e+03,5.056853271569204450e-04,4.254600031199686629e-20,2.151569742810273239e-23
1.283743750000000091e+03,5.036220483980158574e-04,4.514953027213129756e-20,2.273915428290164232e-23
1.283762500000000045e+03,5.015513502046022249e-04,4.791039988059624839e-20,2.403042968501199974e-23
1.283781250000000000e+03,4.994734408883405455e-04,5.083799551497304296e-20,2.539318374556331073e-23
1.283799999999999955e+03,4.973885289017444247e-04,5.394225606175834643e-20,2.683126868147948827e-23
1.283818749999999909e+03,4.952968228415847952e-04,5.723370499023505481e-20,2.834873861601349104e-23
1.283837500000000091e+03,4.931985314125006230e-04,6.072348426022726172e-20,2.994985986256246401e-23
1.283856250000000045e+03,4.910938634020689791e-04,6.442339016912839732e-20,3.163912171857952774e-23
1.283875000000000000e+03,4.889830276527745104e-04,6.834591124721894336e-20,3.342124779332054900e-23
1.283893749999999955e+03,4.868662330348348883e-04,7.250426831449345825e-20,3.530120789435112792e-23
1.283912499999999909e+03,4.847436884255709884e-04,7.691245682342680408e-20,3.728423050157729904e-23
1.283931250000000091e+03,4.826156026761416716e-04,8.158529161406210800e-20,3.937581585466618229e-23
1.283950000000000045e+03,4.804821845940354902e-04,8.653845421720075770e-20,4.158174968559589519e-23
1.283968750000000000e+03,4.783436429042949565e-04,9.178854284917231206e-20,4.390811762464851799e-23
1.283987499999999955e+03,4.762001862452129109e-04,9.735312524916850756e-20,4.636132031693532101e-23
1.284006249999999909e+03,4.740520231060849510e-04,1.032507945164363202e-19,4.894808927425417006e-23
1.284025000000000091e+03,4.718993618510636690e-04,1.095012281175672078e-19,5.167550351226998109e-23
1.284043750000000045e+03,4.697424106453741937e-04,1.161252502399514207e-19,5.455100699202036064e-23
1.284062500000000000e+03,4.675813774667615230e-04,1.231448976774923847e-19,5.758242692238088008e-23
1.284081249999999955e+03,4.654164700532910674e-04,1.305834894472642539e-19,6.077799294952001292e-23
1.284099999999999909e+03,4.632478958959348764e-04,1.384657003444317692e-19,6.414635728748024599e-23
1.284118750000000091e+03,4.610758621963873373e-04,1.468176386539523711e-19,6.769661582479433754e-23
1.284137500000000045e+03,4.589005758720084323e-04,1.556669282514107605e-19,7.143833026506936270e-23
1.284156250000000000e+03,4.567222434946489862e-04,1.650427953378182365e-19,7.538155133500715679e-23
1.284174999999999955e+03,4.545410712873821767e-04,1.749761600642815009e-19,7.953684312779958131e-23
1.284193749999999909e+03,4.523572650923367734e-04,1.854997333168481355e-19,8.391530862270468819e-23
1.284212500000000091e+03,4.501710303482887930e-04,1.966481189543032052e-19,8.852861644545926308e-23
1.284231250000000045e+03,4.479825720747785886e-04,2.084579217897702044e-19,9.338902892326724682e-23
1.284250000000000000e+03,4.457920948319598069e-04,2.209678616471835849e-19,9.850943149540243740e-23
1.284268749999999955e+03,4.435998026994266005e-04,2.342188938193191158e-19,1.039033635477057898e-22
1.284287499999999909e+03,4.414058992612210634e-04,2.482543362830474112e-19,1.095850507375922494e-22
1.284306250000000091e+03,4.392105875907328970e-04,2.631200040496677535e-19,1.155694388811972776e-22
1.284325000000000045e+03,4.370140701901394000e-04,2.788643510386601514e-19,1.218722294617183667e-22
1.284343750000000000e+03,4.348165490099542303e-04,2.955386198916958728e-19,1.285099168691507294e-22
1.284362499999999955e+03,4.326182253940224673e-04,3.131970001673810964e-19,1.354998274144541629e-22
1.284381249999999909e+03,4.304193000772504559e-04,3.318967953707143710e-19,1.428601602332057123e-22
1.284400000000000091e+03,4.282199731457640864e-04,3.516985993112065285e-19,1.506100301458056462e-22
1.284418750000000045e+03,4.260204440300366878e-04,3.726664822987557155e-19,1.587695125869943699e-22
1.284437500000000000e+03,4.238209114748348353e-04,3.948681877140271423e-19,1.673596906831312194e-22
1.284456249999999955e+03,4.216215735168941936e-04,4.183753395322720412e-19,1.764027045928184603e-22
1.284474999999999909e+03,4.194226274527718926e-04,4.432636613894812382e-19,1.859218032062192380e-22
1.284493750000000091e+03,4.172242698441684422e-04,4.696132078283234556e-19,1.959413983374387778e-22
1.284512500000000045e+03,4.150266964666774415e-04,4.975086083946204431e-19,2.064871214890175167e-22
1.284531250000000000e+03,4.128301023114972087e-04,5.270393252790659889e-19,2.175858833548538067e-22
1.284549999999999955e+03,4.106346815375001543e-04,5.582999252480559491e-19,2.292659361448293828e-22
1.284568749999999909e+03,4.084406274828092961e-04,5.913903666451930921e-19,2.415569389201872301e-22
1.284587500000000091e+03,4.062481326207033230e-04,6.264163022814225917e-19,2.544900260203241988e-22
1.284606250000000045e+03,4.040573885518186875e-04,6.634893990813270519e-19,2.680978787771341153e-22
1.284625000000000000e+03,4.018685859714186265e-04,7.027276754000965720e-19,2.824148006382860152e-22
1.284643749999999955e+03,3.996819146566150255e-04,7.442558569662471338e-19,2.974767958855965892e-22
1.284662499999999909e+03,3.974975634542867202e-04,7.882057524738529283e-19,3.133216521129363698e-22
1.284681250000000091e+03,3.953157202487197477e-04,8.347166498732703957e-19,3.299890266172788891e-22
1.284700000000000045e+03,3.931365719462037614e-04,8.839357344962819049e-19,3.475205369203466591e-22
1.284718750000000000e+03,3.909603044660957109e-04,9.360185302102277121e-19,3.659598556157273365e-22
1.284737499999999955e+03,3.887871027045963768e-04,9.911293648111170134e-19,3.853528097005341251e-22
1.284756249999999909e+03,3.866171505261180611e-04,1.049441861010601428e-18,4.057474846693037009e-22
1.284775000000000091e+03,3.844506307601304809e-04,1.111139454371391783e-18,4.271943335693921055e-22
1.284793750000000045e+03,3.822877251491670937e-04,1.176415939655407748e-18,4.497462911953241492e-22
1.284812500000000000e+03,3.801286143648935161e-04,1.245476047128658220e-18,4.734588937954950679e-22
1.284831249999999955e+03,3.779734779715826498e-04,1.318536050414783409e-18,4.983904044133981211e-22
1.284849999999999909e+03,3.758224944132550682e-04,1.395824407623642373e-18,5.246019442245977200e-22
1.284868750000000091e+03,3.736758410029371747e-04,1.477582437519319141e-18,5.521576301229595204e-22
1.284887500000000045e+03,3.715336939056558172e-04,1.564065032638499963e-18,5.811247188515561877e-22
1.284906250000000000e+03,3.693962281156914010e-04,1.655541411337416200e-18,6.115737579845237911e-22
1.284924999999999955e+03,3.672636174513390240e-04,1.752295910824615208e-18,6.435787441112229609e-22
1.284943749999999909e+03,3.651360345233532604e-04,1.854628823434880592e-18,6.772172885161744023e-22
1.284962500000000091e+03,3.630136507393661761e-04,1.962857278424900046e-18,7.125707908040581298e-22
1.284981250000000045e+03,3.608966362818024558e-04,2.077316171722257472e-18,7.497246207409815875e-22
1.285000000000000000e+03,3.587851600978170848e-04,2.198359146230121959e-18,7.887683087847171654e-22
1.285018749999999955e+03,3.566793898741270601e-04,2.326359625348688143e-18,8.297957456499374082e-22
1.285037499999999909e+03,3.545794920375902994e-04,2.461711902589707528e-18,8.729053914416487690e-22
1.285056250000000091e+03,3.524856317293666641e-04,2.604832290245788124e-18,9.182004946894175271e-22
1.285075000000000045e+03,3.503979728062641590e-04,2.756160330279888883e-18,9.657893218881995721e-22
1.285093750000000000e+03,3.483166778246072509e-04,2.916160070777339793e-18,1.015785397954838942e-21
1.285112499999999955e+03,3.462419080239229324e-04,3.085321411376887201e-18,1.068307758136404608e-21
1.285131249999999909e+03,3.441738233136918800e-04,3.264161521439127284e-18,1.123481211963010728e-21
1.285150000000000091e+03,3.421125822782520838e-04,3.453226334717026141e-18,1.181436619845676959e-21
1.285168750000000045e+03,3.400583421438831740e-04,3.653092124693413938e-18,1.242311182782828753e-21
1.285187500000000000e+03,3.380112587898026705e-04,3.864367164778493810e-18,1.306248746048575079e-21
1.285206249999999955e+03,3.359714867280054603e-04,4.087693477918316779e-18,1.373400117307101592e-21
1.285224999999999909e+03,3.339391790868119513e-04,4.323748680309275904e-18,1.443923399948236385e-21
1.285243750000000091e+03,3.319144876319721758e-04,4.573247924238083819e-18,1.517984342554799258e-21
1.285262500000000045e+03,3.298975627225944358e-04,4.836945945214703992e-18,1.595756704823774219e-21
1.285281250000000000e+03,3.278885533222792464e-04,5.115639219020297165e-18,1.677422641290847432e-21
1.285299999999999955e+03,3.258876069892426334e-04,5.410168234353336458e-18,1.763173103366028974e-21
1.285318749999999909e+03,3.238948698670913074e-04,5.721419887204299475e-18,1.853208260674682390e-21
1.285337500000000091e+03,3.219104866879701570e-04,6.050330003405985604e-18,1.947737942730590453e-21
1.285356250000000045e+03,3.199346007524101832e-04,6.397885996071485365e-18,2.046982101722809229e-21
1.285375000000000000e+03,3.179673539397280578e-04,6.765129664983084398e-18,2.151171297757013839e-21
1.285393749999999955e+03,3.160088866876057181e-04,7.153160145469333703e-18,2.260547207309056198e-21
1.285412499999999909e+03,3.140593379899446220e-04,7.563137014534909970e-18,2.375363156305379165e-21
1.285431250000000091e+03,3.121188454101736791e-04,7.996283562440607787e-18,2.495884679049393252e-21
1.285450000000000045e+03,3.101875450639261398e-04,8.453890238648012589e-18,2.622390104001288268e-21
1.285468750000000000e+03,3.082655716125012597e-04,8.937318280870802102e-18,2.755171167904131388e-21
1.285487499999999955e+03,3.063530582632416018e-04,9.448003537201717266e-18,2.894533659774794380e-21
1.285506249999999909e+03,3.044501367791900798e-04,9.987460491076676839e-18,3.040798096184338420e-21
1.285525000000000091e+03,3.025569374651683138e-04,1.055728649983127746e-17,3.194300429121716918e-21
1.285543750000000045e+03,3.006735891766267564e-04,1.115916625802604940e-17,3.355392788509688242e-21
1.285562500000000000e+03,2.988002193042121044e-04,1.179487649703171231e-17,3.524444260561787037e-21
1.285581249999999955e+03,2.969369537959033463e-04,1.246629093351982210e-17,3.701841704552459179e-21
1.285599999999999909e+03,2.950839171307633358e-04,1.317538547936270708e-17,3.887990608812332799e-21
1.285618750000000091e+03,2.932412323496539686e-04,1.392424372696207535e-17,4.083315989305274500e-21
1.285637500000000045e+03,2.914090210340241466e-04,1.471506272395937996e-17,4.288263331479690995e-21
1.285656250000000000e+03,2.895874033294454212e-04,1.555015905263888156e-17,4.503299578919813286e-21
1.285674999999999955e+03,2.877764979226406228e-04,1.643197522937573414e-17,4.728914169755631882e-21
1.285693749999999909e+03,2.859764220641456919e-04,1.736308644137803988e-17,4.965620124794304340e-21
1.285712500000000091e+03,2.841872915746308488e-04,1.834620763730765050e-17,5.213955188859183493e-21
1.285731250000000045e+03,2.824092208304976185e-04,1.938420099082526105e-17,5.474483028083212598e-21
1.285750000000000000e+03,2.806423227919644910e-04,2.048008375601405904e-17,5.747794487072415198e-21
1.285768749999999955e+03,2.788867089971221874e-04,2.163703653456558725e-17,6.034508907524237159e-21
1.285787499999999909e+03,2.771424895651711955e-04,2.285841197680343910e-17,6.335275512435771179e-21
1.285806250000000091e+03,2.754097732142268633e-04,2.414774393771930507e-17,6.650774859121394179e-21
1.285825000000000045e+03,2.736886672526909385e-04,2.550875711260119402e-17,6.981720363967527532e-21
1.285843750000000000e+03,2.719792776154174091e-04,2.694537717601904414e-17,7.328859904063756595e-21
1.285862499999999955e+03,2.702817088428310401e-04,2.846174145054622729e-17,7.692977497311332096e-21
1.285881249999999909e+03,2.685960641055673863e-04,3.006221013190870287e-17,8.074895067489192243e-21
1.285900000000000091e+03,2.669224452194559781e-04,3.175137809981213631e-17,8.475474297545240682e-21
1.285918750000000045e+03,2.652609526372406491e-04,3.353408734353371973e-17,8.895618574898847042e-21
1.285937500000000000e+03,2.636116854866931455e-04,3.541544003443983599e-17,9.336275035933634192e-21
1.285956249999999955e+03,2.619747415516099896e-04,3.740081227817507738e-17,9.798436711413400149e-21
1.285974999999999909e+03,2.603502173157042901e-04,3.949586858137735049e-17,1.028314478218061939e-20
1.285993750000000091e+03,2.587382079502915369e-04,4.170657706902860797e-17,1.079149094663386281e-20
1.286012500000000045e+03,2.571388073514185380e-04,4.403922549110393978e-17,1.132461990985889075e-20
1.286031250000000000e+03,2.555521081349068808e-04,4.650043805887781330e-17,1.188373199727188271e-20
1.286049999999999955e+03,2.539782016574335089e-04,4.909719315226432006e-17,1.247008590183811742e-20
1.286068749999999909e+03,2.524171780395893165e-04,5.183684194314145063e-17,1.308500157122787846e-20
1.286087500000000091e+03,2.508691261802003755e-04,5.472712798137374986e-17,1.372986324181066350e-20
1.286106250000000045e+03,2.493341337597470208e-04,5.777620779132584330e-17,1.440612262672646289e-20
1.286125000000000000e+03,2.478122872809589280e-04,6.099267253168554054e-17,1.511530226932882145e-20
1.286143749999999955e+03,2.463036720704113837e-04,6.438557077067260122e-17,1.585899906616746505e-20
1.286162499999999909e+03,2.448083723029948616e-04,6.796443243450986673e-17,1.663888797233237683e-20
1.286181250000000091e+03,2.433264710309792570e-04,7.173929398745828710e-17,1.745672589780902918e-20
1.286200000000000045e+03,2.418580501877176572e-04,7.572072490656977307e-17,1.831435580316147903e-20
1.286218750000000000e+03,2.404031906192512680e-04,7.991985551531646059e-17,1.921371100859246743e-20
1.286237499999999955e+03,2.389619721038797515e-04,8.434840624608288256e-17,2.015681972553244656e-20
1.286256249999999909e+03,2.375344733831883000e-04,8.901871840116749387e-17,2.114580982397358116e-20
1.286275000000000091e+03,2.361207721689740073e-04,9.394378649119391383e-17,2.218291384610871577e-20
1.286293750000000045e+03,2.347209451864708143e-04,9.913729222616882917e-17,2.327047428389343798e-20
1.286312500000000000e+03,2.333350681827720788e-04,1.046136402450872363e-16,2.441094912922876452e-20
1.286331249999999955e+03,2.319632159600347552e-04,1.103879956711740587e-16,2.560691771698463199e-20
1.286349999999999909e+03,2.306054624046204992e-04,1.164763235816415449e-16,2.686108687366526504e-20
1.286368750000000091e+03,2.292618805118061260e-04,1.228954304913179246e-16,2.817629738904263218e-20
1.286387500000000045e+03,2.279325424093351651e-04,1.296630079487289039e-16,2.955553082816126719e-20
1.286406250000000000e+03,2.266175193893267699e-04,1.367976783504780647e-16,3.100191670366731291e-20
1.286424999999999955e+03,2.253168819418915425e-04,1.443190430853961217e-16,3.251874002779602666e-20
1.286443749999999909e+03,2.240306997766597493e-04,1.522477331241643969e-16,3.410944926278309979e-20
1.286462500000000091e+03,2.227590418602362783e-04,1.606054621766127967e-16,3.577766469565547112e-20
1.286481250000000045e+03,2.215019764461229653e-04,1.694150825440281984e-16,3.752718725753851961e-20
1.286500000000000000e+03,2.202595711047412906e-04,1.787006438002840227e-16,3.936200781302097634e-20
1.286518749999999955e+03,2.190318927596391751e-04,1.884874544458717537e-16,4.128631694756089642e-20
1.286537499999999909e+03,2.178190077113252132e-04,1.988021466749356586e-16,4.330451527562208964e-20
1.286556250000000091e+03,2.166209816972819197e-04,2.096727444189634766e-16,4.542122430998547249e-20
1.286575000000000045e+03,2.154378798923785397e-04,2.211287348211554084e-16,4.764129790291320269e-20
1.286593750000000000e+03,2.142697669762950335e-04,2.332011433187388288e-16,4.996983431821541486e-20
1.286612499999999955e+03,2.131167071462183285e-04,2.459226125048563100e-16,5.241218894289909156e-20
1.286631249999999909e+03,2.119787641695501028e-04,2.593274849613353382e-16,5.497398769578238116e-20
1.286650000000000091e+03,2.108560014187471068e-04,2.734518902595421315e-16,5.766114115979971597e-20
1.286668750000000045e+03,2.097484819092869152e-04,2.883338363267543841e-16,6.047985948167014215e-20
1.286687500000000000e+03,2.086562683361189660e-04,3.040133054046757642e-16,6.343666808354568269e-20
1.286706249999999955e+03,2.075794231208746268e-04,3.205323548175180073e-16,6.653842423448934858e-20
1.286724999999999909e+03,2.065180084469622225e-04,3.379352227904844177e-16,6.979233452475809526e-20
1.286743750000000091e+03,2.054720863118943185e-04,3.562684395628873443e-16,7.320597330254565212e-20
1.286762500000000045e+03,2.044417185556429955e-04,3.755809440615951852e-16,7.678730211554897904e-20
1.286781250000000000e+03,2.034269669161883518e-04,3.959242064025767572e-16,8.054469023109127803e-20
1.286799999999999955e+03,2.024278930740253276e-04,4.173523565090774887e-16,8.448693628427195942e-20
1.286818749999999909e+03,2.014445586830826299e-04,4.399223191410180711e-16,8.862329111525994011e-20
1.286837500000000091e+03,2.004770254393933610e-04,4.636939556585643797e-16,9.296348188766936666e-20
1.286856250000000045e+03,1.995253551085137322e-04,4.887302128380855861e-16,9.751773752607801488e-20
1.286875000000000000e+03,1.985896095903819894e-04,5.150972790919289245e-16,1.022968155845083158e-19
1.286893749999999955e+03,1.976698509454648158e-04,5.428647484515968386e-16,1.073120305924234313e-19
1.286912499999999909e+03,1.967661414678202256e-04,5.721057926869550153e-16,1.125752840050140057e-19
1.286931250000000091e+03,1.958785437215428572e-04,6.028973419698960033e-16,1.180990958106744367e-19
1.286950000000000045e+03,1.950071205959861848e-04,6.353202744836681409e-16,1.238966379174663909e-19
1.286968750000000000e+03,1.941519353555106473e-04,6.694596154219933574e-16,1.299817694108740630e-19
1.286987499999999955e+03,1.933130516961461404e-04,7.054047458299598857e-16,1.363690737984844484e-19
1.287006249999999909e+03,1.924905337910781742e-04,7.432496217652765152e-16,1.430738983455142187e-19
1.287025000000000091e+03,1.916844463570409178e-04,7.830930042766054994e-16,1.501123956450180527e-19
1.287043750000000045e+03,1.908948546972866244e-04,8.250387007269869246e-16,1.575015675224702619e-19
1.287062500000000000e+03,1.901218247652030377e-04,8.691958180066911448e-16,1.652593114429580211e-19
1.287081249999999955e+03,1.893654232173916743e-04,9.156790282163226787e-16,1.734044695454964680e-19
1.287099999999999909e+03,1.886257174732072198e-04,9.646088474064025608e-16,1.819568804691864862e-19
1.287118750000000091e+03,1.879027757731546906e-04,1.016111928027923572e-15,1.909374341340863508e-19
1.287137500000000045e+03,1.871966672354011957e-04,1.070321365725386156e-15,2.003681296440145369e-19
1.287156250000000000e+03,1.865074619200766872e-04,1.127377021183282221e-15,2.102721365094674209e-19
1.287174999999999955e+03,1.858352308845071226e-04,1.187425857745069112e-15,2.206738593682618797e-19
1.287193749999999909e+03,1.851800462499551315e-04,1.250622295550970805e-15,2.315990064310291988e-19
1.287212500000000091e+03,1.845419812633360287e-04,1.317128583006600188e-15,2.430746618580785515e-19
1.287231250000000045e+03,1.839211103568262737e-04,1.387115186386742160e-15,2.551293622978665732e-19
1.287250000000000000e+03,1.833175092161254090e-04,1.460761198470716888e-15,2.677931778540077378e-19
1.287268749999999955e+03,1.827312548453199458e-04,1.538254767098937621e-15,2.810977977252635796e-19
1.287287499999999909e+03,1.821624256273284481e-04,1.619793544610777598e-15,2.950766207949879935e-19
1.287306250000000091e+03,1.816111013992481897e-04,1.705585159162536838e-15,3.097648514959382835e-19
1.287325000000000045e+03,1.810773635122284305e-04,1.795847708948759423e-15,3.251996012144421132e-19
1.287343750000000000e+03,1.805612949046579393e-04,1.890810280463161932e-15,3.414199956193530592e-19
1.287362499999999955e+03,1.800629801668408511e-04,1.990713491895449859e-15,3.584672882251357575e-19
1.287381249999999909e+03,1.795825056142624158e-04,2.095810062861064811e-15,3.763849805937215086e-19
1.287400000000000091e+03,1.791199593592133718e-04,2.206365411777907526e-15,3.952189495671667231e-19
1.287418750000000045e+03,1.786754313786105596e-04,2.322658282112932057e-15,4.150175819310274942e-19
1.287437500000000000e+03,1.782490135923414524e-04,2.444981398918226646e-15,4.358319169966430585e-19
1.287456249999999955e+03,1.778407999284299104e-04,2.573642157102019824e-15,4.577157975272004268e-19
1.287474999999999909e+03,1.774508864038564870e-04,2.708963342893623777e-15,4.807260295706623941e-19
1.287493750000000091e+03,1.770793711972233663e-04,2.851283890093977539e-15,5.049225516850898183e-19
1.287512500000000045e+03,1.767263547245640279e-04,3.000959672767101021e-15,5.303686141529615740e-19
1.287531250000000000e+03,1.763919397169005118e-04,3.158364336065909564e-15,5.571309687817459271e-19
1.287549999999999955e+03,1.760762312954705145e-04,3.323890167002902485e-15,5.852800699216151305e-19
1.287568749999999909e+03,1.757793370528592408e-04,3.497949007046856359e-15,6.148902874061515544e-19
1.287587500000000091e+03,1.755013671300067329e-04,3.680973208497421677e-15,6.460401321051406819e-19
1.287606250000000045e+03,1.752424342967505400e-04,3.873416636712095935e-15,6.788124948831845706e-19
1.287625000000000000e+03,1.750026540341212975e-04,4.075755720338369825e-15,7.132948997749718378e-19
1.287643749999999955e+03,1.747821446130523083e-04,4.288490551786681100e-15,7.495797722180490991e-19
1.287662499999999909e+03,1.745810271795121820e-04,4.512146040290195587e-15,7.877647232986917677e-19
1.287681250000000091e+03,1.743994258367919574e-04,4.747273120061735227e-15,8.279528509590718282e-19
1.287700000000000045e+03,1.742374677289733830e-04,4.994450016024589632e-15,8.702530591986072881e-19
1.287718750000000000e+03,1.740952831267237049e-04,5.254283569957258732e-15,9.147803964014068261e-19
1.287737499999999955e+03,1.739730055132457398e-04,5.527410629694823148e-15,9.616564139182123744e-19
1.287756249999999909e+03,1.738707716701088214e-04,5.814499504450674546e-15,1.011009546161294070e-18
1.287775000000000091e+03,1.737887217649445475e-04,6.116251489310398767e-15,1.062975513535043016e-18
1.287793750000000045e+03,1.737269994400432547e-04,6.433402462072804136e-15,1.117697749589458924e-18
1.287812500000000000e+03,1.736857519008573603e-04,6.766724555802168598e-15,1.175327853875640481e-18
1.287831249999999955e+03,1.736651300064546966e-04,7.117027910763632329e-15,1.236026072120381856e-18
1.287849999999999909e+03,1.736652883594345411e-04,7.485162509056059959e-15,1.299961805316762671e-18
1.287868750000000091e+03,1.736863853984979902e-04,7.872020096290385982e-15,1.367314149619888820e-18
1.287887500000000045e+03,1.737285834896719718e-04,8.278536193766735597e-15,1.438272468811976995e-18
1.287906250000000000e+03,1.737920490205629781e-04,8.705692205849180427e-15,1.513037001463500492e-18
1.287924999999999955e+03,1.738769524928668602e-04,9.154517626605365801e-15,1.591819504829951491e-18
1.287943749999999909e+03,1.739834686190433683e-04,9.626092350378273559e-15,1.674843937812314157e-18
1.287962500000000091e+03,1.741117764159181712e-04,1.012154909115775665e-14,1.762347185337816452e-18
1.287981250000000045e+03,1.742620593018776780e-04,1.064207591562780421e-14,1.854579826751126692e-18
1.288000000000000000e+03,1.744345051948756017e-04,1.118891889519822397e-14,1.951806950921904650e-18
1.288018749999999955e+03,1.746293066087600669e-04,1.176338488255542790e-14,2.054309020934520839e-18
1.288037499999999909e+03,1.748466607540725092e-04,1.236684441821351759e-14,2.162382791447963459e-18
1.288056250000000091e+03,1.750867696349132788e-04,1.300073477331478728e-14,2.276342281933512526e-18
1.288075000000000045e+03,1.753498401521827324e-04,1.366656313466915290e-14,2.396519809322435122e-18
1.288093750000000000e+03,1.756360842026615367e-04,1.436590993873990591e-14,2.523267083641432862e-18
1.288112499999999955e+03,1.759457187810062014e-04,1.510043236124040596e-14,2.656956370592930826e-18
1.288131249999999909e+03,1.762789660853442456e-04,1.587186796951248323e-14,2.797981725252521390e-18
1.288150000000000091e+03,1.766360536153704518e-04,1.668203854511385103e-14,2.946760301112983702e-18
1.288168750000000045e+03,1.770172142827893100e-04,1.753285408426424695e-14,3.103733739428941458e-18
1.288187500000000000e+03,1.774226865109702737e-04,1.842631698450829014e-14,3.269369643511309188e-18
1.288206249999999955e+03,1.778527143447738892e-04,1.936452642568974899e-14,3.444163143513372362e-18
1.288224999999999909e+03,1.783075475548163741e-04,2.034968295442836696e-14,3.628638557109589639e-18
1.288243750000000091e+03,1.787874417466526523e-04,2.138409328104688247e-14,3.823351152146618303e-18
1.288262500000000045e+03,1.792926584662759204e-04,2.247017529863951261e-14,4.028889017428536025e-18
1.288281250000000000e+03,1.798234653096143147e-04,2.361046333466009489e-14,4.245875048549871013e-18
1.288299999999999955e+03,1.803801360362224928e-04,2.480761364502237855e-14,4.474969055839740454e-18
1.288318749999999909e+03,1.809629506764253923e-04,2.606441016198054832e-14,4.716870001789772014e-18
1.288337500000000091e+03,1.815721956382398907e-04,2.738377050721699690e-14,4.972318376111089208e-18
1.288356250000000045e+03,1.822081638294156651e-04,2.876875228209424654e-14,5.242098717386271749e-18
1.288375000000000000e+03,1.828711547585882191e-04,3.022255964756786081e-14,5.527042289438925813e-18
1.288393749999999955e+03,1.835614746585061303e-04,3.174855020664030876e-14,5.828029923172082350e-18
1.288412499999999909e+03,1.842794365953427530e-04,3.335024220301690559e-14,6.145995033135417091e-18
1.288431250000000091e+03,1.850253605811144034e-04,3.503132205047594529e-14,6.481926820181432402e-18
1.288450000000000045e+03,1.857995736978176871e-04,3.679565220737156936e-14,6.836873672012059498e-18
1.288468750000000000e+03,1.866024102037194485e-04,3.864727941161139083e-14,7.211946772837997009e-18
1.288487499999999955e+03,1.874342116526166787e-04,4.059044329310869369e-14,7.608323936334464903e-18
1.288506249999999909e+03,1.882953270214870914e-04,4.262958537946873629e-14,8.027253675468176198e-18
1.288525000000000091e+03,1.891861128161490425e-04,4.476935851326652636e-14,8.470059522769526933e-18
1.288543750000000045e+03,1.901069331943894649e-04,4.701463669873525529e-14,8.938144618050369822e-18
1.288562500000000000e+03,1.910581600899272895e-04,4.937052539768572392e-14,9.432996579664329510e-18
1.288581249999999955e+03,1.920401733265004074e-04,5.184237229398641424e-14,9.956192676209357266e-18
1.288599999999999909e+03,1.930533607491478085e-04,5.443577854763018362e-14,1.050940531864904394e-17
1.288618750000000091e+03,1.940981183304218473e-04,5.715661056030593681e-14,1.109440789056999255e-17
1.288637500000000045e+03,1.951748503062825232e-04,6.001101227513073601e-14,1.171308094039332000e-17
1.288656250000000000e+03,1.962839692947842250e-04,6.300541803431530356e-14,1.236741875549190542e-17
1.288674999999999955e+03,1.974258964198254281e-04,6.614656601869499437e-14,1.305953634288203156e-17
1.288693749999999909e+03,1.986010614403738845e-04,6.944151229637410593e-14,1.379167684205556765e-17
1.288712500000000091e+03,1.998099028624426160e-04,7.289764550574386191e-14,1.456621939480596612e-17
1.288731250000000045e+03,2.010528680843122636e-04,7.652270220218822243e-14,1.538568750407937428e-17
1.288750000000000000e+03,2.023304134979545140e-04,8.032478289693163311e-14,1.625275790642506597e-17
1.288768749999999955e+03,2.036430046472956115e-04,8.431236881894893003e-14,1.717026999739505904e-17
1.288787499999999909e+03,2.049911163360441403e-04,8.849433943106614226e-14,1.814123583571891641e-17
1.288806250000000091e+03,2.063752327521668664e-04,9.287999073523484098e-14,1.916885076740734553e-17
1.288825000000000045e+03,2.077958476096291164e-04,9.747905439837075434e-14,2.025650470782492029e-17
1.288843750000000000e+03,2.092534642716998986e-04,1.023017177386903270e-13,2.140779411995459375e-17
1.288862499999999955e+03,2.107485958871140887e-04,1.073586446068634124e-13,2.262653473395111187e-17
1.288881249999999909e+03,2.122817655131581621e-04,1.126609972030749104e-13,2.391677505153049628e-17
1.288900000000000091e+03,2.138535062506398930e-04,1.182204588702738558e-13,2.528281068597426144e-17
1.288918750000000045e+03,2.154643613780025371e-04,1.240492579060686849e-13,2.672919958796401575e-17
1.288937500000000000e+03,2.171148844765764471e-04,1.301601924388009008e-13,2.826077821095099086e-17
1.288956249999999955e+03,2.188056395781518362e-04,1.365666564122561231e-13,2.988267867739350388e-17
1.288974999999999909e+03,2.205372012872439862e-04,1.432826667289136949e-13,3.160034700176921151e-17
1.288993750000000091e+03,2.223101549056904927e-04,1.503228916014045829e-13,3.341956243835035494e-17
1.289012500000000045e+03,2.241250966102056072e-04,1.577026801644564170e-13,3.534645803081700335e-17
1.289031250000000000e+03,2.259826335245457090e-04,1.654380934033973486e-13,3.738754241390918819e-17
1.289049999999999955e+03,2.278833839136010101e-04,1.735459364536665378e-13,3.954972297809712394e-17
1.289068749999999909e+03,2.298279772827196954e-04,1.820437923336318180e-13,4.184033044769215452e-17
1.289087500000000091e+03,2.318170545306749177e-04,1.909500571699225502e-13,4.426714498217772044e-17
1.289106250000000045e+03,2.338512680904457927e-04,2.002839769825126480e-13,4.683842388416094618e-17
1.289125000000000000e+03,2.359312820602341794e-04,2.100656860935148677e-13,4.956293101140900737e-17
1.289143749999999955e+03,2.380577723381466584e-04,2.203162472345770568e-13,5.244996800074116949e-17
1.289162499999999909e+03,2.402314267687511275e-04,2.310576934197861658e-13,5.550940741512619332e-17
1.289181250000000091e+03,2.424529452866627365e-04,2.423130716645541861e-13,5.875172792965234282e-17
1.289200000000000045e+03,2.447230400533146905e-04,2.541064886294417249e-13,6.218805167960731258e-17
1.289218750000000000e+03,2.470424355787895058e-04,2.664631582694384911e-13,6.583018389940504724e-17
1.289237499999999955e+03,2.494118688945030069e-04,2.794094515751367736e-13,6.969065500932174480e-17
1.289256249999999909e+03,2.518320896940814914e-04,2.929729484977993142e-13,7.378276527929840536e-17
1.289275000000000091e+03,2.543038604299797012e-04,3.071824921471240385e-13,7.812063221931772830e-17
1.289293750000000045e+03,2.568279565150090706e-04,3.220682453658633547e-13,8.271924090817453191e-17
1.289312500000000000e+03,2.594051664226211681e-04,3.376617497731123931e-13,8.759449737608432455e-17
1.289331249999999955e+03,2.620362918552358302e-04,3.539959873919879150e-13,9.276328528018634949e-17
1.289349999999999909e+03,2.647221478820534495e-04,3.711054449613562431e-13,9.824352603967953944e-17
1.289368750000000091e+03,2.674635630764603603e-04,3.890261810551907123e-13,1.040542426515423222e-16
1.289387500000000045e+03,2.702613796652241656e-04,4.077958961238176598e-13,1.102156274132822391e-16
1.289406250000000000e+03,2.731164536742532807e-04,4.274540055781781858e-13,1.167491137830482535e-16
1.289424999999999955e+03,2.760296550703781053e-04,4.480417160547501238e-13,1.236774526289461783e-16
1.289443749999999909e+03,2.790018679235317309e-04,4.696021049876112555e-13,1.310247931414065880e-16
1.289462500000000091e+03,2.820339905324161281e-04,4.921802036314114873e-13,1.388167686656199573e-16
1.289481250000000045e+03,2.851269355755324856e-04,5.158230836791829597e-13,1.470805877773318742e-16
1.289500000000000000e+03,2.882816302739582819e-04,5.405799476317803676e-13,1.558451309152241677e-16
1.289518749999999955e+03,2.914990165060562014e-04,5.665022230659587624e-13,1.651410528690130240e-16
1.289537499999999909e+03,2.947800510123917053e-04,5.936436609799464478e-13,1.750008915543769967e-16
1.289556250000000091e+03,2.981257054741179215e-04,6.220604383740229733e-13,1.854591833276498215e-16
1.289575000000000045e+03,3.015369667170929129e-04,6.518112652539720843e-13,1.965525853794022944e-16
1.289593750000000000e+03,3.050148368307061203e-04,6.829574962382742085e-13,2.083200055070197131e-16
1.289612499999999955e+03,3.085603333116134850e-04,7.155632469657872007e-13,2.208027397732817784e-16
1.289631249999999909e+03,3.121744892670587487e-04,7.496955154917486579e-13,2.340446185490162465e-16
1.289650000000000091e+03,3.158583534858598022e-04,7.854243089075889966e-13,2.480921613105979869e-16
1.289668750000000045e+03,3.196129906440747358e-04,8.228227753706699200e-13,2.629947408975863441e-16
1.289687500000000000e+03,3.234394814390310750e-04,8.619673417937261241e-13,2.788047576529194003e-16
1.289706249999999955e+03,3.273389227447289222e-04,9.029378574199304140e-13,2.955778240998923127e-16
1.289724999999999909e+03,3.313124277519890505e-04,9.458177435282978373e-13,3.133729607532373879e-16
1.289743750000000091e+03,3.353611261248789902e-04,9.906941495276367188e-13,3.322528037548851327e-16
1.289762500000000045e+03,3.394861641478842044e-04,1.037658115695734106e-12,3.522838250115092625e-16
1.289781250000000000e+03,3.436887048882486073e-04,1.086804742862867055e-12,3.735365656076346851e-16
1.289799999999999955e+03,3.479699283469259727e-04,1.138233369292387754e-12,3.960858832435308818e-16
1.289818749999999909e+03,3.523310316254987134e-04,1.192047755081961069e-12,4.200112145663098368e-16
1.289837500000000091e+03,3.567732290109976731e-04,1.248356274394945467e-12,4.453968531574593329e-16
1.289856250000000045e+03,3.612977522029748277e-04,1.307272115828078951e-12,4.723322443617325583e-16
1.289875000000000000e+03,3.659058504421131355e-04,1.368913491270000712e-12,5.009122976763550509e-16
1.289893749999999955e+03,3.705987906554447393e-04,1.433403853593189310e-12,5.312377178643747998e-16
1.289912499999999909e+03,3.753778576297556050e-04,1.500872123534147764e-12,5.634153559143147769e-16
1.289931250000000091e+03,3.802443541221342451e-04,1.571452926158302876e-12,5.975585808883302999e-16
1.289950000000000045e+03,3.851996010592882475e-04,1.645286837276205177e-12,6.337876740995678490e-16
1.289968750000000000e+03,3.902449376661334718e-04,1.722520640262385993e-12,6.722302467081697576e-16
1.289987499999999955e+03,3.953817216254643411e-04,1.803307593646821882e-12,7.130216822399235943e-16
1.290006249999999909e+03,4.006113292352069043e-04,1.887807709961808511e-12,7.563056054532508400e-16
1.290025000000000091e+03,4.059351555655926974e-04,1.976188046293079315e-12,8.022343790947431830e-16
1.290043750000000045e+03,4.113546145862121144e-04,2.068623007001433853e-12,8.509696301053806432e-16
1.290062500000000000e+03,4.168711393607468741e-04,2.165294659133411481e-12,9.026828071996431770e-16
1.290081249999999955e+03,4.224861821589149255e-04,2.266393061015306271e-12,9.575557713331188179e-16
1.290099999999999909e+03,4.282012146641488853e-04,2.372116604570887226e-12,1.015781421349569680e-15
1.290118750000000091e+03,4.340177280749433000e-04,2.482672371935316954e-12,1.077564356415061952e-15
1.290137500000000045e+03,4.399372332502683833e-04,2.598276506933761625e-12,1.143121577693536213e-15
1.290156250000000000e+03,4.459612609620525127e-04,2.719154602023738172e-12,1.212683231735838157e-15
1.290174999999999955e+03,4.520913619223535830e-04,2.845542101328635040e-12,1.286493397129574492e-15
1.290193749999999909e+03,4.583291070377227563e-04,2.977684720431744607e-12,1.364810918103899072e-15
1.290212500000000091e+03,4.646760874636256104e-04,3.115838883582767003e-12,1.447910286630301009e-15
1.290231250000000045e+03,4.711339149027218235e-04,3.260272179003578241e-12,1.536082577098492710e-15
1.290250000000000000e+03,4.777042215818618192e-04,3.411263833106279463e-12,1.629636434911280207e-15
1.290268749999999955e+03,4.843886605499933226e-04,3.569105204259406199e-12,1.728899124056048952e-15
1.290287499999999909e+03,4.911889057914268228e-04,3.734100297006750608e-12,1.834217635498630385e-15
1.290306250000000091e+03,4.981066523204918982e-04,3.906566297467640948e-12,1.945959860326109770e-15
1.290325000000000045e+03,5.051436164234527531e-04,4.086834130830537869e-12,2.064515832034987233e-15
1.290343750000000000e+03,5.123015357519895927e-04,4.275249041794543050e-12,2.190299040798003299e-15
1.290362499999999955e+03,5.195821695013402505e-04,4.472171198891928363e-12,2.323747824716740500e-15
1.290381249999999909e+03,5.269872985923216863e-04,4.677976323612936984e-12,2.465326842154683183e-15
1.290400000000000091e+03,5.345187257154991904e-04,4.893056345370184149e-12,2.615528629113225653e-15
1.290418750000000045e+03,5.421782756483801372e-04,5.117820083306358021e-12,2.774875248409097414e-15
1.290437500000000000e+03,5.499677952581162512e-04,5.352693956007584732e-12,2.943920033081113907e-15
1.290456249999999955e+03,5.578891537609557884e-04,5.598122720234098672e-12,3.123249432155559782e-15
1.290474999999999909e+03,5.659442428301980892e-04,5.854570239858023637e-12,3.313484962565239830e-15
1.290493750000000091e+03,5.741349767116435453e-04,6.122520286151362197e-12,3.515285273961426000e-15
1.290512500000000045e+03,5.824632924512994749e-04,6.402477370664819613e-12,3.729348333479805131e-15
1.290531250000000000e+03,5.909311500203013549e-04,6.694967612087502973e-12,3.956413736039207539e-15
1.290549999999999955e+03,5.995405324330697156e-04,7.000539638280620370e-12,4.197265147674245322e-15
1.290568749999999909e+03,6.082934459541997681e-04,7.319765524967988617e-12,4.452732890133615239e-15
1.290587500000000091e+03,6.171919202002725414e-04,7.653241772557109900e-12,4.723696673392811501e-15
1.290606250000000045e+03,6.262380083444695281e-04,8.001590322433372683e-12,5.011088485759483941e-15
1.290625000000000000e+03,6.354337871664741738e-04,8.365459614536609099e-12,5.315895648623889988e-15
1.290643749999999955e+03,6.447813573672706283e-04,8.745525687582884194e-12,5.639164048264575400e-15
1.290662499999999909e+03,6.542828435758140824e-04,9.142493323716295715e-12,5.982001550029776633e-15
1.290681250000000091e+03,6.639403945564856984e-04,9.557097239429530207e-12,6.345581609317003208e-15
1.290700000000000045e+03,6.737561833664595674e-04,9.990103324351857051e-12,6.731147088157347402e-15
1.290718750000000000e+03,6.837324074624110803e-04,1.044230992995416212e-11,7.140014288856422118e-15
1.290737499999999955e+03,6.938712889228309567e-04,1.091454921005845498e-11,7.573577218412061655e-15
1.290756249999999909e+03,7.041750745262190985e-04,1.140768851508831981e-11,8.033312093830252586e-15
1.290775000000000091e+03,7.146460359461905649e-04,1.192263184239406449e-11,8.520782104581094349e-15
1.290793750000000045e+03,7.252864698646246467e-04,1.246032134441982458e-11,9.037642444019420078e-15
1.290812500000000000e+03,7.360986981569342001e-04,1.302173889753688028e-11,9.585645626819527270e-15
1.290831249999999955e+03,7.470850679948017178e-04,1.360790773323564466e-11,1.016664710588533640e-14
1.290849999999999909e+03,7.582479520736258626e-04,1.421989413470502565e-11,1.078261120837355427e-14
1.290868750000000091e+03,7.695897486309630957e-04,1.485880920086166867e-11,1.143561740355877076e-14
1.290887500000000045e+03,7.811128817078146543e-04,1.552581068072324291e-11,1.212786692725354462e-14
1.290906250000000000e+03,7.928198012692086981e-04,1.622210488075151372e-11,1.286168977701622690e-14
1.290924999999999955e+03,8.047129833220665295e-04,1.694894864785335243e-11,1.363955210018624784e-14
1.290943749999999909e+03,8.167949300585154726e-04,1.770765143127809728e-11,1.446406399700491234e-14
1.290962500000000091e+03,8.290681700226425286e-04,1.849957742603022270e-11,1.533798776127053956e-14
1.290981250000000045e+03,8.415352582780621579e-04,1.932614780125607895e-11,1.626424658236707870e-14
1.291000000000000000e+03,8.541987764373026046e-04,2.018884301673403943e-11,1.724593373094268315e-14
1.291018749999999955e+03,8.670613329967030453e-04,2.108920523080000389e-11,1.828632226319816802e-14
1.291037499999999909e+03,8.801255633507033740e-04,2.202884080333516328e-11,1.938887525991166383e-14
1.291056250000000091e+03,8.933941298656889948e-04,2.300942289731907812e-11,2.055725663616968400e-14
1.291075000000000045e+03,9.068697221818401884e-04,2.403269418271969724e-11,2.179534255709374019e-14
1.291093750000000000e+03,9.205550573020748533e-04,2.510046964685677242e-11,2.310723348289461618e-14
1.291112499999999955e+03,9.344528796536392132e-04,2.621463951494328149e-11,2.449726688056933941e-14
1.291131249999999909e+03,9.485659613304482521e-04,2.737717228512007038e-11,2.597003064382880854e-14
1.291150000000000091e+03,9.628971022083522352e-04,2.859011788247619019e-11,2.753037725199548399e-14
1.291168750000000045e+03,9.774491299953810223e-04,2.985561093638976608e-11,2.918343870848846303e-14
1.291187500000000000e+03,9.922249004448654725e-04,3.117587418606003457e-11,3.093464230759360750e-14
1.291206249999999955e+03,1.007227297618307899e-03,3.255322201870643636e-11,3.278972727116732337e-14
1.291224999999999909e+03,1.022459233725606011e-03,3.399006414587368407e-11,3.475476228673440884e-14
1.291243750000000091e+03,1.037923649528790619e-03,3.548890942287736868e-11,3.683616402649973765e-14
1.291262500000000045e+03,1.053623514339634961e-03,3.705236981652423354e-11,3.904071666834053532e-14
1.291281250000000000e+03,1.069561826149262188e-03,3.868316452738041852e-11,4.137559249018903576e-14
1.291299999999999955e+03,1.085741611912399533e-03,4.038412427143095217e-11,4.384837359608273126e-14
1.291318749999999909e+03,1.102165927493511683e-03,4.215819572822185333e-11,4.646707481607025731e-14
1.291337500000000091e+03,1.118837857876807049e-03,4.400844616053848270e-11,4.924016786408889165e-14
1.291356250000000045e+03,1.135760517329454430e-03,4.593806821303252270e-11,5.217660681008809545e-14
1.291375000000000000e+03,1.152937049438885640e-03,4.795038489591372687e-11,5.528585493112871829e-14
1.291393749999999955e+03,1.170370627401538712e-03,5.004885476123148164e-11,5.857791303247920047e-14
1.291412499999999909e+03,1.188064454037737706e-03,5.223707727764501890e-11,6.206334929048621358e-14
1.291431250000000091e+03,1.206021761863477950e-03,5.451879841288845681e-11,6.575333071416490686e-14
1.291450000000000045e+03,1.224245813404677488e-03,5.689791642988466986e-11,6.965965631985800687e-14
1.291468750000000000e+03,1.242739901046787613e-03,5.937848790602530209e-11,7.379479207230641217e-14
1.291487499999999955e+03,1.261507347508335512e-03,6.196473398244633978e-11,7.817190774385363939e-14
1.291506249999999909e+03,1.280551505756094338e-03,6.466104685289890739e-11,8.280491572650075947e-14
1.291525000000000091e+03,1.299875759005831742e-03,6.747199650059162768e-11,8.770851193328877438e-14
1.291543750000000045e+03,1.319483521239015042e-03,7.040233769239138530e-11,9.289821892987763591e-14
1.291562500000000000e+03,1.339378236883762832e-03,7.345701723925821922e-11,9.839043132147639637e-14
1.291581249999999955e+03,1.359563381223115406e-03,7.664118153409449143e-11,1.042024636194465810e-13
1.291599999999999909e+03,1.380042460486062203e-03,7.996018437547051873e-11,1.103526006439136494e-13
1.291618750000000091e+03,1.400819011787792293e-03,8.341959508910907843e-11,1.168601506039406298e-13
1.291637500000000045e+03,1.421896603463248957e-03,8.702520695737498358e-11,1.237455010373209450e-13
1.291656250000000000e+03,1.443278835114504555e-03,9.078304596862502271e-11,1.310301777053317286e-13
1.291674999999999955e+03,1.464969337643674298e-03,9.469937989707804978e-11,1.387369066133693297e-13
1.291693749999999909e+03,1.486971773505824405e-03,9.878072772648523469e-11,1.468896793431420554e-13
1.291712500000000091e+03,1.509289836728142748e-03,1.030338694295880271e-10,1.555138218247502628e-13
1.291731250000000045e+03,1.531927252997676613e-03,1.074658561159290821e-10,1.646360667517967940e-13
1.291750000000000000e+03,1.554887779895494995e-03,1.120840205629998913e-10,1.742846298393676264e-13
1.291768749999999955e+03,1.578175206959364380e-03,1.168959881419633627e-10,1.844892900847141127e-13
1.291787499999999909e+03,1.601793355705663502e-03,1.219096881550906487e-10,1.952814742511544569e-13
1.291806250000000091e+03,1.625746079839446648e-03,1.271333655988215607e-10,2.066943458173578123e-13
1.291825000000000045e+03,1.650037265428139135e-03,1.325755933656978201e-10,2.187628985923319143e-13
1.291843750000000000e+03,1.674670830720201460e-03,1.382452849059926808e-10,2.315240551969563943e-13
1.291862499999999955e+03,1.699650726583269277e-03,1.441517073604801130e-10,2.450167707798973890e-13
1.291881249999999909e+03,1.724980936573874100e-03,1.503044951835301854e-10,2.592821421099968082e-13
1.291900000000000091e+03,1.750665476709362513e-03,1.567136642761070105e-10,2.743635223196999690e-13
1.291918750000000045e+03,1.776708395978517877e-03,1.633896266429581792e-10,2.903066417365357433e-13
1.291937500000000000e+03,1.803113776143570272e-03,1.703432055961334402e-10,3.071597348981929733e-13
1.291956249999999955e+03,1.829885732117365925e-03,1.775856515231582181e-10,3.249736742609808451e-13
1.291974999999999909e+03,1.857028411884566101e-03,1.851286582396269846e-10,3.438021107713185021e-13
1.291993750000000091e+03,1.884545996516416968e-03,1.929843799489493696e-10,3.637016217354027021e-13
1.292012500000000045e+03,1.912442700517347780e-03,2.011654488277890533e-10,3.847318663995795027e-13
1.292031250000000000e+03,1.940722771618379845e-03,2.096849932637565421e-10,4.069557494666387322e-13
1.292049999999999955e+03,1.969390491211936694e-03,2.185566567646311286e-10,4.304395931718651222e-13
1.292068749999999909e+03,1.998450174336972515e-03,2.277946175649711233e-10,4.552533181350035346e-13
1.292087500000000091e+03,2.027906169442326816e-03,2.374136089549552270e-10,4.814706334572060830e-13
1.292106250000000045e+03,2.057762858979473794e-03,2.474289403565442356e-10,5.091692367694357434e-13
1.292125000000000000e+03,2.088024659157049646e-03,2.578565191734052215e-10,5.384310243459932079e-13
1.292143749999999955e+03,2.118696020166050895e-03,2.687128734433259948e-10,5.693423120878149491e-13
1.292162499999999909e+03,2.149781426296156709e-03,2.800151753183527561e-10,6.019940677750284741e-13
1.292181250000000091e+03,2.181285395711513725e-03,2.917812654054092310e-10,6.364821550801478662e-13
1.292200000000000045e+03,2.213212481172260881e-03,3.040296779954667569e-10,6.729075902858621385e-13
1.292218750000000000e+03,2.245567269402203633e-03,3.167796672145774352e-10,7.113768116787889029e-13
1.292237499999999955e+03,2.278354381739201243e-03,3.300512341249376070e-10,7.520019630048193296e-13
1.292256249999999909e+03,2.311578473799256669e-03,3.438651548165358884e-10,7.949011910119851771e-13
1.292275000000000091e+03,2.345244235814210407e-03,3.582430095148052833e-10,8.401989582685523271e-13
1.292293750000000045e+03,2.379356392590117972e-03,3.732072127481057805e-10,8.880263716869035811e-13
1.292312500000000000e+03,2.413919703712899632e-03,3.887810446096412450e-10,9.385215277286222571e-13
1.292331249999999955e+03,2.448938963450142912e-03,4.049886831480062487e-10,9.918298748960754937e-13
1.292349999999999909e+03,2.484419001086786774e-03,4.218552379299646679e-10,1.048104594646969709e-12
1.292368750000000091e+03,2.520364680430660365e-03,4.394067848165363904e-10,1.107507001118219222e-12
1.292387500000000045e+03,2.556780900714166263e-03,4.576704019926038622e-10,1.170206961502942806e-12
1.292406250000000000e+03,2.593672596031255159e-03,4.766742072904634113e-10,1.236383336861226672e-12
1.292424999999999955e+03,2.631044735553217211e-03,4.964473968644620545e-10,1.306224445341054244e-12
1.292443749999999909e+03,2.668902323735846630e-03,5.170202852444994590e-10,1.379928548525611677e-12
1.292462500000000091e+03,2.707250400149455692e-03,5.384243468316725669e-10,1.457704361867239984e-12
1.292481250000000045e+03,2.746094040072347923e-03,5.606922588820977565e-10,1.539771590954023226e-12
1.292500000000000000e+03,2.785438353635013523e-03,5.838579460244946572e-10,1.626361493646874653e-12
1.292518749999999955e+03,2.825288486681639885e-03,6.079566263711430589e-10,1.717717471078518502e-12
1.292537499999999909e+03,2.865649620703497776e-03,6.330248592716104884e-10,1.814095687450612561e-12
1.292556250000000091e+03,2.906526972489604024e-03,6.591005947717815847e-10,1.915765720322483448e-12
1.292575000000000045e+03,2.947925794645616781e-03,6.862232248293208226e-10,2.023011243574300447e-12
1.292593750000000000e+03,2.989851375246909901e-03,7.144336363508262071e-10,2.136130743519223810e-12
1.292612499999999955e+03,3.032309038195248573e-03,7.437742661131745683e-10,2.255438270773824940e-12
1.292631249999999909e+03,3.075304143517893808e-03,7.742891576280513239e-10,2.381264229104400233e-12
1.292650000000000091e+03,3.118842086303938530e-03,8.060240200215941635e-10,2.513956201967298182e-12
1.292668750000000045e+03,3.162928298205625304e-03,8.390262889948421347e-10,2.653879821562339860e-12
1.292687500000000000e+03,3.207568246456204888e-03,8.733451899369202046e-10,2.801419678503806825e-12
1.292706249999999955e+03,3.252767434387830118e-03,9.090318032603550987e-10,2.956980277150476071e-12
1.292724999999999909e+03,3.298531401407602849e-03,9.461391320409060898e-10,3.120987037148692112e-12
1.292743750000000091e+03,3.344865722605705992e-03,9.847221720335569854e-10,3.293887343407374454e-12
1.292762500000000045e+03,3.391776009823069000e-03,1.024837984144370338e-09,3.476151648569133070e-12
1.292781250000000000e+03,3.439267910316211926e-03,1.066545769449128503e-09,3.668274626699939688e-12
1.292799999999999955e+03,3.487347108000564671e-03,1.109906946832229339e-09,3.870776385503782684e-12
1.292818749999999909e+03,3.536019322791520998e-03,1.154985233347452710e-09,4.084203735323172478e-12
1.292837500000000091e+03,3.585290310904820643e-03,1.201846727378775949e-09,4.309131520484456083e-12
1.292856250000000045e+03,3.635165864883321309e-03,1.250559994704922290e-09,4.546164014648089481e-12
1.292875000000000000e+03,3.685651813326321947e-03,1.301196157559122641e-09,4.795936383023577410e-12
1.292893749999999955e+03,3.736754021498154502e-03,1.353828986791728209e-09,5.059116216091109097e-12
1.292912499999999909e+03,3.788478390801714411e-03,1.408534997221657318e-09,5.336405135524088365e-12
1.292931250000000091e+03,3.840830859048621239e-03,1.465393546311524036e-09,5.628540478239060794e-12
1.292950000000000045e+03,3.893817400547762431e-03,1.524486936242084348e-09,5.936297060828792624e-12
1.292968750000000000e+03,3.947444025804211672e-03,1.585900519536287629e-09,6.260489027849978863e-12
1.292987499999999955e+03,4.001716781922641866e-03,1.649722808311608019e-09,6.601971789348681431e-12
1.293006249999999909e+03,4.056641752639210223e-03,1.716045587321449263e-09,6.961644050310767198e-12
1.293025000000000091e+03,4.112225057828140448e-03,1.784964030871684138e-09,7.340449935701810174e-12
1.293043750000000045e+03,4.168472854125327212e-03,1.856576823766060595e-09,7.739381218418595200e-12
1.293062500000000000e+03,4.225391334352246626e-03,1.930986286412543310e-09,8.159479650864373936e-12
1.293081249999999955e+03,4.282986728156108237e-03,2.008298504215280266e-09,8.601839409174736859e-12
1.293099999999999909e+03,4.341265301596450472e-03,2.088623461391891727e-09,9.067609651042928312e-12
1.293118750000000091e+03,4.400233357370351983e-03,2.172075179375767576e-09,9.557997195576641441e-12
1.293137500000000045e+03,4.459897234452721120e-03,2.258771859945849925e-09,1.007426932825513712e-11
1.293156250000000000e+03,4.520263308341377663e-03,2.348836033244956569e-09,1.061775673920042073e-11
1.293174999999999955e+03,4.581337991250571638e-03,2.442394710811198213e-09,1.118985659936676598e-11
1.293193749999999909e+03,4.643127732200738773e-03,2.539579543862343733e-09,1.179203578109279458e-11
1.293212500000000091e+03,4.705639016053605669e-03,2.640526986910230409e-09,1.242583422656094736e-11
1.293231250000000045e+03,4.768878364765778179e-03,2.745378466945357959e-09,1.309286847948950264e-11
1.293250000000000000e+03,4.832852336387522332e-03,2.854280558363600799e-09,1.379483537597628999e-11
1.293268749999999955e+03,4.897567525903182353e-03,2.967385163778445206e-09,1.453351591218642475e-11
1.293287499999999909e+03,4.963030564481920627e-03,3.084849700976348636e-09,1.531077928777567360e-11
1.293306250000000091e+03,5.029248119936176493e-03,3.206837296142153731e-09,1.612858714047376843e-11
1.293325000000000045e+03,5.096226896548747276e-03,3.333516983618548813e-09,1.698899797540793096e-11
1.293343750000000000e+03,5.163973634763513974e-03,3.465063912368514918e-09,1.789417179892835208e-11
1.293362499999999955e+03,5.232495111786681675e-03,3.601659559387789002e-09,1.884637496987145137e-11
1.293381249999999909e+03,5.301798141330419517e-03,3.743491950239867970e-09,1.984798527180431273e-11
1.293400000000000091e+03,5.371889573197494161e-03,3.890755887034478929e-09,2.090149721858488251e-11
1.293418750000000045e+03,5.442776293638758138e-03,4.043653183951078127e-09,2.200952760648631299e-11
1.293437500000000000e+03,5.514465225201365881e-03,4.202392910699862978e-09,2.317482131991545604e-11
1.293456249999999955e+03,5.586963326867778849e-03,4.367191644064047079e-09,2.440025740439935785e-11
1.293474999999999909e+03,5.660277593862920661e-03,4.538273727815861598e-09,2.568885541628334988e-11
1.293493750000000091e+03,5.734415057789160261e-03,4.715871541280184013e-09,2.704378206416572818e-11
1.293512500000000045e+03,5.809382785911467069e-03,4.900225776821471190e-09,2.846835814948908048e-11
1.293531250000000000e+03,5.885187882356863846e-03,5.091585726523081948e-09,2.996606583249185940e-11
1.293549999999999955e+03,5.961837487063464426e-03,5.290209578342901495e-09,3.154055621788002561e-11
1.293568749999999909e+03,6.039338776113917055e-03,5.496364722082831029e-09,3.319565729182515131e-11
1.293587500000000091e+03,6.117698961488661664e-03,5.710328065449448205e-09,3.493538221587483125e-11
1.293606250000000045e+03,6.196925291419753609e-03,5.932386360489855885e-09,3.676393799942681817e-11
1.293625000000000000e+03,6.277025049898488432e-03,6.162836540861588517e-09,3.868573455994389276e-11
1.293643749999999955e+03,6.358005556866725382e-03,6.401986070093952212e-09,4.070539419530657528e-11
1.293662499999999909e+03,6.439874168382643711e-03,6.650153301322497245e-09,4.282776148325984766e-11
1.293681250000000091e+03,6.522638275892798931e-03,6.907667848800920357e-09,4.505791362012228140e-11
1.293700000000000045e+03,6.606305306801104303e-03,7.174870971561644657e-09,4.740117123212145554e-11
1.293718750000000000e+03,6.690882724030447135e-03,7.452115969632408117e-09,4.986310966480104620e-11
1.293737499999999955e+03,6.776378026556625390e-03,7.739768593131162514e-09,5.244957078436268840e-11
1.293756249999999909e+03,6.862798748500886087e-03,8.038207464756958078e-09,5.516667529600167253e-11
1.293775000000000091e+03,6.950152459529329758e-03,8.347824515936600662e-09,5.802083562080844045e-11
1.293793750000000045e+03,7.038446765070398813e-03,8.669025437209508427e-09,6.101876934569256212e-11
1.293812500000000000e+03,7.127689305423768294e-03,9.002230143144088741e-09,6.416751326122643120e-11
1.293831249999999955e+03,7.217887756565039004e-03,9.347873252417890810e-09,6.747443803782633960e-11
1.293849999999999909e+03,7.309049829354767776e-03,9.706404583263205632e-09,7.094726353710107799e-11
1.293868750000000091e+03,7.401183270357886666e-03,1.007828966508035274e-08,7.459407481674444688e-11
1.293887500000000045e+03,7.494295860763531408e-03,1.046401026636910135e-08,7.842333882274419755e-11
1.293906250000000000e+03,7.588395416559144332e-03,1.086406493978909779e-08,8.244392183029442747e-11
1.293924999999999955e+03,7.683489789049035255e-03,1.127896958466616903e-08,8.666510765620335813e-11
1.293943749999999909e+03,7.779586864352219799e-03,1.170925802755505249e-08,9.109661666091414182e-11
1.293962500000000091e+03,7.876694563148985834e-03,1.215548262144803589e-08,9.574862558665073996e-11
1.293981250000000045e+03,7.974820840581519840e-03,1.261821486405036322e-08,1.006317882651571435e-10
1.294000000000000000e+03,8.073973686516373177e-03,1.309804603592565077e-08,1.057572572364586560e-10
1.294018749999999955e+03,8.174161125650079851e-03,1.359558785891976475e-08,1.111367063093728792e-10
1.294037499999999909e+03,8.275391216689891721e-03,1.411147317558035287e-08,1.167823540928121315e-10
1.294056250000000091e+03,8.377672052527753918e-03,1.464635665013681861e-08,1.227069885631427791e-10
1.294075000000000045e+03,8.481011760356876525e-03,1.520091549178664192e-08,1.289239926987166295e-10
1.294093750000000000e+03,8.585418501170593783e-03,1.577585020090092245e-08,1.354473712166125164e-10
1.294112499999999955e+03,8.690900470505261155e-03,1.637188533882490405e-08,1.422917784856888284e-10
1.294131249999999909e+03,8.797465897095978205e-03,1.698977032204175589e-08,1.494725476131197169e-10
1.294150000000000091e+03,8.905123044147774877e-03,1.763028024127662990e-08,1.570057208270074155e-10
1.294168750000000045e+03,9.013880207430354299e-03,1.829421670661550879e-08,1.649080811154574818e-10
1.294187500000000000e+03,9.123745717365752683e-03,1.898240871900988475e-08,1.731971852941069916e-10
1.294206249999999955e+03,9.234727937246096571e-03,1.969571356928847247e-08,1.818913984252628820e-10
1.294224999999999909e+03,9.346835263716522096e-03,2.043501776522985311e-08,1.910099297511690207e-10
1.294243750000000091e+03,9.460076126371595034e-03,2.120123798784219745e-08,2.005728701492698866e-10
1.294262500000000045e+03,9.574458988048983876e-03,2.199532207732074034e-08,2.106012311991201787e-10
1.294281250000000000e+03,9.689992344294883972e-03,2.281825004993131163e-08,2.211169858987980061e-10
1.294299999999999955e+03,9.806684724149073579e-03,2.367103514657646931e-08,2.321431111436133969e-10
1.294318749999999909e+03,9.924544688382578791e-03,2.455472491385818743e-08,2.437036319495298581e-10
1.294337500000000091e+03,1.004358083079201665e-02,2.547040231892354980e-08,2.558236676249053605e-10
1.294356250000000045e+03,1.016380177749426697e-02,2.641918689872651066e-08,2.685294798489865075e-10
1.294375000000000000e+03,1.028521618670545472e-02,2.740223594484862792e-08,2.818485227928642763e-10
1.294393749999999955e+03,1.040783274913743145e-02,2.842074572521771289e-08,2.958094953750654129e-10
1.294412499999999909e+03,1.053166018709308753e-02,2.947595274317106424e-08,3.104423956788209447e-10
1.294431250000000091e+03,1.065670725462803184e-02,3.056913503568419508e-08,3.257785776899624489e-10
1.294450000000000045e+03,1.078298273793871880e-02,3.170161351119284801e-08,3.418508104215447884e-10
1.294468750000000000e+03,1.091049545437280423e-02,3.287475332883393856e-08,3.586933394771863552e-10
1.294487499999999955e+03,1.103925425288944731e-02,3.408996531980942062e-08,3.763419512325008873e-10
1.294506249999999909e+03,1.116926801336496494e-02,3.534870745229884209e-08,3.948340396598013203e-10
1.294525000000000091e+03,1.130054564739579534e-02,3.665248634126465668e-08,4.142086759913536831e-10
1.294543750000000045e+03,1.143309609643381429e-02,3.800285880419125887e-08,4.345066811848914339e-10
1.294562500000000000e+03,1.156692833374830913e-02,3.940143346428105153e-08,4.557707015396078904e-10
1.294581249999999955e+03,1.170205136246209310e-02,4.084987240261253833e-08,4.780452873044012178e-10
1.294599999999999909e+03,1.183847421688086557e-02,4.234989286019469843e-08,5.013769746640383680e-10
1.294618750000000091e+03,1.197620596081540832e-02,4.390326899191707809e-08,5.258143709958754071e-10
1.294637500000000045e+03,1.211525568832790695e-02,4.551183367335533367e-08,5.514082437399604262e-10
1.294656250000000000e+03,1.225563252374615129e-02,4.717748036235403140e-08,5.782116129036737643e-10
1.294674999999999955e+03,1.239734562070800641e-02,4.890216501694693202e-08,6.062798473257648390e-10
1.294693749999999909e+03,1.254040416321395776e-02,5.068790807064649257e-08,6.356707649813448374e-10
1.294712500000000091e+03,1.268481736368495816e-02,5.253679646758112968e-08,6.664447372551939195e-10
1.294731250000000045e+03,1.283059446409949740e-02,5.445098575830077425e-08,6.986647976257836313e-10
1.294750000000000000e+03,1.297774473572918010e-02,5.643270225922062699e-08,7.323967547298468378e-10
1.294768749999999955e+03,1.312627747813928727e-02,5.848424527553125292e-08,7.677093099764261345e-10
1.294787499999999909e+03,1.327620202008557120e-02,6.060798939183216956e-08,8.046741800693706566e-10
1.294806250000000091e+03,1.342752771870364854e-02,6.280638683000030318e-08,8.433662243955326911e-10
1.294825000000000045e+03,1.358026395948684802e-02,6.508196987783812612e-08,8.838635776294263128e-10
1.294843750000000000e+03,1.373442015476660817e-02,6.743735339021197887e-08,9.262477876091762597e-10
1.294862499999999955e+03,1.389000574643920773e-02,6.987523736372340686e-08,9.706039590538819816e-10
1.294881249999999909e+03,1.404703020391208194e-02,7.239840958831878936e-08,1.017020902774346762e-09
1.294900000000000091e+03,1.420550302259311268e-02,7.500974837679173453e-08,1.065591290901202727e-09
1.294918750000000045e+03,1.436543372641817078e-02,7.771222537571763372e-08,1.116411818658733787e-09
1.294937500000000000e+03,1.452683186608588750e-02,8.050890845842338324e-08,1.169583372306571556e-09
1.294956249999999955e+03,1.468970701883299049e-02,8.340296470341768806e-08,1.225211203917905528e-09
1.294974999999999909e+03,1.485406878975343778e-02,8.639766346093024870e-08,1.283405113285303260e-09
1.294993750000000091e+03,1.501992680832192791e-02,8.949637950845366313e-08,1.344279636664306585e-09
1.295012500000000045e+03,1.518729073174643340e-02,9.270259629937574503e-08,1.407954243627530007e-09
1.295031250000000000e+03,1.535617024259430113e-02,9.601990930650318288e-08,1.474553541250042468e-09
1.295049999999999955e+03,1.552657504940261474e-02,9.945202946313004273e-08,1.544207486659902767e-09
1.295068749999999909e+03,1.569851488656505770e-02,1.030027867039974354e-07,1.617051607942542134e-09
1.295087500000000091e+03,1.587199951293505329e-02,1.066761336103969172e-07,1.693227233664004816e-09
1.295106250000000045e+03,1.604703871351444502e-02,1.104761491593860712e-07,1.772881731746828681e-09
1.295125000000000000e+03,1.622364229686238876e-02,1.144070425837202951e-07,1.856168757336794276e-09
1.295143749999999955e+03,1.640182009712273098e-02,1.184731573417733128e-07,1.943248510893368778e-09
1.295162499999999909e+03,1.658158197282857613e-02,1.226789752031020612e-07,2.034288006078065855e-09
1.295181250000000091e+03,1.676293780643617684e-02,1.270291204519043633e-07,2.129461348216586835e-09
1.295200000000000045e+03,1.694589750385063973e-02,1.315283642103980956e-07,2.228950023630274362e-09
1.295218750000000000e+03,1.713047099497120793e-02,1.361816288884079345e-07,2.332943200431957228e-09
1.295237499999999955e+03,1.731666823367647434e-02,1.409939927587742541e-07,2.441638040954883044e-09
1.295256249999999909e+03,1.750449919621865566e-02,1.459706946645246166e-07,2.555240026123776939e-09
1.295275000000000091e+03,1.769397388245681768e-02,1.511171388610804991e-07,2.673963292827712904e-09
1.295293750000000045e+03,1.788510231385697161e-02,1.564388999961812810e-07,2.798030983895639279e-09
1.295312500000000000e+03,1.807789453547158781e-02,1.619417282312091849e-07,2.927675612204834261e-09
1.295331249999999955e+03,1.827236061368131895e-02,1.676315545099082477e-07,3.063139438235123949e-09
1.295349999999999909e+03,1.846851063685702593e-02,1.735144959740054063e-07,3.204674862583093971e-09
1.295368750000000091e+03,1.866635471611415714e-02,1.795968615354334435e-07,3.352544833681980975e-09
1.295387500000000045e+03,1.886590298222267162e-02,1.858851576035264203e-07,3.507023270452575371e-09
1.295406250000000000e+03,1.906716558840455822e-02,1.923860939754360014e-07,3.668395502232929480e-09
1.295424999999999955e+03,1.927015270746744446e-02,1.991065898923826963e-07,3.836958724512411316e-09
1.295443749999999909e+03,1.947487453415430031e-02,2.060537802659231047e-07,4.013022473058436110e-09
1.295462500000000091e+03,1.968134128250182552e-02,2.132350220799929879e-07,4.196909115166197980e-09
1.295481250000000045e+03,1.988956318692662942e-02,2.206579009705037199e-07,4.388954360308664732e-09
1.295500000000000000e+03,2.009955050159138376e-02,2.283302379923156611e-07,4.589507789907840172e-09
1.295518749999999955e+03,2.031131349970984046e-02,2.362600965720474896e-07,4.798933407106115020e-09
1.295537499999999909e+03,2.052486247499600569e-02,2.444557896566415708e-07,5.017610207892658448e-09
1.295556250000000091e+03,2.074020773793327013e-02,2.529258870608513613e-07,5.245932772568675423e-09
1.295575000000000045e+03,2.095735961946670889e-02,2.616792230174622576e-07,5.484311881287251186e-09
1.295593750000000000e+03,2.117632846764510440e-02,2.707249039396616938e-07,5.733175151083141263e-09
1.295612499999999955e+03,2.139712464935230110e-02,2.800723163950143208e-07,5.992967698058750129e-09
1.295631249999999909e+03,2.161975854948142151e-02,2.897311353026175839e-07,6.264152823814867932e-09
1.295650000000000091e+03,2.184424056815042689e-02,2.997113323550960004e-07,6.547212726939388036e-09
1.295668750000000045e+03,2.207058112550377288e-02,3.100231846715830708e-07,6.842649243286139249e-09
1.295687500000000000e+03,2.229879065715410780e-02,3.206772836913081908e-07,7.150984611180548564e-09
1.295706249999999955e+03,2.252887961466248576e-02,3.316845443081786793e-07,7.472762266493944651e-09
1.295724999999999909e+03,2.276085846666660306e-02,3.430562142574472803e-07,7.808547667562249981e-09
1.295743750000000091e+03,2.299473769829826417e-02,3.548038837580659312e-07,8.158929150150217869e-09
1.295762500000000045e+03,2.323052780916414622e-02,3.669394954177969333e-07,8.524518813513336038e-09
1.295781250000000000e+03,2.346823931355978068e-02,3.794753544095638180e-07,8.905953439973687242e-09
1.295799999999999955e+03,2.370788274252389610e-02,3.924241389232033296e-07,9.303895449128728070e-09
1.295818749999999909e+03,2.394946864163694650e-02,4.057989108995482595e-07,9.719033885576165550e-09
1.295837500000000091e+03,2.419300756933711466e-02,4.196131270594062298e-07,1.015208544311942775e-08
1.295856250000000045e+03,2.443851009913717426e-02,4.338806502237314116e-07,1.060379552795677028e-08
1.295875000000000000e+03,2.468598681780187834e-02,4.486157609476573658e-07,1.107493935934764345e-08
1.295893749999999955e+03,2.493544832546779055e-02,4.638331694607014840e-07,1.156632311110368499e-08
1.295912499999999909e+03,2.518690523673500561e-02,4.795480279307533322e-07,1.207878509526154664e-08
1.295931250000000091e+03,2.544036817675502174e-02,4.957759430570679550e-07,1.261319698645882022e-08
1.295950000000000045e+03,2.569584778526648461e-02,5.125329890004462680e-07,1.317046509456128003e-08
1.295968750000000000e+03,2.595335471107801384e-02,5.298357206574980729e-07,1.375153167868173674e-08
1.295987499999999955e+03,2.621289961804093224e-02,5.477011872925581179e-07,1.435737631467843905e-08
1.296006249999999909e+03,2.647449317950405223e-02,5.661469465249890188e-07,1.498901730587202941e-08
1.296025000000000091e+03,2.673814608017996072e-02,5.851910786990804919e-07,1.564751314875604448e-08
1.296043750000000045e+03,2.700386901582128157e-02,6.048522016233894186e-07,1.633396404999994558e-08
1.296062500000000000e+03,2.727167269221401208e-02,6.251494857096210099e-07,1.704951349773829885e-08
1.296081249999999955e+03,2.754156782499624437e-02,6.461026695048780007e-07,1.779534988945112668e-08
1.296099999999999909e+03,2.781356514066329194e-02,6.677320756371054339e-07,1.857270821896507752e-08
1.296118750000000091e+03,2.808767537232318909e-02,6.900586271778758821e-07,1.938287182012927585e-08
1.296137500000000045e+03,2.836390926594911308e-02,7.131038644361464103e-07,2.022717417968865518e-08
1.296156250000000000e+03,2.864227757240515523e-02,7.368899621917031410e-07,2.110700080486779439e-08
1.296174999999999955e+03,2.892279105318102186e-02,7.614397473803825944e-07,2.202379116679272726e-08
1.296193749999999909e+03,2.920546047736079925e-02,7.867767172378381271e-07,2.297904070648171604e-08
1.296212500000000091e+03,2.949029662069477253e-02,8.129250579190143664e-07,2.397430291320178512e-08
1.296231250000000045e+03,2.977731026591998523e-02,8.399096636007283691e-07,2.501119147707805223e-08
1.296250000000000000e+03,3.006651220364134694e-02,8.677561560810928846e-07,2.609138251809120730e-08
1.296268749999999955e+03,3.035791323166407013e-02,8.964909048818083610e-07,2.721661689203542209e-08
1.296287499999999909e+03,3.065152415153042653e-02,9.261410478782224404e-07,2.838870257495715142e-08
1.296306250000000091e+03,3.094735577211508645e-02,9.567345124544773547e-07,2.960951713712110149e-08
1.296325000000000045e+03,3.124541890690667525e-02,9.883000372020977772e-07,3.088101029770131010e-08
1.296343750000000000e+03,3.154572437415590486e-02,1.020867194185887568e-06,3.220520657139176582e-08
1.296362499999999955e+03,3.184828299840119364e-02,1.054466411770248401e-06,3.358420800829685146e-08
1.296381249999999909e+03,3.215310560631844811e-02,1.089128998032530119e-06,3.502019702317888308e-08
1.296400000000000091e+03,3.246020303012721320e-02,1.124887164779406729e-06,3.651543933075476954e-08
1.296418750000000045e+03,3.276958610398366528e-02,1.161774052163284382e-06,3.807228697463109908e-08
1.296437500000000000e+03,3.308126566546570890e-02,1.199823753941336105e-06,3.969318146682931638e-08
1.296456249999999955e+03,3.339525255561669875e-02,1.239071343358536174e-06,4.138065703344668902e-08
1.296474999999999909e+03,3.371155761798443756e-02,1.279552899697844532e-06,4.313734397106184881e-08
1.296493750000000091e+03,3.403019169704458308e-02,1.321305535498429358e-06,4.496597211725709836e-08
1.296512500000000045e+03,3.435116563838194054e-02,1.364367424455825282e-06,4.686937444194305446e-08
1.296531250000000000e+03,3.467449028909063563e-02,1.408777830029403064e-06,4.885049076197183541e-08
1.296549999999999955e+03,3.500017649919381912e-02,1.454577134765587208e-06,5.091237158396340865e-08
1.296568749999999909e+03,3.532823511524531973e-02,1.501806870361882863e-06,5.305818206678066931e-08
1.296587500000000091e+03,3.565867698653067686e-02,1.550509748468989031e-06,5.529120613619024676e-08
1.296606250000000045e+03,3.599151296129599054e-02,1.600729692279461907e-06,5.761485072520695321e-08
1.296625000000000000e+03,3.632675388647651354e-02,1.652511868886868608e-06,6.003265016222350511e-08
1.296643749999999955e+03,3.666441060672082086e-02,1.705902722462689600e-06,6.254827070654231432e-08
1.296662499999999909e+03,3.700449396747396147e-02,1.760950008242956450e-06,6.516551524317498355e-08
1.296681250000000091e+03,3.734701481086367958e-02,1.817702827368062671e-06,6.788832812375841310e-08
1.296700000000000045e+03,3.769198397567129905e-02,1.876211662575140755e-06,7.072080017618698650e-08
1.296718750000000000e+03,3.803941229925991707e-02,1.936528414768144912e-06,7.366717388573727013e-08
1.296737499999999955e+03,3.838931061417518581e-02,1.998706440499813058e-06,7.673184873979414872e-08
1.296756249999999909e+03,3.874168975073772475e-02,2.062800590356780222e-06,7.991938676154893940e-08
1.296775000000000091e+03,3.909656053338875226e-02,2.128867248297327464e-06,8.323451821592069146e-08
1.296793750000000045e+03,3.945393378507484200e-02,2.196964371934837151e-06,8.668214752088864040e-08
1.296812500000000000e+03,3.981382031823582635e-02,2.267151533828679356e-06,9.026735932690420225e-08
1.296831249999999955e+03,4.017623094611724038e-02,2.339489963749295845e-06,9.399542484061405723e-08
1.296849999999999909e+03,4.054117647416710657e-02,2.414042591992214512e-06,9.787180831424767116e-08
1.296868750000000091e+03,4.090866769818658766e-02,2.490874093727592078e-06,1.019021737619292975e-07
1.296887500000000045e+03,4.127871541159604946e-02,2.570050934428952587e-06,1.060923919197437347e-07
1.296906250000000000e+03,4.165133039845811402e-02,2.651641416389002469e-06,1.104485473988866843e-07
1.296924999999999955e+03,4.202652343550456610e-02,2.735715726366165563e-06,1.149769460952813338e-07
1.296943749999999909e+03,4.240430529243918029e-02,2.822345984362781678e-06,1.196841228366969424e-07
1.296962500000000091e+03,4.278468673107450188e-02,2.911606293582102704e-06,1.245768492763301782e-07
1.296981250000000045e+03,4.316767850180495275e-02,3.003572791560141625e-06,1.296621420339731669e-07
1.297000000000000000e+03,4.355329134740020675e-02,3.098323702550995199e-06,1.349472711239417529e-07
1.297018749999999955e+03,4.394153600166252754e-02,3.195939391117705846e-06,1.404397686395935836e-07
1.297037499999999909e+03,4.433242318657228814e-02,3.296502417026318046e-06,1.461474377142734123e-07
1.297056250000000091e+03,4.472596361573811380e-02,3.400097591421832687e-06,1.520783617904657374e-07
1.297075000000000045e+03,4.512216798882158486e-02,3.506812034339410615e-06,1.582409141577291282e-07
1.297093750000000000e+03,4.552104699722787917e-02,3.616735233571617476e-06,1.646437678347078539e-07
1.297112499999999955e+03,4.592261131724544726e-02,3.729959104913183000e-06,1.712959057237841744e-07
1.297131249999999909e+03,4.632687161629899658e-02,3.846578053826034632e-06,1.782066311372864520e-07
1.297150000000000091e+03,4.673383854655190073e-02,3.966689038545787278e-06,1.853855786128935003e-07
1.297168750000000045e+03,4.714352274718785346e-02,4.090391634661975498e-06,1.928427251050342395e-07
1.297187500000000000e+03,4.755593484340760874e-02,4.217788101208722912e-06,2.005884015195760397e-07
1.297206249999999955e+03,4.797108544809163683e-02,4.348983448270026782e-06,2.086333046240488277e-07
1.297224999999999909e+03,4.838898515825916513e-02,4.484085506191025117e-06,2.169885093141509716e-07
1.297243750000000091e+03,4.880964455615487141e-02,4.623204996352578276e-06,2.256654812845714924e-07
1.297262500000000045e+03,4.923307420801460027e-02,4.766455603598139950e-06,2.346760900893577792e-07
1.297281250000000000e+03,4.965928466463420676e-02,4.913954050335647664e-06,2.440326226209679839e-07
1.297299999999999955e+03,5.008828646122225059e-02,5.065820172326802004e-06,2.537477970079578298e-07
1.297318749999999909e+03,5.052009011346175749e-02,5.222176996212715108e-06,2.638347769274766335e-07
1.297337500000000091e+03,5.095470612346023748e-02,5.383150818831737730e-06,2.743071864155848395e-07
1.297356250000000045e+03,5.139214497152671396e-02,5.548871288320403305e-06,2.851791250636519508e-07
1.297375000000000000e+03,5.183241712349551805e-02,5.719471487090463598e-06,2.964651837706259202e-07
1.297393749999999955e+03,5.227553302488834736e-02,5.895088016651233068e-06,3.081804609103679021e-07
1.297412499999999909e+03,5.272150310043045851e-02,6.075861084391895463e-06,3.203405790285994895e-07
1.297431250000000091e+03,5.317033775710775650e-02,6.261934592295305588e-06,3.329617020753639276e-07
1.297450000000000045e+03,5.362204738322269570e-02,6.453456227661733323e-06,3.460605531457596108e-07
1.297468750000000000e+03,5.407664234234551420e-02,6.650577555888905502e-06,3.596544327319315502e-07
1.297487499999999955e+03,5.453413298063922166e-02,6.853454115296214410e-06,3.737612376182944199e-07
1.297506249999999909e+03,5.499452962251256960e-02,7.062245514093837326e-06,3.883994802809635055e-07
1.297525000000000091e+03,5.545784256726798284e-02,7.277115529525462889e-06,4.035883088825800409e-07
1.297543750000000045e+03,5.592408209576253675e-02,7.498232209187012913e-06,4.193475279456474169e-07
1.297562500000000000e+03,5.639325846338369419e-02,7.725767974640821800e-06,4.356976195581244176e-07
1.297581249999999955e+03,5.686538190268836807e-02,7.959899727248982135e-06,4.526597652864971676e-07
1.297599999999999909e+03,5.734046262267413624e-02,8.200808956440601330e-06,4.702558687323081281e-07
1.297618750000000091e+03,5.781851080829627371e-02,8.448681850308932518e-06,4.885085787673498595e-07
1.297637500000000045e+03,5.829953662002591158e-02,8.703709408594335515e-06,5.074413134654050534e-07
1.297656250000000000e+03,5.878355018915353697e-02,8.966087558293986059e-06,5.270782847226838530e-07
1.297674999999999955e+03,5.927056162778331083e-02,9.236017271606251797e-06,5.474445237341035300e-07
1.297693749999999909e+03,5.976058101790127086e-02,9.513704686623556349e-06,5.685659070559192530e-07
1.297712500000000091e+03,6.025361841508443395e-02,9.799361230503987049e-06,5.904691835653314085e-07
1.297731250000000045e+03,6.074968384645905439e-02,1.009320374545648015e-05,6.131820021777411274e-07
1.297750000000000000e+03,6.124878731361989986e-02,1.039545461730846552e-05,6.367329404266364488e-07
1.297768749999999955e+03,6.175093878968796607e-02,1.070634190699806873e-05,6.611515338405744963e-07
1.297787499999999909e+03,6.225614821822599010e-02,1.102609948476511598e-05,6.864683061960271687e-07
1.297806250000000091e+03,6.276442551491155653e-02,1.135496716729299011e-05,7.127148006956462183e-07
1.297825000000000045e+03,6.327578056552227159e-02,1.169319085778277056e-05,7.399236120226938101e-07
1.297843750000000000e+03,6.379022322253521948e-02,1.204102268904315297e-05,7.681284193172666383e-07
1.297862499999999955e+03,6.430776331359529252e-02,1.239872116953386920e-05,7.973640202526239886e-07
1.297881249999999909e+03,6.482841063176281171e-02,1.276655133263679931e-05,8.276663658970159331e-07
1.297900000000000091e+03,6.535217493790719534e-02,1.314478488900213330e-05,8.590725967270531351e-07
1.297918750000000045e+03,6.587906596376232049e-02,1.353370038215197425e-05,8.916210797031891596e-07
1.297937500000000000e+03,6.640909340397262162e-02,1.393358334735603647e-05,9.253514462720831974e-07
1.297956249999999955e+03,6.694226692507478094e-02,1.434472647384784171e-05,9.603046316947937107e-07
1.297974999999999909e+03,6.747859615843797287e-02,1.476742977045064148e-05,9.965229152917470704e-07
1.297993750000000091e+03,6.801809069984500467e-02,1.520200073463013640e-05,1.034049961929560468e-06
1.298012500000000045e+03,6.856076011285129612e-02,1.564875452513523908e-05,1.072930864761106614e-06
1.298031250000000000e+03,6.910661392305880724e-02,1.610801413815539753e-05,1.113212189045812253e-06
1.298049999999999955e+03,6.965566162497489888e-02,1.658011058720567003e-05,1.154942017422294842e-06
1.298068749999999909e+03,7.020791267274817393e-02,1.706538308666455321e-05,1.198169996207757515e-06
1.298087500000000091e+03,7.076337648679323356e-02,1.756417923913516452e-05,1.242947383272663538e-06
1.298106250000000045e+03,7.132206244954686358e-02,1.807685522664893363e-05,1.289327097092321108e-06
1.298125000000000000e+03,7.188397990566963713e-02,1.860377600579030097e-05,1.337363767257861670e-06
1.298143749999999955e+03,7.244913816328980849e-02,1.914531550682246436e-05,1.387113786433677329e-06
1.298162499999999909e+03,7.301754649245223439e-02,1.970185683681530893e-05,1.438635363721467656e-06
1.298181250000000091e+03,7.358921412044498733e-02,2.027379248703104305e-05,1.491988579464287387e-06
1.298200000000000045e+03,7.416415024006488277e-02,2.086152454436198563e-05,1.547235441830573306e-06
1.298218750000000000e+03,7.474236399993050561e-02,2.146546490712312259e-05,1.604439944623865701e-06
1.298237499999999955e+03,7.532386451292577556e-02,2.208603550520841786e-05,1.663668127075505102e-06
1.298256249999999909e+03,7.590866084566035010e-02,2.272366852466229715e-05,1.724988134893647021e-06
1.298275000000000091e+03,7.649676202836133698e-02,2.337880663665421906e-05,1.788470283441146612e-06
1.298293750000000045e+03,7.708817704470175003e-02,2.405190323119027793e-05,1.854187122222845737e-06
1.298312500000000000e+03,7.768291484067463282e-02,2.474342265538777321e-05,1.922213501581395950e-06
1.298331249999999955e+03,7.828098431573030092e-02,2.545384045646634282e-05,1.992626640806199882e-06
1.298349999999999909e+03,7.888239432820631780e-02,2.618364362959252082e-05,2.065506198457124832e-06
1.298368750000000091e+03,7.948715369102107853e-02,2.693333087060482099e-05,2.140934344369674589e-06
1.298387500000000045e+03,8.009527117427087117e-02,2.770341283371306201e-05,2.218995833800879687e-06
1.298406250000000000e+03,8.070675549975042662e-02,2.849441239423808079e-05,2.299778083372709106e-06
1.298424999999999955e+03,8.132161534845019912e-02,2.930686491657747650e-05,2.383371249443104657e-06
1.298443749999999909e+03,8.193985935514948304e-02,3.014131852722841569e-05,2.469868308228107326e-06
1.298462500000000091e+03,8.256149610405116857e-02,3.099833439328940902e-05,2.559365138112251314e-06
1.298481250000000045e+03,8.318653413481660874e-02,3.187848700627614914e-05,2.651960604482140476e-06
1.298500000000000000e+03,8.381498194127820489e-02,3.278236447142183948e-05,2.747756646626337923e-06
1.298518749999999955e+03,8.444684796750208389e-02,3.371056880264591485e-05,2.846858366877657600e-06
1.298537499999999909e+03,8.508214061078378521e-02,3.466371622297644478e-05,2.949374122342471113e-06
1.298556250000000091e+03,8.572086821760473152e-02,3.564243747103989140e-05,3.055415618865757575e-06
1.298575000000000045e+03,8.636303908749354274e-02,3.664737811299542572e-05,3.165098007729886235e-06
1.298593750000000000e+03,8.700866146617171337e-02,3.767919886083647861e-05,3.278539984570590003e-06
1.298612499999999955e+03,8.765774355500259574e-02,3.873857589644161948e-05,3.395863891480067307e-06
1.298631249999999909e+03,8.831029349854736810e-02,3.982620120176147031e-05,3.517195820982829746e-06
1.298650000000000091e+03,8.896631939444468729e-02,4.094278289545856065e-05,3.642665723612413864e-06
1.298668750000000045e+03,8.962582928612965183e-02,4.208904557549907304e-05,3.772407517610800258e-06
1.298687500000000000e+03,9.028883116551748855e-02,4.326573066865876938e-05,3.906559201931416616e-06
1.298706249999999955e+03,9.095533297007636631e-02,4.447359678594462238e-05,4.045262971902447197e-06
1.298724999999999909e+03,9.162534258851734448e-02,4.571342008508593997e-05,4.188665338316398638e-06
1.298743750000000091e+03,9.229886784912490205e-02,4.698599463976835304e-05,4.336917248832862750e-06
1.298762500000000045e+03,9.297591653422222768e-02,4.829213281517827990e-05,4.490174213662052984e-06
1.298781250000000000e+03,9.365649636092657215e-02,4.963266565110464586e-05,4.648596432973306531e-06
1.298799999999999955e+03,9.434061500111282084e-02,5.100844325164283162e-05,4.812348929411310307e-06
1.298818749999999909e+03,9.502828006629972235e-02,5.242033518218679124e-05,4.981601682327882900e-06
1.298837500000000091e+03,9.571949910958803265e-02,5.386923087363324234e-05,5.156529766257432235e-06
1.298856250000000045e+03,9.641427963074793162e-02,5.535604003386315682e-05,5.337313493106704391e-06
1.298875000000000000e+03,9.711262907142007017e-02,5.688169306696007755e-05,5.524138557466263023e-06
1.298893749999999955e+03,9.781455481599446444e-02,5.844714149945161904e-05,5.717196185851806938e-06
1.298912499999999909e+03,9.852006419018304040e-02,6.005335841478942046e-05,5.916683289645072637e-06
1.298931250000000091e+03,9.922916446054985684e-02,6.170133889519136688e-05,6.122802621899405986e-06
1.298950000000000045e+03,9.994186283266907889e-02,6.339210047167482230e-05,6.335762938028193909e-06
1.298968750000000000e+03,1.006581664568611673e-01,6.512668358178103707e-05,6.555779160969651747e-06
1.298987499999999955e+03,1.013780824205769704e-01,6.690615203588506097e-05,6.783072549687250940e-06
1.299006249999999909e+03,1.021016177492904825e-01,6.873159349103877421e-05,7.017870872317444630e-06
1.299025000000000091e+03,1.028287794126865051e-01,7.060411993394235196e-05,7.260408584083391016e-06
1.299043750000000045e+03,1.035595743116144024e-01,7.252486817185868878e-05,7.510927008231139287e-06
1.299062500000000000e+03,1.042940092883710840e-01,7.449500033208749077e-05,7.769674523045782481e-06
1.299081249999999955e+03,1.050320911240353039e-01,7.651570437071702135e-05,8.036906752648732380e-06
1.299099999999999909e+03,1.057738265352244633e-01,7.858819458936859884e-05,8.312886762325356055e-06
1.299118750000000091e+03,1.065192221726645322e-01,8.071371216149775360e-05,8.597885258815462310e-06
1.299137500000000045e+03,1.072682846276194618e-01,8.289352566741146249e-05,8.892180796094879095e-06
1.299156250000000000e+03,1.080210204221748183e-01,8.512893163887417581e-05,9.196059984910176323e-06
1.299174999999999955e+03,1.087774360166703091e-01,8.742125511246980681e-05,9.509817708730454382e-06
1.299193749999999909e+03,1.095375378063693089e-01,8.977185019269503196e-05,9.833757344080071758e-06
1.299212500000000091e+03,1.103013321154272391e-01,9.218210062466207836e-05,1.016819098590765099e-05
1.299231250000000045e+03,1.110688252080895277e-01,9.465342037632773161e-05,1.051343967991661463e-05
1.299250000000000000e+03,1.118400232779010739e-01,9.718725423051362440e-05,1.086983365847222638e-05
1.299268749999999955e+03,1.126149324509603811e-01,9.978507838706537393e-05,1.123771258343658408e-05
1.299287499999999909e+03,1.133935587874072698e-01,1.024484010747448733e-04,1.161742579461768449e-05
1.299306250000000091e+03,1.141759082770853612e-01,1.051787631735068003e-04,1.200933256355424670e-05
1.299325000000000045e+03,1.149619868428994468e-01,1.079777388469140833e-04,1.241380235406404280e-05
1.299343750000000000e+03,1.157518003360627767e-01,1.108469361854596825e-04,1.283121508814887002e-05
1.299362499999999955e+03,1.165453545379250555e-01,1.137879978596248719e-04,1.326196141874274779e-05
1.299381249999999909e+03,1.173426551655181033e-01,1.168026017845930477e-04,1.370644300943358115e-05
1.299400000000000091e+03,1.181437078552907138e-01,1.198924617948697152e-04,1.416507281809381185e-05
1.299418750000000045e+03,1.189485181833599137e-01,1.230593283304689211e-04,1.463827539143194644e-05
1.299437500000000000e+03,1.197570916422677767e-01,1.263049891340121804e-04,1.512648716120518891e-05
1.299456249999999955e+03,1.205694336623678309e-01,1.296312699593276307e-04,1.563015675272804399e-05
1.299474999999999909e+03,1.213855495979769827e-01,1.330400352904229414e-04,1.614974529606357377e-05
1.299493750000000091e+03,1.222054447298220187e-01,1.365331890734887063e-04,1.668572674655148833e-05
1.299512500000000045e+03,1.230291242661055440e-01,1.401126754587255082e-04,1.723858821232044486e-05
1.299531250000000000e+03,1.238565933375316702e-01,1.437804795558341527e-04,1.780883028867649243e-05
1.299549999999999955e+03,1.246878570038673084e-01,1.475386281997592838e-04,1.839696740151966150e-05
1.299568749999999909e+03,1.255229202531207011e-01,1.513891907295143323e-04,1.900352815770317436e-05
1.299587500000000091e+03,1.263617879907389108e-01,1.553342797784565334e-04,1.962905570167438048e-05
1.299606250000000045e+03,1.272044650504328966e-01,1.593760520773323825e-04,2.027410808345133747e-05
1.299625000000000000e+03,1.280509561902378468e-01,1.635167092698584736e-04,2.093925863269910655e-05
1.299643749999999955e+03,1.289012660872556337e-01,1.677584987399064994e-04,2.162509634076663313e-05
1.299662499999999909e+03,1.297553993455963228e-01,1.721037144529664355e-04,2.233222625361750108e-05
1.299681250000000091e+03,1.306133604944235971e-01,1.765546978088496208e-04,2.306126987173330971e-05
1.299700000000000045e+03,1.314751539769153654e-01,1.811138385084394662e-04,2.381286555734445844e-05
1.299718750000000000e+03,1.323407841608402469e-01,1.857835754329979837e-04,2.458766895434837354e-05
1.299737499999999955e+03,1.332102553388295196e-01,1.905663975372046300e-04,2.538635341583383008e-05
1.299756249999999909e+03,1.340835717202938093e-01,1.954648447549874621e-04,2.620961043929353421e-05
1.299775000000000091e+03,1.349607374359391709e-01,2.004815089191497627e-04,2.705815011372052027e-05
1.299793750000000045e+03,1.358417565355674039e-01,2.056190346947588230e-04,2.793270157520364930e-05
1.299812500000000000e+03,1.367266329888673915e-01,2.108801205263393839e-04,2.883401347299916360e-05
1.299831249999999955e+03,1.376153706826734047e-01,2.162675195988901402e-04,2.976285444493840114e-05
1.299849999999999909e+03,1.385079734254939798e-01,2.217840408126062950e-04,3.072001360458018074e-05
1.299868750000000091e+03,1.394044449411491748e-01,2.274325497725944879e-04,3.170630103660016598e-05
1.299887500000000045e+03,1.403047888741882077e-01,2.332159697917448162e-04,3.272254830519193586e-05
1.299906250000000000e+03,1.412090087802735372e-01,2.391372829098665652e-04,3.376960897013922292e-05
1.299924999999999955e+03,1.421171081372107625e-01,2.451995309254994550e-04,3.484835911836005177e-05
1.299943749999999909e+03,1.430290903380136147e-01,2.514058164432634830e-04,3.595969790265566196e-05
1.299962500000000091e+03,1.439449586891929644e-01,2.577593039367547076e-04,3.710454809305930343e-05
1.299981250000000045e+03,1.448647164149838018e-01,2.642632208251297619e-04,3.828385664110485259e-05
1.300000000000000000e+03,1.457883666534286471e-01,2.709208585660191843e-04,3.949859525402907848e-05
1.300018749999999955e+03,1.467159124576843943e-01,2.777355737624479090e-04,4.074976098209666511e-05
1.300037499999999909e+03,1.476473567956457789e-01,2.847107892865527044e-04,4.203837681791300644e-05
1.300056250000000091e+03,1.485827025472168106e-01,2.918499954181485198e-04,4.336549230735846968e-05
1.300075000000000045e+03,1.495219525061222687e-01,2.991567509980019249e-04,4.473218417424908492e-05
1.300093750000000000e+03,1.504651093813738905e-01,3.066346845985181931e-04,4.613955695804793897e-05
1.300112499999999955e+03,1.514121757897540221e-01,3.142874957097737472e-04,4.758874366179277588e-05
1.300131249999999909e+03,1.523631542654213245e-01,3.221189559407684191e-04,4.908090641833729004e-05
1.300150000000000091e+03,1.533180472512692960e-01,3.301329102379275287e-04,5.061723716466648638e-05
1.300168750000000045e+03,1.542768571008538703e-01,3.383332781192585951e-04,5.219895833298859877e-05
1.300187500000000000e+03,1.552395860773864433e-01,3.467240549248626412e-04,5.382732355481753263e-05
1.300206249999999955e+03,1.562062363623153427e-01,3.553093130845041731e-04,5.550361838264219154e-05
1.300224999999999909e+03,1.571768100375999788e-01,3.640932034012938127e-04,5.722916101676268463e-05
1.300243750000000091e+03,1.581513090990371850e-01,3.730799563522922365e-04,5.900530305740992522e-05
1.300262500000000045e+03,1.591297354528902475e-01,3.822738834057817173e-04,6.083343026599136584e-05
1.300281250000000000e+03,1.601120909119647662e-01,3.916793783559083188e-04,6.271496334107196221e-05
1.300299999999999955e+03,1.610983771987140600e-01,4.013009186746421602e-04,6.465135871229257792e-05
1.300318749999999909e+03,1.620885959443053859e-01,4.111430668797384455e-04,6.664410934814975109e-05
1.300337500000000091e+03,1.630827486864687426e-01,4.212104719216290408e-04,6.869474557924630791e-05
1.300356250000000045e+03,1.640808368720688415e-01,4.315078705858670961e-04,7.080483593916579753e-05
1.300375000000000000e+03,1.650828618487709953e-01,4.420400889152075971e-04,7.297598801728639182e-05
1.300393749999999955e+03,1.660888248794689104e-01,4.528120436478591179e-04,7.520984933763900167e-05
1.300412499999999909e+03,1.670987271276990482e-01,4.638287436738681513e-04,7.750810824205444304e-05
1.300431250000000091e+03,1.681125696665539127e-01,4.750952915093522243e-04,7.987249480052319649e-05
1.300450000000000045e+03,1.691303534721458890e-01,4.866168847879042293e-04,8.230478173175379583e-05
1.300468750000000000e+03,1.701520794256383418e-01,4.983988177729647365e-04,8.480678534555063637e-05
1.300487499999999955e+03,1.711777483109881148e-01,5.104464828834268325e-04,8.738036650007187530e-05
1.300506249999999909e+03,1.722073608216400653e-01,5.227653722418459763e-04,9.002743158235089536e-05
1.300525000000000091e+03,1.732409175499105003e-01,5.353610792387275986e-04,9.274993349793978490e-05
1.300543750000000045e+03,1.742784189975518372e-01,5.482393001151360376e-04,9.554987268987894162e-05
1.300562500000000000e+03,1.753198655644749027e-01,5.614058355656426731e-04,9.842929816532590068e-05
1.300581249999999955e+03,1.763652575528277255e-01,5.748665923577020009e-04,1.013903085488083463e-04
1.300599999999999909e+03,1.774145951751602002e-01,5.886275849691983931e-04,1.044350531574208602e-04
1.300618750000000091e+03,1.784678785365058917e-01,6.026949372481678292e-04,1.075657330811732030e-04
1.300637500000000045e+03,1.795251076502676346e-01,6.170748840872307319e-04,1.107846023018143006e-04
1.300656250000000000e+03,1.805862824261898203e-01,6.317737731194552524e-04,1.140939688159390468e-04
1.300674999999999955e+03,1.816514026804421367e-01,6.467980664319179871e-04,1.174961957915047686e-04
1.300693749999999909e+03,1.827204681287893373e-01,6.621543422978190801e-04,1.209937027346173489e-04
1.300712500000000091e+03,1.837934783861418786e-01,6.778492969305350722e-04,1.245889666814707858e-04
1.300731250000000045e+03,1.848704329690158410e-01,6.938897462504666370e-04,1.282845234122933727e-04
1.300750000000000000e+03,1.859513312883822045e-01,7.102826276792444235e-04,1.320829686816639892e-04
1.300768749999999955e+03,1.870361726627982057e-01,7.270350019453514397e-04,1.359869594831691539e-04
1.300787499999999909e+03,1.881249563060090890e-01,7.441540549143589936e-04,1.399992153193772089e-04
1.300806250000000091e+03,1.892176813333778240e-01,7.616470994356094393e-04,1.441225195066549527e-04
1.300825000000000045e+03,1.903143467534132716e-01,7.795215772088317629e-04,1.483597204917049873e-04
1.300843750000000000e+03,1.914149514755508208e-01,7.977850606695939886e-04,1.527137332028908571e-04
1.300862499999999955e+03,1.925194943092410627e-01,8.164452548948006403e-04,1.571875404185400348e-04
1.300881249999999909e+03,1.936279739608803008e-01,8.355099995279351502e-04,1.617841941568087620e-04
1.300900000000000091e+03,1.947403890328368581e-01,8.549872707212075821e-04,1.665068170901712612e-04
1.300918750000000045e+03,1.958567380224019994e-01,8.748851830989453444e-04,1.713586039840037968e-04
1.300937500000000000e+03,1.969770193291004168e-01,8.952119917416639754e-04,1.763428231669791468e-04
1.300956249999999955e+03,1.981012312426501942e-01,9.159760941865377872e-04,1.814628180085312915e-04
1.300974999999999909e+03,1.992293719579472655e-01,9.371860324465748409e-04,1.867220084447658341e-04
1.300993750000000091e+03,2.003614395544906779e-01,9.588504950544338851e-04,1.921238924982538669e-04
1.301012500000000045e+03,2.014974320143950171e-01,9.809783191193292406e-04,1.976720478570775680e-04
1.301031250000000000e+03,2.026373472135192810e-01,1.003578492407680581e-03,2.033701334557161226e-04
1.301049999999999955e+03,2.037811829220531890e-01,1.026660155438283758e-03,2.092218910893536940e-04
1.301068749999999909e+03,2.049289368055666749e-01,1.050232603603392864e-03,2.152311470562130453e-04
1.301087500000000091e+03,2.060806064246955560e-01,1.074305289302184864e-03,2.214018138235846703e-04
1.301106250000000045e+03,2.072361892328512534e-01,1.098887824098261417e-03,2.277378917192967017e-04
1.301125000000000000e+03,2.083956825779175737e-01,1.123989980891586856e-03,2.342434706533001872e-04
1.301143749999999955e+03,2.095590837000310125e-01,1.149621696114588257e-03,2.409227318632562993e-04
1.301162499999999909e+03,2.107263897340053427e-01,1.175793071943035577e-03,2.477799496918404684e-04
1.301181250000000091e+03,2.118975977077300066e-01,1.202514378528996139e-03,2.548194933879745607e-04
1.301200000000000045e+03,2.130727045448027324e-01,1.229796056248094304e-03,2.620458289400577384e-04
1.301218750000000000e+03,2.142517070519244782e-01,1.257648717971095870e-03,2.694635209199054151e-04
1.301237499999999955e+03,2.154346019382351041e-01,1.286083151350774943e-03,2.770772343934538415e-04
1.301256249999999909e+03,2.166213858005310300e-01,1.315110321124712302e-03,2.848917368180792675e-04
1.301275000000000091e+03,2.178120551311235886e-01,1.344741371444396717e-03,2.929118999985448482e-04
1.301293750000000045e+03,2.190066063042505340e-01,1.374987628214120088e-03,3.011427020422890056e-04
1.301312500000000000e+03,2.202050355965196049e-01,1.405860601453522499e-03,3.095892293907800594e-04
1.301331249999999955e+03,2.214073391696844140e-01,1.437371987674350513e-03,3.182566788294329831e-04
1.301349999999999909e+03,2.226135130778509330e-01,1.469533672281117358e-03,3.271503595615476469e-04
1.301368750000000091e+03,2.238235532634281211e-01,1.502357731980070912e-03,3.362756952948614281e-04
1.301387500000000045e+03,2.250374555667116194e-01,1.535856437215256561e-03,3.456382263808310189e-04
1.301406250000000000e+03,2.262552157046462953e-01,1.570042254615113507e-03,3.552436119366528125e-04
1.301424999999999955e+03,2.274768292983659623e-01,1.604927849463533935e-03,3.650976320737724361e-04
1.301443749999999909e+03,2.287022918481494416e-01,1.640526088177850662e-03,3.752061900747525399e-04
1.301462500000000091e+03,2.299315987529067795e-01,1.676850040813144442e-03,3.855753146730319151e-04
1.301481250000000045e+03,2.311647452931919478e-01,1.713912983580568282e-03,3.962111623054111274e-04
1.301500000000000000e+03,2.324017266408981430e-01,1.751728401376601799e-03,4.071200194380722643e-04
1.301518749999999955e+03,2.336425378576335032e-01,1.790309990340465144e-03,4.183083049092692677e-04
1.301537499999999909e+03,2.348871738974447620e-01,1.829671660413306018e-03,4.297825723085566918e-04
1.301556250000000091e+03,2.361356295905450431e-01,1.869827537926160551e-03,4.415495123566096775e-04
1.301575000000000045e+03,2.373878996716798084e-01,1.910791968191935053e-03,4.536159553963197148e-04
1.301593750000000000e+03,2.386439787520586442e-01,1.952579518126412944e-03,4.659888738167020724e-04
1.301612499999999955e+03,2.399038613330734815e-01,1.995204978868841440e-03,4.786753845825485534e-04
1.301631249999999909e+03,2.411675418093545409e-01,2.038683368429560633e-03,4.916827517818493512e-04
1.301650000000000091e+03,2.424350144536653318e-01,2.083029934349834612e-03,5.050183891690473385e-04
1.301668750000000045e+03,2.437062734371078510e-01,2.128260156365582682e-03,5.186898628104305445e-04
1.301687500000000000e+03,2.449813128085508718e-01,2.174389749104908842e-03,5.327048936847989620e-04
1.301706249999999955e+03,2.462601265046860111e-01,2.221434664778473584e-03,5.470713603753078226e-04
1.301724999999999909e+03,2.475427083600877931e-01,2.269411095899643085e-03,5.617973018020546491e-04
1.301743750000000091e+03,2.488290520818072504e-01,2.318335478003792291e-03,5.768909199061241899e-04
1.301762500000000045e+03,2.501191512745876144e-01,2.368224492396730097e-03,5.923605824843780057e-04
1.301781250000000000e+03,2.514129994175133831e-01,2.419095068896836166e-03,6.082148259439997592e-04
1.301799999999999955e+03,2.527105898855508403e-01,2.470964388602734166e-03,6.244623581987020352e-04
1.301818749999999909e+03,2.540119159389080394e-01,2.523849886674167566e-03,6.411120615253939345e-04
1.301837500000000091e+03,2.553169707205759087e-01,2.577769255106373246e-03,6.581729954688420687e-04
1.301856250000000045e+03,2.566257472625392277e-01,2.632740445537492049e-03,6.756543998087152477e-04
1.301875000000000000e+03,2.579382384792517913e-01,2.688781672052042385e-03,6.935656975256476384e-04
1.301893749999999955e+03,2.592544371706428374e-01,2.745911414001349013e-03,7.119164978279759375e-04
1.301912499999999909e+03,2.605743360253627294e-01,2.804148418828895841e-03,7.307165992139360265e-04
1.301931250000000091e+03,2.618979276140107060e-01,2.863511704908473614e-03,7.499759925422987313e-04
1.301950000000000045e+03,2.632252043973505318e-01,2.924020564391272264e-03,7.697048641795779019e-04
1.301968750000000000e+03,2.645561587112321700e-01,2.985694566058839667e-03,7.899135991151624804e-04
1.301987499999999955e+03,2.658907827872204477e-01,3.048553558182396424e-03,8.106127842144527588e-04
1.302006249999999909e+03,2.672290687391560837e-01,3.112617671397518992e-03,8.318132114109783905e-04
1.302025000000000091e+03,2.685710085598841945e-01,3.177907321577910782e-03,8.535258809588746947e-04
1.302043750000000045e+03,2.699165941325928353e-01,3.244443212715325021e-03,8.757620047664764745e-04
1.302062500000000000e+03,2.712658172200153595e-01,3.312246339813700643e-03,8.985330096984630319e-04
1.302081249999999955e+03,2.726186694742784300e-01,3.381337991781991920e-03,9.218505409767801823e-04
1.302099999999999909e+03,2.739751424335785113e-01,3.451739754325535738e-03,9.457264655734744447e-04
1.302118750000000091e+03,2.753352275119143600e-01,3.523473512859390862e-03,9.701728756175368590e-04
1.302137500000000045e+03,2.766989160150287175e-01,3.596561455410808312e-03,9.952020919225194450e-04
1.302156250000000000e+03,2.780661991276782152e-01,3.671026075526023780e-03,1.020826667450971514e-03
1.302174999999999955e+03,2.794370679194516649e-01,3.746890175192119608e-03,1.047059390880957083e-03
1.302193749999999909e+03,2.808115133523459983e-01,3.824176867735491845e-03,1.073913290209469644e-03
1.302212500000000091e+03,2.821895262595266463e-01,3.902909580756921265e-03,1.101401636291302315e-03
1.302231250000000045e+03,2.835710973655646838e-01,3.983112059031686247e-03,1.129537946557495481e-03
1.302250000000000000e+03,2.849562172745386257e-01,4.064808367435930256e-03,1.158335988654337354e-03
1.302268749999999955e+03,2.863448764759013443e-01,4.148022893857461479e-03,1.187809784180112512e-03
1.302287499999999909e+03,2.877370653487501539e-01,4.232780352112028993e-03,1.217973612453721434e-03
1.302306250000000091e+03,2.891327741471790835e-01,4.319105784855938220e-03,1.248842014237008064e-03
1.302325000000000045e+03,2.905319930105648152e-01,4.407024566499814777e-03,1.280429795593921935e-03
1.302343750000000000e+03,2.919347119643148636e-01,4.496562406105984733e-03,1.312752031741533810e-03
1.302362499999999955e+03,2.933409209165112608e-01,4.587745350300267803e-03,1.345824070920968339e-03
1.302381249999999909e+03,2.947506096586148816e-01,4.680599786162148099e-03,1.379661538313333487e-03
1.302400000000000091e+03,2.961637678672675023e-01,4.775152444128832191e-03,1.414280339999368684e-03
1.302418750000000045e+03,2.975803850981773579e-01,4.871430400861091227e-03,1.449696666904273226e-03
1.302437500000000000e+03,2.990004507894063468e-01,4.969461082146278165e-03,1.485926998830552383e-03
1.302456249999999955e+03,3.004239542703677768e-01,5.069272265744642972e-03,1.522988108538652534e-03
1.302474999999999909e+03,3.018508847476024104e-01,5.170892084280960532e-03,1.560897065760152207e-03
1.302493750000000091e+03,3.032812313145616945e-01,5.274349028061063246e-03,1.599671241340041910e-03
1.302512500000000045e+03,3.047149829417840627e-01,5.379671947950939899e-03,1.639328311331765065e-03
1.302531250000000000e+03,3.061521284911270513e-01,5.486890058172757753e-03,1.679886261226249192e-03
1.302549999999999955e+03,3.075926566997688183e-01,5.596032939159932031e-03,1.721363390071949410e-03
1.302568749999999909e+03,3.090365561998496546e-01,5.707130540331778815e-03,1.763778314796344074e-03
1.302587500000000091e+03,3.104838154916096382e-01,5.820213182909037171e-03,1.807149974315111962e-03
1.302606250000000045e+03,3.119344229703721605e-01,5.935311562677833552e-03,1.851497633959483125e-03
1.302625000000000000e+03,3.133883669084969181e-01,6.052456752751544586e-03,1.896840889681202088e-03
1.302643749999999955e+03,3.148456354653655365e-01,6.171680206336621101e-03,1.943199672451437904e-03
1.302662499999999909e+03,3.163062166865939773e-01,6.293013759425801837e-03,1.990594252608169235e-03
1.302681250000000091e+03,3.177700984912231186e-01,6.416489633548711803e-03,2.039045244175646896e-03
1.302700000000000045e+03,3.192372686927486547e-01,6.542140438429194967e-03,2.088573609397743891e-03
1.302718750000000000e+03,3.207077149800295901e-01,6.669999174668088393e-03,2.139200663058581520e-03
1.302737499999999955e+03,3.221814249300498645e-01,6.800099236400569680e-03,2.190948077028063469e-03
1.302756249999999909e+03,3.236583860025532555e-01,6.932474413906338125e-03,2.243837884707028385e-03
1.302775000000000091e+03,3.251385855401258684e-01,7.067158896229477384e-03,2.297892485540016776e-03
1.302793750000000045e+03,3.266220107726810484e-01,7.204187273737351280e-03,2.353134649569985255e-03
1.302812500000000000e+03,3.281086488011463742e-01,7.343594540693998418e-03,2.409587521878176018e-03
1.302831249999999955e+03,3.295984866342929753e-01,7.485416097775450008e-03,2.467274627418314121e-03
1.302849999999999909e+03,3.310915111408894718e-01,7.629687754578176433e-03,2.526219875262608171e-03
1.302868750000000091e+03,3.325877090865935748e-01,7.776445732071185675e-03,2.586447563475253834e-03
1.302887500000000045e+03,3.340870671212740617e-01,7.925726665061572779e-03,2.647982383657556792e-03
1.302906250000000000e+03,3.355895717677912504e-01,8.077567604579359573e-03,2.710849425494470371e-03
1.302924999999999955e+03,3.370952094491775353e-01,8.232006020281023434e-03,2.775074181640063437e-03
1.302943749999999909e+03,3.386039664625182799e-01,8.389079802775076256e-03,2.840682552181489958e-03
1.302962500000000091e+03,3.401158289903370990e-01,8.548827265945821083e-03,2.907700849424552005e-03
1.302981250000000045e+03,3.416307831053654875e-01,8.711287149201024649e-03,2.976155802632083486e-03
1.303000000000000000e+03,3.431488147537311018e-01,8.876498619751241673e-03,3.046074562611245096e-03
1.303018749999999955e+03,3.446699097823340829e-01,9.044501274790436862e-03,3.117484706674712031e-03
1.303037499999999909e+03,3.461940539079138013e-01,9.215335143642981036e-03,3.190414243104258002e-03
1.303056250000000091e+03,3.477212327426038030e-01,9.389040689913537296e-03,3.264891616137471139e-03
1.303075000000000045e+03,3.492514317761075127e-01,9.565658813537799079e-03,3.340945710554365025e-03
1.303093750000000000e+03,3.507846363862142103e-01,9.745230852849326442e-03,3.418605856549024324e-03
1.303112499999999955e+03,3.523208318427666352e-01,9.927798586546384210e-03,3.497901834533993001e-03
1.303131249999999909e+03,3.538600032897765146e-01,1.011340423565902299e-02,3.578863879748941067e-03
1.303150000000000091e+03,3.554021357634722933e-01,1.030209046544306242e-02,3.661522687213970145e-03
1.303168750000000045e+03,3.569472141869297621e-01,1.049390038721723616e-02,3.745909416456577514e-03
1.303187500000000000e+03,3.584952233653374565e-01,1.068887756021258059e-02,3.832055696262431834e-03
1.303206249999999955e+03,3.600461479880359694e-01,1.088706599327368858e-02,3.919993629459436919e-03
1.303224999999999909e+03,3.615999726431631256e-01,1.108851014659377812e-02,4.009755797872869600e-03
1.303243750000000091e+03,3.631566817879220976e-01,1.129325493336053726e-02,4.101375266781625423e-03
1.303262500000000045e+03,3.647162597795835515e-01,1.150134572134260506e-02,4.194885590030489504e-03
1.303281250000000000e+03,3.662786908505530348e-01,1.171282833443321875e-02,4.290320814524808089e-03
1.303299999999999955e+03,3.678439591338003023e-01,1.192774905413249847e-02,4.387715485285866544e-03
1.303318749999999909e+03,3.694120486386063273e-01,1.214615462097611183e-02,4.487104649928865506e-03
1.303337500000000091e+03,3.709829432674585648e-01,1.236809223589011020e-02,4.588523863603151398e-03
1.303356250000000045e+03,3.725566268073039478e-01,1.259360956148863550e-02,4.692009193621751902e-03
1.303375000000000000e+03,3.741330829288885829e-01,1.282275472334290338e-02,4.797597224182515233e-03
1.303393749999999955e+03,3.757122952005669814e-01,1.305557631113400500e-02,4.905325061243129801e-03
1.303412499999999909e+03,3.772942470737933318e-01,1.329212337975826941e-02,5.015230337029443278e-03
1.303431250000000091e+03,3.788789218863642949e-01,1.353244545038072635e-02,5.127351214751392494e-03
1.303450000000000045e+03,3.804663028664687086e-01,1.377659251142657366e-02,5.241726393317457100e-03
1.303468750000000000e+03,3.820563731269950303e-01,1.402461501945645971e-02,5.358395111879536189e-03
1.303487499999999955e+03,3.836491156825487803e-01,1.427656390002706929e-02,5.477397154691960798e-03
1.303506249999999909e+03,3.852445134170331409e-01,1.453249054843216634e-02,5.598772855235354881e-03
1.303525000000000091e+03,3.868425491215098377e-01,1.479244683041793830e-02,5.722563101322332424e-03
1.303543750000000045e+03,3.884432054666584477e-01,1.505648508275707342e-02,5.848809339223575397e-03
1.303562500000000000e+03,3.900464650159104485e-01,1.532465811382299585e-02,5.977553578373558281e-03
1.303581249999999955e+03,3.916523102226779907e-01,1.559701920402489089e-02,6.108838395793525673e-03
1.303599999999999909e+03,3.932607234287068265e-01,1.587362210619043187e-02,6.242706940504542078e-03
1.303618750000000091e+03,3.948716868730844931e-01,1.615452104586751272e-02,6.379202938074184787e-03
1.303637500000000045e+03,3.964851826737533225e-01,1.643977072151279681e-02,6.518370694676624277e-03
1.303656250000000000e+03,3.981011928476118622e-01,1.672942630466868474e-02,6.660255101755447292e-03
1.303674999999999955e+03,3.997196993048177660e-01,1.702354343993833091e-02,6.804901640194096872e-03
1.303693749999999909e+03,4.013406838419820155e-01,1.732217824500843772e-02,6.952356384466984972e-03
1.303712500000000091e+03,4.029641281505939587e-01,1.762538731047198423e-02,7.102666006956610302e-03
1.303731250000000045e+03,4.045900138110802846e-01,1.793322769961602434e-02,7.255877782002019549e-03
1.303750000000000000e+03,4.062183222992111764e-01,1.824575694809841414e-02,7.412039590103583660e-03
1.303768749999999955e+03,4.078490349793917336e-01,1.856303306355794672e-02,7.571199921854665331e-03
1.303787499999999909e+03,4.094821331138517873e-01,1.888511452509653368e-02,7.733407882092602388e-03
1.303806250000000091e+03,4.111175978540138609e-01,1.921206028265656438e-02,7.898713193664558263e-03
1.303825000000000045e+03,4.127554102497051347e-01,1.954392975636266155e-02,8.067166201491489039e-03
1.303843750000000000e+03,4.143955512375563366e-01,1.988078283569525220e-02,8.238817876147028901e-03
1.303862499999999955e+03,4.160380016532110314e-01,2.022267987859704616e-02,8.413719817844457147e-03
1.303881249999999909e+03,4.176827422307238802e-01,2.056968171047793628e-02,8.591924260119211676e-03
1.303900000000000091e+03,4.193297535846456925e-01,2.092184962308574203e-02,8.773484073067112921e-03
1.303918750000000045e+03,4.209790162406979452e-01,2.127924537331575550e-02,8.958452767525921720e-03
1.303937500000000000e+03,4.226305106045794568e-01,2.164193118188366752e-02,9.146884497897796867e-03
1.303956249999999955e+03,4.242842169929932350e-01,2.200996973189744271e-02,9.338834066200897913e-03
1.303974999999999909e+03,4.259401156062100902e-01,2.238342416733470411e-02,9.534356924808860476e-03
1.303993750000000091e+03,4.275981865490015577e-01,2.276235809134485866e-02,9.733509180122210114e-03
1.304012500000000045e+03,4.292584098164955453e-01,2.314683556452474048e-02,9.936347595428359283e-03
1.304031250000000000e+03,4.309207653049293429e-01,2.353692110305806787e-02,1.014292959422028774e-02
1.304049999999999955e+03,4.325852328046398965e-01,2.393267967668032473e-02,1.035331326300138223e-02
1.304068749999999909e+03,4.342517920098333817e-01,2.433417670656582224e-02,1.056755735440774099e-02
1.304087500000000091e+03,4.359204225042843661e-01,2.474147806315685205e-02,1.078572128969130205e-02
1.304106250000000045e+03,4.375911037743381859e-01,2.515465006372625753e-02,1.100786516169510384e-02
1.304125000000000000e+03,4.392638152059450962e-01,2.557375946997293009e-02,1.123404973742016082e-02
1.304143749999999955e+03,4.409385360809947585e-01,2.599887348538076556e-02,1.146433646041588456e-02
1.304162499999999909e+03,4.426152455870153712e-01,2.643005975252308432e-02,1.169878745344048003e-02
1.304181250000000091e+03,4.442939228029356147e-01,2.686738635022419691e-02,1.193746552038893807e-02
1.304200000000000045e+03,4.459745467130128427e-01,2.731092179051738261e-02,1.218043414880920494e-02
1.304218750000000000e+03,4.476570961947413108e-01,2.776073501562327864e-02,1.242775751168617715e-02
1.304237499999999955e+03,4.493415500421166775e-01,2.821689539468651489e-02,1.267950047002606995e-02
1.304256249999999909e+03,4.510278869337326357e-01,2.867947272034834447e-02,1.293572857378911568e-02
1.304275000000000091e+03,4.527160854612766738e-01,2.914853720535247328e-02,1.319650806444809706e-02
1.304293750000000045e+03,4.544061241122890893e-01,2.962415947878939762e-02,1.346190587604552229e-02
1.304312500000000000e+03,4.560979812788005239e-01,3.010641058242328680e-02,1.373198963695255147e-02
1.304331249999999955e+03,4.577916352493953123e-01,3.059536196674202471e-02,1.400682767095283443e-02
1.304349999999999909e+03,4.594870642337670064e-01,3.109108548688660142e-02,1.428648899918825294e-02
1.304368750000000091e+03,4.611842463253514324e-01,3.159365339850311871e-02,1.457104334011455858e-02
1.304387500000000045e+03,4.628831595352521644e-01,3.210313835335852628e-02,1.486056111145125230e-02
1.304406250000000000e+03,4.645837817654706603e-01,3.261961339493092693e-02,1.515511343016683402e-02
1.304424999999999955e+03,4.662860908323395726e-01,3.314315195376007356e-02,1.545477211385671255e-02
1.304443749999999909e+03,4.679900644648825048e-01,3.367382784266107626e-02,1.575960968120599520e-02
1.304462500000000091e+03,4.696956802832463196e-01,3.421171525184779627e-02,1.606969935164176411e-02
1.304481250000000045e+03,4.714029158178874024e-01,3.475688874385213928e-02,1.638511504615227515e-02
1.304500000000000000e+03,4.731117485101443698e-01,3.530942324835248392e-02,1.670593138738171377e-02
1.304518749999999955e+03,4.748221557063492249e-01,3.586939405678191140e-02,1.703222369930289595e-02
1.304537499999999909e+03,4.765341146614456291e-01,3.643687681683163010e-02,1.736406800707606529e-02
1.304556250000000091e+03,4.782476025329196467e-01,3.701194752677764571e-02,1.770154103638427526e-02
1.304575000000000045e+03,4.799625963942748541e-01,3.759468252970336183e-02,1.804472021333734105e-02
1.304593750000000000e+03,4.816790732224758842e-01,3.818515850749419627e-02,1.839368366322236339e-02
1.304612499999999955e+03,4.833970099027702916e-01,3.878345247469898449e-02,1.874851020971974452e-02
1.304631249999999909e+03,4.851163832387676011e-01,3.938964177232515129e-02,1.910927937420930575e-02
1.304650000000000091e+03,4.868371699357814664e-01,4.000380406131017613e-02,1.947607137378302988e-02
1.304668750000000045e+03,4.885593466163113963e-01,4.062601731598796534e-02,1.984896712039273953e-02
1.304687500000000000e+03,4.902828898044268024e-01,4.125635981725103707e-02,2.022804821851531543e-02
1.304706249999999955e+03,4.920077759487642144e-01,4.189491014576599004e-02,2.061339696429118767e-02
1.304724999999999909e+03,4.937339813950702982e-01,4.254174717475928125e-02,2.100509634228057629e-02
1.304743750000000091e+03,4.954614824190112232e-01,4.319695006284125088e-02,2.140323002461893762e-02
1.304762500000000045e+03,4.971902551954268668e-01,4.386059824657240896e-02,2.180788236726840038e-02
1.304781250000000000e+03,4.989202758170377949e-01,4.453277143293545015e-02,2.221913840818233454e-02
1.304799999999999955e+03,5.006515202929699981e-01,4.521354959152847075e-02,2.263708386437061904e-02
1.304818749999999909e+03,5.023839645512034879e-01,4.590301294677959221e-02,2.306180512902477470e-02
1.304837500000000091e+03,5.041175844155955099e-01,4.660124196971887622e-02,2.349338926711985048e-02
1.304856250000000045e+03,5.058523556546583588e-01,4.730831736988969777e-02,2.393192401425373733e-02
1.304875000000000000e+03,5.075882539283312900e-01,4.802432008687278209e-02,2.437749777046776048e-02
1.304893749999999955e+03,5.093252548240686517e-01,4.874933128172959790e-02,2.483019959801819124e-02
1.304912499999999909e+03,5.110633338454152463e-01,4.948343232824594512e-02,2.529011921671395560e-02
1.304931250000000091e+03,5.128024664157998513e-01,5.022670480406903060e-02,2.575734699977591524e-02
1.304950000000000045e+03,5.145426278726140668e-01,5.097923048156403902e-02,2.623197396893314076e-02
1.304968750000000000e+03,5.162837934753015112e-01,5.174109131861039795e-02,2.671409179004237758e-02
1.304987499999999955e+03,5.180259383961812736e-01,5.251236944916379962e-02,2.720379276757128872e-02
1.305006249999999909e+03,5.197690377402873763e-01,5.329314717366227805e-02,2.770116984035662921e-02
1.305025000000000091e+03,5.215130665180695013e-01,5.408350694924350666e-02,2.820631657465736200e-02
1.305043750000000045e+03,5.232579996738258021e-01,5.488353137987411062e-02,2.871932715993908911e-02
1.305062500000000000e+03,5.250038120647435580e-01,5.569330320610273166e-02,2.924029640169176214e-02
1.305081249999999955e+03,5.267504784721754874e-01,5.651290529492972170e-02,2.976931971587139236e-02
1.305099999999999909e+03,5.284979736055641641e-01,5.734242062928316536e-02,3.030649312260906211e-02
1.305118750000000091e+03,5.302462720844680621e-01,5.818193229735222488e-02,3.085191323842827529e-02
1.305137500000000045e+03,5.319953484684661893e-01,5.903152348181835846e-02,3.140567727097944017e-02
1.305156250000000000e+03,5.337451772305839004e-01,5.989127744891501598e-02,3.196788301028679474e-02
1.305174999999999955e+03,5.354957327708994574e-01,6.076127753718513214e-02,3.253862882197104678e-02
1.305193749999999909e+03,5.372469894170536220e-01,6.164160714628669213e-02,3.311801363958941091e-02
1.305212500000000091e+03,5.389989214227254299e-01,6.253234972536449165e-02,3.370613695644639196e-02
1.305231250000000045e+03,5.407515029639001769e-01,6.343358876143392888e-02,3.430309881708715203e-02
1.305250000000000000e+03,5.425047081447494923e-01,6.434540776759509195e-02,3.490899980912049588e-02
1.305268749999999955e+03,5.442585110037710949e-01,6.526789027085924677e-02,3.552394105470138563e-02
1.305287499999999909e+03,5.460128855013037796e-01,6.620111980013325403e-02,3.614802420071843575e-02
1.305306250000000091e+03,5.477678055330968965e-01,6.714517987377925656e-02,3.678135141024701377e-02
1.305325000000000045e+03,5.495232449103834016e-01,6.810015398703773981e-02,3.742402535153688953e-02
1.305343750000000000e+03,5.512791773918933602e-01,6.906612559933802964e-02,3.807614919022288963e-02
1.305362499999999955e+03,5.530355766518924021e-01,7.004317812152298373e-02,3.873782657700300391e-02
1.305381249999999909e+03,5.547924163079277493e-01,7.103139490263288280e-02,3.940916163893645047e-02
1.305400000000000091e+03,5.565496699074319320e-01,7.203085921685195570e-02,4.009025896783703635e-02
1.305418750000000045e+03,5.583073109291891711e-01,7.304165424996923728e-02,4.078122360920839740e-02
1.305437500000000000e+03,5.600653127711004986e-01,7.406386308588096268e-02,4.148216104999739862e-02
1.305456249999999955e+03,5.618236487910149846e-01,7.509756869286120240e-02,4.219317720992792065e-02
1.305474999999999909e+03,5.635822922637233612e-01,7.614285390973234147e-02,4.291437842644694328e-02
1.305493750000000091e+03,5.653412164023955411e-01,7.719980143166758901e-02,4.364587144396756685e-02
1.305512500000000045e+03,5.671003943580417150e-01,7.826849379602589252e-02,4.438776340133818166e-02
1.305531250000000000e+03,5.688597992092534472e-01,7.934901336795571747e-02,4.514016181820056789e-02
1.305549999999999955e+03,5.706194039901327786e-01,8.044144232590499932e-02,4.590317458409106516e-02
1.305568749999999909e+03,5.723791816549097522e-01,8.154586264673396867e-02,4.667690994212571332e-02
1.305587500000000091e+03,5.741391051024975489e-01,8.266235609101618698e-02,4.746147647730129815e-02
1.305606250000000045e+03,5.758991471763290626e-01,8.379100418775257963e-02,4.825698310233883515e-02
1.305625000000000000e+03,5.776592806406152247e-01,8.493188821949954059e-02,4.906353904154618639e-02
1.305643749999999955e+03,5.794194782238076824e-01,8.608508920661443742e-02,4.988125381957878718e-02
1.305662499999999909e+03,5.811797125831895672e-01,8.725068789207282571e-02,5.071023724372898667e-02
1.305681250000000091e+03,5.829399563152796171e-01,8.842876472556598921e-02,5.155059938938581776e-02
1.305700000000000045e+03,5.847001819609597417e-01,8.961939984773874268e-02,5.240245058495247854e-02
1.305718750000000000e+03,5.864603620038816301e-01,9.082267307425159752e-02,5.326590139586549061e-02
1.305737499999999955e+03,5.882204688755184874e-01,9.203866387956363693e-02,5.414106260882706190e-02
1.305756249999999909e+03,5.899804749481811772e-01,9.326745138063974316e-02,5.502804521468146470e-02
1.305775000000000091e+03,5.917403525356773608e-01,9.450911432053521466e-02,5.592696039166399069e-02
1.305793750000000045e+03,5.935000739006293102e-01,9.576373105183609569e-02,5.683791948897898988e-02
1.305812500000000000e+03,5.952596112538663942e-01,9.703137951992776844e-02,5.776103400933344650e-02
1.305831249999999955e+03,5.970189367487533927e-01,9.831213724598238113e-02,5.869641559057091340e-02
1.305849999999999909e+03,5.987780224861228850e-01,9.960608131021460310e-02,5.964417598824677674e-02
1.305868750000000091e+03,6.005368405226170214e-01,1.009132883344232706e-01,6.060442705792739443e-02
1.305887500000000045e+03,6.022953628539418069e-01,1.022338344648888592e-01,6.157728073496908372e-02
1.305906250000000000e+03,6.040535614274706866e-01,1.035677953548596458e-01,6.256284901672400089e-02
1.305924999999999955e+03,6.058114081431125175e-01,1.049152461470454351e-01,6.356124394338399930e-02
1.305943749999999909e+03,6.075688748581626886e-01,1.062762614558938334e-01,6.457257757888852645e-02
1.305962500000000091e+03,6.093259333729030836e-01,1.076509153497677562e-01,6.559696198950380752e-02
1.305981250000000045e+03,6.110825554333167986e-01,1.090392813329642829e-01,6.663450922381622399e-02
1.306000000000000000e+03,6.128387127537887613e-01,1.104414323276994431e-01,6.768533129469522791e-02
1.306018749999999955e+03,6.145943769925132916e-01,1.118574406558824064e-01,6.874954015579114175e-02
1.306037499999999909e+03,6.163495197687738347e-01,1.132873780207383357e-01,6.982724768223648459e-02
1.306056250000000091e+03,6.181041126537044628e-01,1.147313154885595127e-01,7.091856564829246423e-02
1.306075000000000045e+03,6.198581271709988627e-01,1.161893234699130778e-01,7.202360570549756758e-02
1.306093750000000000e+03,6.216115348020794240e-01,1.176614717011990469e-01,7.314247936132226013e-02
1.306112499999999955e+03,6.233643069910537182e-01,1.191478292256962224e-01,7.427529795728680939e-02
1.306131249999999909e+03,6.251164151390180557e-01,1.206484643748780700e-01,7.542217264576567270e-02
1.306150000000000091e+03,6.268678305959446417e-01,1.221634447492790515e-01,7.658321436592599452e-02
1.306168750000000045e+03,6.286185246876110355e-01,1.236928371995142523e-01,7.775853382378072887e-02
1.306187500000000000e+03,6.303684686815167471e-01,1.252367078070413253e-01,7.894824146444606727e-02
1.306206249999999955e+03,6.321176338201873746e-01,1.267951218649594758e-01,8.015244745241129065e-02
1.306224999999999909e+03,6.338659913066539975e-01,1.283681438586188328e-01,8.137126164562008546e-02
1.306243750000000091e+03,6.356135122955735017e-01,1.299558374461752264e-01,8.260479356987497634e-02
1.306262500000000045e+03,6.373601679187380631e-01,1.315582654389906847e-01,8.385315239734271453e-02
1.306281250000000000e+03,6.391059292598656461e-01,1.331754897821585681e-01,8.511644691839034826e-02
1.306299999999999955e+03,6.408507673749069822e-01,1.348075715347475112e-01,8.639478551889592794e-02
1.306318749999999909e+03,6.425946532839692527e-01,1.364545708500729815e-01,8.768827615366352191e-02
1.306337500000000091e+03,6.443375579679043730e-01,1.381165469557575631e-01,8.899702632003031466e-02
1.306356250000000045e+03,6.460794523808158774e-01,1.397935581338257960e-01,9.032114303344879191e-02
1.306375000000000000e+03,6.478203074422502761e-01,1.414856617010271378e-01,9.166073280023241676e-02
1.306393749999999955e+03,6.495600940400887424e-01,1.431929139884156321e-01,9.301590159103970135e-02
1.306412499999999909e+03,6.512987830300567271e-01,1.449153703215198263e-01,9.438675481404375234e-02
1.306431250000000091e+03,6.530363452357482723e-01,1.466530850000990205e-01,9.577339728767113314e-02
1.306450000000000045e+03,6.547727514598041809e-01,1.484061112780340475e-01,9.717593321485130942e-02
1.306468750000000000e+03,6.565079724687330476e-01,1.501745013430630937e-01,9.859446615309309936e-02
1.306487499999999955e+03,6.582419789989828462e-01,1.519583062964355580e-01,1.000290989873463265e-01
1.306506249999999909e+03,6.599747417705632557e-01,1.537575761328362212e-01,1.014799339040371173e-01
1.306525000000000091e+03,6.617062314664088341e-01,1.555723597197401498e-01,1.029470723593193526e-01
1.306543750000000045e+03,6.634364187481380792e-01,1.574027047772757482e-01,1.044306150529394767e-01
1.306562500000000000e+03,6.651652742546058095e-01,1.592486578577170242e-01,1.059306618990643739e-01
1.306581249999999955e+03,6.668927685899277424e-01,1.611102643251504374e-01,1.074473119952907008e-01
1.306599999999999909e+03,6.686188723520086752e-01,1.629875683350084092e-01,1.089806635978122634e-01
1.306618750000000091e+03,6.703435561066191095e-01,1.648806128136296734e-01,1.105308140877291345e-01
1.306637500000000045e+03,6.720667903945618527e-01,1.667894394376897571e-01,1.120978599422786659e-01
1.306656250000000000e+03,6.737885457409513723e-01,1.687140886140775786e-01,1.136818967065873071e-01
1.306674999999999955e+03,6.755087926539008469e-01,1.706545994591227577e-01,1.152830189630737745e-01
1.306693749999999909e+03,6.772275016125496316e-01,1.726110097782747321e-01,1.169013202990893813e-01
1.306712500000000091e+03,6.789446430826706624e-01,1.745833560457579203e-01,1.185368932790087509e-01
1.306731250000000045e+03,6.806601875121571776e-01,1.765716733839028108e-01,1.201898294125250261e-01
1.306750000000000000e+03,6.823741053297270875e-01,1.785759955430899770e-01,1.218602191236784343e-01
1.306768749999999955e+03,6.840863669563446159e-01,1.805963548812133945e-01,1.235481517216383551e-01
1.306787499999999909e+03,6.857969427867103285e-01,1.826327823431642960e-01,1.252537153659714075e-01
1.306806250000000091e+03,6.875058032041081457e-01,1.846853074408732753e-01,1.269769970380288937e-01
1.306825000000000045e+03,6.892129185809936498e-01,1.867539582327834846e-01,1.287180825092715530e-01
1.306843750000000000e+03,6.909182592661581301e-01,1.888387613037153800e-01,1.304770563071434575e-01
1.306862499999999955e+03,6.926217956139776311e-01,1.909397417447856460e-01,1.322540016886711300e-01
1.306881249999999909e+03,6.943234979567360909e-01,1.930569231330636626e-01,1.340490006030749803e-01
1.306900000000000091e+03,6.960233366106608477e-01,1.951903275117849168e-01,1.358621336608141772e-01
1.306918750000000045e+03,6.977212818914915182e-01,1.973399753700832426e-01,1.376934801040765599e-01
1.306937500000000000e+03,6.994173041037686778e-01,1.995058856232948818e-01,1.395431177724476279e-01
1.306956249999999955e+03,7.011113735425179572e-01,2.016880755930188507e-01,1.414111230706001088e-01
1.306974999999999909e+03,7.028034604900054161e-01,2.038865609872991813e-01,1.432975709349166848e-01
1.306993750000000091e+03,7.044935352321961552e-01,2.061013558810345092e-01,1.452025348041238728e-01
1.307012500000000045e+03,7.061815680428391584e-01,2.083324726963376727e-01,1.471260865832037801e-01
1.307031250000000000e+03,7.078675291873739450e-01,2.105799221829408041e-01,1.490682966111414320e-01
1.307049999999999955e+03,7.095513889310766098e-01,2.128437133989405095e-01,1.510292336297117399e-01
1.307068749999999909e+03,7.112331175471504618e-01,2.151238536915587862e-01,1.530089647522265839e-01
1.307087500000000091e+03,7.129126852768561395e-01,2.174203486778677197e-01,1.550075554217943963e-01
1.307106250000000045e+03,7.145900623886767278e-01,2.197332022254794570e-01,1.570250693906223294e-01
1.307125000000000000e+03,7.162652191302660842e-01,2.220624164341000462e-01,1.590615686768057091e-01
1.307143749999999955e+03,7.179381257655280679e-01,2.244079916164238575e-01,1.611171135389500020e-01
1.307162499999999909e+03,7.196087525433633170e-01,2.267699262794040937e-01,1.631917624359537355e-01
1.307181250000000091e+03,7.212770697263376496e-01,2.291482171060701400e-01,1.652855720003487405e-01
1.307200000000000045e+03,7.229430475699131220e-01,2.315428589364716405e-01,1.673985969998513790e-01
1.307218750000000000e+03,7.246066563376327707e-01,2.339538447501491036e-01,1.695308903080101903e-01
1.307237499999999955e+03,7.262678662936529195e-01,2.363811656476910161e-01,1.716825028689479005e-01
1.307256249999999909e+03,7.279266477119100687e-01,2.388248108328583919e-01,1.738534836662699035e-01
1.307275000000000091e+03,7.295829708686206727e-01,2.412847675947204507e-01,1.760438796879896517e-01
1.307293750000000045e+03,7.312368060410423531e-01,2.437610212903310314e-01,1.782537358931657323e-01
1.307312500000000000e+03,7.328881235227439062e-01,2.462535553270036315e-01,1.804830951822001817e-01
1.307331249999999955e+03,7.345368936069023302e-01,2.487623511453528058e-01,1.827319983598809372e-01
1.307349999999999909e+03,7.361830866065953716e-01,2.512873882020988936e-01,1.850004841072146466e-01
1.307368750000000091e+03,7.378266728280209463e-01,2.538286439533916083e-01,1.872885889419204364e-01
1.307387500000000045e+03,7.394676226010150621e-01,2.563860938378435539e-01,1.895963471929183464e-01
1.307406250000000000e+03,7.411059062623682747e-01,2.589597112605913631e-01,1.919237909637521722e-01
1.307424999999999955e+03,7.427414941598458054e-01,2.615494675765246413e-01,1.942709501004926398e-01
1.307443749999999909e+03,7.443743566550040658e-01,2.641553320747819233e-01,1.966378521602653862e-01
1.307462500000000091e+03,7.460044641219352179e-01,2.667772719627519717e-01,1.990245223783184414e-01
1.307481250000000045e+03,7.476317869511567293e-01,2.694152523501831542e-01,2.014309836364872319e-01
1.307500000000000000e+03,7.492562955474475483e-01,2.720692362346022741e-01,2.038572564310103530e-01
1.307518749999999955e+03,7.508779603265998137e-01,2.747391844857338117e-01,2.063033588392328976e-01
1.307537499999999909e+03,7.524967517333402967e-01,2.774250558306688430e-01,2.087693064926582909e-01
1.307556250000000091e+03,7.541126402190367894e-01,2.801268068395760258e-01,2.112551125394073748e-01
1.307575000000000045e+03,7.557255962566148400e-01,2.828443919109188687e-01,2.137607876164520915e-01
1.307593750000000000e+03,7.573355903433388603e-01,2.855777632581567027e-01,2.162863398197304998e-01
1.307612499999999955e+03,7.589425929866964182e-01,2.883268708950232906e-01,2.188317746683560439e-01
1.307631249999999909e+03,7.605465747261389575e-01,2.910916626228337023e-01,2.213970950805637383e-01
1.307650000000000091e+03,7.621475061090369207e-01,2.938720840166018644e-01,2.239823013356651848e-01
1.307668750000000045e+03,7.637453577272237393e-01,2.966680784125644843e-01,2.265873910546574166e-01
1.307687500000000000e+03,7.653401001712304419e-01,2.994795868953483708e-01,2.292123591565398688e-01
1.307706249999999955e+03,7.669317040697936072e-01,3.023065482854860320e-01,2.318571978399281974e-01
1.307724999999999909e+03,7.685201400856698228e-01,3.051488991277203078e-01,2.345218965526354726e-01
1.307743750000000091e+03,7.701053788779534948e-01,3.080065736787044317e-01,2.372064419504387456e-01
1.307762500000000045e+03,7.716873911680155462e-01,3.108795038961104096e-01,2.399108178885357989e-01
1.307781250000000000e+03,7.732661476773012854e-01,3.137676194270169749e-01,2.426350053734232237e-01
1.307799999999999955e+03,7.748416191684328602e-01,3.166708475976661163e-01,2.453789825475238551e-01
1.307818749999999909e+03,7.764137764343024273e-01,3.195891134024359537e-01,2.481427246573598144e-01
1.307837500000000091e+03,7.779825902930400661e-01,3.225223394940773813e-01,2.509262040244761294e-01
1.307856250000000045e+03,7.795480315945750860e-01,3.254704461736652732e-01,2.537293900199006913e-01
1.307875000000000000e+03,7.811100712216391129e-01,3.284333513814000627e-01,2.565522490376344611e-01
1.307893749999999955e+03,7.826686800847225678e-01,3.314109706873775707e-01,2.593947444662188517e-01
1.307912499999999909e+03,7.842238291430538855e-01,3.344032172827768878e-01,2.622568366693317499e-01
1.307931250000000091e+03,7.857754893728148282e-01,3.374100019715352561e-01,2.651384829494367601e-01
1.307950000000000045e+03,7.873236317890408564e-01,3.404312331623876586e-01,2.680396375295296951e-01
1.307968750000000000e+03,7.888682274494011049e-01,3.434668168610195971e-01,2.709602515292547364e-01
1.307987499999999955e+03,7.904092474424863068e-01,3.465166566631112111e-01,2.739002729365425659e-01
1.308006249999999909e+03,7.919466628953675258e-01,3.495806537471123354e-01,2.768596465856851818e-01
1.308025000000000091e+03,7.934804449801281523e-01,3.526587068677889403e-01,2.798383141359258031e-01
1.308043750000000045e+03,7.950105648956180548e-01,3.557507123502955393e-01,2.828362140419107273e-01
1.308062500000000000e+03,7.965369938864299559e-01,3.588565640843097149e-01,2.858532815373546199e-01
1.308081249999999955e+03,7.980597032417399150e-01,3.619761535185630486e-01,2.888894486122337568e-01
1.308099999999999909e+03,7.995786642904427755e-01,3.651093696561757973e-01,2.919446439894052836e-01
1.308118750000000091e+03,8.010938484001186577e-01,3.682560990500685083e-01,2.950187931027707933e-01
1.308137500000000045e+03,8.026052269872675504e-01,3.714162257984393589e-01,2.981118180798285611e-01
1.308156250000000000e+03,8.041127715049865010e-01,3.745896315418147937e-01,3.012236377174057900e-01
1.308174999999999955e+03,8.056164534541169209e-01,3.777761954590250215e-01,3.043541674653472140e-01
1.308193749999999909e+03,8.071162443933367348e-01,3.809757942649664719e-01,3.075033194116376101e-01
1.308212500000000091e+03,8.086121159055037477e-01,3.841883022078378396e-01,3.106710022506870561e-01
1.308231250000000045e+03,8.101040396403906829e-01,3.874135910669411764e-01,3.138571212812200084e-01
1.308250000000000000e+03,8.115919872875849705e-01,3.906515301518900252e-01,3.170615783790557418e-01
1.308268749999999955e+03,8.130759305819781346e-01,3.939019863005266409e-01,3.202842719813744909e-01
1.308287499999999909e+03,8.145558413184160740e-01,3.971648238791594676e-01,3.235250970768300260e-01
1.308306250000000091e+03,8.160316913286066454e-01,4.004399047816449841e-01,3.267839451801283768e-01
1.308325000000000045e+03,8.175034525140205677e-01,4.037270884300420137e-01,3.300607043302721255e-01
1.308343750000000000e+03,8.189710968100909483e-01,4.070262317749462899e-01,3.333552590614726752e-01
1.308362499999999955e+03,8.204345962143821946e-01,4.103371892972053070e-01,3.366674904009797076e-01
1.308381249999999909e+03,8.218939227830249772e-01,4.136598130088911529e-01,3.399972758539894779e-01
1.308400000000000091e+03,8.233490486157294397e-01,4.169939524558015087e-01,3.433444893852330981e-01
1.308418750000000045e+03,8.247999458724220023e-01,4.203394547196478426e-01,3.467090014135676412e-01
1.308437500000000000e+03,8.262465867674778641e-01,4.236961644216467593e-01,3.500906787988362079e-01
1.308456249999999955e+03,8.276889435867010869e-01,4.270639237253658349e-01,3.534893848379928594e-01
1.308474999999999909e+03,8.291269886514106568e-01,4.304425723411261506e-01,3.569049792403710675e-01
1.308493750000000091e+03,8.305606943559618038e-01,4.338319475301633532e-01,3.603373181341765208e-01
1.308512500000000045e+03,8.319900331479676003e-01,4.372318841098543074e-01,3.637862540498681962e-01
1.308531250000000000e+03,8.334149775389526615e-01,4.406422144589193790e-01,3.672516359168302991e-01
1.308549999999999955e+03,8.348355001015624888e-01,4.440627685234049826e-01,3.707333090552476507e-01
1.308568749999999909e+03,8.362515734676418955e-01,4.474933738231599012e-01,3.742311151690415616e-01
1.308587500000000091e+03,8.376631703353594194e-01,4.509338554585811121e-01,3.777448923433882610e-01
1.308606250000000045e+03,8.390702634654141345e-01,4.543840361180035425e-01,3.812744750382895953e-01
1.308625000000000000e+03,8.404728256759012028e-01,4.578437360858110816e-01,3.848196940823846446e-01
1.308643749999999955e+03,8.418708298604766771e-01,4.613127732506763778e-01,3.883803766778512467e-01
1.308662499999999909e+03,8.432642489743102931e-01,4.647909631143744558e-01,3.919563463915357593e-01
1.308681250000000091e+03,8.446530560400901111e-01,4.682781188011752027e-01,3.955474231560148768e-01
1.308700000000000045e+03,8.460372241420245354e-01,4.717740510679646060e-01,3.991534232660889914e-01
1.308718750000000000e+03,8.474167264394223409e-01,4.752785683144240547e-01,4.027741593848618851e-01
1.308737499999999955e+03,8.487915361606684916e-01,4.787914765940163297e-01,4.064094405417647549e-01
1.308756249999999909e+03,8.501616266013383161e-01,4.823125796254825737e-01,4.100590721332504907e-01
1.308775000000000091e+03,8.515269711276818310e-01,4.858416788046958090e-01,4.137228559267348005e-01
1.308793750000000045e+03,8.528875431790752248e-01,4.893785732167988400e-01,4.174005900647228540e-01
1.308812500000000000e+03,8.542433162644640365e-01,4.929230596498424544e-01,4.210920690676867584e-01
1.308831249999999955e+03,8.555942639666623828e-01,4.964749326077189662e-01,4.247970838405575322e-01
1.308849999999999909e+03,8.569403599471795419e-01,5.000339843244474558e-01,4.285154216811155048e-01
1.308868750000000091e+03,8.582815779321092409e-01,5.036000047782087652e-01,4.322468662791310035e-01
1.308887500000000045e+03,8.596178917310371981e-01,5.071727817068114597e-01,4.359911977335742539e-01
1.308906250000000000e+03,8.609492752304879204e-01,5.107521006232174088e-01,4.397481925576840478e-01
1.308924999999999955e+03,8.622757023838820700e-01,5.143377448311151623e-01,4.435176236825517648e-01
1.308943749999999909e+03,8.635971472313237474e-01,5.179294954420133879e-01,4.472992604776578895e-01
1.308962500000000091e+03,8.649135838887808125e-01,5.215271313920745166e-01,4.510928687560697425e-01
1.308981250000000045e+03,8.662249865521662873e-01,5.251304294595422473e-01,4.548982107881607839e-01
1.309000000000000000e+03,8.675313294932247565e-01,5.287391642831458238e-01,4.587150453123544080e-01
1.309018749999999955e+03,8.688325870699838971e-01,5.323531083804745601e-01,4.625431275539381160e-01
1.309037499999999909e+03,8.701287337202905370e-01,5.359720321670998766e-01,4.663822092361133431e-01
1.309056250000000091e+03,8.714197439609107088e-01,5.395957039765184593e-01,4.702320385950579107e-01
1.309075000000000045e+03,8.727055923931481551e-01,5.432238900797511372e-01,4.740923603986482160e-01
1.309093750000000000e+03,8.739862537027710543e-01,5.468563547066197517e-01,4.779629159640930713e-01
1.309112499999999955e+03,8.752617026647044884e-01,5.504928600664407146e-01,4.818434431781256633e-01
1.309131249999999909e+03,8.765319141271850079e-01,5.541331663697729448e-01,4.857336765072817752e-01
1.309150000000000091e+03,8.777968630361925317e-01,5.577770318508261660e-01,4.896333470313300462e-01
1.309168750000000045e+03,8.790565244164719738e-01,5.614242127898287915e-01,4.935421824532761348e-01
1.309187500000000000e+03,8.803108733833409083e-01,5.650744635365206880e-01,4.974599071277927553e-01
1.309206249999999955e+03,8.815598851425729965e-01,5.687275365335221489e-01,5.013862420834725997e-01
1.309224999999999909e+03,8.828035349833396328e-01,5.723831823409861741e-01,5.053209050426941129e-01
1.309243750000000091e+03,8.840417982891349835e-01,5.760411496604863624e-01,5.092636104514780548e-01
1.309262500000000045e+03,8.852746505306646752e-01,5.797011853610540832e-01,5.132140695014867360e-01
1.309281250000000000e+03,8.865020672735284268e-01,5.833630345042091214e-01,5.171719901600722036e-01
1.309299999999999955e+03,8.877240241698042267e-01,5.870264403705039991e-01,5.211370771928484080e-01
1.309318749999999909e+03,8.889404969708889492e-01,5.906911444858440330e-01,5.251090321989033693e-01
1.309337500000000091e+03,8.901514615116560281e-01,5.943568866488435631e-01,5.290875536306293148e-01
1.309356250000000045e+03,8.913568937314448881e-01,5.980234049585031464e-01,5.330723368359914227e-01
1.309375000000000000e+03,8.925567696553240449e-01,6.016904358418121435e-01,5.370630740777531109e-01
1.309393749999999955e+03,8.937510654141959110e-01,6.053577140828502179e-01,5.410594545776125086e-01
1.309412499999999909e+03,8.949397572246003962e-01,6.090249728514115501e-01,5.450611645362805069e-01
1.309431250000000091e+03,8.961228214037100237e-01,6.126919437329650941e-01,5.490678871763420288e-01
1.309450000000000045e+03,8.973002343712862539e-01,6.163583567578112543e-01,5.530793027771659931e-01
1.309468750000000000e+03,8.984719726351635405e-01,6.200239404322803738e-01,5.570950887019414655e-01
1.309487499999999955e+03,8.996380128100838203e-01,6.236884217692767463e-01,5.611149194450861799e-01
1.309506249999999909e+03,9.007983316090011350e-01,6.273515263193555347e-01,5.651384666637458976e-01
1.309525000000000091e+03,9.019529058430068025e-01,6.310129782030319268e-01,5.691653992161219699e-01
1.309543750000000045e+03,9.031017124292611831e-01,6.346725001424302626e-01,5.731953832047577135e-01
1.309562500000000000e+03,9.042447283752598208e-01,6.383298134943158342e-01,5.772280820066084672e-01
1.309581249999999955e+03,9.053819308071789917e-01,6.419846382828475750e-01,5.812631563312840033e-01
1.309599999999999909e+03,9.065132969388182138e-01,6.456366932333925668e-01,5.853002642429869784e-01
1.309618750000000091e+03,9.076388040996973272e-01,6.492856958061302697e-01,5.893390612204568724e-01
1.309637500000000045e+03,9.087584297139887912e-01,6.529313622307050258e-01,5.933792001868459787e-01
1.309656250000000000e+03,9.098721513193912536e-01,6.565734075406610692e-01,5.974203315656240187e-01
1.309674999999999955e+03,9.109799465524732742e-01,6.602115456088355483e-01,6.014621033160952868e-01
1.309693749999999909e+03,9.120817931638743881e-01,6.638454891829932425e-01,6.055041609890946530e-01
1.309712500000000091e+03,9.131776690059003609e-01,6.674749499213111781e-01,6.095461477649152249e-01
1.309731250000000045e+03,9.142675520366468911e-01,6.710996384291920691e-01,6.135877045037239075e-01
1.309750000000000000e+03,9.153514203288177775e-01,6.747192642959121134e-01,6.176284697995395589e-01
1.309768749999999955e+03,9.164292520609012005e-01,6.783335361315703249e-01,6.216680800231672022e-01
1.309787499999999909e+03,9.175010255224949063e-01,6.819421616046437151e-01,6.257061693755883169e-01
1.309806250000000091e+03,9.185667191109969654e-01,6.855448474798294667e-01,6.297423699362619809e-01
1.309825000000000045e+03,9.196263113395684030e-01,6.891412996560902782e-01,6.337763117197512397e-01
1.309843750000000000e+03,9.206797808232998204e-01,6.927312232057518671e-01,6.378076227188310687e-01
1.309862499999999955e+03,9.217271063053945612e-01,6.963143224126263631e-01,6.418359289747056495e-01
1.309881249999999909e+03,9.227682666309363624e-01,6.998903008118697588e-01,6.458608546131320294e-01
1.309900000000000091e+03,9.238032407594015671e-01,7.034588612292429488e-01,6.498820219071207438e-01
1.309918750000000045e+03,9.248320077665526107e-01,7.070197058210074825e-01,6.538990513334057564e-01
1.309937500000000000e+03,9.258545468424540514e-01,7.105725361143676588e-01,6.579115616271326017e-01
1.309956249999999955e+03,9.268708372959183484e-01,7.141170530476889100e-01,6.619191698413033897e-01
1.309974999999999909e+03,9.278808585487927640e-01,7.176529570116284562e-01,6.659214914002904440e-01
1.309993750000000091e+03,9.288845901366109548e-01,7.211799478900297045e-01,6.699181401580061035e-01
1.310012500000000045e+03,9.298820117205316427e-01,7.246977251013310140e-01,6.739087284651527066e-01
1.310031250000000000e+03,9.308731030722754429e-01,7.282059876404100018e-01,6.778928672178662351e-01
1.310049999999999955e+03,9.318578440865873391e-01,7.317044341205447555e-01,6.818701659266892534e-01
1.310068749999999909e+03,9.328362147750463018e-01,7.351927628154141248e-01,6.858402327725204861e-01
1.310087500000000091e+03,9.338081952721390966e-01,7.386706717018840518e-01,6.898026746726131364e-01
1.310106250000000045e+03,9.347737658298427288e-01,7.421378585024392960e-01,6.937570973382212181e-01
1.310125000000000000e+03,9.357329068200509470e-01,7.455940207283056065e-01,6.977031053390021498e-01
1.310143749999999955e+03,9.366855987417328500e-01,7.490388557229513689e-01,7.016403021717412258e-01
1.310162499999999909e+03,9.376318222113486645e-01,7.524720607047706844e-01,7.055682903162224795e-01
1.310181250000000091e+03,9.385715579723193924e-01,7.558933328114698647e-01,7.094866713072583986e-01
1.310200000000000045e+03,9.395047868863283247e-01,7.593023691436172617e-01,7.133950457926869770e-01
1.310218750000000000e+03,9.404314899414089046e-01,7.626988668084691003e-01,7.172930136046009597e-01
1.310237499999999955e+03,9.413516482536381513e-01,7.660825229646460732e-01,7.211801738269817408e-01
1.310256249999999909e+03,9.422652430596853979e-01,7.694530348661809960e-01,7.250561248560707384e-01
1.310275000000000091e+03,9.431722557225921122e-01,7.728100999075392386e-01,7.289204644720629345e-01
1.310293750000000045e+03,9.440726677339801309e-01,7.761534156675692353e-01,7.327727899074520934e-01
1.310312500000000000e+03,9.449664607100821678e-01,7.794826799552726504e-01,7.366126979126372820e-01
1.310331249999999955e+03,9.458536163957554921e-01,7.827975908544837491e-01,7.404397848269739235e-01
1.310349999999999909e+03,9.467341166665089736e-01,7.860978467689035964e-01,7.442536466489813041e-01
1.310368750000000091e+03,9.476079435204289858e-01,7.893831464676889231e-01,7.480538790994268883e-01
1.310387500000000045e+03,9.484750790869371784e-01,7.926531891305854671e-01,7.518400776974539790e-01
1.310406250000000000e+03,9.493355056299070949e-01,7.959076743935943332e-01,7.556118378331684315e-01
1.310424999999999955e+03,9.501892055358777123e-01,7.991463023948720545e-01,7.593687548288685640e-01
1.310443749999999909e+03,9.510361613280168269e-01,8.023687738195970365e-01,7.631104240199909627e-01
1.310462500000000091e+03,9.518763556575211560e-01,8.055747899470115936e-01,7.668364408204654259e-01
1.310481250000000045e+03,9.527097713084763386e-01,8.087640526950180542e-01,7.705464007967172124e-01
1.310500000000000000e+03,9.535363911977705609e-01,8.119362646669228134e-01,7.742398997400210536e-01
1.310518749999999955e+03,9.543561983750624700e-01,8.150911291969107353e-01,7.779165337379249090e-01
1.310537499999999909e+03,9.551691760188810720e-01,8.182283503965187554e-01,7.815758992436772079e-01
1.310556250000000091e+03,9.559753074501768921e-01,8.213476332001798941e-01,7.852175931592451086e-01
1.310575000000000045e+03,9.567745761177227637e-01,8.244486834115388740e-01,7.888412128963154801e-01
1.310593750000000000e+03,9.575669656061803758e-01,8.275312077494318963e-01,7.924463564556591955e-01
1.310612499999999955e+03,9.583524596366070902e-01,8.305949138938683030e-01,7.960326225005526224e-01
1.310631249999999909e+03,9.591310420683611948e-01,8.336395105322638166e-01,7.995996104317955044e-01
1.310650000000000091e+03,9.599026968922589331e-01,8.366647074052553368e-01,8.031469204552120766e-01
1.310668750000000045e+03,9.606674082394099923e-01,8.396702153526820478e-01,8.066741536625157138e-01
1.310687500000000000e+03,9.614251603759045306e-01,8.426557463596560105e-01,8.101809121006442460e-01
1.310706249999999955e+03,9.621759377070363550e-01,8.456210136023162294e-01,8.136667988489089121e-01
1.310724999999999909e+03,9.629197247782792513e-01,8.485657314939091256e-01,8.171314180939063254e-01
1.310743750000000091e+03,9.636565062701621942e-01,8.514896157301522495e-01,8.205743751986901424e-01
1.310762500000000045e+03,9.643862670047765873e-01,8.543923833350961505e-01,8.239952767823857105e-01
1.310781250000000000e+03,9.651089919430126951e-01,8.572737527066968122e-01,8.273937307917962336e-01
1.310799999999999955e+03,9.658246661872582628e-01,8.601334436624690216e-01,8.307693465778386299e-01
1.310818749999999909e+03,9.665332749778788868e-01,8.629711774845295613e-01,8.341217349661521618e-01
1.310837500000000091e+03,9.672348036998289489e-01,8.657866769648325800e-01,8.374505083366863278e-01
1.310856250000000045e+03,9.679292378769657201e-01,8.685796664505710529e-01,8.407552806929462497e-01
1.310875000000000000e+03,9.686165631742863491e-01,8.713498718888221806e-01,8.440356677373725969e-01
1.310893749999999955e+03,9.692967654038986414e-01,8.740970208715264089e-01,8.472912869503981259e-01
1.310912499999999909e+03,9.699698305143521493e-01,8.768208426800569999e-01,8.505217576546522107e-01
1.310931250000000091e+03,9.706357446042486181e-01,8.795210683297328691e-01,8.537267011003221162e-01
1.310950000000000045e+03,9.712944939096084251e-01,8.821974306138562483e-01,8.569057405271377492e-01
1.310968750000000000e+03,9.719460648139010006e-01,8.848496641480775304e-01,8.600585012465411516e-01
1.310987499999999955e+03,9.725904438463445212e-01,8.874775054142021169e-01,8.631846107130589640e-01
1.311006249999999909e+03,9.732276176774909970e-01,8.900806928036697485e-01,8.662836985929055489e-01
1.311025000000000091e+03,9.738575731275896930e-01,8.926589666611514096e-01,8.693553968440193014e-01
1.311043750000000045e+03,9.744802971579679118e-01,8.952120693275691377e-01,8.723993397804336025e-01
1.311062500000000000e+03,9.750957768758510280e-01,8.977397451834231434e-01,8.754151641488431279e-01
1.311081249999999955e+03,9.757039995437376545e-01,9.002417406909256625e-01,8.784025092081306774e-01
1.311099999999999909e+03,9.763049525615835611e-01,9.027178044368041610e-01,8.813610167850827182e-01
1.311118750000000091e+03,9.768986234804607482e-01,9.051676871743323805e-01,8.842903313575100066e-01
1.311137500000000045e+03,9.774849999988075577e-01,9.075911418651330109e-01,8.871901001214663740e-01
1.311156250000000000e+03,9.780640699617320077e-01,9.099879237208430283e-01,8.900599730609686233e-01
1.311174999999999955e+03,9.786358213653572058e-01,9.123577902443107401e-01,8.928996030217545288e-01
1.311193749999999909e+03,9.792002423545946854e-01,9.147005012705842208e-01,8.957086457787756251e-01
1.311212500000000091e+03,9.797573212214460980e-01,9.170158190073190996e-01,8.984867601034572937e-01
1.311231250000000045e+03,9.803070464072042300e-01,9.193035080753105825e-01,9.012336078345164481e-01
1.311250000000000000e+03,9.808494065048245503e-01,9.215633355483199285e-01,9.039488539481388418e-01
1.311268749999999955e+03,9.813843902588474943e-01,9.237950709927007509e-01,9.066321666255808820e-01
1.311287499999999909e+03,9.819119865620394849e-01,9.259984865063713988e-01,9.092832173169340670e-01
1.311306250000000091e+03,9.824321844581979102e-01,9.281733567581358368e-01,9.119016808107454075e-01
1.311325000000000045e+03,9.829449731427732928e-01,9.303194590255677854e-01,9.144872353000530474e-01
1.311343750000000000e+03,9.834503419640898692e-01,9.324365732335532231e-01,9.170395624494545039e-01
1.311362499999999955e+03,9.839482804202425159e-01,9.345244819916728174e-01,9.195583474568108651e-01
1.311381249999999909e+03,9.844387781628985978e-01,9.365829706316413095e-01,9.220432791212331836e-01
1.311400000000000091e+03,9.849218249975081330e-01,9.386118272439655241e-01,9.244940499067648698e-01
1.311418750000000045e+03,9.853974108797386444e-01,9.406108427144451722e-01,9.269103560021314525e-01
1.311437500000000000e+03,9.858655259205796328e-01,9.425798107602326725e-01,9.292918973879605860e-01
1.311456249999999955e+03,9.863261603839623692e-01,9.445185279651883148e-01,9.316383778960545259e-01
1.311474999999999909e+03,9.867793046881951913e-01,9.464267938150847659e-01,9.339495052718455037e-01
1.311493750000000091e+03,9.872249494034898154e-01,9.483044107321775273e-01,9.362249912322803125e-01
1.311512500000000045e+03,9.876630852583605513e-01,9.501511841092689092e-01,9.384645515313365660e-01
1.311531250000000000e+03,9.880937031305669915e-01,9.519669223436123540e-01,9.406679060104620183e-01
1.311549999999999955e+03,9.885167940585590785e-01,9.537514368698084555e-01,9.428347786671912312e-01
1.311568749999999909e+03,9.889323492340723609e-01,9.555045421925743021e-01,9.449648977054476706e-01
1.311587500000000091e+03,9.893403600013398469e-01,9.572260559191098084e-01,9.470579955914090187e-01
1.311606250000000045e+03,9.897408178647426613e-01,9.589157987905013725e-01,9.491138091161839263e-01
1.311625000000000000e+03,9.901337144822143221e-01,9.605735947129885322e-01,9.511320794444341198e-01
1.311643749999999955e+03,9.905190416680246246e-01,9.621992707886252161e-01,9.531125521710237525e-01
1.311662499999999909e+03,9.908967913956404638e-01,9.637926573453331480e-01,9.550549773768369777e-01
1.311681250000000091e+03,9.912669557922433317e-01,9.653535879664526531e-01,9.569591096757213977e-01
1.311700000000000045e+03,9.916295271432770120e-01,9.668818995196809540e-01,9.588247082701232271e-01
1.311718750000000000e+03,9.919844978910459243e-01,9.683774321857194778e-01,9.606515370003529952e-01
1.311737499999999955e+03,9.923318606360711502e-01,9.698400294858944282e-01,9.624393643951281163e-01
1.311756249999999909e+03,9.926716081368113231e-01,9.712695383096733304e-01,9.641879637200615472e-01
1.311775000000000091e+03,9.930037333094794416e-01,9.726658089413383612e-01,9.658971130250215698e-01
1.311793750000000045e+03,9.933282292268730274e-01,9.740286950861474224e-01,9.675665951896283978e-01
1.311812500000000000e+03,9.936450891222836646e-01,9.753580538958487312e-01,9.691961979726625431e-01
1.311831249999999955e+03,9.939543063868077066e-01,9.766537459938016141e-01,9.707857140542586194e-01
1.311849999999999909e+03,9.942558745713148127e-01,9.779156354992628586e-01,9.723349410813968419e-01
1.311868750000000091e+03,9.945497873845539072e-01,9.791435900510496726e-01,9.738436817085872610e-01
1.311887500000000045e+03,9.948360386943455591e-01,9.803374808309145427e-01,9.753117436408584862e-01
1.311906250000000000e+03,9.951146225288357572e-01,9.814971825858957999e-01,9.767389396753631825e-01
1.311924999999999955e+03,9.953855330754037833e-01,9.826225736504117236e-01,9.781250877399975119e-01
1.311943749999999909e+03,9.956487646807057335e-01,9.837135359673442325e-01,9.794700109316777370e-01
1.311962500000000091e+03,9.959043118528246863e-01,9.847699551088847647e-01,9.807735375560132640e-01
1.311981250000000045e+03,9.961521692578670928e-01,9.857917202963348835e-01,9.820355011600131467e-01
1.312000000000000000e+03,9.963923317235442445e-01,9.867787244196599694e-01,9.832557405709665410e-01
1.312018749999999955e+03,9.966247942381145641e-01,9.877308640561364150e-01,9.844340999293881289e-01
1.312037499999999909e+03,9.968495519502671431e-01,9.886480394884130662e-01,9.855704287218349791e-01
1.312056250000000091e+03,9.970666001686311342e-01,9.895301547219200744e-01,9.866645818122248279e-01
1.312075000000000045e+03,9.972759343640924534e-01,9.903771175015938510e-01,9.877164194747691806e-01
1.312093750000000000e+03,9.974775501676141909e-01,9.911888393279745246e-01,9.887258074213477466e-01
1.312112499999999955e+03,9.976714433710082153e-01,9.919652354726307131e-01,9.896926168306413585e-01
1.312131249999999909e+03,9.978576099291827095e-01,9.927062249928724214e-01,9.906167243775234610e-01
1.312150000000000091e+03,9.980360459558811348e-01,9.934117307458056878e-01,9.914980122548435748e-01
1.312168750000000045e+03,9.982067477291167723e-01,9.940816794016795743e-01,9.923363682036161482e-01
1.312187500000000000e+03,9.983697116858483156e-01,9.947160014566492903e-01,9.931316855314439307e-01
1.312206249999999955e+03,9.985249344269289118e-01,9.953146312447044286e-01,9.938838631397955981e-01
1.312224999999999909e+03,9.986724127147766916e-01,9.958775069490124476e-01,9.945928055429572590e-01
1.312243750000000091e+03,9.988121434724139824e-01,9.964045706125705948e-01,9.952584228871294014e-01
1.312262500000000045e+03,9.989441237860784417e-01,9.968957681480355992e-01,9.958806309717380678e-01
1.312281250000000000e+03,9.990683509041192734e-01,9.973510493470536531e-01,9.964593512660238073e-01
1.312299999999999955e+03,9.991848222366718213e-01,9.977703678887008820e-01,9.969945109249909176e-01
1.312318749999999909e+03,9.992935353572994783e-01,9.981536813474083392e-01,9.974860428062705120e-01
1.312337500000000091e+03,9.993944880000554809e-01,9.985009511999545229e-01,9.979338854809509662e-01
1.312356250000000045e+03,9.994876780631443136e-01,9.988121428319568507e-01,9.983379832499564843e-01
1.312375000000000000e+03,9.995731036065148567e-01,9.990872255435899740e-01,9.986982861530635525e-01
1.312393749999999955e+03,9.996507628528108480e-01,9.993261725545352636e-01,9.990147499799573172e-01
1.312412499999999909e+03,9.997206541876026975e-01,9.995289610082918053e-01,9.992873362793909253e-01
1.312431250000000091e+03,9.997827761588243822e-01,9.996955719757616432e-01,9.995160123662877316e-01
1.312450000000000045e+03,9.998371274773260042e-01,9.998259904580939494e-01,9.997007513286675362e-01
1.312468750000000000e+03,9.998837070166345375e-01,9.999202053888599506e-01,9.998415320325729772e-01
1.312487499999999955e+03,9.999225138132415980e-01,9.999782096354922212e-01,9.999383391262364196e-01
1.312506249999999909e+03,9.999535470663118986e-01,1.000000000000000000e+00,9.999911630424032083e-01
1.312525000000000091e+03,9.999768061379730177e-01,9.999855772190019421e-01,1.000000000000000000e+00
1.312543750000000045e+03,9.999922905532453443e-01,9.999349459630240133e-01,9.999648520041670707e-01
1.312562500000000000e+03,1.000000000000000000e+00,9.998481148350927272e-01,9.998857268450634939e-01
1.312581249999999955e+03,9.999999343290734144e-01,9.997250963686090675e-01,9.997626380955619840e-01
1.312599999999999909e+03,9.999920935541767308e-01,9.995659070245407340e-01,9.995956051075119975e-01
1.312618750000000091e+03,9.999764778519619757e-01,9.993705671878450048e-01,9.993846530068416500e-01
1.312637500000000045e+03,9.999530875618972692e-01,9.991391011632630992e-01,9.991298126872946161e-01
1.312656250000000000e+03,9.999219231866163238e-01,9.988715371703361656e-01,9.988311208033187061e-01
1.312674999999999955e+03,9.998829853912799548e-01,9.985679073377280446e-01,9.984886197607302227e-01
1.312693749999999909e+03,9.998362750041489555e-01,9.982282476969003282e-01,9.981023577073948605e-01
1.312712500000000091e+03,9.997817930160998179e-01,9.978525981750029361e-01,9.976723885215318388e-01
1.312731250000000045e+03,9.997195405811029056e-01,9.974410025871156549e-01,9.971987717997868872e-01
1.312750000000000000e+03,9.996495190158525279e-01,9.969935086278051140e-01,9.966815728432378840e-01
1.312768749999999955e+03,9.995717297994404227e-01,9.965101678618805137e-01,9.961208626421078627e-01
1.312787499999999909e+03,9.994861745738732317e-01,9.959910357146192217e-01,9.955167178602558620e-01
1.312806250000000091e+03,9.993928551439207331e-01,9.954361714611257295e-01,9.948692208176002083e-01
1.312825000000000045e+03,9.992917734767207127e-01,9.948456382152072175e-01,9.941784594712951284e-01
1.312843750000000000e+03,9.991829317018917633e-01,9.942195029172843368e-01,9.934445273959151557e-01
1.312862499999999955e+03,9.990663321116972639e-01,9.935578363219607079e-01,9.926675237628321824e-01
1.312881249999999909e+03,9.989419771600910325e-01,9.928607129845555823e-01,9.918475533169252012e-01
1.312900000000000091e+03,9.988098694649583109e-01,9.921282112472771253e-01,9.909847263555855434e-01
1.312918750000000045e+03,9.986700118045188646e-01,9.913604132244959732e-01,9.900791587005184358e-01
1.312937500000000000e+03,9.985224071203334661e-01,9.905574047874827759e-01,9.891309716750500414e-01
1.312956249999999955e+03,9.983670585153017196e-01,9.897192755483851245e-01,9.881402920752099250e-01
1.312974999999999909e+03,9.982039692543042131e-01,9.888461188436821203e-01,9.871072521424013591e-01
1.312993750000000091e+03,9.980331427647681775e-01,9.879380317168081627e-01,9.860319895346796315e-01
1.313012500000000045e+03,9.978545826352722692e-01,9.869951149002458290e-01,9.849146472950611741e-01
1.313031250000000000e+03,9.976682926161062337e-01,9.860174727969828190e-01,9.837553738206489262e-01
1.313049999999999955e+03,9.974742766193058774e-01,9.850052134612220511e-01,9.825543228300079868e-01
1.313068749999999909e+03,9.972725387175455092e-01,9.839584485784429457e-01,9.813116533282922882e-01
1.313087500000000091e+03,9.970630831456118726e-01,9.828772934451737164e-01,9.800275295741552872e-01
1.313106250000000045e+03,9.968459142990528932e-01,9.817618669475032256e-01,9.787021210421488204e-01
1.313125000000000000e+03,9.966210367341108434e-01,9.806122915396580098e-01,9.773356023859984809e-01
1.313143749999999955e+03,9.963884551687122171e-01,9.794286932214020247e-01,9.759281534012804737e-01
1.313162499999999909e+03,9.961481744809450589e-01,9.782112015152364393e-01,9.744799589849838517e-01
1.313181250000000091e+03,9.959001997086669444e-01,9.769599494426408626e-01,9.729912090947893111e-01
1.313200000000000045e+03,9.956445360513002107e-01,9.756750735001671337e-01,9.714620987098984140e-01
1.313218750000000000e+03,9.953811888682319031e-01,9.743567136344021273e-01,9.698928277869812709e-01
1.313237499999999955e+03,9.951101636794261740e-01,9.730050132166310206e-01,9.682836012175677354e-01
1.313256249999999909e+03,9.948314661634125589e-01,9.716201190172280011e-01,9.666346287821863115e-01
1.313275000000000091e+03,9.945451021585314244e-01,9.702021811787121530e-01,9.649461251059450184e-01
1.313293750000000045e+03,9.942510776637083492e-01,9.687513531890008522e-01,9.632183096134316891e-01
1.313312500000000000e+03,9.939493988376557621e-01,9.672677918535653729e-01,9.614514064805970150e-01
1.313331249999999955e+03,9.936400719965650108e-01,9.657516572674689215e-01,9.596456445846721639e-01
1.313349999999999909e+03,9.933231036155258931e-01,9.642031127863459616e-01,9.578012574562710935e-01
1.313368750000000091e+03,9.929985003309413916e-01,9.626223249974293905e-01,9.559184832321021563e-01
1.313387500000000045e+03,9.926662689339886825e-01,9.610094636895557541e-01,9.539975645976679353e-01
1.313406250000000000e+03,9.923264163788863002e-01,9.593647018229779500e-01,9.520387487436761109e-01
1.313424999999999955e+03,9.919789497725699512e-01,9.576882154983175077e-01,9.500422873033597115e-01
1.313443749999999909e+03,9.916238763845168780e-01,9.559801839255775979e-01,9.480084363088702171e-01
1.313462500000000091e+03,9.912612036393366743e-01,9.542407893918615214e-01,9.459374561295036399e-01
1.313481250000000045e+03,9.908909391197205929e-01,9.524702172294011726e-01,9.438296114198448938e-01
1.313500000000000000e+03,9.905130905665150420e-01,9.506686557825111406e-01,9.416851710637588191e-01
1.313518749999999955e+03,9.901276658759420313e-01,9.488362963744033651e-01,9.395044081152190696e-01
1.313537499999999909e+03,9.897346730998936026e-01,9.469733332733422104e-01,9.372875997411179716e-01
1.313556250000000091e+03,9.893341204516469256e-01,9.450799636585373031e-01,9.350350271686386217e-01
1.313575000000000045e+03,9.889260162965780587e-01,9.431563875852615464e-01,9.327469756173560889e-01
1.313593750000000000e+03,9.885103691554633087e-01,9.412028079499769051e-01,9.304237342430180524e-01
1.313612499999999955e+03,9.880871877091588207e-01,9.392194304545279371e-01,9.280655960813873895e-01
1.313631249999999909e+03,9.876564807882302066e-01,9.372064635704588920e-01,9.256728579777827592e-01
1.313650000000000091e+03,9.872182573825882823e-01,9.351641185022264713e-01,9.232458205341035340e-01
1.313668750000000045e+03,9.867725266365673376e-01,9.330926091508316977e-01,9.207847880423268849e-01
1.313687500000000000e+03,9.863192978480196382e-01,9.309921520762622915e-01,9.182900684203865183e-01
1.313706249999999955e+03,9.858585804691010201e-01,9.288629664600284164e-01,9.157619731495009185e-01
1.313724999999999909e+03,9.853903841059533653e-01,9.267052740671875011e-01,9.132008172097458854e-01
1.313743750000000091e+03,9.849147185187402398e-01,9.245192992081393557e-01,9.106069190155200443e-01
1.313762500000000045e+03,9.844315936213345886e-01,9.223052686995864002e-01,9.079806003496665445e-01
1.313781250000000000e+03,9.839410194816838873e-01,9.200634118257541294e-01,9.053221862982849810e-01
1.313799999999999955e+03,9.834430063180972237e-01,9.177939602988886003e-01,9.026320051809045841e-01
1.313818749999999909e+03,9.829375645038507248e-01,9.154971482195175536e-01,8.999103884879137150e-01
1.313837500000000091e+03,9.824247045596495864e-01,9.131732120362817673e-01,8.971576708062529715e-01
1.313856250000000045e+03,9.819044371663003812e-01,9.108223905058563385e-01,8.943741897635580917e-01
1.313875000000000000e+03,9.813767731491174207e-01,9.084449246518596643e-01,8.915602859453021223e-01
1.313893749999999955e+03,9.808417234871872337e-01,9.060410577241745367e-01,8.887163028349541749e-01
1.313912499999999909e+03,9.802992993097424668e-01,9.036110351575780131e-01,8.858425867415546939e-01
1.313931250000000091e+03,9.797495118978837292e-01,9.011551045301962048e-01,8.829394867318703932e-01
1.313950000000000045e+03,9.791923726801482486e-01,8.986735155216916127e-01,8.800073545566310385e-01
1.313968750000000000e+03,9.786278932393343011e-01,8.961665198710833113e-01,8.770465445864590315e-01
1.313987499999999955e+03,9.780560853024932166e-01,8.936343713347573159e-01,8.740574137327533633e-01
1.314006249999999909e+03,9.774769607499611546e-01,8.910773256434776357e-01,8.710403213846397152e-01
1.314025000000000091e+03,9.768905316079526946e-01,8.884956404599317903e-01,8.679956293316254401e-01
1.314043750000000045e+03,9.762968100524503923e-01,8.858895753356242908e-01,8.649237016956861090e-01
1.314062500000000000e+03,9.756958084085358696e-01,8.832593916676708679e-01,8.618249048591182238e-01
1.314081249999999955e+03,9.750875391447977325e-01,8.806053526553956345e-01,8.586996073878312430e-01
1.314099999999999909e+03,9.744720148811272242e-01,8.779277232566241596e-01,8.555481799661616149e-01
1.314118750000000091e+03,9.738492483835134994e-01,8.752267701442638659e-01,8.523709953204422485e-01
1.314137500000000045e+03,9.732192525632190616e-01,8.725027616619039916e-01,8.491684281455087469e-01
1.314156250000000000e+03,9.725820404779441652e-01,8.697559677801330880e-01,8.459408550336509069e-01
1.314174999999999955e+03,9.719376253305650470e-01,8.669866600520047539e-01,8.426886544006210178e-01
1.314193749999999909e+03,9.712860204700186628e-01,8.641951115689000540e-01,8.394122064139200035e-01
1.314212500000000091e+03,9.706272393887875882e-01,8.613815969156611851e-01,8.361118929174625736e-01
1.314231250000000045e+03,9.699612957270677960e-01,8.585463921265176213e-01,8.327880973628261074e-01
1.314250000000000000e+03,9.692882032640876000e-01,8.556897746399346749e-01,8.294412047284380751e-01
1.314268749999999955e+03,9.686079759271811751e-01,8.528120232537839129e-01,8.260716014544192687e-01
1.314287499999999909e+03,9.679206277834683236e-01,8.499134180808074479e-01,8.226796753628378145e-01
1.314306250000000091e+03,9.672261730439906113e-01,8.469942405030658206e-01,8.192658155877486914e-01
1.314325000000000045e+03,9.665246260625025565e-01,8.440547731275135357e-01,8.158304125018248643e-01
1.314343750000000000e+03,9.658160013350184370e-01,8.410952997404451681e-01,8.123738576426461355e-01
1.314362499999999955e+03,9.651003134989335486e-01,8.381161052623335994e-01,8.088965436391175601e-01
1.314381249999999909e+03,9.643775773276783703e-01,8.351174757029562468e-01,8.053988641345661836e-01
1.314400000000000091e+03,9.636478077417915955e-01,8.320996981158501615e-01,8.018812137230655335e-01
1.314418750000000045e+03,9.629110198010075727e-01,8.290630605533323427e-01,7.983439878704946535e-01
1.314437500000000000e+03,9.621672287014215730e-01,8.260078520209900299e-01,7.947875828395618569e-01
1.314456249999999955e+03,9.614164497786438224e-01,8.229343624325653472e-01,7.912123956203355180e-01
1.314474999999999909e+03,9.606586985092094855e-01,8.198428825649247687e-01,7.876188238595220881e-01
1.314493750000000091e+03,9.598939905049777011e-01,8.167337040123122671e-01,7.840072657834697978e-01
1.314512500000000045e+03,9.591223415168429467e-01,8.136071191418414728e-01,7.803781201302135706e-01
1.314531250000000000e+03,9.583437674372747850e-01,8.104634210478860457e-01,7.767317860796242313e-01
1.314549999999999955e+03,9.575582842862300215e-01,8.073029035069906323e-01,7.730686631707752721e-01
1.314568749999999909e+03,9.567659082266749548e-01,8.041258609331841667e-01,7.693891512439686720e-01
1.314587500000000091e+03,9.559666555547835509e-01,8.009325883326118278e-01,7.656936503617353118e-01
1.314606250000000045e+03,9.551605427039618901e-01,7.977233812592093853e-01,7.619825607422664460e-01
1.314625000000000000e+03,9.543475862403522081e-01,7.944985357692908590e-01,7.582562826851723115e-01
1.314643749999999955e+03,9.535278028642498738e-01,7.912583483769903836e-01,7.545152165030625246e-01
1.314662499999999909e+03,9.527012094106502849e-01,7.880031160102408672e-01,7.507597624531551217e-01
1.314681250000000091e+03,9.518678228466981306e-01,7.847331359655325134e-01,7.469903206655258421e-01
1.314700000000000045e+03,9.510276602727079087e-01,7.814487058642045625e-01,7.432072910759144335e-01
1.314718750000000000e+03,9.501807389226565315e-01,7.781501236076673322e-01,7.394110733573371341e-01
1.314737499999999955e+03,9.493270761585275164e-01,7.748376873337636805e-01,7.356020668482808889e-01
1.314756249999999909e+03,9.484666894780794388e-01,7.715116953727130245e-01,7.317806704912369620e-01
1.314775000000000091e+03,9.475995965059151871e-01,7.681724462032860634e-01,7.279472827587594175e-01
1.314793750000000045e+03,9.467258149966158998e-01,7.648202384095114104e-01,7.241023015897166681e-01
1.314812500000000000e+03,9.458453628385563583e-01,7.614553706367629404e-01,7.202461243257087808e-01
1.314831249999999955e+03,9.449582580430749834e-01,7.580781415491234521e-01,7.163791476378154055e-01
1.314849999999999909e+03,9.440645187531216953e-01,7.546888497857038303e-01,7.125017674675829804e-01
1.314868750000000091e+03,9.431641632383076512e-01,7.512877939184829934e-01,7.086143789593700726e-01
1.314887500000000045e+03,9.422572098978108102e-01,7.478752724094086535e-01,7.047173763982939043e-01
1.314906250000000000e+03,9.413436772563703592e-01,7.444515835678607862e-01,7.008111531436385100e-01
1.314924999999999955e+03,9.404235839637216099e-01,7.410170255086405700e-01,6.968961015657246794e-01
1.314943749999999909e+03,9.394969487940252328e-01,7.375718961102710747e-01,6.929726129834190562e-01
1.314962500000000091e+03,9.385637906492504401e-01,7.341164929727962418e-01,6.890410776044292307e-01
1.314981250000000045e+03,9.376241285546916826e-01,7.306511133768016641e-01,6.851018844612821734e-01
1.315000000000000000e+03,9.366779816629446920e-01,7.271760542422499585e-01,6.811554213537243108e-01
1.315018749999999955e+03,9.357253692417283331e-01,7.236916120871265123e-01,6.772020747795334250e-01
1.315037499999999909e+03,9.347663106884239737e-01,7.201980829872670631e-01,6.732422298863010024e-01
1.315056250000000091e+03,9.338008255195474616e-01,7.166957625357863737e-01,6.692762704049415312e-01
1.315075000000000045e+03,9.328289333731202282e-01,7.131849458033300282e-01,6.653045785937651280e-01
1.315093750000000000e+03,9.318506540141086036e-01,7.096659272978587119e-01,6.613275351846248373e-01
1.315112499999999955e+03,9.308660073150295533e-01,7.061390009254979727e-01,6.573455193127910601e-01
1.315131249999999909e+03,9.298750132790201128e-01,7.026044599513199262e-01,6.533589084773981925e-01
1.315150000000000091e+03,9.288776920234327328e-01,6.990625969604374879e-01,6.493680784744915169e-01
1.315168750000000045e+03,9.278740637871615293e-01,6.955137038197343191e-01,6.453734033479183729e-01
1.315187500000000000e+03,9.268641489264006772e-01,6.919580716394611031e-01,6.413752553323346373e-01
1.315206249999999955e+03,9.258479679095482640e-01,6.883959907353995877e-01,6.373740047966474087e-01
1.315224999999999909e+03,9.248255413279030668e-01,6.848277505916048336e-01,6.333700201993287537e-01
1.315243750000000091e+03,9.237968898868779144e-01,6.812536398228729029e-01,6.293636680303839048e-01
1.315262500000000045e+03,9.227620344021414400e-01,6.776739461385007379e-01,6.253553127584601246e-01
1.315281250000000000e+03,9.217209958156967753e-01,6.740889563053938938e-01,6.213453167912957875e-01
1.315299999999999955e+03,9.206737951733283687e-01,6.704989561120087149e-01,6.173340404111127278e-01
1.315318749999999909e+03,9.196204536368806082e-01,6.669042303331377264e-01,6.133218417349264318e-01
1.315337500000000091e+03,9.185609924823322503e-01,6.633050626939798189e-01,6.093090766649406076e-01
1.315356250000000045e+03,9.174954330972060479e-01,6.597017358358447936e-01,6.052960988404779696e-01
1.315375000000000000e+03,9.164237969839102993e-01,6.560945312810759766e-01,6.012832595935742042e-01
1.315393749999999955e+03,9.153461057450568150e-01,6.524837293992264975e-01,5.972709078943257976e-01
1.315412499999999909e+03,9.142623811068989470e-01,6.488696093732470027e-01,5.932593903217380227e-01
1.315431250000000091e+03,9.131726449005815871e-01,6.452524491659968886e-01,5.892490510075804044e-01
1.315450000000000045e+03,9.120769190608503107e-01,6.416325254879532425e-01,5.852402315933860066e-01
1.315468750000000000e+03,9.109752256374180623e-01,6.380101137636831066e-01,5.812332711948688946e-01
1.315487499999999955e+03,9.098675867849299603e-01,6.343854881006218971e-01,5.772285063550656181e-01
1.315506249999999909e+03,9.087540247601342269e-01,6.307589212570158255e-01,5.732262710019270235e-01
1.315525000000000091e+03,9.076345619377724772e-01,6.271306846106889932e-01,5.692268964189031166e-01
1.315543750000000045e+03,9.065092207885246944e-01,6.235010481284752881e-01,5.652307111925813921e-01
1.315562500000000000e+03,9.053780238928713642e-01,6.198702803356952451e-01,5.612380411835539151e-01
1.315581249999999955e+03,9.042409939313652556e-01,6.162386482859131265e-01,5.572492094831531517e-01
1.315599999999999909e+03,9.030981536880136051e-01,6.126064175322437633e-01,5.532645363802831673e-01
1.315618750000000091e+03,9.019495260561496419e-01,6.089738520973699831e-01,5.492843393289760234e-01
1.315637500000000045e+03,9.007951340263067319e-01,6.053412144459072719e-01,5.453089329074992664e-01
1.315656250000000000e+03,8.996350006912782193e-01,6.017087654554825749e-01,5.413386287873573899e-01
1.315674999999999955e+03,8.984691492446392758e-01,5.980767643893795116e-01,5.373737357001370230e-01
1.315693749999999909e+03,8.972976029778505502e-01,5.944454688694851274e-01,5.334145594042611904e-01
1.315712500000000091e+03,8.961203852869803477e-01,5.908151348492258759e-01,5.294614026579315125e-01
1.315731250000000045e+03,8.949375196631011997e-01,5.871860165876823245e-01,5.255145651838449838e-01
1.315750000000000000e+03,8.937490296975069137e-01,5.835583666232244671e-01,5.215743436427876523e-01
1.315768749999999955e+03,8.925549390773724889e-01,5.799324357488037096e-01,5.176410316035053860e-01
1.315787499999999909e+03,8.913552715819864636e-01,5.763084729864557110e-01,5.137149195127381773e-01
1.315806250000000091e+03,8.901500510954166723e-01,5.726867255633847353e-01,5.097962946766091408e-01
1.315825000000000045e+03,8.889393015925000086e-01,5.690674388880549994e-01,5.058854412270057388e-01
1.315843750000000000e+03,8.877230471417357771e-01,5.654508565262851283e-01,5.019826400982724257e-01
1.315862499999999955e+03,8.865013119076796677e-01,5.618372201789348930e-01,4.980881690054176358e-01
1.315881249999999909e+03,8.852741201448182107e-01,5.582267696588892880e-01,4.942023024173289869e-01
1.315900000000000091e+03,8.840414962022614676e-01,5.546197428693199205e-01,4.903253115376937643e-01
1.315918750000000045e+03,8.828034645183393536e-01,5.510163757824305675e-01,4.864574642811199667e-01
1.315937500000000000e+03,8.815600496245716844e-01,5.474169024179870169e-01,4.825990252547482373e-01
1.315956249999999955e+03,8.803112761441136414e-01,5.438215548231201124e-01,4.787502557383336299e-01
1.315974999999999909e+03,8.790571687864223716e-01,5.402305630523075441e-01,4.749114136629052907e-01
1.315993750000000091e+03,8.777977523504119084e-01,5.366441551475346072e-01,4.710827535946822686e-01
1.316012500000000045e+03,8.765330517220351059e-01,5.330625571198854828e-01,4.672645267176352979e-01
1.316031250000000000e+03,8.752630918744951360e-01,5.294859929301449775e-01,4.634569808170449501e-01
1.316049999999999955e+03,8.739878978728442549e-01,5.259146844716109381e-01,4.596603602677227784e-01
1.316068749999999909e+03,8.727074948576650781e-01,5.223488515519979503e-01,4.558749060108267526e-01
1.316087500000000091e+03,8.714219080654654892e-01,5.187887118765371897e-01,4.521008555515347860e-01
1.316106250000000045e+03,8.701311628058714387e-01,5.152344810313391754e-01,4.483384429346629618e-01
1.316125000000000000e+03,8.688352844814817288e-01,5.116863724675615455e-01,4.445878987437080210e-01
1.316143749999999955e+03,8.675342985728003997e-01,5.081445974856824144e-01,4.408494500822179862e-01
1.316162499999999909e+03,8.662282306454915926e-01,5.046093652201963931e-01,4.371233205675166822e-01
1.316181250000000091e+03,8.649171063374820889e-01,5.010808826254971038e-01,4.334097303156010939e-01
1.316200000000000045e+03,8.636009513784197456e-01,4.975593544615595776e-01,4.297088959426323962e-01
1.316218750000000000e+03,8.622797915785839207e-01,4.940449832801959706e-01,4.260210305518072893e-01
1.316237499999999955e+03,8.609536528114807297e-01,4.905379694121880241e-01,4.223463437185110414e-01
1.316256249999999909e+03,8.596225610427221664e-01,4.870385109547556990e-01,4.186850414990484492e-01
1.316275000000000091e+03,8.582865423094996338e-01,4.835468037588344092e-01,4.150373264150916119e-01
1.316293750000000045e+03,8.569456227289161676e-01,4.800630414185922956e-01,4.114033974547117722e-01
1.316312500000000000e+03,8.555998284972879953e-01,4.765874152590033885e-01,4.077834500676300045e-01
1.316331249999999955e+03,8.542491858759415635e-01,4.731201143261122288e-01,4.041776761567710263e-01
1.316349999999999909e+03,8.528937212021154846e-01,4.696613253765713480e-01,4.005862640816340026e-01
1.316368750000000091e+03,8.515334608966704799e-01,4.662112328677401885e-01,3.970093986607898806e-01
1.316387500000000045e+03,8.501684314422143229e-01,4.627700189490226990e-01,3.934472611619306837e-01
1.316406250000000000e+03,8.487986594017761233e-01,4.593378634527063853e-01,3.899000293109219362e-01
1.316424999999999955e+03,8.474241714045271934e-01,4.559149438858854930e-01,3.863678772867065181e-01
1.316443749999999909e+03,8.460449941465398860e-01,4.525014354225615487e-01,3.828509757237962274e-01
1.316462500000000091e+03,8.446611544046106479e-01,4.490975108968177643e-01,3.793494917218552254e-01
1.316481250000000045e+03,8.432726790089661861e-01,4.457033407957191606e-01,3.758635888367659050e-01
1.316500000000000000e+03,8.418795948784475458e-01,4.423190932526167574e-01,3.723934271005542307e-01
1.316518749999999955e+03,8.404819289767857526e-01,4.389449340419573908e-01,3.689391630075476436e-01
1.316537499999999909e+03,8.390797083461997152e-01,4.355810265736687614e-01,3.655009495350488580e-01
1.316556250000000091e+03,8.376729601007449899e-01,4.322275318877947248e-01,3.620789361464534784e-01
1.316575000000000045e+03,8.362617114036036137e-01,4.288846086508381616e-01,3.586732687893459115e-01
1.316593750000000000e+03,8.348459894907871437e-01,4.255524131510254326e-01,3.552840899131932129e-01
1.316612499999999955e+03,8.334258216660099805e-01,4.222310992951247566e-01,3.519115384759797793e-01
1.316631249999999909e+03,8.320012352858098259e-01,4.189208186052794658e-01,3.485557499471564347e-01
1.316650000000000091e+03,8.305722577745248136e-01,4.156217202163664526e-01,3.452168563240078925e-01
1.316668750000000045e+03,8.291389166121283516e-01,4.123339508739430892e-01,3.418949861372946319e-01
1.316687500000000000e+03,8.277012393502010124e-01,4.090576549320680266e-01,3.385902644688046359e-01
1.316706249999999955e+03,8.262592535854024201e-01,4.057929743524933408e-01,3.353028129527461654e-01
1.316724999999999909e+03,8.248129869809259773e-01,4.025400487035788455e-01,3.320327497969964847e-01
1.316743750000000091e+03,8.233624672566898228e-01,3.992990151597141657e-01,3.287801897921182603e-01
1.316762500000000045e+03,8.219077221886580409e-01,3.960700085015267380e-01,3.255452443250751449e-01
1.316781250000000000e+03,8.204487796088579810e-01,3.928531611163734727e-01,3.223280213937033123e-01
1.316799999999999955e+03,8.189856674045850049e-01,3.896486029987662469e-01,3.191286256210428829e-01
1.316818749999999909e+03,8.175184135175647127e-01,3.864564617521991652e-01,3.159471582710461357e-01
1.316837500000000091e+03,8.160470459423072587e-01,3.832768625903421045e-01,3.127837172636882546e-01
1.316856250000000045e+03,8.145715927279697510e-01,3.801099283394855366e-01,3.096383971926829903e-01
1.316875000000000000e+03,8.130920819784700493e-01,3.769557794407661921e-01,3.065112893425297469e-01
1.316893749999999955e+03,8.116085418425857956e-01,3.738145339533535672e-01,3.034024817027999310e-01
1.316912499999999909e+03,8.101210005176151530e-01,3.706863075576194988e-01,3.003120589878178204e-01
1.316931250000000091e+03,8.086294862632964486e-01,3.675712135587090867e-01,2.972401026605570595e-01
1.316950000000000045e+03,8.071340273744170846e-01,3.644693628909783656e-01,2.941866909421078646e-01
1.316968750000000000e+03,8.056346522028946522e-01,3.613808641220064843e-01,2.911518988393628216e-01
1.316987499999999955e+03,8.041313891460201146e-01,3.583058234580059898e-01,2.881357981614699471e-01
1.317006249999999909e+03,8.026242666370840828e-01,3.552443447485323369e-01,2.851384575369476093e-01
1.317025000000000091e+03,8.011133131698376930e-01,3.521965294926463486e-01,2.821599424442151061e-01
1.317043750000000045e+03,7.995985572762269733e-01,3.491624768445036331e-01,2.792003152250513431e-01
1.317062500000000000e+03,7.980800275330414140e-01,3.461422836199161690e-01,2.762596351093943303e-01
1.317081249999999955e+03,7.965577525572242745e-01,3.431360443028760310e-01,2.733379582362381877e-01
1.317099999999999909e+03,7.950317610080033237e-01,3.401438510528951853e-01,2.704353376777200446e-01
1.317118750000000091e+03,7.935020815935894811e-01,3.371657937121740889e-01,2.675518234646974691e-01
1.317137500000000045e+03,7.919687430504008807e-01,3.342019598136387049e-01,2.646874626038387412e-01
1.317156250000000000e+03,7.904317741709292466e-01,3.312524345889285571e-01,2.618422991112695497e-01
1.317174999999999955e+03,7.888912037683991629e-01,3.283173009767260120e-01,2.590163740253544344e-01
1.317193749999999909e+03,7.873470607066269666e-01,3.253966396318652143e-01,2.562097254420367953e-01
1.317212500000000091e+03,7.857993738819525342e-01,3.224905289340661008e-01,2.534223885339980109e-01
1.317231250000000045e+03,7.842481722300257418e-01,3.195990449975676939e-01,2.506543955788764766e-01
1.317250000000000000e+03,7.826934847174525922e-01,3.167222616811358193e-01,2.479057759829506324e-01
1.317268749999999955e+03,7.811353403513487947e-01,3.138602505976921808e-01,2.451765563103683321e-01
1.317287499999999909e+03,7.795737681690860787e-01,3.110130811247584504e-01,2.424667603067635901e-01
1.317306250000000091e+03,7.780087972460135726e-01,3.081808204154500852e-01,2.397764089290845002e-01
1.317325000000000045e+03,7.764404566752669545e-01,3.053635334093268705e-01,2.371055203667132294e-01
1.317343750000000000e+03,7.748687756058711962e-01,3.025612828434185997e-01,2.344541100807565337e-01
1.317362499999999955e+03,7.732937831980690735e-01,2.997741292640324628e-01,2.318221908185388036e-01
1.317381249999999909e+03,7.717155086459204227e-01,2.970021310385909663e-01,2.292097726488888931e-01
1.317400000000000091e+03,7.701339811754372988e-01,2.942453443676291691e-01,2.266168629900104925e-01
1.317418750000000045e+03,7.685492300438290236e-01,2.915038232973051202e-01,2.240434666381357909e-01
1.317437500000000000e+03,7.669612845278965807e-01,2.887776197318761007e-01,2.214895857930580247e-01
1.317456249999999955e+03,7.653701739398894865e-01,2.860667834468565429e-01,2.189552200922530723e-01
1.317474999999999909e+03,7.637759276049252977e-01,2.833713621020697571e-01,2.164403666337837429e-01
1.317493750000000091e+03,7.621785748879272848e-01,2.806914012548989978e-01,2.139450200136302771e-01
1.317512500000000045e+03,7.605781451670788895e-01,2.780269443744242119e-01,2.114691723483965169e-01
1.317531250000000000e+03,7.589746678566812177e-01,2.753780328548071643e-01,2.090128133114705355e-01
1.317549999999999955e+03,7.573681723757079709e-01,2.727447060297854553e-01,2.065759301548467375e-01
1.317568749999999909e+03,7.557586881735816053e-01,2.701270011868731613e-01,2.041585077466660236e-01
1.317587500000000091e+03,7.541462447226396915e-01,2.675249535820182212e-01,2.017605285997654541e-01
1.317606250000000045e+03,7.525308715161963535e-01,2.649385964544204719e-01,1.993819729019259690e-01
1.317625000000000000e+03,7.509125980627171515e-01,2.623679610416739250e-01,1.970228185453460901e-01
1.317643749999999955e+03,7.492914538889502429e-01,2.598130765947255227e-01,1.946830411583600207e-01
1.317662499999999909e+03,7.476674685413131627e-01,2.572739703935442712e-01,1.923626141371522769e-01
1.317681250000000091e+03,7.460406715797021082e-01,2.547506677627588978e-01,1.900615086754515459e-01
1.317700000000000045e+03,7.444110925871424422e-01,2.522431920874347866e-01,1.877796937983687020e-01
1.317718750000000000e+03,7.427787611504241827e-01,2.497515648289847234e-01,1.855171363888885316e-01
1.317737499999999955e+03,7.411437068808008899e-01,2.472758055416431067e-01,1.832738012249172654e-01
1.317756249999999909e+03,7.395059593997749259e-01,2.448159318884637059e-01,1.810496510070553067e-01
1.317775000000000091e+03,7.378655483395580861e-01,2.423719596583005786e-01,1.788446463907983341e-01
1.317793750000000045e+03,7.362225033398573926e-01,2.399439027822520276e-01,1.766587460173752455e-01
1.317812500000000000e+03,7.345768540626942400e-01,2.375317733504848372e-01,1.744919065491204457e-01
1.317831249999999955e+03,7.329286301760409295e-01,2.351355816294242174e-01,1.723440826974843298e-01
1.317849999999999909e+03,7.312778613500325875e-01,2.327553360789855752e-01,1.702152272541493094e-01
1.317868750000000091e+03,7.296245772735606705e-01,2.303910433696899074e-01,1.681052911267169603e-01
1.317887500000000045e+03,7.279688076318191481e-01,2.280427084001837856e-01,1.660142233654547383e-01
1.317906250000000000e+03,7.263105821282496155e-01,2.257103343150439478e-01,1.639419712004869800e-01
1.317924999999999955e+03,7.246499304640089401e-01,2.233939225222491831e-01,1.618884800688397685e-01
1.317943749999999909e+03,7.229868823516822918e-01,2.210934727111371068e-01,1.598536936495877636e-01
1.317962500000000091e+03,7.213214675051687896e-01,2.188089828703266848e-01,1.578375538934583544e-01
1.317981250000000045e+03,7.196537156398998825e-01,2.165404493061030833e-01,1.558400010550275994e-01
1.318000000000000000e+03,7.179836564802583032e-01,2.142878666600644966e-01,1.538609737258016807e-01
1.318018749999999955e+03,7.163113197442756430e-01,2.120512279278215784e-01,1.519004088630139526e-01
1.318037499999999909e+03,7.146367351563971404e-01,2.098305244773922551e-01,1.499582418241654502e-01
1.318056250000000091e+03,7.129599324392301707e-01,2.076257460674019173e-01,1.480344063967600210e-01
1.318075000000000045e+03,7.112809413222320742e-01,2.054368808661482804e-01,1.461288348321097552e-01
1.318093750000000000e+03,7.095997915190653815e-01,2.032639154696884165e-01,1.442414578718183293e-01
1.318112499999999955e+03,7.079165127610234087e-01,2.011068349209688688e-01,1.423722047864369178e-01
1.318131249999999909e+03,7.062311347524994343e-01,1.989656227286408785e-01,1.405210033978010475e-01
1.318150000000000091e+03,7.045436872151197294e-01,1.968402608856674174e-01,1.386877801190971038e-01
1.318168750000000045e+03,7.028541998513566647e-01,1.947307298887420157e-01,1.368724599791028562e-01
1.318187500000000000e+03,7.011627023740479858e-01,1.926370087567439160e-01,1.350749666587488518e-01
1.318206249999999955e+03,6.994692244742412024e-01,1.905590750502240416e-01,1.332952225161213589e-01
1.318224999999999909e+03,6.977737958412516539e-01,1.884969048903831212e-01,1.315331486211872292e-01
1.318243750000000091e+03,6.960764461587901630e-01,1.864504729781473746e-01,1.297886647857094122e-01
1.318262500000000045e+03,6.943772051063424877e-01,1.844197526135544773e-01,1.280616895942265354e-01
1.318281250000000000e+03,6.926761023455673127e-01,1.824047157149044918e-01,1.263521404319460639e-01
1.318299999999999955e+03,6.909731675290949893e-01,1.804053328380357812e-01,1.246599335167556388e-01
1.318318749999999909e+03,6.892684303018482561e-01,1.784215731955401119e-01,1.229849839295732161e-01
1.318337500000000091e+03,6.875619203001732682e-01,1.764534046762638586e-01,1.213272056443131242e-01
1.318356250000000045e+03,6.858536671394568351e-01,1.745007938645226353e-01,1.196865115554718167e-01
1.318375000000000000e+03,6.841437004282481249e-01,1.725637060595882066e-01,1.180628135104351828e-01
1.318393749999999955e+03,6.824320497630899096e-01,1.706421052948883799e-01,1.164560223379432352e-01
1.318412499999999909e+03,6.807187447085915055e-01,1.687359543574695198e-01,1.148660478741164448e-01
1.318431250000000091e+03,6.790038148404174967e-01,1.668452148073328312e-01,1.132927989989264556e-01
1.318450000000000045e+03,6.772872896953928690e-01,1.649698469970166947e-01,1.117361836568287192e-01
1.318468750000000000e+03,6.755691988059334685e-01,1.631098100906348547e-01,1.101961088911462411e-01
1.318487499999999955e+03,6.738495716842897165e-01,1.612650620834836512e-01,1.086724808701622497e-01
1.318506249999999909e+03,6.721284378153938865e-01,1.594355598213029190e-01,1.071652049143241858e-01
1.318525000000000091e+03,6.704058266785968279e-01,1.576212590195241459e-01,1.056741855278691550e-01
1.318543750000000045e+03,6.686817677199405896e-01,1.558221142827337924e-01,1.041993264224457538e-01
1.318562500000000000e+03,6.669562903730212877e-01,1.540380791239478464e-01,1.027405305481872977e-01
1.318581249999999955e+03,6.652294240452353291e-01,1.522691059835104832e-01,1.012977001188321013e-01
1.318599999999999909e+03,6.635011981191344388e-01,1.505151462488919234e-01,9.987073663965660708e-02
1.318618750000000091e+03,6.617716419657246885e-01,1.487761502733601915e-01,9.845954093620810921e-02
1.318637500000000045e+03,6.600407849166735064e-01,1.470520673953881197e-01,9.706401317713597710e-02
1.318656250000000000e+03,6.583086562884965520e-01,1.453428459576666942e-01,9.568405290439055411e-02
1.318674999999999955e+03,6.565752853664391653e-01,1.436484333260741042e-01,9.431955905714056732e-02
1.318693749999999909e+03,6.548407014115649183e-01,1.419687759088537338e-01,9.297042999907176308e-02
1.318712500000000091e+03,6.531049336575103226e-01,1.403038191753641084e-01,9.163656354366608858e-02
1.318731250000000045e+03,6.513680113143367478e-01,1.386535076750317619e-01,9.031785698041423782e-02
1.318750000000000000e+03,6.496299635578753895e-01,1.370177850562386557e-01,8.901420709874068027e-02
1.318768749999999955e+03,6.478908195344809107e-01,1.353965940848936012e-01,8.772551021369512370e-02
1.318787499999999909e+03,6.461506083547496893e-01,1.337898766632947267e-01,8.645166219009051134e-02
1.318806250000000091e+03,6.444093591155749534e-01,1.321975738486334540e-01,8.519255846999351789e-02
1.318825000000000045e+03,6.426671008679933905e-01,1.306196258716364189e-01,8.394809409279230250e-02
1.318843750000000000e+03,6.409238626326886346e-01,1.290559721548509287e-01,8.271816372126926387e-02
1.318862499999999955e+03,6.391796733991901291e-01,1.275065513312311216e-01,8.150266166541855761e-02
1.318881249999999909e+03,6.374345621176338295e-01,1.259713012622280803e-01,8.030148190479365067e-02
1.318900000000000091e+03,6.356885577130879650e-01,1.244501590562017701e-01,7.911451811372190168e-02
1.318918750000000045e+03,6.339416890686500050e-01,1.229430610863727069e-01,7.794166368203177264e-02
1.318937500000000000e+03,6.321939850344029388e-01,1.214499430089172743e-01,7.678281173894281608e-02
1.318956249999999955e+03,6.304454744201702932e-01,1.199707397809656184e-01,7.563785517464458041e-02
1.318974999999999909e+03,6.286961859948917430e-01,1.185053856782752463e-01,7.450668666229648407e-02
1.318993750000000091e+03,6.269461484976570631e-01,1.170538143130977343e-01,7.338919868129507862e-02
1.319012500000000045e+03,6.251953906262465166e-01,1.156159586518736015e-01,7.228528353751199897e-02
1.319031250000000000e+03,6.234439410309430274e-01,1.141917510325395069e-01,7.119483338376722537e-02
1.319049999999999955e+03,6.216918283333731088e-01,1.127811231821402443e-01,7.011774024314477993e-02
1.319068749999999909e+03,6.199390811017978509e-01,1.113840062340460679e-01,6.905389602682786288e-02
1.319087500000000091e+03,6.181857278733658978e-01,1.100003307452446233e-01,6.800319255713060951e-02
1.319106250000000045e+03,6.164317971271204843e-01,1.086300267132447317e-01,6.696552158453168702e-02
1.319125000000000000e+03,6.146773173248476496e-01,1.072730235933467557e-01,6.594077481221188863e-02
1.319143749999999955e+03,6.129223168524485788e-01,1.059292503151338938e-01,6.492884390901820790e-02
1.319162499999999909e+03,6.111668240727269330e-01,1.045986352995004337e-01,6.392962053466574868e-02
1.319181250000000091e+03,6.094108673006902732e-01,1.032811064750528696e-01,6.294299635590606956e-02
1.319200000000000045e+03,6.076544747897048016e-01,1.019765912947958875e-01,6.196886306395429922e-02
1.319218750000000000e+03,6.058976747702035093e-01,1.006850167522302109e-01,6.100711239673620168e-02
1.319237499999999955e+03,6.041404954051525777e-01,9.940630939783789977e-02,6.005763615257727478e-02
1.319256249999999909e+03,6.023829648101630685e-01,9.814039535503729650e-02,5.912032621003854987e-02
1.319275000000000091e+03,6.006251110681843919e-01,9.688720033612303884e-02,5.819507454684697684e-02
1.319293750000000045e+03,5.988669621970020840e-01,9.564664965829021426e-02,5.728177325403563391e-02
1.319312500000000000e+03,5.971085461660864402e-01,9.441866825897722582e-02,5.638031455436180034e-02
1.319331249999999955e+03,5.953498909035366271e-01,9.320318071186084463e-02,5.549059081985235897e-02
1.319349999999999909e+03,5.935910242659905300e-01,9.200011124195281442e-02,5.461249458514039201e-02
1.319368750000000091e+03,5.918319740803336115e-01,9.080938374096560184e-02,5.374591856748794916e-02
1.319387500000000045e+03,5.900727681028069549e-01,8.963092178258325049e-02,5.289075567883775447e-02
1.319406250000000000e+03,5.883134340488895830e-01,8.846464863725156391e-02,5.204689904392104799e-02
1.319424999999999955e+03,5.865539995674043938e-01,8.731048728718876495e-02,5.121424201320700503e-02
1.319443749999999909e+03,5.847944922606165274e-01,8.616836044104304870e-02,5.039267817957836237e-02
1.319462500000000091e+03,5.830349396695189146e-01,8.503819054840666691e-02,4.958210139161760288e-02
1.319481250000000045e+03,5.812753692827897778e-01,8.391989981440478585e-02,4.878240576881788526e-02
1.319500000000000000e+03,5.795158085274896287e-01,8.281341021369156841e-02,4.799348571467100533e-02
1.319518749999999955e+03,5.777562847782753419e-01,8.171864350481394812e-02,4.721523593134259456e-02
1.319537499999999909e+03,5.759968253457731224e-01,8.063552124403196297e-02,4.644755143208803561e-02
1.319556250000000091e+03,5.742374574868600590e-01,7.956396479916082176e-02,4.569032755530116896e-02
1.319575000000000045e+03,5.724782083897027585e-01,7.850389536335003471e-02,4.494345997627906264e-02
1.319593750000000000e+03,5.707191051940536664e-01,7.745523396847481257e-02,4.420684472139309318e-02
1.319612499999999955e+03,5.689601749676348463e-01,7.641790149840252400e-02,4.348037817851006098e-02
1.319631249999999909e+03,5.672014447216879862e-01,7.539181870244579531e-02,4.276395711042638853e-02
1.319650000000000091e+03,5.654429414051158620e-01,7.437690620817974385e-02,4.205747866605802354e-02
1.319668750000000045e+03,5.636846919004265821e-01,7.337308453451069079e-02,4.136084039175182137e-02
1.319687500000000000e+03,5.619267230373754529e-01,7.238027410421028762e-02,4.067394024341020736e-02
1.319706249999999955e+03,5.601690615616442548e-01,7.139839525673107035e-02,3.999667659529638347e-02
1.319724999999999909e+03,5.584117341671382961e-01,7.042736826036367914e-02,3.932894825294801916e-02
1.319743750000000091e+03,5.566547674853915550e-01,6.946711332467042643e-02,3.867065446289412456e-02
1.319762500000000045e+03,5.548981880719223714e-01,6.851755061262448931e-02,3.802169492187763844e-02
1.319781250000000000e+03,5.531420224219992798e-01,6.757860025236320234e-02,3.738196978774806917e-02
1.319799999999999955e+03,5.513862969623233301e-01,6.665018234911702921e-02,3.675137968857959681e-02
1.319818749999999909e+03,5.496310380472112511e-01,6.573221699674995644e-02,3.612982573173919437e-02
1.319837500000000091e+03,5.478762719721202989e-01,6.482462428932318776e-02,3.551720951393806669e-02
1.319856250000000045e+03,5.461220249457722220e-01,6.392732433231566869e-02,3.491343312820089501e-02
1.319875000000000000e+03,5.443683231299962788e-01,6.304023725378700427e-02,3.431839917505191684e-02
1.319893749999999955e+03,5.426151925975767343e-01,6.216328321533992618e-02,3.373201076811293414e-02
1.319912499999999909e+03,5.408626593567650298e-01,6.129638242298067474e-02,3.315417154378760139e-02
1.319931250000000091e+03,5.391107493507616422e-01,6.043945513774127282e-02,3.258478566900973455e-02
1.319950000000000045e+03,5.373594884363254165e-01,5.959242168623650471e-02,3.202375784755251420e-02
1.319968750000000000e+03,5.356089024083326988e-01,5.875520247092885090e-02,3.147099332882757200e-02
1.319987499999999955e+03,5.338590169882250214e-01,5.792771798034623137e-02,3.092639791428367091e-02
1.320006249999999909e+03,5.321098578136834734e-01,5.710988879915506605e-02,3.038987796369858885e-02
1.320025000000000091e+03,5.303614504576370514e-01,5.630163561789331556e-02,2.986134040283622629e-02
1.320043750000000045e+03,5.286138204157272424e-01,5.550287924276142704e-02,2.934069272913833112e-02
1.320062500000000000e+03,5.268669931067878620e-01,5.471354060517841927e-02,2.882784301791298937e-02
1.320081249999999955e+03,5.251209938744919592e-01,5.393354077112663680e-02,2.832269992832265812e-02
1.320099999999999909e+03,5.233758479846252198e-01,5.316280095030660041e-02,2.782517270888537966e-02
1.320118750000000091e+03,5.216315806212876716e-01,5.240124250533656491e-02,2.733517120281112045e-02
1.320137500000000045e+03,5.198882168992940978e-01,5.164878696058812502e-02,2.685260585385763898e-02
1.320156250000000000e+03,5.181457818506641777e-01,5.090535601088447965e-02,2.637738771059982418e-02
1.320174999999999955e+03,5.164043004316104524e-01,5.017087153017299461e-02,2.590942843163625969e-02
1.320193749999999909e+03,5.146637975036891799e-01,4.944525557992440062e-02,2.544864028920852672e-02
1.320212500000000091e+03,5.129242978743011605e-01,4.872843041740900633e-02,2.499493617559649453e-02
1.320231250000000045e+03,5.111858262506721040e-01,4.802031850383243344e-02,2.454822960498009854e-02
1.320250000000000000e+03,5.094484072632811111e-01,4.732084251222377913e-02,2.410843471852690961e-02
1.320268749999999955e+03,5.077120654640467912e-01,4.662992533538500711e-02,2.367546628810650311e-02
1.320287499999999909e+03,5.059768253184223630e-01,4.594749009340892004e-02,2.324923971938649622e-02
1.320306250000000091e+03,5.042427112134109102e-01,4.527346014130313040e-02,2.282967105561247920e-02
1.320325000000000045e+03,5.025097474494909511e-01,4.460775907622071407e-02,2.241667698031636277e-02
1.320343750000000000e+03,5.007779582487209558e-01,4.395031074476214022e-02,2.201017482068511402e-02
1.320362499999999955e+03,4.990473677402718078e-01,4.330103924994881809e-02,2.161008254963716138e-02
1.320381249999999909e+03,4.973179999707492138e-01,4.265986895814932733e-02,2.121631878887397793e-02
1.320400000000000091e+03,4.955898789099454915e-01,4.202672450585361041e-02,2.082880281150998117e-02
1.320418750000000045e+03,4.938630284311428809e-01,4.140153080624195403e-02,2.044745454341415428e-02
1.320437500000000000e+03,4.921374723267147311e-01,4.078421305559431359e-02,2.007219456587754428e-02
1.320456249999999955e+03,4.904132343043424158e-01,4.017469673966216070e-02,1.970294411731821418e-02
1.320474999999999909e+03,4.886903379758794075e-01,3.957290763979682408e-02,1.933962509448449579e-02
1.320493750000000091e+03,4.869688068772257128e-01,3.897877183896045206e-02,1.898216005474688897e-02
1.320512500000000045e+03,4.852486644442283170e-01,3.839221572758003131e-02,1.863047221645339549e-02
1.320531250000000000e+03,4.835299340314579974e-01,3.781316600930901412e-02,1.828448546084770338e-02
1.320549999999999955e+03,4.818126389011345156e-01,3.724154970656911451e-02,1.794412433260658690e-02
1.320568749999999909e+03,4.800968022301294602e-01,3.667729416599017911e-02,1.760931404093519018e-02
1.320587500000000091e+03,4.783824471029096692e-01,3.612032706372191732e-02,1.727998045997669249e-02
1.320606250000000045e+03,4.766695965038516558e-01,3.557057641062904424e-02,1.695605012907665243e-02
1.320625000000000000e+03,4.749582733444083216e-01,3.502797055723885777e-02,1.663745025408643746e-02
1.320643749999999955e+03,4.732485004337842471e-01,3.449243819865057542e-02,1.632410870652554330e-02
1.320662499999999909e+03,4.715403004871743797e-01,3.396390837935246015e-02,1.601595402398628756e-02
1.320681250000000091e+03,4.698336961305123460e-01,3.344231049770526876e-02,1.571291541015468196e-02
1.320700000000000045e+03,4.681287098969343918e-01,3.292757431054853939e-02,1.541492273452169104e-02
1.320718750000000000e+03,4.664253642294405311e-01,3.241962993744251093e-02,1.512190653205659242e-02
1.320737499999999955e+03,4.647236814751681266e-01,3.191840786498327531e-02,1.483379800256295553e-02
1.320756249999999909e+03,4.630236838797196497e-01,3.142383895075289563e-02,1.455052900980877313e-02
1.320775000000000091e+03,4.613253936046968207e-01,3.093585442740599128e-02,1.427203208138243945e-02
1.320793750000000045e+03,4.596288327135311658e-01,3.045438590643949339e-02,1.399824040731388435e-02
1.320812500000000000e+03,4.579340231763108782e-01,2.997936538188095482e-02,1.372908783920101516e-02
1.320831249999999955e+03,4.562409868577952388e-01,2.951072523386249688e-02,1.346450888870689110e-02
1.320849999999999909e+03,4.545497455328373904e-01,2.904839823209017999e-02,1.320443872677389691e-02
1.320868750000000091e+03,4.528603208828164139e-01,2.859231753915863344e-02,1.294881318211819204e-02
1.320887500000000045e+03,4.511727344878005419e-01,2.814241671374487566e-02,1.269756873949842713e-02
1.320906250000000000e+03,4.494870078356841825e-01,2.769862971373005314e-02,1.245064253838390825e-02
1.320924999999999955e+03,4.478031623090827362e-01,2.726089089909406946e-02,1.220797237083214200e-02
1.320943749999999909e+03,4.461212191955893913e-01,2.682913503481960255e-02,1.196949667997658853e-02
1.320962500000000091e+03,4.444411996810337939e-01,2.640329729360973987e-02,1.173515455790111357e-02
1.320981250000000045e+03,4.427631248574288025e-01,2.598331325847251169e-02,1.150488574380220327e-02
1.321000000000000000e+03,4.410870157235934896e-01,2.556911892525651903e-02,1.127863062187204127e-02
1.321018749999999955e+03,4.394128931609596611e-01,2.516065070499945433e-02,1.105633021842457667e-02
1.321037499999999909e+03,4.377407779600774873e-01,2.475784542622949322e-02,1.083792620026854774e-02
1.321056250000000091e+03,4.360706908162692574e-01,2.436064033711074148e-02,1.062336087215048387e-02
1.321075000000000045e+03,4.344026523177083043e-01,2.396897310753250479e-02,1.041257717395925077e-02
1.321093750000000000e+03,4.327366829493063949e-01,2.358278183099532174e-02,1.020551867820114131e-02
1.321112499999999955e+03,4.310728031005297001e-01,2.320200502652035313e-02,1.000212958752697869e-02
1.321131249999999909e+03,4.294110330579488100e-01,2.282658164030897455e-02,9.802354731746348512e-03
1.321150000000000091e+03,4.277513929964943395e-01,2.245645104745831039e-02,9.606139564817291546e-03
1.321168750000000045e+03,4.260939030029011754e-01,2.209155305343246667e-02,9.413430162425779832e-03
1.321187500000000000e+03,4.244385830538304205e-01,2.173182789550822183e-02,9.224173218484702994e-03
1.321206249999999955e+03,4.227854530194241067e-01,2.137721624408892365e-02,9.038316042135936465e-03
1.321224999999999909e+03,4.211345326662573330e-01,2.102765920399014485e-02,8.855806554689133955e-03
1.321243750000000091e+03,4.194858416661989553e-01,2.068309831548113820e-02,8.676593286544189224e-03
1.321262500000000045e+03,4.178393995796372828e-01,2.034347555543866357e-02,8.500625373594059703e-03
1.321281250000000000e+03,4.161952258644235902e-01,2.000873333818539712e-02,8.327852554017949743e-03
1.321299999999999955e+03,4.145533398713945883e-01,1.967881451640283996e-02,8.158225164799132526e-03
1.321318749999999909e+03,4.129137608431830975e-01,1.935366238186979684e-02,7.991694138219275143e-03
1.321337500000000091e+03,4.112765079260479739e-01,1.903322066616175423e-02,7.828210998564861384e-03
1.321356250000000045e+03,4.096416001543586316e-01,1.871743354119705799e-02,7.667727858215474430e-03
1.321375000000000000e+03,4.080090564592506741e-01,1.840624561973304429e-02,7.510197414167359836e-03
1.321393749999999955e+03,4.063788956635683847e-01,1.809960195580275627e-02,7.355572944250390009e-03
1.321412499999999909e+03,4.047511364762976793e-01,1.779744804504522146e-02,7.203808303285464364e-03
1.321431250000000091e+03,4.031257975146435024e-01,1.749972982488048542e-02,7.054857919657702738e-03
1.321450000000000045e+03,4.015028972763904913e-01,1.720639367476207299e-02,6.908676791012665838e-03
1.321468750000000000e+03,3.998824541598199889e-01,1.691738641618347957e-02,6.765220480694156963e-03
1.321487499999999955e+03,3.982644864473610657e-01,1.663265531270499351e-02,6.624445113541491820e-03
1.321506249999999909e+03,3.966490123214526098e-01,1.635214806989422620e-02,6.486307372196863791e-03
1.321525000000000091e+03,3.950360498500169459e-01,1.607581283512245912e-02,6.350764492831384271e-03
1.321543750000000045e+03,3.934256169905326339e-01,1.580359819740285304e-02,6.217774261198511301e-03
1.321562500000000000e+03,3.918177316045194924e-01,1.553545318702643542e-02,6.087295008755912173e-03
1.321581249999999955e+03,3.902124114303877067e-01,1.527132727521705521e-02,5.959285608131004684e-03
1.321599999999999909e+03,3.886096741032372681e-01,1.501117037367901905e-02,5.833705469288235669e-03
1.321618750000000091e+03,3.870095371435055553e-01,1.475493283406948720e-02,5.710514535173224181e-03
1.321637500000000045e+03,3.854120179718227290e-01,1.450256544745845422e-02,5.589673277747851492e-03
1.321656250000000000e+03,3.838171338916691600e-01,1.425401944360411843e-02,5.471142693471690681e-03
1.321674999999999955e+03,3.822249020992881663e-01,1.400924649029661705e-02,5.354884299218229914e-03
1.321693749999999909e+03,3.806353396694472369e-01,1.376819869254758757e-02,5.240860127785688244e-03
1.321712500000000091e+03,3.790484635849991624e-01,1.353082859175044721e-02,5.129032724012264587e-03
1.321731250000000045e+03,3.774642907019517546e-01,1.329708916476741130e-02,5.019365139967143369e-03
1.321750000000000000e+03,3.758828377750360050e-01,1.306693382298171682e-02,4.911820930972429257e-03
1.321768749999999955e+03,3.743041214446169995e-01,1.284031641123903333e-02,4.806364151056416976e-03
1.321787499999999909e+03,3.727281582316114839e-01,1.261719120678207046e-02,4.702959348529706443e-03
1.321806250000000091e+03,3.711549645598750113e-01,1.239751291809767196e-02,4.601571561882613834e-03
1.321825000000000045e+03,3.695845567304313350e-01,1.218123668374206624e-02,4.502166315066329950e-03
1.321843750000000000e+03,3.680169509380042392e-01,1.196831807103993124e-02,4.404709613276020820e-03
1.321862499999999955e+03,3.664521632571547949e-01,1.175871307483049820e-02,4.309167938382396992e-03
1.321881249999999909e+03,3.648902096528340855e-01,1.155237811607129177e-02,4.215508244620701055e-03
1.321900000000000091e+03,3.633311059888586492e-01,1.134927004044780467e-02,4.123697954256548732e-03
1.321918750000000045e+03,3.617748679996889982e-01,1.114934611690990285e-02,4.033704952817847994e-03
1.321937500000000000e+03,3.602215113153790504e-01,1.095256403617319609e-02,3.945497584943138264e-03
1.321956249999999955e+03,3.586710514527420846e-01,1.075888190913431436e-02,3.859044649819171838e-03
1.321974999999999909e+03,3.571235038084578650e-01,1.056825826531772837e-02,3.774315396675318336e-03
1.321993750000000091e+03,3.555788836752139526e-01,1.038065205117926978e-02,3.691279520488365950e-03
1.322012500000000045e+03,3.540372062233863582e-01,1.019602262846701878e-02,3.609907157354197253e-03
1.322031250000000000e+03,3.524984865180618709e-01,1.001432977244804366e-02,3.530168880202375157e-03
1.322049999999999955e+03,3.509627395045477050e-01,9.835533670151934416e-03,3.452035694205384583e-03
1.322068749999999909e+03,3.494299800102242948e-01,9.659594918564658877e-03,3.375479032361546408e-03
1.322087500000000091e+03,3.479002227567577488e-01,9.486474522767591316e-03,3.300470751173140409e-03
1.322106250000000045e+03,3.463734823484766467e-01,9.316133894038897481e-03,3.226983126095738560e-03
1.322125000000000000e+03,3.448497732751648615e-01,9.148534847933341430e-03,3.154988847143561093e-03
1.322143749999999955e+03,3.433291099081685060e-01,8.983639602332494506e-03,3.084461014441678903e-03
1.322162499999999909e+03,3.418115065087269921e-01,8.821410775409155303e-03,3.015373133880982267e-03
1.322181250000000091e+03,3.402969772184448183e-01,8.661811383634497596e-03,2.947699112646335641e-03
1.322200000000000045e+03,3.387855360705074870e-01,8.504804839686918444e-03,2.881413254918306719e-03
1.322218750000000000e+03,3.372771969782659696e-01,8.350354950361902825e-03,2.816490257398073828e-03
1.322237499999999955e+03,3.357719737398228155e-01,8.198425914443816312e-03,2.752905204983988486e-03
1.322256249999999909e+03,3.342698800397702619e-01,8.048982320544625230e-03,2.690633566432993392e-03
1.322275000000000091e+03,3.327709294473350510e-01,7.901989144927125744e-03,2.629651190010575627e-03
1.322293750000000045e+03,3.312751354161861395e-01,7.757411749283732796e-03,2.569934299164517658e-03
1.322312500000000000e+03,3.297825112769024458e-01,7.615215878489007065e-03,2.511459488158751877e-03
1.322331249999999955e+03,3.282930702611556173e-01,7.475367658345430377e-03,2.454203717973356836e-03
1.322349999999999909e+03,3.268068254680979723e-01,7.337833593279088386e-03,2.398144311768976144e-03
1.322368750000000091e+03,3.253237898866111477e-01,7.202580564036179835e-03,2.343258950807496077e-03
1.322387500000000045e+03,3.238439763934097826e-01,7.069575825335270430e-03,2.289525670195235833e-03
1.322406250000000000e+03,3.223673977482078290e-01,6.938787003509514807e-03,2.236922854630648497e-03
1.322424999999999955e+03,3.208940665891916733e-01,6.810182094124916756e-03,2.185429234176931336e-03
1.322443749999999909e+03,3.194239954449122898e-01,6.683729459578183034e-03,2.135023880168269647e-03
1.322462500000000091e+03,3.179571967258704723e-01,6.559397826678005361e-03,2.085686200995886825e-03
1.322481250000000045e+03,3.164936827227349259e-01,6.437156284196870332e-03,2.037395937961412537e-03
1.322500000000000000e+03,3.150334656144925249e-01,6.316974280424523386e-03,1.990133161222711663e-03
1.322518749999999955e+03,3.135765574620541507e-01,6.198821620688000321e-03,1.943878265661232174e-03
1.322537499999999909e+03,3.121229702081051438e-01,6.082668464853824113e-03,1.898611966814825816e-03
1.322556250000000091e+03,3.106727156826891156e-01,5.968485324838248250e-03,1.854315296876048527e-03
1.322575000000000045e+03,3.092258055975906084e-01,5.856243062079576414e-03,1.810969600638048793e-03
1.322593750000000000e+03,3.077822515491079325e-01,5.745912885000313206e-03,1.768556531518525061e-03
1.322612499999999955e+03,3.063420650170863846e-01,5.637466346473512906e-03,1.727058047591350197e-03
1.322631249999999909e+03,3.049052573586812920e-01,5.530875341245806986e-03,1.686456407605845583e-03
1.322650000000000091e+03,3.034718398271004647e-01,5.426112103394680267e-03,1.646734167185740470e-03
1.322668750000000045e+03,3.020418235439102372e-01,5.323149203725460223e-03,1.607874174780547479e-03
1.322687500000000000e+03,3.006152195328901100e-01,5.221959547196393207e-03,1.569859567994134420e-03
1.322706249999999955e+03,2.991920386844532653e-01,5.122516370315991982e-03,1.532673769558680690e-03
1.322724999999999909e+03,2.977722917779156986e-01,5.024793238528378093e-03,1.496300483647379411e-03
1.322743750000000091e+03,2.963559894778953208e-01,4.928764043619272665e-03,1.460723692082903933e-03
1.322762500000000045e+03,2.949431423351667747e-01,4.834403001080157802e-03,1.425927650587553025e-03
1.322781250000000000e+03,2.935337607761582812e-01,4.741684647490206767e-03,1.391896885015006481e-03
1.322799999999999955e+03,2.921278551188129513e-01,4.650583837871939165e-03,1.358616187733404984e-03
1.322818749999999909e+03,2.907254355585784378e-01,4.561075743068723244e-03,1.326070613900633610e-03
1.322837500000000091e+03,2.893265121797156114e-01,4.473135847093719433e-03,1.294245477882860961e-03
1.322856250000000045e+03,2.879310949441467038e-01,4.386739944495052224e-03,1.263126349604133235e-03
1.322875000000000000e+03,2.865391937061061434e-01,4.301864137698722078e-03,1.232699051037203187e-03
1.322893749999999955e+03,2.851508181958549715e-01,4.218484834360976786e-03,1.202949652590086169e-03
1.322912499999999909e+03,2.837659780291084122e-01,4.136578744722539842e-03,1.173864469638646489e-03
1.322931250000000091e+03,2.823846827063452025e-01,4.056122878950518817e-03,1.145430059040861408e-03
1.322950000000000045e+03,2.810069416127620734e-01,3.977094544489038520e-03,1.117633215687502618e-03
1.322968750000000000e+03,2.796327640192844965e-01,3.899471343402811669e-03,1.090460969085946599e-03
1.322987499999999955e+03,2.782621590755951502e-01,3.823231169724983485e-03,1.063900579945220972e-03
1.323006249999999909e+03,2.768951358180921640e-01,3.748352206811013561e-03,1.037939536852809045e-03
1.323025000000000091e+03,2.755317031682079087e-01,3.674812924684148652e-03,1.012565552940987695e-03
1.323043750000000045e+03,2.741718699289461547e-01,3.602592077393044611e-03,9.877665625818066088e-04
1.323062500000000000e+03,2.728156447935852769e-01,3.531668700359234542e-03,9.635307181545761570e-04
1.323081249999999955e+03,2.714630363304843530e-01,3.462022107740843953e-03,9.398463867622246096e-04
1.323099999999999909e+03,2.701140530025344377e-01,3.393631889798007662e-03,9.167021471027628383e-04
1.323118750000000091e+03,2.687687031462606124e-01,3.326477910256304786e-03,8.940867862286511853e-04
1.323137500000000045e+03,2.674269949962380655e-01,3.260540303676605703e-03,8.719892964947461699e-04
1.323156250000000000e+03,2.660889366608492068e-01,3.195799472833106038e-03,8.503988723737989979e-04
1.323174999999999955e+03,2.647545361341946402e-01,3.132236086096677145e-03,8.293049074265534948e-04
1.323193749999999909e+03,2.634238013002875300e-01,3.069831074818676290e-03,8.086969912739937942e-04
1.323212500000000091e+03,2.620967399256516894e-01,3.008565630732386829e-03,7.885649065681224999e-04
1.323231250000000045e+03,2.607733596619365435e-01,2.948421203344733094e-03,7.688986260226216094e-04
1.323250000000000000e+03,2.594536680461266287e-01,2.889379497354395594e-03,7.496883094726032332e-04
1.323268749999999955e+03,2.581376725029547181e-01,2.831422470066401274e-03,7.309243009695068957e-04
1.323287499999999909e+03,2.568253803353431342e-01,2.774532328806319104e-03,7.125971258717148874e-04
1.323306250000000091e+03,2.555167987383306638e-01,2.718691528364575258e-03,6.946974880397634210e-04
1.323325000000000045e+03,2.542119347951929398e-01,2.663882768436459225e-03,6.772162670078315507e-04
1.323343750000000000e+03,2.529107954660942403e-01,2.610088991070217204e-03,6.601445151686045941e-04
1.323362499999999955e+03,2.516133876061542041e-01,2.557293378120328430e-03,6.434734550676422977e-04
1.323381249999999909e+03,2.503197179493911739e-01,2.505479348733965442e-03,6.271944766440367119e-04
1.323400000000000091e+03,2.490297931225454453e-01,2.454630556814791070e-03,6.112991345727008998e-04
1.323418750000000045e+03,2.477436196331803675e-01,2.404730888524081889e-03,5.957791455788111071e-04
1.323437500000000000e+03,2.464612038803156435e-01,2.355764459778645053e-03,5.806263858367620564e-04
1.323456249999999955e+03,2.451825521440404998e-01,2.307715613762375672e-03,5.658328883494003880e-04
1.323474999999999909e+03,2.439076705970412706e-01,2.260568918451330740e-03,5.513908404114968142e-04
1.323493750000000091e+03,2.426365652973837550e-01,2.214309164148391736e-03,5.372925810589729420e-04
1.323512500000000045e+03,2.413692421856920567e-01,2.168921361035909372e-03,5.235305985621045276e-04
1.323531250000000000e+03,2.401057070994696285e-01,2.124390736727389470e-03,5.100975279834732857e-04
1.323549999999999955e+03,2.388459657574534822e-01,2.080702733844932116e-03,4.969861487036588039e-04
1.323568749999999909e+03,2.375900237614399502e-01,2.037843007604223360e-03,4.841893820159403608e-04
1.323587500000000091e+03,2.363378866129438316e-01,1.995797423409675919e-03,4.717002887797861355e-04
1.323606250000000045e+03,2.350895596891065253e-01,1.954552054471259560e-03,4.595120670227618802e-04
1.323625000000000000e+03,2.338450482716514234e-01,1.914093179420872648e-03,4.476180496767617777e-04
1.323643749999999955e+03,2.326043575137602681e-01,1.874407279958006456e-03,4.360117022244497961e-04
1.323662499999999909e+03,2.313674924634801511e-01,1.835481038499120260e-03,4.246866204847401052e-04
1.323681250000000091e+03,2.301344580608974399e-01,1.797301335842233644e-03,4.136365283754398045e-04
1.323700000000000045e+03,2.289052591328052944e-01,1.759855248850816963e-03,4.028552757027575306e-04
1.323718750000000000e+03,2.276799003960600087e-01,1.723130048147006798e-03,3.923368359950291898e-04
1.323737499999999955e+03,2.264583864554626236e-01,1.687113195820362597e-03,3.820753043557189622e-04
1.323756249999999909e+03,2.252407218033486980e-01,1.651792343153073682e-03,3.720648953489303799e-04
1.323775000000000091e+03,2.240269108302180290e-01,1.617155328359280416e-03,3.622999409313059152e-04
1.323793750000000045e+03,2.228169578084161495e-01,1.583190174340974978e-03,3.527748883678657413e-04
1.323812500000000000e+03,2.216108669066546299e-01,1.549885086453940122e-03,3.434842982260817080e-04
1.323831249999999955e+03,2.204086421782321392e-01,1.517228450295189180e-03,3.344228423565552945e-04
1.323849999999999909e+03,2.192102875732636347e-01,1.485208829507123811e-03,3.255853019397693371e-04
1.323868750000000091e+03,2.180158069269052257e-01,1.453814963585982160e-03,3.169665655207216828e-04
1.323887500000000045e+03,2.168252039686107413e-01,1.423035765719748253e-03,3.085616271061706510e-04
1.323906250000000000e+03,2.156384823230183267e-01,1.392860320636065330e-03,3.003655842743962003e-04
1.323924999999999955e+03,2.144556454983785609e-01,1.363277882463594581e-03,2.923736362942943950e-04
1.323943749999999909e+03,2.132766969030817639e-01,1.334277872613621584e-03,2.845810823116911052e-04
1.323962500000000091e+03,2.121016398311137141e-01,1.305849877675231739e-03,2.769833195181736524e-04
1.323981250000000045e+03,2.109304774762710832e-01,1.277983647334282645e-03,2.695758413871017891e-04
1.324000000000000000e+03,2.097632129163734260e-01,1.250669092290742366e-03,2.623542358919853774e-04
1.324018749999999955e+03,2.085998491294787094e-01,1.223896282216686794e-03,2.553141837976342053e-04
1.324037499999999909e+03,2.074403889825866820e-01,1.197655443709378211e-03,2.484514569368384746e-04
1.324056250000000091e+03,2.062848352376407679e-01,1.171936958276071717e-03,2.417619165377185824e-04
1.324075000000000045e+03,2.051331905496887043e-01,1.146731360325998648e-03,2.352415115643290578e-04
1.324093750000000000e+03,2.039854574735422699e-01,1.122029335183318682e-03,2.288862770929154297e-04
1.324112499999999955e+03,2.028416384483631152e-01,1.097821717118878078e-03,2.226923326880767690e-04
1.324131249999999909e+03,2.017017358135666794e-01,1.074099487391791006e-03,2.166558808378394674e-04
1.324150000000000091e+03,2.005657518042316956e-01,1.050853772314501444e-03,2.107732053904894836e-04
1.324168750000000045e+03,1.994336885477623333e-01,1.028075841334516417e-03,2.050406700172861753e-04
1.324187500000000000e+03,1.983055480711615748e-01,1.005757105127994986e-03,1.994547167090284477e-04
1.324206249999999955e+03,1.971813322930579815e-01,9.838891137125874674e-04,1.940118642806244005e-04
1.324224999999999909e+03,1.960610430273253546e-01,9.624635545830127498e-04,1.887087069122693592e-04
1.324243750000000091e+03,1.949446819904878114e-01,9.414722508539199401e-04,1.835419127147984713e-04
1.324262500000000045e+03,1.938322507873198319e-01,9.209071594275466824e-04,1.785082222983592104e-04
1.324281250000000000e+03,1.927237509271534366e-01,9.007603691745619213e-04,1.736044473923000191e-04
1.324299999999999955e+03,1.916191838096086009e-01,8.810240991325157811e-04,1.688274694585436555e-04
1.324318749999999909e+03,1.905185507393907518e-01,8.616906967226577825e-04,1.641742383540151587e-04
1.324337500000000091e+03,1.894218529135503759e-01,8.427526359816219642e-04,1.596417709895255033e-04
1.324356250000000045e+03,1.883290914266386173e-01,8.242025158135680811e-04,1.552271500270828214e-04
1.324375000000000000e+03,1.872402672770238918e-01,8.060330582551007749e-04,1.509275225980539971e-04
1.324393749999999955e+03,1.861553813584890804e-01,7.882371067606003690e-04,1.467400990307668712e-04
1.324412499999999909e+03,1.850744344571639832e-01,7.708076245020718895e-04,1.426621516034976564e-04
1.324431250000000091e+03,1.839974272740868000e-01,7.537376926883861258e-04,1.386910133381139291e-04
1.324450000000000045e+03,1.829243603958713438e-01,7.370205089012762771e-04,1.348240767734713917e-04
1.324468750000000000e+03,1.818552343205962207e-01,7.206493854435085632e-04,1.310587928008051528e-04
1.324487499999999955e+03,1.807900494347285114e-01,7.046177477106513624e-04,1.273926694831522546e-04
1.324506249999999909e+03,1.797288060320950953e-01,6.889191325765979968e-04,1.238232709250178362e-04
1.324525000000000091e+03,1.786715043096028799e-01,6.735471867938730471e-04,1.203482161435888876e-04
1.324543750000000045e+03,1.776181443615115207e-01,6.584956654162100239e-04,1.169651779595444284e-04
1.324562500000000000e+03,1.765687261845635958e-01,6.437584302303372757e-04,1.136718819129232944e-04
1.324581249999999955e+03,1.755232496827235367e-01,6.293294482115432704e-04,1.104661051982178490e-04
1.324599999999999909e+03,1.744817146520067919e-01,6.152027899917581226e-04,1.073456756045106325e-04
1.324618750000000091e+03,1.734441207996210432e-01,6.013726283449371450e-04,1.043084704958507398e-04
1.324637500000000045e+03,1.724104677326585844e-01,5.878332366898350028e-04,1.013524157902371620e-04
1.324656250000000000e+03,1.713807549649251083e-01,5.745789876079977288e-04,9.847548496746372465e-05
1.324674999999999955e+03,1.703549819082369188e-01,5.616043513793176224e-04,9.567569808538642069e-05
1.324693749999999909e+03,1.693331478824806891e-01,5.489038945326989985e-04,9.295112082421190763e-05
1.324712500000000091e+03,1.683152521139725244e-01,5.364722784141308029e-04,9.029986354095660716e-05
1.324731250000000045e+03,1.673012937282287171e-01,5.243042577700326003e-04,8.772008033774925052e-05
1.324750000000000000e+03,1.662912717636223781e-01,5.123946793464778356e-04,8.520996815788922988e-05
1.324768749999999955e+03,1.652851851559630769e-01,5.007384805060055653e-04,8.276776588296645134e-05
1.324787499999999909e+03,1.642830327496346277e-01,4.893306878587487529e-04,8.039175345989946241e-05
1.324806250000000091e+03,1.632848133003984570e-01,4.781664159099658393e-04,7.808025103919070790e-05
1.324825000000000045e+03,1.622905254663818408e-01,4.672408657228599416e-04,7.583161812307185104e-05
1.324843750000000000e+03,1.613001678140677797e-01,4.565493235990221942e-04,7.364425273685199684e-05
1.324862499999999955e+03,1.603137388138122232e-01,4.460871597710886795e-04,7.151659060987326127e-05
1.324881249999999909e+03,1.593312368487602992e-01,4.358498271138331335e-04,6.944710437806843177e-05
1.324900000000000091e+03,1.583526602097476699e-01,4.258328598705652247e-04,6.743430279476646542e-05
1.324918750000000045e+03,1.573780070913528562e-01,4.160318723923895311e-04,6.547672995647221502e-05
1.324937500000000000e+03,1.564072756075901294e-01,4.064425578950034922e-04,6.357296455158486441e-05
1.324956249999999955e+03,1.554404637697583136e-01,3.970606872301381089e-04,6.172161910725737727e-05
1.324974999999999909e+03,1.544775695050730480e-01,3.878821076716235539e-04,5.992133926720136629e-05
1.324993750000000091e+03,1.535185906539469347e-01,3.789027417160419639e-04,5.817080307403764931e-05
1.325012500000000045e+03,1.525635249590751030e-01,3.701185859006138963e-04,5.646872026266817462e-05
1.325031250000000000e+03,1.516123700831195631e-01,3.615257096318516723e-04,5.481383157726567773e-05
1.325049999999999955e+03,1.506651235941970646e-01,3.531202540324514401e-04,5.320490808965024293e-05
1.325068749999999909e+03,1.497217829729286520e-01,3.448984308005813011e-04,5.164075053843196841e-05
1.325087500000000091e+03,1.487823456156394109e-01,3.368565210854700901e-04,5.012018867950003077e-05
1.325106250000000045e+03,1.478468088254608903e-01,3.289908743747964499e-04,4.864208064452360379e-05
1.325125000000000000e+03,1.469151698285104390e-01,3.212979073988436285e-04,4.720531232063747103e-05
1.325143749999999955e+03,1.459874257526973529e-01,3.137741030473404171e-04,4.580879672957284538e-05
1.325162499999999909e+03,1.450635736479609639e-01,3.064160093003631073e-04,4.445147343239564796e-05
1.325181250000000091e+03,1.441436104727739642e-01,2.992202381744544950e-04,4.313230793519104493e-05
1.325200000000000045e+03,1.432275331043283417e-01,2.921834646802683893e-04,4.185029111349203724e-05
1.325218750000000000e+03,1.423153383349331780e-01,2.853024257961803514e-04,4.060443864405129756e-05
1.325237499999999955e+03,1.414070228707375865e-01,2.785739194541810362e-04,3.939379044842307914e-05
1.325256249999999909e+03,1.405025833355916520e-01,2.719948035392840053e-04,3.821741014901656677e-05
1.325275000000000091e+03,1.396020162663139386e-01,2.655619949034574573e-04,3.707438453371351007e-05
1.325293750000000045e+03,1.387053181210668173e-01,2.592724683907650374e-04,3.596382303443758718e-05
1.325312500000000000e+03,1.378124852719011251e-01,2.531232558776728460e-04,3.488485721216850338e-05
1.325331249999999955e+03,1.369235140102113557e-01,2.471114453252164266e-04,3.383664025556948118e-05
1.325349999999999909e+03,1.360384005444184585e-01,2.412341798443682944e-04,3.281834648771856543e-05
1.325368750000000091e+03,1.351571410014757169e-01,2.354886567738198513e-04,3.182917088373871486e-05
1.325387500000000045e+03,1.342797314294911226e-01,2.298721267719696553e-04,3.086832859863762217e-05
1.325406250000000000e+03,1.334061677960007020e-01,2.243818929187952780e-04,2.993505450335438221e-05
1.325424999999999955e+03,1.325364459829286856e-01,2.190153098331981088e-04,2.902860273001781283e-05
1.325443749999999909e+03,1.316705617974044396e-01,2.137697827996087093e-04,2.814824622964765241e-05
1.325462500000000091e+03,1.308085109672866841e-01,2.086427669097090361e-04,2.729327633585647427e-05
1.325481250000000045e+03,1.299502891394670456e-01,2.036317662146566254e-04,2.646300233803490406e-05
1.325500000000000000e+03,1.290958918850818871e-01,1.987343328890050424e-04,2.565675106475616418e-05
1.325518749999999955e+03,1.282453146952449163e-01,1.939480664074035769e-04,2.487386647398673136e-05
1.325537499999999909e+03,1.273985529840919451e-01,1.892706127326953202e-04,2.411370925328430538e-05
1.325556250000000091e+03,1.265556020876645593e-01,1.846996635157494796e-04,2.337565642752841821e-05
1.325575000000000045e+03,1.257164572675468217e-01,1.802329553067041901e-04,2.265910097575170391e-05
1.325593750000000000e+03,1.248811137081199674e-01,1.758682687772249273e-04,2.196345145478459322e-05
1.325612499999999955e+03,1.240495665191017893e-01,1.716034279550424600e-04,2.128813163194189176e-05
1.325631249999999909e+03,1.232218107324085099e-01,1.674362994684799356e-04,2.063258012433911550e-05
1.325650000000000091e+03,1.223978413072304566e-01,1.633647918032727860e-04,1.999625004743645749e-05
1.325668750000000045e+03,1.215776531274562339e-01,1.593868545688500863e-04,1.937860866957008817e-05
1.325687500000000000e+03,1.207612410051025070e-01,1.555004777771558226e-04,1.877913707506937479e-05
1.325706249999999955e+03,1.199485996752815697e-01,1.517036911306513468e-04,1.819732983306602658e-05
1.325724999999999909e+03,1.191397238051748325e-01,1.479945633213975375e-04,1.763269467566145652e-05
1.325743750000000091e+03,1.183346079844481702e-01,1.443712013417412841e-04,1.708475218032754262e-05
1.325762500000000045e+03,1.175332467318192381e-01,1.408317498031445207e-04,1.655303546137543586e-05
1.325781250000000000e+03,1.167356344969054660e-01,1.373743902673889381e-04,1.603708986760914537e-05
1.325799999999999955e+03,1.159417656587472534e-01,1.339973405865406712e-04,1.553647268592967556e-05
1.325818749999999909e+03,1.151516345202895919e-01,1.306988542535784123e-04,1.505075285099113085e-05
1.325837500000000091e+03,1.143652353193228832e-01,1.274772197629731724e-04,1.457951066341643544e-05
1.325856250000000045e+03,1.135825622209872127e-01,1.243307599802807709e-04,1.412233751164751910e-05
1.325875000000000000e+03,1.128036093275247981e-01,1.212578315227005161e-04,1.367883560228953575e-05
1.325893749999999955e+03,1.120283706627468734e-01,1.182568241479269874e-04,1.324861769313364931e-05
1.325912499999999909e+03,1.112568401884965058e-01,1.153261601532425286e-04,1.283130683611872617e-05
1.325931250000000091e+03,1.104890117983259173e-01,1.124642937838010102e-04,1.242653612318524040e-05
1.325950000000000045e+03,1.097248793165549186e-01,1.096697106500191742e-04,1.203394843847184462e-05
1.325968750000000000e+03,1.089644365020813882e-01,1.069409271541633288e-04,1.165319621658749307e-05
1.325987499999999955e+03,1.082076770465212751e-01,1.042764899259520235e-04,1.128394120566579240e-05
1.326006249999999909e+03,1.074545945769653787e-01,1.016749752669565785e-04,1.092585423623743210e-05
1.326025000000000091e+03,1.067051826532413317e-01,9.913498860420449758e-05,1.057861499478384069e-05
1.326043750000000045e+03,1.059594347707302348e-01,9.665516395194667979e-05,1.024191180293459029e-05
1.326062500000000000e+03,1.052173443644928846e-01,9.423416338220309070e-05,9.915441401787883485e-06
1.326081249999999955e+03,1.044789047963781137e-01,9.187067650420782270e-05,9.598908739574438424e-06
1.326099999999999909e+03,1.037441093753749266e-01,8.956341995126507010e-05,9.292026767202192207e-06
1.326118750000000091e+03,1.030129513377879419e-01,8.731113687694130464e-05,8.994516234848838233e-06
1.326137500000000045e+03,1.022854238660862031e-01,8.511259645882618516e-05,8.706105496684424634e-06
1.326156250000000000e+03,1.015615200761265657e-01,8.296659341031961254e-05,8.426530317254047510e-06
1.326174999999999955e+03,1.008412330208623142e-01,8.087194750067323596e-05,8.155533683837408527e-06
1.326193749999999909e+03,1.001245556939735909e-01,7.882750308263926375e-05,7.892865623082856531e-06
1.326212500000000091e+03,9.941148102992143631e-02,7.683212862810560222e-05,7.638283021611992656e-06
1.326231250000000045e+03,9.870200190078973201e-02,7.488471627106272200e-05,7.391549450530993837e-06
1.326250000000000000e+03,9.799611112083485287e-02,7.298418135843971798e-05,7.152434994666145680e-06
1.326268749999999955e+03,9.729380144431272470e-02,7.112946200820872500e-05,6.920716085258784958e-06
1.326287499999999909e+03,9.659506556595363891e-02,6.931951867484957563e-05,6.696175336794716638e-06
1.326306250000000091e+03,9.589989612406274455e-02,6.755333372218947209e-05,6.478601387860602580e-06
1.326325000000000045e+03,9.520828569715138190e-02,6.582991100327589124e-05,6.267788745293027327e-06
1.326343750000000000e+03,9.452022681040428420e-02,6.414827544735250458e-05,6.063537632682270406e-06
1.326362499999999955e+03,9.383571192760976898e-02,6.250747265379955227e-05,5.865653841509365984e-06
1.326381249999999909e+03,9.315473345809160977e-02,6.090656849290823470e-05,5.673948586804350813e-06
1.326400000000000091e+03,9.247728375800992606e-02,5.934464871353968633e-05,5.488238365868948621e-06
1.326418750000000045e+03,9.180335512615948879e-02,5.782081855735485162e-05,5.308344820042482110e-06
1.326437500000000000e+03,9.113293980457086441e-02,5.633420237967158063e-05,5.134094600091493535e-06
1.326456249999999955e+03,9.046602998602674972e-02,5.488394327685090524e-05,4.965319235215162594e-06
1.326474999999999909e+03,8.980261780295160923e-02,5.346920271986950202e-05,4.801855004140212297e-06
1.326493750000000091e+03,8.914269534113891669e-02,5.208916019480755563e-05,4.643542810760437127e-06
1.326512500000000045e+03,8.848625462950727993e-02,5.074301284868332456e-05,4.490228061400968299e-06
1.326531250000000000e+03,8.783328764718789650e-02,4.942997514223640610e-05,4.341760546065553902e-06
1.326549999999999955e+03,8.718378631991974270e-02,4.814927850829657367e-05,4.197994321975151257e-06
1.326568749999999909e+03,8.653774252214628537e-02,4.690017101613070164e-05,4.058787600245074497e-06
1.326587500000000091e+03,8.589514807838041777e-02,4.568191704203206554e-05,3.924002635323339966e-06
1.326606250000000045e+03,8.525599476086147266e-02,4.449379694519711324e-05,3.793505616928160722e-06
1.326625000000000000e+03,8.462027429759662323e-02,4.333510674980233434e-05,3.667166565152758542e-06
1.326643749999999955e+03,8.398797835975896353e-02,4.220515783217585663e-05,3.544859227197295303e-06
1.326662499999999909e+03,8.335909857370454867e-02,4.110327661405865370e-05,3.426460977786781736e-06
1.326681250000000091e+03,8.273362651788226940e-02,4.002880426088934238e-05,3.311852721351523249e-06
1.326700000000000045e+03,8.211155372293342525e-02,3.898109638583515004e-05,3.200918796813308885e-06
1.326718750000000000e+03,8.149287167097153672e-02,3.795952275867003808e-05,3.093546884677609771e-06
1.326737499999999955e+03,8.087757179660005902e-02,3.696346702040964762e-05,2.989627916560463676e-06
1.326756249999999909e+03,8.026564548959880252e-02,3.599232640251561518e-05,2.889055986991540799e-06
1.326775000000000091e+03,7.965708409622525299e-02,3.504551145174320816e-05,2.791728267418503347e-06
1.326793750000000045e+03,7.905187890980129584e-02,3.412244575950886363e-05,2.697544921968947892e-06
1.326812500000000000e+03,7.845002118940748448e-02,3.322256569638924240e-05,2.606409026334243507e-06
1.326831249999999955e+03,7.785150213962079013e-02,3.234532015139145720e-05,2.518226487357206003e-06
1.326849999999999909e+03,7.725631292829128471e-02,3.149017027605988589e-05,2.432905965953838263e-06
1.326868750000000091e+03,7.666444467619382142e-02,3.065658923309706735e-05,2.350358801043326505e-06
1.326887500000000045e+03,7.607588846238222402e-02,2.984406194991717510e-05,2.270498935954759614e-06
1.326906250000000000e+03,7.549063532496190498e-02,2.905208487627728369e-05,2.193242846524430515e-06
1.326924999999999955e+03,7.490867625694372367e-02,2.828016574683967470e-05,2.118509470928551788e-06
1.326943749999999909e+03,7.433000221140273478e-02,2.752782334784136819e-05,2.046220141568267307e-06
1.326962500000000091e+03,7.375460410450500326e-02,2.679458728818781909e-05,1.976298518638670842e-06
1.326981250000000045e+03,7.318247280339279515e-02,2.607999777485517202e-05,1.908670525010186156e-06
1.327000000000000000e+03,7.261359914429312001e-02,2.538360539237349709e-05,1.843264283596674071e-06
1.327018749999999955e+03,7.204797391937203810e-02,2.470497088654966620e-05,1.780010055520366701e-06
1.327037499999999909e+03,7.148558788154568688e-02,2.404366495218739820e-05,1.718840180356527413e-06
1.327056250000000091e+03,7.092643174709201137e-02,2.339926802481855379e-05,1.659689017868323797e-06
1.327075000000000045e+03,7.037049619263370526e-02,2.277137007636562905e-05,1.602492891126910367e-06
1.327093750000000000e+03,6.981777186078870490e-02,2.215957041467158788e-05,1.547190031322158108e-06
1.327112499999999955e+03,6.926824935278107220e-02,2.156347748683322139e-05,1.493720523723085560e-06
1.327131249999999909e+03,6.872191923615134090e-02,2.098270868627730867e-05,1.442026255398535536e-06
1.327150000000000091e+03,6.817877204176560346e-02,2.041689016349135547e-05,1.392050864073201473e-06
1.327168750000000045e+03,6.763879826404145534e-02,1.986565664048748150e-05,1.343739688415318168e-06
1.327187500000000000e+03,6.710198836610017925e-02,1.932865122861202685e-05,1.297039719720972646e-06
1.327206249999999955e+03,6.656833277188595188e-02,1.880552525007046520e-05,1.251899554636658872e-06
1.327224999999999909e+03,6.603782187369967860e-02,1.829593806280237634e-05,1.208269349436190866e-06
1.327243750000000091e+03,6.551044603095490526e-02,1.779955688865555787e-05,1.166100775335694720e-06
1.327262500000000045e+03,6.498619556647673712e-02,1.731605664512304876e-05,1.125346974979141695e-06
1.327281250000000000e+03,6.446506077608726848e-02,1.684511978008318631e-05,1.085962520304721215e-06
1.327299999999999955e+03,6.394703191931914998e-02,1.638643610994513201e-05,1.047903371223040510e-06
1.327318749999999909e+03,6.343209922609771567e-02,1.593970266083821698e-05,1.011126835675772185e-06
1.327337500000000091e+03,6.292025289302766167e-02,1.550462351301326689e-05,9.755915306019676884e-07
1.327356250000000045e+03,6.241148308962807950e-02,1.508090964825313850e-05,9.412573441147984278e-07
1.327375000000000000e+03,6.190577995369274389e-02,1.466827880019465070e-05,9.080853985247662487e-07
1.327393749999999955e+03,6.140313359214383260e-02,1.426645530778073090e-05,8.760380144662241895e-07
1.327412499999999909e+03,6.090353408215456316e-02,1.387516997146165431e-05,8.450786759927896410e-07
1.327431250000000091e+03,6.040697147658977140e-02,1.349415991234530459e-05,8.151719966868959694e-07
1.327450000000000045e+03,5.991343579455016971e-02,1.312316843404331011e-05,7.862836864838444903e-07
1.327468750000000000e+03,5.942291703511547174e-02,1.276194488738017680e-05,7.583805197251025235e-07
1.327487499999999955e+03,5.893540515913510414e-02,1.241024453775121688e-05,7.314303036642640090e-07
1.327506249999999909e+03,5.845089011048429373e-02,1.206782843509112954e-05,7.054018483452367429e-07
1.327525000000000091e+03,5.796936180249959158e-02,1.173446328654544016e-05,6.802649368716316739e-07
1.327543750000000045e+03,5.749081012334164575e-02,1.140992133165492524e-05,6.559902967338170427e-07
1.327562500000000000e+03,5.701522493614410991e-02,1.109398022001514731e-05,6.325495718611369079e-07
1.327581249999999955e+03,5.654259607832973905e-02,1.078642289149577760e-05,6.099152954458106758e-07
1.327599999999999909e+03,5.607291336296840040e-02,1.048703745883497529e-05,5.880608635423206201e-07
1.327618750000000091e+03,5.560616658156503078e-02,1.019561709260672632e-05,5.669605094147738588e-07
1.327637500000000045e+03,5.514234549872098351e-02,9.911959908576005243e-06,5.465892785190953018e-07
1.327656250000000000e+03,5.468143986013526692e-02,9.635868857306848208e-06,5.269230043192635534e-07
1.327674999999999955e+03,5.422343938499830235e-02,9.367151616048871793e-06,5.079382846261308870e-07
1.327693749999999909e+03,5.376833377278335963e-02,9.105620482856982282e-06,4.896124587438428648e-07
1.327712500000000091e+03,5.331611269919467322e-02,8.851092272846190756e-06,4.719235851532086075e-07
1.327731250000000045e+03,5.286676582306701344e-02,8.603388216629404879e-06,4.548504199272006563e-07
1.327750000000000000e+03,5.242028277897901184e-02,8.362333860812387577e-06,4.383723956272906107e-07
1.327768749999999955e+03,5.197665318333007101e-02,8.127758970565325411e-06,4.224696009176158606e-07
1.327787499999999909e+03,5.153586663035799459e-02,7.899497434230152548e-06,4.071227606727051642e-07
1.327806250000000091e+03,5.109791269810697034e-02,7.677387169879880787e-06,3.923132167310799765e-07
1.327825000000000045e+03,5.066278094397926035e-02,7.461270033840909814e-06,3.780229091147299348e-07
1.327843750000000000e+03,5.023046090790387469e-02,7.250991731139675183e-06,3.642343578465185888e-07
1.327862499999999955e+03,4.980094211246727243e-02,7.046401727794938738e-06,3.509306452625212822e-07
1.327881249999999909e+03,4.937421406053826151e-02,6.847353164969202001e-06,3.380953988161195522e-07
1.327900000000000091e+03,4.895026624072479349e-02,6.653702774912112640e-06,3.257127744308043191e-07
1.327918750000000045e+03,4.852908812330859745e-02,6.465310798721404572e-06,3.137674402685617099e-07
1.327937500000000000e+03,4.811066916494852186e-02,6.282040905731249258e-06,3.022445610209610611e-07
1.327956249999999955e+03,4.769499880465161157e-02,6.103760114753404315e-06,2.911297826047613447e-07
1.327974999999999909e+03,4.728206646504876098e-02,5.930338716860980236e-06,2.804092173304996824e-07
1.327993750000000091e+03,4.687186155750585476e-02,5.761650199898899859e-06,2.700694295274161048e-07
1.328012500000000045e+03,4.646437347787623490e-02,5.597571174558806514e-06,2.600974215285443453e-07
1.328031250000000000e+03,4.605959160776641748e-02,5.437981302037734899e-06,2.504806200988081165e-07
1.328049999999999955e+03,4.565750531574026133e-02,5.282763223262956034e-06,2.412068632597075311e-07
1.328068749999999909e+03,4.525810395776799083e-02,5.131802489623251677e-06,2.322643874949564190e-07
1.328087500000000091e+03,4.486137687592734596e-02,4.984987495179543646e-06,2.236418153225543838e-07
1.328106250000000045e+03,4.446731340280605377e-02,4.842209410358853162e-06,2.153281432623106158e-07
1.328125000000000000e+03,4.407590285822982068e-02,4.703362117053619992e-06,2.073127301179466627e-07
1.328143749999999955e+03,4.368713455118396205e-02,4.568342145150201648e-06,1.995852856326986963e-07
1.328162499999999909e+03,4.330099777857254056e-02,4.437048610411810456e-06,1.921358594646246887e-07
1.328181250000000091e+03,4.291748182927425381e-02,4.309383153723179752e-06,1.849548305132592136e-07
1.328200000000000045e+03,4.253657598117998456e-02,4.185249881652311260e-06,1.780328965314881175e-07
1.328218750000000000e+03,4.215826950381591776e-02,4.064555308319860070e-06,1.713610640719661052e-07
1.328237499999999955e+03,4.178255165590429032e-02,3.947208298525477548e-06,1.649306387115425298e-07
1.328256249999999909e+03,4.140941168867147415e-02,3.833120012121098552e-06,1.587332155916156496e-07
1.328275000000000091e+03,4.103883884784753633e-02,3.722203849618303139e-06,1.527606702358223316e-07
1.328293750000000045e+03,4.067082236714456012e-02,3.614375398984262851e-06,1.470051496113258031e-07
1.328312500000000000e+03,4.030535147609547175e-02,3.509552383603851051e-06,1.414590635126957683e-07
1.328331249999999955e+03,3.994241539544329117e-02,3.407654611407996072e-06,1.361150761597530701e-07
1.328349999999999909e+03,3.958200334207932075e-02,3.308603925111746215e-06,1.309660980825390935e-07
1.328368750000000091e+03,3.922410452496451205e-02,3.212324153563647048e-06,1.260052782208674922e-07
1.328387500000000045e+03,3.886870814845292538e-02,3.118741064184636435e-06,1.212259962888633434e-07
1.328406250000000000e+03,3.851580341228853788e-02,3.027782316443401692e-06,1.166218553590272897e-07
1.328424999999999955e+03,3.816537950957512443e-02,2.939377416403150834e-06,1.121866746674651315e-07
1.328443749999999909e+03,3.781742563138867225e-02,2.853457672244784113e-06,1.079144826569043428e-07
1.328462500000000091e+03,3.747193096387927552e-02,2.769956150830166106e-06,1.037995102112795564e-07
1.328481250000000045e+03,3.712888468980656692e-02,2.688807635205818257e-06,9.983618410932970616e-08
1.328500000000000000e+03,3.678827599021467637e-02,2.609948583076835989e-06,9.601912067936623587e-08
1.328518749999999955e+03,3.645009404142013354e-02,2.533317086230455530e-06,9.234311963711311933e-08
1.328537499999999909e+03,3.611432801886396010e-02,2.458852830841757276e-06,8.880315813012388331e-08
1.328556250000000091e+03,3.578096709577326118e-02,2.386497058710926251e-06,8.539438495342434212e-08
1.328575000000000045e+03,3.545000044465065892e-02,2.316192529370358650e-06,8.211211495072373382e-08
1.328593750000000000e+03,3.512141723720615949e-02,2.247883483042033180e-06,7.895182358469649148e-08
1.328612499999999955e+03,3.479520664317980322e-02,2.181515604448241846e-06,7.590914167378942124e-08
1.328631249999999909e+03,3.447135783235269479e-02,2.117035987450630856e-06,7.297985029994236796e-08
1.328650000000000091e+03,3.414985997695686032e-02,2.054393100488783469e-06,7.015987587485379481e-08
1.328668750000000045e+03,3.383070224644132984e-02,1.993536752816392344e-06,6.744528534452961330e-08
1.328687500000000000e+03,3.351387381487468120e-02,1.934418061512150677e-06,6.483228156983733365e-08
1.328706249999999955e+03,3.319936385571919946e-02,1.876989419243991266e-06,6.231719882579252906e-08
1.328724999999999909e+03,3.288716154271687647e-02,1.821204462785167900e-06,5.989649845509697447e-08
1.328743750000000091e+03,3.257725605550416265e-02,1.767018042246841065e-06,5.756676466615035123e-08
1.328762500000000045e+03,3.226963657318261680e-02,1.714386191033426290e-06,5.532470044173127303e-08
1.328781250000000000e+03,3.196429227956389119e-02,1.663266096480929283e-06,5.316712359752931267e-08
1.328799999999999955e+03,3.166121236158683100e-02,1.613616071189992515e-06,5.109096295344005686e-08
1.328818749999999909e+03,3.136038600843187030e-02,1.565395525015415412e-06,4.909325462736687355e-08
1.328837500000000091e+03,3.106180241563674671e-02,1.518564937716368721e-06,4.717113845475622363e-08
1.328856250000000045e+03,3.076545078152971568e-02,1.473085832242672596e-06,4.532185450969194493e-08
1.328875000000000000e+03,3.047132031005809691e-02,1.428920748641127999e-06,4.354273974666328952e-08
1.328893749999999955e+03,3.017940020983649052e-02,1.386033218577730420e-06,4.183122474384020485e-08
1.328912499999999909e+03,2.988967969600872174e-02,1.344387740464568975e-06,4.018483055471024129e-08
1.328931250000000091e+03,2.960214798894112223e-02,1.303949755154949733e-06,3.860116565559633350e-08
1.328950000000000045e+03,2.931679431501523284e-02,1.264685622232721328e-06,3.707792299474385102e-08
1.328968750000000000e+03,2.903360790960514415e-02,1.226562596842302784e-06,3.561287713827969019e-08
1.328987499999999955e+03,2.875257801161455393e-02,1.189548807077027186e-06,3.420388149786374324e-08
1.329006249999999909e+03,2.847369386916688908e-02,1.153613231903923160e-06,3.284886566171730410e-08
1.329025000000000091e+03,2.819694473902625842e-02,1.118725679606946602e-06,3.154583280378546603e-08
1.329043750000000045e+03,2.792231988505648049e-02,1.084856766749471543e-06,3.029285717610789334e-08
1.329062500000000000e+03,2.764980857981163068e-02,1.051977897633374414e-06,2.908808168600999029e-08
1.329081249999999955e+03,2.737940010484867653e-02,1.020061244248790520e-06,2.792971555053401832e-08
1.329099999999999909e+03,2.711108374994625203e-02,9.890797267084335005e-07,2.681603202629987371e-08
1.329118750000000091e+03,2.684484881577839377e-02,9.590069941423724847e-07,2.574536621666425242e-08
1.329137500000000045e+03,2.658068461257861309e-02,9.298174060617342073e-07,2.471611294674255269e-08
1.329156250000000000e+03,2.631858046131773168e-02,9.014860141611659657e-07,2.372672471024978148e-08
1.329174999999999955e+03,2.605852569192200832e-02,8.739885445645422369e-07,2.277570968110243359e-08
1.329193749999999909e+03,2.580050964592342858e-02,8.473013805002672408e-07,2.186162979441215203e-08
1.329212500000000091e+03,2.554452167740280458e-02,8.214015453923981535e-07,2.098309888884947642e-08
1.329231250000000045e+03,2.529055115044973739e-02,7.962666863615472967e-07,2.013878090742135578e-08
1.329250000000000000e+03,2.503858744267866213e-02,7.718750581295464036e-07,1.932738816279505349e-08
1.329268749999999955e+03,2.478861994239623529e-02,7.482055073114013479e-07,1.854767965479004048e-08
1.329287499999999909e+03,2.454063805069912549e-02,7.252374570920822101e-07,1.779845944764772665e-08
1.329306250000000091e+03,2.429463118284388642e-02,7.029508922770347626e-07,1.707857510047139251e-08
1.329325000000000045e+03,2.405058876596396361e-02,6.813263447065679909e-07,1.638691614724831950e-08
1.329343750000000000e+03,2.380850024200670267e-02,6.603448790288458253e-07,1.572241263129014411e-08
1.329362499999999955e+03,2.356835506590791718e-02,6.399880788221853067e-07,1.508403368529413534e-08
1.329381249999999909e+03,2.333014270728007641e-02,6.202380330542681425e-07,1.447078616119532033e-08
1.329400000000000091e+03,2.309385265013857991e-02,6.010773228822056261e-07,1.388171330479167970e-08
1.329418750000000045e+03,2.285947439334842790e-02,5.824890087704580700e-07,1.331589347515217506e-08
1.329437500000000000e+03,2.262699745066966764e-02,5.644566179316991018e-07,1.277243890695646266e-08
1.329456249999999955e+03,2.239641135205969191e-02,5.469641320742919123e-07,1.225049451513916808e-08
1.329474999999999909e+03,2.216770564227644666e-02,5.299959754589900201e-07,1.174923673847991356e-08
1.329493750000000091e+03,2.194086988345219161e-02,5.135370032458628659e-07,1.126787242432075385e-08
1.329512500000000045e+03,2.171589365298295243e-02,4.975724901377877570e-07,1.080563774868525642e-08
1.329531250000000000e+03,2.149276654569032968e-02,4.820881192981035085e-07,1.036179717508424986e-08
1.329549999999999955e+03,2.127147817282641976e-02,4.670699715554386922e-07,9.935642447315666341e-09
1.329568749999999909e+03,2.105201816365019282e-02,4.525045148679520918e-07,9.526491617581505486e-09
1.329587500000000091e+03,2.083437616392205122e-02,4.383785940591821065e-07,9.133688106469886567e-09
1.329606250000000045e+03,2.061854183852463926e-02,4.246794208072841019e-07,8.756599796834814969e-09
1.329625000000000000e+03,2.040450487010763564e-02,4.113945638861814488e-07,8.394618156897769730e-09
1.329643749999999955e+03,2.019225495952339799e-02,3.985119396540976146e-07,8.047157394264875314e-09
1.329662499999999909e+03,1.998178182574207595e-02,3.860198027797185852e-07,7.713653638735295660e-09
1.329681250000000091e+03,1.977307520912903113e-02,3.739067372042629612e-07,7.393564154530123213e-09
1.329700000000000045e+03,1.956612486611466681e-02,3.621616473296729000e-07,7.086366576321476810e-09
1.329718750000000000e+03,1.936092057584577752e-02,3.507737494335349189e-07,6.791558176221882977e-09
1.329737499999999955e+03,1.915745213529348318e-02,3.397325632991423033e-07,6.508655151784026589e-09
1.329756249999999909e+03,1.895570936221983513e-02,3.290279040591379303e-07,6.237191941541648772e-09
1.329775000000000091e+03,1.875568209483086807e-02,3.186498742461218117e-07,5.976720563082645332e-09
1.329793750000000045e+03,1.855736019202732304e-02,3.085888560483067308e-07,5.726809974384843965e-09
1.329812500000000000e+03,1.836073353392670207e-02,2.988355037599476771e-07,5.487045457407857528e-09
1.329831249999999955e+03,1.816579202175422694e-02,2.893807364272336091e-07,5.257028023027137619e-09
1.329849999999999909e+03,1.797252557738787324e-02,2.802157306802916786e-07,5.036373836629959266e-09
1.329868750000000091e+03,1.778092414568716029e-02,2.713319137527285731e-07,4.824713664659054835e-09
1.329887500000000045e+03,1.759097769339249343e-02,2.627209566774988658e-07,4.621692339505477177e-09
1.329906250000000000e+03,1.740267620869084472e-02,2.543747676583505894e-07,4.426968243422425543e-09
1.329924999999999955e+03,1.721600970324919933e-02,2.462854856143066188e-07,4.240212811258579381e-09
1.329943749999999909e+03,1.703096821012010237e-02,2.384454738890253043e-07,4.061110049619512909e-09
1.329962500000000091e+03,1.684754178701521055e-02,2.308473141231975308e-07,3.889356074328775905e-09
1.329981250000000045e+03,1.666572051434742421e-02,2.234838002871173093e-07,3.724658662978677867e-09
1.330000000000000000e+03,1.648549449581609289e-02,2.163479328656770334e-07,3.566736823911033113e-09
1.330018749999999955e+03,1.630685385901666992e-02,2.094329131972201294e-07,3.415320380520269915e-09
1.330037499999999909e+03,1.612978875499660944e-02,2.027321379587846369e-07,3.270149570079111834e-09
1.330056250000000091e+03,1.595428936070868858e-02,1.962391937939019319e-07,3.130974657408734795e-09
1.330075000000000045e+03,1.578034587550309828e-02,1.899478520832876053e-07,2.997555561157929823e-09
1.330093750000000000e+03,1.560794852475945460e-02,1.838520638500429990e-07,2.869661494814352893e-09
1.330112499999999955e+03,1.543708755901280864e-02,1.779459548002244931e-07,2.747070619679115938e-09
1.330131249999999909e+03,1.526775325279496227e-02,1.722238204919787881e-07,2.629569710230640495e-09
1.330150000000000091e+03,1.509993590659260664e-02,1.666801216331578128e-07,2.516953832075582665e-09
1.330168750000000045e+03,1.493362584724149990e-02,1.613094795017261715e-07,2.409026031158436048e-09
1.330187500000000000e+03,1.476881342648774485e-02,1.561066714874755945e-07,2.305597033877856403e-09
1.330206249999999955e+03,1.460548902235999855e-02,1.510666267516034943e-07,2.206484958484410093e-09
1.330224999999999909e+03,1.444364303897894761e-02,1.461844220004581417e-07,2.111515036635109086e-09
1.330243750000000091e+03,1.428326590806365363e-02,1.414552773719684744e-07,2.020519345281757410e-09
1.330262500000000045e+03,1.412434808694445695e-02,1.368745524310124001e-07,1.933336547764373170e-09
1.330281250000000000e+03,1.396688005997913894e-02,1.324377422712418683e-07,1.849811644802371075e-09
1.330299999999999955e+03,1.381085233934010829e-02,1.281404737208690076e-07,1.769795734434350689e-09
1.330318749999999909e+03,1.365625546308664277e-02,1.239785016490512689e-07,1.693145780344169907e-09
1.330337500000000091e+03,1.350307999864954790e-02,1.199477053714977700e-07,1.619724389338102874e-09
1.330356250000000045e+03,1.335131654023687282e-02,1.160440851520162427e-07,1.549399596179977901e-09
1.330375000000000000e+03,1.320095570961731489e-02,1.122637587979335981e-07,1.482044656735708583e-09
1.330393749999999955e+03,1.305198815801274052e-02,1.086029583461874374e-07,1.417537848800627387e-09
1.330412499999999909e+03,1.290440456301938932e-02,1.050580268397015348e-07,1.355762279704231132e-09
1.330431250000000091e+03,1.275819563269006002e-02,1.016254151890385054e-07,1.296605701755191861e-09
1.330450000000000045e+03,1.261335210259442036e-02,9.830167911983859457e-08,1.239960333745226640e-09
1.330468750000000000e+03,1.246986473819019711e-02,9.508347620194050094e-08,1.185722689585617777e-09
1.330487499999999955e+03,1.232772433266609256e-02,9.196756295918580649e-08,1.133793412830753878e-09
1.330506249999999909e+03,1.218692170937318853e-02,8.895079205718758835e-08,1.084077117766984614e-09
1.330525000000000091e+03,1.204744772108921891e-02,8.603010956755766398e-08,1.036482236090281383e-09
1.330543750000000045e+03,1.190929324987552961e-02,8.320255230647222693e-08,9.909208693410107191e-10
1.330562500000000000e+03,1.177244920791098437e-02,8.046524524517483957e-08,9.473086469052332881e-10
1.330581249999999955e+03,1.163690653709297494e-02,7.781539899169356192e-08,9.055645892098958959e-10
1.330599999999999909e+03,1.150265620946011938e-02,7.525030734045735332e-08,8.656109760830158638e-10
1.330618750000000091e+03,1.136968922750554965e-02,7.276734488978626973e-08,8.273732200338778856e-10
1.330637500000000045e+03,1.123799662420217095e-02,7.036396472357568073e-08,7.907797442438431149e-10
1.330656250000000000e+03,1.110756946290134169e-02,6.803769615708809588e-08,7.557618651321068638e-10
1.330674999999999955e+03,1.097839883814649004e-02,6.578614254466397289e-08,7.222536793957015671e-10
1.330693749999999909e+03,1.085047587495742427e-02,6.360697914722087584e-08,6.901919551893543546e-10
1.330712500000000091e+03,1.072379173000208297e-02,6.149795105879322534e-08,6.595160275347153730e-10
1.330731250000000045e+03,1.059833759035675067e-02,5.945687119015598122e-08,6.301676975221493496e-10
1.330750000000000000e+03,1.047410467574898599e-02,5.748161830804879218e-08,6.020911355358548656e-10
1.330768749999999955e+03,1.035108423622087791e-02,5.557013512834406733e-08,5.752327878656769521e-10
1.330787499999999909e+03,1.022926755429912939e-02,5.372042646272690336e-08,5.495412871328775403e-10
1.330806250000000091e+03,1.010864594404930691e-02,5.193055741588764294e-08,5.249673659287242141e-10
1.330825000000000045e+03,9.989210751829276022e-03,5.019865163331866947e-08,5.014637738388999197e-10
1.330843750000000000e+03,9.870953355532877463e-03,4.852288959757390078e-08,4.789851975482838524e-10
1.330862499999999955e+03,9.753865166352496466e-03,4.690150697208028235e-08,4.574881841210840683e-10
1.330881249999999909e+03,9.637937626134631189e-03,4.533279299115696598e-08,4.369310670010558823e-10
1.330900000000000091e+03,9.523162211298050184e-03,4.381508889473927273e-08,4.172738951506170559e-10
1.330918750000000045e+03,9.409530429621212888e-03,4.234678640722020812e-08,3.984783645805031166e-10
1.330937500000000000e+03,9.297033822181350465e-03,4.092632625864123584e-08,3.805077527412319531e-10
1.330956249999999955e+03,9.185663962833398241e-03,3.955219674739054436e-08,3.633268553284799621e-10
1.330974999999999909e+03,9.075412458269606006e-03,3.822293234332649044e-08,3.469019255500739233e-10
1.330993750000000091e+03,8.966270948763198356e-03,3.693711233020534334e-08,3.312006157620627353e-10
1.331012500000000045e+03,8.858231107662978623e-03,3.569335948616701346e-08,3.161919213102208924e-10
1.331031250000000000e+03,8.751284641450944243e-03,3.449033880160824618e-08,3.018461265699718994e-10
1.331049999999999955e+03,8.645423290923711507e-03,3.332675623323097819e-08,2.881347531154762892e-10
1.331068749999999909e+03,8.540638829515214900e-03,3.220135749327108897e-08,2.750305098026368541e-10
1.331087500000000091e+03,8.436923064916205042e-03,3.111292687300040817e-08,2.625072449053776071e-10
1.331106250000000045e+03,8.334267838735186576e-03,3.006028609973798166e-08,2.505399000503978549e-10
1.331125000000000000e+03,8.232665026520006799e-03,2.904229322621811528e-08,2.391044659607812602e-10
1.331143749999999955e+03,8.132106537367922786e-03,2.805784155139507365e-08,2.281779399163151785e-10
1.331162499999999909e+03,8.032584315472508091e-03,2.710585857234143538e-08,2.177382849361053911e-10
1.331181250000000091e+03,7.934090338030587441e-03,2.618530496566093409e-08,2.077643904558424878e-10
1.331200000000000045e+03,7.836616617527039294e-03,2.529517359835338278e-08,1.982360346719243984e-10
1.331218750000000000e+03,7.740155201112700577e-03,2.443448856665118710e-08,1.891338482828798159e-10
1.331237499999999955e+03,7.644698169448941975e-03,2.360230426242099410e-08,1.804392796493164664e-10
1.331256249999999909e+03,7.550237638606204817e-03,2.279770446670825360e-08,1.721345614051276223e-10
1.331275000000000091e+03,7.456765758830917121e-03,2.201980146871941991e-08,1.642026783068062463e-10
1.331293750000000045e+03,7.364274715751993779e-03,2.126773521071835547e-08,1.566273364158085654e-10
1.331312500000000000e+03,7.272756729754093971e-03,2.054067245705699618e-08,1.493929334564092014e-10
1.331331249999999955e+03,7.182204055550651077e-03,1.983780598755827687e-08,1.424845303591192219e-10
1.331349999999999909e+03,7.092608983751787742e-03,1.915835381392587233e-08,1.358878239728546137e-10
1.331368750000000091e+03,7.003963839455468882e-03,1.850155841895457311e-08,1.295891208042777628e-10
1.331387500000000045e+03,6.916260983178590220e-03,1.786668601767972458e-08,1.235753118498349333e-10
1.331406250000000000e+03,6.829492810804697195e-03,1.725302584008904104e-08,1.178338484139100310e-10
1.331424999999999955e+03,6.743651753328021303e-03,1.665988943440923062e-08,1.123527188891399014e-10
1.331443749999999909e+03,6.658730277461607366e-03,1.608660999091198347e-08,1.071204264832118248e-10
1.331462500000000091e+03,6.574720884904299185e-03,1.553254168528910435e-08,1.021259678158286366e-10
1.331481250000000045e+03,6.491616113201358410e-03,1.499705904113415745e-08,9.735881240118157561e-11
1.331500000000000000e+03,6.409408535684823008e-03,1.447955631107399176e-08,9.280888294069937863e-11
1.331518749999999955e+03,6.328090760771276461e-03,1.397944687599982187e-08,8.846653640123299988e-11
1.331537499999999909e+03,6.247655433087646870e-03,1.349616266189027325e-08,8.432254588329327692e-11
1.331556250000000091e+03,6.168095232615913685e-03,1.302915357366176501e-08,8.036808319333507746e-11
1.331575000000000045e+03,6.089402875551658788e-03,1.257788694570906317e-08,7.659470214551021146e-11
1.331593750000000000e+03,6.011571113743037834e-03,1.214184700853054293e-08,7.299432252092460205e-11
1.331612499999999955e+03,5.934592734951503988e-03,1.172053437113591139e-08,6.955921468957171373e-11
1.331631249999999909e+03,5.858460562562370182e-03,1.131346551855995229e-08,6.628198484998314926e-11
1.331650000000000091e+03,5.783167456720725123e-03,1.092017232437253579e-08,6.315556088715570551e-11
1.331668750000000045e+03,5.708706313042588402e-03,1.054020157746580529e-08,6.017317877887716474e-11
1.331687500000000000e+03,5.635070063411667246e-03,1.017311452286382926e-08,5.732836958108467330e-11
1.331706249999999955e+03,5.562251675605226972e-03,9.818486416150511380e-09,5.461494693283315916e-11
1.331724999999999909e+03,5.490244154009086761e-03,9.475906091174033946e-09,5.202699508450502734e-11
1.331743750000000091e+03,5.419040538656764994e-03,9.144975540446981909e-09,4.955885739997586398e-11
1.331762500000000045e+03,5.348633906250743926e-03,8.825309508130218286e-09,4.720512535090058942e-11
1.331781250000000000e+03,5.279017369565043930e-03,8.516535095137193908e-09,4.496062794859102189e-11
1.331799999999999955e+03,5.210184077562859430e-03,8.218291375949508407e-09,4.282042161793419165e-11
1.331818749999999909e+03,5.142127215646807512e-03,7.930229026934242256e-09,4.077978049051455798e-11
1.331837500000000091e+03,5.074840005456540334e-03,7.652009965712684833e-09,3.883418709491316244e-11
1.331856250000000045e+03,5.008315705192198201e-03,7.383307001393490886e-09,3.697932343697326241e-11
1.331875000000000000e+03,4.942547609129854455e-03,7.123803495218955645e-09,3.521106244339300938e-11
1.331893749999999955e+03,4.877529048099211485e-03,6.873193031439561007e-09,3.352545976807693759e-11
1.331912499999999909e+03,4.813253389048365548e-03,6.631179098075142412e-09,3.191874593259096898e-11
1.331931250000000091e+03,4.749714036065146895e-03,6.397474777248284047e-09,3.038731880362767280e-11
1.331950000000000045e+03,4.686904428667022435e-03,6.171802444890345383e-09,2.892773636647002629e-11
1.331968750000000000e+03,4.624818043798084241e-03,5.953893479453410006e-09,2.753670982399984413e-11
1.331987499999999955e+03,4.563448394063157436e-03,5.743487979499186892e-09,2.621109696107615592e-11
1.332006249999999909e+03,4.502789028907915221e-03,5.540334489722123955e-09,2.494789580454604444e-11
1.332025000000000091e+03,4.442833534195284560e-03,5.344189735363718023e-09,2.374423853997828620e-11
1.332043750000000045e+03,4.383575532206061137e-03,5.154818364648171389e-09,2.259738568646957210e-11
1.332062500000000000e+03,4.325008681678315335e-03,4.971992698995113637e-09,2.150472051659633649e-11
1.332081249999999955e+03,4.267126677771425347e-03,4.795492490869338781e-09,2.046374371133771463e-11
1.332099999999999909e+03,4.209923252100174033e-03,4.625104689020949533e-09,1.947206824103302778e-11
1.332118750000000091e+03,4.153392172899903270e-03,4.460623210801762054e-09,1.852741446293791081e-11
1.332137500000000045e+03,4.097527244599563807e-03,4.301848721519990360e-09,1.762760542401779212e-11
1.332156250000000000e+03,4.042322308232975704e-03,4.148588420443698476e-09,1.677056236628434336e-11
1.332174999999999955e+03,3.987771241252196369e-03,4.000655833442505215e-09,1.595430042063646457e-11
1.332193749999999909e+03,3.933867957179003338e-03,3.857870611902857515e-09,1.517692448298071173e-11
1.332212500000000091e+03,3.880606406365138140e-03,3.720058337851440258e-09,1.443662527046829440e-11
1.332231250000000045e+03,3.827980575339287421e-03,3.587050335059680955e-09,1.373167554031615958e-11
1.332250000000000000e+03,3.775984487178868886e-03,3.458683485925835970e-09,1.306042647394914246e-11
1.332268749999999955e+03,3.724612201006394230e-03,3.334800054031950984e-09,1.242130421277549032e-11
1.332287499999999909e+03,3.673857812328359951e-03,3.215247512145454952e-09,1.181280654524022065e-11
1.332306250000000091e+03,3.623715453007507817e-03,3.099878375533947309e-09,1.123349973465778398e-11
1.332325000000000045e+03,3.574179291326074620e-03,2.988550040424707362e-09,1.068201548356757809e-11
1.332343750000000000e+03,3.525243531616117833e-03,2.881124627483335475e-09,1.015704802746762345e-11
1.332362499999999955e+03,3.476902414361814856e-03,2.777468830095715430e-09,9.657351355082391366e-12
1.332381249999999909e+03,3.429150216291034295e-03,2.677453767405680084e-09,9.181736548643060328e-12
1.332400000000000091e+03,3.381981250426659927e-03,2.580954841877264808e-09,8.729069238788263977e-12
1.332418750000000045e+03,3.335389865692143640e-03,2.487851601305552747e-09,8.298267168518381070e-12
1.332437500000000000e+03,3.289370447242250840e-03,2.398027605113127518e-09,7.888297864576286951e-12
1.332456249999999955e+03,3.243917416234026220e-03,2.311370294815294522e-09,7.498176408434315416e-12
1.332474999999999909e+03,3.199025229744187956e-03,2.227770868526785951e-09,7.126963304556678333e-12
1.332493750000000091e+03,3.154688380782962129e-03,2.147124159386695463e-09,6.773762441653338278e-12
1.332512500000000045e+03,3.110901398527265126e-03,2.069328517793107305e-09,6.437719143244291609e-12
1.332531250000000000e+03,3.067658847882266150e-03,1.994285697309493750e-09,6.118018301820404449e-12
1.332549999999999955e+03,3.024955329370982923e-03,1.921900744175573962e-09,5.813882595417280616e-12
1.332568749999999909e+03,2.982785479590350456e-03,1.852081890252629253e-09,5.524570783216730961e-12
1.332587500000000091e+03,2.941143970786961465e-03,1.784740449354132952e-09,5.249376074187385269e-12
1.332606250000000045e+03,2.900025510783151104e-03,1.719790716847751600e-09,4.987624568090983549e-12
1.332625000000000000e+03,2.859424843111194742e-03,1.657149872387497865e-09,4.738673765277617762e-12
1.332643749999999955e+03,2.819336747072902216e-03,1.596737885742691141e-09,4.501911141996242001e-12
1.332662499999999909e+03,2.779756037040356873e-03,1.538477425599071757e-09,4.276752787311573589e-12
1.332681250000000091e+03,2.740677563173054155e-03,1.482293771216177907e-09,4.062642102402020362e-12
1.332700000000000045e+03,2.702096210984062438e-03,1.428114726922732324e-09,3.859048555629458611e-12
1.332718750000000000e+03,2.664006901422711227e-03,1.375870539284905310e-09,3.665466493437606766e-12
1.332737499999999955e+03,2.626404590361500722e-03,1.325493816923213615e-09,3.481414003206093179e-12
1.332756249999999909e+03,2.589284269255445921e-03,1.276919452874720637e-09,3.306431828194486224e-12
1.332775000000000091e+03,2.552640964657469039e-03,1.230084549412943052e-09,3.140082329129326628e-12
1.332793750000000045e+03,2.516469737961058491e-03,1.184928345281021307e-09,2.981948492446400483e-12
1.332812500000000000e+03,2.480765685965302583e-03,1.141392145225832370e-09,2.831632983686457289e-12
1.332831249999999955e+03,2.445523940148729928e-03,1.099419251793878763e-09,2.688757241644231784e-12
1.332849999999999909e+03,2.410739666833275948e-03,1.058954899301684675e-09,2.552960614088068443e-12
1.332868750000000091e+03,2.376408067409236605e-03,1.019946189918965421e-09,2.423899532199331251e-12
1.332887500000000045e+03,2.342524377788847423e-03,9.823420318018939405e-10,2.301246721229175041e-12
1.332906250000000000e+03,2.309083868628269975e-03,9.460930792085292468e-10,2.184690447411121291e-12
1.332924999999999955e+03,2.276081845110366781e-03,9.111516745355123590e-10,2.073933798285765521e-12
1.332943749999999909e+03,2.243513647027727768e-03,8.774717922191378986e-10,1.968693995726209859e-12
1.332962500000000091e+03,2.211374648420666878e-03,8.450089844454532452e-10,1.868701739551507780e-12
1.332981250000000045e+03,2.179660257920146109e-03,8.137203286057530392e-10,1.773700581391946836e-12
1.333000000000000000e+03,2.148365918340844945e-03,7.835643764471424313e-10,1.683446326221395142e-12
1.333018749999999955e+03,2.117487106584687185e-03,7.545011048636293404e-10,1.597706461271783650e-12
1.333037499999999909e+03,2.087019333638377196e-03,7.264918682867126999e-10,1.516259610934733177e-12
1.333056250000000091e+03,2.056958144619132865e-03,6.994993526054732563e-10,1.438895016416482709e-12
1.333075000000000045e+03,2.027299118624374848e-03,6.734875305907140527e-10,1.365412038931554291e-12
1.333093750000000000e+03,1.998037868461451875e-03,6.484216187569215573e-10,1.295619685435196549e-12
1.333112499999999955e+03,1.969170040668501240e-03,6.242680356286868272e-10,1.229336156195094769e-12
1.333131249999999909e+03,1.940691315485429044e-03,6.009943613696115309e-10,1.166388412992096667e-12
1.333150000000000091e+03,1.912597406822750873e-03,5.785692987143784001e-10,1.106611767038001773e-12
1.333168750000000045e+03,1.884884061889521584e-03,5.569626351868009159e-10,1.049849485593723021e-12
1.333187500000000000e+03,1.857547061482833989e-03,5.361452065387449461e-10,9.959524169875267080e-13
1.333206249999999955e+03,1.830582219492745029e-03,5.160888613951214893e-10,9.447786324326717363e-13
1.333224999999999909e+03,1.803985383001624910e-03,4.967664270441023941e-10,8.961930846290553222e-13
1.333243750000000091e+03,1.777752432362562050e-03,4.781516763574847224e-10,8.500672820758877162e-13
1.333262500000000045e+03,1.751879280688090632e-03,4.602192957887678459e-10,8.062789781039878649e-13
1.333281250000000000e+03,1.726361874224689209e-03,4.429448544242270168e-10,7.647118746997869054e-13
1.333299999999999955e+03,1.701196191794989484e-03,4.263047740503997984e-10,7.252553395871624941e-13
1.333318749999999909e+03,1.676378244974751058e-03,4.102763002058401349e-10,6.878041367463994081e-13
1.333337500000000091e+03,1.651904078026898356e-03,3.948374741872453397e-10,6.522581693122727322e-13
1.333356250000000045e+03,1.627769767461486336e-03,3.799671059780796143e-10,6.185222342641339188e-13
1.333375000000000000e+03,1.603971422403476605e-03,3.656447480684023221e-10,5.865057888363289434e-13
1.333393749999999955e+03,1.580505184145793943e-03,3.518506701441212978e-10,5.561227274920394332e-13
1.333412499999999909e+03,1.557367226022884259e-03,3.385658346095631059e-10,5.272911694193188028e-13
1.333431250000000091e+03,1.534553753588254648e-03,3.257718729229603707e-10,4.999332560509961500e-13
1.333450000000000045e+03,1.512061004285685179e-03,3.134510627163961514e-10,4.739749578736082033e-13
1.333468750000000000e+03,1.489885247271014249e-03,3.015863056742794513e-10,4.493458903367119555e-13
1.333487499999999955e+03,1.468022783551107928e-03,2.901611061457109812e-10,4.259791384849850804e-13
1.333506249999999909e+03,1.446469945674676294e-03,2.791595504722145680e-10,4.038110896886388132e-13
1.333525000000000091e+03,1.425223097659956712e-03,2.685662870000185778e-10,3.827812743037035938e-13
1.333543750000000045e+03,1.404278634869094919e-03,2.583665067614315359e-10,3.628322138193304535e-13
1.333562500000000000e+03,1.383632984056537086e-03,2.485459247984673995e-10,3.439092762014264559e-13
1.333581249999999955e+03,1.363282602967440466e-03,2.390907621128097664e-10,3.259605379507764407e-13
1.333599999999999909e+03,1.343223980327318615e-03,2.299877282182196087e-10,3.089366527801540177e-13
1.333618750000000091e+03,1.323453635909209447e-03,2.212240042782668385e-10,2.927907265187628986e-13
1.333637500000000045e+03,1.303968120137029849e-03,2.127872268079536369e-10,2.774781978354323352e-13
1.333656250000000000e+03,1.284764014223566423e-03,2.046654719240839995e-10,2.629567247434282539e-13
1.333674999999999955e+03,1.265837929745137775e-03,1.968472401224055219e-10,2.491860763729138573e-13
1.333693749999999909e+03,1.247186508808687411e-03,1.893214415701792120e-10,2.361280300193636583e-13
1.333712500000000091e+03,1.228806423748167453e-03,1.820773818899812891e-10,2.237462729944891203e-13
1.333731250000000045e+03,1.210694377093838800e-03,1.751047484267570788e-10,2.120063092174385899e-13
1.333750000000000000e+03,1.192847101444632994e-03,1.683935969744273511e-10,2.008753702426795258e-13
1.333768749999999955e+03,1.175261359229147007e-03,1.619343389546543020e-10,1.903223305292210207e-13
1.333787499999999909e+03,1.157933942662358858e-03,1.557177290256120003e-10,1.803176267965342058e-13
1.333806250000000091e+03,1.140861673676747375e-03,1.497348531137583881e-10,1.708331812447529605e-13
1.333825000000000045e+03,1.124041403678055278e-03,1.439771168479067013e-10,1.618423284301958460e-13
1.333843750000000000e+03,1.107470013560067938e-03,1.384362343889528347e-10,1.533197456987924387e-13
1.333862499999999955e+03,1.091144413307383165e-03,1.331042176359236425e-10,1.452413869059056850e-13
1.333881249999999909e+03,1.075061542223758283e-03,1.279733658020440630e-10,1.375844194206770527e-13
1.333900000000000091e+03,1.059218368492726358e-03,1.230362553427734989e-10,1.303271640764375336e-13
1.333918750000000045e+03,1.043611889180481259e-03,1.182857302297194200e-10,1.234490380852315393e-13
1.333937500000000000e+03,1.028239130205969723e-03,1.137148925543130064e-10,1.169305007053003137e-13
1.333956249999999955e+03,1.013097145944410766e-03,1.093170934532899213e-10,1.107530014995387126e-13
1.333974999999999909e+03,9.981830192789850186e-04,1.050859243445716954e-10,1.048989311565438266e-13
1.333993750000000091e+03,9.834938614914179138e-04,1.010152084623175033e-10,9.935157467944880835e-14
1.334012500000000045e+03,9.690268119935361050e-04,9.709899268319277197e-11,9.409506683664091289e-14
1.334031250000000000e+03,9.547790382753602043e-04,9.333153963135991562e-11,8.911434980286288768e-14
1.334049999999999955e+03,9.407477357585252017e-04,8.970732005619982402e-11,8.439513285718918868e-14
1.334068749999999909e+03,9.269301275880209492e-04,8.622100547050271613e-11,7.992385404189109099e-14
1.334087500000000091e+03,9.133234647100621625e-04,8.286746104348981735e-11,7.568764372172248597e-14
1.334106250000000045e+03,8.999250253619321595e-04,7.964173873726985795e-11,7.167428987520578598e-14
1.334125000000000000e+03,8.867321153436343766e-04,7.653907068066929126e-11,6.787220515291377548e-14
1.334143749999999955e+03,8.737420675787746591e-04,7.355486277155271253e-11,6.427039549351413245e-14
1.334162499999999909e+03,8.609522420463690652e-04,7.068468850046320552e-11,6.085843031231275627e-14
1.334181250000000091e+03,8.483600257481964781e-04,6.792428298756410887e-11,5.762641415723066118e-14
1.334200000000000045e+03,8.359628324793146395e-04,6.526953722602431920e-11,5.456495974644074944e-14
1.334218750000000000e+03,8.237581026316725388e-04,6.271649252553535521e-11,5.166516233923398366e-14
1.334237499999999955e+03,8.117433031880375797e-04,6.026133514775289662e-11,4.891857538358158219e-14
1.334256249999999909e+03,7.999159274294978918e-04,5.790039112898758618e-11,4.631718735008322960e-14
1.334275000000000091e+03,7.882734949096829305e-04,5.563012128199286775e-11,4.385339972821921500e-14
1.334293750000000045e+03,7.768135512715668113e-04,5.344711637288128721e-11,4.152000610420135790e-14
1.334312500000000000e+03,7.655336680891171135e-04,5.134809246463069061e-11,3.931017227739566006e-14
1.334331249999999955e+03,7.544314427144074115e-04,4.932988642432273366e-11,3.721741736589305216e-14
1.334349999999999909e+03,7.435044981533589243e-04,4.738945158682204743e-11,3.523559585286698484e-14
1.334368750000000091e+03,7.327504828782831518e-04,4.552385356951772537e-11,3.335888052348551775e-14
1.334387500000000045e+03,7.221670707826123147e-04,4.373026623446003317e-11,3.158174625979421534e-14
1.334406250000000000e+03,7.117519609570515044e-04,4.200596779096106557e-11,2.989895463541682186e-14
1.334424999999999955e+03,7.015028774793118744e-04,4.034833703562644724e-11,2.830553928189506770e-14
1.334443749999999909e+03,6.914175694019741901e-04,3.875484972387812584e-11,2.679679199501721389e-14
1.334462500000000091e+03,6.814938105027274623e-04,3.722307506916303287e-11,2.536824952741344941e-14
1.334481250000000045e+03,6.717293992085192475e-04,3.575067236525021330e-11,2.401568105047748921e-14
1.334500000000000000e+03,6.621221584029837780e-04,3.433538772748230467e-11,2.273507624136568480e-14
1.334518749999999955e+03,6.526699352608899283e-04,3.297505094872153408e-11,2.152263396996588345e-14
1.334537499999999909e+03,6.433706011161984721e-04,3.166757246656048376e-11,2.037475155664206418e-14
1.334556250000000091e+03,6.342220513580805897e-04,3.041094043721300257e-11,1.928801457172421169e-14
1.334575000000000045e+03,6.252222052049342471e-04,2.920321791323423674e-11,1.825918714600928098e-14
1.334593750000000000e+03,6.163690056009132542e-04,2.804254012075661460e-11,1.728520277427459942e-14
1.334612499999999955e+03,6.076604190684335932e-04,2.692711183358260006e-11,1.636315558260589377e-14
1.334631249999999909e+03,5.990944354971098305e-04,2.585520483997724104e-11,1.549029203587236414e-14
1.334650000000000091e+03,5.906690680866164694e-04,2.482515549974117147e-11,1.466400306980085471e-14
1.334668750000000045e+03,5.823823531263150766e-04,2.383536238792900512e-11,1.388181661779706751e-14
1.334687500000000000e+03,5.742323498371619929e-04,2.288428402229604009e-11,1.314139051906403256e-14
1.334706249999999955e+03,5.662171402603813700e-04,2.197043667180041080e-11,1.244050578848233954e-14
1.334724999999999909e+03,5.583348291033514692e-04,2.109239224314717177e-11,1.177706022798925240e-14
1.334743750000000091e+03,5.505835435915374483e-04,2.024877624281238283e-11,1.114906236372919491e-14
1.334762500000000045e+03,5.429614332239911939e-04,1.943826581171700705e-11,1.055462569057491086e-14
1.334781250000000000e+03,5.354666697747167666e-04,1.865958783034613334e-11,9.991963215655168873e-15
1.334799999999999955e+03,5.280974469967457657e-04,1.791151709139479116e-11,9.459382274846085226e-15
1.334818749999999909e+03,5.208519805409537887e-04,1.719287453822202833e-11,8.955279618985974441e-15
1.334837500000000091e+03,5.137285078409499278e-04,1.650252556622603005e-11,8.478136750951995703e-15
1.334856250000000045e+03,5.067252878353622862e-04,1.583937838523064512e-11,8.026515499272456599e-15
1.334875000000000000e+03,4.998406009638557039e-04,1.520238244081592705e-11,7.599053823652778213e-15
1.334893749999999955e+03,4.930727488923489568e-04,1.459052689226433157e-11,7.194461831652300943e-15
1.334912499999999909e+03,4.864200544184154066e-04,1.400283914544925864e-11,6.811518003304347683e-15
1.334931250000000091e+03,4.798808613008617610e-04,1.343838343852220329e-11,6.449065609010788632e-15
1.334950000000000045e+03,4.734535341270573977e-04,1.289625947864573910e-11,6.106009312714428683e-15
1.334968750000000000e+03,4.671364581139826155e-04,1.237560112790485448e-11,5.781311949534739804e-15
1.334987499999999955e+03,4.609280390097233917e-04,1.187557513681262159e-11,5.473991471275607177e-15
1.335006249999999909e+03,4.548267028965352187e-04,1.139537992350001319e-11,5.183118048626418881e-15
1.335025000000000091e+03,4.488308960559538800e-04,1.093424439727800445e-11,4.907811324269937756e-15
1.335043750000000045e+03,4.429390848045859836e-04,1.049142682474611981e-11,4.647237807978411951e-15
1.335062500000000000e+03,4.371497553669280900e-04,1.006621373701597122e-11,4.400608407251199800e-15
1.335081249999999955e+03,4.314614136942748084e-04,9.657918876792996640e-12,4.167176085706964440e-15
1.335099999999999909e+03,4.258725852676395734e-04,9.265882183533097596e-12,3.946233643028750554e-15
1.335118750000000091e+03,4.203818150918107229e-04,8.889468815720893688e-12,3.737111612298124778e-15
1.335137500000000045e+03,4.149876673418353458e-04,8.528068208625285082e-12,3.539176263575656352e-15
1.335156250000000000e+03,4.096887253789920189e-04,8.181093166520374080e-12,3.351827714983896483e-15
1.335174999999999955e+03,4.044835914973053149e-04,7.847978987976728329e-12,3.174498139953596590e-15
1.335193749999999909e+03,3.993708868112213193e-04,7.528182623146143489e-12,3.006650069359277749e-15
1.335212500000000091e+03,3.943492510838550436e-04,7.221181861854276074e-12,2.847774781937302018e-15
1.335231250000000045e+03,3.894173425758263511e-04,6.926474551457884293e-12,2.697390779131524978e-15
1.335250000000000000e+03,3.845738379263802242e-04,6.643577843270703783e-12,2.555042340010183970e-15
1.335268749999999955e+03,3.798174319369674885e-04,6.372027466745499658e-12,2.420298151333031201e-15
1.335287499999999909e+03,3.751468374608381740e-04,6.111377030227693882e-12,2.292750010212437510e-15
1.335306250000000091e+03,3.705607852463666581e-04,5.861197347440870591e-12,2.172011594609829865e-15
1.335325000000000045e+03,3.660580237747675255e-04,5.621075788754224021e-12,2.057717298448278581e-15
1.335343750000000000e+03,3.616373191218180488e-04,5.390615656297268871e-12,1.949521128147637417e-15
1.335362499999999955e+03,3.572974547715459062e-04,5.169435582181652865e-12,1.847095657039042512e-15
1.335381249999999909e+03,3.530372314847424003e-04,4.957168948843803220e-12,1.750131035170890261e-15
1.335400000000000091e+03,3.488554671786315209e-04,4.753463330874611390e-12,1.658334051414039020e-15
1.335418750000000045e+03,3.447509967249487287e-04,4.557979957410907708e-12,1.571427244661778135e-15
1.335437500000000000e+03,3.407226718204504619e-04,4.370393194483938158e-12,1.489148062383405474e-15
1.335456249999999955e+03,3.367693608229565833e-04,4.190390046467846200e-12,1.411248063490389386e-15
1.335474999999999909e+03,3.328899486215658519e-04,4.017669676094840587e-12,1.337492163571482524e-15
1.335493750000000091e+03,3.290833364649732129e-04,3.851942942224009821e-12,1.267657919911176780e-15
1.335512500000000045e+03,3.253484418260292024e-04,3.692931954796003705e-12,1.201534854568200945e-15
1.335531250000000000e+03,3.216841982310195765e-04,3.540369646328506737e-12,1.138923813230146264e-15
1.335549999999999955e+03,3.180895551314762929e-04,3.393999359379292626e-12,1.079636358275801108e-15
1.335568749999999909e+03,3.145634777457094380e-04,3.253574449349393351e-12,1.023494193965280167e-15
1.335587500000000091e+03,3.111049468915597712e-04,3.118857902125780564e-12,9.703286221839657389e-16
1.335606250000000045e+03,3.077129588808898619e-04,2.989621965959996195e-12,9.199800273333797649e-16
1.335625000000000000e+03,3.043865253114634052e-04,2.865647797132753248e-12,8.722973883433561773e-16
1.335643749999999955e+03,3.011246729589608538e-04,2.746725118844077819e-12,8.271378169913857423e-16
1.335662499999999909e+03,2.979264436317920076e-04,2.632651892882694037e-12,7.843661207250245767e-16
1.335681250000000091e+03,2.947908939857384254e-04,2.523234003592885476e-12,7.438543887105291932e-16
1.335700000000000045e+03,2.917170954068727630e-04,2.418284953696891191e-12,7.054816001721177007e-16
1.335718750000000000e+03,2.887041338709547193e-04,2.317625571518310732e-12,6.691332535852679895e-16
1.335737499999999955e+03,2.857511097550652747e-04,2.221083729226315552e-12,6.347010155945498248e-16
1.335756249999999909e+03,2.828571377284843443e-04,2.128494071665670777e-12,6.020823889002854743e-16
1.335775000000000091e+03,2.800213466016973022e-04,2.039697755387801940e-12,5.711803978222082368e-16
1.335793750000000045e+03,2.772428791513894641e-04,1.954542197532277822e-12,5.419032906680941786e-16
1.335812500000000000e+03,2.745208920175615892e-04,1.872880834147268221e-12,5.141642581940613992e-16
1.335831249999999955e+03,2.718545555219868941e-04,1.794572887674288679e-12,4.878811670189947634e-16
1.335849999999999909e+03,2.692430535338422460e-04,1.719483143177035514e-12,4.629763074285646569e-16
1.335868750000000091e+03,2.666855833495282001e-04,1.647481733061620208e-12,4.393761547482166562e-16
1.335887500000000045e+03,2.641813554942142495e-04,1.578443929929929940e-12,4.170111434003235859e-16
1.335906250000000000e+03,2.617295936442116835e-04,1.512249947288130281e-12,3.958154533084056450e-16
1.335924999999999955e+03,2.593295344266009924e-04,1.448784747811204902e-12,3.757268075897482383e-16
1.335943749999999909e+03,2.569804273048370449e-04,1.387937858888112845e-12,3.566862812708236726e-16
1.335962500000000091e+03,2.546815344411453475e-04,1.329603195165541030e-12,3.386381202586128224e-16
1.335981250000000045e+03,2.524321305313353319e-04,1.273678887852513282e-12,3.215295700288913394e-16
1.336000000000000000e+03,2.502315026879082366e-04,1.220067120516502989e-12,3.053107136089467840e-16
1.336018749999999955e+03,2.480789502801026463e-04,1.168673971134539943e-12,2.899343182374966644e-16
1.336037499999999909e+03,2.459737847942093528e-04,1.119409260166688839e-12,2.753556903214819589e-16
1.336056250000000091e+03,2.439153297170049584e-04,1.072186404434177647e-12,2.615325382442951633e-16
1.336075000000000045e+03,2.419029203654590049e-04,1.026922276578337885e-12,2.484248425181620605e-16
1.336093750000000000e+03,2.399359037662896019e-04,9.835370698839119385e-13,2.359947330009269221e-16
1.336112499999999955e+03,2.380136385139429444e-04,9.419541682924431290e-13,2.242063727247445599e-16
1.336131249999999909e+03,2.361354946189699424e-04,9.021000213842881028e-13,2.130258479913798463e-16
1.336150000000000091e+03,2.343008533927449827e-04,8.639040241549648126e-13,2.024210644421428106e-16
1.336168750000000045e+03,2.325091073023015311e-04,8.272984014151708278e-13,1.923616487207853083e-16
1.336187500000000000e+03,2.307596598247210697e-04,7.922180966178311863e-13,1.828188554529859851e-16
1.336206249999999955e+03,2.290519253139148453e-04,7.586006649692928574e-13,1.737654792715084375e-16
1.336224999999999909e+03,2.273853288723461639e-04,7.263861706508320755e-13,1.651757716045458435e-16
1.336243750000000091e+03,2.257593062185434061e-04,6.955170880028321931e-13,1.570253619651197967e-16
1.336262500000000045e+03,2.241733035369223052e-04,6.659382065123262780e-13,1.492911834885365544e-16
1.336281250000000000e+03,2.226267773651327336e-04,6.375965394722782282e-13,1.419514025296242297e-16
1.336299999999999955e+03,2.211191944390585311e-04,6.104412361686677275e-13,1.349853520446450792e-16
1.336318749999999909e+03,2.196500315739357667e-04,5.844234974581460214e-13,1.283734686052306577e-16
1.336337500000000091e+03,2.182187755271816480e-04,5.594964946175386703e-13,1.220972328143668465e-16
1.336356250000000045e+03,2.168249228779984509e-04,5.356152913364670128e-13,1.161391129610087470e-16
1.336375000000000000e+03,2.154679798794988869e-04,5.127367687274919904e-13,1.104825117118994841e-16
1.336393749999999955e+03,2.141474623346103828e-04,4.908195532535184089e-13,1.051117157081737052e-16
1.336412499999999909e+03,2.128628954763833346e-04,4.698239474489278052e-13,1.000118478946474976e-16
1.336431250000000091e+03,2.116138138256003969e-04,4.497118633384050799e-13,9.516882242344144731e-17
1.336450000000000045e+03,2.103997610642419579e-04,4.304467584392083070e-13,9.056930200929235294e-17
1.336468750000000000e+03,2.092202899223724924e-04,4.119935742636641430e-13,8.620065760412809177e-17
1.336487499999999955e+03,2.080749620324188565e-04,3.943186772114902610e-13,8.205093024255959434e-17
1.336506249999999909e+03,2.069633478082683552e-04,3.773898017729866758e-13,7.810879496816458995e-17
1.336525000000000091e+03,2.058850263284452543e-04,3.611759959472968424e-13,7.436352671617414278e-17
1.336543750000000045e+03,2.048395851970173989e-04,3.456475687924080076e-13,7.080496803731578532e-17
1.336562500000000000e+03,2.038266204349804334e-04,3.307760400310353140e-13,6.742349858351492933e-17
1.336581249999999955e+03,2.028457363361925946e-04,3.165340916257422335e-13,6.421000623473517019e-17
1.336599999999999909e+03,2.018965453646355513e-04,3.028955212526584600e-13,6.115585980502159889e-17
1.336618750000000091e+03,2.009786680222261173e-04,2.898351975993720780e-13,5.825288321790695516e-17
1.336637500000000045e+03,2.000917327223481065e-04,2.773290174195734663e-13,5.549333108393074727e-17
1.336656250000000000e+03,1.992353756795515129e-04,2.653538642720281554e-13,5.286986560543350335e-17
1.336674999999999955e+03,1.984092407819925471e-04,2.538875688836542941e-13,5.037553472784711806e-17
1.336693749999999909e+03,1.976129794713209491e-04,2.429088710745288566e-13,4.800375147697757373e-17
1.336712500000000091e+03,1.968462506289775111e-04,2.323973831780007932e-13,4.574827441577925260e-17
1.336731250000000045e+03,1.961087204530413415e-04,2.223335549073688932e-13,4.360318915767529287e-17
1.336750000000000000e+03,1.954000623422102307e-04,2.126986396074516659e-13,4.156289088192513850e-17
1.336768749999999955e+03,1.947199567817928083e-04,2.034746618389253030e-13,3.962206779539124715e-17
1.336787499999999909e+03,1.940680912170790419e-04,1.946443862439580719e-13,3.777568548632405942e-17
1.336806250000000091e+03,1.934441599523519819e-04,1.861912876447502946e-13,3.601897212965311132e-17
1.336825000000000045e+03,1.928478640282739280e-04,1.780995223259052902e-13,3.434740448757027734e-17
1.336843750000000000e+03,1.922789111077446067e-04,1.703539004536246622e-13,3.275669466811231205e-17
1.336862499999999955e+03,1.917370153618994533e-04,1.629398595905698663e-13,3.124277759934356730e-17
1.336881249999999909e+03,1.912218973596022521e-04,1.558434392624221036e-13,2.980179918047827273e-17
1.336900000000000091e+03,1.907332839581435977e-04,1.490512565341651658e-13,2.843010507245227663e-17
1.336918750000000045e+03,1.902709081886663398e-04,1.425504825587643761e-13,2.712423009259586451e-17
1.336937500000000000e+03,1.898345091434863491e-04,1.363288200582462541e-13,2.588088818134206493e-17
1.336956249999999955e+03,1.894238318727730372e-04,1.303744817036191945e-13,2.469696291130229632e-17
1.336974999999999909e+03,1.890386272690798466e-04,1.246761693552740546e-13,2.356949850561543163e-17
1.336993750000000091e+03,1.886786519679626206e-04,1.192230541333594618e-13,2.249569134225126593e-17
1.337012500000000045e+03,1.883436682288159452e-04,1.140047572839363989e-13,2.147288191294293626e-17
1.337031250000000000e+03,1.880334438406556011e-04,1.090113318091374713e-13,2.049854721740455823e-17
1.337049999999999955e+03,1.877477520072171752e-04,1.042332448338417265e-13,1.957029356417191552e-17
1.337068749999999909e+03,1.874863712470867022e-04,9.966136067809023977e-14,1.868584975977147940e-17
1.337087500000000091e+03,1.872490852862904360e-04,9.528692460734556527e-14,1.784306066254373127e-17
1.337106250000000045e+03,1.870356829567615929e-04,9.110154723623179794e-14,1.703988108317000561e-17
1.337125000000000000e+03,1.868459580953434767e-04,8.709718955683995934e-14,1.627437001188259897e-17
1.337143749999999955e+03,1.866797094367432985e-04,8.326614856984778041e-14,1.554468515460826930e-17
1.337162499999999909e+03,1.865367405165590197e-04,7.960104349330130991e-14,1.484907776244740415e-17
1.337181250000000091e+03,1.864168595709679100e-04,7.609480252669494951e-14,1.418588773742897643e-17
1.337200000000000045e+03,1.863198794346916849e-04,7.274065014820330851e-14,1.355353899971867303e-17
1.337218750000000000e+03,1.862456174450743474e-04,6.953209492427334440e-14,1.295053510274453573e-17
1.337237499999999955e+03,1.861938953417198700e-04,6.646291781111436862e-14,1.237545508196421398e-17
1.337256249999999909e+03,1.861645391710021720e-04,6.352716092924593739e-14,1.182694952541718419e-17
1.337275000000000091e+03,1.861573791894908690e-04,6.071911679108832064e-14,1.130373685338234897e-17
1.337293750000000045e+03,1.861722497675775978e-04,5.803331796557091881e-14,1.080459979628672947e-17
1.337312500000000000e+03,1.862089892958505518e-04,5.546452715999283412e-14,1.032838205984044064e-17
1.337331249999999955e+03,1.862674400904728504e-04,5.300772770498106500e-14,9.873985167491893032e-18
1.337349999999999909e+03,1.863474483004679114e-04,5.065811442506609381e-14,9.440365470524130753e-18
1.337368750000000091e+03,1.864488638151615997e-04,4.841108487984795737e-14,9.026531316693739328e-18
1.337387500000000045e+03,1.865715401726546663e-04,4.626223096135544504e-14,8.631540368968549012e-18
1.337406250000000000e+03,1.867153344698458935e-04,4.420733083276265821e-14,8.254497066166605320e-18
1.337424999999999955e+03,1.868801072712385225e-04,4.224234119578232657e-14,7.894550217892564191e-18
1.337443749999999909e+03,1.870657225221374282e-04,4.036338987256786348e-14,7.550890726589691267e-18
1.337462500000000091e+03,1.872720474578690338e-04,3.856676869041833567e-14,7.222749429659480007e-18
1.337481250000000045e+03,1.874989525178865865e-04,3.684892665675653490e-14,6.909395055486269469e-18
1.337500000000000000e+03,1.877463112592097326e-04,3.520646341297560852e-14,6.610132287043865824e-18
1.337518749999999955e+03,1.880140002703862450e-04,3.363612295547140181e-14,6.324299927261886471e-18
1.337537499999999909e+03,1.883018990864994630e-04,3.213478761419190482e-14,6.051269160901259484e-18
1.337556250000000091e+03,1.886098901046916502e-04,3.069947227719574291e-14,5.790441907523090177e-18
1.337575000000000045e+03,1.889378585024736705e-04,2.932731885224137595e-14,5.541249260903411698e-18
1.337593750000000000e+03,1.892856921531536950e-04,2.801559095524916286e-14,5.303150009970793711e-18
1.337612499999999955e+03,1.896532815461889727e-04,2.676166881710422126e-14,5.075629237251378521e-18
1.337631249999999909e+03,1.900405197051704357e-04,2.556304439946527038e-14,4.858196990357494314e-18
1.337650000000000091e+03,1.904473021087528105e-04,2.441731671154490868e-14,4.650387022841611291e-18
1.337668750000000045e+03,1.908735266088270612e-04,2.332218731955405310e-14,4.451755600527007870e-18
1.337687500000000000e+03,1.913190933575611183e-04,2.227545604098193777e-14,4.261880370093684776e-18
1.337706249999999955e+03,1.917839047255620491e-04,2.127501681669377638e-14,4.080359286261253116e-18
1.337724999999999909e+03,1.922678652263199058e-04,2.031885375294216259e-14,3.906809594678972473e-18
1.337743750000000091e+03,1.927708814392560966e-04,1.940503732693434291e-14,3.740866867476963707e-18
1.337762500000000045e+03,1.932928619394618268e-04,1.853172074943658171e-14,3.582184088863315330e-18
1.337781250000000000e+03,1.938337172186276134e-04,1.769713647743696026e-14,3.430430787689790605e-18
1.337799999999999955e+03,1.943933596112155417e-04,1.689959287136379380e-14,3.285292214891641497e-18
1.337818749999999909e+03,1.949717032292873841e-04,1.613747099070552931e-14,3.146468563403255955e-18
1.337837500000000091e+03,1.955686638809322651e-04,1.540922152258791389e-14,3.013674227917313691e-18
1.337856250000000045e+03,1.961841590067576753e-04,1.471336183768877815e-14,2.886637102920900584e-18
1.337875000000000000e+03,1.968181076081348035e-04,1.404847316845270564e-14,2.765097916574795970e-18
1.337893749999999955e+03,1.974704301739129482e-04,1.341319790458410848e-14,2.648809598665086464e-18
1.337912499999999909e+03,1.981410486222482217e-04,1.280623700101164484e-14,2.537536681048119933e-18
1.337931250000000091e+03,1.988298862198718505e-04,1.222634749384317100e-14,2.431054728390109078e-18
1.337950000000000045e+03,1.995368675262922532e-04,1.167234011974298975e-14,2.329149798212347576e-18
1.337968750000000000e+03,2.002619183207096491e-04,1.114307703455892515e-14,2.231617928164666019e-18
1.337987499999999955e+03,2.010049655470199845e-04,1.063746962721988273e-14,2.138264649549526775e-18
1.338006249999999909e+03,2.017659372364046595e-04,1.015447642493419080e-14,2.048904525246541913e-18
1.338025000000000091e+03,2.025447624531653053e-04,9.693101085866950515e-15,1.963360711253661230e-18
1.338043750000000045e+03,2.033413712278495165e-04,9.252390475962379901e-15,1.881464540268274234e-18
1.338062500000000000e+03,2.041556944998405843e-04,8.831432826060109443e-15,1.803055126310874405e-18
1.338081249999999955e+03,2.049876640532433093e-04,8.429355966464432023e-15,1.727978989229561900e-18
1.338099999999999909e+03,2.058372124582614885e-04,8.045325635357288629e-15,1.656089698081930714e-18
1.338118750000000091e+03,2.067042730144582545e-04,7.678543858348365497e-15,1.587247532442386630e-18
1.338137500000000045e+03,2.075887796824176738e-04,7.328247396017996191e-15,1.521319160561108943e-18
1.338156250000000000e+03,2.084906670382354965e-04,6.993706256735301988e-15,1.458177333784666762e-18
1.338174999999999955e+03,2.094098702135820480e-04,6.674222272068974878e-15,1.397700596107383255e-18
1.338193749999999909e+03,2.103463248366501000e-04,6.369127732158947260e-15,1.339773008189625236e-18
1.338212500000000091e+03,2.112999669764392934e-04,6.077784078603640449e-15,1.284283885117708440e-18
1.338231250000000045e+03,2.122707330956096069e-04,5.799580652460893545e-15,1.231127547218613203e-18
1.338250000000000000e+03,2.132585599843222829e-04,5.533933495144431494e-15,1.180203083106781947e-18
1.338268749999999955e+03,2.142633847252415377e-04,5.280284199892581518e-15,1.131414124602956295e-18
1.338287499999999909e+03,2.152851446285442580e-04,5.038098811855140307e-15,1.084668632593040243e-18
1.338306250000000091e+03,2.163237771814461880e-04,4.806866774699388517e-15,1.039878693508710427e-18
1.338325000000000045e+03,2.173792200046348918e-04,4.586099921830690696e-15,9.969603258380567102e-19
1.338343750000000000e+03,2.184514107976259637e-04,4.375331510337872051e-15,9.558332960607598112e-19
1.338362499999999955e+03,2.195402872902427855e-04,4.174115295932312235e-15,9.164209436245125721e-19
1.338381249999999909e+03,2.206457872055948171e-04,3.982024647134034329e-15,8.786500145089835494e-19
1.338400000000000091e+03,2.217678481918142219e-04,3.798651697134241089e-15,8.424505027816566715e-19
1.338418750000000045e+03,2.229064077979472491e-04,3.623606531649892683e-15,8.077555000233417011e-19
1.338437500000000000e+03,2.240614034128601459e-04,3.456516411365441178e-15,7.745010519206303707e-19
1.338456249999999955e+03,2.252327722295087062e-04,3.297025027501501558e-15,7.426260219037792322e-19
1.338474999999999909e+03,2.264204512010081869e-04,3.144791789073082955e-15,7.120719613337285504e-19
1.338493750000000091e+03,2.276243769854998386e-04,2.999491140558542655e-15,6.827829859186049633e-19
1.338512500000000045e+03,2.288444859260188710e-04,2.860811908714564258e-15,6.547056581908359226e-19
1.338531250000000000e+03,2.300807139878529640e-04,2.728456677247556594e-15,6.277888754860591533e-19
1.338549999999999955e+03,2.313329967319138834e-04,2.602141188265559827e-15,6.019837634079746123e-19
1.338568749999999909e+03,2.326012692671745885e-04,2.481593769302237808e-15,5.772435743175865597e-19
1.338587500000000091e+03,2.338854662133418860e-04,2.366554784894994818e-15,5.535235906987333679e-19
1.338606250000000045e+03,2.351855216657388237e-04,2.256776111663018847e-15,5.307810331273356171e-19
1.338625000000000000e+03,2.365013691525984544e-04,2.152020635884262681e-15,5.089749725908639722e-19
1.338643749999999955e+03,2.378329416047002395e-04,2.052061772641768299e-15,4.880662469924649456e-19
1.338662499999999909e+03,2.391801713144264547e-04,1.956683005639644638e-15,4.680173815831286343e-19
1.338681250000000091e+03,2.405429899015815241e-04,1.865677446767584106e-15,4.487925131550530974e-19
1.338700000000000045e+03,2.419213282793009360e-04,1.778847414655638722e-15,4.303573178133268659e-19
1.338718750000000000e+03,2.433151166225209095e-04,1.696004031327104460e-15,4.126789421330208351e-19
1.338737499999999955e+03,2.447242843281339912e-04,1.616966836274252840e-15,3.957259375384934579e-19
1.338756249999999909e+03,2.461487599938642435e-04,1.541563417146478812e-15,3.794681977753052277e-19
1.338775000000000091e+03,2.475884713771672003e-04,1.469629056387919069e-15,3.638768992682543057e-19
1.338793750000000045e+03,2.490433453728053948e-04,1.401006393131322345e-15,3.489244442836533918e-19
1.338812500000000000e+03,2.505133079696484320e-04,1.335545099718036138e-15,3.345844067032827701e-19
1.338831249999999955e+03,2.519982842333285192e-04,1.273101572189190018e-15,3.208314803423716746e-19
1.338849999999999909e+03,2.534981982834001745e-04,1.213538634199117489e-15,3.076414296517012363e-19
1.338868750000000091e+03,2.550129732447867269e-04,1.156725253732438803e-15,2.949910426557063179e-19
1.338887500000000045e+03,2.565425312364909521e-04,1.102536272127826513e-15,2.828580861087474210e-19
1.338906250000000000e+03,2.580867933449573640e-04,1.050852144842007840e-15,2.712212626846347920e-19
1.338924999999999955e+03,2.596456795932668865e-04,1.001558693474366366e-15,2.600601701232855697e-19
1.338943749999999909e+03,2.612191089182889733e-04,9.545468685717127728e-16,2.493552622535181263e-19
1.338962500000000091e+03,2.628069991426725460e-04,9.097125227526286466e-16,2.390878117880165573e-19
1.338981250000000045e+03,2.644092669620464451e-04,8.669561936941649038e-16,2.292398748207330794e-19
1.339000000000000000e+03,2.660258279091104374e-04,8.261828965837618402e-16,2.197942569166180095e-19
1.339018749999999955e+03,2.676565963419929445e-04,7.873019256081662429e-16,2.107344807550195308e-19
1.339037499999999909e+03,2.693014854205157431e-04,7.502266641168398196e-16,2.020447552265877221e-19
1.339056250000000091e+03,2.709604070832155468e-04,7.148744030551961778e-16,1.937099459182928364e-19
1.339075000000000045e+03,2.726332720210777991e-04,6.811661673465159511e-16,1.857155469270450502e-19
1.339093750000000000e+03,2.743199896770268814e-04,6.490265498579109133e-16,1.780476539526181874e-19
1.339112499999999955e+03,2.760204682110454317e-04,6.183835526336067619e-16,1.706929385701746939e-19
1.339131249999999909e+03,2.777346144862514001e-04,5.891684350812558805e-16,1.636386236657117945e-19
1.339150000000000091e+03,2.794623340504115883e-04,5.613155688111016424e-16,1.568724599616347714e-19
1.339168750000000045e+03,2.812035311311909466e-04,5.347622988445677741e-16,1.503827035930978063e-19
1.339187500000000000e+03,2.829581086027043411e-04,5.094488109105084262e-16,1.441580946604964931e-19
1.339206249999999955e+03,2.847259679789557749e-04,4.853180045746577663e-16,1.381878367464333984e-19
1.339224999999999909e+03,2.865070094093673551e-04,4.623153719465978357e-16,1.324615773359572113e-19
1.339243750000000091e+03,2.883011316365931493e-04,4.403888817178110310e-16,1.269693890791289745e-19
1.339262500000000045e+03,2.901082320182027407e-04,4.194888683129935364e-16,1.217017519082446192e-19
1.339281250000000000e+03,2.919282064845867540e-04,3.995679259176004227e-16,1.166495359068209752e-19
1.339299999999999955e+03,2.937609495491356700e-04,3.805808071845550502e-16,1.118039849519014423e-19
1.339318749999999909e+03,2.956063542891238785e-04,3.624843264090694483e-16,1.071567010562591322e-19
1.339337500000000091e+03,2.974643123216146393e-04,3.452372669758977396e-16,1.026996293897215840e-19
1.339356250000000045e+03,2.993347138138618643e-04,3.288002929029946568e-16,9.842504396485027439e-20
1.339375000000000000e+03,3.012174474664001955e-04,3.131358642916174036e-16,9.432553393049030930e-20
1.339393749999999955e+03,3.031124005013042340e-04,2.982081565229493292e-16,9.039399046097204270e-20
1.339412499999999909e+03,3.050194586538284192e-04,2.839829830314356111e-16,8.662359421099148151e-20
1.339431250000000091e+03,3.069385061713777963e-04,2.704277215043675130e-16,8.300780331301769310e-20
1.339450000000000045e+03,3.088694258019562757e-04,2.575112433512911508e-16,7.954034188550007113e-20
1.339468750000000000e+03,3.108120987773727202e-04,2.452038463083670476e-16,7.621518903345133983e-20
1.339487499999999955e+03,3.127664048394743017e-04,2.334771900341636060e-16,7.302656832893142261e-20
1.339506249999999909e+03,3.147322221990983353e-04,2.223042345719643292e-16,6.996893772425117647e-20
1.339525000000000091e+03,3.167094275482348594e-04,2.116591815475640491e-16,6.703697990697435649e-20
1.339543750000000045e+03,3.186978960572608901e-04,2.015174179867752155e-16,6.422559306099938149e-20
1.339562500000000000e+03,3.206975013619988964e-04,1.918554626360701285e-16,6.152988201706225646e-20
1.339581249999999955e+03,3.227081155745893421e-04,1.826509146777466991e-16,5.894514978256982641e-20
1.339599999999999909e+03,3.247296092796442073e-04,1.738824047335711909e-16,5.646688942567048040e-20
1.339618750000000091e+03,3.267618515080846484e-04,1.655295480549880841e-16,5.409077629707284273e-20
1.339637500000000045e+03,3.288047097786416005e-04,1.575728998097468016e-16,5.181266059194805048e-20
1.339656250000000000e+03,3.308580500500766684e-04,1.499939123631822161e-16,4.962856020709596576e-20
1.339674999999999955e+03,3.329217367603520741e-04,1.427748944757846543e-16,4.753465391286047931e-20
1.339693749999999909e+03,3.349956328075170942e-04,1.358989723266571957e-16,4.552727480047407771e-20
1.339712500000000091e+03,3.370795995496378579e-04,1.293500522843080114e-16,4.360290400600807429e-20
1.339731250000000045e+03,3.391734968237825401e-04,1.231127853490678535e-16,4.175816469856499652e-20
1.339750000000000000e+03,3.412771829203082598e-04,1.171725331886918912e-16,3.998981631154053329e-20
1.339768749999999955e+03,3.433905146111686235e-04,1.115153357040012024e-16,3.829474902152751879e-20
1.339787499999999909e+03,3.455133471404267932e-04,1.061278800491428770e-16,3.666997844991932468e-20
1.339806250000000091e+03,3.476455342370284181e-04,1.009974710482633692e-16,3.511264058708308733e-20
1.339825000000000045e+03,3.497869280952136252e-04,9.611200294320788648e-17,3.361998692238282765e-20
1.339843750000000000e+03,3.519373794105292818e-04,9.145993241421327325e-17,3.218937978056275054e-20
1.339862499999999955e+03,3.540967373648185425e-04,8.703025281735525151e-17,3.081828784488398072e-20
1.339881249999999909e+03,3.562648496518512793e-04,8.281246958527798167e-17,2.950428186826654132e-20
1.339900000000000091e+03,3.584415624473829718e-04,7.879657673753517537e-17,2.824503055509030803e-20
1.339918750000000045e+03,3.606267204482668668e-04,7.497303445360854400e-17,2.703829661796679494e-20
1.339937500000000000e+03,3.628201668734151232e-04,7.133274765981841552e-17,2.588193299225067854e-20
1.339956249999999955e+03,3.650217434560673667e-04,6.786704558500554919e-17,2.477387920453415140e-20
1.339974999999999909e+03,3.672312904822244099e-04,6.456766224346670710e-17,2.371215789293529504e-20
1.339993750000000091e+03,3.694486467547701590e-04,6.142671780058617253e-17,2.269487146330015954e-20
1.340012500000000045e+03,3.716736496500594325e-04,5.843670078561223702e-17,2.172019888819916340e-20
1.340031250000000000e+03,3.739061350809884626e-04,5.559045111070809327e-17,2.078639262957136746e-20
1.340049999999999955e+03,3.761459375651471392e-04,5.288114386150044721e-17,1.989177569247267435e-20
1.340068749999999909e+03,3.783928901631231361e-04,5.030227382504562843e-17,1.903473879104250989e-20
1.340087500000000091e+03,3.806468245501814975e-04,4.784764072096438362e-17,1.821373763622700425e-20
1.340106250000000045e+03,3.829075709968098235e-04,4.551133510551208021e-17,1.742729032840287057e-20
1.340125000000000000e+03,3.851749583820177438e-04,4.328772491717871974e-17,1.667397485680876626e-20
1.340143749999999955e+03,3.874488142170955281e-04,4.117144263642756286e-17,1.595242670049519915e-20
1.340162499999999909e+03,3.897289646603344072e-04,3.915737303073527832e-17,1.526133652522989385e-20
1.340181250000000091e+03,3.920152345011349883e-04,3.724064145914969102e-17,1.459944797192017427e-20
1.340200000000000045e+03,3.943074472070563167e-04,3.541660271181831075e-17,1.396555553668910335e-20
1.340218750000000000e+03,3.966054249134599017e-04,3.368083035890792694e-17,1.335850253348530725e-20
1.340237499999999955e+03,3.989089884590044360e-04,3.202910658771184089e-17,1.277717914046213967e-20
1.340256249999999909e+03,4.012179573837174333e-04,3.045741250440341258e-17,1.222052052308012025e-20
1.340275000000000091e+03,4.035321499425722049e-04,2.896191888092194393e-17,1.168750503327579087e-20
1.340293750000000045e+03,4.058513831357115124e-04,2.753897732538389970e-17,1.117715248086598387e-20
1.340312500000000000e+03,4.081754726991471192e-04,2.618511185832365803e-17,1.068852247321011701e-20
1.340331249999999955e+03,4.105042331613619204e-04,2.489701087538947464e-17,1.022071282289853237e-20
1.340349999999999909e+03,4.128374778103753497e-04,2.367151947938667750e-17,9.772858016651294362e-21
1.340368750000000091e+03,4.151750187433480687e-04,2.250563216533342326e-17,9.344127747665269277e-21
1.340387500000000045e+03,4.175166668735996278e-04,2.139648584157542716e-17,8.933725505157439185e-21
1.340406250000000000e+03,4.198622319545359410e-04,2.034135317283290861e-17,8.540887220769710054e-21
1.340424999999999955e+03,4.222115225814706370e-04,1.933763622961445435e-17,8.164879968275919522e-21
1.340443749999999909e+03,4.245643462200183083e-04,1.838286043089291532e-17,7.805000715810702625e-21
1.340462500000000091e+03,4.269205092270629814e-04,1.747466876597916127e-17,7.460575127441695329e-21
1.340481250000000045e+03,4.292798168653755471e-04,1.661081628360185190e-17,7.130956412465349199e-21
1.340500000000000000e+03,4.316420733183570671e-04,1.578916483536287640e-17,6.815524220363024221e-21
1.340518749999999955e+03,4.340070817162018191e-04,1.500767806262533057e-17,6.513683580027331855e-21
1.340537499999999909e+03,4.363746441580021733e-04,1.426441661514537463e-17,6.224863880955705069e-21
1.340556250000000091e+03,4.387445617188180246e-04,1.355753359134688991e-17,5.948517894807921860e-21
1.340575000000000045e+03,4.411166344718405407e-04,1.288527018993950625e-17,5.684120836089398894e-21
1.340593750000000000e+03,4.434906615258261942e-04,1.224595156302729538e-17,5.431169460246161820e-21
1.340612499999999955e+03,4.458664410181152052e-04,1.163798286194371000e-17,5.189181197125461017e-21
1.340631249999999909e+03,4.482437701745238447e-04,1.105984546662319227e-17,4.957693319628180732e-21
1.340650000000000091e+03,4.506224452811886266e-04,1.051009339021586267e-17,4.736262144330711801e-21
1.340668750000000045e+03,4.530022617462542661e-04,9.987349851015208145e-18,4.524462264929381623e-21
1.340687500000000000e+03,4.553830140963503487e-04,9.490304003920354281e-18,4.321885815386068680e-21
1.340706249999999955e+03,4.577644960198191753e-04,9.017707824070521337e-18,4.128141762793724492e-21
1.340724999999999909e+03,4.601465003672695724e-04,8.568373135884943140e-18,3.942855227977029890e-21
1.340743750000000091e+03,4.625288191970484400e-04,8.141168780553067139e-18,3.765666833438418765e-21
1.340762500000000045e+03,4.649112437715925195e-04,7.735017915842692889e-18,3.596232076825235207e-21
1.340781250000000000e+03,4.672935645928067241e-04,7.348895441930774074e-18,3.434220729586099064e-21
1.340799999999999955e+03,4.696755714418781561e-04,6.981825547655036406e-18,3.279316259574489037e-21
1.340818749999999909e+03,4.720570533691457018e-04,6.632879371503310309e-18,3.131215276224669740e-21
1.340837500000000091e+03,4.744377987440757884e-04,6.301172772061173762e-18,2.989626998214289652e-21
1.340856250000000045e+03,4.768175952690052971e-04,5.985864202980725345e-18,2.854272742076114278e-21
1.340875000000000000e+03,4.791962299987996120e-04,5.686152687460444975e-18,2.724885431159607553e-21
1.340893749999999955e+03,4.815734893679046030e-04,5.401275887791986570e-18,2.601209124207615842e-21
1.340912499999999909e+03,4.839491592343119451e-04,5.130508265539254811e-18,2.482998562792365817e-21
1.340931250000000091e+03,4.863230248662591022e-04,4.873159328064855369e-18,2.370018736435679475e-21
1.340950000000000045e+03,4.886948709882782665e-04,4.628571957594572463e-18,2.262044465439106550e-21
1.340968750000000000e+03,4.910644818093694601e-04,4.396120818756716997e-18,2.158860000177934500e-21
1.340987499999999955e+03,4.934316410449120444e-04,4.175210841167224705e-18,2.060258636390118156e-21
1.341006249999999909e+03,4.957961319369652130e-04,3.965275773456790471e-18,1.966042345798647700e-21
1.341025000000000091e+03,4.981577372706125564e-04,3.765776805461974324e-18,1.876021421475645349e-21
1.341043750000000045e+03,5.005162394400652177e-04,3.576201255415024802e-18,1.790014137565195496e-21
1.341062500000000000e+03,5.028714204042554654e-04,3.396061319066884249e-18,1.707846422177009396e-21
1.341081249999999955e+03,5.052230617860970288e-04,3.224892877950968301e-18,1.629351543920905466e-21
1.341099999999999909e+03,5.075709448525972519e-04,3.062254363930029703e-18,1.554369810533278163e-21
1.341118750000000091e+03,5.099148505480376918e-04,2.907725677471380811e-18,1.482748279779238015e-21
1.341137500000000045e+03,5.122545595329250573e-04,2.760907157119135690e-18,1.414340481949263494e-21
1.341156250000000000e+03,5.145898522035997642e-04,2.621418597777306613e-18,1.349006153425634221e-21
1.341174999999999955e+03,5.169205087072050809e-04,2.488898315527743737e-18,1.286610980938692063e-21
1.341193749999999909e+03,5.192463089921344052e-04,2.363002256798084850e-18,1.227026356184447339e-21
1.341212500000000091e+03,5.215670328092329939e-04,2.243403149801634091e-18,1.170129140175653286e-21
1.341231250000000045e+03,5.238824597534133282e-04,2.129789696333890474e-18,1.115801437203966082e-21
1.341250000000000000e+03,5.261923692787443896e-04,2.021865801886702586e-18,1.063930377791751150e-21
1.341268749999999955e+03,5.284965407512976247e-04,1.919349842482295275e-18,1.014407910524353371e-21
1.341287499999999909e+03,5.307947534379113584e-04,1.821973966323823387e-18,9.671306021082410992e-22
1.341306250000000091e+03,5.330867865704098235e-04,1.729483428749230324e-18,9.219994456742915652e-22
1.341325000000000045e+03,5.353724193356572316e-04,1.641635958859914194e-18,8.789196766769528088e-22
1.341343750000000000e+03,5.376514309350411162e-04,1.558201156364857629e-18,8.378005963699002319e-22
1.341362499999999955e+03,5.399236005904255783e-04,1.478959917207535050e-18,7.985554023339825455e-22
1.341381249999999909e+03,5.421887075955503840e-04,1.403703886624736659e-18,7.611010259469124963e-22
1.341400000000000091e+03,5.444465312981814189e-04,1.332234938336494848e-18,7.253579763409659724e-22
1.341418750000000045e+03,5.466968511802107857e-04,1.264364678652520302e-18,6.912501908432450695e-22
1.341437500000000000e+03,5.489394468490957271e-04,1.199913974305160742e-18,6.587048913679825109e-22
1.341456249999999955e+03,5.511740980821532715e-04,1.138712502883254849e-18,6.276524467196190123e-22
1.341474999999999909e+03,5.534005848438610644e-04,1.080598324829041614e-18,5.980262404812441235e-22
1.341493750000000091e+03,5.556186873189217397e-04,1.025417475937684225e-18,5.697625442980190808e-22
1.341512500000000045e+03,5.578281859404850274e-04,9.730235794267279751e-19,5.428003963360943982e-22
1.341531250000000000e+03,5.600288614058645652e-04,9.232774766224349988e-19,5.170814846911925257e-22
1.341549999999999955e+03,5.622204947282660520e-04,8.760468753965619134e-19,4.925500356047001243e-22
1.341568749999999909e+03,5.644028672439769167e-04,8.312060155057765878e-19,4.691527062148348516e-22
1.341587500000000091e+03,5.665757606380562731e-04,7.886353500330467865e-19,4.468384817252137456e-22
1.341606250000000045e+03,5.687389569835798932e-04,7.482212421676806036e-19,4.255585768061173119e-22
1.341625000000000000e+03,5.708922387690686800e-04,7.098556765914666761e-19,4.052663410359456082e-22
1.341643749999999955e+03,5.730353889073831362e-04,6.734359847824256140e-19,3.859171682232811678e-22
1.341662499999999909e+03,5.751681907951480517e-04,6.388645835708622671e-19,3.674684095006061395e-22
1.341681250000000091e+03,5.772904283069309889e-04,6.060487263132782145e-19,3.498792899555728148e-22
1.341700000000000045e+03,5.794018858385898774e-04,5.749002660966815342e-19,3.331108287452248913e-22
1.341718750000000000e+03,5.815023483404904757e-04,5.453354303739614968e-19,3.171257624962475533e-22
1.341737499999999955e+03,5.835916013305549608e-04,5.172746065182854283e-19,3.018884718755310364e-22
1.341756249999999909e+03,5.856694309377599023e-04,4.906421377473781044e-19,2.873649112157467255e-22
1.341775000000000091e+03,5.877356239038033321e-04,4.653661289348534272e-19,2.735225410415107650e-22
1.341793750000000045e+03,5.897899676385326287e-04,4.413782618381404014e-19,2.603302634293710042e-22
1.341812500000000000e+03,5.918322502262478519e-04,4.186136192823305483e-19,2.477583600301210689e-22
1.341831249999999955e+03,5.938622604707721351e-04,3.970105178826018322e-19,2.357784326946968873e-22
1.341849999999999909e+03,5.958797879050127229e-04,3.765103488916086475e-19,2.243633465624356343e-22
1.341868750000000091e+03,5.978846228283039290e-04,3.570574267735109673e-19,2.134871755339821065e-22
1.341887500000000045e+03,5.998765563247595353e-04,3.385988451553125707e-19,2.031251500256178319e-22
1.341906250000000000e+03,6.018553803025154889e-04,3.210843397771086135e-19,1.932536069130311625e-22
1.341924999999999955e+03,6.038208875036738801e-04,3.044661581218460808e-19,1.838499415680876667e-22
1.341943749999999909e+03,6.057728715555455888e-04,2.886989353982814657e-19,1.748925619238105120e-22
1.341962500000000091e+03,6.077111269681364537e-04,2.737395765693910391e-19,1.663608444536131958e-22
1.341981250000000045e+03,6.096354491706286157e-04,2.595471441374358947e-19,1.582350920172173056e-22
1.342000000000000000e+03,6.115456345574040321e-04,2.460827514101749372e-19,1.504964934872953085e-22
1.342018749999999955e+03,6.134414804814656468e-04,2.333094609800149362e-19,1.431270850665004081e-22
1.342037499999999909e+03,6.153227853104678742e-04,2.211921881667067150e-19,1.361097132566194565e-22
1.342056250000000091e+03,6.171893484290983745e-04,2.096976091864716963e-19,1.294279993844922341e-22
1.342075000000000045e+03,6.190409702750635911e-04,1.987940738148540845e-19,1.230663056393994204e-22
1.342093750000000000e+03,6.208774523670651784e-04,1.884515223265666601e-19,1.170097025498829884e-22
1.342112499999999955e+03,6.226985973246799326e-04,1.786414065119289189e-19,1.112439378453714020e-22
1.342131249999999909e+03,6.245042089006460316e-04,1.693366145620779672e-19,1.057554066430064798e-22
1.342150000000000091e+03,6.262940920033998032e-04,1.605113996464267296e-19,1.005311229074873135e-22
1.342168750000000045e+03,6.280680527134863177e-04,1.521413119947334101e-19,9.555869212705058276e-23
1.342187500000000000e+03,6.298258983202325266e-04,1.442031343177983661e-19,9.082628516186354629e-23
1.342206249999999955e+03,6.315674373381075478e-04,1.366748204063948533e-19,8.632261321076237382e-23
1.342224999999999909e+03,6.332924795460917813e-04,1.295354367501211194e-19,8.203690385405431152e-23
1.342243750000000091e+03,6.350008359903945706e-04,1.227651070315380462e-19,7.795887812068701371e-23
1.342262500000000045e+03,6.366923190301938731e-04,1.163449593572600393e-19,7.407872854895431624e-23
1.342281250000000000e+03,6.383667423398275411e-04,1.102570760887377540e-19,7.038709818548214147e-23
1.342299999999999955e+03,6.400239209529730430e-04,1.044844461500187556e-19,6.687506049644170084e-23
1.342318749999999909e+03,6.416636712832061041e-04,9.901091969106465708e-20,6.353410014440684662e-23
1.342337500000000091e+03,6.432858111288963137e-04,9.382116498902042338e-20,6.035609459449442932e-23
1.342356250000000045e+03,6.448901597239660010e-04,8.890062748221967622e-20,5.733329652353909516e-23
1.342375000000000000e+03,6.464765377435011985e-04,8.423549082969291674e-20,5.445831698755679050e-23
1.342393749999999955e+03,6.480447673250588165e-04,7.981263989940615123e-20,5.172410932326281120e-23
1.342412499999999909e+03,6.495946721161693352e-04,7.561962558882205575e-20,4.912395375171765884e-23
1.342431250000000091e+03,6.511260772613273540e-04,7.164463139038855378e-20,4.665144264911634618e-23
1.342450000000000045e+03,6.526388094533292156e-04,6.787644161473461562e-20,4.430046646538228338e-23
1.342468750000000000e+03,6.541326969386829573e-04,6.430441119111836262e-20,4.206520025505039868e-23
1.342487499999999955e+03,6.556075695548019755e-04,6.091843696824656772e-20,3.994009080060681178e-23
1.342506249999999909e+03,6.570632587338220672e-04,5.770893044087962990e-20,3.791984429808941924e-23
1.342525000000000091e+03,6.584995975414910038e-04,5.466679183279548620e-20,3.599941458586535291e-23
1.342543750000000045e+03,6.599164206913393782e-04,5.178338546978996390e-20,3.417399188992548153e-23
1.342562500000000000e+03,6.613135645598045747e-04,4.905051637885793936e-20,3.243899206513474898e-23
1.342581249999999955e+03,6.626908672255068600e-04,4.646040805280773541e-20,3.079004631204704289e-23
1.342599999999999909e+03,6.640481684709603630e-04,4.400568132421463350e-20,2.922299134671941023e-23
1.342618750000000091e+03,6.653853098115710372e-04,4.167933429319766692e-20,2.773386000685341297e-23
1.342637500000000045e+03,6.667021345247193002e-04,3.947472325709053934e-20,2.631887227409381304e-23
1.342656250000000000e+03,6.679984876456127431e-04,3.738554459264855660e-20,2.497442669343608847e-23
1.342674999999999955e+03,6.692742160220838772e-04,3.540581754435292932e-20,2.369709217674774350e-23
1.342693749999999909e+03,6.705291683082577423e-04,3.352986787319823375e-20,2.248360016854162760e-23
1.342712500000000091e+03,6.717631949839258411e-04,3.175231232423492409e-20,2.133083716240691003e-23
1.342731250000000045e+03,6.729761483956756734e-04,3.006804387180401741e-20,2.023583755214708616e-23
1.342750000000000000e+03,6.741678827537828708e-04,2.847221770411525555e-20,1.919577680115029766e-23
1.342768749999999955e+03,6.753382541618195654e-04,2.696023791100341467e-20,1.820796491902999395e-23
1.342787499999999909e+03,6.764871206384703807e-04,2.552774483935419061e-20,1.726984023040622938e-23
1.342806250000000091e+03,6.776143421252076070e-04,2.417060308370920670e-20,1.637896342347825803e-23
1.342825000000000045e+03,6.787197805118168987e-04,2.288489008006050198e-20,1.553301186674211299e-23
1.342843750000000000e+03,6.798032996559519444e-04,2.166688527317257551e-20,1.472977418169949893e-23
1.342862499999999955e+03,6.808647653965873561e-04,2.051305982881622783e-20,1.396714506035064682e-23
1.342881249999999909e+03,6.819040455749725022e-04,1.942006686404695326e-20,1.324312031722950675e-23
1.342900000000000091e+03,6.829210100472329729e-04,1.838473216941089170e-20,1.255579216513355281e-23
1.342918750000000045e+03,6.839155307058306273e-04,1.740404539889213251e-20,1.190334470529836100e-23
1.342937500000000000e+03,6.848874814960680775e-04,1.647515170421662682e-20,1.128404962225835905e-23
1.342956249999999955e+03,6.858367384285942022e-04,1.559534379122366221e-20,1.069626207433950556e-23
1.342974999999999909e+03,6.867631796040088140e-04,1.476205437752172922e-20,1.013841677160713358e-23
1.342993750000000091e+03,6.876666852142111893e-04,1.397284903122420996e-20,9.609024232320510514e-24
1.343012500000000045e+03,6.885471375784014362e-04,1.322541937181826539e-20,9.106667210942665749e-24
1.343031250000000000e+03,6.894044211369306820e-04,1.251757661490509265e-20,8.629997288876243317e-24
1.343049999999999955e+03,6.902384224834142747e-04,1.184724544400239253e-20,8.177731622117597200e-24
1.343068749999999909e+03,6.910490303728091975e-04,1.121245819250820217e-20,7.748649837631243356e-24
1.343087500000000091e+03,6.918361357344458536e-04,1.061134932079763900e-20,7.341591072583680102e-24
1.343106250000000045e+03,6.925996316882765706e-04,1.004215017344391015e-20,6.955451149881861658e-24
1.343125000000000000e+03,6.933394135586864928e-04,9.503184002394022730e-21,6.589179883783467352e-24
1.343143749999999955e+03,6.940553788910674548e-04,8.992861243039620504e-21,6.241778510018713664e-24
1.343162499999999909e+03,6.947474274627993230e-04,8.509675030312059441e-21,5.912297234650475009e-24
1.343181250000000091e+03,6.954154612924910847e-04,8.052196942798410447e-21,5.599832896435952096e-24
1.343200000000000045e+03,6.960593846614627957e-04,7.619072963387954144e-21,5.303526737684537362e-24
1.343218750000000000e+03,6.966791041204280612e-04,7.209019645575492150e-21,5.022562278518254051e-24
1.343237499999999955e+03,6.972745285020639497e-04,6.820820475134982199e-21,4.756163290102588765e-24
1.343256249999999909e+03,6.978455689392748127e-04,6.453322417220436891e-21,4.503591862294645119e-24
1.343275000000000091e+03,6.983921388667251300e-04,6.105432639572147298e-21,4.264146561310068497e-24
1.343293750000000045e+03,6.989141540397035427e-04,5.776115403083985856e-21,4.037160673663530224e-24
1.343312500000000000e+03,6.994115325431737732e-04,5.464389111069706481e-21,3.822000532136618130e-24
1.343331249999999955e+03,6.998841948060276555e-04,5.169323509406391885e-21,3.618063920281378973e-24
1.343349999999999909e+03,7.003320636052600724e-04,4.890037029788407606e-21,3.424778551704414365e-24
1.343368750000000091e+03,7.007550640803377785e-04,4.625694269012622733e-21,3.241600620946999587e-24
1.343387500000000045e+03,7.011531237436520849e-04,4.375503597266720804e-21,3.068013422514547250e-24
1.343406250000000000e+03,7.015261724889021271e-04,4.138714888951862611e-21,2.903526035000317045e-24
1.343424999999999955e+03,7.018741426005144137e-04,3.914617369854426433e-21,2.747672067355812476e-24
1.343443749999999909e+03,7.021969687633155361e-04,3.702537574793928778e-21,2.600008464473090195e-24
1.343462500000000091e+03,7.024945880719057466e-04,3.501837409979806536e-21,2.460114369239624521e-24
1.343481250000000045e+03,7.027669400373368850e-04,3.311912315046132063e-21,2.327590038661910286e-24
1.343500000000000000e+03,7.030139665976643760e-04,3.132189519403980225e-21,2.202055811382570966e-24
1.343518749999999955e+03,7.032356121240860907e-04,2.962126388346753847e-21,2.083151124353294080e-24
1.343537499999999909e+03,7.034318234287918617e-04,2.801208854233633717e-21,1.970533576337368775e-24
1.343556250000000091e+03,7.036025497742558546e-04,2.648949928424044857e-21,1.863878036074710672e-24
1.343575000000000045e+03,7.037477428764621779e-04,2.504888289930185695e-21,1.762875793075737506e-24
1.343593750000000000e+03,7.038673569159628780e-04,2.368586946767366278e-21,1.667233749025850014e-24
1.343612499999999955e+03,7.039613485408364015e-04,2.239631966394561845e-21,1.576673647940634377e-24
1.343631249999999909e+03,7.040296768749230863e-04,2.117631271672703976e-21,1.490931343269334238e-24
1.343650000000000091e+03,7.040723035218971002e-04,2.002213499012783615e-21,1.409756100212950451e-24
1.343668750000000045e+03,7.040891925724898290e-04,1.893026915517616394e-21,1.332909931615986532e-24
1.343687500000000000e+03,7.040803106082161710e-04,1.789738392132417379e-21,1.260166965869397882e-24
1.343706249999999955e+03,7.040456267069290135e-04,1.692032429934676021e-21,1.191312845333322911e-24
1.343724999999999909e+03,7.039851124474353315e-04,1.599610236806977410e-21,1.126144153816539808e-24
1.343743750000000091e+03,7.038987419134809563e-04,1.512188851973093199e-21,1.064467871791310459e-24
1.343762500000000045e+03,7.037864916975563418e-04,1.429500315907268047e-21,1.006100858013186824e-24
1.343781250000000000e+03,7.036483409047983913e-04,1.351290883279379650e-21,9.508693562943696179e-25
1.343799999999999955e+03,7.034842711561233681e-04,1.277320276790851287e-21,8.986085262866996303e-25
1.343818749999999909e+03,7.032942665909998510e-04,1.207360979705966622e-21,8.491619970725515944e-25
1.343837500000000091e+03,7.030783138711918338e-04,1.141197565203303905e-21,8.023814425649306888e-25
1.343856250000000045e+03,7.028364021808581469e-04,1.078626060548066499e-21,7.581261776022979740e-25
1.343875000000000000e+03,7.025685232318437971e-04,1.019453344381760022e-21,7.162627738275283354e-25
1.343893749999999955e+03,7.022746712628519629e-04,9.634965753672192591e-22,6.766646943567949054e-25
1.343912499999999909e+03,7.019548430414483588e-04,9.105826505962633776e-22,6.392119463693409396e-25
1.343931250000000091e+03,7.016090378650429804e-04,8.605476922457431443e-22,6.037907507726727308e-25
1.343950000000000045e+03,7.012372575625099025e-04,8.132365609820150454e-22,5.702932280986015362e-25
1.343968750000000000e+03,7.008395064959598410e-04,7.685023947744056105e-22,5.386170998816529972e-25
1.343987499999999955e+03,7.004157915559008169e-04,7.262061717837758892e-22,5.086654047575051097e-25
1.344006249999999909e+03,6.999661221658904676e-04,6.862162960928425503e-22,4.803462285950714709e-25
1.344025000000000091e+03,6.994905102824821620e-04,6.484082050961986079e-22,4.535724479752206707e-25
1.344043750000000045e+03,6.989889703899090489e-04,6.126639974191627891e-22,4.282614863671784965e-25
1.344062500000000000e+03,6.984615195035497092e-04,5.788720803265885479e-22,4.043350824162895036e-25
1.344081249999999955e+03,6.979081771657983215e-04,5.469268355891696145e-22,3.817190697313849297e-25
1.344099999999999909e+03,6.973289654454600025e-04,5.167283028640766614e-22,3.603431676323562084e-25
1.344118750000000091e+03,6.967239089369809150e-04,4.881818796746520854e-22,3.401407823197293559e-25
1.344137500000000045e+03,6.960930347540300080e-04,4.611980371414777230e-22,3.210488179677949463e-25
1.344156250000000000e+03,6.954363725341280176e-04,4.356920506263236231e-22,3.030074972530221154e-25
1.344174999999999955e+03,6.947539544276068197e-04,4.115837445363543602e-22,2.859601908615137582e-25
1.344193749999999909e+03,6.940458150998061321e-04,3.887972505349708115e-22,2.698532555394188094e-25
1.344212500000000091e+03,6.933119917255040759e-04,3.672607784760515242e-22,2.546358802697190344e-25
1.344231250000000045e+03,6.925525239849910633e-04,3.469063993896114193e-22,2.402599401758518317e-25
1.344250000000000000e+03,6.917674540631434544e-04,3.276698398965173797e-22,2.266798577779537273e-25
1.344268749999999955e+03,6.909568266397137686e-04,3.094902874556674800e-22,2.138524712367134515e-25
1.344287499999999909e+03,6.901206888865326836e-04,2.923102058783417773e-22,2.017369092471405116e-25
1.344306250000000091e+03,6.892590904682242836e-04,2.760751605772930526e-22,1.902944722559491763e-25
1.344325000000000045e+03,6.883720835266378922e-04,2.607336530381024511e-22,1.794885196828795689e-25
1.344343750000000000e+03,6.874597226848025910e-04,2.462369640324283295e-22,1.692843628612993943e-25
1.344362499999999955e+03,6.865220650305504544e-04,2.325390051206632022e-22,1.596491634077707424e-25
1.344381249999999909e+03,6.855591701226412078e-04,2.195961780034890472e-22,1.505518367585132390e-25
1.344400000000000091e+03,6.845710999775603310e-04,2.073672413177207173e-22,1.419629606107069377e-25
1.344418750000000045e+03,6.835579190572177010e-04,1.958131844842163427e-22,1.338546880292377231e-25
1.344437500000000000e+03,6.825196942792495719e-04,1.848971082368916091e-22,1.262006649901084246e-25
1.344456249999999955e+03,6.814564949869282790e-04,1.745841114874941966e-22,1.189759521307949562e-25
1.344474999999999909e+03,6.803683929575649134e-04,1.648411841869161951e-22,1.121569505089254189e-25
1.344493750000000091e+03,6.792554623910566783e-04,1.556371058765165247e-22,1.057213311635676920e-25
1.344512500000000045e+03,6.781177799003113233e-04,1.469423496233870500e-22,9.964796828866360800e-26
1.344531250000000000e+03,6.769554244973236034e-04,1.387289910599891860e-22,9.391687583927581057e-26
1.344549999999999955e+03,6.757684776008411305e-04,1.309706222618435549e-22,8.850914740371512450e-26
1.344568749999999909e+03,6.745570230045483525e-04,1.236422702038130699e-22,8.340689916585858196e-26
1.344587500000000091e+03,6.733211468848937335e-04,1.167203195585192806e-22,7.859321581656604285e-26
1.344606250000000045e+03,6.720609377887926247e-04,1.101824396050003055e-22,7.405209925540453603e-26
1.344625000000000000e+03,6.707764866167847256e-04,1.040075150333738861e-22,6.976841994623756939e-26
1.344643749999999955e+03,6.694678866207189874e-04,9.817558043894771732e-23,6.572787079408989096e-26
1.344662499999999909e+03,6.681352333795009856e-04,9.266775831043057062e-23,6.191692341158746060e-26
1.344681250000000091e+03,6.667786248095682652e-04,8.746620032938551939e-23,5.832278666088179085e-26
1.344700000000000045e+03,6.653981611385820661e-04,8.255403180500255719e-23,5.493336734811809942e-26
1.344718750000000000e+03,6.639939448988475173e-04,7.791529907839505320e-23,5.173723296675354171e-26
1.344737499999999955e+03,6.625660809128903865e-04,7.353491973983328893e-23,4.872357638334598790e-26
1.344756249999999909e+03,6.611146762792305051e-04,6.939863550924498758e-23,4.588218236724161742e-26
1.344775000000000091e+03,6.596398403795176611e-04,6.549296764085784866e-23,4.320339587286400197e-26
1.344793750000000045e+03,6.581416848317737543e-04,6.180517471521244026e-23,4.067809197804928990e-26
1.344812500000000000e+03,6.566203235128815346e-04,5.832321269512148072e-23,3.829764740430104788e-26
1.344831249999999955e+03,6.550758725266358747e-04,5.503569712305305193e-23,3.605391352812973668e-26
1.344849999999999909e+03,6.535084501852531352e-04,5.193186734753315980e-23,3.393919081258456482e-26
1.344868750000000091e+03,6.519181770154586350e-04,4.900155267083672322e-23,3.194620458638614560e-26
1.344887500000000045e+03,6.503051757243926128e-04,4.623514031520969535e-23,3.006808209757673569e-26
1.344906250000000000e+03,6.486695712021891104e-04,4.362354511082654631e-23,2.829833078010001497e-26
1.344924999999999955e+03,6.470114905015478691e-04,4.115818081527297891e-23,2.663081766867515025e-26
1.344943749999999909e+03,6.453310628175570017e-04,3.883093297582542450e-23,2.505974990277014889e-26
1.344962500000000091e+03,6.436284194775973360e-04,3.663413325348628148e-23,2.357965626449755523e-26
1.344981250000000045e+03,6.419036939364322798e-04,3.456053513091416521e-23,2.218536969666445105e-26
1.345000000000000000e+03,6.401570217367141304e-04,3.260329092941983761e-23,2.087201074818845433e-26
