domain_index,orientation,z_start_um,z_end_um,length_um
0.0,1.0,0.0,2.0944958207196245,2.0944958207196245
1.0,-1.0,2.0944958207196245,15.497,13.402504179280376
2.0,1.0,15.497,30.494,14.997
3.0,-1.0,30.494,30.994,0.5
4.0,1.0,30.994,45.991,14.997
5.0,-1.0,45.991,46.491,0.5
6.0,1.0,46.491,61.488,14.997
7.0,-1.0,61.488,61.988,0.5
8.0,1.0,61.988,76.985,14.997
9.0,-1.0,76.985,77.485,0.5
10.0,1.0,77.485,92.482,14.997
11.0,-1.0,92.482,92.982,0.5
12.0,1.0,92.982,94.91396953535585,1.9319695353558473
13.0,-1.0,94.91396953535585,108.479,13.565030464644153
14.0,1.0,108.479,110.19556342986421,1.716563429864209
15.0,-1.0,110.19556342986421,123.976,13.780436570135791
16.0,1.0,123.976,125.57895231722,1.6029523172200015
17.0,-1.0,125.57895231722,139.473,13.894047682780013
18.0,1.0,139.473,141.01541407996035,1.5424140799603379
19.0,-1.0,141.01541407996035,154.97000000000003,13.954585920039676
20.0,1.0,154.97,156.4476985149469,1.4776985149468942
21.0,-1.0,156.4476985149469,170.46699999999998,14.019301485053091
22.0,1.0,170.46699999999998,171.94344859285255,1.476448592852563
23.0,-1.0,171.94344859285255,185.964,14.020551407147451
24.0,1.0,185.964,187.32663563409295,1.3626356340929533
25.0,-1.0,187.32663563409295,201.461,14.13436436590706
26.0,1.0,201.461,202.71317987317886,1.2521798731788465
27.0,-1.0,202.71317987317886,216.95800000000003,14.244820126821168
28.0,1.0,216.958,218.1335983950533,1.1755983950532993
29.0,-1.0,218.1335983950533,232.45499999999998,14.321401604946686
30.0,1.0,232.45499999999998,233.5455986582095,1.0905986582095295
31.0,-1.0,233.5455986582095,247.952,14.406401341790485
32.0,1.0,247.952,248.97394296849177,1.0219429684917714
33.0,-1.0,248.97394296849177,263.449,14.475057031508243
34.0,1.0,263.449,264.37726217527177,0.9282621752717546
35.0,-1.0,264.37726217527177,278.946,14.56873782472826
36.0,1.0,278.946,279.77883286394297,0.8328328639429401
37.0,-1.0,279.77883286394297,294.44300000000004,14.664167136057074
38.0,1.0,294.443,295.19510565833,0.7521056583300378
39.0,-1.0,295.19510565833,309.94,14.744894341669976
40.0,1.0,309.94,310.6014798819745,0.6614798819745147
41.0,-1.0,310.6014798819745,325.437,14.8355201180255
42.0,1.0,325.437,325.9696154026664,0.5326154026664085
43.0,-1.0,325.9696154026664,340.934,14.964384597333606
44.0,1.0,340.93399999999997,341.6153318928414,0.681331892841456
45.0,-1.0,341.6153318928414,356.431,14.815668107158558
46.0,1.0,356.431,356.9395142227171,0.5085142227171104
47.0,-1.0,356.9395142227171,371.928,14.988485777282904
48.0,1.0,371.928,372.42839721932864,0.5003972193286472
49.0,-1.0,372.42839721932864,387.425,14.996602780671367
50.0,1.0,387.425,387.92504957254886,0.5000495725488463
51.0,-1.0,387.92504957254886,402.922,14.996950427451168
52.0,1.0,402.922,403.422,0.5
53.0,-1.0,403.422,418.41900000000004,14.997000000000014
54.0,1.0,418.419,418.919,0.5
55.0,-1.0,418.919,433.916,14.997000000000014
56.0,1.0,433.916,434.416,0.5
57.0,-1.0,434.416,449.413,14.997000000000014
58.0,1.0,449.413,449.913,0.5
59.0,-1.0,449.913,464.91,14.997000000000014
60.0,1.0,464.90999999999997,465.40999999999997,0.5
61.0,-1.0,465.40999999999997,480.407,14.997000000000014
62.0,1.0,480.407,480.907,0.5
63.0,-1.0,480.907,495.904,14.997000000000014
64.0,1.0,495.904,496.404,0.5
65.0,-1.0,496.404,511.401,14.997000000000014
66.0,1.0,511.401,511.901,0.5
67.0,-1.0,511.901,526.898,14.997000000000014
68.0,1.0,526.898,527.398,0.5
69.0,-1.0,527.398,542.395,14.996999999999957
70.0,1.0,542.395,542.895,0.5
71.0,-1.0,542.895,557.8919999999999,14.996999999999957
72.0,1.0,557.892,558.392,0.5
73.0,-1.0,558.392,573.389,14.996999999999957
74.0,1.0,573.389,573.889,0.5
75.0,-1.0,573.889,588.886,14.996999999999957
76.0,1.0,588.886,589.386,0.5
77.0,-1.0,589.386,604.3829999999999,14.996999999999957
78.0,1.0,604.383,604.883,0.5
79.0,-1.0,604.883,619.88,14.996999999999957
80.0,1.0,619.88,620.38,0.5
81.0,-1.0,620.38,635.377,14.996999999999957
82.0,1.0,635.377,635.877,0.5
83.0,-1.0,635.877,650.8739999999999,14.996999999999957
84.0,1.0,650.874,651.374,0.5
85.0,-1.0,651.374,666.371,14.996999999999957
86.0,1.0,666.371,666.871,0.5
87.0,-1.0,666.871,681.8679999999999,14.996999999999957
88.0,1.0,681.8679999999999,682.3679999999999,0.5
89.0,-1.0,682.3679999999999,697.3649999999999,14.996999999999957
90.0,1.0,697.365,697.865,0.5
91.0,-1.0,697.865,712.862,14.996999999999957
92.0,1.0,712.862,713.362,0.5
93.0,-1.0,713.362,728.3589999999999,14.996999999999957
94.0,1.0,728.359,728.859,0.5
95.0,-1.0,728.859,743.856,14.996999999999957
96.0,1.0,743.856,744.356,0.5
97.0,-1.0,744.356,759.353,14.996999999999957
98.0,1.0,759.353,759.853,0.5
99.0,-1.0,759.853,774.8499999999999,14.996999999999957
100.0,1.0,774.85,775.35,0.5
101.0,-1.0,775.35,790.347,14.996999999999957
102.0,1.0,790.347,790.847,0.5
103.0,-1.0,790.847,805.8439999999999,14.996999999999957
104.0,1.0,805.844,806.344,0.5
105.0,-1.0,806.344,821.341,14.996999999999957
106.0,1.0,821.341,821.841,0.5
107.0,-1.0,821.841,836.838,14.996999999999957
108.0,1.0,836.838,837.338,0.5
109.0,-1.0,837.338,852.3349999999999,14.996999999999957
110.0,1.0,852.335,852.835,0.5
111.0,-1.0,852.835,867.832,14.996999999999957
112.0,1.0,867.832,868.332,0.5
113.0,-1.0,868.332,883.329,14.996999999999957
114.0,1.0,883.329,883.829,0.5
115.0,-1.0,883.829,898.8259999999999,14.996999999999957
116.0,1.0,898.826,899.326,0.5
117.0,-1.0,899.326,914.323,14.996999999999957
118.0,1.0,914.323,914.823,0.5
119.0,-1.0,914.823,929.8199999999999,14.996999999999957
120.0,1.0,929.8199999999999,930.3199999999999,0.5
121.0,-1.0,930.3199999999999,945.3169999999999,14.996999999999957
122.0,1.0,945.317,945.817,0.5
123.0,-1.0,945.817,960.814,14.996999999999957
124.0,1.0,960.814,961.314,0.5
125.0,-1.0,961.314,976.3109999999999,14.996999999999957
126.0,1.0,976.311,976.811,0.5
127.0,-1.0,976.811,991.808,14.996999999999957
128.0,1.0,991.808,992.308,0.5
129.0,-1.0,992.308,1007.305,14.996999999999957
130.0,1.0,1007.305,1007.805,0.5
131.0,-1.0,1007.805,1022.8019999999999,14.996999999999957
132.0,1.0,1022.802,1023.302,0.5
133.0,-1.0,1023.302,1038.299,14.996999999999957
134.0,1.0,1038.299,1038.799,0.5
135.0,-1.0,1038.799,1053.796,14.997000000000071
136.0,1.0,1053.796,1054.296,0.5
137.0,-1.0,1054.296,1069.2930000000001,14.997000000000071
138.0,1.0,1069.293,1069.793,0.5
139.0,-1.0,1069.793,1084.79,14.997000000000071
140.0,1.0,1084.79,1085.29,0.5
141.0,-1.0,1085.29,1100.287,14.997000000000071
142.0,1.0,1100.287,1100.787,0.5
143.0,-1.0,1100.787,1115.784,14.997000000000071
144.0,1.0,1115.784,1116.284,0.5
145.0,-1.0,1116.284,1131.2810000000002,14.997000000000071
146.0,1.0,1131.281,1131.781,0.5
147.0,-1.0,1131.781,1146.778,14.997000000000071
148.0,1.0,1146.778,1147.278,0.5
149.0,-1.0,1147.278,1162.275,14.997000000000071
150.0,1.0,1162.275,1162.775,0.5
151.0,-1.0,1162.775,1177.7720000000002,14.997000000000071
152.0,1.0,1177.772,1178.272,0.5
153.0,-1.0,1178.272,1193.269,14.997000000000071
154.0,1.0,1193.269,1193.769,0.5
155.0,-1.0,1193.769,1208.766,14.997000000000071
156.0,1.0,1208.766,1209.266,0.5
157.0,-1.0,1209.266,1224.2630000000001,14.997000000000071
158.0,1.0,1224.263,1224.763,0.5
159.0,-1.0,1224.763,1239.76,14.997000000000071
160.0,1.0,1239.76,1240.26,0.5
161.0,-1.0,1240.26,1255.257,14.997000000000071
162.0,1.0,1255.257,1255.757,0.5
163.0,-1.0,1255.757,1270.7540000000001,14.997000000000071
164.0,1.0,1270.754,1271.254,0.5
165.0,-1.0,1271.254,1286.251,14.997000000000071
166.0,1.0,1286.251,1286.751,0.5
167.0,-1.0,1286.751,1301.748,14.997000000000071
168.0,1.0,1301.748,1302.248,0.5
169.0,-1.0,1302.248,1317.2450000000001,14.997000000000071
170.0,1.0,1317.245,1317.745,0.5
171.0,-1.0,1317.745,1332.742,14.997000000000071
172.0,1.0,1332.742,1333.242,0.5
173.0,-1.0,1333.242,1348.239,14.997000000000071
174.0,1.0,1348.239,1348.739,0.5
175.0,-1.0,1348.739,1363.736,14.997000000000071
176.0,1.0,1363.7359999999999,1364.2359999999999,0.5
177.0,-1.0,1364.2359999999999,1379.233,14.997000000000071
178.0,1.0,1379.233,1379.733,0.5
179.0,-1.0,1379.733,1394.73,14.997000000000071
180.0,1.0,1394.73,1395.23,0.5
181.0,-1.0,1395.23,1410.227,14.997000000000071
182.0,1.0,1410.227,1410.727,0.5
183.0,-1.0,1410.727,1425.7240000000002,14.997000000000071
184.0,1.0,1425.724,1426.224,0.5
185.0,-1.0,1426.224,1441.221,14.997000000000071
186.0,1.0,1441.221,1441.721,0.5
187.0,-1.0,1441.721,1456.718,14.997000000000071
188.0,1.0,1456.718,1457.218,0.5
189.0,-1.0,1457.218,1472.2150000000001,14.997000000000071
190.0,1.0,1472.215,1472.715,0.5
191.0,-1.0,1472.715,1487.712,14.997000000000071
192.0,1.0,1487.712,1488.212,0.5
193.0,-1.0,1488.212,1503.209,14.997000000000071
194.0,1.0,1503.209,1503.709,0.5
195.0,-1.0,1503.709,1518.7060000000001,14.997000000000071
196.0,1.0,1518.706,1519.206,0.5
197.0,-1.0,1519.206,1534.203,14.997000000000071
198.0,1.0,1534.203,1534.703,0.5
199.0,-1.0,1534.703,1549.7,14.997000000000071
200.0,1.0,1549.7,1550.2,0.5
201.0,-1.0,1550.2,1565.1970000000001,14.997000000000071
202.0,1.0,1565.197,1565.697,0.5
203.0,-1.0,1565.697,1580.694,14.997000000000071
204.0,1.0,1580.694,1581.194,0.5
205.0,-1.0,1581.194,1596.191,14.997000000000071
206.0,1.0,1596.191,1596.691,0.5
207.0,-1.0,1596.691,1611.688,14.997000000000071
208.0,1.0,1611.688,1612.188,0.5
209.0,-1.0,1612.188,1627.1850000000002,14.997000000000071
210.0,1.0,1627.185,1627.685,0.5
211.0,-1.0,1627.685,1642.682,14.997000000000071
212.0,1.0,1642.682,1643.182,0.5
213.0,-1.0,1643.182,1658.179,14.997000000000071
214.0,1.0,1658.179,1658.679,0.5
215.0,-1.0,1658.679,1673.6760000000002,14.997000000000071
216.0,1.0,1673.676,1674.176,0.5
217.0,-1.0,1674.176,1689.173,14.997000000000071
218.0,1.0,1689.173,1689.673,0.5
219.0,-1.0,1689.673,1704.67,14.997000000000071
220.0,1.0,1704.67,1705.17,0.5
221.0,-1.0,1705.17,1720.1670000000001,14.997000000000071
222.0,1.0,1720.167,1720.667,0.5
223.0,-1.0,1720.667,1735.664,14.997000000000071
224.0,1.0,1735.664,1736.164,0.5
225.0,-1.0,1736.164,1751.161,14.997000000000071
226.0,1.0,1751.161,1751.661,0.5
227.0,-1.0,1751.661,1766.6580000000001,14.997000000000071
228.0,1.0,1766.658,1767.158,0.5
229.0,-1.0,1767.158,1782.155,14.997000000000071
230.0,1.0,1782.155,1782.655,0.5
231.0,-1.0,1782.655,1797.652,14.997000000000071
232.0,1.0,1797.652,1798.152,0.5
233.0,-1.0,1798.152,1813.1490000000001,14.997000000000071
234.0,1.0,1813.149,1813.649,0.5
235.0,-1.0,1813.649,1828.646,14.997000000000071
236.0,1.0,1828.646,1829.146,0.5
237.0,-1.0,1829.146,1844.143,14.997000000000071
238.0,1.0,1844.143,1844.643,0.5
239.0,-1.0,1844.643,1859.64,14.997000000000071
240.0,1.0,1859.6399999999999,1860.1399999999999,0.5
241.0,-1.0,1860.1399999999999,1875.137,14.997000000000071
242.0,1.0,1875.137,1875.637,0.5
243.0,-1.0,1875.637,1890.634,14.997000000000071
244.0,1.0,1890.634,1891.134,0.5
245.0,-1.0,1891.134,1906.131,14.997000000000071
246.0,1.0,1906.131,1906.631,0.5
247.0,-1.0,1906.631,1921.6280000000002,14.997000000000071
248.0,1.0,1921.628,1922.128,0.5
249.0,-1.0,1922.128,1937.125,14.997000000000071
250.0,1.0,1937.125,1937.625,0.5
251.0,-1.0,1937.625,1952.622,14.997000000000071
252.0,1.0,1952.622,1953.122,0.5
253.0,-1.0,1953.122,1968.1190000000001,14.997000000000071
254.0,1.0,1968.119,1968.619,0.5
255.0,-1.0,1968.619,1983.616,14.997000000000071
256.0,1.0,1983.616,1984.116,0.5
257.0,-1.0,1984.116,1999.113,14.997000000000071
258.0,1.0,1999.113,1999.613,0.5
259.0,-1.0,1999.613,2014.6100000000001,14.997000000000071
260.0,1.0,2014.61,2015.11,0.5
261.0,-1.0,2015.11,2030.107,14.997000000000071
262.0,1.0,2030.107,2030.607,0.5
263.0,-1.0,2030.607,2045.604,14.997000000000071
264.0,1.0,2045.604,2046.104,0.5
265.0,-1.0,2046.104,2061.101,14.997000000000071
266.0,1.0,2061.101,2061.601,0.5
267.0,-1.0,2061.601,2076.598,14.996999999999844
268.0,1.0,2076.598,2077.098,0.5
269.0,-1.0,2077.098,2092.095,14.996999999999844
270.0,1.0,2092.095,2092.595,0.5
271.0,-1.0,2092.595,2107.5919999999996,14.996999999999844
272.0,1.0,2107.592,2108.092,0.5
273.0,-1.0,2108.092,2123.089,14.996999999999844
274.0,1.0,2123.089,2123.589,0.5
275.0,-1.0,2123.589,2138.586,14.996999999999844
276.0,1.0,2138.586,2139.086,0.5
277.0,-1.0,2139.086,2154.0829999999996,14.996999999999844
278.0,1.0,2154.083,2154.583,0.5
279.0,-1.0,2154.583,2169.58,14.996999999999844
280.0,1.0,2169.58,2170.08,0.5
281.0,-1.0,2170.08,2185.0769999999998,14.996999999999844
282.0,1.0,2185.0769999999998,2185.5769999999998,0.5
283.0,-1.0,2185.5769999999998,2200.5739999999996,14.996999999999844
284.0,1.0,2200.574,2201.074,0.5
285.0,-1.0,2201.074,2216.071,14.996999999999844
286.0,1.0,2216.071,2216.571,0.5
287.0,-1.0,2216.571,2231.5679999999998,14.996999999999844
288.0,1.0,2231.568,2232.068,0.5
289.0,-1.0,2232.068,2247.065,14.996999999999844
290.0,1.0,2247.065,2247.565,0.5
291.0,-1.0,2247.565,2262.562,14.996999999999844
292.0,1.0,2262.562,2263.062,0.5
293.0,-1.0,2263.062,2278.0589999999997,14.996999999999844
294.0,1.0,2278.059,2278.559,0.5
295.0,-1.0,2278.559,2293.556,14.996999999999844
296.0,1.0,2293.556,2294.056,0.5
297.0,-1.0,2294.056,2309.053,14.996999999999844
298.0,1.0,2309.053,2309.553,0.5
299.0,-1.0,2309.553,2324.5499999999997,14.996999999999844
300.0,1.0,2324.55,2325.05,0.5
301.0,-1.0,2325.05,2340.047,14.996999999999844
302.0,1.0,2340.047,2340.547,0.5
303.0,-1.0,2340.547,2355.544,14.996999999999844
304.0,1.0,2355.544,2356.044,0.5
305.0,-1.0,2356.044,2371.0409999999997,14.996999999999844
306.0,1.0,2371.041,2371.541,0.5
307.0,-1.0,2371.541,2386.538,14.996999999999844
308.0,1.0,2386.538,2387.038,0.5
309.0,-1.0,2387.038,2402.035,14.996999999999844
310.0,1.0,2402.035,2402.535,0.5
311.0,-1.0,2402.535,2417.5319999999997,14.996999999999844
312.0,1.0,2417.532,2418.032,0.5
313.0,-1.0,2418.032,2433.029,14.996999999999844
314.0,1.0,2433.029,2433.529,0.5
315.0,-1.0,2433.529,2448.526,14.996999999999844
316.0,1.0,2448.526,2449.026,0.5
317.0,-1.0,2449.026,2464.0229999999997,14.996999999999844
318.0,1.0,2464.023,2464.523,0.5
319.0,-1.0,2464.523,2479.52,14.996999999999844
320.0,1.0,2479.52,2480.02,0.5
321.0,-1.0,2480.02,2495.017,14.996999999999844
322.0,1.0,2495.017,2495.517,0.5
323.0,-1.0,2495.517,2510.5139999999997,14.996999999999844
324.0,1.0,2510.514,2511.014,0.5
325.0,-1.0,2511.014,2526.011,14.996999999999844
326.0,1.0,2526.011,2526.511,0.5
327.0,-1.0,2526.511,2541.508,14.996999999999844
328.0,1.0,2541.508,2542.008,0.5
329.0,-1.0,2542.008,2557.0049999999997,14.996999999999844
330.0,1.0,2557.005,2557.505,0.5
331.0,-1.0,2557.505,2572.502,14.996999999999844
332.0,1.0,2572.502,2573.002,0.5
333.0,-1.0,2573.002,2587.999,14.996999999999844
334.0,1.0,2587.999,2588.499,0.5
335.0,-1.0,2588.499,2603.4959999999996,14.996999999999844
336.0,1.0,2603.496,2603.996,0.5
337.0,-1.0,2603.996,2618.993,14.996999999999844
338.0,1.0,2618.993,2619.493,0.5
339.0,-1.0,2619.493,2634.49,14.996999999999844
340.0,1.0,2634.49,2634.99,0.5
341.0,-1.0,2634.99,2649.9869999999996,14.996999999999844
342.0,1.0,2649.987,2650.487,0.5
343.0,-1.0,2650.487,2665.484,14.996999999999844
344.0,1.0,2665.484,2665.984,0.5
345.0,-1.0,2665.984,2680.9809999999998,14.996999999999844
346.0,1.0,2680.9809999999998,2681.4809999999998,0.5
347.0,-1.0,2681.4809999999998,2696.4779999999996,14.996999999999844
348.0,1.0,2696.478,2696.978,0.5
349.0,-1.0,2696.978,2711.975,14.996999999999844
350.0,1.0,2711.975,2712.475,0.5
351.0,-1.0,2712.475,2727.4719999999998,14.996999999999844
352.0,1.0,2727.4719999999998,2727.9719999999998,0.5
353.0,-1.0,2727.9719999999998,2742.9689999999996,14.996999999999844
354.0,1.0,2742.969,2743.469,0.5
355.0,-1.0,2743.469,2758.466,14.996999999999844
356.0,1.0,2758.466,2758.966,0.5
357.0,-1.0,2758.966,2773.9629999999997,14.996999999999844
358.0,1.0,2773.963,2774.463,0.5
359.0,-1.0,2774.463,2789.46,14.996999999999844
360.0,1.0,2789.46,2789.96,0.5
361.0,-1.0,2789.96,2804.957,14.996999999999844
362.0,1.0,2804.957,2805.457,0.5
363.0,-1.0,2805.457,2820.4539999999997,14.996999999999844
364.0,1.0,2820.454,2820.954,0.5
365.0,-1.0,2820.954,2835.951,14.996999999999844
366.0,1.0,2835.951,2836.451,0.5
367.0,-1.0,2836.451,2851.448,14.996999999999844
368.0,1.0,2851.448,2851.948,0.5
369.0,-1.0,2851.948,2866.9449999999997,14.996999999999844
370.0,1.0,2866.945,2867.445,0.5
371.0,-1.0,2867.445,2882.442,14.996999999999844
372.0,1.0,2882.442,2882.942,0.5
373.0,-1.0,2882.942,2897.939,14.996999999999844
374.0,1.0,2897.939,2898.439,0.5
375.0,-1.0,2898.439,2913.4359999999997,14.996999999999844
376.0,1.0,2913.436,2913.936,0.5
377.0,-1.0,2913.936,2928.933,14.996999999999844
378.0,1.0,2928.933,2929.433,0.5
379.0,-1.0,2929.433,2944.43,14.996999999999844
380.0,1.0,2944.43,2944.93,0.5
381.0,-1.0,2944.93,2959.9269999999997,14.996999999999844
382.0,1.0,2959.927,2960.427,0.5
383.0,-1.0,2960.427,2975.424,14.996999999999844
384.0,1.0,2975.424,2975.924,0.5
385.0,-1.0,2975.924,2990.921,14.996999999999844
386.0,1.0,2990.921,2991.421,0.5
387.0,-1.0,2991.421,3006.4179999999997,14.996999999999844
388.0,1.0,3006.418,3006.918,0.5
389.0,-1.0,3006.918,3021.915,14.996999999999844
390.0,1.0,3021.915,3022.415,0.5
391.0,-1.0,3022.415,3037.412,14.996999999999844
392.0,1.0,3037.412,3037.912,0.5
393.0,-1.0,3037.912,3052.9089999999997,14.996999999999844
394.0,1.0,3052.909,3053.409,0.5
395.0,-1.0,3053.409,3068.406,14.996999999999844
396.0,1.0,3068.406,3068.906,0.5
397.0,-1.0,3068.906,3083.903,14.996999999999844
398.0,1.0,3083.903,3084.403,0.5
399.0,-1.0,3084.403,3099.3999999999996,14.996999999999844
400.0,1.0,3099.4,3099.9,0.5
401.0,-1.0,3099.9,3114.897,14.996999999999844
402.0,1.0,3114.897,3115.397,0.5
403.0,-1.0,3115.397,3130.394,14.996999999999844
404.0,1.0,3130.394,3130.894,0.5
405.0,-1.0,3130.894,3145.8909999999996,14.996999999999844
406.0,1.0,3145.891,3146.391,0.5
407.0,-1.0,3146.391,3161.388,14.996999999999844
408.0,1.0,3161.388,3161.888,0.5
409.0,-1.0,3161.888,3176.8849999999998,14.996999999999844
410.0,1.0,3176.8849999999998,3177.3849999999998,0.5
411.0,-1.0,3177.3849999999998,3192.3819999999996,14.996999999999844
412.0,1.0,3192.382,3192.882,0.5
413.0,-1.0,3192.882,3207.879,14.996999999999844
414.0,1.0,3207.879,3208.379,0.5
415.0,-1.0,3208.379,3223.3759999999997,14.996999999999844
416.0,1.0,3223.376,3223.876,0.5
417.0,-1.0,3223.876,3238.873,14.996999999999844
418.0,1.0,3238.873,3239.373,0.5
419.0,-1.0,3239.373,3254.37,14.996999999999844
420.0,1.0,3254.37,3254.87,0.5
421.0,-1.0,3254.87,3269.8669999999997,14.996999999999844
422.0,1.0,3269.867,3270.367,0.5
423.0,-1.0,3270.367,3285.364,14.996999999999844
424.0,1.0,3285.364,3285.864,0.5
425.0,-1.0,3285.864,3300.861,14.996999999999844
426.0,1.0,3300.861,3301.361,0.5
427.0,-1.0,3301.361,3316.3579999999997,14.996999999999844
428.0,1.0,3316.358,3316.858,0.5
429.0,-1.0,3316.858,3331.855,14.996999999999844
430.0,1.0,3331.855,3332.355,0.5
431.0,-1.0,3332.355,3347.352,14.996999999999844
432.0,1.0,3347.352,3347.852,0.5
433.0,-1.0,3347.852,3362.8489999999997,14.996999999999844
434.0,1.0,3362.849,3363.349,0.5
435.0,-1.0,3363.349,3378.346,14.996999999999844
436.0,1.0,3378.346,3378.846,0.5
437.0,-1.0,3378.846,3393.843,14.996999999999844
438.0,1.0,3393.843,3394.343,0.5
439.0,-1.0,3394.343,3409.3399999999997,14.996999999999844
440.0,1.0,3409.34,3409.84,0.5
441.0,-1.0,3409.84,3424.837,14.996999999999844
442.0,1.0,3424.837,3425.337,0.5
443.0,-1.0,3425.337,3440.334,14.996999999999844
444.0,1.0,3440.334,3440.834,0.5
445.0,-1.0,3440.834,3455.8309999999997,14.996999999999844
446.0,1.0,3455.831,3456.331,0.5
447.0,-1.0,3456.331,3471.328,14.996999999999844
448.0,1.0,3471.328,3471.828,0.5
449.0,-1.0,3471.828,3486.825,14.996999999999844
450.0,1.0,3486.825,3487.325,0.5
451.0,-1.0,3487.325,3502.3219999999997,14.996999999999844
452.0,1.0,3502.322,3502.822,0.5
453.0,-1.0,3502.822,3517.819,14.996999999999844
454.0,1.0,3517.819,3518.319,0.5
455.0,-1.0,3518.319,3533.316,14.996999999999844
456.0,1.0,3533.316,3533.816,0.5
457.0,-1.0,3533.816,3548.8129999999996,14.996999999999844
458.0,1.0,3548.813,3549.313,0.5
459.0,-1.0,3549.313,3564.31,14.996999999999844
460.0,1.0,3564.31,3564.81,0.5
461.0,-1.0,3564.81,3579.807,14.996999999999844
462.0,1.0,3579.807,3580.307,0.5
463.0,-1.0,3580.307,3595.3039999999996,14.996999999999844
464.0,1.0,3595.304,3595.804,0.5
465.0,-1.0,3595.804,3610.801,14.996999999999844
466.0,1.0,3610.801,3611.301,0.5
467.0,-1.0,3611.301,3626.298,14.996999999999844
468.0,1.0,3626.298,3639.5715149273924,13.273514927392625
469.0,-1.0,3639.5715149273924,3641.7949999999996,2.223485072607218
470.0,1.0,3641.795,3655.054115439765,13.259115439765083
471.0,-1.0,3655.054115439765,3657.292,2.237884560234761
472.0,1.0,3657.292,3670.558420510299,13.266420510299213
473.0,-1.0,3670.558420510299,3672.7889999999998,2.230579489700631
474.0,1.0,3672.7889999999998,3686.063625785418,13.274625785418266
475.0,-1.0,3686.063625785418,3688.2859999999996,2.2223742145815777
476.0,1.0,3688.286,3701.569454538231,13.283454538231126
477.0,-1.0,3701.569454538231,3703.783,2.2135454617687174
478.0,1.0,3703.783,3717.07728938139,13.294289381390172
479.0,-1.0,3717.07728938139,3719.2799999999997,2.2027106186096717
480.0,1.0,3719.2799999999997,3732.586701441077,13.306701441077166
481.0,-1.0,3732.586701441077,3734.7769999999996,2.1902985589226773
482.0,1.0,3734.777,3748.096839808211,13.319839808210872
483.0,-1.0,3748.096839808211,3750.274,2.177160191788971
484.0,1.0,3750.274,3763.6069825075606,13.3329825075607
485.0,-1.0,3763.6069825075606,3765.7709999999997,2.164017492439143
486.0,1.0,3765.771,3779.1163941236423,13.345394123642109
487.0,-1.0,3779.1163941236423,3781.268,2.151605876357735
488.0,1.0,3781.268,3794.6243112305215,13.356311230521442
489.0,-1.0,3794.6243112305215,3796.765,2.140688769478402
490.0,1.0,3796.765,3810.130203073939,13.365203073939028
491.0,-1.0,3810.130203073939,3812.2619999999997,2.131796926060815
492.0,1.0,3812.262,3825.633980796442,13.371980796441676
493.0,-1.0,3825.633980796442,3827.759,2.1250192035581676
494.0,1.0,3827.759,3841.1366154097136,13.377615409713599
495.0,-1.0,3841.1366154097136,3843.256,2.119384590286245
496.0,1.0,3843.256,3856.6423864303397,13.386386430339826
497.0,-1.0,3856.6423864303397,3858.7529999999997,2.1106135696600177
498.0,1.0,3858.753,3872.147405325149,13.39440532514891
499.0,-1.0,3872.147405325149,3874.25,2.102594674850934
500.0,1.0,3874.25,3887.6523738438377,13.402373843837722
501.0,-1.0,3887.6523738438377,3889.747,2.0946261561621213
502.0,1.0,3889.747,3903.1592736413377,13.412273641337833
503.0,-1.0,3903.1592736413377,3905.2439999999997,2.08472635866201
504.0,1.0,3905.244,3918.670437638918,13.426437638917832
505.0,-1.0,3918.670437638918,3920.741,2.070562361082011
506.0,1.0,3920.741,3934.186883205835,13.445883205834889
507.0,-1.0,3934.186883205835,3936.238,2.0511167941649546
508.0,1.0,3936.238,3949.7081883562055,13.470188356205654
509.0,-1.0,3949.7081883562055,3951.7349999999997,2.02681164379419
510.0,1.0,3951.735,3965.235126969191,13.50012696919066
511.0,-1.0,3965.235126969191,3967.232,1.9968730308091835
512.0,1.0,3967.232,3980.7589818430674,13.52698184306746
513.0,-1.0,3980.7589818430674,3982.729,1.9700181569323831
514.0,1.0,3982.729,3983.229,0.5
515.0,-1.0,3983.229,3998.2259999999997,14.996999999999844
516.0,1.0,3998.226,3998.726,0.5
517.0,-1.0,3998.726,4013.723,14.996999999999844
518.0,1.0,4013.723,4014.223,0.5
519.0,-1.0,4014.223,4029.22,14.996999999999844
520.0,1.0,4029.22,4029.72,0.5
521.0,-1.0,4029.72,4044.7169999999996,14.996999999999844
522.0,1.0,4044.717,4045.217,0.5
523.0,-1.0,4045.217,4060.214,14.996999999999844
524.0,1.0,4060.214,4060.714,0.5
525.0,-1.0,4060.714,4075.711,14.996999999999844
526.0,1.0,4075.711,4076.211,0.5
527.0,-1.0,4076.211,4091.2079999999996,14.996999999999844
528.0,1.0,4091.208,4091.708,0.5
529.0,-1.0,4091.708,4106.705,14.996999999999844
530.0,1.0,4106.705,4107.205,0.5
531.0,-1.0,4107.205,4122.202,14.997000000000298
532.0,1.0,4122.202,4122.702,0.5
533.0,-1.0,4122.702,4137.6990000000005,14.997000000000298
534.0,1.0,4137.699,4138.199,0.5
535.0,-1.0,4138.199,4153.196,14.997000000000298
536.0,1.0,4153.196,4153.696,0.5
537.0,-1.0,4153.696,4168.693,14.997000000000298
538.0,1.0,4168.693,4169.193,0.5
539.0,-1.0,4169.193,4184.1900000000005,14.997000000000298
540.0,1.0,4184.19,4184.69,0.5
541.0,-1.0,4184.69,4199.687,14.997000000000298
542.0,1.0,4199.687,4200.187,0.5
543.0,-1.0,4200.187,4215.184,14.997000000000298
544.0,1.0,4215.184,4215.684,0.5
545.0,-1.0,4215.684,4230.6810000000005,14.997000000000298
546.0,1.0,4230.681,4231.181,0.5
547.0,-1.0,4231.181,4246.178,14.997000000000298
548.0,1.0,4246.178,4246.678,0.5
549.0,-1.0,4246.678,4261.675,14.997000000000298
550.0,1.0,4261.675,4262.175,0.5
551.0,-1.0,4262.175,4277.1720000000005,14.997000000000298
552.0,1.0,4277.172,4277.672,0.5
553.0,-1.0,4277.672,4292.669,14.997000000000298
554.0,1.0,4292.669,4293.169,0.5
555.0,-1.0,4293.169,4308.166,14.997000000000298
556.0,1.0,4308.166,4308.666,0.5
557.0,-1.0,4308.666,4323.6630000000005,14.997000000000298
558.0,1.0,4323.663,4324.163,0.5
559.0,-1.0,4324.163,4339.16,14.997000000000298
560.0,1.0,4339.16,4339.66,0.5
561.0,-1.0,4339.66,4354.657,14.997000000000298
562.0,1.0,4354.657,4355.157,0.5
563.0,-1.0,4355.157,4370.154,14.997000000000298
564.0,1.0,4370.1539999999995,4370.6539999999995,0.5
565.0,-1.0,4370.6539999999995,4385.651,14.997000000000298
566.0,1.0,4385.651,4386.151,0.5
567.0,-1.0,4386.151,4401.148,14.997000000000298
568.0,1.0,4401.148,4401.648,0.5
569.0,-1.0,4401.648,4416.645,14.997000000000298
570.0,1.0,4416.6449999999995,4417.1449999999995,0.5
571.0,-1.0,4417.1449999999995,4432.142,14.997000000000298
572.0,1.0,4432.142,4432.642,0.5
573.0,-1.0,4432.642,4447.639,14.997000000000298
574.0,1.0,4447.639,4448.139,0.5
575.0,-1.0,4448.139,4463.136,14.997000000000298
576.0,1.0,4463.136,4463.636,0.5
577.0,-1.0,4463.636,4478.633000000001,14.997000000000298
578.0,1.0,4478.633,4479.133,0.5
579.0,-1.0,4479.133,4494.13,14.997000000000298
580.0,1.0,4494.13,4494.63,0.5
581.0,-1.0,4494.63,4509.627,14.997000000000298
582.0,1.0,4509.627,4510.127,0.5
583.0,-1.0,4510.127,4525.124000000001,14.997000000000298
584.0,1.0,4525.124,4525.624,0.5
585.0,-1.0,4525.624,4540.621,14.997000000000298
586.0,1.0,4540.621,4541.121,0.5
587.0,-1.0,4541.121,4556.118,14.997000000000298
588.0,1.0,4556.118,4556.618,0.5
589.0,-1.0,4556.618,4571.615000000001,14.997000000000298
590.0,1.0,4571.615,4572.115,0.5
591.0,-1.0,4572.115,4587.112,14.997000000000298
592.0,1.0,4587.112,4587.612,0.5
593.0,-1.0,4587.612,4602.609,14.997000000000298
594.0,1.0,4602.609,4603.109,0.5
595.0,-1.0,4603.109,4618.106000000001,14.997000000000298
596.0,1.0,4618.106,4618.606,0.5
597.0,-1.0,4618.606,4633.603,14.997000000000298
598.0,1.0,4633.603,4634.103,0.5
599.0,-1.0,4634.103,4649.1,14.997000000000298
600.0,1.0,4649.1,4649.6,0.5
601.0,-1.0,4649.6,4664.597000000001,14.997000000000298
602.0,1.0,4664.597,4665.097,0.5
603.0,-1.0,4665.097,4680.094,14.997000000000298
604.0,1.0,4680.094,4680.594,0.5
605.0,-1.0,4680.594,4695.591,14.997000000000298
606.0,1.0,4695.591,4696.091,0.5
607.0,-1.0,4696.091,4711.088000000001,14.997000000000298
608.0,1.0,4711.088,4711.588,0.5
609.0,-1.0,4711.588,4726.585,14.997000000000298
610.0,1.0,4726.585,4727.085,0.5
611.0,-1.0,4727.085,4742.082,14.997000000000298
612.0,1.0,4742.082,4742.582,0.5
613.0,-1.0,4742.582,4757.579000000001,14.997000000000298
614.0,1.0,4757.579,4758.079,0.5
615.0,-1.0,4758.079,4773.076,14.997000000000298
616.0,1.0,4773.076,4773.576,0.5
617.0,-1.0,4773.576,4788.573,14.997000000000298
618.0,1.0,4788.573,4789.073,0.5
619.0,-1.0,4789.073,4804.070000000001,14.997000000000298
620.0,1.0,4804.07,4804.57,0.5
621.0,-1.0,4804.57,4819.567,14.997000000000298
622.0,1.0,4819.567,4820.067,0.5
623.0,-1.0,4820.067,4835.064,14.997000000000298
624.0,1.0,4835.064,4835.564,0.5
625.0,-1.0,4835.564,4850.561000000001,14.997000000000298
626.0,1.0,4850.561,4851.061,0.5
627.0,-1.0,4851.061,4866.058,14.997000000000298
628.0,1.0,4866.058,4866.558,0.5
629.0,-1.0,4866.558,4881.555,14.997000000000298
630.0,1.0,4881.555,4882.055,0.5
631.0,-1.0,4882.055,4897.052000000001,14.997000000000298
632.0,1.0,4897.052,4897.552,0.5
633.0,-1.0,4897.552,4912.549,14.997000000000298
634.0,1.0,4912.549,4913.049,0.5
635.0,-1.0,4913.049,4928.046,14.997000000000298
636.0,1.0,4928.046,4928.546,0.5
637.0,-1.0,4928.546,4943.543000000001,14.997000000000298
638.0,1.0,4943.543,4944.043,0.5
639.0,-1.0,4944.043,4959.04,14.997000000000298
640.0,1.0,4959.04,4959.54,0.5
641.0,-1.0,4959.54,4974.537,14.997000000000298
642.0,1.0,4974.537,4975.037,0.5
643.0,-1.0,4975.037,4990.034000000001,14.997000000000298
644.0,1.0,4990.034,4990.534,0.5
645.0,-1.0,4990.534,5005.531,14.997000000000298
646.0,1.0,5005.531,5006.031,0.5
647.0,-1.0,5006.031,5021.028,14.997000000000298
648.0,1.0,5021.028,5021.528,0.5
649.0,-1.0,5021.528,5036.525000000001,14.997000000000298
650.0,1.0,5036.525,5037.025,0.5
651.0,-1.0,5037.025,5052.022,14.997000000000298
652.0,1.0,5052.022,5052.522,0.5
653.0,-1.0,5052.522,5067.519,14.997000000000298
654.0,1.0,5067.519,5068.019,0.5
655.0,-1.0,5068.019,5083.0160000000005,14.997000000000298
656.0,1.0,5083.016,5083.516,0.5
657.0,-1.0,5083.516,5098.513,14.997000000000298
658.0,1.0,5098.513,5099.013,0.5
659.0,-1.0,5099.013,5114.01,14.997000000000298
660.0,1.0,5114.01,5114.51,0.5
661.0,-1.0,5114.51,5129.5070000000005,14.997000000000298
662.0,1.0,5129.507,5130.007,0.5
663.0,-1.0,5130.007,5145.004,14.997000000000298
664.0,1.0,5145.004,5145.504,0.5
665.0,-1.0,5145.504,5160.501,14.997000000000298
666.0,1.0,5160.501,5161.001,0.5
667.0,-1.0,5161.001,5175.9980000000005,14.997000000000298
668.0,1.0,5175.998,5176.498,0.5
669.0,-1.0,5176.498,5191.495,14.997000000000298
670.0,1.0,5191.495,5191.995,0.5
671.0,-1.0,5191.995,5206.992,14.997000000000298
672.0,1.0,5206.992,5207.492,0.5
673.0,-1.0,5207.492,5222.4890000000005,14.997000000000298
674.0,1.0,5222.489,5222.989,0.5
675.0,-1.0,5222.989,5237.986,14.997000000000298
676.0,1.0,5237.986,5238.486,0.5
677.0,-1.0,5238.486,5253.483,14.997000000000298
678.0,1.0,5253.483,5253.983,0.5
679.0,-1.0,5253.983,5268.9800000000005,14.997000000000298
680.0,1.0,5268.98,5269.48,0.5
681.0,-1.0,5269.48,5284.477,14.997000000000298
682.0,1.0,5284.477,5284.977,0.5
683.0,-1.0,5284.977,5299.974,14.997000000000298
684.0,1.0,5299.974,5300.474,0.5
685.0,-1.0,5300.474,5315.4710000000005,14.997000000000298
686.0,1.0,5315.471,5315.971,0.5
687.0,-1.0,5315.971,5330.968,14.997000000000298
688.0,1.0,5330.968,5331.468,0.5
689.0,-1.0,5331.468,5346.465,14.997000000000298
690.0,1.0,5346.465,5346.965,0.5
691.0,-1.0,5346.965,5361.962,14.997000000000298
692.0,1.0,5361.9619999999995,5362.4619999999995,0.5
693.0,-1.0,5362.4619999999995,5377.459,14.997000000000298
694.0,1.0,5377.459,5377.959,0.5
695.0,-1.0,5377.959,5392.956,14.997000000000298
696.0,1.0,5392.956,5393.456,0.5
697.0,-1.0,5393.456,5408.453,14.997000000000298
698.0,1.0,5408.4529999999995,5408.9529999999995,0.5
699.0,-1.0,5408.9529999999995,5423.95,14.997000000000298
700.0,1.0,5423.95,5424.45,0.5
701.0,-1.0,5424.45,5439.447,14.997000000000298
702.0,1.0,5439.447,5439.947,0.5
703.0,-1.0,5439.947,5454.944,14.997000000000298
704.0,1.0,5454.9439999999995,5455.4439999999995,0.5
705.0,-1.0,5455.4439999999995,5470.441,14.997000000000298
706.0,1.0,5470.441,5470.941,0.5
707.0,-1.0,5470.941,5485.938,14.997000000000298
708.0,1.0,5485.938,5486.438,0.5
709.0,-1.0,5486.438,5501.435,14.997000000000298
710.0,1.0,5501.435,5501.935,0.5
711.0,-1.0,5501.935,5516.932000000001,14.997000000000298
712.0,1.0,5516.932,5517.432,0.5
713.0,-1.0,5517.432,5532.429,14.997000000000298
714.0,1.0,5532.429,5532.929,0.5
715.0,-1.0,5532.929,5547.926,14.997000000000298
716.0,1.0,5547.926,5548.426,0.5
717.0,-1.0,5548.426,5563.423000000001,14.997000000000298
718.0,1.0,5563.423,5563.923003177036,0.5000031770359783
719.0,-1.0,5563.923003177036,5578.92,14.99699682296432
720.0,1.0,5578.92,5579.42,0.5
721.0,-1.0,5579.42,5594.417,14.997000000000298
722.0,1.0,5594.417,5594.917,0.5
723.0,-1.0,5594.917,5609.914000000001,14.997000000000298
724.0,1.0,5609.914,5610.414,0.5
725.0,-1.0,5610.414,5625.411,14.997000000000298
726.0,1.0,5625.411,5625.915249497519,0.5042494975186855
727.0,-1.0,5625.915249497519,5640.908,14.992750502481613
728.0,1.0,5640.908,5641.408,0.5
729.0,-1.0,5641.408,5656.405000000001,14.997000000000298
730.0,1.0,5656.405,5656.905,0.5
731.0,-1.0,5656.905,5671.902,14.997000000000298
732.0,1.0,5671.902,5672.404300943532,0.5023009435317363
733.0,-1.0,5672.404300943532,5687.399,14.994699056468562
734.0,1.0,5687.399,5687.900082471891,0.5010824718910953
735.0,-1.0,5687.900082471891,5702.896000000001,14.995917528109203
736.0,1.0,5702.896,5703.396,0.5
737.0,-1.0,5703.396,5718.393,14.997000000000298
738.0,1.0,5718.393,5718.893810311161,0.5008103111613309
739.0,-1.0,5718.893810311161,5733.89,14.996189688838967
740.0,1.0,5733.89,5748.760458022016,14.870458022015555
741.0,-1.0,5748.760458022016,5749.387000000001,0.6265419779847434
742.0,1.0,5749.387,5749.895971706705,0.5089717067048696
743.0,-1.0,5749.895971706705,5764.884,14.988028293295429
744.0,1.0,5764.884,5765.400447195956,0.5164471959560615
745.0,-1.0,5765.400447195956,5780.381,14.980552804044237
746.0,1.0,5780.381,5781.1113977874675,0.7303977874671546
747.0,-1.0,5781.1113977874675,5795.878000000001,14.766602212533144
748.0,1.0,5795.878,5796.409345257102,0.5313452571026573
749.0,-1.0,5796.409345257102,5811.375,14.965654742897641
750.0,1.0,5811.375,5811.903524852939,0.5285248529389719
751.0,-1.0,5811.903524852939,5826.872,14.968475147061326
752.0,1.0,5826.872,5827.680852006264,0.8088520062638054
753.0,-1.0,5827.680852006264,5842.369000000001,14.688147993736493
754.0,1.0,5842.369,5843.229293321178,0.8602933211786876
755.0,-1.0,5843.229293321178,5857.866,14.63670667882161
756.0,1.0,5857.866,5858.406952549692,0.5409525496916103
757.0,-1.0,5858.406952549692,5873.363,14.956047450308688
758.0,1.0,5873.363,5873.881111584425,0.5181115844243322
759.0,-1.0,5873.881111584425,5888.860000000001,14.978888415575966
760.0,1.0,5888.86,5889.493170432304,0.6331704323047234
761.0,-1.0,5889.493170432304,5904.357,14.863829567695575
762.0,1.0,5904.357,5904.944166048331,0.5871660483308005
763.0,-1.0,5904.944166048331,5919.854,14.909833951669498
764.0,1.0,5919.854,5920.456565388655,0.6025653886545115
765.0,-1.0,5920.456565388655,5935.351000000001,14.894434611345787
766.0,1.0,5935.351,5935.921161583708,0.5701615837087957
767.0,-1.0,5935.921161583708,5950.848,14.926838416291503
768.0,1.0,5950.848,5951.97672003684,1.1287200368396952
769.0,-1.0,5951.97672003684,5966.345,14.368279963160603
770.0,1.0,5966.345,5967.282321474628,0.9373214746274243
771.0,-1.0,5967.282321474628,5981.842000000001,14.559678525372874
772.0,1.0,5981.842,5982.525031865679,0.6830318656793679
773.0,-1.0,5982.525031865679,5997.339,14.81396813432093
774.0,1.0,5997.339,5998.021547037074,0.6825470370740732
775.0,-1.0,5998.021547037074,6012.836,14.814452962926225
776.0,1.0,6012.836,6013.386298628647,0.5502986286464875
777.0,-1.0,6013.386298628647,6028.3330000000005,14.94670137135381
778.0,1.0,6028.333,6028.893051603145,0.560051603145439
779.0,-1.0,6028.893051603145,6043.83,14.93694839685486
780.0,1.0,6043.83,6044.332402204154,0.5024022041543503
781.0,-1.0,6044.332402204154,6059.327,14.994597795845948
782.0,1.0,6059.327,6059.855925193822,0.5289251938220332
783.0,-1.0,6059.855925193822,6074.8240000000005,14.968074806178265
784.0,1.0,6074.824,6075.494096434769,0.6700964347692207
785.0,-1.0,6075.494096434769,6090.321,14.826903565231078
786.0,1.0,6090.321,6091.031668719907,0.7106687199075168
787.0,-1.0,6091.031668719907,6105.818,14.786331280092782
788.0,1.0,6105.818,6106.691744420892,0.8737444208918532
789.0,-1.0,6106.691744420892,6121.3150000000005,14.623255579108445
790.0,1.0,6121.315,6122.1961327299005,0.8811327299008553
791.0,-1.0,6122.1961327299005,6136.812,14.615867270099443
792.0,1.0,6136.812,6137.841824100841,1.0298241008413243
793.0,-1.0,6137.841824100841,6152.309,14.467175899158974
794.0,1.0,6152.309,6153.312989615808,1.0039896158077681
795.0,-1.0,6153.312989615808,6167.8060000000005,14.49301038419253
796.0,1.0,6167.806,6169.052550627679,1.2465506276794258
797.0,-1.0,6169.052550627679,6183.303,14.250449372320872
798.0,1.0,6183.303,6184.512278356199,1.2092783561993201
799.0,-1.0,6184.512278356199,6198.8,14.287721643800978
800.0,1.0,6198.8,6200.08819927927,1.2881992792699748
801.0,-1.0,6200.08819927927,6214.2970000000005,14.208800720730324
802.0,1.0,6214.297,6215.787170956654,1.4901709566547652
803.0,-1.0,6215.787170956654,6229.794,14.006829043345533
804.0,1.0,6229.794,6231.265023071082,1.4710230710825272
805.0,-1.0,6231.265023071082,6245.291,14.025976928917771
806.0,1.0,6245.291,6246.861811927019,1.5708119270184397
807.0,-1.0,6246.861811927019,6260.7880000000005,13.926188072981859
808.0,1.0,6260.788,6262.568395612301,1.7803956123016178
809.0,-1.0,6262.568395612301,6276.285,13.71660438769868
810.0,1.0,6276.285,6278.415551878017,2.130551878017286
811.0,-1.0,6278.415551878017,6291.782,13.366448121983012
812.0,1.0,6291.782,6293.59091507588,1.8089150758796677
813.0,-1.0,6293.59091507588,6307.279,13.68808492412063
814.0,1.0,6307.2789999999995,6309.33851915953,2.059519159530282
815.0,-1.0,6309.33851915953,6322.776,13.437480840470016
816.0,1.0,6322.776,6325.09793149949,2.321931499490347
817.0,-1.0,6325.09793149949,6338.273,13.175068500509951
818.0,1.0,6338.273,6339.781552050533,1.5085520505326713
819.0,-1.0,6339.781552050533,6353.77,13.988447949467627
820.0,1.0,6353.7699999999995,6355.894934302324,2.1249343023246183
821.0,-1.0,6355.894934302324,6369.267,13.37206569767568
822.0,1.0,6369.267,6371.120728727115,1.8537287271155947
823.0,-1.0,6371.120728727115,6384.764,13.643271272884704
824.0,1.0,6384.764,6386.839444825996,2.0754448259958735
825.0,-1.0,6386.839444825996,6400.261,13.421555174004425
826.0,1.0,6400.2609999999995,6402.333815073561,2.072815073561287
827.0,-1.0,6402.333815073561,6415.758,13.424184926439011
828.0,1.0,6415.758,6418.655301372747,2.897301372747279
829.0,-1.0,6418.655301372747,6431.255,12.59969862725302
830.0,1.0,6431.255,6433.308323560557,2.0533235605571463
831.0,-1.0,6433.308323560557,6446.752,13.443676439443152
832.0,1.0,6446.752,6448.909848786391,2.1578487863907867
833.0,-1.0,6448.909848786391,6462.249000000001,13.339151213609512
834.0,1.0,6462.249,6464.435054054981,2.1860540549814687
835.0,-1.0,6464.435054054981,6477.746,13.31094594501883
836.0,1.0,6477.746,6479.773698306016,2.0276983060157363
837.0,-1.0,6479.773698306016,6493.243,13.469301693984562
838.0,1.0,6493.243,6495.567331988096,2.3243319880957642
839.0,-1.0,6495.567331988096,6508.740000000001,13.172668011904534
840.0,1.0,6508.74,6511.381648069383,2.6416480693833364
841.0,-1.0,6511.381648069383,6524.237,12.855351930616962
842.0,1.0,6524.237,6527.403550669991,3.166550669991011
843.0,-1.0,6527.403550669991,6539.734,12.330449330009287
844.0,1.0,6539.734,6542.1875764664455,2.4535764664451563
845.0,-1.0,6542.1875764664455,6555.231000000001,13.043423533555142
846.0,1.0,6555.231,6557.812738584596,2.5817385845966783
847.0,-1.0,6557.812738584596,6570.728,12.91526141540362
848.0,1.0,6570.728,6573.326595339478,2.598595339478379
849.0,-1.0,6573.326595339478,6586.225,12.89840466052192
850.0,1.0,6586.225,6588.598939941632,2.373939941631761
851.0,-1.0,6588.598939941632,6601.722000000001,13.123060058368537
852.0,1.0,6601.722,6604.267528268687,2.5455282686871215
853.0,-1.0,6604.267528268687,6617.219,12.951471731313177
854.0,1.0,6617.219,6619.777799051454,2.558799051454116
855.0,-1.0,6619.777799051454,6632.716,12.938200948546182
856.0,1.0,6632.716,6635.2006545685135,2.4846545685131787
857.0,-1.0,6635.2006545685135,6648.213000000001,13.01234543148712
858.0,1.0,6648.213,6650.926502844038,2.7135028440379756
859.0,-1.0,6650.926502844038,6663.71,12.783497155962323
860.0,1.0,6663.71,6666.579745223644,2.869745223643804
861.0,-1.0,6666.579745223644,6679.207,12.627254776356494
862.0,1.0,6679.207,6682.491246649279,3.2842466492784297
863.0,-1.0,6682.491246649279,6694.704000000001,12.212753350721869
864.0,1.0,6694.704,6697.242436831112,2.538436831112449
865.0,-1.0,6697.242436831112,6710.201,12.95856316888785
866.0,1.0,6710.201,6712.775795708427,2.574795708426791
867.0,-1.0,6712.775795708427,6725.698,12.922204291573507
868.0,1.0,6725.698,6728.287433898498,2.5894338984981005
869.0,-1.0,6728.287433898498,6741.195000000001,12.907566101502198
870.0,1.0,6741.195,6743.740154908719,2.545154908719269
871.0,-1.0,6743.740154908719,6756.692,12.95184509128103
872.0,1.0,6756.692,6759.334201648229,2.6422016482292747
873.0,-1.0,6759.334201648229,6772.189,12.854798351771024
874.0,1.0,6772.189,6774.879319478568,2.6903194785672895
875.0,-1.0,6774.879319478568,6787.686000000001,12.806680521433009
876.0,1.0,6787.686,6789.92966783291,2.2436678329104325
877.0,-1.0,6789.92966783291,6803.183,13.253332167089866
878.0,1.0,6803.183,6806.877074478749,3.6940744787489166
879.0,-1.0,6806.877074478749,6818.68,11.802925521251382
880.0,1.0,6818.68,6821.491882675612,2.8118826756117414
881.0,-1.0,6821.491882675612,6834.177000000001,12.685117324388557
882.0,1.0,6834.177,6836.158970835497,1.9819708354971226
883.0,-1.0,6836.158970835497,6849.674,13.515029164503176
884.0,1.0,6849.674,6851.825228610192,2.1512286101924474
885.0,-1.0,6851.825228610192,6865.171,13.345771389807851
886.0,1.0,6865.171,6867.3330817974,2.1620817973998783
887.0,-1.0,6867.3330817974,6880.668000000001,13.33491820260042
888.0,1.0,6880.668,6882.639396087398,1.9713960873987162
889.0,-1.0,6882.639396087398,6896.165,13.525603912601582
890.0,1.0,6896.165,6898.2330845488195,2.06808454881957
891.0,-1.0,6898.2330845488195,6911.662,13.428915451180728
892.0,1.0,6911.662,6914.459566279467,2.7975662794669915
893.0,-1.0,6914.459566279467,6927.159000000001,12.699433720533307
894.0,1.0,6927.159,6928.649094045444,1.4900940454444935
895.0,-1.0,6928.649094045444,6942.656,14.006905954555805
896.0,1.0,6942.656,6944.210245819219,1.5542458192194317
897.0,-1.0,6944.210245819219,6958.153,13.942754180780867
898.0,1.0,6958.153,6959.9605641003545,1.8075641003542842
899.0,-1.0,6959.9605641003545,6973.650000000001,13.689435899646014
900.0,1.0,6973.65,6975.476138591054,1.8261385910545869
901.0,-1.0,6975.476138591054,6989.147,13.670861408945711
902.0,1.0,6989.147,6991.138914391098,1.991914391098362
903.0,-1.0,6991.138914391098,7004.644,13.505085608901936
904.0,1.0,7004.644,7008.276711306021,3.63271130602061
905.0,-1.0,7008.276711306021,7020.1410000000005,11.864288693979688
906.0,1.0,7020.141,7026.821074575067,6.68007457506701
907.0,-1.0,7026.821074575067,7035.638,8.816925424933288
908.0,1.0,7035.638,7041.722865223876,6.084865223876477
909.0,-1.0,7041.722865223876,7051.135,9.412134776123821
910.0,1.0,7051.135,7052.929311974774,1.7943119747733363
911.0,-1.0,7052.929311974774,7066.6320000000005,13.702688025226962
912.0,1.0,7066.632,7068.39701007633,1.7650100763303271
913.0,-1.0,7068.39701007633,7082.129,13.731989923669971
914.0,1.0,7082.129,7083.830019207635,1.7010192076349995
915.0,-1.0,7083.830019207635,7097.626,13.795980792365299
916.0,1.0,7097.626,7099.166795105539,1.5407951055385638
917.0,-1.0,7099.166795105539,7113.1230000000005,13.956204894461735
918.0,1.0,7113.123,7114.845727547156,1.722727547155955
919.0,-1.0,7114.845727547156,7128.62,13.774272452844343
920.0,1.0,7128.62,7131.30538032689,2.6853803268904812
921.0,-1.0,7131.30538032689,7144.117,12.811619673109817
922.0,1.0,7144.117,7145.242095931318,1.1250959313174462
923.0,-1.0,7145.242095931318,7159.6140000000005,14.371904068682852
924.0,1.0,7159.614,7161.670999326367,2.0569993263670767
925.0,-1.0,7161.670999326367,7175.111,13.440000673633222
926.0,1.0,7175.111,7176.608312862937,1.4973128629371786
927.0,-1.0,7176.608312862937,7190.608,13.99968713706312
928.0,1.0,7190.608,7194.737239053017,4.129239053017045
929.0,-1.0,7194.737239053017,7206.1050000000005,11.367760946983253
930.0,1.0,7206.105,7208.372778888022,2.2677788880228036
931.0,-1.0,7208.372778888022,7221.602,13.229221111977495
932.0,1.0,7221.602,7222.447130900322,0.8451309003221468
933.0,-1.0,7222.447130900322,7237.099,14.651869099678152
934.0,1.0,7237.099,7238.306599535063,1.2075995350623998
935.0,-1.0,7238.306599535063,7252.5960000000005,14.289400464937899
936.0,1.0,7252.596,7255.185114305229,2.5891143052294865
937.0,-1.0,7255.185114305229,7268.093,12.907885694770812
938.0,1.0,7268.093,7269.196204266789,1.103204266789362
939.0,-1.0,7269.196204266789,7283.59,14.393795733210936
940.0,1.0,7283.59,7287.12522201007,3.5352220100694467
941.0,-1.0,7287.12522201007,7299.087,11.961777989930852
942.0,1.0,7299.0869999999995,7300.897180227568,1.8101802275687078
943.0,-1.0,7300.897180227568,7314.584,13.68681977243159
944.0,1.0,7314.584,7315.207206493771,0.6232064937712494
945.0,-1.0,7315.207206493771,7330.081,14.873793506229049
946.0,1.0,7330.081,7330.841379329075,0.7603793290745671
947.0,-1.0,7330.841379329075,7345.578,14.736620670925731
948.0,1.0,7345.5779999999995,7346.889987765793,1.311987765793674
949.0,-1.0,7346.889987765793,7361.075,14.185012234206624
950.0,1.0,7361.075,7363.210902611637,2.1359026116369932
951.0,-1.0,7363.210902611637,7376.572,13.361097388363305
952.0,1.0,7376.572,7379.8720289569865,3.3000289569863526
953.0,-1.0,7379.8720289569865,7392.069,12.196971043013946
954.0,1.0,7392.0689999999995,7396.85420277957,4.785202779570682
955.0,-1.0,7396.85420277957,7407.566,10.711797220429617
956.0,1.0,7407.566,7413.969812389322,6.403812389322411
957.0,-1.0,7413.969812389322,7423.063,9.093187610677887
958.0,1.0,7423.063,7430.9593544576965,7.896354457696361
959.0,-1.0,7430.9593544576965,7438.56,7.600645542303937
960.0,1.0,7438.5599999999995,7447.6778481780875,9.117848178088025
961.0,-1.0,7447.6778481780875,7454.057,6.379151821912274
962.0,1.0,7454.057,7464.1154318245735,10.058431824573745
963.0,-1.0,7464.1154318245735,7469.554,5.438568175426553
964.0,1.0,7469.554,7480.319218199995,10.765218199994706
965.0,-1.0,7480.319218199995,7485.051,4.731781800005592
966.0,1.0,7485.051,7496.342707874432,11.291707874431268
967.0,-1.0,7496.342707874432,7500.548000000001,4.205292125569031
968.0,1.0,7500.548,7512.230039725512,11.682039725512368
969.0,-1.0,7512.230039725512,7516.045,3.8149602744879303
970.0,1.0,7516.045,7528.01431121193,11.96931121193029
971.0,-1.0,7528.01431121193,7531.542,3.5276887880700087
972.0,1.0,7531.542,7543.719490001776,12.177490001775368
973.0,-1.0,7543.719490001776,7547.039000000001,3.3195099982249303
974.0,1.0,7547.039,7559.362647068578,12.323647068577884
975.0,-1.0,7559.362647068578,7562.536,3.1733529314224143
976.0,1.0,7562.536,7574.9557376728735,12.419737672873453
977.0,-1.0,7574.9557376728735,7578.033,3.0772623271268458
978.0,1.0,7578.033,7590.506860067128,12.473860067128044
979.0,-1.0,7590.506860067128,7593.530000000001,3.0231399328722546
980.0,1.0,7593.53,7606.0210856786425,12.491085678642776
981.0,-1.0,7606.0210856786425,7609.027,3.0059143213575226
982.0,1.0,7609.027,7621.500920538125,12.47392053812473
983.0,-1.0,7621.500920538125,7624.524,3.023079461875568
984.0,1.0,7624.524,7636.946494028822,12.422494028821347
985.0,-1.0,7636.946494028822,7640.021000000001,3.074505971178951
986.0,1.0,7640.021,7652.355457855604,12.334457855604342
987.0,-1.0,7652.355457855604,7655.518,3.1625421443959567
988.0,1.0,7655.518,7667.722574702228,12.204574702227546
989.0,-1.0,7667.722574702228,7671.015,3.292425297772752
990.0,1.0,7671.015,7683.038902544276,12.023902544276098
991.0,-1.0,7683.038902544276,7686.512000000001,3.4730974557242007
992.0,1.0,7686.512,7698.290386013164,11.778386013163981
993.0,-1.0,7698.290386013164,7702.009,3.718613986836317
994.0,1.0,7702.009,7713.455553933994,11.446553933994437
995.0,-1.0,7713.455553933994,7717.506,4.050446066005861
996.0,1.0,7717.506,7728.501905561296,10.99590556129533
997.0,-1.0,7728.501905561296,7733.003000000001,4.501094438704968
998.0,1.0,7733.003,7743.38065981517,10.377659815169864
999.0,-1.0,7743.38065981517,7748.5,5.119340184830435
1000.0,1.0,7748.5,7758.021118953178,9.521118953178302
1001.0,-1.0,7758.021118953178,7763.997,5.975881046821996
1002.0,1.0,7763.997,7772.333430061196,8.336430061195642
1003.0,-1.0,7772.333430061196,7779.494000000001,7.160569938804656
1004.0,1.0,7779.494,7786.251673930337,6.75767393033766
1005.0,-1.0,7786.251673930337,7794.991,8.739326069662638
1006.0,1.0,7794.991,7799.862024095662,4.871024095661596
1007.0,-1.0,7799.862024095662,7810.488,10.625975904338702
1008.0,1.0,7810.488,7813.50005508133,3.0120550813298905
1009.0,-1.0,7813.50005508133,7825.985000000001,12.484944918670408
1010.0,1.0,7825.985,7827.526762952706,1.5417629527064491
1011.0,-1.0,7827.526762952706,7841.482,13.95523704729385
1012.0,1.0,7841.482,7842.039099767436,0.5570997674358296
1013.0,-1.0,7842.039099767436,7856.979,14.939900232564469
1014.0,1.0,7856.979,7857.713217324768,0.7342173247679966
1015.0,-1.0,7857.713217324768,7872.476000000001,14.762782675232302
1016.0,1.0,7872.476,7872.977270432826,0.501270432826459
1017.0,-1.0,7872.977270432826,7887.973,14.99572956717384
1018.0,1.0,7887.973,7889.624723310378,1.6517233103777471
1019.0,-1.0,7889.624723310378,7903.47,13.845276689622551
1020.0,1.0,7903.47,7903.990310789755,0.5203107897550581
1021.0,-1.0,7903.990310789755,7918.967000000001,14.97668921024524
1022.0,1.0,7918.967,7921.136708640572,2.1697086405720256
1023.0,-1.0,7921.136708640572,7934.464,13.327291359428273
1024.0,1.0,7934.464,7934.971287392157,0.5072873921571954
1025.0,-1.0,7934.971287392157,7949.961,14.989712607843103
1026.0,1.0,7949.961,7950.529730457474,0.5687304574739755
1027.0,-1.0,7950.529730457474,7965.4580000000005,14.928269542526323
1028.0,1.0,7965.458,7965.958793255618,0.5007932556181913
1029.0,-1.0,7965.958793255618,7980.955,14.996206744382107
1030.0,1.0,7980.955,7981.457724545357,0.5027245453575233
1031.0,-1.0,7981.457724545357,7996.452,14.994275454642775
1032.0,1.0,7996.452,7996.9874100551315,0.5354100551312513
1033.0,-1.0,7996.9874100551315,8011.9490000000005,14.961589944869047
1034.0,1.0,8011.949,8012.451696972796,0.5026969727960022
1035.0,-1.0,8012.451696972796,8027.446,14.994303027204296
1036.0,1.0,8027.446,8028.450052674994,1.0040526749944547
1037.0,-1.0,8028.450052674994,8042.943,14.492947325005844
1038.0,1.0,8042.943,8043.945532528187,1.002532528186748
1039.0,-1.0,8043.945532528187,8058.4400000000005,14.49446747181355
1040.0,1.0,8058.44,8058.991269678355,0.551269678355311
1041.0,-1.0,8058.991269678355,8073.937,14.945730321644987
1042.0,1.0,8073.937,8074.438247584747,0.5012475847470341
1043.0,-1.0,8074.438247584747,8089.434,14.995752415253264
1044.0,1.0,8089.434,8089.940476946908,0.5064769469081511
1045.0,-1.0,8089.940476946908,8104.9310000000005,14.990523053092147
1046.0,1.0,8104.931,8105.4631734913,0.5321734913004548
1047.0,-1.0,8105.4631734913,8120.428,14.964826508699844
1048.0,1.0,8120.428,8120.92881044527,0.5008104452699627
1049.0,-1.0,8120.92881044527,8135.925,14.996189554730336
1050.0,1.0,8135.925,8136.4254320438795,0.5004320438793002
1051.0,-1.0,8136.4254320438795,8151.4220000000005,14.996567956120998
1052.0,1.0,8151.422,8152.047231784393,0.6252317843936908
1053.0,-1.0,8152.047231784393,8166.919,14.871768215606608
1054.0,1.0,8166.919,8167.446810421546,0.527810421545837
1055.0,-1.0,8167.446810421546,8182.416,14.969189578454461
1056.0,1.0,8182.416,8182.919829456009,0.5038294560090435
1057.0,-1.0,8182.919829456009,8197.913,14.993170543991255
1058.0,1.0,8197.913,8198.422176481547,0.509176481546092
1059.0,-1.0,8198.422176481547,8213.41,14.987823518453297
1060.0,1.0,8213.41,8213.9266879128,0.5166879128009896
1061.0,-1.0,8213.9266879128,8228.907,14.9803120871984
1062.0,1.0,8228.907,8229.410089555786,0.5030895557865733
1063.0,-1.0,8229.410089555786,8244.403999999999,14.993910444212815
1064.0,1.0,8244.404,8244.90544675402,0.501446754020435
1065.0,-1.0,8244.90544675402,8259.901,14.995553245978954
1066.0,1.0,8259.901,8260.777178715074,0.8761787150742748
1067.0,-1.0,8260.777178715074,8275.398,14.620821284925114
1068.0,1.0,8275.398,8275.898019612881,0.5000196128821699
1069.0,-1.0,8275.898019612881,8290.894999999999,14.996980387117219
1070.0,1.0,8290.895,8291.395039615592,0.5000396155919589
1071.0,-1.0,8291.395039615592,8306.392,14.99696038440743
1072.0,1.0,8306.392,8306.892146705703,0.5001467057027185
1073.0,-1.0,8306.892146705703,8321.889,14.99685329429667
1074.0,1.0,8321.889,8322.42630279886,0.5373027988607646
1075.0,-1.0,8322.42630279886,8337.385999999999,14.959697201138624
1076.0,1.0,8337.386,8337.925110361519,0.5391103615183965
1077.0,-1.0,8337.925110361519,8352.883,14.957889638480992
1078.0,1.0,8352.883,8353.800170837625,0.9171708376252354
1079.0,-1.0,8353.800170837625,8368.38,14.579829162374153
1080.0,1.0,8368.38,8368.880009451676,0.5000094516763056
1081.0,-1.0,8368.880009451676,8383.876999999999,14.996990548323083
1082.0,1.0,8383.877,8384.383620569697,0.506620569696679
1083.0,-1.0,8384.383620569697,8399.374,14.99037943030271
1084.0,1.0,8399.374,8400.069048344834,0.695048344834504
1085.0,-1.0,8400.069048344834,8414.871,14.801951655164885
1086.0,1.0,8414.871,8415.371045126403,0.5000451264040748
1087.0,-1.0,8415.371045126403,8430.367999999999,14.996954873595314
1088.0,1.0,8430.368,8430.872862642937,0.504862642936132
1089.0,-1.0,8430.872862642937,8445.865,14.992137357063257
1090.0,1.0,8445.865,8446.365020245155,0.5000202451556106
1091.0,-1.0,8446.365020245155,8461.362,14.996979754843778
1092.0,1.0,8461.362,8461.921550189258,0.5595501892585162
1093.0,-1.0,8461.921550189258,8476.858999999999,14.937449810740873
1094.0,1.0,8476.859,8477.359019013245,0.5000190132450371
1095.0,-1.0,8477.359019013245,8492.356,14.996980986754352
1096.0,1.0,8492.356,8492.856036691308,0.5000366913081962
1097.0,-1.0,8492.856036691308,8507.853,14.996963308691193
1098.0,1.0,8507.853,8508.353120898202,0.5001208982030221
1099.0,-1.0,8508.353120898202,8523.349999999999,14.996879101796367
1100.0,1.0,8523.35,8523.863677704589,0.51367770458819
1101.0,-1.0,8523.863677704589,8538.847,14.983322295411199
1102.0,1.0,8538.847,8539.349054141583,0.5020541415833577
1103.0,-1.0,8539.349054141583,8554.344,14.994945858416031
1104.0,1.0,8554.344,8554.844012200681,0.5000122006822494
1105.0,-1.0,8554.844012200681,8569.840999999999,14.99698779931714
1106.0,1.0,8569.841,8570.389649408757,0.5486494087563187
1107.0,-1.0,8570.389649408757,8585.338,14.94835059124307
1108.0,1.0,8585.338,8585.847996789193,0.5099967891928827
1109.0,-1.0,8585.847996789193,8600.835,14.987003210806506
1110.0,1.0,8600.835,8601.341502983445,0.5065029834458983
1111.0,-1.0,8601.341502983445,8616.331999999999,14.99049701655349
1112.0,1.0,8616.332,8616.837247944553,0.505247944553048
1113.0,-1.0,8616.837247944553,8631.829,14.99175205544634
1114.0,1.0,8631.829,8632.357918250469,0.5289182504693599
1115.0,-1.0,8632.357918250469,8647.326,14.968081749530029
1116.0,1.0,8647.326,8647.826133502533,0.500133502533572
1117.0,-1.0,8647.826133502533,8662.822999999999,14.996866497465817
1118.0,1.0,8662.823,8663.532410944728,0.7094109447280061
1119.0,-1.0,8663.532410944728,8678.32,14.787589055271383
1120.0,1.0,8678.32,8678.98103078883,0.661030788829521
1121.0,-1.0,8678.98103078883,8693.817,14.835969211169868
1122.0,1.0,8693.817,8694.354325169228,0.5373251692290069
1123.0,-1.0,8694.354325169228,8709.313999999998,14.959674830770382
1124.0,1.0,8709.314,8709.946127282632,0.6321272826316999
1125.0,-1.0,8709.946127282632,8724.811,14.864872717367689
1126.0,1.0,8724.811,8725.312751662,0.5017516620009701
1127.0,-1.0,8725.312751662,8740.307999999999,14.995248337998419
1128.0,1.0,8740.307999999999,8740.867697895806,0.5596978958074033
1129.0,-1.0,8740.867697895806,8755.804999999998,14.937302104191986
1130.0,1.0,8755.805,8756.542852811852,0.7378528118515533
1131.0,-1.0,8756.542852811852,8771.302,14.759147188147836
1132.0,1.0,8771.302,8771.862687672206,0.5606876722067682
1133.0,-1.0,8771.862687672206,8786.798999999999,14.93631232779262
1134.0,1.0,8786.798999999999,8787.30170901248,0.502709012480409
1135.0,-1.0,8787.30170901248,8802.295999999998,14.99429098751898
1136.0,1.0,8802.296,8802.801672512564,0.5056725125632511
1137.0,-1.0,8802.801672512564,8817.793,14.991327487436138
1138.0,1.0,8817.793,8818.310830353563,0.517830353563113
1139.0,-1.0,8818.310830353563,8833.289999999999,14.979169646436276
1140.0,1.0,8833.289999999999,8833.804708483896,0.514708483897266
1141.0,-1.0,8833.804708483896,8848.786999999998,14.982291516102123
1142.0,1.0,8848.787,8849.29130898421,0.5043089842092741
1143.0,-1.0,8849.29130898421,8864.284,14.992691015790115
1144.0,1.0,8864.284,8864.914390281363,0.6303902813633613
1145.0,-1.0,8864.914390281363,8879.780999999999,14.866609718636028
1146.0,1.0,8879.780999999999,8880.290006215302,0.5090062153030885
1147.0,-1.0,8880.290006215302,8895.277999999998,14.9879937846963
1148.0,1.0,8895.278,8895.781939757708,0.5039397577074851
1149.0,-1.0,8895.781939757708,8910.775,14.993060242291904
1150.0,1.0,8910.775,8911.320215989392,0.5452159893920907
1151.0,-1.0,8911.320215989392,8926.271999999999,14.951784010607298
1152.0,1.0,8926.272,8926.946094128187,0.6740941281859705
1153.0,-1.0,8926.946094128187,8941.769,14.822905871813418
1154.0,1.0,8941.769,8942.31322052788,0.5442205278795882
1155.0,-1.0,8942.31322052788,8957.266,14.9527794721198
1156.0,1.0,8957.266,8957.767123285337,0.5011232853375986
1157.0,-1.0,8957.767123285337,8972.762999999999,14.99587671466179
1158.0,1.0,8972.763,8973.318407670238,0.5554076702374005
1159.0,-1.0,8973.318407670238,8988.26,14.941592329761988
1160.0,1.0,8988.26,8988.807207019261,0.5472070192608953
1161.0,-1.0,8988.807207019261,9003.757,14.949792980738493
1162.0,1.0,9003.757,9004.438349386264,0.6813493862646283
1163.0,-1.0,9004.438349386264,9019.253999999999,14.81565061373476
1164.0,1.0,9019.254,9019.820871244634,0.5668712446331483
1165.0,-1.0,9019.820871244634,9034.751,14.93012875536624
1166.0,1.0,9034.751,9035.351564417795,0.6005644177948852
1167.0,-1.0,9035.351564417795,9050.248,14.896435582204504
1168.0,1.0,9050.248,9050.882714272893,0.6347142728936888
1169.0,-1.0,9050.882714272893,9065.744999999999,14.8622857271057
1170.0,1.0,9065.745,9066.414303537125,0.669303537124506
1171.0,-1.0,9066.414303537125,9081.242,14.827696462874883
1172.0,1.0,9081.242,9081.946313002036,0.704313002035633
1173.0,-1.0,9081.946313002036,9096.739,14.792686997963756
1174.0,1.0,9096.739,9097.47872160632,0.7397216063200176
1175.0,-1.0,9097.47872160632,9112.235999999999,14.757278393679371
1176.0,1.0,9112.236,9113.011506567933,0.7755065679320978
1177.0,-1.0,9113.011506567933,9127.733,14.721493432067291
1178.0,1.0,9127.733,9128.544643527814,0.8116435278134304
1179.0,-1.0,9128.544643527814,9143.23,14.685356472185958
1180.0,1.0,9143.23,9144.078106702815,0.8481067028151301
1181.0,-1.0,9144.078106702815,9158.726999999999,14.648893297184259
1182.0,1.0,9158.727,9159.61186908221,0.8848690822087519
1183.0,-1.0,9159.61186908221,9174.224,14.612130917790637
1184.0,1.0,9174.224,9175.145902611805,0.9219026118043985
1185.0,-1.0,9175.145902611805,9189.721,14.57509738819499
1186.0,1.0,9189.721,9190.680178402317,0.9591784023177752
1187.0,-1.0,9190.680178402317,9205.217999999999,14.537821597681614
1188.0,1.0,9205.218,9206.2146669477,0.9966669476998504
1189.0,-1.0,9206.2146669477,9220.715,14.500333052299538
1190.0,1.0,9220.715,9221.749338357775,1.0343383577746863
1191.0,-1.0,9221.749338357775,9236.212,14.462661642224703
1192.0,1.0,9236.212,9237.284162586948,1.0721625869482523
1193.0,-1.0,9237.284162586948,9251.708999999999,14.424837413051137
1194.0,1.0,9251.709,9252.819109668262,1.1101096682614298
1195.0,-1.0,9252.819109668262,9267.206,14.386890331737959
1196.0,1.0,9267.206,9268.354149989897,1.1481499898964103
1197.0,-1.0,9268.354149989897,9282.703,14.348850010102979
1198.0,1.0,9282.703,9283.889254526799,1.1862545267995301
1199.0,-1.0,9283.889254526799,9298.199999999999,14.310745473199859
1200.0,1.0,9298.2,9299.42439513039,1.224395130389894
1201.0,-1.0,9299.42439513039,9313.697,14.272604869609495
1202.0,1.0,9313.697,9314.959544818426,1.2625448184262495
1203.0,-1.0,9314.959544818426,9329.194,14.23445518157314
1204.0,1.0,9329.194,9330.494678071205,1.3006780712057662
1205.0,-1.0,9330.494678071205,9344.690999999999,14.196321928793623
1206.0,1.0,9344.691,9346.029771167881,1.3387711678806227
1207.0,-1.0,9346.029771167881,9360.188,14.158228832118766
1208.0,1.0,9360.188,9361.56480252812,1.3768025281206064
1209.0,-1.0,9361.56480252812,9375.685,14.120197471878782
1210.0,1.0,9375.685,9377.099753105676,1.4147531056769367
1211.0,-1.0,9377.099753105676,9391.181999999999,14.082246894322452
1212.0,1.0,9391.182,9392.634606779513,1.45260677951228
1213.0,-1.0,9392.634606779513,9406.679,14.044393220487109
1214.0,1.0,9406.679,9408.169350793578,1.490350793577818
1215.0,-1.0,9408.169350793578,9422.176,14.00664920642157
1216.0,1.0,9422.176,9423.703976229883,1.5279762298832793
1217.0,-1.0,9423.703976229883,9437.672999999999,13.96902377011611
1218.0,1.0,9437.673,9439.238478483805,1.565478483804327
1219.0,-1.0,9439.238478483805,9453.17,13.931521516195062
1220.0,1.0,9453.17,9454.772857781983,1.6028577819834027
1221.0,-1.0,9454.772857781983,9468.667,13.894142218015986
1222.0,1.0,9468.667,9470.307119712135,1.6401197121358564
1223.0,-1.0,9470.307119712135,9484.163999999999,13.856880287863532
1224.0,1.0,9484.164,9485.841275739147,1.6772757391463529
1225.0,-1.0,9485.841275739147,9499.661,13.819724260853036
1226.0,1.0,9499.661,9501.375343744863,1.714343744863072
1227.0,-1.0,9501.375343744863,9515.158,13.782656255136317
1228.0,1.0,9515.158,9516.909348520312,1.7513485203126038
1229.0,-1.0,9516.909348520312,9530.654999999999,13.745651479686785
1230.0,1.0,9530.655,9532.443322232713,1.7883222327127442
1231.0,-1.0,9532.443322232713,9546.152,13.708677767286645
1232.0,1.0,9546.152,9547.977304836959,1.8253048369588214
1233.0,-1.0,9547.977304836959,9561.649,13.671695163040567
1234.0,1.0,9561.649,9563.511344406472,1.8623444064724026
1235.0,-1.0,9563.511344406472,9577.145999999999,13.634655593526986
1236.0,1.0,9577.146,9579.04549736027,1.899497360269379
1237.0,-1.0,9579.04549736027,9592.643,13.59750263973001
1238.0,1.0,9592.643,9594.579828577145,1.9368285771452065
1239.0,-1.0,9594.579828577145,9608.14,13.560171422854182
1240.0,1.0,9608.14,9610.114411347506,1.9744113475062477
1241.0,-1.0,9610.114411347506,9623.636999999999,13.522588652493141
1242.0,1.0,9623.637,9625.64932717499,2.012327174988968
1243.0,-1.0,9625.64932717499,9639.134,13.48467282501042
1244.0,1.0,9639.134,9641.184665365254,2.050665365253735
1245.0,-1.0,9641.184665365254,9654.631,13.446334634745654
1246.0,1.0,9654.631,9656.720522434807,2.0895224348078045
1247.0,-1.0,9656.720522434807,9670.127999999999,13.407477565191584
1248.0,1.0,9670.128,9672.257001276297,2.129001276296549
1249.0,-1.0,9672.257001276297,9685.625,13.36799872370284
1250.0,1.0,9685.625,9687.794210115017,2.16921011501654
1251.0,-1.0,9687.794210115017,9701.122,13.327789884982849
1252.0,1.0,9701.122,9703.332261236965,2.21026123696538
1253.0,-1.0,9703.332261236965,9716.618999999999,13.286738763034009
1254.0,1.0,9716.619,9718.871269502934,2.2522695029329043
1255.0,-1.0,9718.871269502934,9732.116,13.244730497066485
1256.0,1.0,9732.116,9734.411350668512,2.2953506685116736
1257.0,-1.0,9734.411350668512,9747.613,13.201649331487715
1258.0,1.0,9747.613,9749.95261954328,2.339619543281515
1259.0,-1.0,9749.95261954328,9763.109999999999,13.157380456717874
1260.0,1.0,9763.11,9765.495188019022,2.3851880190213706
1261.0,-1.0,9765.495188019022,9778.607,13.111811980978018
1262.0,1.0,9778.607,9781.039163022191,2.432163022191162
1263.0,-1.0,9781.039163022191,9794.104,13.064836977808227
1264.0,1.0,9794.104,9796.584644443477,2.4806444434780133
1265.0,-1.0,9796.584644443477,9809.600999999999,13.016355556521376
1266.0,1.0,9809.601,9812.131723103987,2.53072310398602
1267.0,-1.0,9812.131723103987,9825.098,12.966276896013369
1268.0,1.0,9825.098,9827.68047882226,2.5824788222598727
1269.0,-1.0,9827.68047882226,9840.595,12.914521177739516
1270.0,1.0,9840.595,9843.230978649122,2.6359786491229897
1271.0,-1.0,9843.230978649122,9856.091999999999,12.861021350876399
1272.0,1.0,9856.092,9858.783275322554,2.691275322553338
1273.0,-1.0,9858.783275322554,9871.589,12.805724677446051
1274.0,1.0,9871.589,9874.33740600588,2.7484060058795876
1275.0,-1.0,9874.33740600588,9887.086,12.748593994119801
1276.0,1.0,9887.086,9889.89339134543,2.8073913454300055
1277.0,-1.0,9889.89339134543,9902.582999999999,12.689608654569383
1278.0,1.0,9902.583,9905.451234886414,2.86823488641312
1279.0,-1.0,9905.451234886414,9918.08,12.628765113586269
1280.0,1.0,9918.08,9921.010922854086,2.9309228540860204
1281.0,-1.0,9921.010922854086,9933.577,12.566077145913368
1282.0,1.0,9933.577,9936.572424320992,2.9954243209922424
1283.0,-1.0,9936.572424320992,9949.073999999999,12.501575679007146
1284.0,1.0,9949.074,9952.135691721583,3.0616917215829744
1285.0,-1.0,9952.135691721583,9964.571,12.435308278416414
1286.0,1.0,9964.571,9967.700661714744,3.1296617147436336
1287.0,-1.0,9967.700661714744,9980.068,12.367338285255755
1288.0,1.0,9980.068,9983.26725633809,3.199256338089981
1289.0,-1.0,9983.26725633809,9995.564999999999,12.297743661909408
1290.0,1.0,9995.565,9998.835384397598,3.270384397597809
1291.0,-1.0,9998.835384397598,10011.062,12.22661560240158
1292.0,1.0,10011.062,10014.404943071708,3.3429430717078503
1293.0,-1.0,10014.404943071708,10026.559,12.154056928291538
1294.0,1.0,10026.559,10029.975819627212,3.4168196272130444
1295.0,-1.0,10029.975819627212,10042.055999999999,12.080180372786344
1296.0,1.0,10042.056,10045.547893208864,3.491893208863985
1297.0,-1.0,10045.547893208864,10057.553,12.005106791135404
1298.0,1.0,10057.553,10061.121036654526,3.568036654525713
1299.0,-1.0,10061.121036654526,10073.05,11.928963345473676
1300.0,1.0,10073.05,10076.695118275995,3.645118275995628
1301.0,-1.0,10076.695118275995,10088.546999999999,11.85188172400376
1302.0,1.0,10088.547,10092.270003536,3.7230035359989415
1303.0,-1.0,10092.270003536,10104.044,11.773996464000447
1304.0,1.0,10104.044,10107.845556661421,3.801556661421273
1305.0,-1.0,10107.845556661421,10119.541,11.695443338578116
1306.0,1.0,10119.541,10123.421642060839,3.8806420608398184
1307.0,-1.0,10123.421642060839,10135.037999999999,11.61635793915957
1308.0,1.0,10135.038,10138.99812566017,3.9601256601690693
1309.0,-1.0,10138.99812566017,10150.535,11.53687433983032
1310.0,1.0,10150.535,10154.574875998138,4.039875998138086
1311.0,-1.0,10154.574875998138,10166.032,11.457124001861303
1312.0,1.0,10166.032,10170.151765250801,4.11976525080172
1313.0,-1.0,10170.151765250801,10181.528999999999,11.377234749197669
1314.0,1.0,10181.529,10185.728670036779,4.199670036778116
1315.0,-1.0,10185.728670036779,10197.026,11.297329963221273
1316.0,1.0,10197.026,10201.305472121836,4.279472121836079
1317.0,-1.0,10201.305472121836,10212.523,11.21752787816331
1318.0,1.0,10212.523,10216.882058987727,4.359058987727622
1319.0,-1.0,10216.882058987727,10228.019999999999,11.137941012271767
1320.0,1.0,10228.02,10232.458324291494,4.4383242914937
1321.0,-1.0,10232.458324291494,10243.517,11.058675708505689
1322.0,1.0,10243.517,10248.034168232938,4.517168232938275
1323.0,-1.0,10248.034168232938,10259.014,10.979831767061114
1324.0,1.0,10259.014,10263.60949783335,4.595497833350237
1325.0,-1.0,10263.60949783335,10274.510999999999,10.901502166649152
1326.0,1.0,10274.511,10279.184227157575,4.673227157574729
1327.0,-1.0,10279.184227157575,10290.008,10.82377284242466
1328.0,1.0,10290.008,10294.758277462653,4.750277462653685
1329.0,-1.0,10294.758277462653,10305.505,10.746722537345704
1330.0,1.0,10305.505,10310.33157729582,4.826577295820243
1331.0,-1.0,10310.33157729582,10321.001999999999,10.670422704179146
1332.0,1.0,10321.002,10325.904062547374,4.902062547373134
1333.0,-1.0,10325.904062547374,10336.499,10.594937452626255
1334.0,1.0,10336.499,10341.475676457561,4.9766764575615525
1335.0,-1.0,10341.475676457561,10351.996,10.520323542437836
1336.0,1.0,10351.996,10357.046369563484,5.050369563485219
1337.0,-1.0,10357.046369563484,10367.492999999999,10.44663043651417
1338.0,1.0,10367.493,10372.61609959823,5.123099598229601
1339.0,-1.0,10372.61609959823,10382.99,10.373900401769788
1340.0,1.0,10382.99,10388.184831372146,5.194831372145927
1341.0,-1.0,10388.184831372146,10398.487,10.302168627853462
1342.0,1.0,10398.487,10403.752536547054,5.26553654705458
1343.0,-1.0,10403.752536547054,10413.983999999999,10.231463452944809
1344.0,1.0,10413.984,10419.319193417377,5.335193417377013
1345.0,-1.0,10419.319193417377,10429.481,10.161806582622376
1346.0,1.0,10429.481,10434.88478661342,5.40378661342038
1347.0,-1.0,10434.88478661342,10444.978,10.09321338657901
1348.0,1.0,10444.978,10450.449306749615,5.471306749615906
1349.0,-1.0,10450.449306749615,10460.474999999999,10.025693250383483
1350.0,1.0,10460.475,10466.01275005202,5.537750052018964
1351.0,-1.0,10466.01275005202,10475.972,9.959249947980425
1352.0,1.0,10475.972,10481.575117921007,5.603117921007652
1353.0,-1.0,10481.575117921007,10491.469,9.893882078991737
1354.0,1.0,10491.469,10497.13641648712,5.667416487120136
1355.0,-1.0,10497.13641648712,10506.965999999999,9.829583512879253
1356.0,1.0,10506.966,10512.696656105472,5.730656105472008
1357.0,-1.0,10512.696656105472,10522.463,9.766343894527381
1358.0,1.0,10522.463,10528.255850850177,5.792850850177274
1359.0,-1.0,10528.255850850177,10537.96,9.704149149822115
1360.0,1.0,10537.96,10543.81401798033,5.854017980331264
1361.0,-1.0,10543.81401798033,10553.456999999999,9.642982019668125
1362.0,1.0,10553.457,10559.37117739965,5.914177399648906
1363.0,-1.0,10559.37117739965,10568.954,9.582822600350482
1364.0,1.0,10568.954,10574.927351113825,5.973351113825629
1365.0,-1.0,10574.927351113825,10584.451,9.52364888617376
1366.0,1.0,10584.451,10590.48256268012,6.03156268012026
1367.0,-1.0,10590.48256268012,10599.947999999999,9.465437319879129
1368.0,1.0,10599.948,10606.036836676632,6.088836676632127
1369.0,-1.0,10606.036836676632,10615.445,9.408163323367262
1370.0,1.0,10615.445,10621.59019816237,6.145198162370434
1371.0,-1.0,10621.59019816237,10630.942,9.351801837628955
1372.0,1.0,10630.942,10637.14267216311,6.200672163111449
1373.0,-1.0,10637.14267216311,10646.438999999998,9.29632783688794
1374.0,1.0,10646.439,10652.694283168119,6.2552831681186944
1375.0,-1.0,10652.694283168119,10661.936,9.241716831880694
1376.0,1.0,10661.936,10668.245054641071,6.3090546410712705
1377.0,-1.0,10668.245054641071,10677.432999999999,9.187945358928118
1378.0,1.0,10677.432999999999,10683.795008552665,6.362008552665429
1379.0,-1.0,10683.795008552665,10692.929999999998,9.13499144733396
1380.0,1.0,10692.93,10699.344164925258,6.4141649252578645
1381.0,-1.0,10699.344164925258,10708.427,9.082835074741524
1382.0,1.0,10708.427,10714.892541399595,6.465541399595168
1383.0,-1.0,10714.892541399595,10723.923999999999,9.031458600404221
1384.0,1.0,10723.923999999999,10730.440152826504,6.516152826505277
1385.0,-1.0,10730.440152826504,10739.420999999998,8.980847173494112
1386.0,1.0,10739.421,10745.987010860234,6.566010860233291
1387.0,-1.0,10745.987010860234,10754.918,8.930989139766098
1388.0,1.0,10754.918,10761.53312359769,6.615123597690399
1389.0,-1.0,10761.53312359769,10770.414999999999,8.88187640230899
1390.0,1.0,10770.414999999999,10777.078495213336,6.663495213337228
1391.0,-1.0,10777.078495213336,10785.911999999998,8.83350478666216
1392.0,1.0,10785.912,10792.623125627955,6.711125627954971
1393.0,-1.0,10792.623125627955,10801.409,8.785874372044418
1394.0,1.0,10801.409,10808.167010207118,6.758010207118787
1395.0,-1.0,10808.167010207118,10816.905999999999,8.738989792880602
1396.0,1.0,10816.905999999999,10823.710139469395,6.804139469395523
1397.0,-1.0,10823.710139469395,10832.402999999998,8.692860530603866
1398.0,1.0,10832.403,10839.252498831504,6.849498831503297
1399.0,-1.0,10839.252498831504,10847.9,8.647501168496092
1400.0,1.0,10847.9,10854.794068381934,6.8940683819346305
1401.0,-1.0,10854.794068381934,10863.396999999999,8.602931618064758
1402.0,1.0,10863.396999999999,10870.334822679128,6.937822679128658
1403.0,-1.0,10870.334822679128,10878.893999999998,8.559177320870731
1404.0,1.0,10878.894,10885.874730591591,6.980730591591055
1405.0,-1.0,10885.874730591591,10894.391,8.516269408408334
1406.0,1.0,10894.391,10901.413755164718,7.022755164718546
1407.0,-1.0,10901.413755164718,10909.887999999999,8.474244835280842
1408.0,1.0,10909.887999999999,10916.951853528282,7.063853528283289
1409.0,-1.0,10916.951853528282,10925.384999999998,8.4331464717161
1410.0,1.0,10925.385,10932.48897683589,7.103976835889625
1411.0,-1.0,10932.48897683589,10940.882,8.393023164109763
1412.0,1.0,10940.882,10948.0250702505,7.1430702505003865
1413.0,-1.0,10948.0250702505,10956.378999999999,8.353929749499002
1414.0,1.0,10956.379,10963.560072952716,7.1810729527151125
1415.0,-1.0,10963.560072952716,10971.876,8.315927047284276
1416.0,1.0,10971.876,10979.093918187053,7.217918187052419
1417.0,-1.0,10979.093918187053,10987.373,8.27908181294697
1418.0,1.0,10987.373,10994.6265333389,7.2535333389005245
1419.0,-1.0,10994.6265333389,11002.869999999999,8.243466661098864
1420.0,1.0,11002.87,11010.157840032583,7.287840032582608
1421.0,-1.0,11010.157840032583,11018.367,8.209159967416781
1422.0,1.0,11018.367,11025.687754247181,7.3207542471809575
1423.0,-1.0,11025.687754247181,11033.864,8.176245752818431
1424.0,1.0,11033.864,11041.216186438405,7.352186438405624
1425.0,-1.0,11041.216186438405,11049.360999999999,8.144813561593764
1426.0,1.0,11049.361,11056.74304166526,7.382041665259749
1427.0,-1.0,11056.74304166526,11064.858,8.11495833473964
1428.0,1.0,11064.858,11072.268219695094,7.410219695093474
1429.0,-1.0,11072.268219695094,11080.355,8.086780304905915
1430.0,1.0,11080.355,11087.791615102129,7.436615102129508
1431.0,-1.0,11087.791615102129,11095.851999999999,8.06038489786988
1432.0,1.0,11095.852,11103.313117309324,7.461117309323527
1433.0,-1.0,11103.313117309324,11111.349,8.035882690675862
1434.0,1.0,11111.349,11118.832610602822,7.4836106028215
1435.0,-1.0,11118.832610602822,11126.846,8.013389397177889
1436.0,1.0,11126.846,11134.349974075807,7.503974075807491
1437.0,-1.0,11134.349974075807,11142.342999999999,7.9930259241918975
1438.0,1.0,11142.343,11149.86508149886,7.5220814988588245
1439.0,-1.0,11149.86508149886,11157.84,7.974918501140564
1440.0,1.0,11157.84,11165.37780112565,7.537801125650731
1441.0,-1.0,11165.37780112565,11173.337,7.959198874348658
1442.0,1.0,11173.337,11180.887995389117,7.550995389117816
1443.0,-1.0,11180.887995389117,11188.833999999999,7.946004610881573
1444.0,1.0,11188.834,11196.395520518212,7.561520518211182
1445.0,-1.0,11196.395520518212,11204.331,7.935479481788207
1446.0,1.0,11204.331,11211.900226054504,7.569226054503815
1447.0,-1.0,11211.900226054504,11219.828,7.927773945495574
1448.0,1.0,11219.828,11227.401954281759,7.573954281759143
1449.0,-1.0,11227.401954281759,11235.324999999999,7.923045718240246
1450.0,1.0,11235.325,11242.900539554405,7.575539554403804
1451.0,-1.0,11242.900539554405,11250.822,7.921460445595585
1452.0,1.0,11250.822,11258.395807572482,7.57380757248211
1453.0,-1.0,11258.395807572482,11266.319,7.923192427517279
1454.0,1.0,11266.319,11273.887574585684,7.568574585684473
1455.0,-1.0,11273.887574585684,11281.815999999999,7.9284254143149155
1456.0,1.0,11281.816,11289.375646579298,7.559646579296896
1457.0,-1.0,11289.375646579298,11297.313,7.937353420702493
1458.0,1.0,11297.313,11304.859818461426,7.546818461425573
1459.0,-1.0,11304.859818461426,11312.81,7.9501815385738155
1460.0,1.0,11312.81,11320.339873310124,7.529873310124458
1461.0,-1.0,11320.339873310124,11328.306999999999,7.967126689874931
1462.0,1.0,11328.307,11335.815581734605,7.508581734604377
1463.0,-1.0,11335.815581734605,11343.804,7.988418265395012
1464.0,1.0,11343.804,11351.2867013861,7.482701386099507
1465.0,-1.0,11351.2867013861,11359.301,8.014298613899882
1466.0,1.0,11359.301,11366.75297678453,7.451976784530416
1467.0,-1.0,11366.75297678453,11374.797999999999,8.045023215468973
1468.0,1.0,11374.798,11382.21413946901,7.416139469009067
1469.0,-1.0,11382.21413946901,11390.295,8.080860530990321
1470.0,1.0,11390.295,11397.669908633592,7.374908633591986
1471.0,-1.0,11397.669908633592,11405.792,8.122091366407403
1472.0,1.0,11405.792,11413.119992395528,7.327992395528781
1473.0,-1.0,11413.119992395528,11421.288999999999,8.169007604470607
1474.0,1.0,11421.289,11428.56408978881,7.275089788809055
1475.0,-1.0,11428.56408978881,11436.786,8.221910211190334
1476.0,1.0,11436.786,11444.00189366301,7.21589366300941
1477.0,-1.0,11444.00189366301,11452.283,8.281106336989978
1478.0,1.0,11452.283,11459.433094636905,7.1500946369051235
1479.0,-1.0,11459.433094636905,11467.779999999999,8.346905363094265
1480.0,1.0,11467.78,11474.857386197984,7.077386197983287
1481.0,-1.0,11474.857386197984,11483.277,8.419613802016102
1482.0,1.0,11483.277,11490.274471063201,6.997471063201374
1483.0,-1.0,11490.274471063201,11498.774,8.499528936798015
1484.0,1.0,11498.774,11505.684068867233,6.910068867233349
1485.0,-1.0,11505.684068867233,11514.270999999999,8.58693113276604
1486.0,1.0,11514.271,11521.085925095698,6.8149250956976175
1487.0,-1.0,11521.085925095698,11529.768,8.682074904301771
1488.0,1.0,11529.768,11536.479821157045,6.711821157045051
1489.0,-1.0,11536.479821157045,11545.265,8.785178842954338
1490.0,1.0,11545.265,11551.865585399799,6.600585399799456
1491.0,-1.0,11551.865585399799,11560.761999999999,8.896414600199932
1492.0,1.0,11560.762,11567.243104626412,6.481104626411252
1493.0,-1.0,11567.243104626412,11576.259,9.015895373588137
1494.0,1.0,11576.259,11582.612335740008,6.353335740008333
1495.0,-1.0,11582.612335740008,11591.756,9.143664259991056
1496.0,1.0,11591.756,11597.973316890018,6.217316890018992
1497.0,-1.0,11597.973316890018,11607.252999999999,9.279683109980397
1498.0,1.0,11607.253,11613.326177457871,6.07317745787077
1499.0,-1.0,11613.326177457871,11622.75,9.423822542128619
1500.0,1.0,11622.75,11628.671146304101,5.9211463041010575
1501.0,-1.0,11628.671146304101,11638.247,9.575853695898331
1502.0,1.0,11638.247,11644.008557524332,5.761557524332602
1503.0,-1.0,11644.008557524332,11653.743999999999,9.735442475666787
1504.0,1.0,11653.744,11659.338853207777,5.594853207776396
1505.0,-1.0,11659.338853207777,11669.241,9.902146792222993
1506.0,1.0,11669.241,11674.662582761004,5.421582761004174
1507.0,-1.0,11674.662582761004,11684.738,10.075417238995215
1508.0,1.0,11684.738,11689.980398514565,5.242398514565139
1509.0,-1.0,11689.980398514565,11700.234999999999,10.25460148543425
1510.0,1.0,11700.235,11705.293047647008,5.058047647007697
1511.0,-1.0,11705.293047647008,11715.732,10.438952352991691
1512.0,1.0,11715.732,11720.60136054263,4.869360542630602
1513.0,-1.0,11720.60136054263,11731.229,10.627639457368787
1514.0,1.0,11731.229,11735.906236043244,4.677236043244193
1515.0,-1.0,11735.906236043244,11746.725999999999,10.819763956755196
1516.0,1.0,11746.726,11751.208624284009,4.482624284008125
1517.0,-1.0,11751.208624284009,11762.223,11.014375715991264
1518.0,1.0,11762.223,11766.509507835584,4.286507835584416
1519.0,-1.0,11766.509507835584,11777.72,11.210492164414973
1520.0,1.0,11777.72,11781.809882034944,4.0898820349448215
1521.0,-1.0,11781.809882034944,11793.216999999999,11.407117965054567
1522.0,1.0,11793.217,11797.110735600503,3.893735600502623
1523.0,-1.0,11797.110735600503,11808.714,11.603264399496766
1524.0,1.0,11808.714,11812.413032189701,3.699032189701029
1525.0,-1.0,11812.413032189701,11824.211,11.79796781029836
1526.0,1.0,11824.211,11827.717693870582,3.5066938705822395
1527.0,-1.0,11827.717693870582,11839.707999999999,11.99030612941715
1528.0,1.0,11839.708,11843.025587050479,3.3175870504783234
1529.0,-1.0,11843.025587050479,11855.205,12.179412949521065
1530.0,1.0,11855.205,11858.337511256894,3.1325112568938493
1531.0,-1.0,11858.337511256894,11870.702,12.36448874310554
1532.0,1.0,11870.702,11873.654191006706,2.9521910067069257
1533.0,-1.0,11873.654191006706,11886.198999999999,12.544808993292463
1534.0,1.0,11886.199,11888.97627070733,2.7772707073290803
1535.0,-1.0,11888.97627070733,11901.696,12.719729292670308
1536.0,1.0,11901.696,11904.304312431988,2.608312431988452
1537.0,-1.0,11904.304312431988,11917.193,12.888687568010937
1538.0,1.0,11917.193,11919.638796144794,2.4457961447951675
1539.0,-1.0,11919.638796144794,11932.689999999999,13.051203855204221
1540.0,1.0,11932.69,11934.980122020987,2.2901220209860185
1541.0,-1.0,11934.980122020987,11948.187,13.20687797901337
1542.0,1.0,11948.187,11950.328614356647,2.141614356647551
1543.0,-1.0,11950.328614356647,11963.684,13.355385643351838
1544.0,1.0,11963.684,11965.684526542871,2.0005265428717394
1545.0,-1.0,11965.684526542871,11979.180999999999,13.49647345712765
1546.0,1.0,11979.181,11981.048046733897,1.8670467338961316
1547.0,-1.0,11981.048046733897,11994.678,13.629953266103257
1548.0,1.0,11994.678,11996.419303778037,1.741303778037036
1549.0,-1.0,11996.419303778037,12010.175,13.755696221962353
1550.0,1.0,12010.175,12011.798373162947,1.6233731629472459
1551.0,-1.0,12011.798373162947,12025.671999999999,13.873626837052143
1552.0,1.0,12025.672,12027.18528272934,1.5132827293400624
1553.0,-1.0,12027.18528272934,12041.169,13.983717270659326
1554.0,1.0,12041.169,12042.58001798583,1.4110179858307674
1555.0,-1.0,12042.58001798583,12056.666,14.085982014168621
1556.0,1.0,12056.666,12057.982527023869,1.3165270238696394
1557.0,-1.0,12057.982527023869,12072.162999999999,14.18047297612975
1558.0,1.0,12072.163,12073.392724951465,1.2297249514649593
1559.0,-1.0,12073.392724951465,12087.66,14.26727504853443
1560.0,1.0,12087.66,12088.810497871431,1.150497871431071
1561.0,-1.0,12088.810497871431,12103.157,14.346502128568318
1562.0,1.0,12103.157,12104.235706450172,1.078706450172831
1563.0,-1.0,12104.235706450172,12118.653999999999,14.418293549826558
1564.0,1.0,12118.654,12119.668189154438,1.0141891544371902
1565.0,-1.0,12119.668189154438,12134.151,14.482810845562199
1566.0,1.0,12134.151,12135.107765157683,0.9567651576835488
1567.0,-1.0,12135.107765157683,12149.648,14.54023484231584
1568.0,1.0,12149.648,12150.554237031793,0.9062370317933528
1569.0,-1.0,12150.554237031793,12165.144999999999,14.590762968206036
1570.0,1.0,12165.145,12166.007393241624,0.8623932416230673
1571.0,-1.0,12166.007393241624,12180.642,14.634606758376322
1572.0,1.0,12180.642,12181.467010464889,0.8250104648886918
1573.0,-1.0,12181.467010464889,12196.139,14.671989535110697
1574.0,1.0,12196.139,12196.932855826888,0.79385582688883
1575.0,-1.0,12196.932855826888,12211.635999999999,14.703144173110559
1576.0,1.0,12211.636,12212.404688990582,0.7686889905817225
1577.0,-1.0,12212.404688990582,12227.133,14.728311009417666
1578.0,1.0,12227.133,12227.882264208292,0.7492642082925158
1579.0,-1.0,12227.882264208292,12242.63,14.747735791706873
1580.0,1.0,12242.63,12243.365332265097,0.7353322650978953
1581.0,-1.0,12243.365332265097,12258.126999999999,14.761667734901494
1582.0,1.0,12258.127,12258.85364236603,0.7266423660294095
1583.0,-1.0,12258.85364236603,12273.624,14.77035763396998
1584.0,1.0,12273.624,12274.346943971079,0.7229439710790757
1585.0,-1.0,12274.346943971079,12289.121,14.774056028920313
1586.0,1.0,12289.121,12289.844988530098,0.7239885300987225
1587.0,-1.0,12289.844988530098,12304.617999999999,14.773011469900666
1588.0,1.0,12304.618,12305.347531196941,0.729531196941025
1589.0,-1.0,12305.347531196941,12320.115,14.767468803058364
1590.0,1.0,12320.115,12320.854332445817,0.7393324458171264
1591.0,-1.0,12320.854332445817,12335.612,14.757667554182262
1592.0,1.0,12335.612,12336.365159652269,0.7531596522694599
1593.0,-1.0,12336.365159652269,12351.108999999999,14.743840347729929
1594.0,1.0,12351.109,12351.87978859131,0.7707885913096106
1595.0,-1.0,12351.87978859131,12366.606,14.726211408689778
1596.0,1.0,12366.606,12367.398004899413,0.7920048994128592
1597.0,-1.0,12367.398004899413,12382.103,14.70499510058653
1598.0,1.0,12382.103,12382.919605458454,0.8166054584544327
1599.0,-1.0,12382.919605458454,12397.599999999999,14.680394541544956
1600.0,1.0,12397.6,12398.444399748774,0.844399748773867
1601.0,-1.0,12398.444399748774,12413.097,14.652600251225522
1602.0,1.0,12413.097,12413.972211134687,0.8752111346875608
1603.0,-1.0,12413.972211134687,12428.594,14.621788865311828
1604.0,1.0,12428.594,12429.502878113004,0.9088781130049028
1605.0,-1.0,12429.502878113004,12444.090999999999,14.588121886994486
1606.0,1.0,12444.091,12445.036255515137,0.9452555151365232
1607.0,-1.0,12445.036255515137,12459.588,14.551744484862866
1608.0,1.0,12459.588,12460.572215662216,0.9842156622162292
1609.0,-1.0,12460.572215662216,12475.085,14.51278433778316
1610.0,1.0,12475.085,12476.110649482716,1.0256494827171991
1611.0,-1.0,12476.110649482716,12490.581999999999,14.47135051728219
1612.0,1.0,12490.582,12491.651467579433,1.0694675794329669
1613.0,-1.0,12491.651467579433,12506.079,14.427532420566422
1614.0,1.0,12506.079,12507.194601253545,1.1156012535448099
1615.0,-1.0,12507.194601253545,12521.576,14.381398746454579
1616.0,1.0,12521.576,12522.74000346972,1.1640034697211377
1617.0,-1.0,12522.74000346972,12537.072999999999,14.332996530278251
1618.0,1.0,12537.073,12538.287649759062,1.214649759062013
1619.0,-1.0,12538.287649759062,12552.57,14.282350240937376
1620.0,1.0,12552.57,12553.837539043134,1.267539043134093
1621.0,-1.0,12553.837539043134,12568.067,14.229460956865296
1622.0,1.0,12568.067,12569.389694358526,1.32269435852686
1623.0,-1.0,12569.389694358526,12583.563999999998,14.174305641472529
1624.0,1.0,12583.564,12584.944163462525,1.3801634625251609
1625.0,-1.0,12584.944163462525,12599.061,14.116836537474228
1626.0,1.0,12599.061,12600.501019280397,1.440019280396882
1627.0,-1.0,12600.501019280397,12614.557999999999,14.056980719602507
1628.0,1.0,12614.557999999999,12616.060360166954,1.5023601669545315
1629.0,-1.0,12616.060360166954,12630.054999999998,13.994639833044857
1630.0,1.0,12630.055,12631.6223099249,1.567309924899746
1631.0,-1.0,12631.6223099249,12645.552,13.929690075099643
1632.0,1.0,12645.552,12647.18701753094,1.6350175309398765
1633.0,-1.0,12647.18701753094,12661.048999999999,13.861982469059512
1634.0,1.0,12661.048999999999,12662.754656502977,1.705656502977945
1635.0,-1.0,12662.754656502977,12676.545999999998,13.791343497021444
1636.0,1.0,12676.546,12678.325423831327,1.7794238313272217
1637.0,-1.0,12678.325423831327,12692.043,13.717576168672167
1638.0,1.0,12692.043,12693.89953839683,1.8565383968307287
1639.0,-1.0,12693.89953839683,12707.539999999999,13.64046160316866
1640.0,1.0,12707.539999999999,12709.477238774813,1.9372387748135225
1641.0,-1.0,12709.477238774813,12723.036999999998,13.559761225185866
1642.0,1.0,12723.037,12725.05878033045,2.0217803304494737
1643.0,-1.0,12725.05878033045,12738.534,13.475219669549915
1644.0,1.0,12738.534,12740.644431502962,2.110431502962456
1645.0,-1.0,12740.644431502962,12754.030999999999,13.386568497036933
1646.0,1.0,12754.030999999999,12756.234469171945,2.2034691719454713
1647.0,-1.0,12756.234469171945,12769.527999999998,13.293530828053918
1648.0,1.0,12769.528,12771.82917301399,2.3011730139896827
1649.0,-1.0,12771.82917301399,12785.025,13.195826986009706
1650.0,1.0,12785.025,12787.428818769524,2.4038187695241504
1651.0,-1.0,12787.428818769524,12800.521999999999,13.093181230475238
1652.0,1.0,12800.521999999999,12803.033670369781,2.511670369782223
1653.0,-1.0,12803.033670369781,12816.018999999998,12.985329630217166
1654.0,1.0,12816.019,12818.643970918005,2.624970918004692
1655.0,-1.0,12818.643970918005,12831.516,12.872029081994697
1656.0,1.0,12831.516,12834.259932570156,2.7439325701561756
1657.0,-1.0,12834.259932570156,12847.012999999999,12.753067429843213
1658.0,1.0,12847.012999999999,12849.881725467087,2.8687254670876428
1659.0,-1.0,12849.881725467087,12862.509999999998,12.628274532911746
1660.0,1.0,12862.51,12865.50946594228,2.99946594227913
1661.0,-1.0,12865.50946594228,12878.007,12.497534057720259
1662.0,1.0,12878.007,12881.143204351358,3.136204351358174
1663.0,-1.0,12881.143204351358,12893.503999999999,12.360795648641215
1664.0,1.0,12893.504,12896.782913035831,3.2789130358305556
1665.0,-1.0,12896.782913035831,12909.001,12.218086964168833
1666.0,1.0,12909.001,12912.428475004412,3.4274750044114626
1667.0,-1.0,12912.428475004412,12924.498,12.069524995587926
1668.0,1.0,12924.498,12928.079674083603,3.5816740836035024
1669.0,-1.0,12928.079674083603,12939.994999999999,11.915325916395886
1670.0,1.0,12939.995,12943.736187336552,3.7411873365508654
1671.0,-1.0,12943.736187336552,12955.492,11.755812663448523
1672.0,1.0,12955.492,12959.39758057644,3.9055805764401157
1673.0,-1.0,12959.39758057644,12970.989,11.591419423559273
1674.0,1.0,12970.989,12975.063307754146,4.074307754146503
1675.0,-1.0,12975.063307754146,12986.485999999999,11.422692245852886
1676.0,1.0,12986.486,12990.732714818449,4.246714818447799
1677.0,-1.0,12990.732714818449,13001.983,11.25028518155159
1678.0,1.0,13001.983,13006.405048380346,4.422048380345586
1679.0,-1.0,13006.405048380346,13017.48,11.074951619653802
1680.0,1.0,13017.48,13022.079469223589,4.59946922358904
1681.0,-1.0,13022.079469223589,13032.976999999999,10.897530776410349
1682.0,1.0,13032.977,13037.755070213438,4.778070213436877
1683.0,-1.0,13037.755070213438,13048.474,10.718929786562512
1684.0,1.0,13048.474,13053.430897795242,4.956897795242185
1685.0,-1.0,13053.430897795242,13063.971,10.540102204757204
1686.0,1.0,13063.971,13069.105975888322,5.134975888322515
1687.0,-1.0,13069.105975888322,13079.467999999999,10.362024111676874
1688.0,1.0,13079.468,13084.779330743742,5.311330743741564
1689.0,-1.0,13084.779330743742,13094.965,10.185669256257825
1690.0,1.0,13094.965,13100.450015170885,5.485015170885163
1691.0,-1.0,13100.450015170885,13110.462,10.011984829114226
1692.0,1.0,13110.462,13116.117130652357,5.6551306523579115
1693.0,-1.0,13116.117130652357,13125.958999999999,9.841869347641477
1694.0,1.0,13125.959,13131.779846126103,5.820846126101969
1695.0,-1.0,13131.779846126103,13141.456,9.67615387389742
1696.0,1.0,13141.456,13147.43741243885,5.981412438850384
1697.0,-1.0,13147.43741243885,13156.953,9.515587561149005
1698.0,1.0,13156.953,13163.089172090731,6.136172090731634
1699.0,-1.0,13163.089172090731,13172.449999999999,9.360827909267755
1700.0,1.0,13172.45,13178.734564188484,6.284564188483273
1701.0,-1.0,13178.734564188484,13187.947,9.212435811516116
1702.0,1.0,13187.947,13194.37312500143,6.426125001429682
1703.0,-1.0,13194.37312500143,13203.444,9.070874998569707
1704.0,1.0,13203.444,13210.004484769328,6.560484769328468
1705.0,-1.0,13210.004484769328,13218.940999999999,8.93651523067092
1706.0,1.0,13218.941,13225.628361654928,6.687361654927372
1707.0,-1.0,13225.628361654928,13234.438,8.809638345072017
1708.0,1.0,13234.438,13241.244553701981,6.806553701981102
1709.0,-1.0,13241.244553701981,13249.935,8.690446298018287
1710.0,1.0,13249.935,13256.852929800032,6.917929800032653
1711.0,-1.0,13256.852929800032,13265.431999999999,8.579070199966736
1712.0,1.0,13265.432,13272.453420324138,7.02142032413758
1713.0,-1.0,13272.453420324138,13280.929,8.475579675861809
1714.0,1.0,13280.929,13288.046008200783,7.117008200782948
1715.0,-1.0,13288.046008200783,13296.426,8.379991799216441
1716.0,1.0,13296.426,13303.630720757177,7.204720757177711
1717.0,-1.0,13303.630720757177,13311.922999999999,8.292279242821678
1718.0,1.0,13311.923,13319.207622690865,7.284622690864126
1719.0,-1.0,13319.207622690865,13327.42,8.212377309135263
1720.0,1.0,13327.42,13334.776810310048,7.3568103100478766
1721.0,-1.0,13334.776810310048,13342.917,8.140189689951512
1722.0,1.0,13342.917,13350.338406985951,7.421406985951762
1723.0,-1.0,13350.338406985951,13358.413999999999,8.075593014047627
1724.0,1.0,13358.414,13365.89255979683,7.478559796829359
1725.0,-1.0,13365.89255979683,13373.911,8.01844020317003
1726.0,1.0,13373.911,13381.43943713948,7.528437139479138
1727.0,-1.0,13381.43943713948,13389.408,7.968562860520251
1728.0,1.0,13389.408,13396.979227217897,7.571227217897103
1729.0,-1.0,13396.979227217897,13404.904999999999,7.925772782102285
1730.0,1.0,13404.905,13412.512137068812,7.607137068811426
1731.0,-1.0,13412.512137068812,13420.402,7.889862931187963
1732.0,1.0,13420.402,13428.038392073518,7.6363920735184365
1733.0,-1.0,13428.038392073518,13435.899,7.860607926480952
1734.0,1.0,13435.899,13443.558235617973,7.659235617973536
1735.0,-1.0,13443.558235617973,13451.395999999999,7.837764382025853
1736.0,1.0,13451.396,13459.07192887927,7.675928879269122
1737.0,-1.0,13459.07192887927,13466.893,7.821071120730267
1738.0,1.0,13466.893,13474.579750489676,7.686750489676342
1739.0,-1.0,13474.579750489676,13482.39,7.810249510323047
1740.0,1.0,13482.39,13490.081996019637,7.691996019637372
1741.0,-1.0,13490.081996019637,13497.886999999999,7.805003980362017
1742.0,1.0,13497.887,13505.57897721711,7.691977217109525
1743.0,-1.0,13505.57897721711,13513.384,7.805022782889864
1744.0,1.0,13513.384,13521.071020890131,7.6870208901309525
1745.0,-1.0,13521.071020890131,13528.881,7.809979109868436
1746.0,1.0,13528.881,13536.558467488545,7.677467488545517
1747.0,-1.0,13536.558467488545,13544.377999999999,7.819532511453872
1748.0,1.0,13544.378,13552.041669300614,7.663669300613037
1749.0,-1.0,13552.041669300614,13559.875,7.833330699386352
1750.0,1.0,13559.875,13567.520988346128,7.6459883461284335
1751.0,-1.0,13567.520988346128,13575.372,7.851011653870955
1752.0,1.0,13575.372,13582.996793967348,7.624793967348523
1753.0,-1.0,13582.996793967348,13590.868999999999,7.872206032650865
1754.0,1.0,13590.869,13598.469460179595,7.600460179593938
1755.0,-1.0,13598.469460179595,13606.366,7.896539820405451
1756.0,1.0,13606.366,13613.939362849589,7.5733628495891026
1757.0,-1.0,13613.939362849589,13621.863,7.923637150410286
1758.0,1.0,13621.863,13629.406876743342,7.54387674334248
1759.0,-1.0,13629.406876743342,13637.359999999999,7.953123256656909
1760.0,1.0,13637.36,13644.872372558886,7.512372558885545
1761.0,-1.0,13644.872372558886,13652.857,7.984627441113844
1762.0,1.0,13652.857,13660.336213967268,7.4792139672681515
1763.0,-1.0,13660.336213967268,13668.354,8.017786032731237
1764.0,1.0,13668.354,13675.798754779293,7.444754779293362
1765.0,-1.0,13675.798754779293,13683.850999999999,8.052245220706027
1766.0,1.0,13683.851,13691.260336279802,7.4093362798012095
1767.0,-1.0,13691.260336279802,13699.348,8.08766372019818
1768.0,1.0,13699.348,13706.721284781339,7.373284781338953
1769.0,-1.0,13706.721284781339,13714.845,8.123715218660436
1770.0,1.0,13714.845,13722.18190946461,7.336909464611381
1771.0,-1.0,13722.18190946461,13730.341999999999,8.160090535388008
1772.0,1.0,13730.342,13737.6425005313,7.300500531298894
1773.0,-1.0,13737.6425005313,13745.839,8.196499468700495
1774.0,1.0,13745.839,13753.103327696137,7.264327696137116
1775.0,-1.0,13753.103327696137,13761.336,8.232672303862273
1776.0,1.0,13761.336,13768.5646390404,7.228639040400594
1777.0,-1.0,13768.5646390404,13776.832999999999,8.268360959598795
1778.0,1.0,13776.833,13784.026660205327,7.193660205326523
1779.0,-1.0,13784.026660205327,13792.33,8.303339794672866
1780.0,1.0,13792.33,13799.489593961947,7.159593961947394
1781.0,-1.0,13799.489593961947,13807.827,8.337406038051995
1782.0,1.0,13807.827,13814.953620087008,7.126620087008632
1783.0,-1.0,13814.953620087008,13823.323999999999,8.370379912990757
1784.0,1.0,13823.324,13830.418895561712,7.0948955617113825
1785.0,-1.0,13830.418895561712,13838.821,8.402104438288006
1786.0,1.0,13838.821,13845.88555504481,7.064555044809822
1787.0,-1.0,13845.88555504481,13854.318,8.432444955189567
1788.0,1.0,13854.318,13861.353711584552,7.0357115845527005
1789.0,-1.0,13861.353711584552,13869.814999999999,8.461288415446688
1790.0,1.0,13869.815,13876.823457544147,7.00845754414695
1791.0,-1.0,13876.823457544147,13885.312,8.48854245585244
1792.0,1.0,13885.312,13892.294865687838,6.982865687838057
1793.0,-1.0,13892.294865687838,13900.809,8.514134312161332
1794.0,1.0,13900.809,13907.767990404222,6.958990404222277
1795.0,-1.0,13907.767990404222,13916.305999999999,8.538009595777112
1796.0,1.0,13916.306,13923.242869018133,6.936869018132711
1797.0,-1.0,13923.242869018133,13931.803,8.560130981866678
1798.0,1.0,13931.803,13938.719523170023,6.916523170022629
1799.0,-1.0,13938.719523170023,13947.3,8.58047682997676
1800.0,1.0,13947.3,13954.197960224572,6.897960224572671
1801.0,-1.0,13954.197960224572,13962.796999999999,8.599039775426718
1802.0,1.0,13962.797,13969.67817468177,6.881174681770062
1803.0,-1.0,13969.67817468177,13978.294,8.615825318229327
1804.0,1.0,13978.294,13985.16014957167,6.866149571669666
1805.0,-1.0,13985.16014957167,13993.791,8.630850428329722
1806.0,1.0,13993.791,14000.643857811405,6.852857811405556
1807.0,-1.0,14000.643857811405,14009.287999999999,8.644142188593833
1808.0,1.0,14009.288,14016.12926350852,6.84126350851875
1809.0,-1.0,14016.12926350852,14024.785,8.655736491480639
1810.0,1.0,14024.785,14031.616323197779,6.8313231977790565
1811.0,-1.0,14031.616323197779,14040.282,8.665676802220332
1812.0,1.0,14040.282,14047.104987002751,6.822987002751688
1813.0,-1.0,14047.104987002751,14055.778999999999,8.6740129972477
1814.0,1.0,14055.779,14062.595199720661,6.816199720660734
1815.0,-1.0,14062.595199720661,14071.276,8.680800279338655
1816.0,1.0,14071.276,14078.08690181743,6.810901817430931
1817.0,-1.0,14078.08690181743,14086.773,8.686098182568458
1818.0,1.0,14086.773,14093.580030340203,6.80703034020371
1819.0,-1.0,14093.580030340203,14102.269999999999,8.689969659795679
1820.0,1.0,14102.27,14109.074519747417,6.804519747416634
1821.0,-1.0,14109.074519747417,14117.767,8.692480252582754
1822.0,1.0,14117.767,14124.57030264597,6.803302645970689
1823.0,-1.0,14124.57030264597,14133.264,8.6936973540287
1824.0,1.0,14133.264,14140.067310460267,6.803310460267312
1825.0,-1.0,14140.067310460267,14148.760999999999,8.693689539732077
1826.0,1.0,14148.761,14155.565474012847,6.804474012846185
1827.0,-1.0,14155.565474012847,14164.258,8.692525987153203
1828.0,1.0,14164.258,14171.064724042093,6.806724042093265
1829.0,-1.0,14171.064724042093,14179.755,8.690275957906124
1830.0,1.0,14179.755,14186.56499164834,6.809991648340656
1831.0,-1.0,14186.56499164834,14195.251999999999,8.687008351658733
1832.0,1.0,14195.252,14202.066208677212,6.814208677211354
1833.0,-1.0,14202.066208677212,14210.749,8.682791322788034
1834.0,1.0,14210.749,14217.568308050384,6.819308050384279
1835.0,-1.0,14217.568308050384,14226.246,8.67769194961511
1836.0,1.0,14226.246,14233.07122403782,6.82522403782059
1837.0,-1.0,14233.07122403782,14241.742999999999,8.671775962178799
1838.0,1.0,14241.743,14248.574892493043,6.831892493042687
1839.0,-1.0,14248.574892493043,14257.24,8.665107506956701
1840.0,1.0,14257.24,14264.079251035735,6.839251035735288
1841.0,-1.0,14264.079251035735,14272.737,8.657748964264101
1842.0,1.0,14272.737,14279.584239208498,6.8472392084986495
1843.0,-1.0,14279.584239208498,14288.233999999999,8.64976079150074
1844.0,1.0,14288.234,14295.08979859103,6.8557985910301795
1845.0,-1.0,14295.08979859103,14303.731,8.64120140896921
1846.0,1.0,14303.731,14310.595872890997,6.864872890997503
1847.0,-1.0,14310.595872890997,14319.228,8.632127109001885
1848.0,1.0,14319.228,14326.102408009981,6.8744080099822895
1849.0,-1.0,14326.102408009981,14334.724999999999,8.6225919900171
1850.0,1.0,14334.725,14341.60935208375,6.884352083749036
1851.0,-1.0,14341.60935208375,14350.222,8.612647916250353
1852.0,1.0,14350.222,14357.116655509239,6.8946555092388735
1853.0,-1.0,14357.116655509239,14365.719,8.602344490760515
1854.0,1.0,14365.719,14372.624270951505,6.905270951505372
1855.0,-1.0,14372.624270951505,14381.215999999999,8.591729048494017
1856.0,1.0,14381.216,14388.132153338933,6.916153338932418
1857.0,-1.0,14388.132153338933,14396.713,8.580846661066971
1858.0,1.0,14396.713,14403.640259844191,6.927259844191212
1859.0,-1.0,14403.640259844191,14412.21,8.569740155808176
1860.0,1.0,14412.21,14419.148549862564,6.938549862565196
1861.0,-1.0,14419.148549862564,14427.706999999999,8.558450137434193
1862.0,1.0,14427.707,14434.656984973633,6.949984973633036
1863.0,-1.0,14434.656984973633,14443.204,8.547015026366353
1864.0,1.0,14443.204,14450.165528902751,6.961528902751525
1865.0,-1.0,14450.165528902751,14458.701,8.535471097247864
1866.0,1.0,14458.701,14465.6741474758,6.973147475800943
1867.0,-1.0,14465.6741474758,14474.197999999999,8.523852524198446
1868.0,1.0,14474.198,14481.182808568134,6.984808568133303
1869.0,-1.0,14481.182808568134,14489.695,8.512191431866086
1870.0,1.0,14489.695,14496.691482053588,6.996482053587897
1871.0,-1.0,14496.691482053588,14505.192,8.500517946411492
1872.0,1.0,14505.192,14512.200139748225,7.008139748226313
1873.0,-1.0,14512.200139748225,14520.688999999998,8.488860251773076
1874.0,1.0,14520.689,14527.708755352527,7.019755352526772
1875.0,-1.0,14527.708755352527,14536.186,8.477244647472617
1876.0,1.0,14536.186,14543.217304396363,7.031304396363339
1877.0,-1.0,14543.217304396363,14551.682999999999,8.46569560363605
1878.0,1.0,14551.682999999999,14558.725764177543,7.042764177544086
1879.0,-1.0,14558.725764177543,14567.179999999998,8.454235822455303
1880.0,1.0,14567.18,14574.234113702005,7.054113702004543
1881.0,-1.0,14574.234113702005,14582.677,8.442886297994846
1882.0,1.0,14582.677,14589.74233362857,7.065333628570443
1883.0,-1.0,14589.74233362857,14598.173999999999,8.431666371428946
1884.0,1.0,14598.173999999999,14605.250406206946,7.076406206946558
1885.0,-1.0,14605.250406206946,14613.670999999998,8.42059379305283
1886.0,1.0,14613.671,14620.758315220304,7.087315220303935
1887.0,-1.0,14620.758315220304,14629.168,8.409684779695453
1888.0,1.0,14629.168,14636.2660459268,7.0980459268012055
1889.0,-1.0,14636.2660459268,14644.664999999999,8.398954073198183
1890.0,1.0,14644.664999999999,14651.773585004734,7.108585004734778
1891.0,-1.0,14651.773585004734,14660.161999999998,8.388414995264611
1892.0,1.0,14660.162,14667.28092049312,7.118920493119731
1893.0,-1.0,14667.28092049312,14675.659,8.378079506879658
1894.0,1.0,14675.659,14682.788041740396,7.129041740396133
1895.0,-1.0,14682.788041740396,14691.155999999999,8.367958259603256
1896.0,1.0,14691.155999999999,14698.29493934663,7.13893934663065
1897.0,-1.0,14698.29493934663,14706.652999999998,8.358060653368739
1898.0,1.0,14706.653,14713.801605111434,7.148605111433426
1899.0,-1.0,14713.801605111434,14722.15,8.348394888565963
1900.0,1.0,14722.15,14729.308031984823,7.158031984823538
1901.0,-1.0,14729.308031984823,14737.646999999999,8.338968015175851
1902.0,1.0,14737.646999999999,14744.814214010355,7.167214010356474
1903.0,-1.0,14744.814214010355,14753.143999999998,8.329785989642915
1904.0,1.0,14753.144,14760.320146281203,7.1761462812028185
1905.0,-1.0,14760.320146281203,14768.641,8.32085371879657
1906.0,1.0,14768.641,14775.82582488716,7.184824887161085
1907.0,-1.0,14775.82582488716,14784.137999999999,8.312175112838304
1908.0,1.0,14784.137999999999,14791.331246869702,7.193246869703216
1909.0,-1.0,14791.331246869702,14799.634999999998,8.303753130296172
1910.0,1.0,14799.635,14806.836410174714,7.201410174713601
1911.0,-1.0,14806.836410174714,14815.132,8.295589825285788
1912.0,1.0,14815.132,14822.341313607718,7.209313607718286
1913.0,-1.0,14822.341313607718,14830.628999999999,8.287686392281103
1914.0,1.0,14830.628999999999,14837.845956789572,7.216956789572578
1915.0,-1.0,14837.845956789572,14846.125999999998,8.280043210426811
1916.0,1.0,14846.126,14853.35034011278,7.224340112779828
1917.0,-1.0,14853.35034011278,14861.623,8.272659887219561
1918.0,1.0,14861.623,14868.85446470242,7.231464702419544
1919.0,-1.0,14868.85446470242,14877.119999999999,8.265535297579845
1920.0,1.0,14877.119999999999,14884.358332372354,7.238332372355217
1921.0,-1.0,14884.358332372354,14892.616999999998,8.258667627644172
1922.0,1.0,14892.617,14899.86194559098,7.244945590979114
1923.0,-1.0,14899.86194559098,14908.114,8.252054409020275
1924.0,1.0,14908.114,14915.365307438013,7.2513074380131
1925.0,-1.0,14915.365307438013,14923.610999999999,8.245692561986289
1926.0,1.0,14923.611,14930.868421569337,7.257421569336657
1927.0,-1.0,14930.868421569337,14939.108,8.239578430662732
1928.0,1.0,14939.108,14946.371292186044,7.263292186044055
1929.0,-1.0,14946.371292186044,14954.605,8.233707813955334
1930.0,1.0,14954.605,14961.873923993116,7.268923993116914
1931.0,-1.0,14961.873923993116,14970.101999999999,8.228076006882475
1932.0,1.0,14970.102,14977.376322171265,7.27432217126443
1933.0,-1.0,14977.376322171265,14985.599,8.222677828734959
1934.0,1.0,14985.599,14992.878492344791,7.279492344790924
1935.0,-1.0,14992.878492344791,15001.096,8.217507655208465
1936.0,1.0,15001.096,15008.380440547464,7.284440547464328
1937.0,-1.0,15008.380440547464,15016.592999999999,8.21255945253506
1938.0,1.0,15016.593,15023.882173195192,7.289173195191324
1939.0,-1.0,15023.882173195192,15032.09,8.207826804808064
1940.0,1.0,15032.09,15039.383697060961,7.293697060960767
1941.0,-1.0,15039.383697060961,15047.587,8.203302939038622
1942.0,1.0,15047.587,15054.885019243135,7.298019243135059
1943.0,-1.0,15054.885019243135,15063.083999999999,8.19898075686433
1944.0,1.0,15063.084,15070.386147137984,7.302147137983411
1945.0,-1.0,15070.386147137984,15078.581,8.194852862015978
1946.0,1.0,15078.581,15085.887088421785,7.306088421784807
1947.0,-1.0,15085.887088421785,15094.078,8.190911578214582
1948.0,1.0,15094.078,15101.38785102061,7.3098510206109495
1949.0,-1.0,15101.38785102061,15109.574999999999,8.18714897938844
1950.0,1.0,15109.575,15116.88844308898,7.313443088978602
1951.0,-1.0,15116.88844308898,15125.072,8.183556911020787
1952.0,1.0,15125.072,15132.388872989859,7.316872989858894
1953.0,-1.0,15132.388872989859,15140.569,8.180127010140495
1954.0,1.0,15140.569,15147.88914926954,7.320149269540707
1955.0,-1.0,15147.88914926954,15156.065999999999,8.176850730458682
1956.0,1.0,15156.066,15163.389280641306,7.323280641305246
1957.0,-1.0,15163.389280641306,15171.563,8.173719358694143
1958.0,1.0,15171.563,15178.88927596576,7.326275965759123
1959.0,-1.0,15178.88927596576,15187.06,8.170724034240266
1960.0,1.0,15187.06,15194.389144227502,7.329144227502184
1961.0,-1.0,15194.389144227502,15202.556999999999,8.167855772497205
1962.0,1.0,15202.557,15209.88889452329,7.33189452328952
1963.0,-1.0,15209.88889452329,15218.054,8.165105476709869
1964.0,1.0,15218.054,15225.388536040247,7.334536040247258
1965.0,-1.0,15225.388536040247,15233.551,8.162463959752131
1966.0,1.0,15233.551,15240.888078041904,7.337078041904533
1967.0,-1.0,15240.888078041904,15249.047999999999,8.159921958094856
1968.0,1.0,15249.048,15256.38752984892,7.339529848919483
1969.0,-1.0,15256.38752984892,15264.545,8.157470151079906
1970.0,1.0,15264.545,15271.886900823782,7.341900823781543
1971.0,-1.0,15271.886900823782,15280.042,8.155099176217846
1972.0,1.0,15280.042,15287.386200358173,7.3442003581731115
1973.0,-1.0,15287.386200358173,15295.538999999999,8.152799641826277
1974.0,1.0,15295.539,15302.885437852467,7.346437852465897
1975.0,-1.0,15302.885437852467,15311.036,8.150562147533492
1976.0,1.0,15311.036,15318.384622704114,7.34862270411395
1977.0,-1.0,15318.384622704114,15326.533,8.148377295885439
1978.0,1.0,15326.533,15333.883764289822,7.350764289822109
1979.0,-1.0,15333.883764289822,15342.029999999999,8.14623571017728
1980.0,1.0,15342.03,15349.382871952112,7.352871952110945
1981.0,-1.0,15349.382871952112,15357.527,8.144128047888444
1982.0,1.0,15357.527,15364.881954981987,7.354954981987248
1983.0,-1.0,15364.881954981987,15373.024,8.14204501801214
1984.0,1.0,15373.024,15380.381022604795,7.3570226047959295
1985.0,-1.0,15380.381022604795,15388.520999999999,8.13997739520346
1986.0,1.0,15388.521,15395.880083965447,7.359083965446189
1987.0,-1.0,15395.880083965447,15404.018,8.1379160345532
1988.0,1.0,15404.018,15411.379148105321,7.361148105321263
1989.0,-1.0,15411.379148105321,15419.515,8.135851894678126
1990.0,1.0,15419.515,15426.878223955297,7.363223955297144
1991.0,-1.0,15426.878223955297,15435.011999999999,8.133776044702245
1992.0,1.0,15435.012,15442.377320311856,7.365320311855612
1993.0,-1.0,15442.377320311856,15450.509,8.131679688143777
1994.0,1.0,15450.509,15457.876445821441,7.367445821440924
1995.0,-1.0,15457.876445821441,15466.006,8.129554178558465
1996.0,1.0,15466.006,15473.375608960963,7.3696089609638875
1997.0,-1.0,15473.375608960963,15481.502999999999,8.127391039035501
1998.0,1.0,15481.503,15488.874818021402,7.37181802140185
1999.0,-1.0,15488.874818021402,15497.0,8.125181978597539
2000.0,1.0,15497.0,15504.374081084186,7.3740810841864
2001.0,-1.0,15504.374081084186,15512.497,8.122918915812988
2002.0,1.0,15512.497,15519.873406004916,7.376406004916134
2003.0,-1.0,15519.873406004916,15527.993999999999,8.120593995083254
2004.0,1.0,15527.994,15535.372800387975,7.378800387974479
2005.0,-1.0,15535.372800387975,15543.491,8.11819961202491
2006.0,1.0,15543.491,15550.8722715692,7.38127156920018
2007.0,-1.0,15550.8722715692,15558.988,8.115728430799209
2008.0,1.0,15558.988,15566.371826586514,7.38382658651426
2009.0,-1.0,15566.371826586514,15574.484999999999,8.113173413485129
2010.0,1.0,15574.485,15581.871472164712,7.386472164711449
2011.0,-1.0,15581.871472164712,15589.982,8.11052783528794
2012.0,1.0,15589.982,15597.371214683584,7.389214683584214
2013.0,-1.0,15597.371214683584,15605.479,8.107785316415175
2014.0,1.0,15605.479,15612.871060154921,7.392060154921637
2015.0,-1.0,15612.871060154921,15620.975999999999,8.104939845077752
2016.0,1.0,15620.976,15628.371014200553,7.395014200552396
2017.0,-1.0,15628.371014200553,15636.473,8.101985799446993
2018.0,1.0,15636.473,15643.871082021054,7.398082021054506
2019.0,-1.0,15643.871082021054,15651.97,8.098917978944883
2020.0,1.0,15651.97,15659.371268367864,7.401268367864759
2021.0,-1.0,15659.371268367864,15667.466999999999,8.09573163213463
2022.0,1.0,15667.467,15674.8715775238,7.404577523799162
2023.0,-1.0,15674.8715775238,15682.964,8.092422476200227
2024.0,1.0,15682.964,15690.372013264103,7.4080132641029195
2025.0,-1.0,15690.372013264103,15698.461,8.08898673589647
2026.0,1.0,15698.461,15705.872578836612,7.411578836612534
2027.0,-1.0,15705.872578836612,15713.957999999999,8.085421163386854
2028.0,1.0,15713.958,15721.373276928805,7.415276928804815
2029.0,-1.0,15721.373276928805,15729.455,8.081723071194574
2030.0,1.0,15729.455,15736.874109640907,7.419109640906754
2031.0,-1.0,15736.874109640907,15744.952,8.077890359092635
2032.0,1.0,15744.952,15752.375078456893,7.423078456893563
2033.0,-1.0,15752.375078456893,15760.448999999999,8.073921543105826
2034.0,1.0,15760.449,15767.876184218372,7.427184218371622
2035.0,-1.0,15767.876184218372,15775.946,8.069815781627767
2036.0,1.0,15775.946,15783.37742709333,7.431427093330058
2037.0,-1.0,15783.37742709333,15791.443,8.065572906669331
2038.0,1.0,15791.443,15798.878806555556,7.435806555557065
2039.0,-1.0,15798.878806555556,15806.939999999999,8.061193444442324
2040.0,1.0,15806.94,15814.380321353052,7.440321353051331
2041.0,-1.0,15814.380321353052,15822.437,8.056678646948058
2042.0,1.0,15822.437,15829.881969485154,7.444969485153706
2043.0,-1.0,15829.881969485154,15837.934,8.052030514845683
2044.0,1.0,15837.934,15845.383748182348,7.44974818234914
2045.0,-1.0,15845.383748182348,15853.430999999999,8.047251817650249
2046.0,1.0,15853.431,15860.885653881569,7.454653881568447
2047.0,-1.0,15860.885653881569,15868.928,8.042346118430942
2048.0,1.0,15868.928,15876.38768220925,7.459682209249877
2049.0,-1.0,15876.38768220925,15884.425,8.037317790749512
2050.0,1.0,15884.425,15891.889827964544,7.464827964544384
2051.0,-1.0,15891.889827964544,15899.921999999999,8.032172035455005
2052.0,1.0,15899.922,15907.392085102378,7.4700851023771975
2053.0,-1.0,15907.392085102378,15915.419,8.026914897622191
2054.0,1.0,15915.419,15922.894446728045,7.475446728045426
2055.0,-1.0,15922.894446728045,15930.916,8.021553271953962
2056.0,1.0,15930.916,15938.396905083364,7.4809050833646324
2057.0,-1.0,15938.396905083364,15946.412999999999,8.016094916634756
2058.0,1.0,15946.413,15953.899451549589,7.48645154958831
2059.0,-1.0,15953.899451549589,15961.91,8.010548450411079
2060.0,1.0,15961.91,15969.40207664054,7.492076640539381
2061.0,-1.0,15969.40207664054,15977.407,8.004923359460008
2062.0,1.0,15977.407,15984.90477001327,7.4977700132712926
2063.0,-1.0,15984.90477001327,15992.903999999999,7.999229986728096
2064.0,1.0,15992.904,16000.40752047555,7.5035204755495215
2065.0,-1.0,16000.40752047555,16008.401,7.993479524449867
2066.0,1.0,16008.401,16015.910316000009,7.509316000008766
2067.0,-1.0,16015.910316000009,16023.898,7.987683999990622
2068.0,1.0,16023.898,16031.413143746066,7.515143746066315
2069.0,-1.0,16031.413143746066,16039.394999999999,7.981856253933074
2070.0,1.0,16039.395,16046.915990086616,7.520990086615711
2071.0,-1.0,16046.915990086616,16054.892,7.9760099133836775
2072.0,1.0,16054.892,16062.418840641292,7.526840641292438
2073.0,-1.0,16062.418840641292,16070.389,7.970159358706951
2074.0,1.0,16070.389,16077.921680314692,7.532680314692698
2075.0,-1.0,16077.921680314692,16085.885999999999,7.964319685306691
2076.0,1.0,16085.886,16093.424493343617,7.53849334361621
2077.0,-1.0,16093.424493343617,16101.383,7.958506656383179
2078.0,1.0,16101.383,16108.92726335464,7.5442633546408615
2079.0,-1.0,16108.92726335464,16116.88,7.952736645358527
2080.0,1.0,16116.88,16124.429973420696,7.549973420696915
2081.0,-1.0,16124.429973420696,16132.376999999999,7.947026579302474
2082.0,1.0,16132.377,16139.932606135051,7.555606135050766
2083.0,-1.0,16139.932606135051,16147.874,7.941393864948623
2084.0,1.0,16147.874,16155.435143688308,7.561143688308221
2085.0,-1.0,16155.435143688308,16163.371,7.935856311691168
2086.0,1.0,16163.371,16170.93756795292,7.566567952921105
2087.0,-1.0,16170.93756795292,16178.867999999999,7.930432047078284
2088.0,1.0,16178.868,16186.439860580856,7.571860580856082
2089.0,-1.0,16186.439860580856,16194.365,7.925139419143306
2090.0,1.0,16194.365,16201.942003102684,7.5770031026841025
2091.0,-1.0,16201.942003102684,16209.862,7.919996897315286
2092.0,1.0,16209.862,16217.44397704174,7.581977041740174
2093.0,-1.0,16217.44397704174,16225.358999999999,7.915022958259215
2094.0,1.0,16225.359,16232.945764033673,7.586764033672807
2095.0,-1.0,16232.945764033673,16240.856,7.9102359663265815
2096.0,1.0,16240.856,16248.447345949337,7.591345949336755
2097.0,-1.0,16248.447345949337,16256.353,7.905654050662633
2098.0,1.0,16256.353,16263.948705034198,7.595705034198545
2099.0,-1.0,16263.948705034198,16271.849999999999,7.901294965800844
2100.0,1.0,16271.85,16279.449824046676,7.599824046676076
2101.0,-1.0,16279.449824046676,16287.347,7.897175953323313
2102.0,1.0,16287.347,16294.950686406577,7.603686406577253
2103.0,-1.0,16294.950686406577,16302.844,7.8933135934221355
2104.0,1.0,16302.844,16310.451276347856,7.607276347856896
2105.0,-1.0,16310.451276347856,16318.340999999999,7.889723652142493
2106.0,1.0,16318.341,16325.951579076798,7.610579076797876
2107.0,-1.0,16325.951579076798,16333.838,7.886420923201513
2108.0,1.0,16333.838,16341.451580930496,7.613580930496028
2109.0,-1.0,16341.451580930496,16349.335,7.883419069503361
2110.0,1.0,16349.335,16356.951269542787,7.616269542788359
2111.0,-1.0,16356.951269542787,16364.831999999999,7.88073045721103
2112.0,1.0,16364.832,16372.450634005674,7.618634005673812
2113.0,-1.0,16372.450634005674,16380.329,7.878365994325577
2114.0,1.0,16380.329,16387.949665030843,7.620665030843156
2115.0,-1.0,16387.949665030843,16395.826,7.8763349691580515
2116.0,1.0,16395.826,16403.448355113298,7.62235511329709
2117.0,-1.0,16403.448355113298,16411.323,7.874644886702299
2118.0,1.0,16411.323,16418.946698679618,7.623698679617519
2119.0,-1.0,16418.946698679618,16426.82,7.87330132038187
2120.0,1.0,16426.82,16434.444692244815,7.624692244815378
2121.0,-1.0,16434.444692244815,16442.317,7.872307755184011
2122.0,1.0,16442.317,16449.94233454436,7.625334544361976
2123.0,-1.0,16449.94233454436,16457.814,7.871665455637412
2124.0,1.0,16457.814,16465.43962666786,7.62562666786107
2125.0,-1.0,16465.43962666786,16473.310999999998,7.871373332138319
2126.0,1.0,16473.311,16480.93657217268,7.625572172677494
2127.0,-1.0,16480.93657217268,16488.808,7.871427827321895
2128.0,1.0,16488.808,16496.43317718508,7.625177185080247
2129.0,-1.0,16496.43317718508,16504.305,7.871822814919142
2130.0,1.0,16504.305,16511.92945048272,7.624450482719112
2131.0,-1.0,16511.92945048272,16519.802,7.872549517280277
2132.0,1.0,16519.802,16527.42540355857,7.623403558569407
2133.0,-1.0,16527.42540355857,16535.299,7.8735964414299815
2134.0,1.0,16535.299,16542.921050663153,7.6220506631543685
2135.0,-1.0,16542.921050663153,16550.796,7.87494933684502
2136.0,1.0,16550.796,16558.416408823447,7.620408823448088
2137.0,-1.0,16558.416408823447,16566.292999999998,7.876591176551301
2138.0,1.0,16566.293,16573.91149783608,7.618497836079769
2139.0,-1.0,16573.91149783608,16581.79,7.87850216391962
2140.0,1.0,16581.79,16589.406340237936,7.616340237935219
2141.0,-1.0,16589.406340237936,16597.287,7.88065976206417
2142.0,1.0,16597.287,16604.90096124715,7.613961247148836
2143.0,-1.0,16604.90096124715,16612.784,7.8830387528505526
2144.0,1.0,16612.784,16620.39538867935,7.611388679350057
2145.0,-1.0,16620.39538867935,16628.281,7.885611320649332
2146.0,1.0,16628.281,16635.889652833495,7.608652833496308
2147.0,-1.0,16635.889652833495,16643.778,7.888347166503081
2148.0,1.0,16643.778,16651.383786356928,7.605786356929457
2149.0,-1.0,16651.383786356928,16659.274999999998,7.891213643069932
2150.0,1.0,16659.275,16666.877824078474,7.602824078472622
2151.0,-1.0,16666.877824078474,16674.772,7.894175921526767
2152.0,1.0,16674.772,16682.371802820693,7.599802820692275
2153.0,-1.0,16682.371802820693,16690.269,7.897197179307113
2154.0,1.0,16690.269,16697.865761193763,7.596761193763086
2155.0,-1.0,16697.865761193763,16705.766,7.9002388062363025
2156.0,1.0,16705.766,16713.35973935961,7.593739359610481
2157.0,-1.0,16713.35973935961,16721.263,7.903260640388908
2158.0,1.0,16721.263,16728.85377878521,7.590778785212024
2159.0,-1.0,16728.85377878521,16736.76,7.906221214787365
2160.0,1.0,16736.76,16744.347921987992,7.587921987993468
2161.0,-1.0,16744.347921987992,16752.256999999998,7.909078012005921
2162.0,1.0,16752.257,16759.84221225695,7.58521225694858
2163.0,-1.0,16759.84221225695,16767.754,7.911787743050809
2164.0,1.0,16767.754,16775.336693376892,7.582693376891257
2165.0,-1.0,16775.336693376892,16783.251,7.914306623108132
2166.0,1.0,16783.251,16790.831409348848,7.580409348847752
2167.0,-1.0,16790.831409348848,16798.748,7.916590651151637
2168.0,1.0,16798.748,16806.326404109546,7.578404109546682
2169.0,-1.0,16806.326404109546,16814.245,7.918595890452707
2170.0,1.0,16814.245,16821.82172125635,7.576721256351448
2171.0,-1.0,16821.82172125635,16829.742,7.920278743647941
2172.0,1.0,16829.742,16837.31740378548,7.5754037854821945
2173.0,-1.0,16837.31740378548,16845.238999999998,7.921596214517194
2174.0,1.0,16845.239,16852.813493836144,7.57449383614221
2175.0,-1.0,16852.813493836144,16860.736,7.922506163857179
2176.0,1.0,16860.736,16868.3100324604,7.574032460397575
2177.0,-1.0,16868.3100324604,16876.233,7.922967539601814
2178.0,1.0,16876.233,16883.807059400326,7.5740594003254955
2179.0,-1.0,16883.807059400326,16891.73,7.922940599673893
2180.0,1.0,16891.73,16899.304612899465,7.574612899465137
2181.0,-1.0,16899.304612899465,16907.227,7.922387100534252
2182.0,1.0,16907.227,16914.80272953032,7.57572953032286
2183.0,-1.0,16914.80272953032,16922.724,7.921270469676529
2184.0,1.0,16922.724,16930.301444045304,7.577444045306038
2185.0,-1.0,16930.301444045304,16938.220999999998,7.919555954693351
2186.0,1.0,16938.221,16945.80078926117,7.579789261169935
2187.0,-1.0,16945.80078926117,16953.718,7.9172107388294535
2188.0,1.0,16953.718,16961.30079595652,7.582795956517657
2189.0,-1.0,16961.30079595652,16969.215,7.914204043481732
2190.0,1.0,16969.215,16976.80149280442,7.586492804421141
2191.0,-1.0,16976.80149280442,16984.712,7.910507195578248
2192.0,1.0,16984.712,16992.302906318087,7.590906318087946
2193.0,-1.0,16992.302906318087,17000.209,7.906093681911443
2194.0,1.0,17000.209,17007.80506081742,7.596060817420948
2195.0,-1.0,17007.80506081742,17015.706,7.9009391825784405
2196.0,1.0,17015.706,17023.307978420293,7.601978420294472
2197.0,-1.0,17023.307978420293,17031.202999999998,7.895021579704917
2198.0,1.0,17031.203,17038.811679026774,7.608679026772734
2199.0,-1.0,17038.811679026774,17046.7,7.888320973226655
2200.0,1.0,17046.7,17054.316180330596,7.616180330594943
2201.0,-1.0,17054.316180330596,17062.197,7.8808196694044454
2202.0,1.0,17062.197,17069.821497821984,7.624497821983823
2203.0,-1.0,17069.821497821984,17077.694,7.872502178015566
2204.0,1.0,17077.694,17085.327644789424,7.633644789424579
2205.0,-1.0,17085.327644789424,17093.191,7.8633552105748095
2206.0,1.0,17093.191,17100.834632315622,7.643632315623108
2207.0,-1.0,17100.834632315622,17108.688,7.8533676843762805
2208.0,1.0,17108.688,17116.342469259438,7.654469259439793
2209.0,-1.0,17116.342469259438,17124.184999999998,7.842530740559596
2210.0,1.0,17124.185,17131.851162222814,7.666162222813
2211.0,-1.0,17131.851162222814,17139.682,7.830837777186389
2212.0,1.0,17139.682,17147.360715491894,7.6787154918929446
2213.0,-1.0,17147.360715491894,17155.179,7.818284508106444
2214.0,1.0,17155.179,17162.871130954045,7.692130954044842
2215.0,-1.0,17162.871130954045,17170.676,7.804869045954547
2216.0,1.0,17170.676,17178.382407990117,7.706407990117441
2217.0,-1.0,17178.382407990117,17186.173,7.790592009881948
2218.0,1.0,17186.173,17193.894543327777,7.721543327777908
2219.0,-1.0,17193.894543327777,17201.67,7.77545667222148
2220.0,1.0,17201.67,17209.40753086762,7.73753086762008
2221.0,-1.0,17209.40753086762,17217.166999999998,7.759469132379309
2222.0,1.0,17217.167,17224.921361477678,7.754361477676866
2223.0,-1.0,17224.921361477678,17232.664,7.7426385223225225
2224.0,1.0,17232.664,17240.43602275227,7.7720227522695495
2225.0,-1.0,17240.43602275227,17248.161,7.724977247729839
2226.0,1.0,17248.161,17255.951498746224,7.79049874622433
2227.0,-1.0,17255.951498746224,17263.658,7.706501253775059
2228.0,1.0,17263.658,17271.467769679843,7.809769679843157
2229.0,-1.0,17271.467769679843,17279.155,7.687230320156232
2230.0,1.0,17279.155,17286.98481162573,7.829811625731963
2231.0,-1.0,17286.98481162573,17294.652,7.667188374267425
2232.0,1.0,17294.652,17302.50259617967,7.850596179672721
2233.0,-1.0,17302.50259617967,17310.148999999998,7.646403820326668
2234.0,1.0,17310.149,17318.02109012868,7.872090128679702
2235.0,-1.0,17318.02109012868,17325.646,7.624909871319687
2236.0,1.0,17325.646,17333.54025511626,7.894255116258137
2237.0,-1.0,17333.54025511626,17341.143,7.602744883741252
2238.0,1.0,17341.143,17349.06004732716,7.917047327158798
2239.0,-1.0,17349.06004732716,17356.64,7.579952672840591
2240.0,1.0,17356.64,17364.580417189045,7.940417189045547
2241.0,-1.0,17364.580417189045,17372.137,7.5565828109538415
2242.0,1.0,17372.137,17380.10130911592,7.964309115919605
2243.0,-1.0,17380.10130911592,17387.634,7.532690884079784
2244.0,1.0,17387.634,17395.622661297944,7.988661297946237
2245.0,-1.0,17395.622661297944,17403.130999999998,7.508338702053152
2246.0,1.0,17403.131,17411.144405552433,8.013405552432232
2247.0,-1.0,17411.144405552433,17418.628,7.483594447567157
2248.0,1.0,17418.628,17426.66646725321,8.038467253209092
2249.0,-1.0,17426.66646725321,17434.125,7.458532746790297
2250.0,1.0,17434.125,17442.188765346218,8.063765346218133
2251.0,-1.0,17442.188765346218,17449.622,7.4332346537812555
2252.0,1.0,17449.622,17457.7112124648,8.089212464801676
2253.0,-1.0,17457.7112124648,17465.119,7.407787535197713
2254.0,1.0,17465.119,17473.233715164184,8.114715164185327
2255.0,-1.0,17473.233715164184,17480.615999999998,7.382284835814062
2256.0,1.0,17480.615999999998,17488.756174270013,8.14017427001454
2257.0,-1.0,17488.756174270013,17496.112999999998,7.356825729984848
2258.0,1.0,17496.113,17504.278485364666,8.165485364665074
2259.0,-1.0,17504.278485364666,17511.61,7.331514635334315
2260.0,1.0,17511.61,17519.800539408552,8.190539408551558
2261.0,-1.0,17519.800539408552,17527.107,7.306460591447831
2262.0,1.0,17527.107,17535.32222349996,8.215223499959393
2263.0,-1.0,17535.32222349996,17542.604,7.281776500039996
2264.0,1.0,17542.604,17550.843421781257,8.239421781257988
2265.0,-1.0,17550.843421781257,17558.101,7.257578218741401
2266.0,1.0,17558.101,17566.364016475833,8.263016475833865
2267.0,-1.0,17566.364016475833,17573.597999999998,7.233983524165524
2268.0,1.0,17573.597999999998,17581.883889059907,8.285889059909096
2269.0,-1.0,17581.883889059907,17589.094999999998,7.211110940090293
2270.0,1.0,17589.095,17597.40292155458,8.307921554580389
2271.0,-1.0,17597.40292155458,17604.592,7.189078445419
2272.0,1.0,17604.592,17612.92099791785,8.328997917848028
2273.0,-1.0,17612.92099791785,17620.089,7.168002082151361
2274.0,1.0,17620.089,17628.438005525633,8.349005525633402
2275.0,-1.0,17628.438005525633,17635.586,7.147994474365987
2276.0,1.0,17635.586,17643.953836715304,8.367836715304293
2277.0,-1.0,17643.953836715304,17651.083,7.129163284695096
2278.0,1.0,17651.083,17659.468390359263,8.38539035926442
2279.0,-1.0,17659.468390359263,17666.579999999998,7.111609640734969
2280.0,1.0,17666.579999999998,17674.981573448866,8.401573448867566
2281.0,-1.0,17674.981573448866,17682.076999999997,7.095426551131823
2282.0,1.0,17682.077,17690.493302646908,8.416302646906843
2283.0,-1.0,17690.493302646908,17697.574,7.080697353092546
2284.0,1.0,17697.574,17706.00350577328,8.429505773277924
2285.0,-1.0,17706.00350577328,17713.071,7.067494226721465
2286.0,1.0,17713.071,17721.51212320018,8.4411232001803
2287.0,-1.0,17721.51212320018,17728.568,7.055876799819089
2288.0,1.0,17728.568,17737.0191091006,8.45110910060248
2289.0,-1.0,17737.0191091006,17744.065,7.045890899396909
2290.0,1.0,17744.065,17752.524432531092,8.459432531093626
2291.0,-1.0,17752.524432531092,17759.561999999998,7.037567468905763
2292.0,1.0,17759.561999999998,17768.028078310734,8.466078310735611
2293.0,-1.0,17768.028078310734,17775.058999999997,7.030921689263778
2294.0,1.0,17775.059,17783.530047659176,8.471047659175383
2295.0,-1.0,17783.530047659176,17790.556,7.025952340824006
2296.0,1.0,17790.556,17799.030358589625,8.474358589624899
2297.0,-1.0,17799.030358589625,17806.053,7.02264141037449
2298.0,1.0,17806.053,17814.529046010342,8.476046010342543
2299.0,-1.0,17814.529046010342,17821.55,7.020953989656846
2300.0,1.0,17821.55,17830.026161543774,8.476161543774651
2301.0,-1.0,17830.026161543774,17837.047,7.0208384562247375
2302.0,1.0,17837.047,17845.521773057564,8.474773057565471
2303.0,-1.0,17845.521773057564,17852.543999999998,7.022226942433917
2304.0,1.0,17852.544,17861.015963899063,8.471963899060938
2305.0,-1.0,17861.015963899063,17868.041,7.0250361009384505
2306.0,1.0,17868.041,17876.50883185912,8.467831859117723
2307.0,-1.0,17876.50883185912,17883.538,7.029168140881666
2308.0,1.0,17883.538,17892.00048788064,8.462487880638946
2309.0,-1.0,17892.00048788064,17899.035,7.034512119360443
2310.0,1.0,17899.035,17907.491054537324,8.456054537324235
2311.0,-1.0,17907.491054537324,17914.532,7.040945462675154
2312.0,1.0,17914.532,17922.980664331684,8.448664331684995
2313.0,-1.0,17922.980664331684,17930.029,7.048335668314394
2314.0,1.0,17930.029,17938.469457828938,8.440457828939543
2315.0,-1.0,17938.469457828938,17945.525999999998,7.056542171059846
2316.0,1.0,17945.526,17953.957581700983,8.431581700981042
2317.0,-1.0,17953.957581700983,17961.023,7.065418299018347
2318.0,1.0,17961.023,17969.445186697638,8.42218669763679
2319.0,-1.0,17969.445186697638,17976.52,7.0748133023626
2320.0,1.0,17976.52,17984.93242562131,8.412425621310831
2321.0,-1.0,17984.93242562131,17992.017,7.084574378688558
2322.0,1.0,17992.017,18000.4194513334,8.402451333400677
2323.0,-1.0,18000.4194513334,18007.514,7.094548666598712
2324.0,1.0,18007.514,18015.90641483655,8.392414836551325
2325.0,-1.0,18015.90641483655,18023.011,7.104585163448064
2326.0,1.0,18023.011,18031.39346348379,8.38246348379107
2327.0,-1.0,18031.39346348379,18038.507999999998,7.114536516208318
2328.0,1.0,18038.508,18046.880739340715,8.372739340713451
2329.0,-1.0,18046.880739340715,18054.005,7.124260659285937
2330.0,1.0,18054.005,18062.36837772418,8.363377724177553
2331.0,-1.0,18062.36837772418,18069.502,7.1336222758218355
2332.0,1.0,18069.502,18077.856505948886,8.354505948886072
2333.0,-1.0,18077.856505948886,18084.999,7.142494051113317
2334.0,1.0,18084.999,18093.345242282,8.346242282001185
2335.0,-1.0,18093.345242282,18100.496,7.150757717998204
2336.0,1.0,18100.496,18108.83469512499,8.338695124992228
2337.0,-1.0,18108.83469512499,18115.993,7.158304875007161
2338.0,1.0,18115.993,18124.324962407998,8.331962407999526
2339.0,-1.0,18124.324962407998,18131.489999999998,7.165037591999862
2340.0,1.0,18131.49,18139.816131199575,8.326131199573865
2341.0,-1.0,18139.816131199575,18146.987,7.170868800425524
2342.0,1.0,18146.987,18155.30827751732,8.321277517319686
2343.0,-1.0,18155.30827751732,18162.484,7.175722482679703
2344.0,1.0,18162.484,18170.80146631408,8.317466314078047
2345.0,-1.0,18170.80146631408,18177.981,7.179533685921342
2346.0,1.0,18177.981,18186.29575163428,8.314751634279673
2347.0,-1.0,18186.29575163428,18193.478,7.182248365719715
2348.0,1.0,18193.478,18201.791176905655,8.313176905656292
2349.0,-1.0,18201.791176905655,18208.975,7.183823094343097
2350.0,1.0,18208.975,18217.28777535186,8.312775351860182
2351.0,-1.0,18217.28777535186,18224.471999999998,7.184224648139207
2352.0,1.0,18224.472,18232.785570494823,8.31357049482176
2353.0,-1.0,18232.785570494823,18239.969,7.183429505177628
2354.0,1.0,18239.969,18248.284576734346,8.315576734345086
2355.0,-1.0,18248.284576734346,18255.466,7.181423265654303
2356.0,1.0,18255.466,18263.78479997341,8.318799973410933
2357.0,-1.0,18263.78479997341,18270.963,7.178200026588456
2358.0,1.0,18270.963,18279.286238277804,8.323238277804194
2359.0,-1.0,18279.286238277804,18286.46,7.173761722195195
2360.0,1.0,18286.46,18294.788882549015,8.32888254901627
2361.0,-1.0,18294.788882549015,18301.957,7.168117450983118
2362.0,1.0,18301.957,18310.29271719558,8.335717195583129
2363.0,-1.0,18310.29271719558,18317.453999999998,7.16128280441626
2364.0,1.0,18317.454,18325.797720791637,8.34372079163586
2365.0,-1.0,18325.797720791637,18332.951,7.153279208363529
2366.0,1.0,18332.951,18341.303866713937,8.352866713936237
2367.0,-1.0,18341.303866713937,18348.448,7.144133286063152
2368.0,1.0,18348.448,18356.811123741743,8.363123741743038
2369.0,-1.0,18356.811123741743,18363.945,7.13387625825635
2370.0,1.0,18363.945,18372.31945662567,8.374456625671883
2371.0,-1.0,18372.31945662567,18379.442,7.122543374327506
2372.0,1.0,18379.442,18387.828826612313,8.386826612313598
2373.0,-1.0,18387.828826612313,18394.939,7.110173387685791
2374.0,1.0,18394.939,18403.339191921157,8.400191921158694
2375.0,-1.0,18403.339191921157,18410.435999999998,7.096808078840695
2376.0,1.0,18410.436,18418.85050818398,8.414508183977887
2377.0,-1.0,18418.85050818398,18425.933,7.082491816021502
2378.0,1.0,18425.933,18434.362728834258,8.42972883425682
2379.0,-1.0,18434.362728834258,18441.43,7.067271165742568
2380.0,1.0,18441.43,18449.875805450265,8.445805450264743
2381.0,-1.0,18449.875805450265,18456.927,7.051194549734646
2382.0,1.0,18456.927,18465.389688069543,8.46268806954322
2383.0,-1.0,18465.389688069543,18472.424,7.03431193045617
2384.0,1.0,18472.424,18480.90432545079,8.480325450789678
2385.0,-1.0,18480.90432545079,18487.921,7.016674549209711
2386.0,1.0,18487.921,18496.419665314137,8.498665314138634
2387.0,-1.0,18496.419665314137,18503.417999999998,6.998334685860755
2388.0,1.0,18503.418,18511.935654543686,8.51765454368433
2389.0,-1.0,18511.935654543686,18518.915,6.979345456315059
2390.0,1.0,18518.915,18527.452239371567,8.537239371566102
2391.0,-1.0,18527.452239371567,18534.412,6.959760628433287
2392.0,1.0,18534.412,18542.96936553919,8.55736553918905
2393.0,-1.0,18542.96936553919,18549.909,6.939634460810339
2394.0,1.0,18549.909,18558.486978442033,8.577978442033782
2395.0,-1.0,18558.486978442033,18565.406,6.919021557965607
2396.0,1.0,18565.406,18574.005023268885,8.599023268885503
2397.0,-1.0,18574.005023268885,18580.903,6.897976731113886
2398.0,1.0,18580.903,18589.523445132047,8.62044513204819
2399.0,-1.0,18589.523445132047,18596.399999999998,6.876554867951199
2400.0,1.0,18596.4,18605.042189197324,8.642189197322296
2401.0,-1.0,18605.042189197324,18611.897,6.854810802677093
2402.0,1.0,18611.897,18620.561200814373,8.664200814371725
2403.0,-1.0,18620.561200814373,18627.394,6.832799185627664
2404.0,1.0,18627.394,18636.080425652788,8.686425652787875
2405.0,-1.0,18636.080425652788,18642.891,6.810574347211514
2406.0,1.0,18642.891,18651.59980984499,8.708809844989446
2407.0,-1.0,18651.59980984499,18658.388,6.788190155009943
2408.0,1.0,18658.388,18667.119300134687,8.731300134688354
2409.0,-1.0,18667.119300134687,18673.885,6.765699865311035
2410.0,1.0,18673.885,18682.63884403719,8.753844037189992
2411.0,-1.0,18682.63884403719,18689.381999999998,6.743155962809396
2412.0,1.0,18689.382,18698.158390002016,8.776390002014523
2413.0,-1.0,18698.158390002016,18704.879,6.720609997984866
2414.0,1.0,18704.879,18713.677887587768,8.79888758776724
2415.0,-1.0,18713.677887587768,18720.376,6.698112412232149
2416.0,1.0,18720.376,18729.197287635707,8.82128763570654
2417.0,-1.0,18729.197287635707,18735.873,6.675712364292849
2418.0,1.0,18735.873,18744.71654245259,8.843542452588736
2419.0,-1.0,18744.71654245259,18751.37,6.653457547410653
2420.0,1.0,18751.37,18760.235605984606,8.8656059846071
2421.0,-1.0,18760.235605984606,18766.867,6.631394015392289
2422.0,1.0,18766.867,18775.754433996284,8.887433996285836
2423.0,-1.0,18775.754433996284,18782.363999999998,6.609566003713553
2424.0,1.0,18782.364,18791.272984235966,8.908984235964454
2425.0,-1.0,18791.272984235966,18797.861,6.588015764034935
2426.0,1.0,18797.861,18806.791216595437,8.930216595435922
2427.0,-1.0,18806.791216595437,18813.358,6.566783404563466
2428.0,1.0,18813.358,18822.309093255648,8.95109325564772
2429.0,-1.0,18822.309093255648,18828.855,6.545906744351669
2430.0,1.0,18828.855,18837.82657881709,8.97157881709063
2431.0,-1.0,18837.82657881709,18844.352,6.525421182908758
2432.0,1.0,18844.352,18853.3436404111,8.991640411102708
2433.0,-1.0,18853.3436404111,18859.849,6.505359588896681
2434.0,1.0,18859.849,18868.860247793138,9.011247793139773
2435.0,-1.0,18868.860247793138,18875.345999999998,6.485752206859615
2436.0,1.0,18875.346,18884.376373414987,9.030373414985661
2437.0,-1.0,18884.376373414987,18890.843,6.466626585013728
2438.0,1.0,18890.843,18899.89199247494,9.048992474938132
2439.0,-1.0,18899.89199247494,18906.34,6.448007525061257
2440.0,1.0,18906.34,18915.407082942158,9.067082942157867
2441.0,-1.0,18915.407082942158,18921.837,6.4299170578415215
2442.0,1.0,18921.837,18930.921625566592,9.084625566592877
2443.0,-1.0,18930.921625566592,18937.334,6.412374433406512
2444.0,1.0,18937.334,18946.43560386087,9.101603860872274
2445.0,-1.0,18946.43560386087,18952.831,6.395396139127115
2446.0,1.0,18952.831,18961.94900406564,9.11800406563998
2447.0,-1.0,18961.94900406564,18968.327999999998,6.378995934359409
2448.0,1.0,18968.328,18977.46181509476,9.133815094759484
2449.0,-1.0,18977.46181509476,18983.825,6.363184905239905
2450.0,1.0,18983.825,18992.974028464858,9.14902846485711
2451.0,-1.0,18992.974028464858,18999.322,6.347971535142278
2452.0,1.0,18999.322,19008.485638212158,9.16363821215782
2453.0,-1.0,19008.485638212158,19014.819,6.333361787841568
2454.0,1.0,19014.819,19023.996640790094,9.177640790094301
2455.0,-1.0,19023.996640790094,19030.316,6.3193592099050875
2456.0,1.0,19030.316,19039.50703496374,9.191034963740094
2457.0,-1.0,19039.50703496374,19045.813,6.305965036259295
2458.0,1.0,19045.813,19055.01682169626,9.203821696261002
2459.0,-1.0,19055.01682169626,19061.309999999998,6.293178303738387
2460.0,1.0,19061.31,19070.526004021478,9.216004021476692
2461.0,-1.0,19070.526004021478,19076.807,6.2809959785226965
2462.0,1.0,19076.807,19086.034586923874,9.227586923872877
2463.0,-1.0,19086.034586923874,19092.304,6.269413076126511
2464.0,1.0,19092.304,19101.54257720689,9.238577206888294
2465.0,-1.0,19101.54257720689,19107.801,6.2584227931110945
2466.0,1.0,19107.801,19117.049983368623,9.248983368623158
2467.0,-1.0,19117.049983368623,19123.298,6.248016631376231
2468.0,1.0,19123.298,19132.556815472628,9.258815472629067
2469.0,-1.0,19132.556815472628,19138.795,6.238184527370322
2470.0,1.0,19138.795,19148.063085024696,9.268085024697939
2471.0,-1.0,19148.063085024696,19154.291999999998,6.22891497530145
2472.0,1.0,19154.292,19163.568804853174,9.276804853172507
2473.0,-1.0,19163.568804853174,19169.789,6.220195146826882
2474.0,1.0,19169.789,19179.073988990087,9.284988990086276
2475.0,-1.0,19179.073988990087,19185.286,6.2120110099131125
2476.0,1.0,19185.286,19194.578652558772,9.292652558771806
2477.0,-1.0,19194.578652558772,19200.783,6.204347441227583
2478.0,1.0,19200.783,19210.082811667602,9.299811667602626
2479.0,-1.0,19210.082811667602,19216.28,6.197188332396763
2480.0,1.0,19216.28,19225.58648330323,9.30648330322947
2481.0,-1.0,19225.58648330323,19231.777,6.190516696769919
2482.0,1.0,19231.777,19241.08968523392,9.31268523392282
2483.0,-1.0,19241.08968523392,19247.273999999998,6.184314766076568
2484.0,1.0,19247.274,19256.592435916402,9.318435916400631
2485.0,-1.0,19256.592435916402,19262.771,6.178564083598758
2486.0,1.0,19262.771,19272.09475439974,9.323754399738391
2487.0,-1.0,19272.09475439974,19278.268,6.173245600260998
2488.0,1.0,19278.268,19287.596660243238,9.328660243238119
2489.0,-1.0,19287.596660243238,19293.765,6.16833975676127
2490.0,1.0,19293.765,19303.098173430186,9.333173430186434
2491.0,-1.0,19303.098173430186,19309.262,6.163826569812954
2492.0,1.0,19309.262,19318.599314286937,9.337314286938636
2493.0,-1.0,19318.599314286937,19324.759,6.159685713060753
2494.0,1.0,19324.759,19334.10010340506,9.341103405062313
2495.0,-1.0,19334.10010340506,19340.255999999998,6.155896594937076
2496.0,1.0,19340.256,19349.600561563835,9.34456156383385
2497.0,-1.0,19349.600561563835,19355.753,6.152438436165539
2498.0,1.0,19355.753,19365.10070965579,9.347709655790823
2499.0,-1.0,19365.10070965579,19371.25,6.149290344208566
2500.0,1.0,19371.25,19380.60056861656,9.35056861655903
2501.0,-1.0,19380.60056861656,19386.747,6.146431383440358
2502.0,1.0,19386.747,19396.1001593512,9.353159351201612
2503.0,-1.0,19396.1001593512,19402.244,6.143840648797777
2504.0,1.0,19402.244,19411.599502667697,9.355502667698602
2505.0,-1.0,19411.599502667697,19417.740999999998,6.141497332300787
2506.0,1.0,19417.740999999998,19427.098619208657,9.357619208658434
2507.0,-1.0,19427.098619208657,19433.237999999998,6.139380791340955
2508.0,1.0,19433.238,19442.597529390994,9.359529390992975
2509.0,-1.0,19442.597529390994,19448.735,6.137470609006414
2510.0,1.0,19448.735,19458.096253338823,9.36125333882228
2511.0,-1.0,19458.096253338823,19464.232,6.135746661177109
2512.0,1.0,19464.232,19473.59481082872,9.362810828719375
2513.0,-1.0,19473.59481082872,19479.729,6.134189171280013
2514.0,1.0,19479.729,19489.0932212313,9.36422123129887
2515.0,-1.0,19489.0932212313,19495.226,6.132778768700518
2516.0,1.0,19495.226,19504.591503461248,9.365503461249318
2517.0,-1.0,19504.591503461248,19510.722999999998,6.131496538750071
2518.0,1.0,19510.722999999998,19520.08967592752,9.36667592752201
2519.0,-1.0,19520.08967592752,19526.219999999998,6.130324072477379
2520.0,1.0,19526.22,19535.587756487475,9.367756487474253
2521.0,-1.0,19535.587756487475,19541.717,6.129243512525136
2522.0,1.0,19541.717,19551.085762409057,9.368762409056217
2523.0,-1.0,19551.085762409057,19557.214,6.128237590943172
2524.0,1.0,19557.214,19566.58371033029,9.369710330291127
2525.0,-1.0,19566.58371033029,19572.711,6.1272896697082615
2526.0,1.0,19572.711,19582.081616230636,9.370616230637097
2527.0,-1.0,19582.081616230636,19588.208,6.126383769362292
2528.0,1.0,19588.208,19597.57949539996,9.371495399962441
2529.0,-1.0,19597.57949539996,19603.704999999998,6.1255046000369475
2530.0,1.0,19603.704999999998,19613.077362415686,9.372362415688258
2531.0,-1.0,19613.077362415686,19619.201999999997,6.124637584311131
2532.0,1.0,19619.202,19628.575231122973,9.373231122972356
2533.0,-1.0,19628.575231122973,19634.699,6.123768877027032
2534.0,1.0,19634.699,19644.0731146151,9.374114615100552
2535.0,-1.0,19644.0731146151,19650.196,6.1228853848988365
2536.0,1.0,19650.196,19659.57102522237,9.375025222369004
2537.0,-1.0,19659.57102522237,19665.693,6.121974777630385
2538.0,1.0,19665.693,19675.068974500853,9.375974500853772
2539.0,-1.0,19675.068974500853,19681.19,6.121025499145617
2540.0,1.0,19681.19,19690.56697322153,9.376973221529624
2541.0,-1.0,19690.56697322153,19696.686999999998,6.120026778469764
2542.0,1.0,19696.686999999998,19706.06503136828,9.3780313682837
2543.0,-1.0,19706.06503136828,19712.183999999997,6.118968631715688
2544.0,1.0,19712.184,19721.563158131517,9.379158131516306
2545.0,-1.0,19721.563158131517,19727.681,6.117841868483083
2546.0,1.0,19727.681,19737.06136190577,9.38036190576895
2547.0,-1.0,19737.06136190577,19743.178,6.116638094230439
2548.0,1.0,19743.178,19752.559650290943,9.381650290943071
2549.0,-1.0,19752.559650290943,19758.675,6.115349709056318
2550.0,1.0,19758.675,19768.05803008946,9.383030089462409
2551.0,-1.0,19768.05803008946,19774.172,6.11396991053698
2552.0,1.0,19774.172,19783.556507312842,9.384507312843198
2553.0,-1.0,19783.556507312842,19789.668999999998,6.112492687156191
2554.0,1.0,19789.668999999998,19799.055087182176,9.386087182178017
2555.0,-1.0,19799.055087182176,19805.165999999997,6.110912817821372
2556.0,1.0,19805.166,19814.553774134012,9.387774134011124
2557.0,-1.0,19814.553774134012,19820.663,6.109225865988265
2558.0,1.0,19820.663,19830.052571829103,9.389571829102351
2559.0,-1.0,19830.052571829103,19836.16,6.1074281708970375
2560.0,1.0,19836.16,19845.551483161056,9.391483161056385
2561.0,-1.0,19845.551483161056,19851.657,6.105516838943004
2562.0,1.0,19851.657,19861.05051026955,9.393510269550461
2563.0,-1.0,19861.05051026955,19867.154,6.103489730448928
2564.0,1.0,19867.154,19876.549654556602,9.395654556603404
2565.0,-1.0,19876.549654556602,19882.650999999998,6.101345443395985
2566.0,1.0,19882.651,19892.048916707008,9.397916707006516
2567.0,-1.0,19892.048916707008,19898.148,6.099083292992873
2568.0,1.0,19898.148,19907.548296713914,9.400296713913121
2569.0,-1.0,19907.548296713914,19913.645,6.096703286086267
2570.0,1.0,19913.645,19923.04779391037,9.402793910368928
2571.0,-1.0,19923.04779391037,19929.142,6.094206089630461
2572.0,1.0,19929.142,19938.54740700656,9.40540700656129
2573.0,-1.0,19938.54740700656,19944.639,6.091592993438098
2574.0,1.0,19944.639,19954.047134134365,9.408134134366264
2575.0,-1.0,19954.047134134365,19960.136,6.0888658656331245
2576.0,1.0,19960.136,19969.546972901364,9.410972901365312
2577.0,-1.0,19969.546972901364,19975.632999999998,6.0860270986340765
2578.0,1.0,19975.633,19985.046920448283,9.413920448281715
2579.0,-1.0,19985.046920448283,19991.13,6.083079551717674
2580.0,1.0,19991.13,20000.546973520137,9.416973520135798
2581.0,-1.0,20000.546973520137,20006.627,6.080026479863591
2582.0,1.0,20006.627,20016.04712853765,9.42012853765118
2583.0,-1.0,20016.04712853765,20022.124,6.076871462348208
2584.0,1.0,20022.124,20031.547381684628,9.423381684628112
2585.0,-1.0,20031.547381684628,20037.621,6.073618315371277
2586.0,1.0,20037.621,20047.047728991754,9.426728991755226
2587.0,-1.0,20047.047728991754,20053.118,6.070271008244163
2588.0,1.0,20053.118,20062.54816642713,9.430166427129734
2589.0,-1.0,20062.54816642713,20068.614999999998,6.066833572869655
2590.0,1.0,20068.615,20078.04868999251,9.433689992507425
2591.0,-1.0,20078.04868999251,20084.112,6.063310007491964
2592.0,1.0,20084.112,20093.549295810957,9.43729581095613
2593.0,-1.0,20093.549295810957,20099.609,6.059704189043259
2594.0,1.0,20099.609,20109.049980214088,9.440980214087176
2595.0,-1.0,20109.049980214088,20115.106,6.056019785912213
2596.0,1.0,20115.106,20124.550739819864,9.44473981986448
2597.0,-1.0,20124.550739819864,20130.603,6.052260180134908
2598.0,1.0,20130.603,20140.051571596454,9.448571596454713
2599.0,-1.0,20140.051571596454,20146.1,6.048428403544676
2600.0,1.0,20146.1,20155.552472913878,9.452472913879319
2601.0,-1.0,20155.552472913878,20161.596999999998,6.04452708612007
2602.0,1.0,20161.597,20171.053441572716,9.456441572714539
2603.0,-1.0,20171.053441572716,20177.094,6.04055842728485
2604.0,1.0,20177.094,20186.554475810153,9.460475810152275
2605.0,-1.0,20186.554475810153,20192.591,6.036524189847114
2606.0,1.0,20192.591,20202.055574278405,9.464574278405053
2607.0,-1.0,20202.055574278405,20208.088,6.032425721594336
2608.0,1.0,20208.088,20217.55673600689,9.46873600688923
2609.0,-1.0,20217.55673600689,20223.585,6.0282639931101585
2610.0,1.0,20223.585,20233.057960312904,9.472960312905343
2611.0,-1.0,20233.057960312904,20239.082,6.024039687094046
2612.0,1.0,20239.082,20248.559246710567,9.47724671056858
2613.0,-1.0,20248.559246710567,20254.578999999998,6.01975328943081
2614.0,1.0,20254.579,20264.060594776336,9.481594776334532
2615.0,-1.0,20264.060594776336,20270.076,6.015405223664857
2616.0,1.0,20270.076,20279.562003995045,9.486003995043575
2617.0,-1.0,20279.562003995045,20285.573,6.010996004955814
2618.0,1.0,20285.573,20295.06347358372,9.490473583718995
2619.0,-1.0,20295.06347358372,20301.07,6.006526416280394
2620.0,1.0,20301.07,20310.565002301126,9.495002301126078
2621.0,-1.0,20310.565002301126,20316.567,6.001997698873311
2622.0,1.0,20316.567,20326.06658826389,9.499588263890473
2623.0,-1.0,20326.06658826389,20332.064,5.997411736108916
2624.0,1.0,20332.064,20341.568228724176,9.504228724177665
2625.0,-1.0,20341.568228724176,20347.560999999998,5.992771275821724
2626.0,1.0,20347.561,20357.069919898695,9.50891989869342
2627.0,-1.0,20357.069919898695,20363.058,5.988080101305968
2628.0,1.0,20363.058,20372.571656790595,9.513656790593814
2629.0,-1.0,20372.571656790595,20378.555,5.983343209405575
2630.0,1.0,20378.555,20388.073433007557,9.518433007557178
2631.0,-1.0,20388.073433007557,20394.052,5.978566992442211
2632.0,1.0,20394.052,20403.575240681334,9.523240681333846
2633.0,-1.0,20403.575240681334,20409.549,5.973759318665543
2634.0,1.0,20409.549,20419.077070334293,9.52807033429417
2635.0,-1.0,20419.077070334293,20425.046,5.968929665705218
2636.0,1.0,20425.046,20434.57891087233,9.532910872330831
2637.0,-1.0,20434.57891087233,20440.542999999998,5.964089127668558
2638.0,1.0,20440.543,20450.080749559893,9.537749559891381
2639.0,-1.0,20450.080749559893,20456.04,5.959250440108008
2640.0,1.0,20456.04,20465.582572099345,9.542572099344397
2641.0,-1.0,20465.582572099345,20471.537,5.954427900654991
2642.0,1.0,20471.537,20481.084362713704,9.547362713703478
2643.0,-1.0,20481.084362713704,20487.034,5.949637286295911
2644.0,1.0,20487.034,20496.5861043425,9.55210434249966
2645.0,-1.0,20496.5861043425,20502.531,5.944895657499728
2646.0,1.0,20502.531,20512.087778788304,9.556778788304655
2647.0,-1.0,20512.087778788304,20518.028,5.940221211694734
2648.0,1.0,20518.028,20527.58936704265,9.56136704265009
2649.0,-1.0,20527.58936704265,20533.524999999998,5.9356329573492985
2650.0,1.0,20533.525,20543.090849527493,9.565849527491082
2651.0,-1.0,20543.090849527493,20549.022,5.931150472508307
2652.0,1.0,20549.022,20558.5922064467,9.570206446700467
2653.0,-1.0,20558.5922064467,20564.519,5.926793553298921
2654.0,1.0,20564.519,20574.093418116903,9.574418116902962
2655.0,-1.0,20574.093418116903,20580.016,5.922581883096427
2656.0,1.0,20580.016,20589.594465342077,9.578465342077834
2657.0,-1.0,20589.594465342077,20595.513,5.918534657921555
2658.0,1.0,20595.513,20605.09532976499,9.5823297649913
2659.0,-1.0,20605.09532976499,20611.01,5.914670235008089
2660.0,1.0,20611.01,20620.59599422633,9.585994226330513
2661.0,-1.0,20620.59599422633,20626.506999999998,5.911005773668876
2662.0,1.0,20626.507,20636.096443115694,9.58944311569212
2663.0,-1.0,20636.096443115694,20642.004,5.907556884307269
2664.0,1.0,20642.004,20651.596662662752,9.592662662751536
2665.0,-1.0,20651.596662662752,20657.501,5.904337337247853
2666.0,1.0,20657.501,20667.09664123428,9.595641234278446
2667.0,-1.0,20667.09664123428,20672.998,5.901358765720943
2668.0,1.0,20672.998,20682.596369553663,9.59836955366336
2669.0,-1.0,20682.596369553663,20688.495,5.898630446336028
2670.0,1.0,20688.495,20698.095840912894,9.600840912895364
2671.0,-1.0,20698.095840912894,20703.992,5.896159087104024
2672.0,1.0,20703.992,20713.595051252734,9.603051252735895
2673.0,-1.0,20713.595051252734,20719.488999999998,5.893948747263494
2674.0,1.0,20719.489,20729.09399929952,9.604999299517658
2675.0,-1.0,20729.09399929952,20734.986,5.892000700481731
2676.0,1.0,20734.986,20744.59268656717,9.606686567170982
2677.0,-1.0,20744.59268656717,20750.483,5.890313432828407
2678.0,1.0,20750.483,20760.091117316908,9.608117316907737
2679.0,-1.0,20760.091117316908,20765.98,5.888882683091651
2680.0,1.0,20765.98,20775.589298467345,9.60929846734507
2681.0,-1.0,20775.589298467345,20781.477,5.887701532654319
2682.0,1.0,20781.477,20791.087239476263,9.610239476263814
2683.0,-1.0,20791.087239476263,20796.974,5.886760523735575
2684.0,1.0,20796.974,20806.584952132565,9.610952132567036
2685.0,-1.0,20806.584952132565,20812.470999999998,5.886047867432353
2686.0,1.0,20812.471,20822.08245032495,9.611450324948237
2687.0,-1.0,20822.08245032495,20827.968,5.885549675051152
2688.0,1.0,20827.968,20837.579749796805,9.61174979680436
2689.0,-1.0,20837.579749796805,20843.465,5.885250203195028
2690.0,1.0,20843.465,20853.076867800548,9.61186780054777
2691.0,-1.0,20853.076867800548,20858.962,5.885132199451618
2692.0,1.0,20858.962,20868.573822856124,9.61182285612449
2693.0,-1.0,20868.573822856124,20874.459,5.885177143874898
2694.0,1.0,20874.459,20884.070634324904,9.611634324905026
2695.0,-1.0,20884.070634324904,20889.956,5.885365675094363
2696.0,1.0,20889.956,20899.567322145638,9.61132214563986
2697.0,-1.0,20899.567322145638,20905.452999999998,5.885677854359528
2698.0,1.0,20905.453,20915.06390642097,9.610906420970423
2699.0,-1.0,20915.06390642097,20920.95,5.886093579028966
2700.0,1.0,20920.95,20930.560407157616,9.610407157615555
2701.0,-1.0,20930.560407157616,20936.447,5.886592842383834
2702.0,1.0,20936.447,20946.056843886756,9.609843886755698
2703.0,-1.0,20946.056843886756,20951.944,5.887156113243691
2704.0,1.0,20951.944,20961.553235406012,9.609235406012886
2705.0,-1.0,20961.553235406012,20967.441,5.887764593986503
2706.0,1.0,20967.441,20977.04959950636,9.608599506362225
2707.0,-1.0,20977.04959950636,20982.938,5.888400493637164
2708.0,1.0,20982.938,20992.545952728124,9.607952728125383
2709.0,-1.0,20992.545952728124,20998.434999999998,5.889047271874006
2710.0,1.0,20998.435,21008.04231015642,9.607310156417952
2711.0,-1.0,21008.04231015642,21013.932,5.889689843581436
2712.0,1.0,21013.932,21023.538685296695,9.606685296694195
2713.0,-1.0,21023.538685296695,21029.429,5.890314703305194
2714.0,1.0,21029.429,21039.03508986636,9.60608986635998
2715.0,-1.0,21039.03508986636,21044.926,5.890910133639409
2716.0,1.0,21044.926,21054.53153377599,9.605533775989898
2717.0,-1.0,21054.53153377599,21060.423,5.891466224009491
2718.0,1.0,21060.423,21070.02802501077,9.605025010772806
2719.0,-1.0,21070.02802501077,21075.92,5.891974989226583
2720.0,1.0,21075.92,21085.524569630787,9.604569630788319
2721.0,-1.0,21085.524569630787,21091.416999999998,5.89243036921107
2722.0,1.0,21091.417,21101.021171720316,9.604171720315207
2723.0,-1.0,21101.021171720316,21106.914,5.892828279684181
2724.0,1.0,21106.914,21116.517833423586,9.603833423585456
2725.0,-1.0,21116.517833423586,21122.411,5.8931665764139325
2726.0,1.0,21122.411,21132.01455496099,9.60355496099146
2727.0,-1.0,21132.01455496099,21137.908,5.893445039007929
2728.0,1.0,21137.908,21147.511334644965,9.603334644965798
2729.0,-1.0,21147.511334644965,21153.405,5.8936653550335905
2730.0,1.0,21153.405,21163.008168967615,9.603168967616512
2731.0,-1.0,21163.008168967615,21168.902,5.893831032382877
2732.0,1.0,21168.902,21178.505052609635,9.603052609636507
2733.0,-1.0,21178.505052609635,21184.398999999998,5.893947390362882
2734.0,1.0,21184.399,21194.00197853178,9.602978531780536
2735.0,-1.0,21194.00197853178,21199.896,5.8940214682188525
2736.0,1.0,21199.896,21209.498938034158,9.602938034156978
2737.0,-1.0,21209.498938034158,21215.393,5.894061965842411
2738.0,1.0,21215.393,21224.995920806647,9.60292080664658
2739.0,-1.0,21224.995920806647,21230.89,5.894079193352809
2740.0,1.0,21230.89,21240.492915052677,9.602915052677417
2741.0,-1.0,21240.492915052677,21246.387,5.894084947321971
2742.0,1.0,21246.387,21255.98990753802,9.6029075380211
2743.0,-1.0,21255.98990753802,21261.884,5.894092461978289
2744.0,1.0,21261.884,21271.486883719765,9.602883719766396
2745.0,-1.0,21271.486883719765,21277.380999999998,5.894116280232993
2746.0,1.0,21277.381,21286.983827849872,9.602827849870664
2747.0,-1.0,21286.983827849872,21292.878,5.894172150128725
2748.0,1.0,21292.878,21302.480723111967,9.602723111966043
2749.0,-1.0,21302.480723111967,21308.375,5.894276888033346
2750.0,1.0,21308.375,21317.97755178967,9.602551789670542
2751.0,-1.0,21317.97755178967,21323.872,5.8944482103288465
2752.0,1.0,21323.872,21333.474295430016,9.602295430016966
2753.0,-1.0,21333.474295430016,21339.369,5.894704569982423
2754.0,1.0,21339.369,21348.970935072077,9.60193507207805
2755.0,-1.0,21348.970935072077,21354.865999999998,5.895064927921339
2756.0,1.0,21354.865999999998,21364.467451487286,9.601451487287704
2757.0,-1.0,21364.467451487286,21370.362999999998,5.8955485127116845
2758.0,1.0,21370.363,21379.96382543639,9.600825436387822
2759.0,-1.0,21379.96382543639,21385.86,5.8961745636115666
2760.0,1.0,21385.86,21395.460038012265,9.600038012264122
2761.0,-1.0,21395.460038012265,21401.357,5.896961987735267
2762.0,1.0,21401.357,21410.95607094604,9.59907094603841
2763.0,-1.0,21410.95607094604,21416.854,5.897929053960979
2764.0,1.0,21416.854,21426.451907021856,9.597907021856372
2765.0,-1.0,21426.451907021856,21432.351,5.899092978143017
2766.0,1.0,21432.351,21441.947530461835,9.596530461836664
2767.0,-1.0,21441.947530461835,21447.847999999998,5.900469538162724
2768.0,1.0,21447.847999999998,21457.442927374428,9.594927374429972
2769.0,-1.0,21457.442927374428,21463.344999999998,5.902072625569417
2770.0,1.0,21463.345,21472.93808621224,9.59308621224045
2771.0,-1.0,21472.93808621224,21478.842,5.903913787758938
2772.0,1.0,21478.842,21488.432998242304,9.590998242303613
2773.0,-1.0,21488.432998242304,21494.339,5.906001757695776
2774.0,1.0,21494.339,21503.927658013738,9.588658013737586
2775.0,-1.0,21503.927658013738,21509.836,5.908341986261803
2776.0,1.0,21509.836,21519.422063838596,9.586063838596601
2777.0,-1.0,21519.422063838596,21525.333,5.9109361614027875
2778.0,1.0,21525.333,21534.916218209313,9.58321820931451
2779.0,-1.0,21534.916218209313,21540.829999999998,5.9137817906848795
2780.0,1.0,21540.829999999998,21550.410128249645,9.580128249646805
2781.0,-1.0,21550.410128249645,21556.326999999997,5.916871750352584
2782.0,1.0,21556.327,21565.903806035727,9.576806035725895
2783.0,-1.0,21565.903806035727,21571.824,5.920193964273494
2784.0,1.0,21571.824,21581.397268941135,9.573268941134302
2785.0,-1.0,21581.397268941135,21587.321,5.923731058865087
2786.0,1.0,21587.321,21596.89053986959,9.56953986958979
2787.0,-1.0,21596.89053986959,21602.818,5.9274601304095995
2788.0,1.0,21602.818,21612.383647422943,9.565647422943584
2789.0,-1.0,21612.383647422943,21618.315,5.931352577055804
2790.0,1.0,21618.315,21627.876626031604,9.561626031605556
2791.0,-1.0,21627.876626031604,21633.811999999998,5.935373968393833
2792.0,1.0,21633.811999999998,21643.36951599971,9.55751599971336
2793.0,-1.0,21643.36951599971,21649.308999999997,5.939484000286029
2794.0,1.0,21649.309,21658.8623635248,9.553363524799352
2795.0,-1.0,21658.8623635248,21664.806,5.943636475200037
2796.0,1.0,21664.806,21674.355220682526,9.549220682525629
2797.0,-1.0,21674.355220682526,21680.303,5.94777931747376
2798.0,1.0,21680.303,21689.848145410764,9.545145410764235
2799.0,-1.0,21689.848145410764,21695.8,5.951854589235154
2800.0,1.0,21695.8,21705.341201491923,9.541201491923857
2801.0,-1.0,21705.341201491923,21711.297,5.955798508075532
2802.0,1.0,21711.297,21720.834458569603,9.537458569604496
2803.0,-1.0,21720.834458569603,21726.793999999998,5.959541430394893
2804.0,1.0,21726.793999999998,21736.32799217846,9.53399217846163
2805.0,-1.0,21736.32799217846,21742.290999999997,5.963007821537758
2806.0,1.0,21742.291,21751.821883765715,9.530883765713952
2807.0,-1.0,21751.821883765715,21757.788,5.966116234285437
2808.0,1.0,21757.788,21767.316220679324,9.528220679323567
2809.0,-1.0,21767.316220679324,21773.285,5.9687793206758215
2810.0,1.0,21773.285,21782.811096019577,9.52609601957738
2811.0,-1.0,21782.811096019577,21788.782,5.970903980422008
2812.0,1.0,21788.782,21798.306608309464,9.524608309464384
2813.0,-1.0,21798.306608309464,21804.279,5.972391690535005
2814.0,1.0,21804.279,21813.802860809777,9.523860809778853
2815.0,-1.0,21813.802860809777,21819.775999999998,5.973139190220536
2816.0,1.0,21819.775999999998,21829.29996041872,9.523960418722709
2817.0,-1.0,21829.29996041872,21835.272999999997,5.97303958127668
2818.0,1.0,21835.273,21844.798015992004,9.525015992003318
2819.0,-1.0,21844.798015992004,21850.77,5.97198400799607
2820.0,1.0,21850.77,21860.29713603071,9.527136030708789
2821.0,-1.0,21860.29713603071,21866.267,5.9698639692906
2822.0,1.0,21866.267,21875.79742575316,9.53042575316067
2823.0,-1.0,21875.79742575316,21881.764,5.966574246838718
2824.0,1.0,21881.764,21891.298983420802,9.534983420802746
2825.0,-1.0,21891.298983420802,21897.261,5.962016579196643
2826.0,1.0,21897.261,21906.801896314875,9.54089631487659
2827.0,-1.0,21906.801896314875,21912.757999999998,5.956103685122798
2828.0,1.0,21912.758,21922.30623621016,9.548236210157484
2829.0,-1.0,21922.30623621016,21928.255,5.948763789841905
2830.0,1.0,21928.255,21937.812054895177,9.557054895176407
2831.0,-1.0,21937.812054895177,21943.752,5.939945104822982
2832.0,1.0,21943.752,21953.319379883404,9.567379883403191
2833.0,-1.0,21953.319379883404,21959.249,5.9296201165961975
2834.0,1.0,21959.249,21968.828210604122,9.579210604122636
2835.0,-1.0,21968.828210604122,21974.746,5.917789395876753
2836.0,1.0,21974.746,21984.338515636642,9.59251563664293
2837.0,-1.0,21984.338515636642,21990.243,5.90448436335646
2838.0,1.0,21990.243,21999.8502311539,9.60723115390283
2839.0,-1.0,21999.8502311539,22005.739999999998,5.889768846096558
2840.0,1.0,22005.74,22015.363261122267,9.62326112226583
2841.0,-1.0,22015.363261122267,22021.237,5.873738877733558
2842.0,1.0,22021.237,22030.877479283565,9.640479283563764
2843.0,-1.0,22030.877479283565,22036.734,5.856520716435625
2844.0,1.0,22036.734,22046.392732995184,9.658732995183527
2845.0,-1.0,22046.392732995184,22052.231,5.838267004815862
2846.0,1.0,22052.231,22061.90884896452,9.677848964518489
2847.0,-1.0,22061.90884896452,22067.728,5.8191510354809
2848.0,1.0,22067.728,22077.42564031085,9.697640310849238
2849.0,-1.0,22077.42564031085,22083.225,5.799359689150151
2850.0,1.0,22083.225,22092.942914369472,9.717914369473874
2851.0,-1.0,22092.942914369472,22098.721999999998,5.779085630525515
2852.0,1.0,22098.722,22108.46048055848,9.738480558477022
2853.0,-1.0,22108.46048055848,22114.219,5.758519441522367
2854.0,1.0,22114.219,22123.978157404985,9.759157404983853
2855.0,-1.0,22123.978157404985,22129.716,5.737842595015536
2856.0,1.0,22129.716,22139.495778576205,9.77977857620499
2857.0,-1.0,22139.495778576205,22145.213,5.717221423794399
2858.0,1.0,22145.213,22155.013197005537,9.800197005537484
2859.0,-1.0,22155.013197005537,22160.71,5.696802994461905
2860.0,1.0,22160.71,22170.530287147863,9.820287147864292
2861.0,-1.0,22170.530287147863,22176.207,5.676712852135097
2862.0,1.0,22176.207,22186.046945372505,9.839945372506918
2863.0,-1.0,22186.046945372505,22191.703999999998,5.657054627492471
2864.0,1.0,22191.704,22201.563089057025,9.859089057023084
2865.0,-1.0,22201.563089057025,22207.201,5.637910942976305
2866.0,1.0,22207.201,22217.07865380426,9.877653804258443
2867.0,-1.0,22217.07865380426,22222.698,5.619346195740945
2868.0,1.0,22222.698,22232.593590379354,9.895590379353962
2869.0,-1.0,22232.593590379354,22238.195,5.601409620645427
2870.0,1.0,22238.195,22248.107860969514,9.91286096951444
2871.0,-1.0,22248.107860969514,22253.692,5.584139030484948
2872.0,1.0,22253.692,22263.621435225854,9.929435225854832
2873.0,-1.0,22263.621435225854,22269.189,5.567564774144557
2874.0,1.0,22269.189,22279.134286796107,9.945286796108121
2875.0,-1.0,22279.134286796107,22284.685999999998,5.551713203891268
2876.0,1.0,22284.686,22294.646389860274,9.960389860272699
2877.0,-1.0,22294.646389860274,22300.183,5.53661013972669
2878.0,1.0,22300.183,22310.157716536873,9.97471653687171
2879.0,-1.0,22310.157716536873,22315.68,5.522283463127678
2880.0,1.0,22315.68,22325.66823474977,9.988234749769617
2881.0,-1.0,22325.66823474977,22331.177,5.5087652502297715
2882.0,1.0,22331.177,22341.177906616584,10.000906616583961
2883.0,-1.0,22341.177906616584,22346.674,5.4960933834154275
2884.0,1.0,22346.674,22356.68668762989,10.012687629889115
2885.0,-1.0,22356.68668762989,22362.171,5.484312370110274
2886.0,1.0,22362.171,22372.194526359737,10.023526359738753
2887.0,-1.0,22372.194526359737,22377.667999999998,5.473473640260636
2888.0,1.0,22377.668,22387.701364619974,10.033364619972417
2889.0,-1.0,22387.701364619974,22393.165,5.463635380026972
2890.0,1.0,22393.165,22403.20713829531,10.042138295309996
2891.0,-1.0,22403.20713829531,22408.662,5.454861704689392
2892.0,1.0,22408.662,22418.711778696175,10.049778696175053
2893.0,-1.0,22418.711778696175,22424.159,5.447221303824335
2894.0,1.0,22424.159,22434.215214376687,10.056214376687421
2895.0,-1.0,22434.215214376687,22439.656,5.440785623311967
2896.0,1.0,22439.656,22449.717373692696,10.061373692697089
2897.0,-1.0,22449.717373692696,22455.153,5.4356263073023
2898.0,1.0,22455.153,22465.21818806745,10.065188067452254
2899.0,-1.0,22465.21818806745,22470.649999999998,5.431811932547134
2900.0,1.0,22470.65,22480.71759590626,10.067595906257338
2901.0,-1.0,22480.71759590626,22486.147,5.4294040937420505
2902.0,1.0,22486.147,22496.2155478212,10.0685478211999
2903.0,-1.0,22496.2155478212,22501.644,5.428452178799489
2904.0,1.0,22501.644,22511.712012615193,10.068012615192856
2905.0,-1.0,22511.712012615193,22517.141,5.428987384806533
2906.0,1.0,22517.141,22527.206984798046,10.065984798045974
2907.0,-1.0,22527.206984798046,22532.638,5.431015201953414
2908.0,1.0,22532.638,22542.700493411685,10.062493411685864
2909.0,-1.0,22542.700493411685,22548.135,5.434506588313525
2910.0,1.0,22548.135,22558.192612220428,10.057612220429291
2911.0,-1.0,22558.192612220428,22563.631999999998,5.439387779570097
2912.0,1.0,22563.632,22573.683471517543,10.051471517541358
2913.0,-1.0,22573.683471517543,22579.129,5.44552848245803
2914.0,1.0,22579.129,22589.17327101353,10.044271013528487
2915.0,-1.0,22589.17327101353,22594.626,5.452728986470902
2916.0,1.0,22594.626,22604.662293839843,10.036293839842983
2917.0,-1.0,22604.662293839843,22610.123,5.4607061601564055
2918.0,1.0,22610.123,22620.150921276152,10.027921276152483
2919.0,-1.0,22620.150921276152,22625.62,5.469078723846906
2920.0,1.0,22625.62,22635.639647551678,10.019647551678645
2921.0,-1.0,22635.639647551678,22641.117,5.477352448320744
2922.0,1.0,22641.117,22651.129094680546,10.012094680547307
2923.0,-1.0,22651.129094680546,22656.613999999998,5.484905319452082
2924.0,1.0,22656.614,22666.620027030876,10.006027030874975
2925.0,-1.0,22666.620027030876,22672.111,5.490972969124414
2926.0,1.0,22672.111,22682.11336593693,10.002365936928982
2927.0,-1.0,22682.11336593693,22687.608,5.494634063070407
2928.0,1.0,22687.608,22697.61020582782,10.002205827819125
2929.0,-1.0,22697.61020582782,22703.105,5.494794172180264
2930.0,1.0,22703.105,22713.11183313695,10.006833136951172
2931.0,-1.0,22713.11183313695,22718.602,5.490166863048216
2932.0,1.0,22718.602,22728.619751447393,10.017751447394403
2933.0,-1.0,22728.619751447393,22734.099,5.479248552604986
2934.0,1.0,22734.099,22744.1357142042,10.036714204201417
2935.0,-1.0,22744.1357142042,22749.595999999998,5.460285795797972
2936.0,1.0,22749.596,22759.661769307208,10.06576930720621
2937.0,-1.0,22759.661769307208,22765.093,5.431230692793179
2938.0,1.0,22765.093,22775.20031266372,10.107312663720222
2939.0,-1.0,22775.20031266372,22780.59,5.389687336279167
2940.0,1.0,22780.59,22790.75415585896,10.164155858958111
2941.0,-1.0,22790.75415585896,22796.087,5.332844141041278
2942.0,1.0,22796.087,22806.32660179037,10.239601790370216
2943.0,-1.0,22806.32660179037,22811.584,5.257398209629173
2944.0,1.0,22811.584,22821.92152954977,10.337529549771716
2945.0,-1.0,22821.92152954977,22827.081,5.159470450227673
2946.0,1.0,22827.081,22837.54347609928,10.462476099281048
2947.0,-1.0,22837.54347609928,22842.577999999998,5.034523900718341
2948.0,1.0,22842.578,22853.197681333168,10.619681333166227
2949.0,-1.0,22853.197681333168,22858.075,4.877318666833162
2950.0,1.0,22858.075,22868.890037922738,10.815037922737247
2951.0,-1.0,22868.890037922738,22873.572,4.681962077262142
2952.0,1.0,22873.572,22884.62684558352,11.054845583519636
2953.0,-1.0,22884.62684558352,22889.069,4.442154416479752
2954.0,1.0,22889.069,22900.41426223475,11.345262234750408
2955.0,-1.0,22900.41426223475,22904.566,4.151737765248981
2956.0,1.0,22904.566,22916.257376806898,11.691376806898916
2957.0,-1.0,22916.257376806898,22920.063,3.805623193100473
2958.0,1.0,22920.063,22932.158948196535,12.095948196536483
2959.0,-1.0,22932.158948196535,22935.559999999998,3.401051803462906
2960.0,1.0,22935.56,22948.118026464923,12.558026464921568
2961.0,-1.0,22948.118026464923,22951.057,2.938973535077821
2962.0,1.0,22951.057,22964.1288449707,13.071844970698294
2963.0,-1.0,22964.1288449707,22966.554,2.425155029301095
2964.0,1.0,22966.554,22978.414275241958,11.860275241957424
2965.0,-1.0,22978.414275241958,22982.051,3.6367247580419644
2966.0,1.0,22982.051,22990.883008773064,8.832008773064445
2967.0,-1.0,22990.883008773064,22997.548,6.664991226934944
2968.0,1.0,22997.548,23006.56809607192,9.020096071919397
2969.0,-1.0,23006.56809607192,23013.045,6.476903928079992
2970.0,1.0,23013.045,23025.09417053038,12.04917053038298
2971.0,-1.0,23025.09417053038,23028.541999999998,3.4478294696164085
2972.0,1.0,23028.542,23039.583288614627,11.041288614625955
2973.0,-1.0,23039.583288614627,23044.039,4.455711385373434
2974.0,1.0,23044.039,23053.975503261783,9.93650326178249
2975.0,-1.0,23053.975503261783,23059.536,5.560496738216898
2976.0,1.0,23059.536,23071.73458883503,12.198588835028204
2977.0,-1.0,23071.73458883503,23075.033,3.298411164971185
2978.0,1.0,23075.033,23088.189070036016,13.1560700360169
2979.0,-1.0,23088.189070036016,23090.53,2.3409299639824894
2980.0,1.0,23090.53,23103.487034247522,12.957034247523552
2981.0,-1.0,23103.487034247522,23106.027,2.539965752475837
2982.0,1.0,23106.027,23119.21388555945,13.186885559451184
2983.0,-1.0,23119.21388555945,23121.523999999998,2.3101144405482046
2984.0,1.0,23121.524,23135.78060589015,14.25660589015024
2985.0,-1.0,23135.78060589015,23137.021,1.2403941098491487
2986.0,1.0,23137.021,23151.567973840327,14.546973840326245
2987.0,-1.0,23151.567973840327,23152.518,0.9500261596731434
2988.0,1.0,23152.518,23166.798953858703,14.28095385870256
2989.0,-1.0,23166.798953858703,23168.015,1.2160461412968289
2990.0,1.0,23168.015,23182.447375447176,14.432375447177037
2991.0,-1.0,23182.447375447176,23183.512,1.0646245528223517
2992.0,1.0,23183.512,23197.4274072478,13.91540724780134
2993.0,-1.0,23197.4274072478,23199.009,1.5815927521980484
2994.0,1.0,23199.009,23210.996383436206,11.987383436207892
2995.0,-1.0,23210.996383436206,23214.505999999998,3.5096165637914964
2996.0,1.0,23214.506,23228.621914591327,14.115914591326145
2997.0,-1.0,23228.621914591327,23230.003,1.3810854086732434
2998.0,1.0,23230.003,23238.536513039857,8.533513039856189
2999.0,-1.0,23238.536513039857,23245.5,6.9634869601432
3000.0,1.0,23245.5,23258.699456161023,13.199456161022681
3001.0,-1.0,23258.699456161023,23260.997,2.2975438389767078
3002.0,1.0,23260.997,23275.989224285724,14.99222428572466
3003.0,-1.0,23275.989224285724,23276.494,0.5047757142747287
3004.0,1.0,23276.494,23291.25669094107,14.762690941071924
3005.0,-1.0,23291.25669094107,23291.990999999998,0.7343090589274652
3006.0,1.0,23291.990999999998,23306.654307459004,14.663307459006319
3007.0,-1.0,23306.654307459004,23307.487999999998,0.83369254099307
3008.0,1.0,23307.488,23322.439517386163,14.951517386161868
3009.0,-1.0,23322.439517386163,23322.985,0.5454826138375211
3010.0,1.0,23322.985,23336.831591846185,13.84659184618431
3011.0,-1.0,23336.831591846185,23338.482,1.6504081538150785
3012.0,1.0,23338.482,23352.481160914056,13.99916091405612
3013.0,-1.0,23352.481160914056,23353.979,1.4978390859432693
3014.0,1.0,23353.979,23368.480544832015,14.501544832015497
3015.0,-1.0,23368.480544832015,23369.476,0.9954551679838914
3016.0,1.0,23369.476,23384.426314551856,14.950314551857446
3017.0,-1.0,23384.426314551856,23384.972999999998,0.5466854481419432
3018.0,1.0,23384.972999999998,23397.05011420649,12.077114206491387
3019.0,-1.0,23397.05011420649,23400.469999999998,3.4198857935080014
3020.0,1.0,23400.47,23415.42028273764,14.95028273763819
3021.0,-1.0,23415.42028273764,23415.967,0.5467172623611987
3022.0,1.0,23415.967,23430.952246258617,14.985246258616826
3023.0,-1.0,23430.952246258617,23431.464,0.511753741382563
3024.0,1.0,23431.464,23446.26088007055,14.796880070549378
3025.0,-1.0,23446.26088007055,23446.961,0.7001199294500111
3026.0,1.0,23446.961,23461.820945013405,14.859945013406104
3027.0,-1.0,23461.820945013405,23462.458,0.6370549865932844
3028.0,1.0,23462.458,23477.173449783764,14.715449783765507
3029.0,-1.0,23477.173449783764,23477.954999999998,0.7815502162338817
3030.0,1.0,23477.954999999998,23492.17054824558,14.215548245581886
3031.0,-1.0,23492.17054824558,23493.451999999997,1.2814517544175033
3032.0,1.0,23493.452,23508.360774099197,14.908774099196307
3033.0,-1.0,23508.360774099197,23508.949,0.5882259008030815
3034.0,1.0,23508.949,23513.067431478437,4.1184314784368325
3035.0,-1.0,23513.067431478437,23524.446,11.378568521562556
3036.0,1.0,23524.446,23529.52895419267,5.082954192668694
3037.0,-1.0,23529.52895419267,23539.943,10.414045807330695
3038.0,1.0,23539.943,23554.213224000887,14.270224000887538
3039.0,-1.0,23554.213224000887,23555.44,1.226775999111851
3040.0,1.0,23555.44,23570.382609394866,14.942609394867759
3041.0,-1.0,23570.382609394866,23570.936999999998,0.5543906051316299
3042.0,1.0,23570.936999999998,23585.900561131883,14.96356113188449
3043.0,-1.0,23585.900561131883,23586.433999999997,0.5334388681148994
3044.0,1.0,23586.434,23601.1156197482,14.681619748200319
3045.0,-1.0,23601.1156197482,23601.931,0.8153802517990698
3046.0,1.0,23601.931,23615.481913760665,13.550913760664116
3047.0,-1.0,23615.481913760665,23617.428,1.9460862393352727
3048.0,1.0,23617.428,23629.767310748455,12.339310748455318
3049.0,-1.0,23629.767310748455,23632.925,3.1576892515440704
3050.0,1.0,23632.925,23647.902571270337,14.977571270337648
3051.0,-1.0,23647.902571270337,23648.422,0.5194287296617404
3052.0,1.0,23648.422,23663.266015716992,14.844015716993454
3053.0,-1.0,23663.266015716992,23663.918999999998,0.6529842830059351
3054.0,1.0,23663.918999999998,23678.06594126698,14.146941266983049
3055.0,-1.0,23678.06594126698,23679.415999999997,1.3500587330163398
3056.0,1.0,23679.416,23693.755171989054,14.339171989053284
3057.0,-1.0,23693.755171989054,23694.913,1.1578280109461048
3058.0,1.0,23694.913,23709.148488119397,14.235488119396905
3059.0,-1.0,23709.148488119397,23710.41,1.2615118806024839
3060.0,1.0,23710.41,23725.087620241946,14.677620241945988
3061.0,-1.0,23725.087620241946,23725.907,0.819379758053401
3062.0,1.0,23725.907,23740.726104395057,14.819104395057366
3063.0,-1.0,23740.726104395057,23741.404,0.6778956049420231
3064.0,1.0,23741.404,23756.295811889577,14.891811889578094
3065.0,-1.0,23756.295811889577,23756.900999999998,0.6051881104212953
3066.0,1.0,23756.900999999998,23771.38637123986,14.485371239861706
3067.0,-1.0,23771.38637123986,23772.397999999997,1.0116287601376825
3068.0,1.0,23772.398,23786.71114023084,14.313140230839053
3069.0,-1.0,23786.71114023084,23787.895,1.1838597691603354
3070.0,1.0,23787.895,23802.842163616846,14.9471636168455
3071.0,-1.0,23802.842163616846,23803.392,0.5498363831538882
3072.0,1.0,23803.392,23818.35319029973,14.961190299731243
3073.0,-1.0,23818.35319029973,23818.889,0.5358097002681461
3074.0,1.0,23818.889,23831.110946322413,12.221946322413714
3075.0,-1.0,23831.110946322413,23834.386,3.2750536775856744
3076.0,1.0,23834.386,23839.70768274762,5.321682747620798
3077.0,-1.0,23839.70768274762,23849.882999999998,10.17531725237859
3078.0,1.0,23849.883,23862.578990024907,12.695990024905768
3079.0,-1.0,23862.578990024907,23865.38,2.8010099750936206
3080.0,1.0,23865.38,23880.04943075435,14.669430754347559
3081.0,-1.0,23880.04943075435,23880.877,0.82756924565183
3082.0,1.0,23880.877,23890.82606664617,9.949066646167921
3083.0,-1.0,23890.82606664617,23896.374,5.547933353831468
3084.0,1.0,23896.374,23904.666002084185,8.292002084184787
3085.0,-1.0,23904.666002084185,23911.871,7.204997915814602
3086.0,1.0,23911.871,23922.55730481782,10.6863048178202
3087.0,-1.0,23922.55730481782,23927.368,4.810695182179188
3088.0,1.0,23927.368,23940.442882713884,13.074882713885017
3089.0,-1.0,23940.442882713884,23942.864999999998,2.4221172861143714
3090.0,1.0,23942.865,23956.879644387005,14.0146443870035
3091.0,-1.0,23956.879644387005,23958.362,1.4823556129958888
3092.0,1.0,23958.362,23971.966982121987,13.604982121985813
3093.0,-1.0,23971.966982121987,23973.859,1.8920178780135757
3094.0,1.0,23973.859,23988.614074028483,14.75507402848234
3095.0,-1.0,23988.614074028483,23989.356,0.7419259715170483
3096.0,1.0,23989.356,24004.191020887665,14.83502088766545
3097.0,-1.0,24004.191020887665,24004.853,0.6619791123339382
3098.0,1.0,24004.853,24018.70280787694,13.849807876940758
3099.0,-1.0,24018.70280787694,24020.35,1.6471921230586304
3100.0,1.0,24020.35,24032.561584653617,12.211584653618047
3101.0,-1.0,24032.561584653617,24035.846999999998,3.285415346381342
3102.0,1.0,24035.847,24049.110097477977,13.263097477974952
3103.0,-1.0,24049.110097477977,24051.344,2.2339025220244366
3104.0,1.0,24051.344,24065.106844556918,13.762844556917116
3105.0,-1.0,24065.106844556918,24066.841,1.7341554430822725
3106.0,1.0,24066.841,24080.025489025145,13.184489025145012
3107.0,-1.0,24080.025489025145,24082.338,2.3125109748543764
3108.0,1.0,24082.338,24096.5543375787,14.216337578698585
3109.0,-1.0,24096.5543375787,24097.835,1.2806624213008035
3110.0,1.0,24097.835,24112.0071357224,14.172135722401435
3111.0,-1.0,24112.0071357224,24113.332,1.3248642775979533
3112.0,1.0,24113.332,24127.42983288098,14.097832880979695
3113.0,-1.0,24127.42983288098,24128.828999999998,1.399167119019694
3114.0,1.0,24128.829,24142.851803495465,14.02280349546345
3115.0,-1.0,24142.851803495465,24144.326,1.4741965045359393
3116.0,1.0,24144.326,24158.273206818827,13.94720681882609
3117.0,-1.0,24158.273206818827,24159.823,1.5497931811732997
3118.0,1.0,24159.823,24173.69420552628,13.871205526280391
3119.0,-1.0,24173.69420552628,24175.32,1.6257944737189973
3120.0,1.0,24175.32,24189.10637189572,13.78637189571964
3121.0,-1.0,24189.10637189572,24190.817,1.710628104279749
3122.0,1.0,24190.817,24204.535047633166,13.718047633166861
3123.0,-1.0,24204.535047633166,24206.314,1.7789523668325273
3124.0,1.0,24206.314,24219.95568984953,13.64168984952994
3125.0,-1.0,24219.95568984953,24221.810999999998,1.8553101504694496
3126.0,1.0,24221.811,24235.376587331655,13.56558733165366
3127.0,-1.0,24235.376587331655,24237.308,1.931412668345729
3128.0,1.0,24237.308,24250.672771535475,13.364771535474574
3129.0,-1.0,24250.672771535475,24252.805,2.1322284645248146
3130.0,1.0,24252.805,24259.604088449458,6.799088449457486
3131.0,-1.0,24259.604088449458,24268.302,8.697911550541903
3132.0,1.0,24268.302,24280.097552346684,11.795552346684417
3133.0,-1.0,24280.097552346684,24283.799,3.701447653314972
3134.0,1.0,24283.799,24296.56354431978,12.764544319779816
3135.0,-1.0,24296.56354431978,24299.296,2.732455680219573
3136.0,1.0,24299.296,24312.688777210096,13.392777210097847
3137.0,-1.0,24312.688777210096,24314.792999999998,2.1042227899015415
3138.0,1.0,24314.793,24328.095988873978,13.302988873976574
3139.0,-1.0,24328.095988873978,24330.29,2.194011126022815
3140.0,1.0,24330.29,24343.50432110789,13.214321107887372
3141.0,-1.0,24343.50432110789,24345.787,2.282678892112017
3142.0,1.0,24345.787,24358.91396273854,13.126962738540897
3143.0,-1.0,24358.91396273854,24361.284,2.370037261458492
3144.0,1.0,24361.284,24374.32509232962,13.04109232961855
3145.0,-1.0,24374.32509232962,24376.781,2.4559076703808387
3146.0,1.0,24376.781,24389.689134930988,12.908134930989036
3147.0,-1.0,24389.689134930988,24392.278,2.588865069010353
3148.0,1.0,24392.278,24405.12862636298,12.850626362982439
3149.0,-1.0,24405.12862636298,24407.774999999998,2.64637363701695
3150.0,1.0,24407.775,24420.492334549646,12.717334549644875
3151.0,-1.0,24420.492334549646,24423.272,2.779665450354514
3152.0,1.0,24423.272,24436.043427135544,12.77142713554349
3153.0,-1.0,24436.043427135544,24438.769,2.7255728644558985
3154.0,1.0,24438.769,24451.369457625697,12.600457625696436
3155.0,-1.0,24451.369457625697,24454.266,2.8965423743029532
3156.0,1.0,24454.266,24467.046909237437,12.7809092374373
3157.0,-1.0,24467.046909237437,24469.763,2.7160907625620894
3158.0,1.0,24469.763,24482.499668247492,12.736668247493071
3159.0,-1.0,24482.499668247492,24485.26,2.7603317525063176
3160.0,1.0,24485.26,24497.859886126742,12.599886126743513
3161.0,-1.0,24497.859886126742,24500.756999999998,2.8971138732558757
3162.0,1.0,24500.757,24513.225163616105,12.468163616103993
3163.0,-1.0,24513.225163616105,24516.254,3.0288363838953956
3164.0,1.0,24516.254,24528.595660708594,12.341660708592826
3165.0,-1.0,24528.595660708594,24531.751,3.1553392914065626
3166.0,1.0,24531.751,24544.066601525417,12.31560152541715
3167.0,-1.0,24544.066601525417,24547.248,3.181398474582238
3168.0,1.0,24547.248,24559.06848955106,11.820489551060746
3169.0,-1.0,24559.06848955106,24562.745,3.676510448938643
3170.0,1.0,24562.745,24573.545340754074,10.800340754074568
3171.0,-1.0,24573.545340754074,24578.242,4.69665924592482
3172.0,1.0,24578.242,24588.90082531103,10.65882531103125
3173.0,-1.0,24588.90082531103,24593.738999999998,4.838174688968138
3174.0,1.0,24593.739,24604.842736620325,11.103736620323616
3175.0,-1.0,24604.842736620325,24609.236,4.393263379675773
3176.0,1.0,24609.236,24620.21445102674,10.978451026738185
3177.0,-1.0,24620.21445102674,24624.733,4.518548973261204
3178.0,1.0,24624.733,24635.03635584834,10.303355848340289
3179.0,-1.0,24635.03635584834,24640.23,5.1936441516591
3180.0,1.0,24640.23,24650.290483149016,10.060483149016363
3181.0,-1.0,24650.290483149016,24655.727,5.4365168509830255
3182.0,1.0,24655.727,24666.237396357315,10.510396357316495
3183.0,-1.0,24666.237396357315,24671.224,4.986603642682894
3184.0,1.0,24671.224,24682.148293743914,10.924293743915769
3185.0,-1.0,24682.148293743914,24686.720999999998,4.57270625608362
3186.0,1.0,24686.721,24697.97588087197,11.254880871969362
3187.0,-1.0,24697.97588087197,24702.218,4.242119128030026
3188.0,1.0,24702.218,24713.79447103384,11.57647103384079
3189.0,-1.0,24713.79447103384,24717.715,3.9205289661585994
3190.0,1.0,24717.715,24729.61638031483,11.901380314830021
3191.0,-1.0,24729.61638031483,24733.212,3.5956196851693676
3192.0,1.0,24733.212,24744.890926902768,11.67892690276858
3193.0,-1.0,24744.890926902768,24748.709,3.8180730972308083
3194.0,1.0,24748.709,24760.05313232711,11.344132327110856
3195.0,-1.0,24760.05313232711,24764.206,4.152867672888533
3196.0,1.0,24764.206,24775.583503617374,11.377503617375623
3197.0,-1.0,24775.583503617374,24779.702999999998,4.119496382623765
3198.0,1.0,24779.703,24791.092563202157,11.389563202155841
3199.0,-1.0,24791.092563202157,24795.2,4.1074367978435475
3200.0,1.0,24795.2,24806.751937012094,11.551937012092822
3201.0,-1.0,24806.751937012094,24810.697,3.9450629879065673
3202.0,1.0,24810.697,24822.221396453486,11.524396453485679
3203.0,-1.0,24822.221396453486,24826.194,3.97260354651371
3204.0,1.0,24826.194,24837.69759145887,11.503591458869778
3205.0,-1.0,24837.69759145887,24841.691,3.993408541129611
3206.0,1.0,24841.691,24853.175311726558,11.484311726559099
3207.0,-1.0,24853.175311726558,24857.188,4.01268827344029
3208.0,1.0,24857.188,24868.65435433939,11.466354339390818
3209.0,-1.0,24868.65435433939,24872.684999999998,4.03064566060857
3210.0,1.0,24872.685,24884.13381595217,11.448815952167934
3211.0,-1.0,24884.13381595217,24888.182,4.048184047831455
3212.0,1.0,24888.182,24899.61462834468,11.43262834467896
3213.0,-1.0,24899.61462834468,24903.679,4.0643716553204285
3214.0,1.0,24903.679,24915.096697098594,11.417697098593635
3215.0,-1.0,24915.096697098594,24919.176,4.079302901405754
3216.0,1.0,24919.176,24930.58287414523,11.406874145231995
3217.0,-1.0,24930.58287414523,24934.673,4.090125854767393
3218.0,1.0,24934.673,24946.07534141714,11.402341417142452
3219.0,-1.0,24946.07534141714,24950.17,4.094658582856937
3220.0,1.0,24950.17,24961.567610661805,11.397610661806539
3221.0,-1.0,24961.567610661805,24965.666999999998,4.09938933819285
3222.0,1.0,24965.667,24977.05462374444,11.387623744438315
3223.0,-1.0,24977.05462374444,24981.164,4.109376255561074
3224.0,1.0,24981.164,24992.54085003673,11.376850036729593
3225.0,-1.0,24992.54085003673,24996.661,4.120149963269796
3226.0,1.0,24996.661,25008.022420987836,11.361420987836027
3227.0,-1.0,25008.022420987836,25012.158,4.135579012163362
3228.0,1.0,25012.158,25023.536453636796,11.378453636796621
3229.0,-1.0,25023.536453636796,25027.655,4.118546363202768
3230.0,1.0,25027.655,25039.017298132123,11.362298132124124
3231.0,-1.0,25039.017298132123,25043.152,4.134701867875265
3232.0,1.0,25043.152,25054.49788710017,11.34588710017124
3233.0,-1.0,25054.49788710017,25058.648999999998,4.151112899828149
3234.0,1.0,25058.649,25069.97569005992,11.326690059919201
3235.0,-1.0,25069.97569005992,25074.146,4.1703099400801875
3236.0,1.0,25074.146,25085.45467414436,11.30867414435852
3237.0,-1.0,25085.45467414436,25089.643,4.188325855640869
3238.0,1.0,25089.643,25100.937622775058,11.294622775058087
3239.0,-1.0,25100.937622775058,25105.14,4.202377224941301
3240.0,1.0,25105.14,25116.42882931955,11.288829319550132
3241.0,-1.0,25116.42882931955,25120.637,4.208170680449257
3242.0,1.0,25120.637,25131.92034455953,11.283344559531542
3243.0,-1.0,25131.92034455953,25136.134,4.213655440467846
3244.0,1.0,25136.134,25147.412113678376,11.27811367837785
3245.0,-1.0,25147.412113678376,25151.630999999998,4.2188863216215395
3246.0,1.0,25151.631,25162.904086633775,11.273086633773346
3247.0,-1.0,25162.904086633775,25167.128,4.223913366226043
3248.0,1.0,25167.128,25178.39621819826,11.268218198260001
3249.0,-1.0,25178.39621819826,25182.625,4.2287818017393874
3250.0,1.0,25182.625,25193.888467967863,11.263467967863107
3251.0,-1.0,25193.888467967863,25198.122,4.2335320321362815
3252.0,1.0,25198.122,25209.38080034027,11.258800340270682
3253.0,-1.0,25209.38080034027,25213.619,4.238199659728707
3254.0,1.0,25213.619,25224.873184468008,11.254184468009043
3255.0,-1.0,25224.873184468008,25229.115999999998,4.242815531990345
3256.0,1.0,25229.115999999998,25240.36559418426,11.249594184260786
3257.0,-1.0,25240.36559418426,25244.612999999998,4.2474058157386025
3258.0,1.0,25244.613,25255.85960086142,11.246600861417392
3259.0,-1.0,25255.85960086142,25260.11,4.250399138581997
3260.0,1.0,25260.11,25271.353973226425,11.243973226424714
3261.0,-1.0,25271.353973226425,25275.607,4.253026773574675
3262.0,1.0,25275.607,25286.847622634476,11.240622634475585
3263.0,-1.0,25286.847622634476,25291.104,4.256377365523804
3264.0,1.0,25291.104,25302.340642227453,11.236642227453558
3265.0,-1.0,25302.340642227453,25306.601,4.260357772545831
3266.0,1.0,25306.601,25317.833874935317,11.23287493531825
3267.0,-1.0,25317.833874935317,25322.097999999998,4.264125064681139
3268.0,1.0,25322.097999999998,25333.32249745276,11.22449745276026
3269.0,-1.0,25333.32249745276,25337.594999999998,4.272502547239128
3270.0,1.0,25337.595,25348.81191349807,11.216913498068607
3271.0,-1.0,25348.81191349807,25353.092,4.280086501930782
3272.0,1.0,25353.092,25364.30147042098,11.209470420981233
3273.0,-1.0,25364.30147042098,25368.589,4.287529579018155
3274.0,1.0,25368.589,25379.795292330073,11.206292330072756
3275.0,-1.0,25379.795292330073,25384.086,4.290707669926633
3276.0,1.0,25384.086,25395.286409603672,11.200409603672597
3277.0,-1.0,25395.286409603672,25399.583,4.296590396326792
3278.0,1.0,25399.583,25410.778360226872,11.195360226873163
3279.0,-1.0,25410.778360226872,25415.079999999998,4.301639773126226
3280.0,1.0,25415.079999999998,25426.272024248676,11.192024248677626
3281.0,-1.0,25426.272024248676,25430.576999999997,4.304975751321763
3282.0,1.0,25430.577,25441.75944954023,11.182449540228845
3283.0,-1.0,25441.75944954023,25446.074,4.314550459770544
3284.0,1.0,25446.074,25457.251441997625,11.177441997624555
3285.0,-1.0,25457.251441997625,25461.571,4.3195580023748334
3286.0,1.0,25461.571,25472.742014625703,11.17101462570281
3287.0,-1.0,25472.742014625703,25477.068,4.325985374296579
3288.0,1.0,25477.068,25488.23398532832,11.165985328319948
3289.0,-1.0,25488.23398532832,25492.565,4.331014671679441
3290.0,1.0,25492.565,25503.728128363382,11.163128363383294
3291.0,-1.0,25503.728128363382,25508.061999999998,4.333871636616095
3292.0,1.0,25508.061999999998,25519.229690854638,11.167690854639659
3293.0,-1.0,25519.229690854638,25523.558999999997,4.32930914535973
3294.0,1.0,25523.559,25534.71253407235,11.15353407234943
3295.0,-1.0,25534.71253407235,25539.056,4.343465927649959
3296.0,1.0,25539.056,25550.207234716054,11.151234716053295
3297.0,-1.0,25550.207234716054,25554.553,4.345765283946093
3298.0,1.0,25554.553,25565.701437440086,11.148437440086127
3299.0,-1.0,25565.701437440086,25570.05,4.348562559913262
3300.0,1.0,25570.05,25581.19663809187,11.146638091871864
3301.0,-1.0,25581.19663809187,25585.547,4.350361908127525
3302.0,1.0,25585.547,25596.692439205344,11.14543920534561
3303.0,-1.0,25596.692439205344,25601.043999999998,4.351560794653778
3304.0,1.0,25601.043999999998,25612.187367667786,11.14336766778797
3305.0,-1.0,25612.187367667786,25616.540999999997,4.3536323322114185
3306.0,1.0,25616.541,25627.688600926343,11.14760092634242
3307.0,-1.0,25627.688600926343,25632.038,4.3493990736569685
3308.0,1.0,25632.038,25643.19548073163,11.157480731628311
3309.0,-1.0,25643.19548073163,25647.535,4.3395192683710775
3310.0,1.0,25647.535,25658.68610191315,11.151101913150342
3311.0,-1.0,25658.68610191315,25663.032,4.345898086849047
3312.0,1.0,25663.032,25674.19290131025,11.160901310249756
3313.0,-1.0,25674.19290131025,25678.529,4.336098689749633
3314.0,1.0,25678.529,25689.692236839976,11.16323683997689
3315.0,-1.0,25689.692236839976,25694.025999999998,4.3337631600224995
3316.0,1.0,25694.025999999998,25705.181750542197,11.155750542198803
3317.0,-1.0,25705.181750542197,25709.522999999997,4.341249457800586
3318.0,1.0,25709.523,25720.682551932372,11.15955193237096
3319.0,-1.0,25720.682551932372,25725.02,4.337448067628429
3320.0,1.0,25725.02,25736.195219385037,11.175219385037053
3321.0,-1.0,25736.195219385037,25740.517,4.321780614962336
3322.0,1.0,25740.517,25751.68680252686,11.169802526859712
3323.0,-1.0,25751.68680252686,25756.014,4.327197473139677
3324.0,1.0,25756.014,25767.203812919874,11.189812919874385
3325.0,-1.0,25767.203812919874,25771.511,4.307187080125004
3326.0,1.0,25771.511,25782.701614073707,11.190614073708275
3327.0,-1.0,25782.701614073707,25787.007999999998,4.306385926291114
3328.0,1.0,25787.008,25798.21130419567,11.203304195667442
3329.0,-1.0,25798.21130419567,25802.505,4.293695804331946
3330.0,1.0,25802.505,25813.719999659388,11.214999659387104
3331.0,-1.0,25813.719999659388,25818.002,4.282000340612285
3332.0,1.0,25818.002,25829.221964019292,11.219964019292092
3333.0,-1.0,25829.221964019292,25833.499,4.277035980707296
3334.0,1.0,25833.499,25844.727584082866,11.228584082866291
3335.0,-1.0,25844.727584082866,25848.996,4.2684159171330975
3336.0,1.0,25848.996,25860.25432071169,11.25832071169134
3337.0,-1.0,25860.25432071169,25864.493,4.238679288308049
3338.0,1.0,25864.493,25875.743927750864,11.25092775086523
3339.0,-1.0,25875.743927750864,25879.989999999998,4.2460722491341585
3340.0,1.0,25879.99,25891.33473884658,11.344738846579276
3341.0,-1.0,25891.33473884658,25895.487,4.152261153420113
3342.0,1.0,25895.487,25906.77447409696,11.287474096960068
3343.0,-1.0,25906.77447409696,25910.984,4.209525903039321
3344.0,1.0,25910.984,25922.327681279847,11.34368127984635
3345.0,-1.0,25922.327681279847,25926.481,4.153318720153038
3346.0,1.0,25926.481,25937.82481202998,11.343812029979745
3347.0,-1.0,25937.82481202998,25941.978,4.153187970019644
3348.0,1.0,25941.978,25953.322391052065,11.344391052065475
3349.0,-1.0,25953.322391052065,25957.475,4.152608947933913
3350.0,1.0,25957.475,25968.825991357367,11.350991357368912
3351.0,-1.0,25968.825991357367,25972.971999999998,4.146008642630477
3352.0,1.0,25972.972,25984.348845518718,11.376845518716436
3353.0,-1.0,25984.348845518718,25988.469,4.1201544812829525
3354.0,1.0,25988.469,25999.87963344676,11.410633446757856
3355.0,-1.0,25999.87963344676,26003.966,4.0863665532415325
3356.0,1.0,26003.966,26015.40506960836,11.439069608361024
3357.0,-1.0,26015.40506960836,26019.463,4.057930391638365
3358.0,1.0,26019.463,26030.955289342168,11.492289342168078
3359.0,-1.0,26030.955289342168,26034.96,4.0047106578313105
3360.0,1.0,26034.96,26046.463777673438,11.50377767343889
3361.0,-1.0,26046.463777673438,26050.457,3.993222326560499
3362.0,1.0,26050.457,26061.8697140272,11.412714027203037
3363.0,-1.0,26061.8697140272,26065.953999999998,4.084285972796351
3364.0,1.0,26065.954,26076.938295222877,10.984295222875517
3365.0,-1.0,26076.938295222877,26081.451,4.512704777123872
3366.0,1.0,26081.451,26091.530938573294,10.079938573293475
3367.0,-1.0,26091.530938573294,26096.948,5.417061426705914
3368.0,1.0,26096.948,26105.92905748073,8.98105748073067
3369.0,-1.0,26105.92905748073,26112.445,6.5159425192687195
3370.0,1.0,26112.445,26119.349453408366,6.904453408365953
3371.0,-1.0,26119.349453408366,26127.942,8.592546591633436
3372.0,1.0,26127.942,26130.833310586953,2.891310586954205
3373.0,-1.0,26130.833310586953,26143.439,12.605689413045184
3374.0,1.0,26143.439,26144.17338138172,0.7343813817205955
3375.0,-1.0,26144.17338138172,26158.935999999998,14.762618618278793
3376.0,1.0,26158.936,26160.604850077176,1.6688500771742838
3377.0,-1.0,26160.604850077176,26174.433,13.828149922825105
3378.0,1.0,26174.433,26175.345065201996,0.9120652019955742
3379.0,-1.0,26175.345065201996,26189.93,14.584934798003815
3380.0,1.0,26189.93,26190.633181931265,0.7031819312651351
3381.0,-1.0,26190.633181931265,26205.427,14.793818068734254
3382.0,1.0,26205.427,26205.927320398918,0.5003203989181202
3383.0,-1.0,26205.927320398918,26220.924,14.996679601081269
3384.0,1.0,26220.924,26223.170675136596,2.2466751365973323
3385.0,-1.0,26223.170675136596,26236.421,13.250324863402057
3386.0,1.0,26236.421,26241.59735409186,5.176354091861867
3387.0,-1.0,26241.59735409186,26251.917999999998,10.320645908137521
3388.0,1.0,26251.918,26259.755258371133,7.837258371131611
3389.0,-1.0,26259.755258371133,26267.415,7.659741628867778
3390.0,1.0,26267.415,26277.3250221805,9.910022180498345
3391.0,-1.0,26277.3250221805,26282.912,5.586977819501044
3392.0,1.0,26282.912,26294.32933944441,11.417339444411482
3393.0,-1.0,26294.32933944441,26298.409,4.079660555587907
3394.0,1.0,26298.409,26310.432143981943,12.023143981943576
3395.0,-1.0,26310.432143981943,26313.906,3.4738560180558125
3396.0,1.0,26313.906,26326.206356548482,12.30035654848325
3397.0,-1.0,26326.206356548482,26329.403,3.196643451516138
3398.0,1.0,26329.403,26341.94344701295,12.540447012950608
3399.0,-1.0,26341.94344701295,26344.899999999998,2.956552987048781
3400.0,1.0,26344.9,26357.67179583086,12.771795830860356
3401.0,-1.0,26357.67179583086,26360.397,2.725204169139033
3402.0,1.0,26360.397,26373.145459482355,12.74845948235452
3403.0,-1.0,26373.145459482355,26375.894,2.7485405176448694
3404.0,1.0,26375.894,26388.32593823763,12.431938237630675
3405.0,-1.0,26388.32593823763,26391.391,3.065061762368714
3406.0,1.0,26391.391,26404.41843412068,13.027434120678663
3407.0,-1.0,26404.41843412068,26406.888,2.469565879320726
3408.0,1.0,26406.888,26419.897889591088,13.009889591088722
3409.0,-1.0,26419.897889591088,26422.385,2.4871104089106666
3410.0,1.0,26422.385,26435.433146619507,13.04814661950877
3411.0,-1.0,26435.433146619507,26437.881999999998,2.4488533804906183
3412.0,1.0,26437.882,26450.908162832795,13.026162832793489
3413.0,-1.0,26450.908162832795,26453.379,2.4708371672059
3414.0,1.0,26453.379,26466.821177274225,13.442177274224377
3415.0,-1.0,26466.821177274225,26468.876,2.0548227257750113
3416.0,1.0,26468.876,26482.557396957203,13.681396957203106
3417.0,-1.0,26482.557396957203,26484.373,1.8156030427962833
3418.0,1.0,26484.373,26498.02973742123,13.65673742123181
3419.0,-1.0,26498.02973742123,26499.87,1.8402625787675788
3420.0,1.0,26499.87,26513.485043809753,13.615043809753843
3421.0,-1.0,26513.485043809753,26515.367,1.8819561902455462
3422.0,1.0,26515.367,26529.1956879236,13.828687923600228
3423.0,-1.0,26529.1956879236,26530.863999999998,1.668312076399161
3424.0,1.0,26530.864,26545.10522574737,14.241225747369754
3425.0,-1.0,26545.10522574737,26546.361,1.2557742526296352
3426.0,1.0,26546.361,26560.390990933873,14.029990933871886
3427.0,-1.0,26560.390990933873,26561.858,1.4670090661275026
3428.0,1.0,26561.858,26568.47410552017,6.616105520170095
3429.0,-1.0,26568.47410552017,26577.355,8.880894479829294
3430.0,1.0,26577.355,26591.831157817945,14.476157817945932
3431.0,-1.0,26591.831157817945,26592.852,1.0208421820534568
3432.0,1.0,26592.852,26607.369001109586,14.517001109587
3433.0,-1.0,26607.369001109586,26608.349,0.9799988904123893
3434.0,1.0,26608.349,26622.973040901667,14.624040901668195
3435.0,-1.0,26622.973040901667,26623.845999999998,0.8729590983311937
3436.0,1.0,26623.846,26638.180515571163,14.334515571161319
3437.0,-1.0,26638.180515571163,26639.343,1.16248442883807
3438.0,1.0,26639.343,26653.790882960522,14.447882960521383
3439.0,-1.0,26653.790882960522,26654.84,1.0491170394780056
3440.0,1.0,26654.84,26669.54692972588,14.706929725878581
3441.0,-1.0,26669.54692972588,26670.337,0.7900702741208079
3442.0,1.0,26670.337,26685.223655176273,14.886655176273052
3443.0,-1.0,26685.223655176273,26685.834,0.6103448237263365
3444.0,1.0,26685.834,26700.831,14.996999999999389
3445.0,-1.0,26700.831,26701.331,0.5
3446.0,1.0,26701.331,26716.327999999998,14.996999999999389
3447.0,-1.0,26716.327999999998,26716.827999999998,0.5
3448.0,1.0,26716.828,26731.71684532728,14.888845327277522
3449.0,-1.0,26731.71684532728,26732.325,0.6081546727218665
3450.0,1.0,26732.325,26747.322,14.996999999999389
3451.0,-1.0,26747.322,26747.822,0.5
3452.0,1.0,26747.822,26762.819,14.996999999999389
3453.0,-1.0,26762.819,26763.319,0.5
3454.0,1.0,26763.319,26778.168581135655,14.849581135655171
3455.0,-1.0,26778.168581135655,26778.816,0.6474188643442176
3456.0,1.0,26778.816,26793.80869672151,14.992696721510583
3457.0,-1.0,26793.80869672151,26794.313,0.5043032784888055
3458.0,1.0,26794.313,26809.286749481424,14.97374948142533
3459.0,-1.0,26809.286749481424,26809.809999999998,0.5232505185740592
3460.0,1.0,26809.81,26824.615926806124,14.805926806122443
3461.0,-1.0,26824.615926806124,26825.307,0.6910731938769459
3462.0,1.0,26825.307,26840.303811920206,14.9968119202058
3463.0,-1.0,26840.303811920206,26840.804,0.5001880797935883
3464.0,1.0,26840.804,26855.653950067906,14.84995006790632
3465.0,-1.0,26855.653950067906,26856.301,0.6470499320930685
3466.0,1.0,26856.301,26871.21857063608,14.9175706360802
3467.0,-1.0,26871.21857063608,26871.798,0.5794293639191892
3468.0,1.0,26871.798,26886.794215237318,14.99621523731912
3469.0,-1.0,26886.794215237318,26887.295,0.5007847626802686
3470.0,1.0,26887.295,26902.091186909398,14.796186909399694
3471.0,-1.0,26902.091186909398,26902.791999999998,0.700813090599695
3472.0,1.0,26902.792,26917.78790816441,14.99590816440832
3473.0,-1.0,26917.78790816441,26918.289,0.501091835591069
3474.0,1.0,26918.289,26933.285276561324,14.996276561323612
3475.0,-1.0,26933.285276561324,26933.786,0.5007234386757773
3476.0,1.0,26933.786,26948.783,14.996999999999389
3477.0,-1.0,26948.783,26949.283,0.5
3478.0,1.0,26949.283,26964.279051751208,14.996051751208142
3479.0,-1.0,26964.279051751208,26964.78,0.5009482487912464
3480.0,1.0,26964.78,26979.777,14.996999999999389
3481.0,-1.0,26979.777,26980.277,0.5
3482.0,1.0,26980.277,26995.273999999998,14.996999999999389
3483.0,-1.0,26995.273999999998,26995.773999999998,0.5
3484.0,1.0,26995.774,27010.771,14.996999999999389
3485.0,-1.0,27010.771,27011.271,0.5
3486.0,1.0,27011.271,27026.268,14.996999999999389
3487.0,-1.0,27026.268,27026.768,0.5
3488.0,1.0,27026.768,27041.765,14.996999999999389
3489.0,-1.0,27041.765,27042.265,0.5
3490.0,1.0,27042.265,27057.262,14.996999999999389
3491.0,-1.0,27057.262,27057.762,0.5
3492.0,1.0,27057.762,27072.759,14.996999999999389
3493.0,-1.0,27072.759,27073.259,0.5
3494.0,1.0,27073.259,27088.255999999998,14.996999999999389
3495.0,-1.0,27088.255999999998,27088.755999999998,0.5
3496.0,1.0,27088.756,27103.753,14.996999999999389
3497.0,-1.0,27103.753,27104.253,0.5
3498.0,1.0,27104.253,27119.25,14.996999999999389
3499.0,-1.0,27119.25,27119.75,0.5
3500.0,1.0,27119.75,27134.747,14.996999999999389
3501.0,-1.0,27134.747,27135.247,0.5
3502.0,1.0,27135.247,27150.244,14.996999999999389
3503.0,-1.0,27150.244,27150.744,0.5
3504.0,1.0,27150.744,27165.740999999998,14.996999999999389
3505.0,-1.0,27165.740999999998,27166.240999999998,0.5
3506.0,1.0,27166.240999999998,27181.237999999998,14.996999999999389
3507.0,-1.0,27181.237999999998,27181.737999999998,0.5
3508.0,1.0,27181.738,27196.735,14.996999999999389
3509.0,-1.0,27196.735,27197.235,0.5
3510.0,1.0,27197.235,27212.232,14.996999999999389
3511.0,-1.0,27212.232,27212.732,0.5
3512.0,1.0,27212.732,27227.729,14.996999999999389
3513.0,-1.0,27227.729,27228.229,0.5
3514.0,1.0,27228.229,27243.226,14.996999999999389
3515.0,-1.0,27243.226,27243.726,0.5
3516.0,1.0,27243.726,27258.722999999998,14.996999999999389
3517.0,-1.0,27258.722999999998,27259.222999999998,0.5
3518.0,1.0,27259.222999999998,27274.219999999998,14.996999999999389
3519.0,-1.0,27274.219999999998,27274.719999999998,0.5
3520.0,1.0,27274.72,27289.717,14.996999999999389
3521.0,-1.0,27289.717,27290.217,0.5
3522.0,1.0,27290.217,27305.214,14.996999999999389
3523.0,-1.0,27305.214,27305.714,0.5
3524.0,1.0,27305.714,27320.711,14.996999999999389
3525.0,-1.0,27320.711,27321.211,0.5
3526.0,1.0,27321.211,27336.208,14.996999999999389
3527.0,-1.0,27336.208,27336.708,0.5
3528.0,1.0,27336.708,27351.704999999998,14.996999999999389
3529.0,-1.0,27351.704999999998,27352.204999999998,0.5
3530.0,1.0,27352.204999999998,27367.201999999997,14.996999999999389
3531.0,-1.0,27367.201999999997,27367.701999999997,0.5
3532.0,1.0,27367.702,27382.699,14.996999999999389
3533.0,-1.0,27382.699,27383.199,0.5
3534.0,1.0,27383.199,27398.196,14.996999999999389
3535.0,-1.0,27398.196,27398.696,0.5
3536.0,1.0,27398.696,27413.693,14.996999999999389
3537.0,-1.0,27413.693,27414.193,0.5
3538.0,1.0,27414.193,27429.19,14.996999999999389
3539.0,-1.0,27429.19,27429.69,0.5
3540.0,1.0,27429.69,27444.686999999998,14.996999999999389
3541.0,-1.0,27444.686999999998,27445.186999999998,0.5
3542.0,1.0,27445.186999999998,27460.183999999997,14.996999999999389
3543.0,-1.0,27460.183999999997,27460.683999999997,0.5
3544.0,1.0,27460.684,27475.681,14.996999999999389
3545.0,-1.0,27475.681,27476.181,0.5
3546.0,1.0,27476.181,27491.178,14.996999999999389
3547.0,-1.0,27491.178,27491.678,0.5
3548.0,1.0,27491.678,27506.675,14.996999999999389
3549.0,-1.0,27506.675,27507.175,0.5
3550.0,1.0,27507.175,27522.172,14.996999999999389
3551.0,-1.0,27522.172,27522.672,0.5
3552.0,1.0,27522.672,27537.668999999998,14.996999999999389
3553.0,-1.0,27537.668999999998,27538.168999999998,0.5
3554.0,1.0,27538.168999999998,27553.165999999997,14.996999999999389
3555.0,-1.0,27553.165999999997,27553.665999999997,0.5
3556.0,1.0,27553.666,27568.663,14.996999999999389
3557.0,-1.0,27568.663,27569.163,0.5
3558.0,1.0,27569.163,27584.16,14.996999999999389
3559.0,-1.0,27584.16,27584.66,0.5
3560.0,1.0,27584.66,27599.657,14.996999999999389
3561.0,-1.0,27599.657,27600.157,0.5
3562.0,1.0,27600.157,27615.154,14.996999999999389
3563.0,-1.0,27615.154,27615.654,0.5
3564.0,1.0,27615.654,27630.650999999998,14.996999999999389
3565.0,-1.0,27630.650999999998,27631.150999999998,0.5
3566.0,1.0,27631.150999999998,27646.147999999997,14.996999999999389
3567.0,-1.0,27646.147999999997,27646.647999999997,0.5
3568.0,1.0,27646.648,27661.645,14.996999999999389
3569.0,-1.0,27661.645,27662.145,0.5
3570.0,1.0,27662.145,27677.142,14.996999999999389
3571.0,-1.0,27677.142,27677.642,0.5
3572.0,1.0,27677.642,27692.639,14.996999999999389
3573.0,-1.0,27692.639,27693.139,0.5
3574.0,1.0,27693.139,27708.136,14.996999999999389
3575.0,-1.0,27708.136,27708.636,0.5
3576.0,1.0,27708.636,27723.632999999998,14.996999999999389
3577.0,-1.0,27723.632999999998,27724.132999999998,0.5
3578.0,1.0,27724.132999999998,27739.129999999997,14.996999999999389
3579.0,-1.0,27739.129999999997,27739.629999999997,0.5
3580.0,1.0,27739.63,27754.627,14.996999999999389
3581.0,-1.0,27754.627,27755.127,0.5
3582.0,1.0,27755.127,27770.124,14.996999999999389
3583.0,-1.0,27770.124,27770.624,0.5
3584.0,1.0,27770.624,27785.621,14.996999999999389
3585.0,-1.0,27785.621,27786.121,0.5
3586.0,1.0,27786.121,27801.118,14.996999999999389
3587.0,-1.0,27801.118,27801.618,0.5
3588.0,1.0,27801.618,27816.614999999998,14.996999999999389
3589.0,-1.0,27816.614999999998,27817.114999999998,0.5
3590.0,1.0,27817.115,27832.112,14.996999999999389
3591.0,-1.0,27832.112,27832.612,0.5
3592.0,1.0,27832.612,27847.609,14.996999999999389
3593.0,-1.0,27847.609,27848.109,0.5
3594.0,1.0,27848.109,27863.106,14.996999999999389
3595.0,-1.0,27863.106,27863.606,0.5
3596.0,1.0,27863.606,27878.603,14.996999999999389
3597.0,-1.0,27878.603,27879.103,0.5
3598.0,1.0,27879.103,27894.1,14.996999999999389
3599.0,-1.0,27894.1,27894.6,0.5
3600.0,1.0,27894.6,27909.596999999998,14.996999999999389
3601.0,-1.0,27909.596999999998,27910.096999999998,0.5
3602.0,1.0,27910.097,27925.094,14.996999999999389
3603.0,-1.0,27925.094,27925.594,0.5
3604.0,1.0,27925.594,27940.591,14.996999999999389
3605.0,-1.0,27940.591,27941.091,0.5
3606.0,1.0,27941.091,27956.088,14.996999999999389
3607.0,-1.0,27956.088,27956.588,0.5
3608.0,1.0,27956.588,27971.585,14.996999999999389
3609.0,-1.0,27971.585,27972.085,0.5
3610.0,1.0,27972.085,27987.082,14.996999999999389
3611.0,-1.0,27987.082,27987.582,0.5
3612.0,1.0,27987.582,28002.578999999998,14.996999999999389
3613.0,-1.0,28002.578999999998,28003.078999999998,0.5
3614.0,1.0,28003.079,28018.076,14.996999999999389
3615.0,-1.0,28018.076,28018.576,0.5
3616.0,1.0,28018.576,28033.573,14.996999999999389
3617.0,-1.0,28033.573,28034.073,0.5
3618.0,1.0,28034.073,28049.07,14.996999999999389
3619.0,-1.0,28049.07,28049.57,0.5
3620.0,1.0,28049.57,28064.567,14.996999999999389
3621.0,-1.0,28064.567,28065.067,0.5
3622.0,1.0,28065.067,28080.064,14.996999999999389
3623.0,-1.0,28080.064,28080.564,0.5
3624.0,1.0,28080.564,28095.560999999998,14.996999999999389
3625.0,-1.0,28095.560999999998,28096.060999999998,0.5
3626.0,1.0,28096.061,28111.058,14.996999999999389
3627.0,-1.0,28111.058,28111.558,0.5
3628.0,1.0,28111.558,28126.555,14.996999999999389
3629.0,-1.0,28126.555,28127.055,0.5
3630.0,1.0,28127.055,28142.052,14.996999999999389
3631.0,-1.0,28142.052,28142.552,0.5
3632.0,1.0,28142.552,28157.549,14.996999999999389
3633.0,-1.0,28157.549,28158.049,0.5
3634.0,1.0,28158.049,28173.046,14.996999999999389
3635.0,-1.0,28173.046,28173.546,0.5
3636.0,1.0,28173.546,28188.542999999998,14.996999999999389
3637.0,-1.0,28188.542999999998,28189.042999999998,0.5
3638.0,1.0,28189.043,28204.04,14.996999999999389
3639.0,-1.0,28204.04,28204.54,0.5
3640.0,1.0,28204.54,28219.537,14.996999999999389
3641.0,-1.0,28219.537,28220.037,0.5
3642.0,1.0,28220.037,28235.034,14.996999999999389
3643.0,-1.0,28235.034,28235.534,0.5
3644.0,1.0,28235.534,28250.531,14.996999999999389
3645.0,-1.0,28250.531,28251.031,0.5
3646.0,1.0,28251.031,28266.028,14.996999999999389
3647.0,-1.0,28266.028,28266.528,0.5
3648.0,1.0,28266.528,28281.524999999998,14.996999999999389
3649.0,-1.0,28281.524999999998,28282.024999999998,0.5
3650.0,1.0,28282.025,28297.022,14.996999999999389
3651.0,-1.0,28297.022,28297.522,0.5
3652.0,1.0,28297.522,28312.519,14.996999999999389
3653.0,-1.0,28312.519,28313.019,0.5
3654.0,1.0,28313.019,28328.016,14.996999999999389
3655.0,-1.0,28328.016,28328.516,0.5
3656.0,1.0,28328.516,28343.513,14.996999999999389
3657.0,-1.0,28343.513,28344.013,0.5
3658.0,1.0,28344.013,28359.01,14.996999999999389
3659.0,-1.0,28359.01,28359.51,0.5
3660.0,1.0,28359.51,28374.506999999998,14.996999999999389
3661.0,-1.0,28374.506999999998,28375.006999999998,0.5
3662.0,1.0,28375.007,28390.004,14.996999999999389
3663.0,-1.0,28390.004,28390.504,0.5
3664.0,1.0,28390.504,28405.501,14.996999999999389
3665.0,-1.0,28405.501,28406.001,0.5
3666.0,1.0,28406.001,28420.998,14.996999999999389
3667.0,-1.0,28420.998,28421.498,0.5
3668.0,1.0,28421.498,28436.495,14.996999999999389
3669.0,-1.0,28436.495,28436.995,0.5
3670.0,1.0,28436.995,28451.992,14.996999999999389
3671.0,-1.0,28451.992,28452.492,0.5
3672.0,1.0,28452.492,28467.488999999998,14.996999999999389
3673.0,-1.0,28467.488999999998,28467.988999999998,0.5
3674.0,1.0,28467.989,28482.986,14.996999999999389
3675.0,-1.0,28482.986,28483.486,0.5
3676.0,1.0,28483.486,28498.483,14.996999999999389
3677.0,-1.0,28498.483,28498.983,0.5
3678.0,1.0,28498.983,28513.98,14.996999999999389
3679.0,-1.0,28513.98,28514.48,0.5
3680.0,1.0,28514.48,28529.477,14.996999999999389
3681.0,-1.0,28529.477,28529.977,0.5
3682.0,1.0,28529.977,28544.974,14.996999999999389
3683.0,-1.0,28544.974,28545.474,0.5
3684.0,1.0,28545.474,28560.470999999998,14.996999999999389
3685.0,-1.0,28560.470999999998,28560.970999999998,0.5
3686.0,1.0,28560.971,28575.968,14.996999999999389
3687.0,-1.0,28575.968,28576.468,0.5
3688.0,1.0,28576.468,28591.465,14.996999999999389
3689.0,-1.0,28591.465,28591.965,0.5
3690.0,1.0,28591.965,28606.962,14.996999999999389
3691.0,-1.0,28606.962,28607.462,0.5
3692.0,1.0,28607.462,28622.459,14.996999999999389
3693.0,-1.0,28622.459,28622.959,0.5
3694.0,1.0,28622.959,28637.956,14.996999999999389
3695.0,-1.0,28637.956,28638.456,0.5
3696.0,1.0,28638.456,28653.452999999998,14.996999999999389
3697.0,-1.0,28653.452999999998,28653.952999999998,0.5
3698.0,1.0,28653.953,28668.95,14.996999999999389
3699.0,-1.0,28668.95,28669.45,0.5
3700.0,1.0,28669.45,28684.447,14.996999999999389
3701.0,-1.0,28684.447,28684.947,0.5
3702.0,1.0,28684.947,28699.944,14.996999999999389
3703.0,-1.0,28699.944,28700.444,0.5
3704.0,1.0,28700.444,28715.441,14.996999999999389
3705.0,-1.0,28715.441,28715.941,0.5
3706.0,1.0,28715.941,28730.938,14.996999999999389
3707.0,-1.0,28730.938,28731.438,0.5
3708.0,1.0,28731.438,28746.407754409316,14.96975440931783
3709.0,-1.0,28746.407754409316,28746.934999999998,0.5272455906815594
3710.0,1.0,28746.935,28761.932,14.996999999999389
3711.0,-1.0,28761.932,28762.432,0.5
3712.0,1.0,28762.432,28777.429,14.996999999999389
3713.0,-1.0,28777.429,28777.929,0.5
3714.0,1.0,28777.929,28792.926,14.996999999999389
3715.0,-1.0,28792.926,28793.426,0.5
3716.0,1.0,28793.426,28807.952692449424,14.526692449424445
3717.0,-1.0,28807.952692449424,28808.923,0.9703075505749439
3718.0,1.0,28808.923,28823.88322435021,14.96022435021223
3719.0,-1.0,28823.88322435021,28824.42,0.5367756497871596
3720.0,1.0,28824.42,28839.32893047642,14.90893047642021
3721.0,-1.0,28839.32893047642,28839.916999999998,0.5880695235791791
3722.0,1.0,28839.917,28854.89567937726,14.978679377258231
3723.0,-1.0,28854.89567937726,28855.414,0.5183206227411574
3724.0,1.0,28855.414,28870.405668259064,14.991668259062862
3725.0,-1.0,28870.405668259064,28870.911,0.5053317409365263
3726.0,1.0,28870.911,28885.62187358788,14.710873587879178
3727.0,-1.0,28885.62187358788,28886.408,0.7861264121202112
3728.0,1.0,28886.408,28901.001029787403,14.593029787403793
3729.0,-1.0,28901.001029787403,28901.905,0.9039702125955955
3730.0,1.0,28901.905,28916.513027766377,14.608027766378655
3731.0,-1.0,28916.513027766377,28917.402,0.8889722336207342
3732.0,1.0,28917.402,28932.009094251625,14.607094251627132
3733.0,-1.0,28932.009094251625,28932.898999999998,0.8899057483722572
3734.0,1.0,28932.899,28947.66501219384,14.766012193838833
3735.0,-1.0,28947.66501219384,28948.396,0.7309878061605559
3736.0,1.0,28948.396,28963.042144152332,14.646144152331544
3737.0,-1.0,28963.042144152332,28963.893,0.8508558476678445
3738.0,1.0,28963.893,28978.422886378215,14.529886378215451
3739.0,-1.0,28978.422886378215,28979.39,0.9671136217839376
3740.0,1.0,28979.39,28993.802865085047,14.412865085047088
3741.0,-1.0,28993.802865085047,28994.887,1.0841349149523012
3742.0,1.0,28994.887,29009.177629184418,14.290629184419231
3743.0,-1.0,29009.177629184418,29010.384,1.2063708155801578
3744.0,1.0,29010.384,29024.572155342197,14.188155342199025
3745.0,-1.0,29024.572155342197,29025.880999999998,1.308844657800364
3746.0,1.0,29025.881,29039.954541429273,14.073541429272154
3747.0,-1.0,29039.954541429273,29041.378,1.4234585707272345
3748.0,1.0,29041.378,29055.367190416575,13.989190416574274
3749.0,-1.0,29055.367190416575,29056.875,1.5078095834251144
3750.0,1.0,29056.875,29070.77581027936,13.900810279359575
3751.0,-1.0,29070.77581027936,29072.372,1.5961897206398135
3752.0,1.0,29072.372,29086.22973963649,13.857739636488986
3753.0,-1.0,29086.22973963649,29087.869,1.6392603635104024
3754.0,1.0,29087.869,29101.601169577116,13.73216957711702
3755.0,-1.0,29101.601169577116,29103.365999999998,1.764830422882369
3756.0,1.0,29103.365999999998,29116.993950256838,13.62795025683954
3757.0,-1.0,29116.993950256838,29118.862999999998,1.8690497431598487
3758.0,1.0,29118.863,29132.455794018286,13.592794018284621
3759.0,-1.0,29132.455794018286,29134.36,1.9042059817147674
3760.0,1.0,29134.36,29147.900631496766,13.540631496765855
3761.0,-1.0,29147.900631496766,29149.857,1.9563685032335343
3762.0,1.0,29149.857,29163.33022080982,13.473220809821214
3763.0,-1.0,29163.33022080982,29165.354,2.0237791901781748
3764.0,1.0,29165.354,29178.77723448226,13.423234482259431
3765.0,-1.0,29178.77723448226,29180.851,2.0737655177399574
3766.0,1.0,29180.851,29194.27559853124,13.424598531240918
3767.0,-1.0,29194.27559853124,29196.347999999998,2.0724014687584713
3768.0,1.0,29196.347999999998,29209.77725614516,13.429256145162071
3769.0,-1.0,29209.77725614516,29211.844999999998,2.0677438548373175
3770.0,1.0,29211.845,29225.141237636715,13.296237636714068
3771.0,-1.0,29225.141237636715,29227.342,2.200762363285321
3772.0,1.0,29227.342,29240.764806751038,13.42280675103757
3773.0,-1.0,29240.764806751038,29242.839,2.0741932489618193
3774.0,1.0,29242.839,29256.12931707462,13.29031707462127
3775.0,-1.0,29256.12931707462,29258.336,2.206682925378118
3776.0,1.0,29258.336,29271.575612933237,13.239612933237368
3777.0,-1.0,29271.575612933237,29273.833,2.2573870667620213
3778.0,1.0,29273.833,29287.148859200315,13.315859200316481
3779.0,-1.0,29287.148859200315,29289.329999999998,2.1811407996829075
3780.0,1.0,29289.329999999998,29302.072211798903,12.742211798904464
3781.0,-1.0,29302.072211798903,29304.826999999997,2.754788201094925
3782.0,1.0,29304.827,29317.94393751245,13.116937512448203
3783.0,-1.0,29317.94393751245,29320.324,2.3800624875511858
3784.0,1.0,29320.324,29333.291039972766,12.967039972765633
3785.0,-1.0,29333.291039972766,29335.821,2.5299600272337557
3786.0,1.0,29335.821,29348.824296354123,13.00329635412345
3787.0,-1.0,29348.824296354123,29351.318,2.4937036458759394
3788.0,1.0,29351.318,29364.293031665402,12.97503166540264
3789.0,-1.0,29364.293031665402,29366.815,2.5219683345967496
3790.0,1.0,29366.815,29379.746454884455,12.931454884455889
3791.0,-1.0,29379.746454884455,29382.311999999998,2.5655451155435003
3792.0,1.0,29382.311999999998,29395.121688445586,12.809688445588108
3793.0,-1.0,29395.121688445586,29397.808999999997,2.6873115544112807
3794.0,1.0,29397.809,29410.612676416742,12.803676416740927
3795.0,-1.0,29410.612676416742,29413.306,2.6933235832584614
3796.0,1.0,29413.306,29426.134200733053,12.828200733052654
3797.0,-1.0,29426.134200733053,29428.803,2.668799266946735
3798.0,1.0,29428.803,29441.55347202185,12.750472021849419
3799.0,-1.0,29441.55347202185,29444.3,2.7465279781499703
3800.0,1.0,29444.3,29457.001773669763,12.701773669763497
3801.0,-1.0,29457.001773669763,29459.797,2.7952263302358915
3802.0,1.0,29459.797,29472.466747873223,12.669747873223969
3803.0,-1.0,29472.466747873223,29475.293999999998,2.82725212677542
3804.0,1.0,29475.293999999998,29487.930486436937,12.636486436938867
3805.0,-1.0,29487.930486436937,29490.790999999997,2.860513563060522
3806.0,1.0,29490.791,29503.393351897656,12.602351897654444
3807.0,-1.0,29503.393351897656,29506.288,2.894648102344945
3808.0,1.0,29506.288,29518.85584556724,12.567845567238692
3809.0,-1.0,29518.85584556724,29521.785,2.929154432760697
3810.0,1.0,29521.785,29534.321772313524,12.536772313524125
3811.0,-1.0,29534.321772313524,29537.282,2.960227686475264
3812.0,1.0,29537.282,29549.803791820792,12.521791820792714
3813.0,-1.0,29549.803791820792,29552.779,2.9752081792066747
3814.0,1.0,29552.779,29565.258259001275,12.47925900127666
3815.0,-1.0,29565.258259001275,29568.275999999998,3.0177409987227293
3816.0,1.0,29568.275999999998,29580.729672204267,12.453672204268514
3817.0,-1.0,29580.729672204267,29583.772999999997,3.0433277957308746
3818.0,1.0,29583.773,29596.202919113195,12.429919113194046
3819.0,-1.0,29596.202919113195,29599.27,3.0670808868053427
3820.0,1.0,29599.27,29611.655147494428,12.385147494427656
3821.0,-1.0,29611.655147494428,29614.767,3.1118525055717328
3822.0,1.0,29614.767,29627.128173386893,12.361173386892915
3823.0,-1.0,29627.128173386893,29630.264,3.135826613106474
3824.0,1.0,29630.264,29642.63406594656,12.370065946561226
3825.0,-1.0,29642.63406594656,29645.761,3.1269340534381627
3826.0,1.0,29645.761,29658.062908222568,12.301908222569182
3827.0,-1.0,29658.062908222568,29661.257999999998,3.195091777430207
3828.0,1.0,29661.257999999998,29673.559727624706,12.301727624708292
3829.0,-1.0,29673.559727624706,29676.754999999997,3.195272375291097
3830.0,1.0,29676.755,29689.14669561348,12.391695613478078
3831.0,-1.0,29689.14669561348,29692.252,3.1053043865213112
3832.0,1.0,29692.252,29704.548316680255,12.296316680254677
3833.0,-1.0,29704.548316680255,29707.749,3.200683319744712
3834.0,1.0,29707.749,29719.9684330196,12.219433019599819
3835.0,-1.0,29719.9684330196,29723.246,3.2775669803995697
3836.0,1.0,29723.246,29735.521369151593,12.275369151593623
3837.0,-1.0,29735.521369151593,29738.743,3.2216308484057663
3838.0,1.0,29738.743,29751.009616026793,12.266616026794509
3839.0,-1.0,29751.009616026793,29754.239999999998,3.23038397320488
3840.0,1.0,29754.239999999998,29766.49140247215,12.251402472153131
3841.0,-1.0,29766.49140247215,29769.736999999997,3.2455975278462574
3842.0,1.0,29769.737,29782.005323748355,12.268323748354305
3843.0,-1.0,29782.005323748355,29785.234,3.2286762516450835
3844.0,1.0,29785.234,29797.483878183364,12.249878183363762
3845.0,-1.0,29797.483878183364,29800.731,3.2471218166356266
3846.0,1.0,29800.731,29813.004254767875,12.273254767875187
3847.0,-1.0,29813.004254767875,29816.228,3.2237452321242017
3848.0,1.0,29816.228,29828.410596830927,12.18259683092765
3849.0,-1.0,29828.410596830927,29831.725,3.3144031690717384
3850.0,1.0,29831.725,29843.963842121702,12.238842121703783
3851.0,-1.0,29843.963842121702,29847.221999999998,3.2581578782956058
3852.0,1.0,29847.222,29859.46158686342,12.23958686341939
3853.0,-1.0,29859.46158686342,29862.719,3.2574131365799985
3854.0,1.0,29862.719,29874.807601539687,12.088601539686351
3855.0,-1.0,29874.807601539687,29878.216,3.4083984603130375
3856.0,1.0,29878.216,29890.380892966463,12.164892966462503
3857.0,-1.0,29890.380892966463,29893.713,3.332107033536886
3858.0,1.0,29893.713,29905.664518833615,11.95151883361541
3859.0,-1.0,29905.664518833615,29909.21,3.545481166383979
3860.0,1.0,29909.21,29909.71,0.5
3861.0,-1.0,29909.71,29924.707,14.996999999999389
3862.0,1.0,29924.707,29925.207,0.5
3863.0,-1.0,29925.207,29940.203999999998,14.996999999999389
3864.0,1.0,29940.204,29940.704,0.5
3865.0,-1.0,29940.704,29955.701,14.996999999999389
3866.0,1.0,29955.701,29956.201,0.5
3867.0,-1.0,29956.201,29971.198,14.996999999999389
3868.0,1.0,29971.198,29971.698,0.5
3869.0,-1.0,29971.698,29986.695,14.996999999999389
