domain_index,orientation,z_start_um,z_end_um,length_um
0.0,1.0,0.0,0.00648901531383673,0.00648901531383673
1.0,-1.0,0.00648901531383673,15.497,15.490510984686162
2.0,1.0,15.497,17.302531579244146,1.8055315792441462
3.0,-1.0,17.302531579244146,30.994,13.691468420755854
4.0,1.0,30.994,31.01653741275273,0.02253741275272958
5.0,-1.0,31.01653741275273,46.491,15.47446258724727
6.0,1.0,46.491,46.491,0.0
7.0,-1.0,46.491,61.988,15.497
8.0,1.0,61.988,62.08569304403989,0.0976930440398931
9.0,-1.0,62.08569304403989,77.485,15.399306955960107
10.0,1.0,77.485,79.21096334827295,1.7259633482729555
11.0,-1.0,79.21096334827295,92.982,13.771036651727044
12.0,1.0,92.982,94.87863150349216,1.8966315034921593
13.0,-1.0,94.87863150349216,108.479,13.60036849650784
14.0,1.0,108.479,108.47900000766982,7.669825663469965e-09
15.0,-1.0,108.47900000766982,123.976,15.496999992330174
16.0,1.0,123.976,126.93835893883983,2.9623589388398273
17.0,-1.0,126.93835893883983,139.473,12.534641061160187
18.0,1.0,139.473,140.88412756526066,1.4111275652606423
19.0,-1.0,140.88412756526066,154.97000000000003,14.085872434739372
20.0,1.0,154.97,155.4956089669142,0.5256089669142057
21.0,-1.0,155.4956089669142,170.46699999999998,14.97139103308578
22.0,1.0,170.46699999999998,172.18689631717615,1.7198963171761648
23.0,-1.0,172.18689631717615,185.964,13.77710368282385
24.0,1.0,185.964,185.98598596310384,0.021985963103844597
25.0,-1.0,185.98598596310384,201.461,15.47501403689617
26.0,1.0,201.461,203.20054203776618,1.7395420377661708
27.0,-1.0,203.20054203776618,216.95800000000003,13.757457962233843
28.0,1.0,216.958,217.083502831005,0.12550283100500792
29.0,-1.0,217.083502831005,232.45499999999998,15.371497168994978
30.0,1.0,232.45499999999998,235.10713231846603,2.6521323184660446
31.0,-1.0,235.10713231846603,247.952,12.84486768153397
32.0,1.0,247.952,247.9640603632899,0.012060363289890574
33.0,-1.0,247.9640603632899,263.449,15.484939636710124
34.0,1.0,263.449,264.28613451334047,0.8371345133404589
35.0,-1.0,264.28613451334047,278.946,14.659865486659555
36.0,1.0,278.946,279.2489979396703,0.3029979396702629
37.0,-1.0,279.2489979396703,294.44300000000004,15.194002060329751
38.0,1.0,294.443,294.5216640378388,0.0786640378387915
39.0,-1.0,294.5216640378388,309.94,15.418335962161223
40.0,1.0,309.94,310.3417412697309,0.4017412697309055
41.0,-1.0,310.3417412697309,325.437,15.095258730269109
42.0,1.0,325.437,325.437,0.0
43.0,-1.0,325.437,340.934,15.497000000000014
44.0,1.0,340.93399999999997,341.78356965860934,0.8495696586093686
45.0,-1.0,341.78356965860934,356.431,14.647430341390645
46.0,1.0,356.431,356.43114685722315,0.00014685722317153704
47.0,-1.0,356.43114685722315,371.928,15.496853142776843
48.0,1.0,371.928,372.1697805737153,0.24178057371528894
49.0,-1.0,372.1697805737153,387.425,15.255219426284725
50.0,1.0,387.425,388.1857476502309,0.7607476502308828
51.0,-1.0,388.1857476502309,402.922,14.736252349769131
52.0,1.0,402.922,403.6143893715893,0.6923893715892859
53.0,-1.0,403.6143893715893,418.41900000000004,14.804610628410728
54.0,1.0,418.419,418.818051110461,0.3990511104610164
55.0,-1.0,418.818051110461,433.916,15.097948889538998
56.0,1.0,433.916,433.916,0.0
57.0,-1.0,433.916,449.413,15.497000000000014
58.0,1.0,449.413,449.4131851364209,0.0001851364208960149
59.0,-1.0,449.4131851364209,464.91,15.496814863579118
60.0,1.0,464.90999999999997,465.1110346756112,0.201034675611254
61.0,-1.0,465.1110346756112,480.407,15.29596532438876
62.0,1.0,480.407,480.4070488835856,4.8883585634484916e-05
63.0,-1.0,480.4070488835856,495.904,15.49695111641438
64.0,1.0,495.904,495.91452172072314,0.01052172072314761
65.0,-1.0,495.91452172072314,511.401,15.486478279276866
66.0,1.0,511.401,511.4011152994452,0.00011529944521271318
67.0,-1.0,511.4011152994452,526.898,15.496884700554801
68.0,1.0,526.898,526.898,0.0
69.0,-1.0,526.898,542.395,15.496999999999957
70.0,1.0,542.395,542.3966099342588,0.001609934258794965
71.0,-1.0,542.3966099342588,557.8919999999999,15.495390065741162
72.0,1.0,557.892,557.9418940709899,0.049894070989807915
73.0,-1.0,557.9418940709899,573.389,15.44710592901015
74.0,1.0,573.389,575.7777437313587,2.388743731358659
75.0,-1.0,575.7777437313587,588.886,13.108256268641298
76.0,1.0,588.886,600.7821968809487,11.896196880948764
77.0,-1.0,600.7821968809487,604.3829999999999,3.600803119051193
78.0,1.0,604.383,604.3830213214113,2.1321411281860492e-05
79.0,-1.0,604.3830213214113,619.88,15.496978678588675
80.0,1.0,619.88,619.8803427272724,0.00034272727236839273
81.0,-1.0,619.8803427272724,635.377,15.496657272727589
82.0,1.0,635.377,635.3772547142007,0.0002547142007642833
83.0,-1.0,635.3772547142007,650.8739999999999,15.496745285799193
84.0,1.0,650.874,650.874,0.0
85.0,-1.0,650.874,666.371,15.496999999999957
86.0,1.0,666.371,668.0358745022016,1.6648745022016556
87.0,-1.0,668.0358745022016,681.8679999999999,13.832125497798302
88.0,1.0,681.8679999999999,681.9122060581484,0.044206058148461125
89.0,-1.0,681.9122060581484,697.3649999999999,15.452793941851496
90.0,1.0,697.365,697.3650214520969,2.1452096916618757e-05
91.0,-1.0,697.3650214520969,712.862,15.49697854790304
92.0,1.0,712.862,728.2793744812399,15.417374481239904
93.0,-1.0,728.2793744812399,728.3589999999999,0.07962551876005364
94.0,1.0,728.359,728.3590858813297,8.58813297099914e-05
95.0,-1.0,728.3590858813297,743.856,15.496914118670247
96.0,1.0,743.856,746.5899262502212,2.7339262502212023
97.0,-1.0,746.5899262502212,759.353,12.763073749778755
98.0,1.0,759.353,759.513082858831,0.16008285883106055
99.0,-1.0,759.513082858831,774.8499999999999,15.336917141168897
100.0,1.0,774.85,774.8675455967924,0.017545596792388096
101.0,-1.0,774.8675455967924,790.347,15.47945440320757
102.0,1.0,790.347,790.347,0.0
103.0,-1.0,790.347,805.8439999999999,15.496999999999957
104.0,1.0,805.844,807.4990631756393,1.6550631756392704
105.0,-1.0,807.4990631756393,821.341,13.841936824360687
106.0,1.0,821.341,821.3574931904689,0.016493190468850116
107.0,-1.0,821.3574931904689,836.838,15.480506809531107
108.0,1.0,836.838,836.8581238691542,0.020123869154190288
109.0,-1.0,836.8581238691542,852.3349999999999,15.476876130845767
110.0,1.0,852.335,852.3350234264672,2.3426467123499606e-05
111.0,-1.0,852.3350234264672,867.832,15.496976573532834
112.0,1.0,867.832,883.0432351018122,15.211235101812235
113.0,-1.0,883.0432351018122,883.329,0.2857648981877219
114.0,1.0,883.329,883.3324666689326,0.0034666689326741107
115.0,-1.0,883.3324666689326,898.8259999999999,15.493533331067283
116.0,1.0,898.826,899.0560638765425,0.230063876542431
117.0,-1.0,899.0560638765425,914.323,15.266936123457526
118.0,1.0,914.323,914.3310839575513,0.008083957551320964
119.0,-1.0,914.3310839575513,929.8199999999999,15.488916042448636
120.0,1.0,929.8199999999999,929.8219849118408,0.0019849118408501454
121.0,-1.0,929.8219849118408,945.3169999999999,15.495015088159107
122.0,1.0,945.317,945.317,0.0
123.0,-1.0,945.317,960.814,15.496999999999957
124.0,1.0,960.814,960.814,0.0
125.0,-1.0,960.814,976.3109999999999,15.496999999999957
126.0,1.0,976.311,976.3492457146746,0.03824571467453097
127.0,-1.0,976.3492457146746,991.808,15.458754285325426
128.0,1.0,991.808,991.8683640910481,0.060364091048086266
129.0,-1.0,991.8683640910481,1007.305,15.436635908951871
130.0,1.0,1007.305,1007.4837278581309,0.17872785813096925
131.0,-1.0,1007.4837278581309,1022.8019999999999,15.318272141868988
132.0,1.0,1022.802,1022.8021272932777,0.00012729327772831311
133.0,-1.0,1022.8021272932777,1038.299,15.496872706722229
134.0,1.0,1038.299,1038.299000584765,5.847650754731148e-07
135.0,-1.0,1038.299000584765,1053.796,15.496999415234995
136.0,1.0,1053.796,1053.8047053094604,0.008705309460310673
137.0,-1.0,1053.8047053094604,1069.2930000000001,15.48829469053976
138.0,1.0,1069.293,1070.4051588296045,1.1121588296045957
139.0,-1.0,1070.4051588296045,1084.79,14.384841170395475
140.0,1.0,1084.79,1085.0842415470718,0.29424154707180605
141.0,-1.0,1085.0842415470718,1100.287,15.202758452928265
142.0,1.0,1100.287,1100.2948968410676,0.007896841067577043
143.0,-1.0,1100.2948968410676,1115.784,15.489103158932494
144.0,1.0,1115.784,1115.7840079122784,7.912278306321241e-06
145.0,-1.0,1115.7840079122784,1131.2810000000002,15.496992087721765
146.0,1.0,1131.281,1131.560152025697,0.279152025697158
147.0,-1.0,1131.560152025697,1146.778,15.217847974302913
148.0,1.0,1146.778,1146.778649880089,0.0006498800889858103
149.0,-1.0,1146.778649880089,1162.275,15.496350119911085
150.0,1.0,1162.275,1162.2866204982395,0.01162049823938105
151.0,-1.0,1162.2866204982395,1177.7720000000002,15.48537950176069
152.0,1.0,1177.772,1177.9830875657576,0.21108756575767984
153.0,-1.0,1177.9830875657576,1193.269,15.285912434242391
154.0,1.0,1193.269,1193.2777773615294,0.008777361529382688
155.0,-1.0,1193.2777773615294,1208.766,15.488222638470688
156.0,1.0,1208.766,1208.7815952048618,0.015595204861710954
157.0,-1.0,1208.7815952048618,1224.2630000000001,15.48140479513836
158.0,1.0,1224.263,1224.3140349306448,0.0510349306448461
159.0,-1.0,1224.3140349306448,1239.76,15.445965069355225
160.0,1.0,1239.76,1239.7600032514222,3.2514221857127268e-06
161.0,-1.0,1239.7600032514222,1255.257,15.496996748577885
162.0,1.0,1255.257,1255.257082650991,8.265099086202099e-05
163.0,-1.0,1255.257082650991,1270.7540000000001,15.496917349009209
164.0,1.0,1270.754,1270.975999679044,0.22199967904407458
165.0,-1.0,1270.975999679044,1286.251,15.275000320955996
166.0,1.0,1286.251,1286.3131914039686,0.06219140396865441
167.0,-1.0,1286.3131914039686,1301.748,15.434808596031417
168.0,1.0,1301.748,1301.8026150002788,0.05461500027877264
169.0,-1.0,1301.8026150002788,1317.2450000000001,15.442384999721298
170.0,1.0,1317.245,1317.9293232052883,0.684323205288365
171.0,-1.0,1317.9293232052883,1332.742,14.812676794711706
172.0,1.0,1332.742,1332.7815883534174,0.039588353417457256
173.0,-1.0,1332.7815883534174,1348.239,15.457411646582614
174.0,1.0,1348.239,1349.7833907076943,1.5443907076942196
175.0,-1.0,1349.7833907076943,1363.736,13.952609292305851
176.0,1.0,1363.7359999999999,1364.637983499496,0.9019834994960547
177.0,-1.0,1364.637983499496,1379.233,14.595016500504016
178.0,1.0,1379.233,1379.2338163622687,0.0008163622687789029
179.0,-1.0,1379.2338163622687,1394.73,15.496183637731292
180.0,1.0,1394.73,1394.7623146866833,0.03231468668332127
181.0,-1.0,1394.7623146866833,1410.227,15.46468531331675
182.0,1.0,1410.227,1410.5121036383428,0.2851036383426617
183.0,-1.0,1410.5121036383428,1425.7240000000002,15.21189636165741
184.0,1.0,1425.724,1425.7240161764494,1.617644943507912e-05
185.0,-1.0,1425.7240161764494,1441.221,15.496983823550636
186.0,1.0,1441.221,1441.2239071675374,0.0029071675373870676
187.0,-1.0,1441.2239071675374,1456.718,15.494092832462684
188.0,1.0,1456.718,1456.9608890344907,0.24288903449064492
189.0,-1.0,1456.9608890344907,1472.2150000000001,15.254110965509426
190.0,1.0,1472.215,1472.215001990671,1.990671080420725e-06
191.0,-1.0,1472.215001990671,1487.712,15.49699800932899
192.0,1.0,1487.712,1488.4785647986705,0.7665647986705153
193.0,-1.0,1488.4785647986705,1503.209,14.730435201329556
194.0,1.0,1503.209,1503.209,0.0
195.0,-1.0,1503.209,1518.7060000000001,15.497000000000071
196.0,1.0,1518.706,1518.7269542050176,0.020954205017687855
197.0,-1.0,1518.7269542050176,1534.203,15.476045794982383
198.0,1.0,1534.203,1534.2055209466944,0.002520946694403392
199.0,-1.0,1534.2055209466944,1549.7,15.494479053305668
200.0,1.0,1549.7,1549.8461195795608,0.1461195795607182
201.0,-1.0,1549.8461195795608,1565.1970000000001,15.350880420439353
202.0,1.0,1565.197,1565.1970001600453,1.6004537428671028e-07
203.0,-1.0,1565.1970001600453,1580.694,15.496999839954697
204.0,1.0,1580.694,1580.6971845481946,0.0031845481946675136
205.0,-1.0,1580.6971845481946,1596.191,15.493815451805403
206.0,1.0,1596.191,1596.19101633453,1.6334530073436326e-05
207.0,-1.0,1596.19101633453,1611.688,15.496983665469998
208.0,1.0,1611.688,1611.6880542975343,5.4297534234137856e-05
209.0,-1.0,1611.6880542975343,1627.1850000000002,15.496945702465837
210.0,1.0,1627.185,1627.1851012955688,0.00010129556881111057
211.0,-1.0,1627.1851012955688,1642.682,15.49689870443126
212.0,1.0,1642.682,1642.7329293459616,0.05092934596154919
213.0,-1.0,1642.7329293459616,1658.179,15.446070654038522
214.0,1.0,1658.179,1658.2106976797086,0.03169767970848625
215.0,-1.0,1658.2106976797086,1673.6760000000002,15.465302320291585
216.0,1.0,1673.676,1673.9907661976756,0.3147661976756808
217.0,-1.0,1673.9907661976756,1689.173,15.18223380232439
218.0,1.0,1689.173,1689.1730712725646,7.1272564582614e-05
219.0,-1.0,1689.1730712725646,1704.67,15.496928727435488
220.0,1.0,1704.67,1704.670139406735,0.00013940673488832545
221.0,-1.0,1704.670139406735,1720.1670000000001,15.496860593265183
222.0,1.0,1720.167,1720.677094474507,0.5100944745070137
223.0,-1.0,1720.677094474507,1735.664,14.986905525493057
224.0,1.0,1735.664,1735.6659752809048,0.0019752809048441122
225.0,-1.0,1735.6659752809048,1751.161,15.495024719095227
226.0,1.0,1751.161,1751.1621135344162,0.00111353441616302
227.0,-1.0,1751.1621135344162,1766.6580000000001,15.495886465583908
228.0,1.0,1766.658,1769.917817281107,3.259817281107189
229.0,-1.0,1769.917817281107,1782.155,12.237182718892882
230.0,1.0,1782.155,1782.159142866241,0.00414286624095439
231.0,-1.0,1782.159142866241,1797.652,15.492857133759117
232.0,1.0,1797.652,1797.6531122019267,0.0011122019266167626
233.0,-1.0,1797.6531122019267,1813.1490000000001,15.495887798073454
234.0,1.0,1813.149,1813.2957219109076,0.14672191090767228
235.0,-1.0,1813.2957219109076,1828.646,15.350278089092399
236.0,1.0,1828.646,1833.0802996711334,4.434299671133431
237.0,-1.0,1833.0802996711334,1844.143,11.06270032886664
238.0,1.0,1844.143,1844.1446743057343,0.0016743057342409884
239.0,-1.0,1844.1446743057343,1859.64,15.49532569426583
240.0,1.0,1859.6399999999999,1859.6429806404947,0.002980640494797626
241.0,-1.0,1859.6429806404947,1875.137,15.494019359505273
242.0,1.0,1875.137,1875.361078485392,0.22407848539205588
243.0,-1.0,1875.361078485392,1890.634,15.272921514608015
244.0,1.0,1890.634,1891.580607883391,0.946607883390925
245.0,-1.0,1891.580607883391,1906.131,14.550392116609146
246.0,1.0,1906.131,1906.1481310420631,0.017131042063056157
247.0,-1.0,1906.1481310420631,1921.6280000000002,15.479868957937015
248.0,1.0,1921.628,1921.6280000063218,6.321897672023624e-09
249.0,-1.0,1921.6280000063218,1937.125,15.496999993678173
250.0,1.0,1937.125,1937.626324588393,0.5013245883928903
251.0,-1.0,1937.626324588393,1952.622,14.99567541160718
252.0,1.0,1952.622,1952.625197416065,0.0031974160649497207
253.0,-1.0,1952.625197416065,1968.1190000000001,15.493802583935121
254.0,1.0,1968.119,1968.119,0.0
255.0,-1.0,1968.119,1983.616,15.497000000000071
256.0,1.0,1983.616,1983.6516638357102,0.035663835710238345
257.0,-1.0,1983.6516638357102,1999.113,15.461336164289833
258.0,1.0,1999.113,1999.118440045457,0.005440045456907683
259.0,-1.0,1999.118440045457,2014.6100000000001,15.491559954543163
260.0,1.0,2014.61,2014.6126700951618,0.002670095161874997
261.0,-1.0,2014.6126700951618,2030.107,15.494329904838196
262.0,1.0,2030.107,2030.2131190437565,0.10611904375650738
263.0,-1.0,2030.2131190437565,2045.604,15.390880956243564
264.0,1.0,2045.604,2045.6224031750278,0.01840317502774269
265.0,-1.0,2045.6224031750278,2061.101,15.478596824972328
266.0,1.0,2061.101,2062.3509500788705,1.24995007887037
267.0,-1.0,2062.3509500788705,2076.598,14.247049921129474
268.0,1.0,2076.598,2076.6009725878594,0.002972587859403575
269.0,-1.0,2076.6009725878594,2092.095,15.49402741214044
270.0,1.0,2092.095,2092.9426056725197,0.847605672519876
271.0,-1.0,2092.9426056725197,2107.5919999999996,14.649394327479968
272.0,1.0,2107.592,2107.592,0.0
273.0,-1.0,2107.592,2123.089,15.496999999999844
274.0,1.0,2123.089,2123.1003481230036,0.011348123003699584
275.0,-1.0,2123.1003481230036,2138.586,15.485651876996144
276.0,1.0,2138.586,2138.586,0.0
277.0,-1.0,2138.586,2154.0829999999996,15.496999999999844
278.0,1.0,2154.083,2154.0847385611833,0.0017385611831741699
279.0,-1.0,2154.0847385611833,2169.58,15.49526143881667
280.0,1.0,2169.58,2169.591366036994,0.01136603699387706
281.0,-1.0,2169.591366036994,2185.0769999999998,15.485633963005967
282.0,1.0,2185.0769999999998,2185.2711693127635,0.19416931276373361
283.0,-1.0,2185.2711693127635,2200.5739999999996,15.30283068723611
284.0,1.0,2200.574,2200.574,0.0
285.0,-1.0,2200.574,2216.071,15.496999999999844
286.0,1.0,2216.071,2216.4164555191874,0.3454555191874533
287.0,-1.0,2216.4164555191874,2231.5679999999998,15.15154448081239
288.0,1.0,2231.568,2242.508822181734,10.940822181733893
289.0,-1.0,2242.508822181734,2247.065,4.556177818265951
290.0,1.0,2247.065,2247.0684104508914,0.003410450891351502
291.0,-1.0,2247.0684104508914,2262.562,15.493589549108492
292.0,1.0,2262.562,2262.570107540831,0.00810754083113352
293.0,-1.0,2262.570107540831,2278.0589999999997,15.48889245916871
294.0,1.0,2278.059,2278.059,0.0
295.0,-1.0,2278.059,2293.556,15.496999999999844
296.0,1.0,2293.556,2293.5648991503585,0.008899150358502084
297.0,-1.0,2293.5648991503585,2309.053,15.488100849641341
298.0,1.0,2309.053,2309.053,0.0
299.0,-1.0,2309.053,2324.5499999999997,15.496999999999844
300.0,1.0,2324.55,2324.55,0.0
301.0,-1.0,2324.55,2340.047,15.496999999999844
302.0,1.0,2340.047,2340.1225008134984,0.07550081349836546
303.0,-1.0,2340.1225008134984,2355.544,15.421499186501478
304.0,1.0,2355.544,2357.1231003992702,1.5791003992703736
305.0,-1.0,2357.1231003992702,2371.0409999999997,13.91789960072947
306.0,1.0,2371.041,2371.0611399665017,0.020139966501574236
307.0,-1.0,2371.0611399665017,2386.538,15.47686003349827
308.0,1.0,2386.538,2386.538,0.0
309.0,-1.0,2386.538,2402.035,15.496999999999844
310.0,1.0,2402.035,2402.0431459819574,0.008145981957568438
311.0,-1.0,2402.0431459819574,2417.5319999999997,15.488854018042275
312.0,1.0,2417.532,2417.532000000128,1.2778400559909642e-10
313.0,-1.0,2417.532000000128,2433.029,15.49699999987206
314.0,1.0,2433.029,2433.0292271891512,0.0002271891512464208
315.0,-1.0,2433.0292271891512,2448.526,15.496772810848597
316.0,1.0,2448.526,2448.55649890097,0.03049890097008756
317.0,-1.0,2448.55649890097,2464.0229999999997,15.466501099029756
318.0,1.0,2464.023,2464.064083590504,0.04108359050405852
319.0,-1.0,2464.064083590504,2479.52,15.455916409495785
320.0,1.0,2479.52,2479.520008118219,8.118218829622492e-06
321.0,-1.0,2479.520008118219,2495.017,15.496991881781014
322.0,1.0,2495.017,2495.017,0.0
323.0,-1.0,2495.017,2510.5139999999997,15.496999999999844
324.0,1.0,2510.514,2512.2578936324658,1.7438936324656424
325.0,-1.0,2512.2578936324658,2526.011,13.753106367534201
326.0,1.0,2526.011,2526.011,0.0
327.0,-1.0,2526.011,2541.508,15.496999999999844
328.0,1.0,2541.508,2541.508,0.0
329.0,-1.0,2541.508,2557.0049999999997,15.496999999999844
330.0,1.0,2557.005,2557.009444628187,0.004444628186774935
331.0,-1.0,2557.009444628187,2572.502,15.492555371813069
332.0,1.0,2572.502,2572.502,0.0
333.0,-1.0,2572.502,2587.999,15.496999999999844
334.0,1.0,2587.999,2587.9990000000016,1.8189894035458565e-12
335.0,-1.0,2587.9990000000016,2603.4959999999996,15.496999999998025
336.0,1.0,2603.496,2618.4407011420644,14.944701142064332
337.0,-1.0,2618.4407011420644,2618.993,0.5522988579355115
338.0,1.0,2618.993,2618.993,0.0
339.0,-1.0,2618.993,2634.49,15.496999999999844
340.0,1.0,2634.49,2634.8051188498507,0.31511884985093275
341.0,-1.0,2634.8051188498507,2649.9869999999996,15.18188115014891
342.0,1.0,2649.987,2650.073641790432,0.08664179043171316
343.0,-1.0,2650.073641790432,2665.484,15.41035820956813
344.0,1.0,2665.484,2665.4921765102467,0.00817651024681254
345.0,-1.0,2665.4921765102467,2680.9809999999998,15.488823489753031
346.0,1.0,2680.9809999999998,2680.981290069538,0.00029006953809584957
347.0,-1.0,2680.981290069538,2696.4779999999996,15.496709930461748
348.0,1.0,2696.478,2696.4850970051048,0.007097005104697018
349.0,-1.0,2696.4850970051048,2711.975,15.489902994895147
350.0,1.0,2711.975,2711.996200476661,0.02120047666130631
351.0,-1.0,2711.996200476661,2727.4719999999998,15.475799523338537
352.0,1.0,2727.4719999999998,2728.1371323352846,0.6651323352848522
353.0,-1.0,2728.1371323352846,2742.9689999999996,14.831867664714991
354.0,1.0,2742.969,2743.0130624347617,0.044062434761599434
355.0,-1.0,2743.0130624347617,2758.466,15.452937565238244
356.0,1.0,2758.466,2758.5655658767905,0.09956587679062068
357.0,-1.0,2758.5655658767905,2773.9629999999997,15.397434123209223
358.0,1.0,2773.963,2773.9644181082444,0.0014181082442519255
359.0,-1.0,2773.9644181082444,2789.46,15.495581891755592
360.0,1.0,2789.46,2789.4810784938577,0.02107849385765803
361.0,-1.0,2789.4810784938577,2804.957,15.475921506142186
362.0,1.0,2804.957,2804.972291453831,0.015291453831196122
363.0,-1.0,2804.972291453831,2820.4539999999997,15.481708546168647
364.0,1.0,2820.454,2820.454220260474,0.0002202604737249203
365.0,-1.0,2820.454220260474,2835.951,15.496779739526119
366.0,1.0,2835.951,2836.5131433516653,0.5621433516653269
367.0,-1.0,2836.5131433516653,2851.448,14.934856648334517
368.0,1.0,2851.448,2864.862446872027,13.414446872026929
369.0,-1.0,2864.862446872027,2866.9449999999997,2.082553127972915
370.0,1.0,2866.945,2866.945,0.0
371.0,-1.0,2866.945,2882.442,15.496999999999844
372.0,1.0,2882.442,2895.7730864885066,13.331086488506571
373.0,-1.0,2895.7730864885066,2897.939,2.1659135114932724
374.0,1.0,2897.939,2897.939,0.0
375.0,-1.0,2897.939,2913.4359999999997,15.496999999999844
376.0,1.0,2913.436,2913.436,0.0
377.0,-1.0,2913.436,2928.933,15.496999999999844
378.0,1.0,2928.933,2928.993645393516,0.0606453935160971
379.0,-1.0,2928.993645393516,2944.43,15.436354606483746
380.0,1.0,2944.43,2944.7570188877717,0.3270188877718283
381.0,-1.0,2944.7570188877717,2959.9269999999997,15.169981112228015
382.0,1.0,2959.927,2960.0344936332976,0.1074936332975085
383.0,-1.0,2960.0344936332976,2975.424,15.389506366702335
384.0,1.0,2975.424,2978.797137597626,3.3731375976258278
385.0,-1.0,2978.797137597626,2990.921,12.123862402374016
386.0,1.0,2990.921,2990.9210397819797,3.978197992182686e-05
387.0,-1.0,2990.9210397819797,3006.4179999999997,15.496960218019922
388.0,1.0,3006.418,3008.4639452877077,2.045945287707582
389.0,-1.0,3008.4639452877077,3021.915,13.451054712292262
390.0,1.0,3021.915,3021.950937798711,0.03593779871107472
391.0,-1.0,3021.950937798711,3037.412,15.461062201288769
392.0,1.0,3037.412,3037.4255002726645,0.01350027266471443
393.0,-1.0,3037.4255002726645,3052.9089999999997,15.48349972733513
394.0,1.0,3052.909,3052.964463965996,0.055463965995841136
395.0,-1.0,3052.964463965996,3068.406,15.441536034004002
396.0,1.0,3068.406,3068.986549852083,0.5805498520830952
397.0,-1.0,3068.986549852083,3083.903,14.916450147916748
398.0,1.0,3083.903,3083.9030373164214,3.731642163984361e-05
399.0,-1.0,3083.9030373164214,3099.3999999999996,15.496962683578204
400.0,1.0,3099.4,3100.6495852987923,1.2495852987922262
401.0,-1.0,3100.6495852987923,3114.897,14.247414701207617
402.0,1.0,3114.897,3125.130945347129,10.233945347129065
403.0,-1.0,3125.130945347129,3130.394,5.263054652870778
404.0,1.0,3130.394,3145.814742801293,15.420742801293272
405.0,-1.0,3145.814742801293,3145.8909999999996,0.07625719870657122
406.0,1.0,3145.891,3145.898415496934,0.007415496933845134
407.0,-1.0,3145.898415496934,3161.388,15.489584503065998
408.0,1.0,3161.388,3161.4060943554186,0.018094355418725172
409.0,-1.0,3161.4060943554186,3176.8849999999998,15.478905644581118
410.0,1.0,3176.8849999999998,3177.916072782931,1.03107278293146
411.0,-1.0,3177.916072782931,3192.3819999999996,14.465927217068383
412.0,1.0,3192.382,3192.382000000061,6.093614501878619e-11
413.0,-1.0,3192.382000000061,3207.879,15.496999999938907
414.0,1.0,3207.879,3207.879797426372,0.0007974263721735042
415.0,-1.0,3207.879797426372,3223.3759999999997,15.49620257362767
416.0,1.0,3223.376,3223.405828499562,0.02982849956197242
417.0,-1.0,3223.405828499562,3238.873,15.467171500437871
418.0,1.0,3238.873,3238.873,0.0
419.0,-1.0,3238.873,3254.37,15.496999999999844
420.0,1.0,3254.37,3267.4077473093053,13.03774730930536
421.0,-1.0,3267.4077473093053,3269.8669999999997,2.459252690694484
422.0,1.0,3269.867,3269.8740532905467,0.007053290546537028
423.0,-1.0,3269.8740532905467,3285.364,15.489946709453307
424.0,1.0,3285.364,3285.5708569188905,0.2068569188904803
425.0,-1.0,3285.5708569188905,3300.861,15.290143081109363
426.0,1.0,3300.861,3302.024426396664,1.1634263966639082
427.0,-1.0,3302.024426396664,3316.3579999999997,14.333573603335935
428.0,1.0,3316.358,3316.4911444921613,0.13314449216113644
429.0,-1.0,3316.4911444921613,3331.855,15.363855507838707
430.0,1.0,3331.855,3331.8610197981993,0.006019798199304205
431.0,-1.0,3331.8610197981993,3347.352,15.49098020180054
432.0,1.0,3347.352,3347.4622590703343,0.11025907033445037
433.0,-1.0,3347.4622590703343,3362.8489999999997,15.386740929665393
434.0,1.0,3362.849,3363.625048839085,0.7760488390849787
435.0,-1.0,3363.625048839085,3378.346,14.720951160914865
436.0,1.0,3378.346,3378.695222204002,0.34922220400221704
437.0,-1.0,3378.695222204002,3393.843,15.147777795997627
438.0,1.0,3393.843,3393.8499599620823,0.006959962082419224
439.0,-1.0,3393.8499599620823,3409.3399999999997,15.490040037917424
440.0,1.0,3409.34,3409.34,0.0
441.0,-1.0,3409.34,3424.837,15.496999999999844
442.0,1.0,3424.837,3424.8392768079416,0.0022768079415982356
443.0,-1.0,3424.8392768079416,3440.334,15.494723192058245
444.0,1.0,3440.334,3440.501614565424,0.16761456542417363
445.0,-1.0,3440.501614565424,3455.8309999999997,15.32938543457567
446.0,1.0,3455.831,3455.831917476599,0.0009174765987154387
447.0,-1.0,3455.831917476599,3471.328,15.496082523401128
448.0,1.0,3471.328,3473.187846774575,1.8598467745750895
449.0,-1.0,3473.187846774575,3486.825,13.637153225424754
450.0,1.0,3486.825,3486.825,0.0
451.0,-1.0,3486.825,3502.3219999999997,15.496999999999844
452.0,1.0,3502.322,3502.4839053602905,0.16190536029034774
453.0,-1.0,3502.4839053602905,3517.819,15.335094639709496
454.0,1.0,3517.819,3517.8218924147336,0.002892414733651094
455.0,-1.0,3517.8218924147336,3533.316,15.494107585266192
456.0,1.0,3533.316,3533.322581779612,0.006581779612133687
457.0,-1.0,3533.322581779612,3548.8129999999996,15.49041822038771
458.0,1.0,3548.813,3563.3771940632582,14.564194063258128
459.0,-1.0,3563.3771940632582,3564.31,0.9328059367417154
460.0,1.0,3564.31,3564.310609265411,0.0006092654111853335
461.0,-1.0,3564.310609265411,3579.807,15.496390734588658
462.0,1.0,3579.807,3595.3012925287317,15.494292528731876
463.0,-1.0,3595.3012925287317,3595.3039999999996,0.002707471267967776
464.0,1.0,3595.304,3595.304,0.0
465.0,-1.0,3595.304,3610.801,15.496999999999844
466.0,1.0,3610.801,3612.196758896716,1.3957588967159609
467.0,-1.0,3612.196758896716,3626.298,14.101241103283883
468.0,1.0,3626.298,3628.1328346549276,1.8348346549278176
469.0,-1.0,3628.1328346549276,3641.7949999999996,13.662165345072026
470.0,1.0,3641.795,3642.5417471281858,0.7467471281856888
471.0,-1.0,3642.5417471281858,3657.292,14.750252871814155
472.0,1.0,3657.292,3657.4243012057327,0.13230120573280146
473.0,-1.0,3657.4243012057327,3672.7889999999998,15.364698794267042
474.0,1.0,3672.7889999999998,3673.3317266968916,0.5427266968918047
475.0,-1.0,3673.3317266968916,3688.2859999999996,14.954273303108039
476.0,1.0,3688.286,3688.486637124006,0.20063712400587974
477.0,-1.0,3688.486637124006,3703.783,15.296362875993964
478.0,1.0,3703.783,3705.1914173900964,1.4084173900964743
479.0,-1.0,3705.1914173900964,3719.2799999999997,14.08858260990337
480.0,1.0,3719.2799999999997,3719.2801072535567,0.00010725355696195038
481.0,-1.0,3719.2801072535567,3734.7769999999996,15.496892746442882
482.0,1.0,3734.777,3734.7822347878014,0.0052347878013279114
483.0,-1.0,3734.7822347878014,3750.274,15.491765212198516
484.0,1.0,3750.274,3750.2850602558565,0.011060255856591539
485.0,-1.0,3750.2850602558565,3765.7709999999997,15.485939744143252
486.0,1.0,3765.771,3765.774026568054,0.0030265680538832385
487.0,-1.0,3765.774026568054,3781.268,15.49397343194596
488.0,1.0,3781.268,3781.2876737481806,0.019673748180593975
489.0,-1.0,3781.2876737481806,3796.765,15.47732625181925
490.0,1.0,3796.765,3810.852576109243,14.087576109242946
491.0,-1.0,3810.852576109243,3812.2619999999997,1.409423890756898
492.0,1.0,3812.262,3812.2621145682583,0.00011456825814093463
493.0,-1.0,3812.2621145682583,3827.759,15.496885431741703
494.0,1.0,3827.759,3828.262493481804,0.503493481804071
495.0,-1.0,3828.262493481804,3843.256,14.993506518195773
496.0,1.0,3843.256,3843.5903879097864,0.3343879097865283
497.0,-1.0,3843.5903879097864,3858.7529999999997,15.162612090213315
498.0,1.0,3858.753,3858.7834900739545,0.03049007395429726
499.0,-1.0,3858.7834900739545,3874.25,15.466509926045546
500.0,1.0,3874.25,3874.4194893650165,0.1694893650164886
501.0,-1.0,3874.4194893650165,3889.747,15.327510634983355
502.0,1.0,3889.747,3890.3305745168846,0.5835745168847097
503.0,-1.0,3890.3305745168846,3905.2439999999997,14.913425483115134
504.0,1.0,3905.244,3906.6440941578007,1.400094157800595
505.0,-1.0,3906.6440941578007,3920.741,14.096905842199249
506.0,1.0,3920.741,3920.776925199967,0.03592519996709598
507.0,-1.0,3920.776925199967,3936.238,15.461074800032748
508.0,1.0,3936.238,3936.428892288696,0.19089228869597719
509.0,-1.0,3936.428892288696,3951.7349999999997,15.306107711303866
510.0,1.0,3951.735,3953.2538422767484,1.5188422767482734
511.0,-1.0,3953.2538422767484,3967.232,13.97815772325157
512.0,1.0,3967.232,3968.777200027312,1.5452000273121484
513.0,-1.0,3968.777200027312,3982.729,13.951799972687695
514.0,1.0,3982.729,3982.907314517742,0.17831451774236484
515.0,-1.0,3982.907314517742,3998.2259999999997,15.318685482257479
516.0,1.0,3998.226,3998.226,0.0
517.0,-1.0,3998.226,4013.723,15.496999999999844
518.0,1.0,4013.723,4015.3047619267318,1.581761926731815
519.0,-1.0,4015.3047619267318,4029.22,13.915238073268029
520.0,1.0,4029.22,4029.2200095382696,9.538269750919426e-06
521.0,-1.0,4029.2200095382696,4044.7169999999996,15.496990461730093
522.0,1.0,4044.717,4044.7178230879167,0.0008230879166148952
523.0,-1.0,4044.7178230879167,4060.214,15.496176912083229
524.0,1.0,4060.214,4060.214011613217,1.1613216884143185e-05
525.0,-1.0,4060.214011613217,4075.711,15.49698838678296
526.0,1.0,4075.711,4075.711179800133,0.00017980013308260823
527.0,-1.0,4075.711179800133,4091.2079999999996,15.496820199866761
528.0,1.0,4091.208,4106.536434059669,15.32843405966878
529.0,-1.0,4106.536434059669,4106.705,0.16856594033106376
530.0,1.0,4106.705,4107.134394473179,0.4293944731789452
531.0,-1.0,4107.134394473179,4122.202,15.067605526821353
532.0,1.0,4122.202,4122.865785697407,0.6637856974066381
533.0,-1.0,4122.865785697407,4137.6990000000005,14.83321430259366
534.0,1.0,4137.699,4138.471853434255,0.772853434255012
535.0,-1.0,4138.471853434255,4153.196,14.724146565745286
536.0,1.0,4153.196,4155.548878854108,2.352878854107985
537.0,-1.0,4155.548878854108,4168.693,13.144121145892314
538.0,1.0,4168.693,4168.693,0.0
539.0,-1.0,4168.693,4184.1900000000005,15.497000000000298
540.0,1.0,4184.19,4184.342520492311,0.15252049231185083
541.0,-1.0,4184.342520492311,4199.687,15.344479507688447
542.0,1.0,4199.687,4199.744625544555,0.05762554455486679
543.0,-1.0,4199.744625544555,4215.184,15.439374455445432
544.0,1.0,4215.184,4216.387958909538,1.203958909537505
545.0,-1.0,4216.387958909538,4230.6810000000005,14.293041090462793
546.0,1.0,4230.681,4235.603452495154,4.922452495154175
547.0,-1.0,4235.603452495154,4246.178,10.574547504846123
548.0,1.0,4246.178,4247.555632682991,1.377632682991134
549.0,-1.0,4247.555632682991,4261.675,14.119367317009164
550.0,1.0,4261.675,4261.679826085123,0.0048260851226586965
551.0,-1.0,4261.679826085123,4277.1720000000005,15.49217391487764
552.0,1.0,4277.172,4277.172040726598,4.072659885423491e-05
553.0,-1.0,4277.172040726598,4292.669,15.496959273401444
554.0,1.0,4292.669,4292.672920919715,0.00392091971480113
555.0,-1.0,4292.672920919715,4308.166,15.493079080285497
556.0,1.0,4308.166,4308.166011951473,1.1951472515647765e-05
557.0,-1.0,4308.166011951473,4323.6630000000005,15.496988048527783
558.0,1.0,4323.663,4338.234290454733,14.571290454733571
559.0,-1.0,4338.234290454733,4339.16,0.9257095452667272
560.0,1.0,4339.16,4339.161080599314,0.0010805993142639636
561.0,-1.0,4339.161080599314,4354.657,15.495919400686034
562.0,1.0,4354.657,4355.3710373404365,0.7140373404363345
563.0,-1.0,4355.3710373404365,4370.154,14.782962659563964
564.0,1.0,4370.1539999999995,4370.1539999999995,0.0
565.0,-1.0,4370.1539999999995,4385.651,15.497000000000298
566.0,1.0,4385.651,4386.260464397927,0.6094643979267858
567.0,-1.0,4386.260464397927,4401.148,14.887535602073513
568.0,1.0,4401.148,4404.956495928024,3.8084959280240582
569.0,-1.0,4404.956495928024,4416.645,11.68850407197624
570.0,1.0,4416.6449999999995,4416.655288228073,0.010288228073477512
571.0,-1.0,4416.655288228073,4432.142,15.48671177192682
572.0,1.0,4432.142,4432.151873978864,0.00987397886456165
573.0,-1.0,4432.151873978864,4447.639,15.487126021135737
574.0,1.0,4447.639,4462.283495023444,14.644495023443596
575.0,-1.0,4462.283495023444,4463.136,0.8525049765567019
576.0,1.0,4463.136,4463.200104161727,0.06410416172639088
577.0,-1.0,4463.200104161727,4478.633000000001,15.432895838273907
578.0,1.0,4478.633,4478.633000132285,1.3228509487817064e-07
579.0,-1.0,4478.633000132285,4494.13,15.496999867715203
580.0,1.0,4494.13,4494.220378198809,0.09037819880904863
581.0,-1.0,4494.220378198809,4509.627,15.40662180119125
582.0,1.0,4509.627,4509.6271036817525,0.00010368175207986496
583.0,-1.0,4509.6271036817525,4525.124000000001,15.496896318248218
584.0,1.0,4525.124,4525.538812093738,0.41481209373796446
585.0,-1.0,4525.538812093738,4540.621,15.082187906262334
586.0,1.0,4540.621,4541.159066288734,0.5380662887337166
587.0,-1.0,4541.159066288734,4556.118,14.958933711266582
588.0,1.0,4556.118,4557.437693874237,1.319693874236691
589.0,-1.0,4557.437693874237,4571.615000000001,14.177306125763607
590.0,1.0,4571.615,4571.891729869781,0.27672986978086556
591.0,-1.0,4571.891729869781,4587.112,15.220270130219433
592.0,1.0,4587.112,4587.571330093652,0.45933009365217004
593.0,-1.0,4587.571330093652,4602.609,15.037669906348128
594.0,1.0,4602.609,4606.727492478803,4.118492478802182
595.0,-1.0,4606.727492478803,4618.106000000001,11.378507521198117
596.0,1.0,4618.106,4620.5462804144945,2.4402804144947368
597.0,-1.0,4620.5462804144945,4633.603,13.056719585505562
598.0,1.0,4633.603,4634.8962913507285,1.2932913507283956
599.0,-1.0,4634.8962913507285,4649.1,14.203708649271903
600.0,1.0,4649.1,4649.100403668789,0.00040366878874920076
601.0,-1.0,4649.100403668789,4664.597000000001,15.49659633121155
602.0,1.0,4664.597,4664.597064921212,6.49212124699261e-05
603.0,-1.0,4664.597064921212,4680.094,15.496935078787828
604.0,1.0,4680.094,4683.048108722698,2.954108722698038
605.0,-1.0,4683.048108722698,4695.591,12.54289127730226
606.0,1.0,4695.591,4695.601474736736,0.010474736735886836
607.0,-1.0,4695.601474736736,4711.088000000001,15.486525263264411
608.0,1.0,4711.088,4711.560193856254,0.4721938562543073
609.0,-1.0,4711.560193856254,4726.585,15.024806143745991
610.0,1.0,4726.585,4740.733544947776,14.148544947775918
611.0,-1.0,4740.733544947776,4742.082,1.3484550522243808
612.0,1.0,4742.082,4757.530030350503,15.44803035050245
613.0,-1.0,4757.530030350503,4757.579000000001,0.04896964949784888
614.0,1.0,4757.579,4757.579000028727,2.872729965019971e-08
615.0,-1.0,4757.579000028727,4773.076,15.496999971272999
616.0,1.0,4773.076,4773.076,0.0
617.0,-1.0,4773.076,4788.573,15.497000000000298
618.0,1.0,4788.573,4788.61439647013,0.04139647012925707
619.0,-1.0,4788.61439647013,4804.070000000001,15.455603529871041
620.0,1.0,4804.07,4807.635265618431,3.5652656184311127
621.0,-1.0,4807.635265618431,4819.567,11.931734381569186
622.0,1.0,4819.567,4822.342064767488,2.775064767488402
623.0,-1.0,4822.342064767488,4835.064,12.721935232511896
624.0,1.0,4835.064,4837.167828131986,2.10382813198612
625.0,-1.0,4837.167828131986,4850.561000000001,13.393171868014178
626.0,1.0,4850.561,4852.157873425901,1.5968734259013218
627.0,-1.0,4852.157873425901,4866.058,13.900126574098977
628.0,1.0,4866.058,4866.078371379456,0.02037137945626455
629.0,-1.0,4866.078371379456,4881.555,15.476628620544034
630.0,1.0,4881.555,4884.8143218164205,3.259321816420197
631.0,-1.0,4884.8143218164205,4897.052000000001,12.237678183580101
632.0,1.0,4897.052,4897.053257376887,0.0012573768872243818
633.0,-1.0,4897.053257376887,4912.549,15.495742623113074
634.0,1.0,4912.549,4912.549,0.0
635.0,-1.0,4912.549,4928.046,15.497000000000298
636.0,1.0,4928.046,4928.046166999321,0.0001669993207542575
637.0,-1.0,4928.046166999321,4943.543000000001,15.496833000679544
638.0,1.0,4943.543,4943.664302096472,0.12130209647239099
639.0,-1.0,4943.664302096472,4959.04,15.375697903527907
640.0,1.0,4959.04,4959.184533215511,0.144533215510819
641.0,-1.0,4959.184533215511,4974.537,15.35246678448948
642.0,1.0,4974.537,4975.009102227808,0.4721022278081364
643.0,-1.0,4975.009102227808,4990.034000000001,15.024897772192162
644.0,1.0,4990.034,4990.0340334379935,3.343799380672863e-05
645.0,-1.0,4990.0340334379935,5005.531,15.496966562006492
646.0,1.0,5005.531,5020.959883503611,15.42888350361136
647.0,-1.0,5020.959883503611,5021.028,0.06811649638893869
648.0,1.0,5021.028,5021.029410251217,0.0014102512168392423
649.0,-1.0,5021.029410251217,5036.525000000001,15.495589748783459
650.0,1.0,5036.525,5038.703627662885,2.1786276628854466
651.0,-1.0,5038.703627662885,5052.022,13.318372337114852
652.0,1.0,5052.022,5053.220042201665,1.1980422016649754
653.0,-1.0,5053.220042201665,5067.519,14.298957798335323
654.0,1.0,5067.519,5067.996693060534,0.47769306053396576
655.0,-1.0,5067.996693060534,5083.0160000000005,15.019306939466333
656.0,1.0,5083.016,5083.110880445978,0.0948804459785606
657.0,-1.0,5083.110880445978,5098.513,15.402119554021738
658.0,1.0,5098.513,5099.653043326756,1.140043326756313
659.0,-1.0,5099.653043326756,5114.01,14.356956673243985
660.0,1.0,5114.01,5114.023226317793,0.0132263177929417
661.0,-1.0,5114.023226317793,5129.5070000000005,15.483773682207357
662.0,1.0,5129.507,5136.601514647026,7.094514647026699
663.0,-1.0,5136.601514647026,5145.004,8.4024853529736
664.0,1.0,5145.004,5145.00423567778,0.0002356777804379817
665.0,-1.0,5145.00423567778,5160.501,15.49676432221986
666.0,1.0,5160.501,5160.5106978127,0.009697812699414499
667.0,-1.0,5160.5106978127,5175.9980000000005,15.487302187300884
668.0,1.0,5175.998,5178.272904160514,2.2749041605147795
669.0,-1.0,5178.272904160514,5191.495,13.222095839485519
670.0,1.0,5191.495,5192.004092184563,0.5090921845630874
671.0,-1.0,5192.004092184563,5206.992,14.987907815437211
672.0,1.0,5206.992,5207.295299457043,0.3032994570430674
673.0,-1.0,5207.295299457043,5222.4890000000005,15.193700542957231
674.0,1.0,5222.489,5222.515619569565,0.026619569565809797
675.0,-1.0,5222.515619569565,5237.986,15.470380430434489
676.0,1.0,5237.986,5238.742890251691,0.7568902516914022
677.0,-1.0,5238.742890251691,5253.483,14.740109748308896
678.0,1.0,5253.483,5253.485936551308,0.002936551308266644
679.0,-1.0,5253.485936551308,5268.9800000000005,15.494063448692032
680.0,1.0,5268.98,5269.387557020999,0.407557020999775
681.0,-1.0,5269.387557020999,5284.477,15.089442979000523
682.0,1.0,5284.477,5286.294548779118,1.8175487791177147
683.0,-1.0,5286.294548779118,5299.974,13.679451220882584
684.0,1.0,5299.974,5299.974788824391,0.0007888243908382719
685.0,-1.0,5299.974788824391,5315.4710000000005,15.49621117560946
686.0,1.0,5315.471,5319.038159659729,3.567159659729441
687.0,-1.0,5319.038159659729,5330.968,11.929840340270857
688.0,1.0,5330.968,5330.968,0.0
689.0,-1.0,5330.968,5346.465,15.497000000000298
690.0,1.0,5346.465,5346.844994970439,0.37999497043892916
691.0,-1.0,5346.844994970439,5361.962,15.11700502956137
692.0,1.0,5361.9619999999995,5361.965560566782,0.0035605667826530407
693.0,-1.0,5361.965560566782,5377.459,15.493439433217645
694.0,1.0,5377.459,5377.591712814473,0.13271281447305228
695.0,-1.0,5377.591712814473,5392.956,15.364287185527246
696.0,1.0,5392.956,5393.276834194871,0.3208341948711677
697.0,-1.0,5393.276834194871,5408.453,15.17616580512913
698.0,1.0,5408.4529999999995,5408.453016863471,1.6863471500982996e-05
699.0,-1.0,5408.453016863471,5423.95,15.496983136528797
700.0,1.0,5423.95,5438.842816865273,14.892816865272835
701.0,-1.0,5438.842816865273,5439.447,0.6041831347274638
702.0,1.0,5439.447,5439.566002312262,0.11900231226172764
703.0,-1.0,5439.566002312262,5454.944,15.37799768773857
704.0,1.0,5454.9439999999995,5454.9439999999995,0.0
705.0,-1.0,5454.9439999999995,5470.441,15.497000000000298
706.0,1.0,5470.441,5470.441,0.0
707.0,-1.0,5470.441,5485.938,15.497000000000298
708.0,1.0,5485.938,5486.046378722294,0.10837872229421919
709.0,-1.0,5486.046378722294,5501.435,15.38862127770608
710.0,1.0,5501.435,5501.764855212518,0.32985521251794125
711.0,-1.0,5501.764855212518,5516.932000000001,15.167144787482357
712.0,1.0,5516.932,5520.468329951923,3.5363299519231077
713.0,-1.0,5520.468329951923,5532.429,11.96067004807719
714.0,1.0,5532.429,5537.576117017319,5.147117017319033
715.0,-1.0,5537.576117017319,5547.926,10.349882982681265
716.0,1.0,5547.926,5547.935565641408,0.009565641407789371
717.0,-1.0,5547.935565641408,5563.423000000001,15.487434358592509
718.0,1.0,5563.423,5563.423736648031,0.0007366480313066859
719.0,-1.0,5563.423736648031,5578.92,15.496263351968992
720.0,1.0,5578.92,5588.73556490187,9.815564901869948
721.0,-1.0,5588.73556490187,5594.417,5.6814350981303505
722.0,1.0,5594.417,5594.417,0.0
723.0,-1.0,5594.417,5609.914000000001,15.497000000000298
724.0,1.0,5609.914,5614.494362688707,4.580362688707282
725.0,-1.0,5614.494362688707,5625.411,10.916637311293016
726.0,1.0,5625.411,5625.702183260491,0.29118326049137977
727.0,-1.0,5625.702183260491,5640.908,15.205816739508919
728.0,1.0,5640.908,5643.979053368849,3.0710533688488795
729.0,-1.0,5643.979053368849,5656.405000000001,12.425946631151419
730.0,1.0,5656.405,5656.40560013865,0.0006001386500429362
731.0,-1.0,5656.40560013865,5671.902,15.496399861350255
732.0,1.0,5671.902,5672.657486027844,0.7554860278441993
733.0,-1.0,5672.657486027844,5687.399,14.741513972156099
734.0,1.0,5687.399,5687.399,0.0
735.0,-1.0,5687.399,5702.896000000001,15.497000000000298
736.0,1.0,5702.896,5702.896,0.0
737.0,-1.0,5702.896,5718.393,15.497000000000298
738.0,1.0,5718.393,5719.186595068662,0.7935950686623983
739.0,-1.0,5719.186595068662,5733.89,14.7034049313379
740.0,1.0,5733.89,5733.899849428842,0.009849428841334884
741.0,-1.0,5733.899849428842,5749.387000000001,15.487150571158963
742.0,1.0,5749.387,5749.393251884107,0.006251884106859507
743.0,-1.0,5749.393251884107,5764.884,15.490748115893439
744.0,1.0,5764.884,5764.884536486038,0.0005364860380723258
745.0,-1.0,5764.884536486038,5780.381,15.496463513962226
746.0,1.0,5780.381,5780.381,0.0
747.0,-1.0,5780.381,5795.878000000001,15.497000000000298
748.0,1.0,5795.878,5796.345288265775,0.4672882657750961
749.0,-1.0,5796.345288265775,5811.375,15.029711734225202
750.0,1.0,5811.375,5811.375,0.0
751.0,-1.0,5811.375,5826.872,15.497000000000298
752.0,1.0,5826.872,5830.039223757252,3.1672237572520316
753.0,-1.0,5830.039223757252,5842.369000000001,12.329776242748267
754.0,1.0,5842.369,5842.54262867587,0.17362867587053188
755.0,-1.0,5842.54262867587,5857.866,15.323371324129766
756.0,1.0,5857.866,5857.866082049118,8.204911773646018e-05
757.0,-1.0,5857.866082049118,5873.363,15.496917950882562
758.0,1.0,5873.363,5882.5172354154165,9.154235415416224
759.0,-1.0,5882.5172354154165,5888.860000000001,6.342764584584074
760.0,1.0,5888.86,5891.31731668808,2.4573166880800272
761.0,-1.0,5891.31731668808,5904.357,13.039683311920271
762.0,1.0,5904.357,5904.3570000034915,3.4915501601062715e-09
763.0,-1.0,5904.3570000034915,5919.854,15.496999996508748
764.0,1.0,5919.854,5935.327269112049,15.47326911204891
765.0,-1.0,5935.327269112049,5935.351000000001,0.023730887951387558
766.0,1.0,5935.351,5935.431186022608,0.08018602260835905
767.0,-1.0,5935.431186022608,5950.848,15.41681397739194
768.0,1.0,5950.848,5956.610936424428,5.762936424427608
769.0,-1.0,5956.610936424428,5966.345,9.73406357557269
770.0,1.0,5966.345,5966.345051931641,5.1931640882685315e-05
771.0,-1.0,5966.345051931641,5981.842000000001,15.496948068359416
772.0,1.0,5981.842,5986.358707930532,4.516707930531993
773.0,-1.0,5986.358707930532,5997.339,10.980292069468305
774.0,1.0,5997.339,6003.011986006533,5.672986006533392
775.0,-1.0,6003.011986006533,6012.836,9.824013993466906
776.0,1.0,6012.836,6012.931182705112,0.09518270511216542
777.0,-1.0,6012.931182705112,6028.3330000000005,15.401817294888133
778.0,1.0,6028.333,6028.5481742414195,0.2151742414198452
779.0,-1.0,6028.5481742414195,6043.83,15.281825758580453
780.0,1.0,6043.83,6043.830000078406,7.84057192504406e-08
781.0,-1.0,6043.830000078406,6059.327,15.496999921594579
782.0,1.0,6059.327,6059.896255623414,0.5692556234134827
783.0,-1.0,6059.896255623414,6074.8240000000005,14.927744376586816
784.0,1.0,6074.824,6075.169516126103,0.3455161261035755
785.0,-1.0,6075.169516126103,6090.321,15.151483873896723
786.0,1.0,6090.321,6090.322294714972,0.0012947149716637796
787.0,-1.0,6090.322294714972,6105.818,15.495705285028635
788.0,1.0,6105.818,6121.3145938253565,15.496593825356285
789.0,-1.0,6121.3145938253565,6121.3150000000005,0.00040617464401293546
790.0,1.0,6121.315,6121.315,0.0
791.0,-1.0,6121.315,6136.812,15.497000000000298
792.0,1.0,6136.812,6136.812002386418,2.3864176910137758e-06
793.0,-1.0,6136.812002386418,6152.309,15.496997613582607
794.0,1.0,6152.309,6159.685607052667,7.376607052667168
795.0,-1.0,6159.685607052667,6167.8060000000005,8.12039294733313
796.0,1.0,6167.806,6169.055248202916,1.249248202916533
797.0,-1.0,6169.055248202916,6183.303,14.247751797083765
798.0,1.0,6183.303,6184.071763693717,0.7687636937171192
799.0,-1.0,6184.071763693717,6198.8,14.72823630628318
800.0,1.0,6198.8,6199.86780065119,1.0678006511898275
801.0,-1.0,6199.86780065119,6214.2970000000005,14.42919934881047
802.0,1.0,6214.297,6216.970148312971,2.6731483129715343
803.0,-1.0,6216.970148312971,6229.794,12.823851687028764
804.0,1.0,6229.794,6230.014594209496,0.22059420949608466
805.0,-1.0,6230.014594209496,6245.291,15.276405790504214
806.0,1.0,6245.291,6246.6950122349,1.4040122348997102
807.0,-1.0,6246.6950122349,6260.7880000000005,14.092987765100588
808.0,1.0,6260.788,6260.803549404281,0.015549404281046009
809.0,-1.0,6260.803549404281,6276.285,15.481450595719252
810.0,1.0,6276.285,6276.63809506575,0.35309506575049454
811.0,-1.0,6276.63809506575,6291.782,15.143904934249804
812.0,1.0,6291.782,6291.819508362539,0.03750836253857415
813.0,-1.0,6291.819508362539,6307.279,15.459491637461724
814.0,1.0,6307.2789999999995,6307.285121277547,0.006121277547208592
815.0,-1.0,6307.285121277547,6322.776,15.49087872245309
816.0,1.0,6322.776,6323.306188904987,0.5301889049869715
817.0,-1.0,6323.306188904987,6338.273,14.966811095013327
818.0,1.0,6338.273,6338.444684624068,0.1716846240678933
819.0,-1.0,6338.444684624068,6353.77,15.325315375932405
820.0,1.0,6353.7699999999995,6354.097714649481,0.32771464948109497
821.0,-1.0,6354.097714649481,6369.267,15.169285350519203
822.0,1.0,6369.267,6369.267822741118,0.0008227411180996569
823.0,-1.0,6369.267822741118,6384.764,15.496177258882199
824.0,1.0,6384.764,6384.765557490881,0.0015574908811686328
825.0,-1.0,6384.765557490881,6400.261,15.49544250911913
826.0,1.0,6400.2609999999995,6400.2609999999995,0.0
827.0,-1.0,6400.2609999999995,6415.758,15.497000000000298
828.0,1.0,6415.758,6416.551628425193,0.7936284251927646
829.0,-1.0,6416.551628425193,6431.255,14.703371574807534
830.0,1.0,6431.255,6431.255,0.0
831.0,-1.0,6431.255,6446.752,15.497000000000298
832.0,1.0,6446.752,6447.562780821238,0.8107808212380405
833.0,-1.0,6447.562780821238,6462.249000000001,14.686219178762258
834.0,1.0,6462.249,6462.2599501176055,0.010950117605716514
835.0,-1.0,6462.2599501176055,6477.746,15.486049882394582
836.0,1.0,6477.746,6493.094745058335,15.348745058335226
837.0,-1.0,6493.094745058335,6493.243,0.1482549416650727
838.0,1.0,6493.243,6493.246647245677,0.003647245676802413
839.0,-1.0,6493.246647245677,6508.740000000001,15.493352754323496
840.0,1.0,6508.74,6511.677811541384,2.9378115413837804
841.0,-1.0,6511.677811541384,6524.237,12.559188458616518
842.0,1.0,6524.237,6538.958953681378,14.721953681378181
843.0,-1.0,6538.958953681378,6539.734,0.7750463186221168
844.0,1.0,6539.734,6543.373593829826,3.6395938298255714
845.0,-1.0,6543.373593829826,6555.231000000001,11.857406170174727
846.0,1.0,6555.231,6555.990783526098,0.7597835260985448
847.0,-1.0,6555.990783526098,6570.728,14.737216473901753
848.0,1.0,6570.728,6575.283909938326,4.555909938326295
849.0,-1.0,6575.283909938326,6586.225,10.941090061674004
850.0,1.0,6586.225,6586.230545983061,0.005545983060983417
851.0,-1.0,6586.230545983061,6601.722000000001,15.491454016939315
852.0,1.0,6601.722,6601.722,0.0
853.0,-1.0,6601.722,6617.219,15.497000000000298
854.0,1.0,6617.219,6617.254776420373,0.03577642037271289
855.0,-1.0,6617.254776420373,6632.716,15.461223579627585
856.0,1.0,6632.716,6632.716,0.0
857.0,-1.0,6632.716,6648.213000000001,15.497000000000298
858.0,1.0,6648.213,6653.435824706326,5.2228247063258095
859.0,-1.0,6653.435824706326,6663.71,10.274175293674489
860.0,1.0,6663.71,6663.710018767019,1.8767019355436787e-05
861.0,-1.0,6663.710018767019,6679.207,15.496981232980943
862.0,1.0,6679.207,6679.207,0.0
863.0,-1.0,6679.207,6694.704000000001,15.497000000000298
864.0,1.0,6694.704,6707.637473039608,12.933473039608543
865.0,-1.0,6707.637473039608,6710.201,2.563526960391755
866.0,1.0,6710.201,6713.7104868238,3.5094868238002164
867.0,-1.0,6713.7104868238,6725.698,11.987513176200082
868.0,1.0,6725.698,6725.699906442786,0.0019064427860939759
869.0,-1.0,6725.699906442786,6741.195000000001,15.495093557214204
870.0,1.0,6741.195,6741.195,0.0
871.0,-1.0,6741.195,6756.692,15.497000000000298
872.0,1.0,6756.692,6759.202813999398,2.510813999398124
873.0,-1.0,6759.202813999398,6772.189,12.986186000602174
874.0,1.0,6772.189,6772.189005453127,5.453126505017281e-06
875.0,-1.0,6772.189005453127,6787.686000000001,15.496994546873793
876.0,1.0,6787.686,6801.508339235633,13.82233923563308
877.0,-1.0,6801.508339235633,6803.183,1.6746607643672178
878.0,1.0,6803.183,6803.194965858883,0.011965858882831526
879.0,-1.0,6803.194965858883,6818.68,15.485034141117467
880.0,1.0,6818.68,6820.48386474985,1.8038647498497085
881.0,-1.0,6820.48386474985,6834.177000000001,13.69313525015059
882.0,1.0,6834.177,6836.465984642189,2.2889846421894617
883.0,-1.0,6836.465984642189,6849.674,13.208015357810837
884.0,1.0,6849.674,6850.654049874431,0.9800498744307333
885.0,-1.0,6850.654049874431,6865.171,14.516950125569565
886.0,1.0,6865.171,6865.884328778169,0.7133287781689432
887.0,-1.0,6865.884328778169,6880.668000000001,14.783671221831355
888.0,1.0,6880.668,6880.727394533838,0.05939453383871296
889.0,-1.0,6880.727394533838,6896.165,15.437605466161585
890.0,1.0,6896.165,6896.430386779434,0.2653867794342659
891.0,-1.0,6896.430386779434,6911.662,15.231613220566032
892.0,1.0,6911.662,6911.867578761973,0.2055787619729017
893.0,-1.0,6911.867578761973,6927.159000000001,15.291421238027397
894.0,1.0,6927.159,6927.1892413220685,0.030241322068832233
895.0,-1.0,6927.1892413220685,6942.656,15.466758677931466
896.0,1.0,6942.656,6944.709569887098,2.0535698870980923
897.0,-1.0,6944.709569887098,6958.153,13.443430112902206
898.0,1.0,6958.153,6966.250889005549,8.097889005548495
899.0,-1.0,6966.250889005549,6973.650000000001,7.399110994451803
900.0,1.0,6973.65,6973.674555795834,0.02455579583420331
901.0,-1.0,6973.674555795834,6989.147,15.472444204166095
902.0,1.0,6989.147,6989.2594111451235,0.11241114512358763
903.0,-1.0,6989.2594111451235,7004.644,15.38458885487671
904.0,1.0,7004.644,7005.069480795272,0.4254807952720512
905.0,-1.0,7005.069480795272,7020.1410000000005,15.071519204728247
906.0,1.0,7020.141,7022.9668654178295,2.8258654178298457
907.0,-1.0,7022.9668654178295,7035.638,12.671134582170453
908.0,1.0,7035.638,7043.836897043122,8.198897043122088
909.0,-1.0,7043.836897043122,7051.135,7.2981029568782105
910.0,1.0,7051.135,7053.814498069586,2.6794980695858612
911.0,-1.0,7053.814498069586,7066.6320000000005,12.817501930414437
912.0,1.0,7066.632,7068.756564205908,2.1245642059084275
913.0,-1.0,7068.756564205908,7082.129,13.37243579409187
914.0,1.0,7082.129,7085.253519782361,3.1245197823609487
915.0,-1.0,7085.253519782361,7097.626,12.37248021763935
916.0,1.0,7097.626,7103.128259556824,5.5022595568234465
917.0,-1.0,7103.128259556824,7113.1230000000005,9.994740443176852
918.0,1.0,7113.123,7113.150261994971,0.027261994971013337
919.0,-1.0,7113.150261994971,7128.62,15.469738005029285
920.0,1.0,7128.62,7128.620012030639,1.203063948196359e-05
921.0,-1.0,7128.620012030639,7144.117,15.496987969360816
922.0,1.0,7144.117,7144.117,0.0
923.0,-1.0,7144.117,7159.6140000000005,15.497000000000298
924.0,1.0,7159.614,7159.630219240123,0.016219240123064083
925.0,-1.0,7159.630219240123,7175.111,15.480780759877234
926.0,1.0,7175.111,7190.347510723649,15.23651072364919
927.0,-1.0,7190.347510723649,7190.608,0.26048927635110886
928.0,1.0,7190.608,7192.265444737885,1.657444737885271
929.0,-1.0,7192.265444737885,7206.1050000000005,13.839555262115027
930.0,1.0,7206.105,7206.3886914259965,0.28369142599694896
931.0,-1.0,7206.3886914259965,7221.602,15.21330857400335
932.0,1.0,7221.602,7221.607431227639,0.005431227638837299
933.0,-1.0,7221.607431227639,7237.099,15.491568772361461
934.0,1.0,7237.099,7239.538243429894,2.439243429893395
935.0,-1.0,7239.538243429894,7252.5960000000005,13.057756570106903
936.0,1.0,7252.596,7267.138770563519,14.542770563519298
937.0,-1.0,7267.138770563519,7268.093,0.9542294364810004
938.0,1.0,7268.093,7279.092129011137,10.999129011137484
939.0,-1.0,7279.092129011137,7283.59,4.497870988862815
940.0,1.0,7283.59,7283.590000143776,1.4377565094036981e-07
941.0,-1.0,7283.590000143776,7299.087,15.496999856224647
942.0,1.0,7299.0869999999995,7303.410067430557,4.323067430557785
943.0,-1.0,7303.410067430557,7314.584,11.173932569442513
944.0,1.0,7314.584,7314.584387848183,0.0003878481829815428
945.0,-1.0,7314.584387848183,7330.081,15.496612151817317
946.0,1.0,7330.081,7330.114391743698,0.03339174369830289
947.0,-1.0,7330.114391743698,7345.578,15.463608256301995
948.0,1.0,7345.5779999999995,7346.01583741154,0.4378374115403858
949.0,-1.0,7346.01583741154,7361.075,15.059162588459913
950.0,1.0,7361.075,7361.8671224956615,0.7921224956617152
951.0,-1.0,7361.8671224956615,7376.572,14.704877504338583
952.0,1.0,7376.572,7376.578063605635,0.006063605635063141
953.0,-1.0,7376.578063605635,7392.069,15.490936394365235
954.0,1.0,7392.0689999999995,7394.11512915283,2.046129152830872
955.0,-1.0,7394.11512915283,7407.566,13.450870847169426
956.0,1.0,7407.566,7419.6790220672,12.11302206720029
957.0,-1.0,7419.6790220672,7423.063,3.3839779328000077
958.0,1.0,7423.063,7423.063,0.0
959.0,-1.0,7423.063,7438.56,15.497000000000298
960.0,1.0,7438.5599999999995,7442.862653116193,4.302653116193142
961.0,-1.0,7442.862653116193,7454.057,11.194346883807157
962.0,1.0,7454.057,7455.196168692888,1.1391686928882336
963.0,-1.0,7455.196168692888,7469.554,14.357831307112065
964.0,1.0,7469.554,7469.737291509449,0.18329150944919093
965.0,-1.0,7469.737291509449,7485.051,15.313708490551107
966.0,1.0,7485.051,7485.51793899757,0.46693899756974133
967.0,-1.0,7485.51793899757,7500.548000000001,15.030061002430557
968.0,1.0,7500.548,7502.272974549379,1.7249745493791124
969.0,-1.0,7502.272974549379,7516.045,13.772025450621186
970.0,1.0,7516.045,7516.045,0.0
971.0,-1.0,7516.045,7531.542,15.497000000000298
972.0,1.0,7531.542,7531.696937686111,0.15493768611031555
973.0,-1.0,7531.696937686111,7547.039000000001,15.342062313889983
974.0,1.0,7547.039,7547.039500275681,0.0005002756815883913
975.0,-1.0,7547.039500275681,7562.536,15.49649972431871
976.0,1.0,7562.536,7562.536024655879,2.4655879315105267e-05
977.0,-1.0,7562.536024655879,7578.033,15.496975344120983
978.0,1.0,7578.033,7581.529992269493,3.4969922694926936
979.0,-1.0,7581.529992269493,7593.530000000001,12.000007730507605
980.0,1.0,7593.53,7593.726135264343,0.19613526434295636
981.0,-1.0,7593.726135264343,7609.027,15.300864735657342
982.0,1.0,7609.027,7611.091976851406,2.064976851405845
983.0,-1.0,7611.091976851406,7624.524,13.432023148594453
984.0,1.0,7624.524,7629.821284118904,5.297284118903917
985.0,-1.0,7629.821284118904,7640.021000000001,10.199715881096381
986.0,1.0,7640.021,7640.731767836936,0.7107678369366113
987.0,-1.0,7640.731767836936,7655.518,14.786232163063687
988.0,1.0,7655.518,7655.987632239112,0.46963223911188834
989.0,-1.0,7655.987632239112,7671.015,15.02736776088841
990.0,1.0,7671.015,7673.142930449705,2.1279304497047633
991.0,-1.0,7673.142930449705,7686.512000000001,13.369069550295535
992.0,1.0,7686.512,7688.604477157985,2.092477157984831
993.0,-1.0,7688.604477157985,7702.009,13.404522842015467
994.0,1.0,7702.009,7704.658048230286,2.6490482302860983
995.0,-1.0,7704.658048230286,7717.506,12.8479517697142
996.0,1.0,7717.506,7717.506,0.0
997.0,-1.0,7717.506,7733.003000000001,15.497000000000298
998.0,1.0,7733.003,7736.706170735635,3.7031707356354673
999.0,-1.0,7736.706170735635,7748.5,11.793829264364831
1000.0,1.0,7748.5,7748.505513870408,0.005513870408321964
1001.0,-1.0,7748.505513870408,7763.997,15.491486129591976
1002.0,1.0,7763.997,7763.997,0.0
1003.0,-1.0,7763.997,7779.494000000001,15.497000000000298
1004.0,1.0,7779.494,7779.49441616031,0.00041616031012381427
1005.0,-1.0,7779.49441616031,7794.991,15.496583839690174
1006.0,1.0,7794.991,7803.259655632874,8.26865563287356
1007.0,-1.0,7803.259655632874,7810.488,7.228344367126738
1008.0,1.0,7810.488,7812.77379536832,2.2857953683196683
1009.0,-1.0,7812.77379536832,7825.985000000001,13.21120463168063
1010.0,1.0,7825.985,7825.985,0.0
1011.0,-1.0,7825.985,7841.482,15.497000000000298
1012.0,1.0,7841.482,7843.10784758658,1.6258475865797664
1013.0,-1.0,7843.10784758658,7856.979,13.871152413420532
1014.0,1.0,7856.979,7866.482616704218,9.503616704218075
1015.0,-1.0,7866.482616704218,7872.476000000001,5.993383295782223
1016.0,1.0,7872.476,7875.931722181905,3.455722181905003
1017.0,-1.0,7875.931722181905,7887.973,12.041277818095296
1018.0,1.0,7887.973,7893.4349380925005,5.461938092500532
1019.0,-1.0,7893.4349380925005,7903.47,10.035061907499767
1020.0,1.0,7903.47,7905.064237706533,1.594237706533022
1021.0,-1.0,7905.064237706533,7918.967000000001,13.902762293467276
1022.0,1.0,7918.967,7920.065290528643,1.0982905286437017
1023.0,-1.0,7920.065290528643,7934.464,14.398709471356597
1024.0,1.0,7934.464,7934.504997141075,0.040997141075422405
1025.0,-1.0,7934.504997141075,7949.961,15.456002858924876
1026.0,1.0,7949.961,7950.140369318303,0.17936931830263347
1027.0,-1.0,7950.140369318303,7965.4580000000005,15.317630681697665
1028.0,1.0,7965.458,7965.458052503224,5.2503224651445635e-05
1029.0,-1.0,7965.458052503224,7980.955,15.496947496775647
1030.0,1.0,7980.955,7981.345288686378,0.3902886863779713
1031.0,-1.0,7981.345288686378,7996.452,15.106711313622327
1032.0,1.0,7996.452,7998.248050480595,1.7960504805951132
1033.0,-1.0,7998.248050480595,8011.9490000000005,13.700949519405185
1034.0,1.0,8011.949,8015.479223870729,3.53022387072906
1035.0,-1.0,8015.479223870729,8027.446,11.966776129271238
1036.0,1.0,8027.446,8031.101719677162,3.655719677161869
1037.0,-1.0,8031.101719677162,8042.943,11.84128032283843
1038.0,1.0,8042.943,8043.198658914926,0.2556589149262436
1039.0,-1.0,8043.198658914926,8058.4400000000005,15.241341085074055
1040.0,1.0,8058.44,8060.023383333492,1.5833833334927476
1041.0,-1.0,8060.023383333492,8073.937,13.91361666650755
1042.0,1.0,8073.937,8077.053355712946,3.116355712945733
1043.0,-1.0,8077.053355712946,8089.434,12.380644287054565
1044.0,1.0,8089.434,8093.238579845108,3.8045798451075825
1045.0,-1.0,8093.238579845108,8104.9310000000005,11.692420154892716
1046.0,1.0,8104.931,8105.766086735734,0.8350867357339666
1047.0,-1.0,8105.766086735734,8120.428,14.661913264266332
1048.0,1.0,8120.428,8120.43126654012,0.0032665401204212685
1049.0,-1.0,8120.43126654012,8135.925,15.493733459879877
1050.0,1.0,8135.925,8135.9251443046605,0.00014430466035264544
1051.0,-1.0,8135.9251443046605,8151.4220000000005,15.496855695339946
1052.0,1.0,8151.422,8151.5449422839,0.1229422839005565
1053.0,-1.0,8151.5449422839,8166.919,15.374057716099742
1054.0,1.0,8166.919,8173.317606312434,6.3986063124339125
1055.0,-1.0,8173.317606312434,8182.416,9.098393687566386
1056.0,1.0,8182.416,8182.645094068538,0.229094068537961
1057.0,-1.0,8182.645094068538,8197.913,15.267905931462337
1058.0,1.0,8197.913,8198.047397773531,0.13439777353050886
1059.0,-1.0,8198.047397773531,8213.41,15.36260222646888
1060.0,1.0,8213.41,8213.42315519669,0.013155196689695003
1061.0,-1.0,8213.42315519669,8228.907,15.483844803309694
1062.0,1.0,8228.907,8229.105732481092,0.19873248109252017
1063.0,-1.0,8229.105732481092,8244.403999999999,15.298267518906869
1064.0,1.0,8244.404,8248.016848795249,3.612848795248283
1065.0,-1.0,8248.016848795249,8259.901,11.884151204751106
1066.0,1.0,8259.901,8269.221889581671,9.320889581671508
1067.0,-1.0,8269.221889581671,8275.398,6.17611041832788
1068.0,1.0,8275.398,8275.53860735169,0.14060735169005056
1069.0,-1.0,8275.53860735169,8290.894999999999,15.356392648309338
1070.0,1.0,8290.895,8290.96913338413,0.07413338412879966
1071.0,-1.0,8290.96913338413,8306.392,15.42286661587059
1072.0,1.0,8306.392,8307.72040890566,1.3284089056596713
1073.0,-1.0,8307.72040890566,8321.889,14.168591094339718
1074.0,1.0,8321.889,8322.918850452097,1.0298504520978895
1075.0,-1.0,8322.918850452097,8337.385999999999,14.4671495479015
1076.0,1.0,8337.386,8337.386000678238,6.782374839531258e-07
1077.0,-1.0,8337.386000678238,8352.883,15.496999321761905
1078.0,1.0,8352.883,8355.99143787937,3.108437879369376
1079.0,-1.0,8355.99143787937,8368.38,12.388562120630013
1080.0,1.0,8368.38,8383.768874129928,15.388874129928809
1081.0,-1.0,8383.768874129928,8383.876999999999,0.10812587007058028
1082.0,1.0,8383.877,8387.71699627758,3.8399962775802123
1083.0,-1.0,8387.71699627758,8399.374,11.657003722419176
1084.0,1.0,8399.374,8400.165984775249,0.7919847752491478
1085.0,-1.0,8400.165984775249,8414.871,14.705015224750241
1086.0,1.0,8414.871,8417.494788495884,2.6237884958845825
1087.0,-1.0,8417.494788495884,8430.367999999999,12.873211504114806
1088.0,1.0,8430.368,8433.191164831727,2.823164831726899
1089.0,-1.0,8433.191164831727,8445.865,12.67383516827249
1090.0,1.0,8445.865,8451.832984405492,5.967984405491734
1091.0,-1.0,8451.832984405492,8461.362,9.529015594507655
1092.0,1.0,8461.362,8461.432006881418,0.07000688141852152
1093.0,-1.0,8461.432006881418,8476.858999999999,15.426993118580867
1094.0,1.0,8476.859,8492.32221867572,15.463218675718963
1095.0,-1.0,8492.32221867572,8492.356,0.033781324280425906
1096.0,1.0,8492.356,8492.37774644367,0.02174644367005385
1097.0,-1.0,8492.37774644367,8507.853,15.475253556329335
1098.0,1.0,8507.853,8507.946921136378,0.09392113637841248
1099.0,-1.0,8507.946921136378,8523.349999999999,15.403078863620976
1100.0,1.0,8523.35,8523.964334501467,0.6143345014661463
1101.0,-1.0,8523.964334501467,8538.847,14.882665498533242
1102.0,1.0,8538.847,8540.386900661812,1.539900661811771
1103.0,-1.0,8540.386900661812,8554.344,13.957099338187618
1104.0,1.0,8554.344,8559.291797776848,4.9477977768492565
1105.0,-1.0,8559.291797776848,8569.840999999999,10.549202223150132
1106.0,1.0,8569.841,8572.769239046043,2.928239046043018
1107.0,-1.0,8572.769239046043,8585.338,12.568760953956371
1108.0,1.0,8585.338,8586.552850145827,1.2148501458268584
1109.0,-1.0,8586.552850145827,8600.835,14.28214985417253
1110.0,1.0,8600.835,8605.56139046084,4.726390460840776
1111.0,-1.0,8605.56139046084,8616.331999999999,10.770609539158613
1112.0,1.0,8616.332,8616.8847106645,0.5527106645004096
1113.0,-1.0,8616.8847106645,8631.829,14.94428933549898
1114.0,1.0,8631.829,8633.31752819057,1.488528190569923
1115.0,-1.0,8633.31752819057,8647.326,14.008471809429466
1116.0,1.0,8647.326,8647.543466837215,0.2174668372153974
1117.0,-1.0,8647.543466837215,8662.822999999999,15.279533162783991
1118.0,1.0,8662.823,8663.699516275956,0.8765162759555096
1119.0,-1.0,8663.699516275956,8678.32,14.62048372404388
1120.0,1.0,8678.32,8678.745889588628,0.4258895886287064
1121.0,-1.0,8678.745889588628,8693.817,15.071110411370682
1122.0,1.0,8693.817,8693.85260969049,0.03560969049067353
1123.0,-1.0,8693.85260969049,8709.313999999998,15.461390309508715
1124.0,1.0,8709.314,8709.314026555277,2.6555277145234868e-05
1125.0,-1.0,8709.314026555277,8724.811,15.496973444722244
1126.0,1.0,8724.811,8725.215282281166,0.40428228116616083
1127.0,-1.0,8725.215282281166,8740.307999999999,15.092717718833228
1128.0,1.0,8740.307999999999,8740.40099327548,0.09299327548069414
1129.0,-1.0,8740.40099327548,8755.804999999998,15.404006724518695
1130.0,1.0,8755.805,8756.032400845183,0.22740084518227377
1131.0,-1.0,8756.032400845183,8771.302,15.269599154817115
1132.0,1.0,8771.302,8772.245838851044,0.9438388510443474
1133.0,-1.0,8772.245838851044,8786.798999999999,14.553161148955041
1134.0,1.0,8786.798999999999,8794.79422719125,7.995227191251615
1135.0,-1.0,8794.79422719125,8802.295999999998,7.5017728087477735
1136.0,1.0,8802.296,8802.598478949103,0.3024789491028059
1137.0,-1.0,8802.598478949103,8817.793,15.194521050896583
1138.0,1.0,8817.793,8820.658115724766,2.8651157247659285
1139.0,-1.0,8820.658115724766,8833.289999999999,12.63188427523346
1140.0,1.0,8833.289999999999,8833.303003540042,0.013003540043428075
1141.0,-1.0,8833.303003540042,8848.786999999998,15.48399645995596
1142.0,1.0,8848.787,8848.901985578523,0.1149855785224645
1143.0,-1.0,8848.901985578523,8864.284,15.382014421476924
1144.0,1.0,8864.284,8864.284,0.0
1145.0,-1.0,8864.284,8879.780999999999,15.496999999999389
1146.0,1.0,8879.780999999999,8879.781727187989,0.0007271879894688027
1147.0,-1.0,8879.781727187989,8895.277999999998,15.49627281200992
1148.0,1.0,8895.278,8900.26145082716,4.983450827159686
1149.0,-1.0,8900.26145082716,8910.775,10.513549172839703
1150.0,1.0,8910.775,8915.669339164791,4.894339164791745
1151.0,-1.0,8915.669339164791,8926.271999999999,10.602660835207644
1152.0,1.0,8926.272,8926.272187516583,0.00018751658171822783
1153.0,-1.0,8926.272187516583,8941.769,15.49681248341767
1154.0,1.0,8941.769,8950.483554981633,8.714554981632318
1155.0,-1.0,8950.483554981633,8957.266,6.782445018367071
1156.0,1.0,8957.266,8957.266500022924,0.0005000229248253163
1157.0,-1.0,8957.266500022924,8972.762999999999,15.496499977074564
1158.0,1.0,8972.763,8973.738664874027,0.9756648740258242
1159.0,-1.0,8973.738664874027,8988.26,14.521335125973565
1160.0,1.0,8988.26,8988.944376902036,0.6843769020360924
1161.0,-1.0,8988.944376902036,9003.757,14.812623097963296
1162.0,1.0,9003.757,9014.703072176644,10.94607217664452
1163.0,-1.0,9014.703072176644,9019.253999999999,4.5509278233548685
1164.0,1.0,9019.254,9019.268028563307,0.01402856330605573
1165.0,-1.0,9019.268028563307,9034.751,15.482971436693333
1166.0,1.0,9034.751,9034.751307407138,0.0003074071373703191
1167.0,-1.0,9034.751307407138,9050.248,15.496692592862019
1168.0,1.0,9050.248,9052.532573580815,2.2845735808150494
1169.0,-1.0,9052.532573580815,9065.744999999999,13.21242641918434
1170.0,1.0,9065.745,9081.239411463883,15.494411463881988
1171.0,-1.0,9081.239411463883,9081.242,0.0025885361174005084
1172.0,1.0,9081.242,9083.584984850502,2.3429848505020345
1173.0,-1.0,9083.584984850502,9096.739,13.154015149497354
1174.0,1.0,9096.739,9102.841741417269,6.102741417269499
1175.0,-1.0,9102.841741417269,9112.235999999999,9.39425858272989
1176.0,1.0,9112.236,9112.940065856805,0.7040658568039362
1177.0,-1.0,9112.940065856805,9127.733,14.792934143195453
1178.0,1.0,9127.733,9135.102668727459,7.369668727458702
1179.0,-1.0,9135.102668727459,9143.23,8.127331272540687
1180.0,1.0,9143.23,9145.961835666838,2.7318356668383785
1181.0,-1.0,9145.961835666838,9158.726999999999,12.76516433316101
1182.0,1.0,9158.727,9168.118232129536,9.391232129535638
1183.0,-1.0,9168.118232129536,9174.224,6.105767870463751
1184.0,1.0,9174.224,9182.239213513532,8.015213513532217
1185.0,-1.0,9182.239213513532,9189.721,7.481786486467172
1186.0,1.0,9189.721,9189.721,0.0
1187.0,-1.0,9189.721,9205.217999999999,15.496999999999389
1188.0,1.0,9205.218,9219.722297020375,14.504297020373997
1189.0,-1.0,9219.722297020375,9220.715,0.9927029796253919
1190.0,1.0,9220.715,9224.701835200498,3.986835200497808
1191.0,-1.0,9224.701835200498,9236.212,11.510164799501581
1192.0,1.0,9236.212,9240.917548156898,4.705548156898658
1193.0,-1.0,9240.917548156898,9251.708999999999,10.791451843100731
1194.0,1.0,9251.709,9252.706540162184,0.9975401621832134
1195.0,-1.0,9252.706540162184,9267.206,14.499459837816175
1196.0,1.0,9267.206,9272.565031209657,5.359031209656678
1197.0,-1.0,9272.565031209657,9282.703,10.137968790342711
1198.0,1.0,9282.703,9298.195980549935,15.492980549935965
1199.0,-1.0,9298.195980549935,9298.199999999999,0.004019450063424301
1200.0,1.0,9298.2,9301.627946339726,3.4279463397251675
1201.0,-1.0,9301.627946339726,9313.697,12.069053660274221
1202.0,1.0,9313.697,9314.166103687496,0.46910368749558984
1203.0,-1.0,9314.166103687496,9329.194,15.027896312503799
1204.0,1.0,9329.194,9344.690998854738,15.496998854738194
1205.0,-1.0,9344.690998854738,9344.690999999999,1.1452611943241209e-06
1206.0,1.0,9344.691,9346.559474998401,1.8684749984004156
1207.0,-1.0,9346.559474998401,9360.188,13.628525001598973
1208.0,1.0,9360.188,9366.698097807779,6.510097807778948
1209.0,-1.0,9366.698097807779,9375.685,8.986902192220441
1210.0,1.0,9375.685,9375.686355317766,0.0013553177668654826
1211.0,-1.0,9375.686355317766,9391.181999999999,15.495644682232523
1212.0,1.0,9391.182,9392.648426398873,1.4664263988724997
1213.0,-1.0,9392.648426398873,9406.679,14.03057360112689
1214.0,1.0,9406.679,9411.329585831261,4.650585831261196
1215.0,-1.0,9411.329585831261,9422.176,10.846414168738193
1216.0,1.0,9422.176,9428.114868462093,5.938868462093524
1217.0,-1.0,9428.114868462093,9437.672999999999,9.558131537905865
1218.0,1.0,9437.673,9437.928412310732,0.25541231073111703
1219.0,-1.0,9437.928412310732,9453.17,15.241587689268272
1220.0,1.0,9453.17,9453.67970445241,0.5097044524100056
1221.0,-1.0,9453.67970445241,9468.667,14.987295547589383
1222.0,1.0,9468.667,9474.755085062005,6.088085062005121
1223.0,-1.0,9474.755085062005,9484.163999999999,9.408914937994268
1224.0,1.0,9484.164,9485.069490933813,0.9054909338119614
1225.0,-1.0,9485.069490933813,9499.661,14.591509066187427
1226.0,1.0,9499.661,9499.661009000407,9.00040686246939e-06
1227.0,-1.0,9499.661009000407,9515.158,15.496990999592526
1228.0,1.0,9515.158,9519.499671496644,4.341671496644267
1229.0,-1.0,9519.499671496644,9530.654999999999,11.155328503355122
1230.0,1.0,9530.655,9530.655,0.0
1231.0,-1.0,9530.655,9546.152,15.496999999999389
1232.0,1.0,9546.152,9547.162081730337,1.0100817303373333
1233.0,-1.0,9547.162081730337,9561.649,14.486918269662056
1234.0,1.0,9561.649,9569.085769704276,7.43676970427623
1235.0,-1.0,9569.085769704276,9577.145999999999,8.060230295723159
1236.0,1.0,9577.146,9577.463265167551,0.3172651675504312
1237.0,-1.0,9577.463265167551,9592.643,15.179734832448958
1238.0,1.0,9592.643,9593.597589303701,0.954589303701141
1239.0,-1.0,9593.597589303701,9608.14,14.542410696298248
1240.0,1.0,9608.14,9617.653953181867,9.513953181867691
1241.0,-1.0,9617.653953181867,9623.636999999999,5.983046818131697
1242.0,1.0,9623.637,9631.978384084981,8.341384084980746
1243.0,-1.0,9631.978384084981,9639.134,7.155615915018643
1244.0,1.0,9639.134,9639.438640236864,0.3046402368636336
1245.0,-1.0,9639.438640236864,9654.631,15.192359763135755
1246.0,1.0,9654.631,9660.706134323049,6.075134323049497
1247.0,-1.0,9660.706134323049,9670.127999999999,9.421865676949892
1248.0,1.0,9670.128,9670.128,0.0
1249.0,-1.0,9670.128,9685.625,15.496999999999389
1250.0,1.0,9685.625,9686.514259733884,0.8892597338835913
1251.0,-1.0,9686.514259733884,9701.122,14.607740266115798
1252.0,1.0,9701.122,9701.242539743198,0.12053974319860572
1253.0,-1.0,9701.242539743198,9716.618999999999,15.376460256800783
1254.0,1.0,9716.619,9717.384566672934,0.7655666729333461
1255.0,-1.0,9717.384566672934,9732.116,14.731433327066043
1256.0,1.0,9732.116,9735.39694136188,3.2809413618797407
1257.0,-1.0,9735.39694136188,9747.613,12.216058638119648
1258.0,1.0,9747.613,9748.373283385932,0.7602833859327802
1259.0,-1.0,9748.373283385932,9763.109999999999,14.736716614066609
1260.0,1.0,9763.11,9763.829155439727,0.7191554397268192
1261.0,-1.0,9763.829155439727,9778.607,14.77784456027257
1262.0,1.0,9778.607,9778.607276634455,0.0002766344550764188
1263.0,-1.0,9778.607276634455,9794.104,15.496723365544312
1264.0,1.0,9794.104,9795.974422546999,1.8704225469991798
1265.0,-1.0,9795.974422546999,9809.600999999999,13.626577453000209
1266.0,1.0,9809.601,9810.345904357071,0.7449043570704816
1267.0,-1.0,9810.345904357071,9825.098,14.752095642928907
1268.0,1.0,9825.098,9827.320572844457,2.222572844457318
1269.0,-1.0,9827.320572844457,9840.595,13.274427155542071
1270.0,1.0,9840.595,9845.364746481113,4.769746481113543
1271.0,-1.0,9845.364746481113,9856.091999999999,10.727253518885846
1272.0,1.0,9856.092,9862.294544399707,6.202544399706312
1273.0,-1.0,9862.294544399707,9871.589,9.294455600293077
1274.0,1.0,9871.589,9871.703179805087,0.11417980508667824
1275.0,-1.0,9871.703179805087,9887.086,15.38282019491271
1276.0,1.0,9887.086,9887.36625813771,0.28025813771091634
1277.0,-1.0,9887.36625813771,9902.582999999999,15.216741862288472
1278.0,1.0,9902.583,9902.584178206032,0.0011782060319092125
1279.0,-1.0,9902.584178206032,9918.08,15.49582179396748
1280.0,1.0,9918.08,9918.862594439124,0.7825944391242956
1281.0,-1.0,9918.862594439124,9933.577,14.714405560875093
1282.0,1.0,9933.577,9935.916109973898,2.339109973898303
1283.0,-1.0,9935.916109973898,9949.073999999999,13.157890026101086
1284.0,1.0,9949.074,9949.075100778044,0.00110077804311004
1285.0,-1.0,9949.075100778044,9964.571,15.495899221956279
1286.0,1.0,9964.571,9976.570960486773,11.999960486773489
1287.0,-1.0,9976.570960486773,9980.068,3.4970395132259
1288.0,1.0,9980.068,9980.777232920065,0.7092329200659151
1289.0,-1.0,9980.777232920065,9995.564999999999,14.787767079933474
1290.0,1.0,9995.565,9995.565,0.0
1291.0,-1.0,9995.565,10011.062,15.496999999999389
1292.0,1.0,10011.062,10020.828616442304,9.76661644230444
1293.0,-1.0,10020.828616442304,10026.559,5.73038355769495
1294.0,1.0,10026.559,10027.114208734949,0.5552087349497015
1295.0,-1.0,10027.114208734949,10042.055999999999,14.941791265049687
1296.0,1.0,10042.056,10042.20733863592,0.15133863592018315
1297.0,-1.0,10042.20733863592,10057.553,15.345661364079206
1298.0,1.0,10057.553,10064.04825133375,6.495251333750275
1299.0,-1.0,10064.04825133375,10073.05,9.001748666249114
1300.0,1.0,10073.05,10077.57689189723,4.526891897230598
1301.0,-1.0,10077.57689189723,10088.546999999999,10.97010810276879
1302.0,1.0,10088.547,10103.898374048818,15.351374048817888
1303.0,-1.0,10103.898374048818,10104.044,0.14562595118150057
1304.0,1.0,10104.044,10105.631699745652,1.5876997456525714
1305.0,-1.0,10105.631699745652,10119.541,13.909300254346817
1306.0,1.0,10119.541,10121.151656804528,1.610656804528844
1307.0,-1.0,10121.151656804528,10135.037999999999,13.886343195470545
1308.0,1.0,10135.038,10144.081104056084,9.043104056083394
1309.0,-1.0,10144.081104056084,10150.535,6.453895943915995
1310.0,1.0,10150.535,10150.535000165724,1.657244865782559e-07
1311.0,-1.0,10150.535000165724,10166.032,15.496999834274902
1312.0,1.0,10166.032,10167.679989523804,1.6479895238044264
1313.0,-1.0,10167.679989523804,10181.528999999999,13.849010476194962
1314.0,1.0,10181.529,10185.71669445685,4.187694456850295
1315.0,-1.0,10185.71669445685,10197.026,11.309305543149094
1316.0,1.0,10197.026,10197.244423296213,0.21842329621358658
1317.0,-1.0,10197.244423296213,10212.523,15.278576703785802
1318.0,1.0,10212.523,10213.00574580443,0.4827458044310333
1319.0,-1.0,10213.00574580443,10228.019999999999,15.014254195568355
1320.0,1.0,10228.02,10229.81165856479,1.7916585647890315
1321.0,-1.0,10229.81165856479,10243.517,13.705341435210357
1322.0,1.0,10243.517,10249.191578185022,5.674578185022256
1323.0,-1.0,10249.191578185022,10259.014,9.822421814977133
1324.0,1.0,10259.014,10259.943978938061,0.9299789380620496
1325.0,-1.0,10259.943978938061,10274.510999999999,14.56702106193734
1326.0,1.0,10274.511,10276.844646750613,2.333646750612388
1327.0,-1.0,10276.844646750613,10290.008,13.163353249387
1328.0,1.0,10290.008,10293.614208763285,3.6062087632853945
1329.0,-1.0,10293.614208763285,10305.505,11.890791236713994
1330.0,1.0,10305.505,10305.516966342391,0.011966342392042861
1331.0,-1.0,10305.516966342391,10321.001999999999,15.485033657607346
1332.0,1.0,10321.002,10323.572805817104,2.570805817103974
1333.0,-1.0,10323.572805817104,10336.499,12.926194182895415
1334.0,1.0,10336.499,10342.02535617691,5.526356176909758
1335.0,-1.0,10342.02535617691,10351.996,9.970643823089631
1336.0,1.0,10351.996,10367.427158512908,15.43115851290895
1337.0,-1.0,10367.427158512908,10367.492999999999,0.06584148709043802
1338.0,1.0,10367.493,10367.511330538146,0.01833053814516461
1339.0,-1.0,10367.511330538146,10382.99,15.478669461854224
1340.0,1.0,10382.99,10384.645537699123,1.6555376991236699
1341.0,-1.0,10384.645537699123,10398.487,13.841462300875719
1342.0,1.0,10398.487,10400.708074487748,2.2210744877484103
1343.0,-1.0,10400.708074487748,10413.983999999999,13.275925512250978
1344.0,1.0,10413.984,10413.984000268369,2.6836823963094503e-07
1345.0,-1.0,10413.984000268369,10429.481,15.49699973163115
1346.0,1.0,10429.481,10444.464700906054,14.983700906053855
1347.0,-1.0,10444.464700906054,10444.978,0.513299093945534
1348.0,1.0,10444.978,10444.98363358713,0.005633587130432716
1349.0,-1.0,10444.98363358713,10460.474999999999,15.491366412868956
1350.0,1.0,10460.475,10460.475,0.0
1351.0,-1.0,10460.475,10475.972,15.496999999999389
1352.0,1.0,10475.972,10475.972005232454,5.2324539865367115e-06
1353.0,-1.0,10475.972005232454,10491.469,15.496994767545402
1354.0,1.0,10491.469,10491.479416222974,0.010416222974527045
1355.0,-1.0,10491.479416222974,10506.965999999999,15.486583777024862
1356.0,1.0,10506.966,10513.737023787537,6.771023787536251
1357.0,-1.0,10513.737023787537,10522.463,8.725976212463138
1358.0,1.0,10522.463,10528.197927512452,5.7349275124524866
1359.0,-1.0,10528.197927512452,10537.96,9.762072487546902
1360.0,1.0,10537.96,10538.70161707297,0.7416170729702571
1361.0,-1.0,10538.70161707297,10553.456999999999,14.755382927029132
1362.0,1.0,10553.457,10561.24882097073,7.791820970729532
1363.0,-1.0,10561.24882097073,10568.954,7.705179029269857
1364.0,1.0,10568.954,10577.573984426865,8.619984426864903
1365.0,-1.0,10577.573984426865,10584.451,6.877015573134486
1366.0,1.0,10584.451,10584.454275997234,0.0032759972345957067
1367.0,-1.0,10584.454275997234,10599.947999999999,15.493724002764793
1368.0,1.0,10599.948,10615.440748154904,15.492748154903893
1369.0,-1.0,10615.440748154904,10615.445,0.00425184509549581
1370.0,1.0,10615.445,10621.70722595287,6.262225952870722
1371.0,-1.0,10621.70722595287,10630.942,9.234774047128667
1372.0,1.0,10630.942,10632.722951283022,1.7809512830226595
1373.0,-1.0,10632.722951283022,10646.438999999998,13.71604871697673
1374.0,1.0,10646.439,10649.749229818162,3.3102298181620426
1375.0,-1.0,10649.749229818162,10661.936,12.186770181837346
1376.0,1.0,10661.936,10661.977437012081,0.041437012081587454
1377.0,-1.0,10661.977437012081,10677.432999999999,15.455562987917801
1378.0,1.0,10677.432999999999,10688.215182766262,10.78218276626285
1379.0,-1.0,10688.215182766262,10692.929999999998,4.7148172337365395
1380.0,1.0,10692.93,10697.8215289145,4.891528914498849
1381.0,-1.0,10697.8215289145,10708.427,10.60547108550054
1382.0,1.0,10708.427,10713.9938476898,5.566847689800852
1383.0,-1.0,10713.9938476898,10723.923999999999,9.930152310198537
1384.0,1.0,10723.923999999999,10731.70415755522,7.780157555220285
1385.0,-1.0,10731.70415755522,10739.420999999998,7.716842444779104
1386.0,1.0,10739.421,10739.421251148693,0.0002511486927687656
1387.0,-1.0,10739.421251148693,10754.918,15.49674885130662
1388.0,1.0,10754.918,10759.056075326893,4.1380753268931585
1389.0,-1.0,10759.056075326893,10770.414999999999,11.35892467310623
1390.0,1.0,10770.414999999999,10785.908808998498,15.493808998498935
1391.0,-1.0,10785.908808998498,10785.911999999998,0.003191001500454149
1392.0,1.0,10785.912,10786.937258339547,1.025258339546781
1393.0,-1.0,10786.937258339547,10801.409,14.471741660452608
1394.0,1.0,10801.409,10809.397597899178,7.988597899178785
1395.0,-1.0,10809.397597899178,10816.905999999999,7.508402100820604
1396.0,1.0,10816.905999999999,10825.332765464409,8.426765464409982
1397.0,-1.0,10825.332765464409,10832.402999999998,7.070234535589407
1398.0,1.0,10832.403,10839.846472824855,7.443472824854325
1399.0,-1.0,10839.846472824855,10847.9,8.053527175145064
1400.0,1.0,10847.9,10862.087065136051,14.187065136051388
1401.0,-1.0,10862.087065136051,10863.396999999999,1.3099348639480013
1402.0,1.0,10863.396999999999,10869.189881751963,5.79288175196416
1403.0,-1.0,10869.189881751963,10878.893999999998,9.704118248035229
1404.0,1.0,10878.894,10878.916554534528,0.022554534527444048
1405.0,-1.0,10878.916554534528,10894.391,15.474445465471945
1406.0,1.0,10894.391,10897.485078640044,3.094078640044245
1407.0,-1.0,10897.485078640044,10909.887999999999,12.402921359955144
1408.0,1.0,10909.887999999999,10910.647375698256,0.7593756982569175
1409.0,-1.0,10910.647375698256,10925.384999999998,14.737624301742471
1410.0,1.0,10925.385,10925.794691022173,0.40969102217241016
1411.0,-1.0,10925.794691022173,10940.882,15.087308977826979
1412.0,1.0,10940.882,10944.291678842792,3.4096788427923457
1413.0,-1.0,10944.291678842792,10956.378999999999,12.087321157207043
1414.0,1.0,10956.379,10964.918465120385,8.539465120384193
1415.0,-1.0,10964.918465120385,10971.876,6.957534879615196
1416.0,1.0,10971.876,10976.580466585916,4.704466585915725
1417.0,-1.0,10976.580466585916,10987.373,10.792533414083664
1418.0,1.0,10987.373,10988.521142106136,1.1481421061362198
1419.0,-1.0,10988.521142106136,11002.869999999999,14.348857893863169
1420.0,1.0,11002.87,11004.240566266335,1.3705662663342082
1421.0,-1.0,11004.240566266335,11018.367,14.12643373366518
1422.0,1.0,11018.367,11024.189712797686,5.822712797686108
1423.0,-1.0,11024.189712797686,11033.864,9.67428720231328
1424.0,1.0,11033.864,11036.138381518838,2.274381518838709
1425.0,-1.0,11036.138381518838,11049.360999999999,13.22261848116068
1426.0,1.0,11049.361,11064.83868123218,15.477681232179748
1427.0,-1.0,11064.83868123218,11064.858,0.019318767819640925
1428.0,1.0,11064.858,11069.922976381882,5.064976381881934
1429.0,-1.0,11069.922976381882,11080.355,10.432023618117455
1430.0,1.0,11080.355,11085.940156471448,5.585156471448499
1431.0,-1.0,11085.940156471448,11095.851999999999,9.91184352855089
1432.0,1.0,11095.852,11103.098425827635,7.246425827634084
1433.0,-1.0,11103.098425827635,11111.349,8.250574172365305
1434.0,1.0,11111.349,11111.354114893516,0.0051148935162927955
1435.0,-1.0,11111.354114893516,11126.846,15.491885106483096
1436.0,1.0,11126.846,11130.924046122134,4.078046122134765
1437.0,-1.0,11130.924046122134,11142.342999999999,11.418953877864624
1438.0,1.0,11142.343,11151.06436127313,8.721361273128423
1439.0,-1.0,11151.06436127313,11157.84,6.775638726870966
1440.0,1.0,11157.84,11169.762982824413,11.922982824413339
1441.0,-1.0,11169.762982824413,11173.337,3.57401717558605
1442.0,1.0,11173.337,11174.09200661274,0.7550066127405444
1443.0,-1.0,11174.09200661274,11188.833999999999,14.741993387258844
1444.0,1.0,11188.834,11188.84015774494,0.006157744939628174
1445.0,-1.0,11188.84015774494,11204.331,15.49084225505976
1446.0,1.0,11204.331,11204.381442084366,0.0504420843662956
1447.0,-1.0,11204.381442084366,11219.828,15.446557915633093
1448.0,1.0,11219.828,11225.38810919133,5.560109191330412
1449.0,-1.0,11225.38810919133,11235.324999999999,9.936890808668977
1450.0,1.0,11235.325,11243.289231716635,7.964231716634458
1451.0,-1.0,11243.289231716635,11250.822,7.5327682833649305
1452.0,1.0,11250.822,11254.977657258034,4.155657258033898
1453.0,-1.0,11254.977657258034,11266.319,11.34134274196549
1454.0,1.0,11266.319,11278.359136826535,12.040136826535672
1455.0,-1.0,11278.359136826535,11281.815999999999,3.4568631734637165
1456.0,1.0,11281.816,11281.816196210913,0.00019621091269073077
1457.0,-1.0,11281.816196210913,11297.313,15.496803789086698
1458.0,1.0,11297.313,11297.315493824064,0.002493824064004002
1459.0,-1.0,11297.315493824064,11312.81,15.494506175935385
1460.0,1.0,11312.81,11315.492882999966,2.6828829999667505
1461.0,-1.0,11315.492882999966,11328.306999999999,12.814117000032638
1462.0,1.0,11328.307,11334.40053915928,6.093539159279317
1463.0,-1.0,11334.40053915928,11343.804,9.403460840720072
1464.0,1.0,11343.804,11352.986290344477,9.182290344477224
1465.0,-1.0,11352.986290344477,11359.301,6.314709655522165
1466.0,1.0,11359.301,11362.207697992302,2.9066979923027247
1467.0,-1.0,11362.207697992302,11374.797999999999,12.590302007696664
1468.0,1.0,11374.798,11389.267302485656,14.469302485655135
1469.0,-1.0,11389.267302485656,11390.295,1.0276975143442542
1470.0,1.0,11390.295,11396.552154973173,6.257154973172874
1471.0,-1.0,11396.552154973173,11405.792,9.239845026826515
1472.0,1.0,11405.792,11408.775803108016,2.983803108016218
1473.0,-1.0,11408.775803108016,11421.288999999999,12.51319689198317
1474.0,1.0,11421.289,11421.949528604573,0.6605286045723915
1475.0,-1.0,11421.949528604573,11436.786,14.836471395426997
1476.0,1.0,11436.786,11452.282093708449,15.496093708448825
1477.0,-1.0,11452.282093708449,11452.283,0.0009062915505637648
1478.0,1.0,11452.283,11466.592400085477,14.309400085478046
1479.0,-1.0,11466.592400085477,11467.779999999999,1.1875999145213427
1480.0,1.0,11467.78,11467.805881535378,0.02588153537726612
1481.0,-1.0,11467.805881535378,11483.277,15.471118464622123
1482.0,1.0,11483.277,11488.403018106776,5.126018106775518
1483.0,-1.0,11488.403018106776,11498.774,10.37098189322387
1484.0,1.0,11498.774,11498.7747746114,0.0007746114006295102
1485.0,-1.0,11498.7747746114,11514.270999999999,15.49622538859876
1486.0,1.0,11514.271,11523.19195108426,8.920951084259286
1487.0,-1.0,11523.19195108426,11529.768,6.5760489157401025
1488.0,1.0,11529.768,11536.665822350178,6.897822350178103
1489.0,-1.0,11536.665822350178,11545.265,8.599177649821286
1490.0,1.0,11545.265,11548.72607173868,3.4610717386804026
1491.0,-1.0,11548.72607173868,11560.761999999999,12.035928261318986
1492.0,1.0,11560.762,11564.577021677918,3.8150216779176844
1493.0,-1.0,11564.577021677918,11576.259,11.681978322081704
1494.0,1.0,11576.259,11580.391463850556,4.132463850555723
1495.0,-1.0,11580.391463850556,11591.756,11.364536149443666
1496.0,1.0,11591.756,11591.759720951946,0.0037209519468888175
1497.0,-1.0,11591.759720951946,11607.252999999999,15.4932790480525
1498.0,1.0,11607.253,11609.050224480734,1.7972244807333482
1499.0,-1.0,11609.050224480734,11622.75,13.69977551926604
1500.0,1.0,11622.75,11623.253441226843,0.5034412268432789
1501.0,-1.0,11623.253441226843,11638.247,14.99355877315611
1502.0,1.0,11638.247,11638.247001038575,1.0385756468167529e-06
1503.0,-1.0,11638.247001038575,11653.743999999999,15.496998961423742
1504.0,1.0,11653.744,11656.103683465348,2.3596834653471888
1505.0,-1.0,11656.103683465348,11669.241,13.1373165346522
1506.0,1.0,11669.241,11669.249206387594,0.00820638759432768
1507.0,-1.0,11669.249206387594,11684.738,15.488793612405061
1508.0,1.0,11684.738,11686.269090401942,1.5310904019424925
1509.0,-1.0,11686.269090401942,11700.234999999999,13.965909598056896
1510.0,1.0,11700.235,11700.235157480945,0.0001574809448356973
1511.0,-1.0,11700.235157480945,11715.732,15.496842519054553
1512.0,1.0,11715.732,11719.439194229019,3.707194229018569
1513.0,-1.0,11719.439194229019,11731.229,11.78980577098082
1514.0,1.0,11731.229,11745.117164385989,13.888164385989512
1515.0,-1.0,11745.117164385989,11746.725999999999,1.6088356140098767
1516.0,1.0,11746.726,11760.3158990386,13.58989903859947
1517.0,-1.0,11760.3158990386,11762.223,1.9071009613999195
1518.0,1.0,11762.223,11762.718348071265,0.49534807126474334
1519.0,-1.0,11762.718348071265,11777.72,15.001651928734645
1520.0,1.0,11777.72,11783.990658716424,6.270658716424805
1521.0,-1.0,11783.990658716424,11793.216999999999,9.226341283574584
1522.0,1.0,11793.217,11797.720222900614,4.503222900613764
1523.0,-1.0,11797.720222900614,11808.714,10.993777099385625
1524.0,1.0,11808.714,11808.763242046836,0.04924204683629796
1525.0,-1.0,11808.763242046836,11824.211,15.44775795316309
1526.0,1.0,11824.211,11825.51955486082,1.3085548608214594
1527.0,-1.0,11825.51955486082,11839.707999999999,14.18844513917793
1528.0,1.0,11839.708,11853.824383316149,14.11638331614813
1529.0,-1.0,11853.824383316149,11855.205,1.3806166838512581
1530.0,1.0,11855.205,11861.00125880061,5.796258800610303
1531.0,-1.0,11861.00125880061,11870.702,9.700741199389086
1532.0,1.0,11870.702,11871.06265084917,0.3606508491702698
1533.0,-1.0,11871.06265084917,11886.198999999999,15.136349150829119
1534.0,1.0,11886.199,11892.113835799535,5.914835799534558
1535.0,-1.0,11892.113835799535,11901.696,9.582164200464831
1536.0,1.0,11901.696,11904.37222630931,2.676226309309641
1537.0,-1.0,11904.37222630931,11917.193,12.820773690689748
1538.0,1.0,11917.193,11921.951841539232,4.75884153923289
1539.0,-1.0,11921.951841539232,11932.689999999999,10.738158460766499
1540.0,1.0,11932.69,11938.340903049406,5.650903049405315
1541.0,-1.0,11938.340903049406,11948.187,9.846096950594074
1542.0,1.0,11948.187,11963.657070948551,15.470070948551438
1543.0,-1.0,11963.657070948551,11963.684,0.02692905144795077
1544.0,1.0,11963.684,11970.239994369891,6.555994369891778
1545.0,-1.0,11970.239994369891,11979.180999999999,8.941005630107611
1546.0,1.0,11979.181,11980.269851223784,1.088851223783422
1547.0,-1.0,11980.269851223784,11994.678,14.408148776215967
1548.0,1.0,11994.678,12003.162758276467,8.484758276466891
1549.0,-1.0,12003.162758276467,12010.175,7.012241723532497
1550.0,1.0,12010.175,12020.733665334448,10.55866533444896
1551.0,-1.0,12020.733665334448,12025.671999999999,4.938334665550428
1552.0,1.0,12025.672,12028.518315403013,2.8463154030123405
1553.0,-1.0,12028.518315403013,12041.169,12.650684596987048
1554.0,1.0,12041.169,12041.169520590747,0.0005205907473282423
1555.0,-1.0,12041.169520590747,12056.666,15.49647940925206
1556.0,1.0,12056.666,12056.672191658914,0.006191658914758591
1557.0,-1.0,12056.672191658914,12072.162999999999,15.49080834108463
1558.0,1.0,12072.163,12075.823342878713,3.6603428787129815
1559.0,-1.0,12075.823342878713,12087.66,11.836657121286407
1560.0,1.0,12087.66,12089.016077430579,1.3560774305788073
1561.0,-1.0,12089.016077430579,12103.157,14.140922569420582
1562.0,1.0,12103.157,12103.157,0.0
1563.0,-1.0,12103.157,12118.653999999999,15.496999999999389
1564.0,1.0,12118.654,12118.839622922582,0.18562292258138768
1565.0,-1.0,12118.839622922582,12134.151,15.311377077418001
1566.0,1.0,12134.151,12134.29937119641,0.14837119641015306
1567.0,-1.0,12134.29937119641,12149.648,15.348628803589236
1568.0,1.0,12149.648,12151.4016244987,1.7536244987004466
1569.0,-1.0,12151.4016244987,12165.144999999999,13.743375501298942
1570.0,1.0,12165.145,12180.502317120321,15.357317120320658
1571.0,-1.0,12180.502317120321,12180.642,0.1396828796787304
1572.0,1.0,12180.642,12186.345568128021,5.703568128021288
1573.0,-1.0,12186.345568128021,12196.139,9.7934318719781
1574.0,1.0,12196.139,12211.635999999999,15.496999999999389
1575.0,-1.0,12211.635999999999,12211.635999999999,0.0
1576.0,1.0,12211.636,12222.469757505352,10.833757505351969
1577.0,-1.0,12222.469757505352,12227.133,4.66324249464742
1578.0,1.0,12227.133,12234.281317959027,7.148317959026826
1579.0,-1.0,12234.281317959027,12242.63,8.348682040972562
1580.0,1.0,12242.63,12253.209914605492,10.579914605492377
1581.0,-1.0,12253.209914605492,12258.126999999999,4.917085394507012
1582.0,1.0,12258.127,12258.966915496201,0.8399154962007742
1583.0,-1.0,12258.966915496201,12273.624,14.657084503798615
1584.0,1.0,12273.624,12273.625007560482,0.0010075604823214235
1585.0,-1.0,12273.625007560482,12289.121,15.495992439517067
1586.0,1.0,12289.121,12292.50562912642,3.3846291264217143
1587.0,-1.0,12292.50562912642,12304.617999999999,12.112370873577675
1588.0,1.0,12304.618,12314.80791592382,10.189915923820081
1589.0,-1.0,12314.80791592382,12320.115,5.307084076179308
1590.0,1.0,12320.115,12324.14101894606,4.026018946060503
1591.0,-1.0,12324.14101894606,12335.612,11.470981053938885
1592.0,1.0,12335.612,12336.466011917899,0.8540119178996974
1593.0,-1.0,12336.466011917899,12351.108999999999,14.642988082099691
1594.0,1.0,12351.109,12360.817936113855,9.708936113855088
1595.0,-1.0,12360.817936113855,12366.606,5.7880638861443
1596.0,1.0,12366.606,12381.290309576945,14.684309576945452
1597.0,-1.0,12381.290309576945,12382.103,0.8126904230539367
1598.0,1.0,12382.103,12389.887623263363,7.7846232633637555
1599.0,-1.0,12389.887623263363,12397.599999999999,7.712376736635633
1600.0,1.0,12397.6,12402.05563527434,4.4556352743402385
1601.0,-1.0,12402.05563527434,12413.097,11.04136472565915
1602.0,1.0,12413.097,12422.185381345473,9.088381345472953
1603.0,-1.0,12422.185381345473,12428.594,6.408618654526435
1604.0,1.0,12428.594,12432.243927456942,3.64992745694326
1605.0,-1.0,12432.243927456942,12444.090999999999,11.847072543056129
1606.0,1.0,12444.091,12444.091323940933,0.00032394093250331935
1607.0,-1.0,12444.091323940933,12459.588,15.496676059066886
1608.0,1.0,12459.588,12461.142017218199,1.5540172181990783
1609.0,-1.0,12461.142017218199,12475.085,13.94298278180031
1610.0,1.0,12475.085,12479.117664728257,4.032664728258169
1611.0,-1.0,12479.117664728257,12490.581999999999,11.46433527174122
1612.0,1.0,12490.582,12492.91002640675,2.3280264067489043
1613.0,-1.0,12492.91002640675,12506.079,13.168973593250485
1614.0,1.0,12506.079,12508.683988038105,2.604988038105148
1615.0,-1.0,12508.683988038105,12521.576,12.89201196189424
1616.0,1.0,12521.576,12521.576007317599,7.317599738598801e-06
1617.0,-1.0,12521.576007317599,12537.072999999999,15.49699268239965
1618.0,1.0,12537.073,12537.605462126561,0.5324621265608585
1619.0,-1.0,12537.605462126561,12552.57,14.96453787343853
1620.0,1.0,12552.57,12568.066999929402,15.496999929402591
1621.0,-1.0,12568.066999929402,12568.067,7.059679774101824e-08
1622.0,1.0,12568.067,12568.11397699494,0.04697699494136032
1623.0,-1.0,12568.11397699494,12583.563999999998,15.450023005058029
1624.0,1.0,12583.564,12584.051080610567,0.4870806105664087
1625.0,-1.0,12584.051080610567,12599.061,15.00991938943298
1626.0,1.0,12599.061,12602.543046275166,3.4820462751667947
1627.0,-1.0,12602.543046275166,12614.557999999999,12.014953724832594
1628.0,1.0,12614.557999999999,12618.92095831363,4.36295831363168
1629.0,-1.0,12618.92095831363,12630.054999999998,11.13404168636771
1630.0,1.0,12630.055,12641.768803630544,11.713803630544135
1631.0,-1.0,12641.768803630544,12645.552,3.783196369455254
1632.0,1.0,12645.552,12651.961847305074,6.409847305074436
1633.0,-1.0,12651.961847305074,12661.048999999999,9.087152694924953
1634.0,1.0,12661.048999999999,12672.44855066434,11.399550664340495
1635.0,-1.0,12672.44855066434,12676.545999999998,4.097449335658894
1636.0,1.0,12676.546,12676.925569573357,0.3795695733570028
1637.0,-1.0,12676.925569573357,12692.043,15.117430426642386
1638.0,1.0,12692.043,12696.391286864851,4.348286864851616
1639.0,-1.0,12696.391286864851,12707.539999999999,11.148713135147773
1640.0,1.0,12707.539999999999,12707.861003303433,0.32100330343382666
1641.0,-1.0,12707.861003303433,12723.036999999998,15.175996696565562
1642.0,1.0,12723.037,12723.037113905822,0.00011390582221793011
1643.0,-1.0,12723.037113905822,12738.534,15.496886094177171
1644.0,1.0,12738.534,12741.032883671978,2.4988836719785468
1645.0,-1.0,12741.032883671978,12754.030999999999,12.998116328020842
1646.0,1.0,12754.030999999999,12757.102927874357,3.0719278743581526
1647.0,-1.0,12757.102927874357,12769.527999999998,12.425072125641236
1648.0,1.0,12769.528,12784.234690885196,14.706690885195712
1649.0,-1.0,12784.234690885196,12785.025,0.7903091148036765
1650.0,1.0,12785.025,12786.971029987944,1.946029987944712
1651.0,-1.0,12786.971029987944,12800.521999999999,13.550970012054677
1652.0,1.0,12800.521999999999,12801.926038460806,1.4040384608069871
1653.0,-1.0,12801.926038460806,12816.018999999998,14.092961539192402
1654.0,1.0,12816.019,12830.445354027155,14.426354027154957
1655.0,-1.0,12830.445354027155,12831.516,1.0706459728444315
1656.0,1.0,12831.516,12837.333593194398,5.817593194398796
1657.0,-1.0,12837.333593194398,12847.012999999999,9.679406805600593
1658.0,1.0,12847.012999999999,12847.874459841949,0.8614598419499089
1659.0,-1.0,12847.874459841949,12862.509999999998,14.63554015804948
1660.0,1.0,12862.51,12865.850555968696,3.340555968696208
1661.0,-1.0,12865.850555968696,12878.007,12.156444031303181
1662.0,1.0,12878.007,12887.44666209674,9.439662096739994
1663.0,-1.0,12887.44666209674,12893.503999999999,6.057337903259395
1664.0,1.0,12893.504,12894.626642895892,1.122642895890749
1665.0,-1.0,12894.626642895892,12909.001,14.37435710410864
1666.0,1.0,12909.001,12910.640800548585,1.6398005485843896
1667.0,-1.0,12910.640800548585,12924.498,13.857199451415
1668.0,1.0,12924.498,12935.054677736793,10.556677736793063
1669.0,-1.0,12935.054677736793,12939.994999999999,4.940322263206326
1670.0,1.0,12939.995,12947.3975143838,7.402514383798916
1671.0,-1.0,12947.3975143838,12955.492,8.094485616200473
1672.0,1.0,12955.492,12955.492,0.0
1673.0,-1.0,12955.492,12970.989,15.496999999999389
1674.0,1.0,12970.989,12976.571014312844,5.582014312843967
1675.0,-1.0,12976.571014312844,12986.485999999999,9.914985687155422
1676.0,1.0,12986.486,12989.403883415313,2.917883415311735
1677.0,-1.0,12989.403883415313,13001.983,12.579116584687654
1678.0,1.0,13001.983,13017.028114460232,15.045114460232071
1679.0,-1.0,13017.028114460232,13017.48,0.4518855397673178
1680.0,1.0,13017.48,13017.48,0.0
1681.0,-1.0,13017.48,13032.976999999999,15.496999999999389
1682.0,1.0,13032.977,13034.71166934747,1.734669347470117
1683.0,-1.0,13034.71166934747,13048.474,13.762330652529272
1684.0,1.0,13048.474,13054.85817317108,6.384173171079965
1685.0,-1.0,13054.85817317108,13063.971,9.112826828919424
1686.0,1.0,13063.971,13071.587377795055,7.616377795055087
1687.0,-1.0,13071.587377795055,13079.467999999999,7.880622204944302
1688.0,1.0,13079.468,13094.929833599896,15.461833599894817
1689.0,-1.0,13094.929833599896,13094.965,0.03516640010457195
1690.0,1.0,13094.965,13101.039003277887,6.074003277886732
1691.0,-1.0,13101.039003277887,13110.462,9.422996722112657
1692.0,1.0,13110.462,13120.525952684025,10.063952684025935
1693.0,-1.0,13120.525952684025,13125.958999999999,5.433047315973454
1694.0,1.0,13125.959,13138.910458097007,12.951458097006253
1695.0,-1.0,13138.910458097007,13141.456,2.5455419029931363
1696.0,1.0,13141.456,13146.184532026793,4.728532026792891
1697.0,-1.0,13146.184532026793,13156.953,10.768467973206498
1698.0,1.0,13156.953,13160.498729711162,3.545729711162494
1699.0,-1.0,13160.498729711162,13172.449999999999,11.951270288836895
1700.0,1.0,13172.45,13172.50088596144,0.050885961440144456
1701.0,-1.0,13172.50088596144,13187.947,15.446114038559244
1702.0,1.0,13187.947,13203.443508071907,15.496508071906646
1703.0,-1.0,13203.443508071907,13203.444,0.0004919280927424552
1704.0,1.0,13203.444,13203.444,0.0
1705.0,-1.0,13203.444,13218.940999999999,15.496999999999389
1706.0,1.0,13218.941,13225.490089723677,6.549089723675934
1707.0,-1.0,13225.490089723677,13234.438,8.947910276323455
1708.0,1.0,13234.438,13244.053891210075,9.615891210074551
1709.0,-1.0,13244.053891210075,13249.935,5.881108789924838
1710.0,1.0,13249.935,13264.110407499245,14.175407499245921
1711.0,-1.0,13264.110407499245,13265.431999999999,1.321592500753468
1712.0,1.0,13265.432,13273.852960895889,8.420960895888129
1713.0,-1.0,13273.852960895889,13280.929,7.07603910411126
1714.0,1.0,13280.929,13289.831109686096,8.902109686096082
1715.0,-1.0,13289.831109686096,13296.426,6.594890313903306
1716.0,1.0,13296.426,13307.61455495491,11.188554954909705
1717.0,-1.0,13307.61455495491,13311.922999999999,4.308445045089684
1718.0,1.0,13311.923,13326.395332113398,14.472332113396988
1719.0,-1.0,13326.395332113398,13327.42,1.0246678866024013
1720.0,1.0,13327.42,13342.333164500438,14.913164500438143
1721.0,-1.0,13342.333164500438,13342.917,0.5838354995612463
1722.0,1.0,13342.917,13348.753806886523,5.836806886523846
1723.0,-1.0,13348.753806886523,13358.413999999999,9.660193113475543
1724.0,1.0,13358.414,13358.416564651036,0.0025646510348451557
1725.0,-1.0,13358.416564651036,13373.911,15.494435348964544
1726.0,1.0,13373.911,13377.790345348327,3.8793453483267513
1727.0,-1.0,13377.790345348327,13389.408,11.617654651672638
1728.0,1.0,13389.408,13389.408421811231,0.0004218112317175837
1729.0,-1.0,13389.408421811231,13404.904999999999,15.496578188767671
1730.0,1.0,13404.905,13418.161332201438,13.256332201437544
1731.0,-1.0,13418.161332201438,13420.402,2.2406677985618444
1732.0,1.0,13420.402,13433.595646568489,13.193646568488475
1733.0,-1.0,13433.595646568489,13435.899,2.3033534315109137
1734.0,1.0,13435.899,13440.887260641943,4.9882606419432705
1735.0,-1.0,13440.887260641943,13451.395999999999,10.508739358056118
1736.0,1.0,13451.396,13462.959833024559,11.563833024558335
1737.0,-1.0,13462.959833024559,13466.893,3.933166975441054
1738.0,1.0,13466.893,13472.625961275642,5.732961275642083
1739.0,-1.0,13472.625961275642,13482.39,9.764038724357306
1740.0,1.0,13482.39,13482.790807356761,0.40080735676201584
1741.0,-1.0,13482.790807356761,13497.886999999999,15.096192643237373
1742.0,1.0,13497.887,13512.02378816042,14.13678816042011
1743.0,-1.0,13512.02378816042,13513.384,1.3602118395792786
1744.0,1.0,13513.384,13528.881,15.496999999999389
1745.0,-1.0,13528.881,13528.881,0.0
1746.0,1.0,13528.881,13533.084667795398,4.20366779539836
1747.0,-1.0,13533.084667795398,13544.377999999999,11.293332204601029
1748.0,1.0,13544.378,13558.794364871967,14.416364871965925
1749.0,-1.0,13558.794364871967,13559.875,1.0806351280334638
1750.0,1.0,13559.875,13566.365936221086,6.490936221085576
1751.0,-1.0,13566.365936221086,13575.372,9.006063778913813
1752.0,1.0,13575.372,13575.372000132691,1.3269163900986314e-07
1753.0,-1.0,13575.372000132691,13590.868999999999,15.49699986730775
1754.0,1.0,13590.869,13592.67017970757,1.8011797075687355
1755.0,-1.0,13592.67017970757,13606.366,13.695820292430653
1756.0,1.0,13606.366,13615.79749407094,9.431494070939152
1757.0,-1.0,13615.79749407094,13621.863,6.065505929060237
1758.0,1.0,13621.863,13626.035868355328,4.172868355328319
1759.0,-1.0,13626.035868355328,13637.359999999999,11.32413164467107
1760.0,1.0,13637.36,13652.856970141398,15.496970141397469
1761.0,-1.0,13652.856970141398,13652.857,2.985860191984102e-05
1762.0,1.0,13652.857,13652.857,0.0
1763.0,-1.0,13652.857,13668.354,15.496999999999389
1764.0,1.0,13668.354,13680.913604797555,12.559604797555949
1765.0,-1.0,13680.913604797555,13683.850999999999,2.93739520244344
1766.0,1.0,13683.851,13686.458522495512,2.607522495511148
1767.0,-1.0,13686.458522495512,13699.348,12.88947750448824
1768.0,1.0,13699.348,13706.940896718932,7.592896718932025
1769.0,-1.0,13706.940896718932,13714.845,7.904103281067364
1770.0,1.0,13714.845,13714.960064930183,0.11506493018350739
1771.0,-1.0,13714.960064930183,13730.341999999999,15.381935069815881
1772.0,1.0,13730.342,13730.342000027178,2.717752067837864e-08
1773.0,-1.0,13730.342000027178,13745.839,15.496999972821868
1774.0,1.0,13745.839,13751.939560162768,6.100560162767579
1775.0,-1.0,13751.939560162768,13761.336,9.39643983723181
1776.0,1.0,13761.336,13764.585303312668,3.2493033126684168
1777.0,-1.0,13764.585303312668,13776.832999999999,12.247696687330972
1778.0,1.0,13776.833,13792.32999999993,15.496999999930267
1779.0,-1.0,13792.32999999993,13792.33,6.912159733474255e-11
1780.0,1.0,13792.33,13797.593440755805,5.263440755805277
1781.0,-1.0,13797.593440755805,13807.827,10.233559244194112
1782.0,1.0,13807.827,13816.257853659052,8.430853659052445
1783.0,-1.0,13816.257853659052,13823.323999999999,7.066146340946943
1784.0,1.0,13823.324,13829.791526982672,6.467526982671188
1785.0,-1.0,13829.791526982672,13838.821,9.0294730173282
1786.0,1.0,13838.821,13843.119817643503,4.298817643502844
1787.0,-1.0,13843.119817643503,13854.318,11.198182356496545
1788.0,1.0,13854.318,13868.62696180563,14.308961805631043
1789.0,-1.0,13868.62696180563,13869.814999999999,1.188038194368346
1790.0,1.0,13869.815,13873.712284007723,3.8972840077221917
1791.0,-1.0,13873.712284007723,13885.312,11.599715992277197
1792.0,1.0,13885.312,13898.942128263672,13.630128263672304
1793.0,-1.0,13898.942128263672,13900.809,1.8668717363270844
1794.0,1.0,13900.809,13911.954602868893,11.145602868893548
1795.0,-1.0,13911.954602868893,13916.305999999999,4.351397131105841
1796.0,1.0,13916.306,13924.292021658752,7.98602165875127
1797.0,-1.0,13924.292021658752,13931.803,7.510978341248119
1798.0,1.0,13931.803,13939.283959971504,7.48095997150449
1799.0,-1.0,13939.283959971504,13947.3,8.0160400284949
1800.0,1.0,13947.3,13955.364131805038,8.064131805038414
1801.0,-1.0,13955.364131805038,13962.796999999999,7.4328681949609745
1802.0,1.0,13962.797,13966.920049455213,4.123049455212822
1803.0,-1.0,13966.920049455213,13978.294,11.373950544786567
1804.0,1.0,13978.294,13984.711129271795,6.417129271794693
1805.0,-1.0,13984.711129271795,13993.791,9.079870728204696
1806.0,1.0,13993.791,14001.406963514852,7.61596351485241
1807.0,-1.0,14001.406963514852,14009.287999999999,7.8810364851469785
1808.0,1.0,14009.288,14013.594013178219,4.3060131782185636
1809.0,-1.0,14013.594013178219,14024.785,11.190986821780825
1810.0,1.0,14024.785,14033.799310924362,9.01431092436178
1811.0,-1.0,14033.799310924362,14040.282,6.482689075637609
1812.0,1.0,14040.282,14048.93722361571,8.655223615711293
1813.0,-1.0,14048.93722361571,14055.778999999999,6.841776384288096
1814.0,1.0,14055.779,14064.238100834162,8.45910083416129
1815.0,-1.0,14064.238100834162,14071.276,7.037899165838098
1816.0,1.0,14071.276,14074.081892062353,2.8058920623534505
1817.0,-1.0,14074.081892062353,14086.773,12.691107937645938
1818.0,1.0,14086.773,14101.25732075206,14.48432075206074
1819.0,-1.0,14101.25732075206,14102.269999999999,1.0126792479386495
1820.0,1.0,14102.27,14110.6272613641,8.357261364099031
1821.0,-1.0,14110.6272613641,14117.767,7.139738635900358
1822.0,1.0,14117.767,14122.291668772472,4.524668772472069
1823.0,-1.0,14122.291668772472,14133.264,10.97233122752732
1824.0,1.0,14133.264,14148.760959616076,15.49695961607722
1825.0,-1.0,14148.760959616076,14148.760999999999,4.038392216898501e-05
1826.0,1.0,14148.761,14159.494981932015,10.733981932015013
1827.0,-1.0,14159.494981932015,14164.258,4.763018067984376
1828.0,1.0,14164.258,14175.819421082831,11.561421082831657
1829.0,-1.0,14175.819421082831,14179.755,3.9355789171677316
1830.0,1.0,14179.755,14185.386479409524,5.631479409525127
1831.0,-1.0,14185.386479409524,14195.251999999999,9.865520590474262
1832.0,1.0,14195.252,14203.814295658303,8.5622956583029
1833.0,-1.0,14203.814295658303,14210.749,6.934704341696488
1834.0,1.0,14210.749,14219.193682683102,8.444682683102656
1835.0,-1.0,14219.193682683102,14226.246,7.052317316896733
1836.0,1.0,14226.246,14229.70293384835,3.4569338483506726
1837.0,-1.0,14229.70293384835,14241.742999999999,12.040066151648716
1838.0,1.0,14241.743,14257.239955608244,15.496955608243297
1839.0,-1.0,14257.239955608244,14257.24,4.43917560914997e-05
1840.0,1.0,14257.24,14257.24,0.0
1841.0,-1.0,14257.24,14272.737,15.496999999999389
1842.0,1.0,14272.737,14277.773279298866,5.036279298867157
1843.0,-1.0,14277.773279298866,14288.233999999999,10.460720701132232
1844.0,1.0,14288.234,14294.077526427935,5.843526427934194
1845.0,-1.0,14294.077526427935,14303.731,9.653473572065195
1846.0,1.0,14303.731,14306.470879342018,2.7398793420179572
1847.0,-1.0,14306.470879342018,14319.228,12.757120657981432
1848.0,1.0,14319.228,14329.414274301425,10.186274301426238
1849.0,-1.0,14329.414274301425,14334.724999999999,5.310725698573151
1850.0,1.0,14334.725,14341.773450177912,7.0484501779119455
1851.0,-1.0,14341.773450177912,14350.222,8.448549822087443
1852.0,1.0,14350.222,14353.44041793888,3.2184179388805205
1853.0,-1.0,14353.44041793888,14365.719,12.278582061118868
1854.0,1.0,14365.719,14371.235045938869,5.5160459388698655
1855.0,-1.0,14371.235045938869,14381.215999999999,9.980954061129523
1856.0,1.0,14381.216,14396.539745886232,15.323745886231336
1857.0,-1.0,14396.539745886232,14396.713,0.17325411376805278
1858.0,1.0,14396.713,14401.480905637136,4.767905637136209
1859.0,-1.0,14401.480905637136,14412.21,10.72909436286318
1860.0,1.0,14412.21,14419.076228787824,6.866228787825094
1861.0,-1.0,14419.076228787824,14427.706999999999,8.630771212174295
1862.0,1.0,14427.707,14436.680045200388,8.973045200387787
1863.0,-1.0,14436.680045200388,14443.204,6.523954799611602
1864.0,1.0,14443.204,14443.204,0.0
1865.0,-1.0,14443.204,14458.701,15.496999999999389
1866.0,1.0,14458.701,14458.703606844389,0.0026068443894473603
1867.0,-1.0,14458.703606844389,14474.197999999999,15.494393155609941
1868.0,1.0,14474.198,14488.624730393896,14.426730393895923
1869.0,-1.0,14488.624730393896,14489.695,1.0702696061034658
1870.0,1.0,14489.695,14500.35627772967,10.661277729670473
1871.0,-1.0,14500.35627772967,14505.192,4.835722270328915
1872.0,1.0,14505.192,14513.45225549982,8.260255499821142
1873.0,-1.0,14513.45225549982,14520.688999999998,7.236744500178247
1874.0,1.0,14520.689,14527.972796776581,7.283796776580857
1875.0,-1.0,14527.972796776581,14536.186,8.213203223418532
1876.0,1.0,14536.186,14538.840782077918,2.6547820779178437
1877.0,-1.0,14538.840782077918,14551.682999999999,12.842217922081545
1878.0,1.0,14551.682999999999,14559.126833293809,7.443833293809803
1879.0,-1.0,14559.126833293809,14567.179999999998,8.053166706189586
1880.0,1.0,14567.18,14582.676357922563,15.49635792256231
1881.0,-1.0,14582.676357922563,14582.677,0.0006420774370781146
1882.0,1.0,14582.677,14598.173999999999,15.496999999999389
1883.0,-1.0,14598.173999999999,14598.173999999999,0.0
1884.0,1.0,14598.173999999999,14598.203502577682,0.02950257768316078
1885.0,-1.0,14598.203502577682,14613.670999999998,15.467497422316228
1886.0,1.0,14613.671,14629.111566610869,15.4405666108687
1887.0,-1.0,14629.111566610869,14629.168,0.05643338913068874
1888.0,1.0,14629.168,14639.767010052128,10.599010052128506
1889.0,-1.0,14639.767010052128,14644.664999999999,4.897989947870883
1890.0,1.0,14644.664999999999,14653.34515978497,8.680159784971693
1891.0,-1.0,14653.34515978497,14660.161999999998,6.816840215027696
1892.0,1.0,14660.162,14660.16329081031,0.0012908103090012446
1893.0,-1.0,14660.16329081031,14675.659,15.495709189690388
1894.0,1.0,14675.659,14677.083818500243,1.4248185002434184
1895.0,-1.0,14677.083818500243,14691.155999999999,14.07218149975597
1896.0,1.0,14691.155999999999,14704.237326231641,13.081326231642379
1897.0,-1.0,14704.237326231641,14706.652999999998,2.41567376835701
1898.0,1.0,14706.653,14718.690270398147,12.037270398146575
1899.0,-1.0,14718.690270398147,14722.15,3.459729601852814
1900.0,1.0,14722.15,14733.046799969032,10.896799969032145
1901.0,-1.0,14733.046799969032,14737.646999999999,4.600200030967244
1902.0,1.0,14737.646999999999,14753.04969506347,15.402695063470674
1903.0,-1.0,14753.04969506347,14753.143999999998,0.09430493652871519
1904.0,1.0,14753.144,14760.874107280784,7.730107280784068
1905.0,-1.0,14760.874107280784,14768.641,7.7668927192153205
1906.0,1.0,14768.641,14775.097889834795,6.45688983479522
1907.0,-1.0,14775.097889834795,14784.137999999999,9.040110165204169
1908.0,1.0,14784.137999999999,14788.75774965194,4.6197496519416745
1909.0,-1.0,14788.75774965194,14799.634999999998,10.877250348057714
1910.0,1.0,14799.635,14800.237229566423,0.6022295664224657
1911.0,-1.0,14800.237229566423,14815.132,14.894770433576923
1912.0,1.0,14815.132,14822.632174109098,7.500174109098225
1913.0,-1.0,14822.632174109098,14830.628999999999,7.996825890901164
1914.0,1.0,14830.628999999999,14846.112107740973,15.483107740974447
1915.0,-1.0,14846.112107740973,14846.125999999998,0.013892259024942177
1916.0,1.0,14846.126,14847.225453439745,1.099453439745048
1917.0,-1.0,14847.225453439745,14861.623,14.39754656025434
1918.0,1.0,14861.623,14872.49333174227,10.870331742269627
1919.0,-1.0,14872.49333174227,14877.119999999999,4.6266682577297615
1920.0,1.0,14877.119999999999,14884.392330905128,7.272330905128911
1921.0,-1.0,14884.392330905128,14892.616999999998,8.224669094870478
1922.0,1.0,14892.617,14892.617059202337,5.9202337070018984e-05
1923.0,-1.0,14892.617059202337,14908.114,15.496940797662319
1924.0,1.0,14908.114,14908.114001249482,1.2494820111896843e-06
1925.0,-1.0,14908.114001249482,14923.610999999999,15.496998750517378
1926.0,1.0,14923.611,14928.470024674782,4.859024674780812
1927.0,-1.0,14928.470024674782,14939.108,10.637975325218576
1928.0,1.0,14939.108,14941.077510639023,1.969510639022701
1929.0,-1.0,14941.077510639023,14954.605,13.527489360976688
1930.0,1.0,14954.605,14954.605,0.0
1931.0,-1.0,14954.605,14970.101999999999,15.496999999999389
1932.0,1.0,14970.102,14972.53595981172,2.4339598117185233
1933.0,-1.0,14972.53595981172,14985.599,13.063040188280866
1934.0,1.0,14985.599,14987.757107099915,2.1581070999145595
1935.0,-1.0,14987.757107099915,15001.096,13.33889290008483
1936.0,1.0,15001.096,15001.145675415797,0.049675415797537426
1937.0,-1.0,15001.145675415797,15016.592999999999,15.447324584201851
1938.0,1.0,15016.593,15026.534714825426,9.941714825425152
1939.0,-1.0,15026.534714825426,15032.09,5.555285174574237
1940.0,1.0,15032.09,15032.091272441921,0.001272441921173595
1941.0,-1.0,15032.091272441921,15047.587,15.495727558078215
1942.0,1.0,15047.587,15063.082886918444,15.49588691844474
1943.0,-1.0,15063.082886918444,15063.083999999999,0.0011130815546493977
1944.0,1.0,15063.084,15067.525901771505,4.44190177150449
1945.0,-1.0,15067.525901771505,15078.581,11.055098228494899
1946.0,1.0,15078.581,15085.283564268622,6.7025642686221545
1947.0,-1.0,15085.283564268622,15094.078,8.794435731377234
1948.0,1.0,15094.078,15103.725369158708,9.647369158708898
1949.0,-1.0,15103.725369158708,15109.574999999999,5.849630841290491
1950.0,1.0,15109.575,15125.069961986957,15.494961986956696
1951.0,-1.0,15125.069961986957,15125.072,0.00203801304269291
1952.0,1.0,15125.072,15139.257003179113,14.185003179112755
1953.0,-1.0,15139.257003179113,15140.569,1.311996820886634
1954.0,1.0,15140.569,15140.944146340014,0.37514634001490776
1955.0,-1.0,15140.944146340014,15156.065999999999,15.121853659984481
1956.0,1.0,15156.066,15162.67212276483,6.606122764829706
1957.0,-1.0,15162.67212276483,15171.563,8.890877235169683
1958.0,1.0,15171.563,15181.097238603861,9.534238603861013
1959.0,-1.0,15181.097238603861,15187.06,5.962761396138376
1960.0,1.0,15187.06,15189.081711427803,2.0217114278038935
1961.0,-1.0,15189.081711427803,15202.556999999999,13.475288572195495
1962.0,1.0,15202.557,15209.70491282823,7.147912828229892
1963.0,-1.0,15209.70491282823,15218.054,8.349087171769497
1964.0,1.0,15218.054,15233.550972906845,15.496972906845258
1965.0,-1.0,15233.550972906845,15233.551,2.709315413085278e-05
1966.0,1.0,15233.551,15233.56464400474,0.013644004740854143
1967.0,-1.0,15233.56464400474,15249.047999999999,15.483355995258535
1968.0,1.0,15249.048,15249.084385315755,0.03638531575415982
1969.0,-1.0,15249.084385315755,15264.545,15.460614684245229
1970.0,1.0,15264.545,15279.971371592164,15.426371592164287
1971.0,-1.0,15279.971371592164,15280.042,0.07062840783510183
1972.0,1.0,15280.042,15285.185148284849,5.143148284849303
1973.0,-1.0,15285.185148284849,15295.538999999999,10.353851715150086
1974.0,1.0,15295.539,15311.035928341731,15.496928341730381
1975.0,-1.0,15311.035928341731,15311.036,7.165826900745742e-05
1976.0,1.0,15311.036,15314.121759441517,3.085759441517439
1977.0,-1.0,15314.121759441517,15326.533,12.41124055848195
1978.0,1.0,15326.533,15327.696499739799,1.1634997397995903
1979.0,-1.0,15327.696499739799,15342.029999999999,14.333500260199799
1980.0,1.0,15342.03,15356.622285320465,14.592285320464725
1981.0,-1.0,15356.622285320465,15357.527,0.9047146795346634
1982.0,1.0,15357.527,15373.023769317637,15.49676931763679
1983.0,-1.0,15373.023769317637,15373.024,0.00023068236259859987
1984.0,1.0,15373.024,15373.759237610511,0.735237610511831
1985.0,-1.0,15373.759237610511,15388.520999999999,14.761762389487558
1986.0,1.0,15388.521,15394.043450320378,5.522450320377175
1987.0,-1.0,15394.043450320378,15404.018,9.974549679622214
1988.0,1.0,15404.018,15418.520633926775,14.502633926775161
1989.0,-1.0,15418.520633926775,15419.515,0.9943660732242279
1990.0,1.0,15419.515,15420.201887549076,0.6868875490763457
1991.0,-1.0,15420.201887549076,15435.011999999999,14.810112450923043
1992.0,1.0,15435.012,15446.751103961778,11.7391039617778
1993.0,-1.0,15446.751103961778,15450.509,3.7578960382215882
1994.0,1.0,15450.509,15458.21911087662,7.710110876620092
1995.0,-1.0,15458.21911087662,15466.006,7.7868891233792965
1996.0,1.0,15466.006,15472.037098119883,6.031098119883609
1997.0,-1.0,15472.037098119883,15481.502999999999,9.46590188011578
1998.0,1.0,15481.503,15481.50323395988,0.0002339598795515485
1999.0,-1.0,15481.50323395988,15497.0,15.496766040119837
2000.0,1.0,15497.0,15512.453046409042,15.453046409042145
2001.0,-1.0,15512.453046409042,15512.497,0.04395359095724416
2002.0,1.0,15512.497,15524.088809453353,11.591809453353562
2003.0,-1.0,15524.088809453353,15527.993999999999,3.9051905466458265
2004.0,1.0,15527.994,15540.865107951733,12.871107951732483
2005.0,-1.0,15540.865107951733,15543.491,2.6258920482669055
2006.0,1.0,15543.491,15553.047753532916,9.556753532915536
2007.0,-1.0,15553.047753532916,15558.988,5.940246467083853
2008.0,1.0,15558.988,15567.254946324974,8.266946324974924
2009.0,-1.0,15567.254946324974,15574.484999999999,7.230053675024465
2010.0,1.0,15574.485,15579.228322054118,4.743322054117016
2011.0,-1.0,15579.228322054118,15589.982,10.753677945882373
2012.0,1.0,15589.982,15603.09367509662,13.111675096619365
2013.0,-1.0,15603.09367509662,15605.479,2.385324903380024
2014.0,1.0,15605.479,15606.015549975255,0.5365499752551841
2015.0,-1.0,15606.015549975255,15620.975999999999,14.960450024744205
2016.0,1.0,15620.976,15620.980843008152,0.00484300815151073
2017.0,-1.0,15620.980843008152,15636.473,15.492156991847878
2018.0,1.0,15636.473,15636.47300002353,2.35304469242692e-08
2019.0,-1.0,15636.47300002353,15651.97,15.496999976468942
2020.0,1.0,15651.97,15651.970022812102,2.281210254295729e-05
2021.0,-1.0,15651.970022812102,15667.466999999999,15.496977187896846
2022.0,1.0,15667.467,15674.781659355716,7.314659355715776
2023.0,-1.0,15674.781659355716,15682.964,8.182340644283613
2024.0,1.0,15682.964,15698.170190014771,15.206190014770982
2025.0,-1.0,15698.170190014771,15698.461,0.29080998522840673
2026.0,1.0,15698.461,15699.98762615507,1.5266261550714262
2027.0,-1.0,15699.98762615507,15713.957999999999,13.970373844927963
2028.0,1.0,15713.958,15722.175696144277,8.217696144276488
2029.0,-1.0,15722.175696144277,15729.455,7.279303855722901
2030.0,1.0,15729.455,15744.490018304412,15.035018304412006
2031.0,-1.0,15744.490018304412,15744.952,0.461981695587383
2032.0,1.0,15744.952,15745.170997188146,0.21899718814711377
2033.0,-1.0,15745.170997188146,15760.448999999999,15.278002811852275
2034.0,1.0,15760.449,15766.493019793217,6.044019793216648
2035.0,-1.0,15766.493019793217,15775.946,9.45298020678274
2036.0,1.0,15775.946,15784.481907636746,8.535907636745833
2037.0,-1.0,15784.481907636746,15791.443,6.961092363253556
2038.0,1.0,15791.443,15804.659250115017,13.216250115017829
2039.0,-1.0,15804.659250115017,15806.939999999999,2.28074988498156
2040.0,1.0,15806.94,15811.272181594039,4.3321815940380475
2041.0,-1.0,15811.272181594039,15822.437,11.164818405961341
2042.0,1.0,15822.437,15828.347421921717,5.910421921716988
2043.0,-1.0,15828.347421921717,15837.934,9.5865780782824
2044.0,1.0,15837.934,15848.969820479198,11.035820479199174
2045.0,-1.0,15848.969820479198,15853.430999999999,4.461179520800215
2046.0,1.0,15853.431,15859.664577029149,6.233577029148364
2047.0,-1.0,15859.664577029149,15868.928,9.263422970851025
2048.0,1.0,15868.928,15868.92996468358,0.0019646835808089236
2049.0,-1.0,15868.92996468358,15884.425,15.49503531641858
2050.0,1.0,15884.425,15899.921891775883,15.496891775883341
2051.0,-1.0,15899.921891775883,15899.921999999999,0.00010822411604749504
2052.0,1.0,15899.922,15913.00954073791,13.087540737909876
2053.0,-1.0,15913.00954073791,15915.419,2.4094592620895128
2054.0,1.0,15915.419,15923.618868202124,8.19986820212398
2055.0,-1.0,15923.618868202124,15930.916,7.297131797875409
2056.0,1.0,15930.916,15942.71357007951,11.797570079510479
2057.0,-1.0,15942.71357007951,15946.412999999999,3.6994299204889103
2058.0,1.0,15946.413,15961.909314677561,15.496314677560804
2059.0,-1.0,15961.909314677561,15961.91,0.0006853224385849899
2060.0,1.0,15961.91,15963.392454165845,1.482454165845411
2061.0,-1.0,15963.392454165845,15977.407,14.014545834153978
2062.0,1.0,15977.407,15991.615142487366,14.208142487366786
2063.0,-1.0,15991.615142487366,15992.903999999999,1.2888575126326032
2064.0,1.0,15992.904,16008.129562745115,15.225562745114075
2065.0,-1.0,16008.129562745115,16008.401,0.27143725488531345
2066.0,1.0,16008.401,16021.55197666895,13.150976668950534
2067.0,-1.0,16021.55197666895,16023.898,2.3460233310488547
2068.0,1.0,16023.898,16039.1702282568,15.2722282568011
2069.0,-1.0,16039.1702282568,16039.394999999999,0.2247717431982892
2070.0,1.0,16039.395,16051.108171679918,11.71317167991765
2071.0,-1.0,16051.108171679918,16054.892,3.7838283200817386
2072.0,1.0,16054.892,16070.31040448296,15.418404482959886
2073.0,-1.0,16070.31040448296,16070.389,0.07859551703950274
2074.0,1.0,16070.389,16082.38695899129,11.997958991290943
2075.0,-1.0,16082.38695899129,16085.885999999999,3.4990410087084456
2076.0,1.0,16085.886,16085.915903593097,0.02990359309660562
2077.0,-1.0,16085.915903593097,16101.383,15.467096406902783
2078.0,1.0,16101.383,16115.602112118415,14.219112118415069
2079.0,-1.0,16115.602112118415,16116.88,1.27788788158432
2080.0,1.0,16116.88,16120.125852499403,3.2458524994035542
2081.0,-1.0,16120.125852499403,16132.376999999999,12.251147500595835
2082.0,1.0,16132.377,16139.384847737561,7.007847737560951
2083.0,-1.0,16139.384847737561,16147.874,8.489152262438438
2084.0,1.0,16147.874,16163.371,15.496999999999389
2085.0,-1.0,16163.371,16163.371,0.0
2086.0,1.0,16163.371,16176.163361324983,12.792361324984086
2087.0,-1.0,16176.163361324983,16178.867999999999,2.7046386750153033
2088.0,1.0,16178.868,16186.168098673263,7.300098673262255
2089.0,-1.0,16186.168098673263,16194.365,8.196901326737134
2090.0,1.0,16194.365,16194.365510042531,0.0005100425314594759
2091.0,-1.0,16194.365510042531,16209.862,15.49648995746793
2092.0,1.0,16209.862,16217.370831785422,7.508831785422444
2093.0,-1.0,16217.370831785422,16225.358999999999,7.988168214576945
2094.0,1.0,16225.359,16225.560068574308,0.20106857430801028
2095.0,-1.0,16225.560068574308,16240.856,15.295931425691379
2096.0,1.0,16240.856,16245.215605744059,4.359605744059081
2097.0,-1.0,16245.215605744059,16256.353,11.137394255940308
2098.0,1.0,16256.353,16264.271527464745,7.918527464746148
2099.0,-1.0,16264.271527464745,16271.849999999999,7.5784725352532405
2100.0,1.0,16271.85,16277.175618884912,5.325618884911819
2101.0,-1.0,16277.175618884912,16287.347,10.17138111508757
2102.0,1.0,16287.347,16292.194121523957,4.847121523956957
2103.0,-1.0,16292.194121523957,16302.844,10.649878476042431
2104.0,1.0,16302.844,16315.050110857635,12.206110857636304
2105.0,-1.0,16315.050110857635,16318.340999999999,3.290889142363085
2106.0,1.0,16318.341,16323.399793053202,5.058793053201953
2107.0,-1.0,16323.399793053202,16333.838,10.438206946797436
2108.0,1.0,16333.838,16334.586474025491,0.7484740254913049
2109.0,-1.0,16334.586474025491,16349.335,14.748525974508084
2110.0,1.0,16349.335,16364.83199998021,15.496999980210603
2111.0,-1.0,16364.83199998021,16364.831999999999,1.9788785721175373e-08
2112.0,1.0,16364.832,16373.106407769885,8.27440776988442
2113.0,-1.0,16373.106407769885,16380.329,7.222592230114969
2114.0,1.0,16380.329,16393.1749242592,12.845924259201638
2115.0,-1.0,16393.1749242592,16395.826,2.6510757407995698
2116.0,1.0,16395.826,16406.157883331667,10.331883331666177
2117.0,-1.0,16406.157883331667,16411.323,5.165116668333212
2118.0,1.0,16411.323,16418.56479680518,7.241796805181366
2119.0,-1.0,16418.56479680518,16426.82,8.255203194818023
2120.0,1.0,16426.82,16435.25821446771,8.438214467711077
2121.0,-1.0,16435.25821446771,16442.317,7.0587855322883115
2122.0,1.0,16442.317,16451.418359743064,9.101359743064677
2123.0,-1.0,16451.418359743064,16457.814,6.395640256934712
2124.0,1.0,16457.814,16465.678740973886,7.86474097388782
2125.0,-1.0,16465.678740973886,16473.310999999998,7.632259026111569
2126.0,1.0,16473.311,16479.316082139452,6.005082139450678
2127.0,-1.0,16479.316082139452,16488.808,9.49191786054871
2128.0,1.0,16488.808,16502.68070946178,13.872709461778868
2129.0,-1.0,16502.68070946178,16504.305,1.6242905382205208
2130.0,1.0,16504.305,16513.59377687761,9.288776877609052
2131.0,-1.0,16513.59377687761,16519.802,6.208223122390336
2132.0,1.0,16519.802,16519.803163251156,0.001163251155958278
2133.0,-1.0,16519.803163251156,16535.299,15.49583674884343
2134.0,1.0,16535.299,16537.883023098802,2.5840230988033
2135.0,-1.0,16537.883023098802,16550.796,12.912976901196089
2136.0,1.0,16550.796,16561.506493546014,10.710493546015641
2137.0,-1.0,16561.506493546014,16566.292999999998,4.786506453983748
2138.0,1.0,16566.293,16581.788795250464,15.495795250462834
2139.0,-1.0,16581.788795250464,16581.79,0.0012047495365550276
2140.0,1.0,16581.79,16582.612286753447,0.822286753445951
2141.0,-1.0,16582.612286753447,16597.287,14.674713246553438
2142.0,1.0,16597.287,16603.42894840062,6.141948400618276
2143.0,-1.0,16603.42894840062,16612.784,9.355051599381113
2144.0,1.0,16612.784,16618.272013175672,5.488013175672677
2145.0,-1.0,16618.272013175672,16628.281,10.008986824326712
2146.0,1.0,16628.281,16637.76077259243,9.47977259243271
2147.0,-1.0,16637.76077259243,16643.778,6.017227407566679
2148.0,1.0,16643.778,16649.946879723626,6.1688797236274695
2149.0,-1.0,16649.946879723626,16659.274999999998,9.32812027637192
2150.0,1.0,16659.275,16674.69540928922,15.420409289217787
2151.0,-1.0,16674.69540928922,16674.772,0.07659071078160196
2152.0,1.0,16674.772,16674.90750927212,0.13550927212054376
2153.0,-1.0,16674.90750927212,16690.269,15.361490727878845
2154.0,1.0,16690.269,16704.78304573679,14.51404573678883
2155.0,-1.0,16704.78304573679,16705.766,0.9829542632105586
2156.0,1.0,16705.766,16705.76600000406,4.059984348714352e-09
2157.0,-1.0,16705.76600000406,16721.263,15.496999995939404
2158.0,1.0,16721.263,16728.225918787157,6.962918787157832
2159.0,-1.0,16728.225918787157,16736.76,8.534081212841556
2160.0,1.0,16736.76,16750.325137367294,13.565137367295392
2161.0,-1.0,16750.325137367294,16752.256999999998,1.9318626327039965
2162.0,1.0,16752.257,16755.292534811833,3.0355348118318943
2163.0,-1.0,16755.292534811833,16767.754,12.461465188167494
2164.0,1.0,16767.754,16782.193520039298,14.43952003929735
2165.0,-1.0,16782.193520039298,16783.251,1.0574799607020395
2166.0,1.0,16783.251,16795.00574428452,11.754744284520712
2167.0,-1.0,16795.00574428452,16798.748,3.7422557154786773
2168.0,1.0,16798.748,16814.17024299505,15.4222429950496
2169.0,-1.0,16814.17024299505,16814.245,0.0747570049497881
2170.0,1.0,16814.245,16818.327492918128,4.082492918128992
2171.0,-1.0,16818.327492918128,16829.742,11.414507081870397
2172.0,1.0,16829.742,16845.12378677349,15.381786773490603
2173.0,-1.0,16845.12378677349,16845.238999999998,0.11521322650878574
2174.0,1.0,16845.239,16853.349298177567,8.11029817756571
2175.0,-1.0,16853.349298177567,16860.736,7.386701822433679
2176.0,1.0,16860.736,16876.232987104966,15.496987104965228
2177.0,-1.0,16876.232987104966,16876.233,1.2895034160465002e-05
2178.0,1.0,16876.233,16888.454181711935,12.22118171193506
2179.0,-1.0,16888.454181711935,16891.73,3.275818288064329
2180.0,1.0,16891.73,16900.263645067997,8.533645067996986
2181.0,-1.0,16900.263645067997,16907.227,6.963354932002403
2182.0,1.0,16907.227,16922.162135587627,14.935135587627883
2183.0,-1.0,16922.162135587627,16922.724,0.5618644123715058
2184.0,1.0,16922.724,16933.869646412226,11.145646412227507
2185.0,-1.0,16933.869646412226,16938.220999999998,4.351353587771882
2186.0,1.0,16938.221,16944.752721054076,6.531721054074296
2187.0,-1.0,16944.752721054076,16953.718,8.965278945925093
2188.0,1.0,16953.718,16968.070109732027,14.352109732026292
2189.0,-1.0,16968.070109732027,16969.215,1.1448902679730963
2190.0,1.0,16969.215,16984.7114709036,15.496470903599402
2191.0,-1.0,16984.7114709036,16984.712,0.0005290963999868836
2192.0,1.0,16984.712,16990.94059177517,6.228591775168752
2193.0,-1.0,16990.94059177517,17000.209,9.268408224830637
2194.0,1.0,17000.209,17009.94398540459,9.734985404589679
2195.0,-1.0,17009.94398540459,17015.706,5.76201459540971
2196.0,1.0,17015.706,17031.202949769573,15.496949769574712
2197.0,-1.0,17031.202949769573,17031.202999999998,5.023042467655614e-05
2198.0,1.0,17031.203,17033.983141876168,2.7801418761664536
2199.0,-1.0,17033.983141876168,17046.7,12.716858123832935
2200.0,1.0,17046.7,17061.15537733355,14.455377333550132
2201.0,-1.0,17061.15537733355,17062.197,1.041622666449257
2202.0,1.0,17062.197,17072.182748664745,9.985748664745188
2203.0,-1.0,17072.182748664745,17077.694,5.511251335254201
2204.0,1.0,17077.694,17093.18315186249,15.489151862489962
2205.0,-1.0,17093.18315186249,17093.191,0.007848137509427033
2206.0,1.0,17093.191,17107.257102028372,14.06610202837328
2207.0,-1.0,17107.257102028372,17108.688,1.4308979716261092
2208.0,1.0,17108.688,17121.221112418403,12.533112418404926
2209.0,-1.0,17121.221112418403,17124.184999999998,2.963887581594463
2210.0,1.0,17124.185,17139.681999006007,15.496999006005353
2211.0,-1.0,17139.681999006007,17139.682,9.939940355252475e-07
2212.0,1.0,17139.682,17142.05093883498,2.368938834977598
2213.0,-1.0,17142.05093883498,17155.179,13.12806116502179
2214.0,1.0,17155.179,17159.457612466867,4.278612466867344
2215.0,-1.0,17159.457612466867,17170.676,11.218387533132045
2216.0,1.0,17170.676,17176.476617675533,5.800617675533431
2217.0,-1.0,17176.476617675533,17186.173,9.696382324465958
2218.0,1.0,17186.173,17196.73229547371,10.559295473711245
2219.0,-1.0,17196.73229547371,17201.67,4.937704526288144
2220.0,1.0,17201.67,17201.804876248418,0.13487624841945944
2221.0,-1.0,17201.804876248418,17217.166999999998,15.36212375157993
2222.0,1.0,17217.167,17226.0748631948,8.907863194799575
2223.0,-1.0,17226.0748631948,17232.664,6.589136805199814
2224.0,1.0,17232.664,17248.074835517156,15.410835517155647
2225.0,-1.0,17248.074835517156,17248.161,0.08616448284374201
2226.0,1.0,17248.161,17263.657891397455,15.496891397455329
2227.0,-1.0,17263.657891397455,17263.658,0.00010860254405997694
2228.0,1.0,17263.658,17274.7406761535,11.082676153499051
2229.0,-1.0,17274.7406761535,17279.155,4.414323846500338
2230.0,1.0,17279.155,17289.414195963094,10.259195963095408
2231.0,-1.0,17289.414195963094,17294.652,5.237804036903981
2232.0,1.0,17294.652,17310.148999999998,15.496999999999389
2233.0,-1.0,17310.148999999998,17310.148999999998,0.0
2234.0,1.0,17310.149,17319.373701490014,9.224701490013103
2235.0,-1.0,17319.373701490014,17325.646,6.272298509986285
2236.0,1.0,17325.646,17340.537438704116,14.89143870411499
2237.0,-1.0,17340.537438704116,17341.143,0.6055612958843994
2238.0,1.0,17341.143,17344.826618283136,3.683618283135729
2239.0,-1.0,17344.826618283136,17356.64,11.81338171686366
2240.0,1.0,17356.64,17369.01276010996,12.372760109959927
2241.0,-1.0,17369.01276010996,17372.137,3.124239890039462
2242.0,1.0,17372.137,17372.896349191826,0.7593491918269137
2243.0,-1.0,17372.896349191826,17387.634,14.737650808172475
2244.0,1.0,17387.634,17398.672924478888,11.038924478889385
2245.0,-1.0,17398.672924478888,17403.130999999998,4.458075521110004
2246.0,1.0,17403.131,17403.13836845434,0.007368454338575248
2247.0,-1.0,17403.13836845434,17418.628,15.489631545660814
2248.0,1.0,17418.628,17428.158582126016,9.53058212601536
2249.0,-1.0,17428.158582126016,17434.125,5.966417873984028
2250.0,1.0,17434.125,17441.542514457335,7.417514457334619
2251.0,-1.0,17441.542514457335,17449.622,8.07948554266477
2252.0,1.0,17449.622,17461.227320020065,11.605320020065847
2253.0,-1.0,17461.227320020065,17465.119,3.891679979933542
2254.0,1.0,17465.119,17475.52138676868,10.402386768681026
2255.0,-1.0,17475.52138676868,17480.615999999998,5.0946132313183625
2256.0,1.0,17480.615999999998,17487.179681494163,6.563681494164484
2257.0,-1.0,17487.179681494163,17496.112999999998,8.933318505834904
2258.0,1.0,17496.113,17511.473350412118,15.360350412116532
2259.0,-1.0,17511.473350412118,17511.61,0.1366495878828573
2260.0,1.0,17511.61,17521.951464917624,10.341464917622943
2261.0,-1.0,17521.951464917624,17527.107,5.155535082376446
2262.0,1.0,17527.107,17542.394576751783,15.28757675178349
2263.0,-1.0,17542.394576751783,17542.604,0.20942324821589864
2264.0,1.0,17542.604,17557.939859718816,15.33585971881621
2265.0,-1.0,17557.939859718816,17558.101,0.16114028118317947
2266.0,1.0,17558.101,17568.61604454196,10.515044541960378
2267.0,-1.0,17568.61604454196,17573.597999999998,4.98195545803901
2268.0,1.0,17573.597999999998,17582.666493769266,9.068493769267661
2269.0,-1.0,17582.666493769266,17589.094999999998,6.4285062307317276
2270.0,1.0,17589.095,17591.235107796438,2.140107796436496
2271.0,-1.0,17591.235107796438,17604.592,13.356892203562893
2272.0,1.0,17604.592,17619.633914709128,15.041914709127013
2273.0,-1.0,17619.633914709128,17620.089,0.4550852908723755
2274.0,1.0,17620.089,17634.028552353906,13.939552353906038
2275.0,-1.0,17634.028552353906,17635.586,1.557447646093351
2276.0,1.0,17635.586,17637.713447455426,2.1274474554265907
2277.0,-1.0,17637.713447455426,17651.083,13.369552544572798
2278.0,1.0,17651.083,17666.57997611224,15.4969761122411
2279.0,-1.0,17666.57997611224,17666.579999999998,2.3887758288765326e-05
2280.0,1.0,17666.579999999998,17667.749631895607,1.1696318956092
2281.0,-1.0,17667.749631895607,17682.076999999997,14.327368104390189
2282.0,1.0,17682.077,17696.29233155122,14.215331551218696
2283.0,-1.0,17696.29233155122,17697.574,1.2816684487806924
2284.0,1.0,17697.574,17710.04821123673,12.474211236731207
2285.0,-1.0,17710.04821123673,17713.071,3.0227887632681814
2286.0,1.0,17713.071,17722.378307711577,9.307307711576868
2287.0,-1.0,17722.378307711577,17728.568,6.1896922884225205
2288.0,1.0,17728.568,17742.297829058225,13.729829058225732
2289.0,-1.0,17742.297829058225,17744.065,1.7671709417736565
2290.0,1.0,17744.065,17753.257144560033,9.192144560034649
2291.0,-1.0,17753.257144560033,17759.561999999998,6.30485543996474
2292.0,1.0,17759.561999999998,17766.19111351683,6.629113516832149
2293.0,-1.0,17766.19111351683,17775.058999999997,8.86788648316724
2294.0,1.0,17775.059,17775.059000949746,9.49745299294591e-07
2295.0,-1.0,17775.059000949746,17790.556,15.49699905025409
2296.0,1.0,17790.556,17803.334953189067,12.77895318906667
2297.0,-1.0,17803.334953189067,17806.053,2.7180468109327194
2298.0,1.0,17806.053,17820.61483026473,14.561830264730816
2299.0,-1.0,17820.61483026473,17821.55,0.9351697352685733
2300.0,1.0,17821.55,17830.512201250283,8.962201250284124
2301.0,-1.0,17830.512201250283,17837.047,6.534798749715264
2302.0,1.0,17837.047,17837.065486092102,0.018486092103557894
2303.0,-1.0,17837.065486092102,17852.543999999998,15.478513907895831
2304.0,1.0,17852.544,17864.064188439897,11.520188439895719
2305.0,-1.0,17864.064188439897,17868.041,3.9768115601036698
2306.0,1.0,17868.041,17883.53799952913,15.496999529128516
2307.0,-1.0,17883.53799952913,17883.538,4.708708729594946e-07
2308.0,1.0,17883.538,17898.644118461278,15.10611846127722
2309.0,-1.0,17898.644118461278,17899.035,0.39088153872216935
2310.0,1.0,17899.035,17903.43776682188,4.402766821880505
2311.0,-1.0,17903.43776682188,17914.532,11.094233178118884
2312.0,1.0,17914.532,17914.532123597855,0.00012359785614535213
2313.0,-1.0,17914.532123597855,17930.029,15.496876402143243
2314.0,1.0,17930.029,17944.619993859018,14.590993859019363
2315.0,-1.0,17944.619993859018,17945.525999999998,0.9060061409800255
2316.0,1.0,17945.526,17956.6674059405,11.14140594049968
2317.0,-1.0,17956.6674059405,17961.023,4.355594059499708
2318.0,1.0,17961.023,17971.539271340444,10.516271340442472
2319.0,-1.0,17971.539271340444,17976.52,4.980728659556917
2320.0,1.0,17976.52,17990.060354051708,13.540354051707254
2321.0,-1.0,17990.060354051708,17992.017,1.9566459482921346
2322.0,1.0,17992.017,18006.966699270175,14.949699270175188
2323.0,-1.0,18006.966699270175,18007.514,0.547300729824201
2324.0,1.0,18007.514,18012.552325078766,5.03832507876723
2325.0,-1.0,18012.552325078766,18023.011,10.45867492123216
2326.0,1.0,18023.011,18033.708662858684,10.697662858685362
2327.0,-1.0,18033.708662858684,18038.507999999998,4.799337141314027
2328.0,1.0,18038.508,18045.785440262036,7.277440262034361
2329.0,-1.0,18045.785440262036,18054.005,8.219559737965028
2330.0,1.0,18054.005,18064.01788985207,10.012889852070657
2331.0,-1.0,18064.01788985207,18069.502,5.484110147928732
2332.0,1.0,18069.502,18073.76331089268,4.261310892678011
2333.0,-1.0,18073.76331089268,18084.999,11.235689107321377
2334.0,1.0,18084.999,18085.172548599527,0.1735485995268391
2335.0,-1.0,18085.172548599527,18100.496,15.32345140047255
2336.0,1.0,18100.496,18115.993,15.496999999999389
2337.0,-1.0,18115.993,18115.993,0.0
2338.0,1.0,18115.993,18126.025425459884,10.032425459885417
2339.0,-1.0,18126.025425459884,18131.489999999998,5.464574540113972
2340.0,1.0,18131.49,18139.59201943056,8.102019430560176
2341.0,-1.0,18139.59201943056,18146.987,7.394980569439213
2342.0,1.0,18146.987,18152.605122962563,5.618122962561756
2343.0,-1.0,18152.605122962563,18162.484,9.878877037437633
2344.0,1.0,18162.484,18162.498896694127,0.014896694126946386
2345.0,-1.0,18162.498896694127,18177.981,15.482103305872442
2346.0,1.0,18177.981,18183.91851237593,5.9375123759309645
2347.0,-1.0,18183.91851237593,18193.478,9.559487624068424
2348.0,1.0,18193.478,18201.825673311436,8.347673311436665
2349.0,-1.0,18201.825673311436,18208.975,7.149326688562724
2350.0,1.0,18208.975,18218.32442603465,9.349426034652424
2351.0,-1.0,18218.32442603465,18224.471999999998,6.1475739653469645
2352.0,1.0,18224.472,18239.965374710235,15.493374710233184
2353.0,-1.0,18239.965374710235,18239.969,0.003625289766205242
2354.0,1.0,18239.969,18239.969650326137,0.0006503261356556322
2355.0,-1.0,18239.969650326137,18255.466,15.496349673863733
2356.0,1.0,18255.466,18262.52201862436,7.056018624360149
2357.0,-1.0,18262.52201862436,18270.963,8.44098137563924
2358.0,1.0,18270.963,18286.45999200001,15.496992000011232
2359.0,-1.0,18286.45999200001,18286.46,7.999988156370819e-06
2360.0,1.0,18286.46,18290.156809679902,3.696809679902799
2361.0,-1.0,18290.156809679902,18301.957,11.80019032009659
2362.0,1.0,18301.957,18315.650600094723,13.693600094724388
2363.0,-1.0,18315.650600094723,18317.453999999998,1.8033999052750005
2364.0,1.0,18317.454,18324.011905946685,6.557905946683604
2365.0,-1.0,18324.011905946685,18332.951,8.939094053315785
2366.0,1.0,18332.951,18344.23494347279,11.28394347279027
2367.0,-1.0,18344.23494347279,18348.448,4.213056527209119
2368.0,1.0,18348.448,18361.250008180876,12.802008180875418
2369.0,-1.0,18361.250008180876,18363.945,2.6949918191239703
2370.0,1.0,18363.945,18371.342418569817,7.397418569817091
2371.0,-1.0,18371.342418569817,18379.442,8.099581430182297
2372.0,1.0,18379.442,18394.229111316665,14.787111316665687
2373.0,-1.0,18394.229111316665,18394.939,0.7098886833337019
2374.0,1.0,18394.939,18406.45657811535,11.51757811535208
2375.0,-1.0,18406.45657811535,18410.435999999998,3.9794218846473086
2376.0,1.0,18410.436,18422.589465637575,12.15346563757339
2377.0,-1.0,18422.589465637575,18425.933,3.3435343624259986
2378.0,1.0,18425.933,18435.789343581426,9.85634358142488
2379.0,-1.0,18435.789343581426,18441.43,5.640656418574508
2380.0,1.0,18441.43,18456.71379571159,15.283795711588027
2381.0,-1.0,18456.71379571159,18456.927,0.21320428841136163
2382.0,1.0,18456.927,18470.60570867117,13.67870867117017
2383.0,-1.0,18470.60570867117,18472.424,1.8182913288292184
2384.0,1.0,18472.424,18487.59027834863,15.16627834863175
2385.0,-1.0,18487.59027834863,18487.921,0.3307216513676394
2386.0,1.0,18487.921,18494.956035154504,7.035035154505749
2387.0,-1.0,18494.956035154504,18503.417999999998,8.46196484549364
2388.0,1.0,18503.418,18516.360145702714,12.942145702712878
2389.0,-1.0,18516.360145702714,18518.915,2.5548542972865107
2390.0,1.0,18518.915,18523.915710463603,5.000710463602445
2391.0,-1.0,18523.915710463603,18534.412,10.496289536396944
2392.0,1.0,18534.412,18549.909,15.496999999999389
2393.0,-1.0,18549.909,18549.909,0.0
2394.0,1.0,18549.909,18550.043727024964,0.13472702496437705
2395.0,-1.0,18550.043727024964,18565.406,15.362272975035012
2396.0,1.0,18565.406,18567.59046855628,2.184468556279171
2397.0,-1.0,18567.59046855628,18580.903,13.312531443720218
2398.0,1.0,18580.903,18593.50502996213,12.602029962130473
2399.0,-1.0,18593.50502996213,18596.399999999998,2.894970037868916
2400.0,1.0,18596.4,18611.763716534504,15.3637165345026
2401.0,-1.0,18611.763716534504,18611.897,0.13328346549678827
2402.0,1.0,18611.897,18625.0567563255,13.159756325498165
2403.0,-1.0,18625.0567563255,18627.394,2.3372436745012237
2404.0,1.0,18627.394,18642.086602402964,14.69260240296353
2405.0,-1.0,18642.086602402964,18642.891,0.8043975970358588
2406.0,1.0,18642.891,18658.327901393597,15.436901393597509
2407.0,-1.0,18658.327901393597,18658.388,0.060098606401879806
2408.0,1.0,18658.388,18658.398061353015,0.010061353015771601
2409.0,-1.0,18658.398061353015,18673.885,15.486938646983617
2410.0,1.0,18673.885,18688.789337950508,14.904337950509216
2411.0,-1.0,18688.789337950508,18689.381999999998,0.5926620494901726
2412.0,1.0,18689.382,18704.79863214734,15.416632147338532
2413.0,-1.0,18704.79863214734,18704.879,0.08036785266085644
2414.0,1.0,18704.879,18720.37477231633,15.49577231632793
2415.0,-1.0,18720.37477231633,18720.376,0.00122768367145909
2416.0,1.0,18720.376,18720.57532918695,0.1993291869512177
2417.0,-1.0,18720.57532918695,18735.873,15.297670813048171
2418.0,1.0,18735.873,18743.40239200871,7.529392008709692
2419.0,-1.0,18743.40239200871,18751.37,7.967607991289697
2420.0,1.0,18751.37,18766.867,15.496999999999389
2421.0,-1.0,18766.867,18766.867,0.0
2422.0,1.0,18766.867,18778.236134916686,11.369134916687472
2423.0,-1.0,18778.236134916686,18782.363999999998,4.127865083311917
2424.0,1.0,18782.364,18794.147002817142,11.783002817141096
2425.0,-1.0,18794.147002817142,18797.861,3.713997182858293
2426.0,1.0,18797.861,18805.89122462616,8.030224626159907
2427.0,-1.0,18805.89122462616,18813.358,7.466775373839482
2428.0,1.0,18813.358,18828.851045760453,15.493045760453242
2429.0,-1.0,18828.851045760453,18828.855,0.0039542395461467095
2430.0,1.0,18828.855,18837.364188768068,8.50918876806827
2431.0,-1.0,18837.364188768068,18844.352,6.9878112319311185
2432.0,1.0,18844.352,18847.96127110981,3.6092711098099244
2433.0,-1.0,18847.96127110981,18859.849,11.887728890189464
2434.0,1.0,18859.849,18875.345305859995,15.496305859996937
2435.0,-1.0,18875.345305859995,18875.345999999998,0.0006941400024516042
2436.0,1.0,18875.346,18890.789574808554,15.443574808552512
2437.0,-1.0,18890.789574808554,18890.843,0.05342519144687685
2438.0,1.0,18890.843,18893.405795236617,2.5627952366157842
2439.0,-1.0,18893.405795236617,18906.34,12.934204763383605
2440.0,1.0,18906.34,18906.958201355705,0.6182013557045138
2441.0,-1.0,18906.958201355705,18921.837,14.878798644294875
2442.0,1.0,18921.837,18937.326027090105,15.489027090105083
2443.0,-1.0,18937.326027090105,18937.334,0.007972909894306213
2444.0,1.0,18937.334,18948.11569689136,10.781696891361207
2445.0,-1.0,18948.11569689136,18952.831,4.715303108638182
2446.0,1.0,18952.831,18968.327915514143,15.496915514144348
2447.0,-1.0,18968.327915514143,18968.327999999998,8.448585504083894e-05
2448.0,1.0,18968.328,18983.824979992514,15.496979992512934
2449.0,-1.0,18983.824979992514,18983.825,2.0007486455142498e-05
2450.0,1.0,18983.825,18995.08396814369,11.258968143687525
2451.0,-1.0,18995.08396814369,18999.322,4.2380318563118635
2452.0,1.0,18999.322,19004.29328004099,4.971280040990678
2453.0,-1.0,19004.29328004099,19014.819,10.525719959008711
2454.0,1.0,19014.819,19030.275685752542,15.456685752542398
2455.0,-1.0,19030.275685752542,19030.316,0.040314247456990415
2456.0,1.0,19030.316,19041.880003137758,11.564003137758846
2457.0,-1.0,19041.880003137758,19045.813,3.932996862240543
2458.0,1.0,19045.813,19060.892240265086,15.07924026508772
2459.0,-1.0,19060.892240265086,19061.309999999998,0.4177597349116695
2460.0,1.0,19061.31,19076.807,15.496999999999389
2461.0,-1.0,19076.807,19076.807,0.0
2462.0,1.0,19076.807,19077.689823928737,0.8828239287358883
2463.0,-1.0,19077.689823928737,19092.304,14.6141760712635
2464.0,1.0,19092.304,19107.79252503909,15.488525039090746
2465.0,-1.0,19107.79252503909,19107.801,0.00847496090864297
2466.0,1.0,19107.801,19123.297879546786,15.496879546786658
2467.0,-1.0,19123.297879546786,19123.298,0.0001204532127303537
2468.0,1.0,19123.298,19134.87226482935,11.574264829352614
2469.0,-1.0,19134.87226482935,19138.795,3.9227351706467743
2470.0,1.0,19138.795,19148.54195584366,9.746955843660544
2471.0,-1.0,19148.54195584366,19154.291999999998,5.750044156338845
2472.0,1.0,19154.292,19169.606533068163,15.314533068161836
2473.0,-1.0,19169.606533068163,19169.789,0.1824669318375527
2474.0,1.0,19169.789,19185.270414448696,15.481414448695432
2475.0,-1.0,19185.270414448696,19185.286,0.01558555130395689
2476.0,1.0,19185.286,19199.30591510054,14.019915100539947
2477.0,-1.0,19199.30591510054,19200.783,1.4770848994594417
2478.0,1.0,19200.783,19214.372427749116,13.589427749117021
2479.0,-1.0,19214.372427749116,19216.28,1.9075722508823674
2480.0,1.0,19216.28,19231.777,15.496999999999389
2481.0,-1.0,19231.777,19231.777,0.0
2482.0,1.0,19231.777,19247.273990738115,15.496990738116438
2483.0,-1.0,19247.273990738115,19247.273999999998,9.2618829512503e-06
2484.0,1.0,19247.274,19260.603397944727,13.329397944726225
2485.0,-1.0,19260.603397944727,19262.771,2.1676020552731643
2486.0,1.0,19262.771,19277.932413948423,15.161413948422705
2487.0,-1.0,19277.932413948423,19278.268,0.33558605157668353
2488.0,1.0,19278.268,19293.76111033561,15.493110335610254
2489.0,-1.0,19293.76111033561,19293.765,0.0038896643891348504
2490.0,1.0,19293.765,19309.261187324817,15.496187324817583
2491.0,-1.0,19309.261187324817,19309.262,0.000812675181805389
2492.0,1.0,19309.262,19315.438051416368,6.176051416368864
2493.0,-1.0,19315.438051416368,19324.759,9.320948583630525
2494.0,1.0,19324.759,19340.255999999998,15.496999999999389
2495.0,-1.0,19340.255999999998,19340.255999999998,0.0
2496.0,1.0,19340.256,19355.75299887772,15.496998877719307
2497.0,-1.0,19355.75299887772,19355.753,1.1222800821997225e-06
2498.0,1.0,19355.753,19364.391291901615,8.638291901614139
2499.0,-1.0,19364.391291901615,19371.25,6.85870809838525
2500.0,1.0,19371.25,19379.776723001698,8.526723001697974
2501.0,-1.0,19379.776723001698,19386.747,6.970276998301415
2502.0,1.0,19386.747,19399.515424312045,12.768424312045681
2503.0,-1.0,19399.515424312045,19402.244,2.7285756879537075
2504.0,1.0,19402.244,19417.2682955121,15.02429551210298
2505.0,-1.0,19417.2682955121,19417.740999999998,0.47270448789640795
2506.0,1.0,19417.740999999998,19433.237999999998,15.496999999999389
2507.0,-1.0,19433.237999999998,19433.237999999998,0.0
2508.0,1.0,19433.238,19448.72703259297,15.489032592970034
2509.0,-1.0,19448.72703259297,19448.735,0.007967407029354945
2510.0,1.0,19448.735,19457.587041783696,8.852041783695313
2511.0,-1.0,19457.587041783696,19464.232,6.644958216304076
2512.0,1.0,19464.232,19475.713355457592,11.481355457592144
2513.0,-1.0,19475.713355457592,19479.729,4.015644542407244
2514.0,1.0,19479.729,19479.740719714595,0.011719714595528785
2515.0,-1.0,19479.740719714595,19495.226,15.48528028540386
2516.0,1.0,19495.226,19502.011109512736,6.785109512737108
2517.0,-1.0,19502.011109512736,19510.722999999998,8.71189048726228
2518.0,1.0,19510.722999999998,19526.219980906768,15.49698090676975
2519.0,-1.0,19526.219980906768,19526.219999999998,1.9093229639111087e-05
2520.0,1.0,19526.22,19535.96507845995,9.745078459949582
2521.0,-1.0,19535.96507845995,19541.717,5.751921540049807
2522.0,1.0,19541.717,19553.753031667547,12.036031667546922
2523.0,-1.0,19553.753031667547,19557.214,3.4609683324524667
2524.0,1.0,19557.214,19566.246803528134,9.032803528134536
2525.0,-1.0,19566.246803528134,19572.711,6.464196471864852
2526.0,1.0,19572.711,19588.17135461949,15.460354619492136
2527.0,-1.0,19588.17135461949,19588.208,0.03664538050725241
2528.0,1.0,19588.208,19592.723865214815,4.515865214816586
2529.0,-1.0,19592.723865214815,19603.704999999998,10.981134785182803
2530.0,1.0,19603.704999999998,19618.66882632787,14.963826327872084
2531.0,-1.0,19618.66882632787,19619.201999999997,0.5331736721273046
2532.0,1.0,19619.202,19633.244442127532,14.042442127531103
2533.0,-1.0,19633.244442127532,19634.699,1.4545578724682855
2534.0,1.0,19634.699,19650.126252064034,15.427252064033382
2535.0,-1.0,19650.126252064034,19650.196,0.06974793596600648
2536.0,1.0,19650.196,19665.68823953301,15.492239533010434
2537.0,-1.0,19665.68823953301,19665.693,0.004760466988955159
2538.0,1.0,19665.693,19680.40129223546,14.708292235460249
2539.0,-1.0,19680.40129223546,19681.19,0.78870776453914
2540.0,1.0,19681.19,19683.988834683656,2.798834683657333
2541.0,-1.0,19683.988834683656,19696.686999999998,12.698165316342056
2542.0,1.0,19696.686999999998,19710.1906702551,13.503670255100587
2543.0,-1.0,19710.1906702551,19712.183999999997,1.9933297448988014
2544.0,1.0,19712.184,19723.737943519147,11.553943519145832
2545.0,-1.0,19723.737943519147,19727.681,3.9430564808535564
2546.0,1.0,19727.681,19741.891542943013,14.210542943012115
2547.0,-1.0,19741.891542943013,19743.178,1.286457056987274
2548.0,1.0,19743.178,19754.179675868352,11.001675868352322
2549.0,-1.0,19754.179675868352,19758.675,4.495324131647067
2550.0,1.0,19758.675,19772.238450228655,13.56345022865571
2551.0,-1.0,19772.238450228655,19774.172,1.933549771343678
2552.0,1.0,19774.172,19782.352522106907,8.180522106908029
2553.0,-1.0,19782.352522106907,19789.668999999998,7.31647789309136
2554.0,1.0,19789.668999999998,19805.165799528357,15.496799528358679
2555.0,-1.0,19805.165799528357,19805.165999999997,0.00020047164071002044
2556.0,1.0,19805.166,19820.553759478902,15.387759478900989
2557.0,-1.0,19820.553759478902,19820.663,0.10924052109839977
2558.0,1.0,19820.663,19835.09775168249,14.43475168248915
2559.0,-1.0,19835.09775168249,19836.16,1.0622483175102388
2560.0,1.0,19836.16,19850.10858224372,13.948582243720011
2561.0,-1.0,19850.10858224372,19851.657,1.5484177562793775
2562.0,1.0,19851.657,19866.731935777167,15.074935777167411
2563.0,-1.0,19866.731935777167,19867.154,0.42206422283197753
2564.0,1.0,19867.154,19874.9938421759,7.83984217590114
2565.0,-1.0,19874.9938421759,19882.650999999998,7.657157824098249
2566.0,1.0,19882.651,19894.238398505368,11.587398505365854
2567.0,-1.0,19894.238398505368,19898.148,3.9096014946335345
2568.0,1.0,19898.148,19913.633322871243,15.485322871241806
2569.0,-1.0,19913.633322871243,19913.645,0.011677128757582977
2570.0,1.0,19913.645,19924.150175139464,10.505175139463972
2571.0,-1.0,19924.150175139464,19929.142,4.9918248605354165
2572.0,1.0,19929.142,19941.21446790364,12.072467903639335
2573.0,-1.0,19941.21446790364,19944.639,3.4245320963600534
2574.0,1.0,19944.639,19960.12985794957,15.490857949571364
2575.0,-1.0,19960.12985794957,19960.136,0.006142050428024959
2576.0,1.0,19960.136,19972.73810944221,12.602109442210349
2577.0,-1.0,19972.73810944221,19975.632999999998,2.89489055778904
2578.0,1.0,19975.633,19990.16852184503,14.535521845027688
2579.0,-1.0,19990.16852184503,19991.13,0.9614781549717009
2580.0,1.0,19991.13,20006.331912892263,15.201912892262044
2581.0,-1.0,20006.331912892263,20006.627,0.2950871077373449
2582.0,1.0,20006.627,20019.212201143207,12.585201143207087
2583.0,-1.0,20019.212201143207,20022.124,2.911798856792302
2584.0,1.0,20022.124,20022.92535494502,0.8013549450188293
2585.0,-1.0,20022.92535494502,20037.621,14.69564505498056
2586.0,1.0,20037.621,20045.900541468625,8.279541468626121
2587.0,-1.0,20045.900541468625,20053.118,7.217458531373268
2588.0,1.0,20053.118,20068.61499553662,15.496995536621398
2589.0,-1.0,20068.61499553662,20068.614999999998,4.463377990759909e-06
2590.0,1.0,20068.615,20078.95832075473,10.343320754727756
2591.0,-1.0,20078.95832075473,20084.112,5.153679245271633
2592.0,1.0,20084.112,20084.112250439593,0.0002504395924916025
2593.0,-1.0,20084.112250439593,20099.609,15.496749560406897
2594.0,1.0,20099.609,20115.105730998835,15.496730998835119
2595.0,-1.0,20115.105730998835,20115.106,0.0002690011642698664
2596.0,1.0,20115.106,20130.49078491815,15.384784918151126
2597.0,-1.0,20130.49078491815,20130.603,0.11221508184826234
2598.0,1.0,20130.603,20145.705172375394,15.10217237539473
2599.0,-1.0,20145.705172375394,20146.1,0.3948276246046589
2600.0,1.0,20146.1,20161.596999902195,15.496999902195967
2601.0,-1.0,20161.596999902195,20161.596999999998,9.780342224985361e-08
2602.0,1.0,20161.597,20176.41666955969,14.819669559688919
2603.0,-1.0,20176.41666955969,20177.094,0.6773304403104703
2604.0,1.0,20177.094,20190.686526999776,13.592526999775146
2605.0,-1.0,20190.686526999776,20192.591,1.9044730002242432
2606.0,1.0,20192.591,20205.496940352234,12.905940352233301
2607.0,-1.0,20205.496940352234,20208.088,2.5910596477660874
2608.0,1.0,20208.088,20223.542966101053,15.454966101053287
2609.0,-1.0,20223.542966101053,20223.585,0.042033898946101544
2610.0,1.0,20223.585,20238.8639279992,15.278927999199368
2611.0,-1.0,20238.8639279992,20239.082,0.21807200080002076
2612.0,1.0,20239.082,20254.575537140307,15.493537140308035
2613.0,-1.0,20254.575537140307,20254.578999999998,0.003462859691353515
2614.0,1.0,20254.579,20259.304865880673,4.725865880671336
2615.0,-1.0,20259.304865880673,20270.076,10.771134119328053
2616.0,1.0,20270.076,20285.553924812346,15.477924812345009
2617.0,-1.0,20285.553924812346,20285.573,0.019075187654379988
2618.0,1.0,20285.573,20299.479230500554,13.906230500553647
2619.0,-1.0,20299.479230500554,20301.07,1.5907694994457415
2620.0,1.0,20301.07,20315.953609827822,14.88360982782251
2621.0,-1.0,20315.953609827822,20316.567,0.613390172176878
2622.0,1.0,20316.567,20331.80153687042,15.234536870419106
2623.0,-1.0,20331.80153687042,20332.064,0.26246312958028284
2624.0,1.0,20332.064,20335.68790185397,3.6239018539708923
2625.0,-1.0,20335.68790185397,20347.560999999998,11.873098146028497
2626.0,1.0,20347.561,20363.057934995577,15.49693499557543
2627.0,-1.0,20363.057934995577,20363.058,6.500442395918071e-05
2628.0,1.0,20363.058,20377.891294538855,14.833294538853806
2629.0,-1.0,20377.891294538855,20378.555,0.6637054611455824
2630.0,1.0,20378.555,20386.63017340965,8.075173409648414
2631.0,-1.0,20386.63017340965,20394.052,7.421826590350975
2632.0,1.0,20394.052,20399.566290750463,5.51429075046326
2633.0,-1.0,20399.566290750463,20409.549,9.982709249536128
2634.0,1.0,20409.549,20424.908281532993,15.359281532993919
2635.0,-1.0,20424.908281532993,20425.046,0.1377184670054703
2636.0,1.0,20425.046,20430.24610842956,5.200108429562533
2637.0,-1.0,20430.24610842956,20440.542999999998,10.296891570436856
2638.0,1.0,20440.543,20453.921368116033,13.378368116031197
2639.0,-1.0,20453.921368116033,20456.04,2.1186318839681917
2640.0,1.0,20456.04,20469.650673926397,13.610673926395975
2641.0,-1.0,20469.650673926397,20471.537,1.8863260736034135
2642.0,1.0,20471.537,20478.277620585945,6.740620585944271
2643.0,-1.0,20478.277620585945,20487.034,8.756379414055118
2644.0,1.0,20487.034,20502.25047912971,15.216479129710933
2645.0,-1.0,20502.25047912971,20502.531,0.2805208702884556
2646.0,1.0,20502.531,20517.64558884232,15.11458884231979
2647.0,-1.0,20517.64558884232,20518.028,0.38241115767959855
2648.0,1.0,20518.028,20533.304135842478,15.276135842479562
2649.0,-1.0,20533.304135842478,20533.524999999998,0.22086415751982713
2650.0,1.0,20533.525,20549.009986568897,15.484986568895692
2651.0,-1.0,20549.009986568897,20549.022,0.012013431103696348
2652.0,1.0,20549.022,20564.51867652201,15.496676522008784
2653.0,-1.0,20564.51867652201,20564.519,0.0003234779906051699
2654.0,1.0,20564.519,20564.637074152946,0.11807415294606471
2655.0,-1.0,20564.637074152946,20580.016,15.378925847053324
2656.0,1.0,20580.016,20595.365567536122,15.349567536122777
2657.0,-1.0,20595.365567536122,20595.513,0.14743246387661202
2658.0,1.0,20595.513,20610.999039311555,15.486039311555942
2659.0,-1.0,20610.999039311555,20611.01,0.010960688443446998
2660.0,1.0,20611.01,20619.184587230062,8.17458723006348
2661.0,-1.0,20619.184587230062,20626.506999999998,7.322412769935909
2662.0,1.0,20626.507,20635.13974011687,8.632740116867353
2663.0,-1.0,20635.13974011687,20642.004,6.864259883132036
2664.0,1.0,20642.004,20655.9266435518,13.92264355179941
2665.0,-1.0,20655.9266435518,20657.501,1.5743564481999783
2666.0,1.0,20657.501,20672.938918673342,15.43791867334221
2667.0,-1.0,20672.938918673342,20672.998,0.05908132665717858
2668.0,1.0,20672.998,20683.02732251541,10.029322515409149
2669.0,-1.0,20683.02732251541,20688.495,5.46767748459024
2670.0,1.0,20688.495,20698.857190738,10.362190738000209
2671.0,-1.0,20698.857190738,20703.992,5.13480926199918
2672.0,1.0,20703.992,20710.781441088904,6.789441088905733
2673.0,-1.0,20710.781441088904,20719.488999999998,8.707558911093656
2674.0,1.0,20719.489,20729.143317055416,9.65431705541414
2675.0,-1.0,20729.143317055416,20734.986,5.842682944585249
2676.0,1.0,20734.986,20742.680256551772,7.694256551771105
2677.0,-1.0,20742.680256551772,20750.483,7.802743448228284
2678.0,1.0,20750.483,20765.936967186055,15.453967186054797
2679.0,-1.0,20765.936967186055,20765.98,0.04303281394459191
2680.0,1.0,20765.98,20765.980936206208,0.0009362062082800549
2681.0,-1.0,20765.980936206208,20781.477,15.496063793791109
2682.0,1.0,20781.477,20791.733406315107,10.256406315107597
2683.0,-1.0,20791.733406315107,20796.974,5.240593684891792
2684.0,1.0,20796.974,20812.390836479724,15.416836479726044
2685.0,-1.0,20812.390836479724,20812.470999999998,0.08016352027334506
2686.0,1.0,20812.471,20827.95582989649,15.484829896489828
2687.0,-1.0,20827.95582989649,20827.968,0.012170103509561159
2688.0,1.0,20827.968,20841.91578131648,13.94778131647763
2689.0,-1.0,20841.91578131648,20843.465,1.549218683521758
2690.0,1.0,20843.465,20856.525267789737,13.060267789736827
2691.0,-1.0,20856.525267789737,20858.962,2.436732210262562
2692.0,1.0,20858.962,20873.93806134663,14.976061346631468
2693.0,-1.0,20873.93806134663,20874.459,0.5209386533679208
2694.0,1.0,20874.459,20876.970304659466,2.5113046594669868
2695.0,-1.0,20876.970304659466,20889.956,12.985695340532402
2696.0,1.0,20889.956,20904.887715027533,14.931715027534665
2697.0,-1.0,20904.887715027533,20905.452999999998,0.565284972464724
2698.0,1.0,20905.453,20920.308685078504,14.855685078502574
2699.0,-1.0,20920.308685078504,20920.95,0.6413149214968143
2700.0,1.0,20920.95,20930.959105056918,10.009105056917178
2701.0,-1.0,20930.959105056918,20936.447,5.48789494308221
2702.0,1.0,20936.447,20947.519097845656,11.072097845655662
2703.0,-1.0,20947.519097845656,20951.944,4.424902154343727
2704.0,1.0,20951.944,20967.438571124654,15.494571124654613
2705.0,-1.0,20967.438571124654,20967.441,0.0024288753447763156
2706.0,1.0,20967.441,20982.608971450856,15.167971450857294
2707.0,-1.0,20982.608971450856,20982.938,0.32902854914209456
2708.0,1.0,20982.938,20995.26618485859,12.328184858590248
2709.0,-1.0,20995.26618485859,20998.434999999998,3.168815141409141
2710.0,1.0,20998.435,21009.720713400715,11.285713400713576
2711.0,-1.0,21009.720713400715,21013.932,4.211286599285813
2712.0,1.0,21013.932,21026.070985328806,12.138985328805575
2713.0,-1.0,21026.070985328806,21029.429,3.358014671193814
2714.0,1.0,21029.429,21044.740881447568,15.31188144756743
2715.0,-1.0,21044.740881447568,21044.926,0.18511855243195896
2716.0,1.0,21044.926,21060.35282959121,15.426829591211572
2717.0,-1.0,21060.35282959121,21060.423,0.070170408787817
2718.0,1.0,21060.423,21060.4230784962,7.849619942135178e-05
2719.0,-1.0,21060.4230784962,21075.92,15.496921503799967
2720.0,1.0,21075.92,21075.920000416085,4.160865501035005e-07
2721.0,-1.0,21075.920000416085,21091.416999999998,15.496999583912839
2722.0,1.0,21091.417,21104.220972087525,12.803972087524016
2723.0,-1.0,21104.220972087525,21106.914,2.6930279124753724
2724.0,1.0,21106.914,21106.91798183913,0.003981839130574372
2725.0,-1.0,21106.91798183913,21122.411,15.493018160868814
2726.0,1.0,21122.411,21137.907476787976,15.496476787975553
2727.0,-1.0,21137.907476787976,21137.908,0.0005232120238360949
2728.0,1.0,21137.908,21153.405,15.496999999999389
2729.0,-1.0,21153.405,21153.405,0.0
2730.0,1.0,21153.405,21165.425958875414,12.02095887541509
2731.0,-1.0,21165.425958875414,21168.902,3.476041124584299
2732.0,1.0,21168.902,21177.81492742946,8.912927429460979
2733.0,-1.0,21177.81492742946,21184.398999999998,6.58407257053841
2734.0,1.0,21184.399,21199.89583218885,15.496832188848202
2735.0,-1.0,21199.89583218885,21199.896,0.00016781115118646994
2736.0,1.0,21199.896,21206.666492785866,6.770492785864917
2737.0,-1.0,21206.666492785866,21215.393,8.726507214134472
2738.0,1.0,21215.393,21228.436955178047,13.043955178047327
2739.0,-1.0,21228.436955178047,21230.89,2.453044821952062
2740.0,1.0,21230.89,21242.372943556933,11.482943556933606
2741.0,-1.0,21242.372943556933,21246.387,4.014056443065783
2742.0,1.0,21246.387,21261.472388042574,15.085388042574778
2743.0,-1.0,21261.472388042574,21261.884,0.4116119574246113
2744.0,1.0,21261.884,21262.750878611307,0.8668786113084934
2745.0,-1.0,21262.750878611307,21277.380999999998,14.630121388690895
2746.0,1.0,21277.381,21286.249178668004,8.868178668002656
2747.0,-1.0,21286.249178668004,21292.878,6.628821331996733
2748.0,1.0,21292.878,21308.374944589737,15.496944589736813
2749.0,-1.0,21308.374944589737,21308.375,5.5410262575605884e-05
2750.0,1.0,21308.375,21323.871999923842,15.49699992384194
2751.0,-1.0,21323.871999923842,21323.872,7.615744834765792e-08
2752.0,1.0,21323.872,21339.312020882477,15.440020882477256
2753.0,-1.0,21339.312020882477,21339.369,0.05697911752213258
2754.0,1.0,21339.369,21350.062393138905,10.693393138906686
2755.0,-1.0,21350.062393138905,21354.865999999998,4.803606861092703
2756.0,1.0,21354.865999999998,21368.580090258445,13.714090258446959
2757.0,-1.0,21368.580090258445,21370.362999999998,1.7829097415524302
2758.0,1.0,21370.363,21381.982763746837,11.619763746835815
2759.0,-1.0,21381.982763746837,21385.86,3.8772362531635736
2760.0,1.0,21385.86,21400.905788118984,15.045788118983182
2761.0,-1.0,21400.905788118984,21401.357,0.45121188101620646
2762.0,1.0,21401.357,21415.244642833382,13.887642833382415
2763.0,-1.0,21415.244642833382,21416.854,1.6093571666169737
2764.0,1.0,21416.854,21430.274015944018,13.420015944018814
2765.0,-1.0,21430.274015944018,21432.351,2.0769840559805743
2766.0,1.0,21432.351,21447.847999999998,15.496999999999389
2767.0,-1.0,21447.847999999998,21447.847999999998,0.0
2768.0,1.0,21447.847999999998,21460.0177793034,12.16977930340363
2769.0,-1.0,21460.0177793034,21463.344999999998,3.3272206965957594
2770.0,1.0,21463.345,21478.543721259924,15.198721259923332
2771.0,-1.0,21478.543721259924,21478.842,0.29827874007605715
2772.0,1.0,21478.842,21490.576093452248,11.73409345224718
2773.0,-1.0,21490.576093452248,21494.339,3.762906547752209
2774.0,1.0,21494.339,21504.790767705992,10.451767705992097
2775.0,-1.0,21504.790767705992,21509.836,5.045232294007292
2776.0,1.0,21509.836,21525.297032922652,15.461032922652521
2777.0,-1.0,21525.297032922652,21525.333,0.03596707734686788
2778.0,1.0,21525.333,21540.82999948497,15.496999484970729
2779.0,-1.0,21540.82999948497,21540.829999999998,5.150286597199738e-07
2780.0,1.0,21540.829999999998,21556.07280076976,15.242800769763562
2781.0,-1.0,21556.07280076976,21556.326999999997,0.2541992302358267
2782.0,1.0,21556.327,21571.824,15.496999999999389
2783.0,-1.0,21571.824,21571.824,0.0
2784.0,1.0,21571.824,21584.789923981923,12.96592398192297
2785.0,-1.0,21584.789923981923,21587.321,2.531076018076419
2786.0,1.0,21587.321,21599.391526810094,12.070526810093725
2787.0,-1.0,21599.391526810094,21602.818,3.426473189905664
2788.0,1.0,21602.818,21618.28969635451,15.471696354510641
2789.0,-1.0,21618.28969635451,21618.315,0.02530364548874786
2790.0,1.0,21618.315,21623.858048275655,5.543048275656474
2791.0,-1.0,21623.858048275655,21633.811999999998,9.953951724342915
2792.0,1.0,21633.811999999998,21643.777897685934,9.965897685935488
2793.0,-1.0,21643.777897685934,21649.308999999997,5.531102314063901
2794.0,1.0,21649.309,21664.258791123102,14.949791123101022
2795.0,-1.0,21664.258791123102,21664.806,0.5472088768983667
2796.0,1.0,21664.806,21678.248259964825,13.442259964824189
2797.0,-1.0,21678.248259964825,21680.303,2.0547400351752003
2798.0,1.0,21680.303,21695.79879196699,15.49579196699051
2799.0,-1.0,21695.79879196699,21695.8,0.0012080330088792834
2800.0,1.0,21695.8,21711.297,15.496999999999389
2801.0,-1.0,21711.297,21711.297,0.0
2802.0,1.0,21711.297,21721.349671733886,10.05267173388711
2803.0,-1.0,21721.349671733886,21726.793999999998,5.444328266112279
2804.0,1.0,21726.793999999998,21742.29099425419,15.496994254190213
2805.0,-1.0,21742.29099425419,21742.290999999997,5.745809176005423e-06
2806.0,1.0,21742.291,21757.785860724834,15.494860724833416
2807.0,-1.0,21757.785860724834,21757.788,0.002139275165973231
2808.0,1.0,21757.788,21773.107593108736,15.319593108735717
2809.0,-1.0,21773.107593108736,21773.285,0.17740689126367215
2810.0,1.0,21773.285,21780.900445291307,7.615445291306969
2811.0,-1.0,21780.900445291307,21788.782,7.88155470869242
2812.0,1.0,21788.782,21800.21841600707,11.436416007069056
2813.0,-1.0,21800.21841600707,21804.279,4.060583992930333
2814.0,1.0,21804.279,21819.02079484708,14.741794847082929
2815.0,-1.0,21819.02079484708,21819.775999999998,0.7552051529164601
2816.0,1.0,21819.775999999998,21832.03831691792,12.262316917920543
2817.0,-1.0,21832.03831691792,21835.272999999997,3.2346830820788455
2818.0,1.0,21835.273,21850.7290517732,15.456051773198851
2819.0,-1.0,21850.7290517732,21850.77,0.04094822680053767
2820.0,1.0,21850.77,21865.009155011718,14.23915501171723
2821.0,-1.0,21865.009155011718,21866.267,1.2578449882821587
2822.0,1.0,21866.267,21881.764,15.496999999999389
2823.0,-1.0,21881.764,21881.764,0.0
2824.0,1.0,21881.764,21897.258357192855,15.494357192856114
2825.0,-1.0,21897.258357192855,21897.261,0.0026428071432746947
2826.0,1.0,21897.261,21912.619159802904,15.358159802904993
2827.0,-1.0,21912.619159802904,21912.757999999998,0.138840197094396
2828.0,1.0,21912.758,21924.607149123767,11.849149123765528
2829.0,-1.0,21924.607149123767,21928.255,3.6478508762338606
2830.0,1.0,21928.255,21943.200038282663,14.945038282661699
2831.0,-1.0,21943.200038282663,21943.752,0.5519617173376901
2832.0,1.0,21943.752,21959.248998849132,15.49699884913207
2833.0,-1.0,21959.248998849132,21959.249,1.1508673196658492e-06
2834.0,1.0,21959.249,21959.274816009573,0.02581600957273622
2835.0,-1.0,21959.274816009573,21974.746,15.471183990426653
2836.0,1.0,21974.746,21990.243,15.496999999999389
2837.0,-1.0,21990.243,21990.243,0.0
2838.0,1.0,21990.243,22003.619755193373,13.376755193374265
2839.0,-1.0,22003.619755193373,22005.739999999998,2.1202448066251236
2840.0,1.0,22005.74,22019.83733037524,14.097330375239835
2841.0,-1.0,22019.83733037524,22021.237,1.3996696247595537
2842.0,1.0,22021.237,22035.447233261086,14.210233261084795
2843.0,-1.0,22035.447233261086,22036.734,1.2867667389145936
2844.0,1.0,22036.734,22050.858076029886,14.124076029886055
2845.0,-1.0,22050.858076029886,22052.231,1.3729239701133338
2846.0,1.0,22052.231,22067.72795475548,15.496954755479237
2847.0,-1.0,22067.72795475548,22067.728,4.524452015175484e-05
2848.0,1.0,22067.728,22083.225,15.496999999999389
2849.0,-1.0,22083.225,22083.225,0.0
2850.0,1.0,22083.225,22098.721999985504,15.496999985505681
2851.0,-1.0,22098.721999985504,22098.721999999998,1.4493707567453384e-08
2852.0,1.0,22098.722,22113.956743531347,15.234743531345885
2853.0,-1.0,22113.956743531347,22114.219,0.26225646865350427
2854.0,1.0,22114.219,22126.432814691823,12.213814691822336
2855.0,-1.0,22126.432814691823,22129.716,3.2831853081770532
2856.0,1.0,22129.716,22143.814495833754,14.098495833753987
2857.0,-1.0,22143.814495833754,22145.213,1.3985041662454023
2858.0,1.0,22145.213,22160.69051273734,15.477512737339566
2859.0,-1.0,22160.69051273734,22160.71,0.01948726265982259
2860.0,1.0,22160.71,22176.207,15.496999999999389
2861.0,-1.0,22176.207,22176.207,0.0
2862.0,1.0,22176.207,22176.207168090805,0.0001680908062553499
2863.0,-1.0,22176.207168090805,22191.703999999998,15.496831909193133
2864.0,1.0,22191.704,22207.20085829065,15.496858290647651
2865.0,-1.0,22207.20085829065,22207.201,0.00014170935173751786
2866.0,1.0,22207.201,22221.958087673826,14.757087673824572
2867.0,-1.0,22221.958087673826,22222.698,0.7399123261748173
2868.0,1.0,22222.698,22238.18634780843,15.488347808430262
2869.0,-1.0,22238.18634780843,22238.195,0.008652191569126444
2870.0,1.0,22238.195,22252.170137139612,13.975137139612343
2871.0,-1.0,22252.170137139612,22253.692,1.5218628603870457
2872.0,1.0,22253.692,22268.783760361504,15.091760361505294
2873.0,-1.0,22268.783760361504,22269.189,0.40523963849409483
2874.0,1.0,22269.189,22269.20875864707,0.01975864707128494
2875.0,-1.0,22269.20875864707,22284.685999999998,15.477241352928104
2876.0,1.0,22284.686,22300.16910634315,15.483106343148393
2877.0,-1.0,22300.16910634315,22300.183,0.013893656850996194
2878.0,1.0,22300.183,22315.678655725947,15.495655725946563
2879.0,-1.0,22315.678655725947,22315.68,0.001344274052826222
2880.0,1.0,22315.68,22329.69801935194,14.018019351940893
2881.0,-1.0,22329.69801935194,22331.177,1.4789806480584957
2882.0,1.0,22331.177,22333.06966499836,1.8926649983586685
2883.0,-1.0,22333.06966499836,22346.674,13.60433500164072
2884.0,1.0,22346.674,22362.171,15.496999999999389
2885.0,-1.0,22362.171,22362.171,0.0
2886.0,1.0,22362.171,22376.393602992124,14.222602992125758
2887.0,-1.0,22376.393602992124,22377.667999999998,1.274397007873631
2888.0,1.0,22377.668,22390.72855597655,13.06055597654995
2889.0,-1.0,22390.72855597655,22393.165,2.4364440234494396
2890.0,1.0,22393.165,22408.66199958119,15.496999581187993
2891.0,-1.0,22408.66199958119,22408.662,4.188113962300122e-07
2892.0,1.0,22408.662,22411.08326850141,2.4212685014099407
2893.0,-1.0,22411.08326850141,22424.159,13.075731498589448
2894.0,1.0,22424.159,22439.655814307273,15.49681430727287
2895.0,-1.0,22439.655814307273,22439.656,0.00018569272651802748
2896.0,1.0,22439.656,22453.941117346683,14.285117346684274
2897.0,-1.0,22453.941117346683,22455.153,1.211882653315115
2898.0,1.0,22455.153,22467.57501949261,12.42201949261289
2899.0,-1.0,22467.57501949261,22470.649999999998,3.074980507386499
2900.0,1.0,22470.65,22486.147,15.496999999999389
2901.0,-1.0,22486.147,22486.147,0.0
2902.0,1.0,22486.147,22496.688947656596,10.541947656594857
2903.0,-1.0,22496.688947656596,22501.644,4.955052343404532
2904.0,1.0,22501.644,22501.75710276548,0.11310276548101683
2905.0,-1.0,22501.75710276548,22517.141,15.383897234518372
2906.0,1.0,22517.141,22532.623348601,15.482348600999103
2907.0,-1.0,22532.623348601,22532.638,0.014651399000285892
2908.0,1.0,22532.638,22541.672057636006,9.034057636006764
2909.0,-1.0,22541.672057636006,22548.135,6.4629423639926245
2910.0,1.0,22548.135,22563.630164960887,15.49516496088836
2911.0,-1.0,22563.630164960887,22563.631999999998,0.001835039111028891
2912.0,1.0,22563.632,22577.557209509585,13.92520950958351
2913.0,-1.0,22577.557209509585,22579.129,1.5717904904158786
2914.0,1.0,22579.129,22593.86552409113,14.736524091127649
2915.0,-1.0,22593.86552409113,22594.626,0.7604759088717401
2916.0,1.0,22594.626,22609.77243491677,15.146434916769067
2917.0,-1.0,22609.77243491677,22610.123,0.35056508323032176
2918.0,1.0,22610.123,22625.523459875476,15.400459875476372
2919.0,-1.0,22625.523459875476,22625.62,0.09654012452301686
2920.0,1.0,22625.62,22641.080727240012,15.460727240013512
2921.0,-1.0,22641.080727240012,22641.117,0.0362727599858772
2922.0,1.0,22641.117,22656.552158641513,15.435158641514136
2923.0,-1.0,22656.552158641513,22656.613999999998,0.061841358485253295
2924.0,1.0,22656.614,22671.809711864546,15.195711864544137
2925.0,-1.0,22671.809711864546,22672.111,0.3012881354552519
2926.0,1.0,22672.111,22687.486617636787,15.375617636786046
2927.0,-1.0,22687.486617636787,22687.608,0.12138236321334261
2928.0,1.0,22687.608,22703.08511185172,15.47711185172011
2929.0,-1.0,22703.08511185172,22703.105,0.01988814827927854
2930.0,1.0,22703.105,22718.600969754432,15.495969754432735
2931.0,-1.0,22718.600969754432,22718.602,0.0010302455666533206
2932.0,1.0,22718.602,22733.968297737352,15.366297737353307
2933.0,-1.0,22733.968297737352,22734.099,0.1307022626460821
2934.0,1.0,22734.099,22749.59598969268,15.496989692681382
2935.0,-1.0,22749.59598969268,22749.595999999998,1.0307318007107824e-05
2936.0,1.0,22749.596,22765.09233935031,15.496339350309427
2937.0,-1.0,22765.09233935031,22765.093,0.0006606496899621561
2938.0,1.0,22765.093,22778.765073093553,13.672073093552171
2939.0,-1.0,22778.765073093553,22780.59,1.8249269064472173
2940.0,1.0,22780.59,22796.087,15.496999999999389
2941.0,-1.0,22796.087,22796.087,0.0
2942.0,1.0,22796.087,22811.5420807524,15.455080752399226
2943.0,-1.0,22811.5420807524,22811.584,0.041919247600162635
2944.0,1.0,22811.584,22826.941007537993,15.357007537993923
2945.0,-1.0,22826.941007537993,22827.081,0.13999246200546622
2946.0,1.0,22827.081,22841.544836932815,14.463836932816776
2947.0,-1.0,22841.544836932815,22842.577999999998,1.0331630671826133
2948.0,1.0,22842.578,22854.446584210127,11.868584210125846
2949.0,-1.0,22854.446584210127,22858.075,3.628415789873543
2950.0,1.0,22858.075,22872.16653138575,14.091531385747658
2951.0,-1.0,22872.16653138575,22873.572,1.4054686142517312
2952.0,1.0,22873.572,22889.069,15.496999999999389
2953.0,-1.0,22889.069,22889.069,0.0
2954.0,1.0,22889.069,22903.5204098929,14.451409892899392
2955.0,-1.0,22903.5204098929,22904.566,1.0455901070999971
2956.0,1.0,22904.566,22920.053735963524,15.487735963524756
2957.0,-1.0,22920.053735963524,22920.063,0.00926403647463303
2958.0,1.0,22920.063,22927.987864467235,7.924864467237057
2959.0,-1.0,22927.987864467235,22935.559999999998,7.572135532762331
2960.0,1.0,22935.56,22939.842773968452,4.282773968450783
2961.0,-1.0,22939.842773968452,22951.057,11.214226031548606
2962.0,1.0,22951.057,22966.549381827197,15.492381827196368
2963.0,-1.0,22966.549381827197,22966.554,0.00461817280302057
2964.0,1.0,22966.554,22981.215302764598,14.661302764598076
2965.0,-1.0,22981.215302764598,22982.051,0.8356972354013124
2966.0,1.0,22982.051,22997.547997336038,15.496997336038476
2967.0,-1.0,22997.547997336038,22997.548,2.663960913196206e-06
2968.0,1.0,22997.548,23010.691611068338,13.143611068338942
2969.0,-1.0,23010.691611068338,23013.045,2.3533889316604473
2970.0,1.0,23013.045,23017.055017803308,4.010017803309893
2971.0,-1.0,23017.055017803308,23028.541999999998,11.486982196689496
2972.0,1.0,23028.542,23039.44444151351,10.902441513509984
2973.0,-1.0,23039.44444151351,23044.039,4.5945584864894045
2974.0,1.0,23044.039,23059.53530856209,15.496308562091144
2975.0,-1.0,23059.53530856209,23059.536,0.0006914379082445521
2976.0,1.0,23059.536,23073.862381252875,14.326381252874853
2977.0,-1.0,23073.862381252875,23075.033,1.1706187471245357
2978.0,1.0,23075.033,23090.529999693455,15.496999693456019
2979.0,-1.0,23090.529999693455,23090.53,3.065433702431619e-07
2980.0,1.0,23090.53,23094.499300642005,3.9693006420056918
2981.0,-1.0,23094.499300642005,23106.027,11.527699357993697
2982.0,1.0,23106.027,23121.522720370976,15.495720370978233
2983.0,-1.0,23121.522720370976,23121.523999999998,0.001279629021155415
2984.0,1.0,23121.524,23128.45143922139,6.92743922138834
2985.0,-1.0,23128.45143922139,23137.021,8.569560778611049
2986.0,1.0,23137.021,23152.515093465612,15.494093465611513
2987.0,-1.0,23152.515093465612,23152.518,0.002906534387875581
2988.0,1.0,23152.518,23165.031032354957,12.513032354956522
2989.0,-1.0,23165.031032354957,23168.015,2.983967645042867
2990.0,1.0,23168.015,23182.685628374926,14.67062837492631
2991.0,-1.0,23182.685628374926,23183.512,0.8263716250730795
2992.0,1.0,23183.512,23199.008995555814,15.496995555815374
2993.0,-1.0,23199.008995555814,23199.009,4.444184014573693e-06
2994.0,1.0,23199.009,23213.70191844575,14.692918445751275
2995.0,-1.0,23213.70191844575,23214.505999999998,0.8040815542481141
2996.0,1.0,23214.506,23229.918385187968,15.41238518796672
2997.0,-1.0,23229.918385187968,23230.003,0.08461481203266885
2998.0,1.0,23230.003,23245.5,15.496999999999389
2999.0,-1.0,23245.5,23245.5,0.0
3000.0,1.0,23245.5,23259.405730037015,13.905730037015019
3001.0,-1.0,23259.405730037015,23260.997,1.59126996298437
3002.0,1.0,23260.997,23276.450093369436,15.453093369436829
3003.0,-1.0,23276.450093369436,23276.494,0.04390663056256017
3004.0,1.0,23276.494,23291.910069241298,15.416069241298828
3005.0,-1.0,23291.910069241298,23291.990999999998,0.08093075870056055
3006.0,1.0,23291.990999999998,23307.487929716397,15.496929716398881
3007.0,-1.0,23307.487929716397,23307.487999999998,7.02836005075369e-05
3008.0,1.0,23307.488,23322.98230192121,15.494301921207807
3009.0,-1.0,23322.98230192121,23322.985,0.0026980787915817928
3010.0,1.0,23322.985,23338.015810281144,15.030810281143204
3011.0,-1.0,23338.015810281144,23338.482,0.4661897188561852
3012.0,1.0,23338.482,23353.569207074714,15.08720707471366
3013.0,-1.0,23353.569207074714,23353.979,0.4097929252857284
3014.0,1.0,23353.979,23369.469171027882,15.490171027882752
3015.0,-1.0,23369.469171027882,23369.476,0.006828972116636578
3016.0,1.0,23369.476,23384.971831809362,15.495831809363153
3017.0,-1.0,23384.971831809362,23384.972999999998,0.001168190636235522
3018.0,1.0,23384.972999999998,23399.407451108036,14.434451108038047
3019.0,-1.0,23399.407451108036,23400.469999999998,1.0625488919613417
3020.0,1.0,23400.47,23415.909328905505,15.439328905504226
3021.0,-1.0,23415.909328905505,23415.967,0.057671094495162833
3022.0,1.0,23415.967,23431.42784772901,15.460847729009402
3023.0,-1.0,23431.42784772901,23431.464,0.0361522709899873
3024.0,1.0,23431.464,23446.961,15.496999999999389
3025.0,-1.0,23446.961,23446.961,0.0
3026.0,1.0,23446.961,23461.134616455507,14.173616455507727
3027.0,-1.0,23461.134616455507,23462.458,1.3233835444916622
3028.0,1.0,23462.458,23477.29610481679,14.838104816790292
3029.0,-1.0,23477.29610481679,23477.954999999998,0.658895183209097
3030.0,1.0,23477.954999999998,23492.846051372806,14.891051372807851
3031.0,-1.0,23492.846051372806,23493.451999999997,0.6059486271915375
3032.0,1.0,23493.452,23508.948999999997,15.49699999999575
3033.0,-1.0,23508.948999999997,23508.949,3.637978807091713e-12
3034.0,1.0,23508.949,23524.3725382446,15.423538244598603
3035.0,-1.0,23524.3725382446,23524.446,0.07346175540078548
3036.0,1.0,23524.446,23539.943,15.496999999999389
3037.0,-1.0,23539.943,23539.943,0.0
3038.0,1.0,23539.943,23541.39444468483,1.4514446848297666
3039.0,-1.0,23541.39444468483,23555.44,14.045555315169622
3040.0,1.0,23555.44,23570.93699965583,15.496999655832042
3041.0,-1.0,23570.93699965583,23570.936999999998,3.441673470661044e-07
3042.0,1.0,23570.936999999998,23586.43399960228,15.496999602280994
3043.0,-1.0,23586.43399960228,23586.433999999997,3.9771839510649443e-07
3044.0,1.0,23586.434,23601.929302594,15.495302593997621
3045.0,-1.0,23601.929302594,23601.931,0.0016974060017673764
3046.0,1.0,23601.931,23617.427691486802,15.496691486801865
3047.0,-1.0,23617.427691486802,23617.428,0.0003085131975240074
3048.0,1.0,23617.428,23631.828623116853,14.40062311685324
3049.0,-1.0,23631.828623116853,23632.925,1.0963768831461493
3050.0,1.0,23632.925,23637.12504666273,4.200046662732348
3051.0,-1.0,23637.12504666273,23648.422,11.296953337267041
3052.0,1.0,23648.422,23663.225049251214,14.80304925121527
3053.0,-1.0,23663.225049251214,23663.918999999998,0.6939507487841183
3054.0,1.0,23663.918999999998,23679.041923649198,15.122923649199947
3055.0,-1.0,23679.041923649198,23679.415999999997,0.37407635079944157
3056.0,1.0,23679.416,23693.197855589093,13.78185558909172
3057.0,-1.0,23693.197855589093,23694.913,1.7151444109076692
3058.0,1.0,23694.913,23707.78791854716,12.874918547160632
3059.0,-1.0,23707.78791854716,23710.41,2.6220814528387564
3060.0,1.0,23710.41,23725.59010176972,15.18010176972166
3061.0,-1.0,23725.59010176972,23725.907,0.31689823027772945
3062.0,1.0,23725.907,23737.149929358086,11.242929358086258
3063.0,-1.0,23737.149929358086,23741.404,4.254070641913131
3064.0,1.0,23741.404,23753.29549585026,11.89149585026098
3065.0,-1.0,23753.29549585026,23756.900999999998,3.605504149738408
3066.0,1.0,23756.900999999998,23771.834185291413,14.933185291414702
3067.0,-1.0,23771.834185291413,23772.397999999997,0.5638147085846867
3068.0,1.0,23772.398,23786.849066609084,14.451066609082773
3069.0,-1.0,23786.849066609084,23787.895,1.0459333909166162
3070.0,1.0,23787.895,23799.2175497702,11.322549770200567
3071.0,-1.0,23799.2175497702,23803.392,4.174450229798822
3072.0,1.0,23803.392,23818.889,15.496999999999389
3073.0,-1.0,23818.889,23818.889,0.0
3074.0,1.0,23818.889,23834.3542625552,15.465262555200752
3075.0,-1.0,23834.3542625552,23834.386,0.031737444798636716
3076.0,1.0,23834.386,23848.34462435385,13.95862435385061
3077.0,-1.0,23848.34462435385,23849.882999999998,1.5383756461487792
3078.0,1.0,23849.883,23865.379814391872,15.49681439187043
3079.0,-1.0,23865.379814391872,23865.38,0.00018560812895884737
3080.0,1.0,23865.38,23866.068729793504,0.6887297935027163
3081.0,-1.0,23866.068729793504,23880.877,14.808270206496672
3082.0,1.0,23880.877,23896.240281082282,15.363281082281901
3083.0,-1.0,23896.240281082282,23896.374,0.13371891771748778
3084.0,1.0,23896.374,23911.871,15.496999999999389
3085.0,-1.0,23911.871,23911.871,0.0
3086.0,1.0,23911.871,23926.059127961184,14.188127961184364
3087.0,-1.0,23926.059127961184,23927.368,1.308872038815025
3088.0,1.0,23927.368,23942.551913084608,15.18391308460923
3089.0,-1.0,23942.551913084608,23942.864999999998,0.31308691539015854
3090.0,1.0,23942.865,23958.362,15.496999999999389
3091.0,-1.0,23958.362,23958.362,0.0
3092.0,1.0,23958.362,23973.853587939757,15.491587939755846
3093.0,-1.0,23973.853587939757,23973.859,0.0054120602435432374
3094.0,1.0,23973.859,23989.346184101403,15.487184101402818
3095.0,-1.0,23989.346184101403,23989.356,0.00981589859657106
3096.0,1.0,23989.356,24000.670927276235,11.314927276234812
3097.0,-1.0,24000.670927276235,24004.853,4.182072723764577
3098.0,1.0,24004.853,24020.33218772387,15.479187723871291
3099.0,-1.0,24020.33218772387,24020.35,0.017812276128097437
3100.0,1.0,24020.35,24035.74465075286,15.394650752859889
3101.0,-1.0,24035.74465075286,24035.846999999998,0.10234924713950022
3102.0,1.0,24035.847,24046.729064532108,10.882064532106597
3103.0,-1.0,24046.729064532108,24051.344,4.614935467892792
3104.0,1.0,24051.344,24066.838280804695,15.494280804694426
3105.0,-1.0,24066.838280804695,24066.841,0.0027191953049623407
3106.0,1.0,24066.841,24080.649468359217,13.808468359216931
3107.0,-1.0,24080.649468359217,24082.338,1.6885316407824575
3108.0,1.0,24082.338,24094.75946911243,12.421469112428895
3109.0,-1.0,24094.75946911243,24097.835,3.075530887570494
3110.0,1.0,24097.835,24099.017006387876,1.1820063878767542
3111.0,-1.0,24099.017006387876,24113.332,14.314993612122635
3112.0,1.0,24113.332,24128.807610565273,15.47561056527411
3113.0,-1.0,24128.807610565273,24128.828999999998,0.02138943472527899
3114.0,1.0,24128.829,24144.326,15.496999999999389
3115.0,-1.0,24144.326,24144.326,0.0
3116.0,1.0,24144.326,24159.82254587983,15.496545879828773
3117.0,-1.0,24159.82254587983,24159.823,0.0004541201706160791
3118.0,1.0,24159.823,24172.704179839293,12.8811798392926
3119.0,-1.0,24172.704179839293,24175.32,2.6158201607067895
3120.0,1.0,24175.32,24190.635263725817,15.315263725817204
3121.0,-1.0,24190.635263725817,24190.817,0.1817362741821853
3122.0,1.0,24190.817,24206.16969073169,15.352690731691837
3123.0,-1.0,24206.16969073169,24206.314,0.14430926830755197
3124.0,1.0,24206.314,24221.810690310478,15.496690310479607
3125.0,-1.0,24221.810690310478,24221.810999999998,0.0003096895197813865
3126.0,1.0,24221.811,24236.234959016077,14.423959016075969
3127.0,-1.0,24236.234959016077,24237.308,1.0730409839234198
3128.0,1.0,24237.308,24252.776257107438,15.468257107437239
3129.0,-1.0,24252.776257107438,24252.805,0.02874289256214979
3130.0,1.0,24252.805,24268.293247966554,15.4882479665539
3131.0,-1.0,24268.293247966554,24268.302,0.00875203344548936
3132.0,1.0,24268.302,24283.789532910567,15.487532910567097
3133.0,-1.0,24283.789532910567,24283.799,0.009467089432291687
3134.0,1.0,24283.799,24299.275573945095,15.476573945095879
3135.0,-1.0,24299.275573945095,24299.296,0.020426054903509794
3136.0,1.0,24299.296,24314.640530676323,15.344530676324212
3137.0,-1.0,24314.640530676323,24314.792999999998,0.1524693236751773
3138.0,1.0,24314.793,24330.28891336143,15.495913361428393
3139.0,-1.0,24330.28891336143,24330.29,0.0010866385709960014
3140.0,1.0,24330.29,24345.78699306497,15.496993064967683
3141.0,-1.0,24345.78699306497,24345.787,6.93503170623444e-06
3142.0,1.0,24345.787,24361.279694200537,15.49269420053679
3143.0,-1.0,24361.279694200537,24361.284,0.00430579946259968
3144.0,1.0,24361.284,24375.888928030112,14.604928030112205
3145.0,-1.0,24375.888928030112,24376.781,0.8920719698871835
3146.0,1.0,24376.781,24392.278,15.496999999999389
3147.0,-1.0,24392.278,24392.278,0.0
3148.0,1.0,24392.278,24407.769241311475,15.491241311476188
3149.0,-1.0,24407.769241311475,24407.774999999998,0.005758688523201272
3150.0,1.0,24407.775,24422.981839338852,15.206839338850841
3151.0,-1.0,24422.981839338852,24423.272,0.29016066114854766
3152.0,1.0,24423.272,24438.602316344393,15.330316344392486
3153.0,-1.0,24438.602316344393,24438.769,0.1666836556069029
3154.0,1.0,24438.769,24449.80056653525,11.031566535250022
3155.0,-1.0,24449.80056653525,24454.266,4.465433464749367
3156.0,1.0,24454.266,24469.643436450257,15.377436450256937
3157.0,-1.0,24469.643436450257,24469.763,0.11956354974245187
3158.0,1.0,24469.763,24483.182421979596,13.419421979597246
3159.0,-1.0,24483.182421979596,24485.26,2.077578020402143
3160.0,1.0,24485.26,24500.219898829022,14.959898829023587
3161.0,-1.0,24500.219898829022,24500.756999999998,0.5371011709758022
3162.0,1.0,24500.757,24516.240106592624,15.48310659262279
3163.0,-1.0,24516.240106592624,24516.254,0.013893407376599498
3164.0,1.0,24516.254,24530.107177311216,13.853177311215404
3165.0,-1.0,24530.107177311216,24531.751,1.6438226887839846
3166.0,1.0,24531.751,24543.777998289566,12.026998289566109
3167.0,-1.0,24543.777998289566,24547.248,3.47000171043328
3168.0,1.0,24547.248,24562.698447190225,15.450447190225532
3169.0,-1.0,24562.698447190225,24562.745,0.04655280977385701
3170.0,1.0,24562.745,24578.242,15.496999999999389
3171.0,-1.0,24578.242,24578.242,0.0
3172.0,1.0,24578.242,24593.722360636268,15.480360636269324
3173.0,-1.0,24593.722360636268,24593.738999999998,0.01663936373006436
3174.0,1.0,24593.739,24609.229016979054,15.490016979052598
3175.0,-1.0,24609.229016979054,24609.236,0.00698302094679093
3176.0,1.0,24609.236,24624.11949516712,14.88349516711969
3177.0,-1.0,24624.11949516712,24624.733,0.6135048328796984
3178.0,1.0,24624.733,24635.590074448293,10.857074448293133
3179.0,-1.0,24635.590074448293,24640.23,4.639925551706256
3180.0,1.0,24640.23,24655.71047842492,15.480478424920875
3181.0,-1.0,24655.71047842492,24655.727,0.016521575078513706
3182.0,1.0,24655.727,24671.223781290108,15.496781290108629
3183.0,-1.0,24671.223781290108,24671.224,0.00021870989075978287
3184.0,1.0,24671.224,24685.783953219456,14.559953219457384
3185.0,-1.0,24685.783953219456,24686.720999999998,0.9370467805420049
3186.0,1.0,24686.721,24702.217987617674,15.496987617672858
3187.0,-1.0,24702.217987617674,24702.218,1.2382326531223953e-05
3188.0,1.0,24702.218,24717.709621997798,15.491621997796756
3189.0,-1.0,24717.709621997798,24717.715,0.00537800220263307
3190.0,1.0,24717.715,24733.18781824404,15.472818244041264
3191.0,-1.0,24733.18781824404,24733.212,0.024181755958124995
3192.0,1.0,24733.212,24748.709,15.496999999999389
3193.0,-1.0,24748.709,24748.709,0.0
3194.0,1.0,24748.709,24763.994963071556,15.28596307155749
3195.0,-1.0,24763.994963071556,24764.206,0.21103692844189936
3196.0,1.0,24764.206,24779.702999999943,15.49699999994482
3197.0,-1.0,24779.702999999943,24779.702999999998,5.4569682106375694e-11
3198.0,1.0,24779.703,24793.6429782329,13.939978232898284
3199.0,-1.0,24793.6429782329,24795.2,1.557021767101105
3200.0,1.0,24795.2,24808.52606373032,13.326063730321039
3201.0,-1.0,24808.52606373032,24810.697,2.17093626967835
3202.0,1.0,24810.697,24826.193654774394,15.496654774393392
3203.0,-1.0,24826.193654774394,24826.194,0.00034522560599725693
3204.0,1.0,24826.194,24837.535440857693,11.34144085769367
3205.0,-1.0,24837.535440857693,24841.691,4.155559142305719
3206.0,1.0,24841.691,24857.021026469472,15.330026469473523
3207.0,-1.0,24857.021026469472,24857.188,0.1669735305258655
3208.0,1.0,24857.188,24872.62383895035,15.435838950350444
3209.0,-1.0,24872.62383895035,24872.684999999998,0.061161049648944754
3210.0,1.0,24872.685,24888.05786343095,15.3728634309482
3211.0,-1.0,24888.05786343095,24888.182,0.12413656905118842
3212.0,1.0,24888.182,24902.789107501176,14.60710750117505
3213.0,-1.0,24902.789107501176,24903.679,0.889892498824338
3214.0,1.0,24903.679,24919.069336997374,15.390336997374106
3215.0,-1.0,24919.069336997374,24919.176,0.10666300262528239
3216.0,1.0,24919.176,24934.672996766327,15.496996766327356
3217.0,-1.0,24934.672996766327,24934.673,3.2336720323655754e-06
3218.0,1.0,24934.673,24950.169779858268,15.496779858269292
3219.0,-1.0,24950.169779858268,24950.17,0.00022014173009665683
3220.0,1.0,24950.17,24965.560916659964,15.390916659966024
3221.0,-1.0,24965.560916659964,24965.666999999998,0.10608334003336495
3222.0,1.0,24965.667,24979.97372256662,14.30672256662001
3223.0,-1.0,24979.97372256662,24981.164,1.1902774333793786
3224.0,1.0,24981.164,24996.660984629005,15.496984629004146
3225.0,-1.0,24996.660984629005,24996.661,1.537099524284713e-05
3226.0,1.0,24996.661,25011.709800429,15.04880042899822
3227.0,-1.0,25011.709800429,25012.158,0.4481995710011688
3228.0,1.0,25012.158,25027.452758719628,15.29475871962859
3229.0,-1.0,25027.452758719628,25027.655,0.20224128037079936
3230.0,1.0,25027.655,25042.837739143197,15.182739143197978
3231.0,-1.0,25042.837739143197,25043.152,0.31426085680141114
3232.0,1.0,25043.152,25058.63624792464,15.484247924643569
3233.0,-1.0,25058.63624792464,25058.648999999998,0.012752075355820125
3234.0,1.0,25058.649,25072.920883327875,14.271883327874093
3235.0,-1.0,25072.920883327875,25074.146,1.2251166721252957
3236.0,1.0,25074.146,25089.64299950228,15.496999502280232
3237.0,-1.0,25089.64299950228,25089.643,4.977191565558314e-07
3238.0,1.0,25089.643,25104.89662722036,15.253627220361523
3239.0,-1.0,25104.89662722036,25105.14,0.2433727796378662
3240.0,1.0,25105.14,25120.58426105791,15.444261057909898
3241.0,-1.0,25120.58426105791,25120.637,0.05273894208949059
3242.0,1.0,25120.637,25134.2489606688,13.611960668800748
3243.0,-1.0,25134.2489606688,25136.134,1.8850393311986409
3244.0,1.0,25136.134,25151.630999999998,15.496999999999389
3245.0,-1.0,25151.630999999998,25151.630999999998,0.0
3246.0,1.0,25151.631,25166.467411244797,14.836411244796182
3247.0,-1.0,25166.467411244797,25167.128,0.6605887552032073
3248.0,1.0,25167.128,25181.271343326294,14.143343326293689
3249.0,-1.0,25181.271343326294,25182.625,1.3536566737057
3250.0,1.0,25182.625,25196.757650714862,14.132650714862393
3251.0,-1.0,25196.757650714862,25198.122,1.3643492851369956
3252.0,1.0,25198.122,25213.612516470534,15.490516470534203
3253.0,-1.0,25213.612516470534,25213.619,0.006483529465185711
3254.0,1.0,25213.619,25229.115999999998,15.496999999999389
3255.0,-1.0,25229.115999999998,25229.115999999998,0.0
3256.0,1.0,25229.115999999998,25231.9475940989,2.8315940989014052
3257.0,-1.0,25231.9475940989,25244.612999999998,12.665405901097984
3258.0,1.0,25244.613,25246.279117338978,1.666117338976619
3259.0,-1.0,25246.279117338978,25260.11,13.83088266102277
3260.0,1.0,25260.11,25275.601590475588,15.491590475587145
3261.0,-1.0,25275.601590475588,25275.607,0.005409524412243627
3262.0,1.0,25275.607,25290.71985679659,15.112856796589767
3263.0,-1.0,25290.71985679659,25291.104,0.3841432034096215
3264.0,1.0,25291.104,25306.600192687376,15.496192687376606
3265.0,-1.0,25306.600192687376,25306.601,0.0008073126227827743
3266.0,1.0,25306.601,25321.6417946417,15.040794641699904
3267.0,-1.0,25321.6417946417,25322.097999999998,0.45620535829948494
3268.0,1.0,25322.097999999998,25336.69779452828,14.599794528283383
3269.0,-1.0,25336.69779452828,25337.594999999998,0.8972054717160063
3270.0,1.0,25337.595,25351.37831285703,13.78331285702734
3271.0,-1.0,25351.37831285703,25353.092,1.7136871429720486
3272.0,1.0,25353.092,25368.5821818822,15.490181882199977
3273.0,-1.0,25368.5821818822,25368.589,0.0068181177994119935
3274.0,1.0,25368.589,25383.765039571525,15.176039571524598
3275.0,-1.0,25383.765039571525,25384.086,0.3209604284747911
3276.0,1.0,25384.086,25399.07304745315,14.987047453148989
3277.0,-1.0,25399.07304745315,25399.583,0.5099525468503998
3278.0,1.0,25399.583,25414.165421863247,14.582421863247873
3279.0,-1.0,25414.165421863247,25415.079999999998,0.9145781367515156
3280.0,1.0,25415.079999999998,25426.687216789513,11.607216789514496
3281.0,-1.0,25426.687216789513,25430.576999999997,3.889783210484893
3282.0,1.0,25430.577,25445.6451642519,15.068164251897542
3283.0,-1.0,25445.6451642519,25446.074,0.42883574810184655
3284.0,1.0,25446.074,25460.46081173815,14.386811738149845
3285.0,-1.0,25460.46081173815,25461.571,1.1101882618495438
3286.0,1.0,25461.571,25476.02689972044,14.455899720440357
3287.0,-1.0,25476.02689972044,25477.068,1.041100279559032
3288.0,1.0,25477.068,25492.555456289258,15.487456289258262
3289.0,-1.0,25492.555456289258,25492.565,0.009543710741127143
3290.0,1.0,25492.565,25508.061999999998,15.496999999999389
3291.0,-1.0,25508.061999999998,25508.061999999998,0.0
3292.0,1.0,25508.061999999998,25522.828514235447,14.766514235448994
3293.0,-1.0,25522.828514235447,25523.558999999997,0.7304857645503944
3294.0,1.0,25523.559,25539.053451158587,15.494451158585434
3295.0,-1.0,25539.053451158587,25539.056,0.0025488414139545057
3296.0,1.0,25539.056,25554.553,15.496999999999389
3297.0,-1.0,25554.553,25554.553,0.0
3298.0,1.0,25554.553,25570.04980772647,15.496807726471161
3299.0,-1.0,25570.04980772647,25570.05,0.0001922735282278154
3300.0,1.0,25570.05,25585.546308554898,15.49630855489886
3301.0,-1.0,25585.546308554898,25585.547,0.0006914451005286537
3302.0,1.0,25585.547,25600.525983994667,14.978983994667942
3303.0,-1.0,25600.525983994667,25601.043999999998,0.5180160053314466
3304.0,1.0,25601.043999999998,25616.23734140847,15.193341408470587
3305.0,-1.0,25616.23734140847,25616.540999999997,0.3036585915288015
3306.0,1.0,25616.541,25632.037844915223,15.496844915222027
3307.0,-1.0,25632.037844915223,25632.038,0.00015508477736148052
3308.0,1.0,25632.038,25647.512549163588,15.474549163587653
3309.0,-1.0,25647.512549163588,25647.535,0.02245083641173551
3310.0,1.0,25647.535,25662.508163035065,14.973163035065227
3311.0,-1.0,25662.508163035065,25663.032,0.5238369649341621
3312.0,1.0,25663.032,25678.527721216124,15.495721216124366
3313.0,-1.0,25678.527721216124,25678.529,0.001278783875022782
3314.0,1.0,25678.529,25692.615029543635,14.08602954363596
3315.0,-1.0,25692.615029543635,25694.025999999998,1.4109704563634295
3316.0,1.0,25694.025999999998,25708.658237826832,14.63223782683417
3317.0,-1.0,25708.658237826832,25709.522999999997,0.864762173165218
3318.0,1.0,25709.523,25725.019974989173,15.496974989171576
3319.0,-1.0,25725.019974989173,25725.02,2.5010827812366188e-05
3320.0,1.0,25725.02,25739.710930380148,14.69093038014762
3321.0,-1.0,25739.710930380148,25740.517,0.806069619851769
3322.0,1.0,25740.517,25755.20844674131,14.691446741311665
3323.0,-1.0,25755.20844674131,25756.014,0.8055532586877234
3324.0,1.0,25756.014,25771.511,15.496999999999389
3325.0,-1.0,25771.511,25771.511,0.0
3326.0,1.0,25771.511,25786.71457137971,15.20357137971223
3327.0,-1.0,25786.71457137971,25787.007999999998,0.293428620287159
3328.0,1.0,25787.008,25802.141605709217,15.133605709215772
3329.0,-1.0,25802.141605709217,25802.505,0.3633942907836172
3330.0,1.0,25802.505,25818.002,15.496999999999389
3331.0,-1.0,25818.002,25818.002,0.0
3332.0,1.0,25818.002,25833.498440795116,15.496440795115632
3333.0,-1.0,25833.498440795116,25833.499,0.0005592048837570474
3334.0,1.0,25833.499,25848.68677887563,15.18777887563192
3335.0,-1.0,25848.68677887563,25848.996,0.3092211243674683
3336.0,1.0,25848.996,25864.405315509226,15.409315509226872
3337.0,-1.0,25864.405315509226,25864.493,0.08768449077251717
3338.0,1.0,25864.493,25879.988581816935,15.495581816936465
3339.0,-1.0,25879.988581816935,25879.989999999998,0.0014181830629240721
3340.0,1.0,25879.99,25895.486149513803,15.496149513801356
3341.0,-1.0,25895.486149513803,25895.487,0.0008504861980327405
3342.0,1.0,25895.487,25910.981758235404,15.494758235403424
3343.0,-1.0,25910.981758235404,25910.984,0.0022417645959649235
3344.0,1.0,25910.984,25926.474700761028,15.490700761027256
3345.0,-1.0,25926.474700761028,25926.481,0.0062992389721330255
3346.0,1.0,25926.481,25941.93331996552,15.452319965519564
3347.0,-1.0,25941.93331996552,25941.978,0.044680034479824826
3348.0,1.0,25941.978,25957.47197036914,15.493970369141607
3349.0,-1.0,25957.47197036914,25957.475,0.00302963085778174
3350.0,1.0,25957.475,25972.74424674113,15.26924674113252
3351.0,-1.0,25972.74424674113,25972.971999999998,0.22775325886686915
3352.0,1.0,25972.972,25988.023219924344,15.05121992434215
3353.0,-1.0,25988.023219924344,25988.469,0.44578007565723965
3354.0,1.0,25988.469,26003.96372942029,15.494729420290241
3355.0,-1.0,26003.96372942029,26003.966,0.002270579709147569
3356.0,1.0,26003.966,26019.240788782765,15.274788782764517
3357.0,-1.0,26019.240788782765,26019.463,0.22221121723487158
3358.0,1.0,26019.463,26034.725365538634,15.262365538634185
3359.0,-1.0,26034.725365538634,26034.96,0.2346344613652036
3360.0,1.0,26034.96,26050.44825780624,15.488257806242473
3361.0,-1.0,26050.44825780624,26050.457,0.008742193756916095
3362.0,1.0,26050.457,26065.9315201891,15.474520189101895
3363.0,-1.0,26065.9315201891,26065.953999999998,0.022479810897493735
3364.0,1.0,26065.954,26081.390010192477,15.436010192475806
3365.0,-1.0,26081.390010192477,26081.451,0.060989807523583295
3366.0,1.0,26081.451,26096.178317692025,14.727317692024371
3367.0,-1.0,26096.178317692025,26096.948,0.7696823079750175
3368.0,1.0,26096.948,26112.364467965464,15.416467965464108
3369.0,-1.0,26112.364467965464,26112.445,0.08053203453528113
3370.0,1.0,26112.445,26127.398319483113,14.953319483112864
3371.0,-1.0,26127.398319483113,26127.942,0.5436805168865249
3372.0,1.0,26127.942,26143.438998464633,15.496998464634089
3373.0,-1.0,26143.438998464633,26143.439,1.5353652997873724e-06
3374.0,1.0,26143.439,26158.712517404736,15.273517404737504
3375.0,-1.0,26158.712517404736,26158.935999999998,0.22348259526188485
3376.0,1.0,26158.936,26174.43299999308,15.496999993079953
3377.0,-1.0,26174.43299999308,26174.433,6.919435691088438e-09
3378.0,1.0,26174.433,26189.88261862144,15.449618621438276
3379.0,-1.0,26189.88261862144,26189.93,0.0473813785611128
3380.0,1.0,26189.93,26205.1712914418,15.24129144179824
3381.0,-1.0,26205.1712914418,26205.427,0.25570855820114957
3382.0,1.0,26205.427,26220.32011095793,14.89311095793164
3383.0,-1.0,26220.32011095793,26220.924,0.603889042067749
3384.0,1.0,26220.924,26235.838193491367,14.914193491367769
3385.0,-1.0,26235.838193491367,26236.421,0.5828065086316201
3386.0,1.0,26236.421,26251.91458609023,15.493586090233293
3387.0,-1.0,26251.91458609023,26251.917999999998,0.0034139097660954576
3388.0,1.0,26251.918,26266.676457413407,14.758457413405267
3389.0,-1.0,26266.676457413407,26267.415,0.7385425865941215
3390.0,1.0,26267.415,26282.427780439855,15.012780439854396
3391.0,-1.0,26282.427780439855,26282.912,0.484219560144993
3392.0,1.0,26282.912,26298.409,15.496999999999389
3393.0,-1.0,26298.409,26298.409,0.0
3394.0,1.0,26298.409,26313.906,15.496999999999389
3395.0,-1.0,26313.906,26313.906,0.0
3396.0,1.0,26313.906,26329.40215744069,15.496157440691604
3397.0,-1.0,26329.40215744069,26329.403,0.0008425593077845406
3398.0,1.0,26329.403,26341.434471913926,12.031471913927817
3399.0,-1.0,26341.434471913926,26344.899999999998,3.465528086071572
3400.0,1.0,26344.9,26360.03362369674,15.13362369673996
3401.0,-1.0,26360.03362369674,26360.397,0.3633763032594288
3402.0,1.0,26360.397,26375.367034682655,14.970034682653932
3403.0,-1.0,26375.367034682655,26375.894,0.5269653173454572
3404.0,1.0,26375.894,26391.360623312885,15.466623312884622
3405.0,-1.0,26391.360623312885,26391.391,0.030376687114767265
3406.0,1.0,26391.391,26406.86907422692,15.478074226921308
3407.0,-1.0,26406.86907422692,26406.888,0.018925773078080965
3408.0,1.0,26406.888,26422.180354865486,15.292354865487141
3409.0,-1.0,26422.180354865486,26422.385,0.20464513451224775
3410.0,1.0,26422.385,26437.8115067125,15.426506712501578
3411.0,-1.0,26437.8115067125,26437.881999999998,0.07049328749781125
3412.0,1.0,26437.882,26453.1523360086,15.270336008597951
3413.0,-1.0,26453.1523360086,26453.379,0.22666399140143767
3414.0,1.0,26453.379,26468.873204864256,15.494204864255153
3415.0,-1.0,26468.873204864256,26468.876,0.002795135744236177
3416.0,1.0,26468.876,26484.19549337134,15.319493371338467
3417.0,-1.0,26484.19549337134,26484.373,0.1775066286609217
3418.0,1.0,26484.373,26499.86608052265,15.493080522650416
3419.0,-1.0,26499.86608052265,26499.87,0.003919477348972578
3420.0,1.0,26499.87,26515.365481002656,15.49548100265747
3421.0,-1.0,26515.365481002656,26515.367,0.0015189973419182934
3422.0,1.0,26515.367,26530.857677471104,15.4906774711053
3423.0,-1.0,26530.857677471104,26530.863999999998,0.006322528894088464
3424.0,1.0,26530.864,26546.360983998085,15.496983998084033
3425.0,-1.0,26546.360983998085,26546.361,1.6001915355445817e-05
3426.0,1.0,26546.361,26561.83801156714,15.477011567138106
3427.0,-1.0,26561.83801156714,26561.858,0.01998843286128249
3428.0,1.0,26561.858,26576.477431934996,14.6194319349961
3429.0,-1.0,26576.477431934996,26577.355,0.8775680650032882
3430.0,1.0,26577.355,26592.665150611825,15.31015061182552
3431.0,-1.0,26592.665150611825,26592.852,0.18684938817386865
3432.0,1.0,26592.852,26608.34781848212,15.495818482122559
3433.0,-1.0,26608.34781848212,26608.349,0.0011815178768301848
3434.0,1.0,26608.349,26623.14628994054,14.797289940543124
3435.0,-1.0,26623.14628994054,26623.845999999998,0.6997100594562653
3436.0,1.0,26623.846,26639.34299798601,15.496997986007045
3437.0,-1.0,26639.34299798601,26639.343,2.0139923435635865e-06
3438.0,1.0,26639.343,26654.636285774606,15.293285774605465
3439.0,-1.0,26654.636285774606,26654.84,0.2037142253939237
3440.0,1.0,26654.84,26669.486108029432,14.646108029432071
3441.0,-1.0,26669.486108029432,26670.337,0.8508919705673179
3442.0,1.0,26670.337,26682.273779316438,11.936779316438333
3443.0,-1.0,26682.273779316438,26685.834,3.560220683561056
3444.0,1.0,26685.834,26701.262860617462,15.428860617463215
3445.0,-1.0,26701.262860617462,26701.331,0.0681393825361738
3446.0,1.0,26701.331,26716.827999999998,15.496999999999389
3447.0,-1.0,26716.827999999998,26716.827999999998,0.0
3448.0,1.0,26716.828,26729.732366587068,12.904366587066761
3449.0,-1.0,26729.732366587068,26732.325,2.592633412932628
3450.0,1.0,26732.325,26747.821999999353,15.496999999351829
3451.0,-1.0,26747.821999999353,26747.822,6.475602276623249e-10
3452.0,1.0,26747.822,26749.370381827288,1.5483818272878125
3453.0,-1.0,26749.370381827288,26763.319,13.948618172711576
3454.0,1.0,26763.319,26778.797966072118,15.478966072118055
3455.0,-1.0,26778.797966072118,26778.816,0.01803392788133351
3456.0,1.0,26778.816,26794.312352891786,15.496352891786955
3457.0,-1.0,26794.312352891786,26794.313,0.0006471082124335226
3458.0,1.0,26794.313,26809.80981195607,15.496811956072634
3459.0,-1.0,26809.80981195607,26809.809999999998,0.0001880439267551992
3460.0,1.0,26809.81,26824.94790840702,15.137908407017676
3461.0,-1.0,26824.94790840702,26825.307,0.3590915929817129
3462.0,1.0,26825.307,26840.802403070036,15.495403070035536
3463.0,-1.0,26840.802403070036,26840.804,0.0015969299638527445
3464.0,1.0,26840.804,26841.38401454241,0.580014542410936
3465.0,-1.0,26841.38401454241,26856.301,14.916985457588453
3466.0,1.0,26856.301,26870.000317732185,13.699317732185591
3467.0,-1.0,26870.000317732185,26871.798,1.7976822678137978
3468.0,1.0,26871.798,26887.29453312382,15.496533123819972
3469.0,-1.0,26887.29453312382,26887.295,0.0004668761794164311
3470.0,1.0,26887.295,26902.79175488495,15.49675488495268
3471.0,-1.0,26902.79175488495,26902.791999999998,0.0002451150467095431
3472.0,1.0,26902.792,26916.818100979286,14.02610097928482
3473.0,-1.0,26916.818100979286,26918.289,1.470899020714569
3474.0,1.0,26918.289,26933.69049461076,15.401494610759983
3475.0,-1.0,26933.69049461076,26933.786,0.09550538923940621
3476.0,1.0,26933.786,26949.28299310865,15.496993108648894
3477.0,-1.0,26949.28299310865,26949.283,6.89135049469769e-06
3478.0,1.0,26949.283,26963.314091428743,14.03109142874382
3479.0,-1.0,26963.314091428743,26964.78,1.465908571255568
3480.0,1.0,26964.78,26964.946087495893,0.16608749589431682
3481.0,-1.0,26964.946087495893,26980.277,15.330912504105072
3482.0,1.0,26980.277,26995.773999999998,15.496999999999389
3483.0,-1.0,26995.773999999998,26995.773999999998,0.0
3484.0,1.0,26995.774,27011.227635270203,15.45363527020163
3485.0,-1.0,27011.227635270203,27011.271,0.04336472979775863
3486.0,1.0,27011.271,27026.51939430831,15.248394308309798
3487.0,-1.0,27026.51939430831,27026.768,0.24860569168959046
3488.0,1.0,27026.768,27041.917008343076,15.149008343076275
3489.0,-1.0,27041.917008343076,27042.265,0.3479916569231136
3490.0,1.0,27042.265,27057.76147972678,15.496479726782127
3491.0,-1.0,27057.76147972678,27057.762,0.0005202732172620017
3492.0,1.0,27057.762,27073.259,15.496999999999389
3493.0,-1.0,27073.259,27073.259,0.0
3494.0,1.0,27073.259,27088.42555303138,15.166553031380317
3495.0,-1.0,27088.42555303138,27088.755999999998,0.3304469686190714
3496.0,1.0,27088.756,27104.253,15.496999999999389
3497.0,-1.0,27104.253,27104.253,0.0
3498.0,1.0,27104.253,27119.32306170896,15.070061708960566
3499.0,-1.0,27119.32306170896,27119.75,0.4269382910388231
3500.0,1.0,27119.75,27134.883164307164,15.133164307164407
3501.0,-1.0,27134.883164307164,27135.247,0.3638356928349822
3502.0,1.0,27135.247,27150.433286918626,15.186286918626138
3503.0,-1.0,27150.433286918626,27150.744,0.31071308137325104
3504.0,1.0,27150.744,27165.816587156056,15.072587156057125
3505.0,-1.0,27165.816587156056,27166.240999999998,0.42441284394226386
3506.0,1.0,27166.240999999998,27166.907599577426,0.6665995774274052
3507.0,-1.0,27166.907599577426,27181.737999999998,14.830400422571984
3508.0,1.0,27181.738,27197.228447245016,15.490447245014366
3509.0,-1.0,27197.228447245016,27197.235,0.006552754985023057
3510.0,1.0,27197.235,27212.722676552014,15.487676552013
3511.0,-1.0,27212.722676552014,27212.732,0.00932344798638951
3512.0,1.0,27212.732,27228.224383085046,15.49238308504573
3513.0,-1.0,27228.224383085046,27228.229,0.004616914953658124
3514.0,1.0,27228.229,27243.6434166921,15.414416692099621
3515.0,-1.0,27243.6434166921,27243.726,0.08258330789976753
3516.0,1.0,27243.726,27259.222878316956,15.496878316957009
3517.0,-1.0,27259.222878316956,27259.222999999998,0.00012168304238002747
3518.0,1.0,27259.222999999998,27274.69309322493,15.470093224932498
3519.0,-1.0,27274.69309322493,27274.719999999998,0.026906775066890987
3520.0,1.0,27274.72,27290.124535921983,15.404535921981733
3521.0,-1.0,27290.124535921983,27290.217,0.09246407801765599
3522.0,1.0,27290.217,27305.415262993745,15.19826299374472
3523.0,-1.0,27305.415262993745,27305.714,0.2987370062546688
3524.0,1.0,27305.714,27321.189245766822,15.4752457668219
3525.0,-1.0,27321.189245766822,27321.211,0.021754233177489368
3526.0,1.0,27321.211,27336.70715365908,15.496153659081756
3527.0,-1.0,27336.70715365908,27336.708,0.0008463409176329151
3528.0,1.0,27336.708,27352.204990124752,15.49699012475321
3529.0,-1.0,27352.204990124752,27352.204999999998,9.875246178125963e-06
3530.0,1.0,27352.204999999998,27367.29506870179,15.090068701792916
3531.0,-1.0,27367.29506870179,27367.701999999997,0.406931298206473
3532.0,1.0,27367.702,27383.197361101236,15.495361101235176
3533.0,-1.0,27383.197361101236,27383.199,0.0016388987642130814
3534.0,1.0,27383.199,27398.69463993249,15.49563993249103
3535.0,-1.0,27398.69463993249,27398.696,0.0013600675083580427
3536.0,1.0,27398.696,27414.19299787267,15.496997872669453
3537.0,-1.0,27414.19299787267,27414.193,2.1273299353197217e-06
3538.0,1.0,27414.193,27429.69,15.496999999999389
3539.0,-1.0,27429.69,27429.69,0.0
3540.0,1.0,27429.69,27445.186753850325,15.496753850326058
3541.0,-1.0,27445.186753850325,27445.186999999998,0.00024614967333036475
3542.0,1.0,27445.186999999998,27460.68384131545,15.496841315452912
3543.0,-1.0,27460.68384131545,27460.683999999997,0.00015868454647716135
3544.0,1.0,27460.684,27476.181,15.496999999999389
3545.0,-1.0,27476.181,27476.181,0.0
3546.0,1.0,27476.181,27491.663149457596,15.48214945759537
3547.0,-1.0,27491.663149457596,27491.678,0.014850542404019507
3548.0,1.0,27491.678,27507.16368525904,15.48568525904193
3549.0,-1.0,27507.16368525904,27507.175,0.011314740957459435
3550.0,1.0,27507.175,27522.643631204675,15.468631204676058
3551.0,-1.0,27522.643631204675,27522.672,0.028368795323331142
3552.0,1.0,27522.672,27538.168999999998,15.496999999999389
3553.0,-1.0,27538.168999999998,27538.168999999998,0.0
3554.0,1.0,27538.168999999998,27553.628861158744,15.459861158746207
3555.0,-1.0,27553.628861158744,27553.665999999997,0.037138841253181454
3556.0,1.0,27553.666,27569.11315346587,15.447153465869633
3557.0,-1.0,27569.11315346587,27569.163,0.04984653412975604
3558.0,1.0,27569.163,27584.659999760665,15.496999760664039
3559.0,-1.0,27584.659999760665,27584.66,2.393353497609496e-07
3560.0,1.0,27584.66,27600.156978885945,15.496978885945282
3561.0,-1.0,27600.156978885945,27600.157,2.111405410687439e-05
3562.0,1.0,27600.157,27615.65399204403,15.496992044030776
3563.0,-1.0,27615.65399204403,27615.654,7.955968612805009e-06
3564.0,1.0,27615.654,27631.150999999998,15.496999999999389
3565.0,-1.0,27631.150999999998,27631.150999999998,0.0
3566.0,1.0,27631.150999999998,27646.62803567181,15.477035671810881
3567.0,-1.0,27646.62803567181,27646.647999999997,0.019964328188507352
3568.0,1.0,27646.648,27662.144046675905,15.496046675903926
3569.0,-1.0,27662.144046675905,27662.145,0.0009533240954624489
3570.0,1.0,27662.145,27677.63641861579,15.49141861579119
3571.0,-1.0,27677.63641861579,27677.642,0.00558138420819887
3572.0,1.0,27677.642,27693.112570968475,15.47057096847493
3573.0,-1.0,27693.112570968475,27693.139,0.02642903152445797
3574.0,1.0,27693.139,27708.344915176865,15.205915176866256
3575.0,-1.0,27708.344915176865,27708.636,0.2910848231331329
3576.0,1.0,27708.636,27724.132999999998,15.496999999999389
3577.0,-1.0,27724.132999999998,27724.132999999998,0.0
3578.0,1.0,27724.132999999998,27739.61620903908,15.483209039080975
3579.0,-1.0,27739.61620903908,27739.629999999997,0.013790960918413475
3580.0,1.0,27739.63,27755.126812654904,15.496812654902897
3581.0,-1.0,27755.126812654904,27755.127,0.00018734509649220854
3582.0,1.0,27755.127,27770.624,15.496999999999389
3583.0,-1.0,27770.624,27770.624,0.0
3584.0,1.0,27770.624,27772.11197559916,1.4879755991605634
3585.0,-1.0,27772.11197559916,27786.121,14.009024400838825
3586.0,1.0,27786.121,27801.617089344687,15.496089344687789
3587.0,-1.0,27801.617089344687,27801.618,0.0009106553115998395
3588.0,1.0,27801.618,27817.058714563238,15.440714563239453
3589.0,-1.0,27817.058714563238,27817.114999999998,0.05628543675993569
3590.0,1.0,27817.115,27832.51297042378,15.397970423779043
3591.0,-1.0,27832.51297042378,27832.612,0.09902957622034592
3592.0,1.0,27832.612,27848.109,15.496999999999389
3593.0,-1.0,27848.109,27848.109,0.0
3594.0,1.0,27848.109,27863.463671457605,15.354671457604127
3595.0,-1.0,27863.463671457605,27863.606,0.14232854239526205
3596.0,1.0,27863.606,27879.102965938455,15.496965938455105
3597.0,-1.0,27879.102965938455,27879.103,3.406154428375885e-05
3598.0,1.0,27879.103,27894.42257250986,15.319572509859427
3599.0,-1.0,27894.42257250986,27894.6,0.17742749013996217
3600.0,1.0,27894.6,27909.932854288418,15.332854288419185
3601.0,-1.0,27909.932854288418,27910.096999999998,0.16414571158020408
3602.0,1.0,27910.097,27925.594,15.496999999999389
3603.0,-1.0,27925.594,27925.594,0.0
3604.0,1.0,27925.594,27941.03300015817,15.43900015817053
3605.0,-1.0,27941.03300015817,27941.091,0.057999841828859644
3606.0,1.0,27941.091,27956.588,15.496999999999389
3607.0,-1.0,27956.588,27956.588,0.0
3608.0,1.0,27956.588,27972.085,15.496999999999389
3609.0,-1.0,27972.085,27972.085,0.0
3610.0,1.0,27972.085,27987.554714255748,15.46971425574884
3611.0,-1.0,27987.554714255748,27987.582,0.027285744250548305
3612.0,1.0,27987.582,28003.078999999998,15.496999999999389
3613.0,-1.0,28003.078999999998,28003.078999999998,0.0
3614.0,1.0,28003.079,28018.568653552367,15.48965355236578
3615.0,-1.0,28018.568653552367,28018.576,0.007346447633608477
3616.0,1.0,28018.576,28034.06425257572,15.488252575720253
3617.0,-1.0,28034.06425257572,28034.073,0.008747424279135885
3618.0,1.0,28034.073,28049.57,15.496999999999389
3619.0,-1.0,28049.57,28049.57,0.0
3620.0,1.0,28049.57,28065.061128608315,15.491128608315194
3621.0,-1.0,28065.061128608315,28065.067,0.00587139168419526
3622.0,1.0,28065.067,28080.500879808325,15.43387980832631
3623.0,-1.0,28080.500879808325,28080.564,0.06312019167307881
3624.0,1.0,28080.564,28096.05089028303,15.486890283031244
3625.0,-1.0,28096.05089028303,28096.060999999998,0.010109716968145221
3626.0,1.0,28096.061,28111.558,15.496999999999389
3627.0,-1.0,28111.558,28111.558,0.0
3628.0,1.0,28111.558,28127.021820683625,15.463820683624363
3629.0,-1.0,28127.021820683625,28127.055,0.03317931637502625
3630.0,1.0,28127.055,28142.552,15.496999999999389
3631.0,-1.0,28142.552,28142.552,0.0
3632.0,1.0,28142.552,28142.830481556928,0.27848155692845467
3633.0,-1.0,28142.830481556928,28158.049,15.218518443070934
3634.0,1.0,28158.049,28173.218678607584,15.169678607584501
3635.0,-1.0,28173.218678607584,28173.546,0.32732139241488767
3636.0,1.0,28173.546,28188.99842088144,15.452420881440048
3637.0,-1.0,28188.99842088144,28189.042999999998,0.044579118559340714
3638.0,1.0,28189.043,28204.54,15.496999999999389
3639.0,-1.0,28204.54,28204.54,0.0
3640.0,1.0,28204.54,28220.036999821325,15.496999821323698
3641.0,-1.0,28220.036999821325,28220.037,1.786756911315024e-07
3642.0,1.0,28220.037,28235.533870060364,15.496870060364017
3643.0,-1.0,28235.533870060364,28235.534,0.0001299396353715565
3644.0,1.0,28235.534,28251.030904922412,15.496904922412796
3645.0,-1.0,28251.030904922412,28251.031,9.507758659310639e-05
3646.0,1.0,28251.031,28266.50606603628,15.475066036280623
3647.0,-1.0,28266.50606603628,28266.528,0.02193396371876588
3648.0,1.0,28266.528,28282.024999999998,15.496999999999389
3649.0,-1.0,28282.024999999998,28282.024999999998,0.0
3650.0,1.0,28282.025,28297.51573589584,15.490735895837133
3651.0,-1.0,28297.51573589584,28297.522,0.006264104162255535
3652.0,1.0,28297.522,28313.018105181498,15.496105181497114
3653.0,-1.0,28313.018105181498,28313.019,0.0008948185022745747
3654.0,1.0,28313.019,28328.21792988564,15.19892988563879
3655.0,-1.0,28328.21792988564,28328.516,0.2980701143605984
3656.0,1.0,28328.516,28343.002590954864,14.486590954864369
3657.0,-1.0,28343.002590954864,28344.013,1.0104090451350203
3658.0,1.0,28344.013,28359.51,15.496999999999389
3659.0,-1.0,28359.51,28359.51,0.0
3660.0,1.0,28359.51,28375.00646265907,15.496462659069948
3661.0,-1.0,28375.00646265907,28375.006999999998,0.0005373409294406883
3662.0,1.0,28375.007,28375.007898809487,0.000898809485079255
3663.0,-1.0,28375.007898809487,28390.504,15.49610119051431
3664.0,1.0,28390.504,28405.847477752395,15.343477752394392
3665.0,-1.0,28405.847477752395,28406.001,0.15352224760499666
3666.0,1.0,28406.001,28421.498,15.496999999999389
3667.0,-1.0,28421.498,28421.498,0.0
3668.0,1.0,28421.498,28436.86100817962,15.36300817962183
3669.0,-1.0,28436.86100817962,28436.995,0.13399182037755963
3670.0,1.0,28436.995,28451.60188318769,14.606883187690983
3671.0,-1.0,28451.60188318769,28452.492,0.8901168123084062
3672.0,1.0,28452.492,28467.988671029907,15.496671029908612
3673.0,-1.0,28467.988671029907,28467.988999999998,0.00032897009077714756
3674.0,1.0,28467.989,28482.983399710403,14.994399710401922
3675.0,-1.0,28482.983399710403,28483.486,0.502600289597467
3676.0,1.0,28483.486,28498.9829892678,15.496989267798199
3677.0,-1.0,28498.9829892678,28498.983,1.0732201189966872e-05
3678.0,1.0,28498.983,28514.479785690193,15.496785690193065
3679.0,-1.0,28514.479785690193,28514.48,0.00021430980632430874
3680.0,1.0,28514.48,28529.961716853682,15.481716853682883
3681.0,-1.0,28529.961716853682,28529.977,0.015283146316505736
3682.0,1.0,28529.977,28545.468527262354,15.491527262354793
3683.0,-1.0,28545.468527262354,28545.474,0.005472737644595327
3684.0,1.0,28545.474,28560.97099999964,15.496999999642867
3685.0,-1.0,28560.97099999964,28560.970999999998,3.5652192309498787e-10
3686.0,1.0,28560.971,28576.449800774888,15.478800774886622
3687.0,-1.0,28576.449800774888,28576.468,0.018199225112766726
3688.0,1.0,28576.468,28591.820576822658,15.352576822657284
3689.0,-1.0,28591.820576822658,28591.965,0.1444231773421052
3690.0,1.0,28591.965,28607.454314266386,15.489314266385918
3691.0,-1.0,28607.454314266386,28607.462,0.007685733613470802
3692.0,1.0,28607.462,28622.95899999977,15.496999999770196
3693.0,-1.0,28622.95899999977,28622.959,2.2919266484677792e-10
3694.0,1.0,28622.959,28622.970308141455,0.011308141456538578
3695.0,-1.0,28622.970308141455,28638.456,15.48569185854285
3696.0,1.0,28638.456,28653.943137269398,15.487137269399682
3697.0,-1.0,28653.943137269398,28653.952999999998,0.009862730599706993
3698.0,1.0,28653.953,28669.447686483363,15.494686483361875
3699.0,-1.0,28669.447686483363,28669.45,0.0023135166375141125
3700.0,1.0,28669.45,28684.841353748197,15.391353748196707
3701.0,-1.0,28684.841353748197,28684.947,0.10564625180268195
3702.0,1.0,28684.947,28700.443307195506,15.496307195506233
3703.0,-1.0,28700.443307195506,28700.444,0.0006928044931555633
3704.0,1.0,28700.444,28715.94070988019,15.496709880189883
3705.0,-1.0,28715.94070988019,28715.941,0.00029011980950599536
3706.0,1.0,28715.941,28730.882260397888,14.941260397888982
3707.0,-1.0,28730.882260397888,28731.438,0.5557396021104068
3708.0,1.0,28731.438,28746.934764873564,15.496764873565553
3709.0,-1.0,28746.934764873564,28746.934999999998,0.00023512643383583054
3710.0,1.0,28746.935,28762.43199991293,15.496999912928004
3711.0,-1.0,28762.43199991293,28762.432,8.707138476893306e-08
3712.0,1.0,28762.432,28777.91547778052,15.483477780519024
3713.0,-1.0,28777.91547778052,28777.929,0.013522219480364583
3714.0,1.0,28777.929,28793.37021774422,15.441217744220921
3715.0,-1.0,28793.37021774422,28793.426,0.055782255778467515
3716.0,1.0,28793.426,28808.92289160831,15.496891608308943
3717.0,-1.0,28808.92289160831,28808.923,0.00010839169044629671
3718.0,1.0,28808.923,28824.000853552076,15.077853552076704
3719.0,-1.0,28824.000853552076,28824.42,0.4191464479226852
3720.0,1.0,28824.42,28839.33525627397,14.915256273972773
3721.0,-1.0,28839.33525627397,28839.916999999998,0.5817437260266161
3722.0,1.0,28839.917,28853.40532948948,13.488329489478929
3723.0,-1.0,28853.40532948948,28855.414,2.00867051052046
3724.0,1.0,28855.414,28870.911,15.496999999999389
3725.0,-1.0,28870.911,28870.911,0.0
3726.0,1.0,28870.911,28886.313525824004,15.402525824003533
3727.0,-1.0,28886.313525824004,28886.408,0.09447417599585606
3728.0,1.0,28886.408,28901.863432042635,15.455432042635948
3729.0,-1.0,28901.863432042635,28901.905,0.041567957363440655
3730.0,1.0,28901.905,28917.252739321884,15.347739321885456
3731.0,-1.0,28917.252739321884,28917.402,0.14926067811393295
3732.0,1.0,28917.402,28932.849476439187,15.447476439188904
3733.0,-1.0,28932.849476439187,28932.898999999998,0.04952356081048492
3734.0,1.0,28932.899,28948.20787892719,15.308878927189653
3735.0,-1.0,28948.20787892719,28948.396,0.18812107280973578
3736.0,1.0,28948.396,28963.69762261774,15.301622617738758
3737.0,-1.0,28963.69762261774,28963.893,0.19537738226063084
3738.0,1.0,28963.893,28979.381364690333,15.488364690332673
3739.0,-1.0,28979.381364690333,28979.39,0.00863530966671533
3740.0,1.0,28979.39,28994.871243956106,15.481243956106482
3741.0,-1.0,28994.871243956106,28994.887,0.015756043892906746
3742.0,1.0,28994.887,29010.382335292325,15.495335292325763
3743.0,-1.0,29010.382335292325,29010.384,0.0016647076736262534
3744.0,1.0,29010.384,29025.868052667116,15.484052667117794
3745.0,-1.0,29025.868052667116,29025.880999999998,0.012947332881594775
3746.0,1.0,29025.881,29040.28298382368,14.401983823678165
3747.0,-1.0,29040.28298382368,29041.378,1.0950161763212236
3748.0,1.0,29041.378,29056.869704212568,15.491704212567129
3749.0,-1.0,29056.869704212568,29056.875,0.005295787432260113
3750.0,1.0,29056.875,29056.875000007953,7.952621672302485e-09
3751.0,-1.0,29056.875000007953,29072.372,15.496999992046767
3752.0,1.0,29072.372,29087.862874216196,15.490874216196971
3753.0,-1.0,29087.862874216196,29087.869,0.006125783802417573
3754.0,1.0,29087.869,29103.36598904519,15.496989045190276
3755.0,-1.0,29103.36598904519,29103.365999999998,1.0954809113172814e-05
3756.0,1.0,29103.365999999998,29118.356583605673,14.990583605675056
3757.0,-1.0,29118.356583605673,29118.862999999998,0.5064163943243329
3758.0,1.0,29118.863,29134.359999998265,15.496999998264073
3759.0,-1.0,29134.359999998265,29134.36,1.735315890982747e-09
3760.0,1.0,29134.36,29149.41065105717,15.05065105716858
3761.0,-1.0,29149.41065105717,29149.857,0.4463489428308094
3762.0,1.0,29149.857,29165.345813307355,15.488813307354576
3763.0,-1.0,29165.345813307355,29165.354,0.008186692644812865
3764.0,1.0,29165.354,29179.411995280436,14.057995280436444
3765.0,-1.0,29179.411995280436,29180.851,1.439004719562945
3766.0,1.0,29180.851,29196.347993543684,15.496993543685676
3767.0,-1.0,29196.347993543684,29196.347999999998,6.456313712988049e-06
3768.0,1.0,29196.347999999998,29211.844999999998,15.496999999999389
3769.0,-1.0,29211.844999999998,29211.844999999998,0.0
3770.0,1.0,29211.845,29227.34199999718,15.496999997179955
3771.0,-1.0,29227.34199999718,29227.342,2.8194335754960775e-09
3772.0,1.0,29227.342,29241.74258429076,14.40058429076089
3773.0,-1.0,29241.74258429076,29242.839,1.0964157092384994
3774.0,1.0,29242.839,29257.426456358186,14.587456358185591
3775.0,-1.0,29257.426456358186,29258.336,0.9095436418137979
3776.0,1.0,29258.336,29273.8329600776,15.496960077602125
3777.0,-1.0,29273.8329600776,29273.833,3.992239726358093e-05
3778.0,1.0,29273.833,29287.01771426587,13.184714265869843
3779.0,-1.0,29287.01771426587,29289.329999999998,2.3122857341295457
3780.0,1.0,29289.329999999998,29303.388580122457,14.058580122458807
3781.0,-1.0,29303.388580122457,29304.826999999997,1.438419877540582
3782.0,1.0,29304.827,29319.76395645061,14.936956450608704
3783.0,-1.0,29319.76395645061,29320.324,0.5600435493906843
3784.0,1.0,29320.324,29335.08231727777,14.758317277770402
3785.0,-1.0,29335.08231727777,29335.821,0.7386827222289867
3786.0,1.0,29335.821,29349.306518612077,13.485518612076703
3787.0,-1.0,29349.306518612077,29351.318,2.011481387922686
3788.0,1.0,29351.318,29366.800243275196,15.482243275197106
3789.0,-1.0,29366.800243275196,29366.815,0.014756724802282406
3790.0,1.0,29366.815,29382.083396926904,15.268396926905552
3791.0,-1.0,29382.083396926904,29382.311999999998,0.22860307309383643
3792.0,1.0,29382.311999999998,29397.283632121405,14.97163212140731
3793.0,-1.0,29397.283632121405,29397.808999999997,0.5253678785920783
3794.0,1.0,29397.809,29412.270179006242,14.461179006240855
3795.0,-1.0,29412.270179006242,29413.306,1.0358209937585343
3796.0,1.0,29413.306,29428.802180849885,15.496180849884695
3797.0,-1.0,29428.802180849885,29428.803,0.0008191501146939117
3798.0,1.0,29428.803,29443.713121861194,14.910121861194057
3799.0,-1.0,29443.713121861194,29444.3,0.5868781388053321
3800.0,1.0,29444.3,29444.31936192977,0.019361929771548603
3801.0,-1.0,29444.31936192977,29459.797,15.47763807022784
3802.0,1.0,29459.797,29473.4938146132,13.69681461320215
3803.0,-1.0,29473.4938146132,29475.293999999998,1.8001853867972386
3804.0,1.0,29475.293999999998,29490.323542386595,15.029542386597313
3805.0,-1.0,29490.323542386595,29490.790999999997,0.46745761340207537
3806.0,1.0,29490.791,29505.79208987349,15.001089873487217
3807.0,-1.0,29505.79208987349,29506.288,0.4959101265121717
3808.0,1.0,29506.288,29520.785430425094,14.497430425093626
3809.0,-1.0,29520.785430425094,29521.785,0.9995695749057631
3810.0,1.0,29521.785,29537.279147923993,15.494147923993296
3811.0,-1.0,29537.279147923993,29537.282,0.0028520760060928296
3812.0,1.0,29537.282,29550.506370933843,13.224370933843602
3813.0,-1.0,29550.506370933843,29552.779,2.272629066155787
3814.0,1.0,29552.779,29568.14423227751,15.365232277512405
3815.0,-1.0,29568.14423227751,29568.275999999998,0.13176772248698398
3816.0,1.0,29568.275999999998,29583.109722613546,14.833722613548161
3817.0,-1.0,29583.109722613546,29583.772999999997,0.6632773864512274
3818.0,1.0,29583.773,29598.00390831176,14.230908311757958
3819.0,-1.0,29598.00390831176,29599.27,1.2660916882414313
3820.0,1.0,29599.27,29614.767,15.496999999999389
3821.0,-1.0,29614.767,29614.767,0.0
3822.0,1.0,29614.767,29614.831581707036,0.0645817070362682
3823.0,-1.0,29614.831581707036,29630.264,15.43241829296312
3824.0,1.0,29630.264,29644.123140521486,13.859140521486552
3825.0,-1.0,29644.123140521486,29645.761,1.637859478512837
3826.0,1.0,29645.761,29659.504274479943,13.743274479944375
3827.0,-1.0,29659.504274479943,29661.257999999998,1.7537255200550135
3828.0,1.0,29661.257999999998,29676.748291002456,15.490291002457525
3829.0,-1.0,29676.748291002456,29676.754999999997,0.006708997541863937
3830.0,1.0,29676.755,29690.700821050443,13.945821050441737
3831.0,-1.0,29690.700821050443,29692.252,1.5511789495576522
3832.0,1.0,29692.252,29706.758250573414,14.506250573413126
3833.0,-1.0,29706.758250573414,29707.749,0.9907494265862624
3834.0,1.0,29707.749,29722.667215942376,14.918215942376264
3835.0,-1.0,29722.667215942376,29723.246,0.5787840576231247
3836.0,1.0,29723.246,29737.693446689344,14.44744668934436
3837.0,-1.0,29737.693446689344,29738.743,1.0495533106550283
3838.0,1.0,29738.743,29754.23987386795,15.496873867952672
3839.0,-1.0,29754.23987386795,29754.239999999998,0.00012613204671652056
3840.0,1.0,29754.239999999998,29768.572931400813,14.332931400815141
3841.0,-1.0,29768.572931400813,29769.736999999997,1.1640685991842474
3842.0,1.0,29769.737,29785.232373568033,15.495373568031937
3843.0,-1.0,29785.232373568033,29785.234,0.0016264319674519356
3844.0,1.0,29785.234,29800.73097318425,15.496973184250237
3845.0,-1.0,29800.73097318425,29800.731,2.681574915186502e-05
3846.0,1.0,29800.731,29816.227884761814,15.496884761814727
3847.0,-1.0,29816.227884761814,29816.228,0.00011523818466230296
3848.0,1.0,29816.228,29831.680224012984,15.452224012984516
3849.0,-1.0,29831.680224012984,29831.725,0.04477598701487295
3850.0,1.0,29831.725,29845.2221618713,13.497161871302524
3851.0,-1.0,29845.2221618713,29847.221999999998,1.9998381286968652
3852.0,1.0,29847.222,29862.425251646637,15.20325164663518
3853.0,-1.0,29862.425251646637,29862.719,0.293748353364208
3854.0,1.0,29862.719,29877.190607454628,14.471607454626792
3855.0,-1.0,29877.190607454628,29878.216,1.025392545372597
3856.0,1.0,29878.216,29892.58382845686,14.36782845685957
3857.0,-1.0,29892.58382845686,29893.713,1.1291715431398188
3858.0,1.0,29893.713,29908.306628866554,14.593628866554354
3859.0,-1.0,29908.306628866554,29909.21,0.9033711334450345
3860.0,1.0,29909.21,29909.266475423767,0.05647542376755155
3861.0,-1.0,29909.266475423767,29924.707,15.440524576231837
3862.0,1.0,29924.707,29940.203999999998,15.496999999999389
3863.0,-1.0,29940.203999999998,29940.203999999998,0.0
3864.0,1.0,29940.204,29955.556185429657,15.352185429655947
3865.0,-1.0,29955.556185429657,29955.701,0.14481457034344203
3866.0,1.0,29955.701,29970.898919177947,15.19791917794646
3867.0,-1.0,29970.898919177947,29971.198,0.29908082205292885
3868.0,1.0,29971.198,29985.157737027133,13.959737027133087
3869.0,-1.0,29985.157737027133,29986.695,1.5372629728663014
