domain_index,orientation,z_start_um,z_end_um,length_um
0.0,1.0,0.0,0.5000096771408274,0.5000096771408274
1.0,-1.0,0.5000096771408274,15.497,14.996990322859173
2.0,1.0,15.497,15.997231455132336,0.5002314551323366
3.0,-1.0,15.997231455132336,30.994,14.996768544867663
4.0,1.0,30.994,31.494566719044883,0.5005667190448833
5.0,-1.0,31.494566719044883,46.491,14.996433280955117
6.0,1.0,46.491,46.991,0.5
7.0,-1.0,46.991,61.988,14.997
8.0,1.0,61.988,62.488,0.5
9.0,-1.0,62.488,77.485,14.997
10.0,1.0,77.485,77.98521731605027,0.5002173160502679
11.0,-1.0,77.98521731605027,92.982,14.996782683949732
12.0,1.0,92.982,93.482,0.5
13.0,-1.0,93.482,108.479,14.997
14.0,1.0,108.479,108.979,0.5
15.0,-1.0,108.979,123.976,14.997
16.0,1.0,123.976,124.47600006025365,0.5000000602536545
17.0,-1.0,124.47600006025365,139.473,14.99699993974636
18.0,1.0,139.473,139.973,0.5
19.0,-1.0,139.973,154.97000000000003,14.997000000000014
20.0,1.0,154.97,155.47,0.5
21.0,-1.0,155.47,170.46699999999998,14.996999999999986
22.0,1.0,170.46699999999998,170.96699999999998,0.5
23.0,-1.0,170.96699999999998,185.964,14.997000000000014
24.0,1.0,185.964,186.464,0.5
25.0,-1.0,186.464,201.461,14.997000000000014
26.0,1.0,201.461,201.9610008000944,0.5000008000943978
27.0,-1.0,201.9610008000944,216.95800000000003,14.996999199905616
28.0,1.0,216.958,218.32161992947184,1.363619929471838
29.0,-1.0,218.32161992947184,232.45499999999998,14.133380070528148
30.0,1.0,232.45499999999998,232.95499999999998,0.5
31.0,-1.0,232.95499999999998,247.952,14.997000000000014
32.0,1.0,247.952,248.452,0.5
33.0,-1.0,248.452,263.449,14.997000000000014
34.0,1.0,263.449,263.949,0.5
35.0,-1.0,263.949,278.946,14.997000000000014
36.0,1.0,278.946,282.01264964845916,3.0666496484591335
37.0,-1.0,282.01264964845916,294.44300000000004,12.43035035154088
38.0,1.0,294.443,294.9438777508665,0.5008777508664934
39.0,-1.0,294.9438777508665,309.94,14.99612224913352
40.0,1.0,309.94,310.64869567154943,0.7086956715494352
41.0,-1.0,310.64869567154943,325.437,14.788304328450579
42.0,1.0,325.437,325.9377175496272,0.5007175496272112
43.0,-1.0,325.9377175496272,340.934,14.996282450372803
44.0,1.0,340.93399999999997,341.43811168540026,0.5041116854002894
45.0,-1.0,341.43811168540026,356.431,14.992888314599725
46.0,1.0,356.431,357.2361672032403,0.8051672032403303
47.0,-1.0,357.2361672032403,371.928,14.691832796759684
48.0,1.0,371.928,372.428,0.5
49.0,-1.0,372.428,387.425,14.997000000000014
50.0,1.0,387.425,387.925,0.5
51.0,-1.0,387.925,402.922,14.997000000000014
52.0,1.0,402.922,403.422,0.5
53.0,-1.0,403.422,418.41900000000004,14.997000000000014
54.0,1.0,418.419,418.9190343127951,0.5000343127950941
55.0,-1.0,418.9190343127951,433.916,14.99696568720492
56.0,1.0,433.916,434.8158423419783,0.8998423419782853
57.0,-1.0,434.8158423419783,449.413,14.597157658021729
58.0,1.0,449.413,462.3545627799867,12.941562779986668
59.0,-1.0,462.3545627799867,464.91,2.5554372200133457
60.0,1.0,464.90999999999997,465.40999999999997,0.5
61.0,-1.0,465.40999999999997,480.407,14.997000000000014
62.0,1.0,480.407,480.9266687075563,0.5196687075563204
63.0,-1.0,480.9266687075563,495.904,14.977331292443694
64.0,1.0,495.904,496.404,0.5
65.0,-1.0,496.404,511.401,14.997000000000014
66.0,1.0,511.401,511.91698242779756,0.5159824277975531
67.0,-1.0,511.91698242779756,526.898,14.981017572202461
68.0,1.0,526.898,527.3980057895994,0.5000057895994132
69.0,-1.0,527.3980057895994,542.395,14.996994210400544
70.0,1.0,542.395,544.0894092379759,1.6944092379759468
71.0,-1.0,544.0894092379759,557.8919999999999,13.80259076202401
72.0,1.0,557.892,558.3921742753475,0.50017427534749
73.0,-1.0,558.3921742753475,573.389,14.996825724652467
74.0,1.0,573.389,573.8891064969469,0.5001064969468416
75.0,-1.0,573.8891064969469,588.886,14.996893503053116
76.0,1.0,588.886,589.386012412004,0.5000124120040255
77.0,-1.0,589.386012412004,604.3829999999999,14.996987587995932
78.0,1.0,604.383,604.8830308228642,0.5000308228641188
79.0,-1.0,604.8830308228642,619.88,14.996969177135838
80.0,1.0,619.88,620.3801173150126,0.5001173150126306
81.0,-1.0,620.3801173150126,635.377,14.996882684987327
82.0,1.0,635.377,635.877,0.5
83.0,-1.0,635.877,650.8739999999999,14.996999999999957
84.0,1.0,650.874,664.1462696222742,13.272269622274166
85.0,-1.0,664.1462696222742,666.371,2.224730377725791
86.0,1.0,666.371,678.37396425156,12.002964251560002
87.0,-1.0,678.37396425156,681.8679999999999,3.4940357484399556
88.0,1.0,681.8679999999999,682.3680000045192,0.5000000045192792
89.0,-1.0,682.3680000045192,697.3649999999999,14.996999995480678
90.0,1.0,697.365,697.865,0.5
91.0,-1.0,697.865,712.862,14.996999999999957
92.0,1.0,712.862,725.5628929443589,12.700892944358884
93.0,-1.0,725.5628929443589,728.3589999999999,2.796107055641073
94.0,1.0,728.359,728.859064098678,0.5000640986779672
95.0,-1.0,728.859064098678,743.856,14.99693590132199
96.0,1.0,743.856,744.356,0.5
97.0,-1.0,744.356,759.353,14.996999999999957
98.0,1.0,759.353,759.8530027552748,0.5000027552748634
99.0,-1.0,759.8530027552748,774.8499999999999,14.996997244725094
100.0,1.0,774.85,775.3500128519107,0.5000128519106966
101.0,-1.0,775.3500128519107,790.347,14.99698714808926
102.0,1.0,790.347,790.8470032800288,0.5000032800288636
103.0,-1.0,790.8470032800288,805.8439999999999,14.996996719971094
104.0,1.0,805.844,806.3760143549547,0.5320143549546401
105.0,-1.0,806.3760143549547,821.341,14.964985645045317
106.0,1.0,821.341,821.8410000453455,0.5000000453454732
107.0,-1.0,821.8410000453455,836.838,14.996999954654484
108.0,1.0,836.838,837.3624909322808,0.5244909322808553
109.0,-1.0,837.3624909322808,852.3349999999999,14.972509067719102
110.0,1.0,852.335,852.8390302677502,0.5040302677501813
111.0,-1.0,852.8390302677502,867.832,14.992969732249776
112.0,1.0,867.832,868.3351761414403,0.5031761414403491
113.0,-1.0,868.3351761414403,883.329,14.993823858559608
114.0,1.0,883.329,883.829,0.5
115.0,-1.0,883.829,898.8259999999999,14.996999999999957
116.0,1.0,898.826,899.326,0.5
117.0,-1.0,899.326,914.323,14.996999999999957
118.0,1.0,914.323,926.8618460557618,12.538846055761837
119.0,-1.0,926.8618460557618,929.8199999999999,2.95815394423812
120.0,1.0,929.8199999999999,930.3199999999999,0.5
121.0,-1.0,930.3199999999999,945.3169999999999,14.996999999999957
122.0,1.0,945.317,945.8170008952302,0.5000008952301869
123.0,-1.0,945.8170008952302,960.814,14.99699910476977
124.0,1.0,960.814,961.314,0.5
125.0,-1.0,961.314,976.3109999999999,14.996999999999957
126.0,1.0,976.311,976.8347596671139,0.5237596671138363
127.0,-1.0,976.8347596671139,991.808,14.973240332886121
128.0,1.0,991.808,992.308,0.5
129.0,-1.0,992.308,1007.305,14.996999999999957
130.0,1.0,1007.305,1007.805,0.5
131.0,-1.0,1007.805,1022.8019999999999,14.996999999999957
132.0,1.0,1022.802,1023.3021980889863,0.5001980889862807
133.0,-1.0,1023.3021980889863,1038.299,14.996801911013677
134.0,1.0,1038.299,1038.799,0.5
135.0,-1.0,1038.799,1053.796,14.997000000000071
136.0,1.0,1053.796,1054.296,0.5
137.0,-1.0,1054.296,1069.2930000000001,14.997000000000071
138.0,1.0,1069.293,1069.793,0.5
139.0,-1.0,1069.793,1084.79,14.997000000000071
140.0,1.0,1084.79,1085.29,0.5
141.0,-1.0,1085.29,1100.287,14.997000000000071
142.0,1.0,1100.287,1100.7870005446607,0.5000005446606792
143.0,-1.0,1100.7870005446607,1115.784,14.996999455339392
144.0,1.0,1115.784,1116.284,0.5
145.0,-1.0,1116.284,1131.2810000000002,14.997000000000071
146.0,1.0,1131.281,1131.781,0.5
147.0,-1.0,1131.781,1146.778,14.997000000000071
148.0,1.0,1146.778,1147.285001921596,0.5070019215959292
149.0,-1.0,1147.285001921596,1162.275,14.989998078404142
150.0,1.0,1162.275,1162.7761788808414,0.5011788808412803
151.0,-1.0,1162.7761788808414,1177.7720000000002,14.99582111915879
152.0,1.0,1177.772,1178.2720022453886,0.5000022453887141
153.0,-1.0,1178.2720022453886,1193.269,14.996997754611357
154.0,1.0,1193.269,1194.6834652563352,1.4144652563352338
155.0,-1.0,1194.6834652563352,1208.766,14.082534743664837
156.0,1.0,1208.766,1209.2660026867788,0.500002686778771
157.0,-1.0,1209.2660026867788,1224.2630000000001,14.9969973132213
158.0,1.0,1224.263,1224.763,0.5
159.0,-1.0,1224.763,1239.76,14.997000000000071
160.0,1.0,1239.76,1240.2600837678583,0.5000837678583139
161.0,-1.0,1240.2600837678583,1255.257,14.996916232141757
162.0,1.0,1255.257,1255.757,0.5
163.0,-1.0,1255.757,1270.7540000000001,14.997000000000071
164.0,1.0,1270.754,1271.2540000001393,0.5000000001393801
165.0,-1.0,1271.2540000001393,1286.251,14.99699999986069
166.0,1.0,1286.251,1286.751,0.5
167.0,-1.0,1286.751,1301.748,14.997000000000071
168.0,1.0,1301.748,1302.2485507772392,0.5005507772391411
169.0,-1.0,1302.2485507772392,1317.2450000000001,14.99644922276093
170.0,1.0,1317.245,1317.7450436950985,0.5000436950986114
171.0,-1.0,1317.7450436950985,1332.742,14.99695630490146
172.0,1.0,1332.742,1333.242,0.5
173.0,-1.0,1333.242,1348.239,14.997000000000071
174.0,1.0,1348.239,1348.739,0.5
175.0,-1.0,1348.739,1363.736,14.997000000000071
176.0,1.0,1363.7359999999999,1364.2359999999999,0.5
177.0,-1.0,1364.2359999999999,1379.233,14.997000000000071
178.0,1.0,1379.233,1379.7337612991992,0.5007612991992119
179.0,-1.0,1379.7337612991992,1394.73,14.996238700800859
180.0,1.0,1394.73,1395.23,0.5
181.0,-1.0,1395.23,1410.227,14.997000000000071
182.0,1.0,1410.227,1410.7288293342813,0.501829334281183
183.0,-1.0,1410.7288293342813,1425.7240000000002,14.995170665718888
184.0,1.0,1425.724,1426.224,0.5
185.0,-1.0,1426.224,1441.221,14.997000000000071
186.0,1.0,1441.221,1441.721,0.5
187.0,-1.0,1441.721,1456.718,14.997000000000071
188.0,1.0,1456.718,1457.419898711682,0.7018987116819062
189.0,-1.0,1457.419898711682,1472.2150000000001,14.795101288318165
190.0,1.0,1472.215,1472.715,0.5
191.0,-1.0,1472.715,1487.712,14.997000000000071
192.0,1.0,1487.712,1488.212,0.5
193.0,-1.0,1488.212,1503.209,14.997000000000071
194.0,1.0,1503.209,1503.7090029522335,0.5000029522334444
195.0,-1.0,1503.7090029522335,1518.7060000000001,14.996997047766627
196.0,1.0,1518.706,1519.206000011639,0.5000000116390311
197.0,-1.0,1519.206000011639,1534.203,14.99699998836104
198.0,1.0,1534.203,1534.7078642133743,0.504864213374276
199.0,-1.0,1534.7078642133743,1549.7,14.992135786625795
200.0,1.0,1549.7,1550.2000006556993,0.5000006556992957
201.0,-1.0,1550.2000006556993,1565.1970000000001,14.996999344300775
202.0,1.0,1565.197,1565.699430793127,0.5024307931271323
203.0,-1.0,1565.699430793127,1580.694,14.994569206872939
204.0,1.0,1580.694,1581.194,0.5
205.0,-1.0,1581.194,1596.191,14.997000000000071
206.0,1.0,1596.191,1596.714034052067,0.5230340520670325
207.0,-1.0,1596.714034052067,1611.688,14.973965947933038
208.0,1.0,1611.688,1612.1880119730556,0.500011973055507
209.0,-1.0,1612.1880119730556,1627.1850000000002,14.996988026944564
210.0,1.0,1627.185,1627.6850775249477,0.5000775249477556
211.0,-1.0,1627.6850775249477,1642.682,14.996922475052315
212.0,1.0,1642.682,1643.1820000671646,0.5000000671645921
213.0,-1.0,1643.1820000671646,1658.179,14.996999932835479
214.0,1.0,1658.179,1658.6791543920988,0.5001543920986933
215.0,-1.0,1658.6791543920988,1673.6760000000002,14.996845607901378
216.0,1.0,1673.676,1674.176,0.5
217.0,-1.0,1674.176,1689.173,14.997000000000071
218.0,1.0,1689.173,1689.673,0.5
219.0,-1.0,1689.673,1704.67,14.997000000000071
220.0,1.0,1704.67,1705.2129580868316,0.5429580868315043
221.0,-1.0,1705.2129580868316,1720.1670000000001,14.954041913168567
222.0,1.0,1720.167,1733.5101763535438,13.343176353543868
223.0,-1.0,1733.5101763535438,1735.664,2.1538236464562033
224.0,1.0,1735.664,1736.164,0.5
225.0,-1.0,1736.164,1751.161,14.997000000000071
226.0,1.0,1751.161,1751.661,0.5
227.0,-1.0,1751.661,1766.6580000000001,14.997000000000071
228.0,1.0,1766.658,1767.158,0.5
229.0,-1.0,1767.158,1782.155,14.997000000000071
230.0,1.0,1782.155,1782.6551065145031,0.5001065145031589
231.0,-1.0,1782.6551065145031,1797.652,14.996893485496912
232.0,1.0,1797.652,1798.152,0.5
233.0,-1.0,1798.152,1813.1490000000001,14.997000000000071
234.0,1.0,1813.149,1813.6492135985634,0.500213598563505
235.0,-1.0,1813.6492135985634,1828.646,14.996786401436566
236.0,1.0,1828.646,1829.1460054647657,0.5000054647657635
237.0,-1.0,1829.1460054647657,1844.143,14.996994535234307
238.0,1.0,1844.143,1844.6430000340977,0.5000000340976385
239.0,-1.0,1844.6430000340977,1859.64,14.996999965902432
240.0,1.0,1859.6399999999999,1860.1399999999999,0.5
241.0,-1.0,1860.1399999999999,1875.137,14.997000000000071
242.0,1.0,1875.137,1875.637,0.5
243.0,-1.0,1875.637,1890.634,14.997000000000071
244.0,1.0,1890.634,1903.9789593496407,13.344959349640703
245.0,-1.0,1903.9789593496407,1906.131,2.1520406503593676
246.0,1.0,1906.131,1906.6338705182698,0.502870518269674
247.0,-1.0,1906.6338705182698,1921.6280000000002,14.994129481730397
248.0,1.0,1921.628,1922.1280173077134,0.5000173077135059
249.0,-1.0,1922.1280173077134,1937.125,14.996982692286565
250.0,1.0,1937.125,1937.6255117417334,0.5005117417333622
251.0,-1.0,1937.6255117417334,1952.622,14.996488258266709
252.0,1.0,1952.622,1953.122,0.5
253.0,-1.0,1953.122,1968.1190000000001,14.997000000000071
254.0,1.0,1968.119,1968.619,0.5
255.0,-1.0,1968.619,1983.616,14.997000000000071
256.0,1.0,1983.616,1984.116,0.5
257.0,-1.0,1984.116,1999.113,14.997000000000071
258.0,1.0,1999.113,1999.6832142838227,0.5702142838226791
259.0,-1.0,1999.6832142838227,2014.6100000000001,14.926785716177392
260.0,1.0,2014.61,2015.1100008688861,0.5000008688862181
261.0,-1.0,2015.1100008688861,2030.107,14.996999131113853
262.0,1.0,2030.107,2030.609845549885,0.5028455498850235
263.0,-1.0,2030.609845549885,2045.604,14.994154450115047
264.0,1.0,2045.604,2057.8303165955604,12.22631659556032
265.0,-1.0,2057.8303165955604,2061.101,3.270683404439751
266.0,1.0,2061.101,2061.601,0.5
267.0,-1.0,2061.601,2076.598,14.996999999999844
268.0,1.0,2076.598,2077.098,0.5
269.0,-1.0,2077.098,2092.095,14.996999999999844
270.0,1.0,2092.095,2092.595,0.5
271.0,-1.0,2092.595,2107.5919999999996,14.996999999999844
272.0,1.0,2107.592,2108.092,0.5
273.0,-1.0,2108.092,2123.089,14.996999999999844
274.0,1.0,2123.089,2123.589,0.5
275.0,-1.0,2123.589,2138.586,14.996999999999844
276.0,1.0,2138.586,2139.086,0.5
277.0,-1.0,2139.086,2154.0829999999996,14.996999999999844
278.0,1.0,2154.083,2167.3616386981334,13.278638698133364
279.0,-1.0,2167.3616386981334,2169.58,2.21836130186648
280.0,1.0,2169.58,2170.0800050007897,0.5000050007897698
281.0,-1.0,2170.0800050007897,2185.0769999999998,14.996994999210074
282.0,1.0,2185.0769999999998,2185.5769999999998,0.5
283.0,-1.0,2185.5769999999998,2200.5739999999996,14.996999999999844
284.0,1.0,2200.574,2201.074,0.5
285.0,-1.0,2201.074,2216.071,14.996999999999844
286.0,1.0,2216.071,2216.571,0.5
287.0,-1.0,2216.571,2231.5679999999998,14.996999999999844
288.0,1.0,2231.568,2244.502358981368,12.93435898136795
289.0,-1.0,2244.502358981368,2247.065,2.5626410186318935
290.0,1.0,2247.065,2247.567665914751,0.5026659147511054
291.0,-1.0,2247.567665914751,2262.562,14.994334085248738
292.0,1.0,2262.562,2263.0620004128955,0.5000004128955879
293.0,-1.0,2263.0620004128955,2278.0589999999997,14.996999587104256
294.0,1.0,2278.059,2291.207539661216,13.148539661215636
295.0,-1.0,2291.207539661216,2293.556,2.348460338784207
296.0,1.0,2293.556,2306.6306347127424,13.074634712742409
297.0,-1.0,2306.6306347127424,2309.053,2.422365287257435
298.0,1.0,2309.053,2309.553,0.5
299.0,-1.0,2309.553,2324.5499999999997,14.996999999999844
300.0,1.0,2324.55,2339.547,14.996999999999844
301.0,-1.0,2339.547,2340.047,0.5
302.0,1.0,2340.047,2340.547,0.5
303.0,-1.0,2340.547,2355.544,14.996999999999844
304.0,1.0,2355.544,2368.1625389842757,12.618538984275801
305.0,-1.0,2368.1625389842757,2371.0409999999997,2.8784610157240422
306.0,1.0,2371.041,2371.5417236860194,0.5007236860192279
307.0,-1.0,2371.5417236860194,2386.538,14.996276313980616
308.0,1.0,2386.538,2387.038,0.5
309.0,-1.0,2387.038,2402.035,14.996999999999844
310.0,1.0,2402.035,2402.535001203159,0.5000012031591723
311.0,-1.0,2402.535001203159,2417.5319999999997,14.996998796840671
312.0,1.0,2417.532,2418.032,0.5
313.0,-1.0,2418.032,2433.029,14.996999999999844
314.0,1.0,2433.029,2433.529,0.5
315.0,-1.0,2433.529,2448.526,14.996999999999844
316.0,1.0,2448.526,2449.026,0.5
317.0,-1.0,2449.026,2464.0229999999997,14.996999999999844
318.0,1.0,2464.023,2476.0188005479913,11.995800547991166
319.0,-1.0,2476.0188005479913,2479.52,3.5011994520086773
320.0,1.0,2479.52,2480.020000155043,0.500000155042926
321.0,-1.0,2480.020000155043,2495.017,14.996999844956918
322.0,1.0,2495.017,2495.542455844579,0.525455844579028
323.0,-1.0,2495.542455844579,2510.5139999999997,14.971544155420816
324.0,1.0,2510.514,2511.014,0.5
325.0,-1.0,2511.014,2526.011,14.996999999999844
326.0,1.0,2526.011,2526.5110002414244,0.5000002414244591
327.0,-1.0,2526.5110002414244,2541.508,14.996999758575384
328.0,1.0,2541.508,2542.008,0.5
329.0,-1.0,2542.008,2557.0049999999997,14.996999999999844
330.0,1.0,2557.005,2557.5184629223827,0.5134629223825868
331.0,-1.0,2557.5184629223827,2572.502,14.983537077617257
332.0,1.0,2572.502,2573.002364121332,0.5003641213320407
333.0,-1.0,2573.002364121332,2587.999,14.996635878667803
334.0,1.0,2587.999,2588.499,0.5
335.0,-1.0,2588.499,2603.4959999999996,14.996999999999844
336.0,1.0,2603.496,2604.0105958528106,0.5145958528105439
337.0,-1.0,2604.0105958528106,2618.993,14.9824041471893
338.0,1.0,2618.993,2619.493,0.5
339.0,-1.0,2619.493,2634.49,14.996999999999844
340.0,1.0,2634.49,2648.571398618265,14.081398618265212
341.0,-1.0,2648.571398618265,2649.9869999999996,1.415601381734632
342.0,1.0,2649.987,2650.487,0.5
343.0,-1.0,2650.487,2665.484,14.996999999999844
344.0,1.0,2665.484,2665.9900864943857,0.5060864943857268
345.0,-1.0,2665.9900864943857,2680.9809999999998,14.990913505614117
346.0,1.0,2680.9809999999998,2681.4810123187276,0.5000123187278405
347.0,-1.0,2681.4810123187276,2696.4779999999996,14.996987681272003
348.0,1.0,2696.478,2696.9780003167043,0.500000316704245
349.0,-1.0,2696.9780003167043,2711.975,14.996999683295599
350.0,1.0,2711.975,2712.4750461197204,0.5000461197205368
351.0,-1.0,2712.4750461197204,2727.4719999999998,14.996953880279307
352.0,1.0,2727.4719999999998,2727.9719999999998,0.5
353.0,-1.0,2727.9719999999998,2742.9689999999996,14.996999999999844
354.0,1.0,2742.969,2743.469005473025,0.5000054730248849
355.0,-1.0,2743.469005473025,2758.466,14.996994526974959
356.0,1.0,2758.466,2758.966,0.5
357.0,-1.0,2758.966,2773.9629999999997,14.996999999999844
358.0,1.0,2773.963,2774.466379686533,0.5033796865327531
359.0,-1.0,2774.466379686533,2789.46,14.99362031346709
360.0,1.0,2789.46,2789.9600027458782,0.5000027458781915
361.0,-1.0,2789.9600027458782,2804.957,14.996997254121652
362.0,1.0,2804.957,2805.457,0.5
363.0,-1.0,2805.457,2820.4539999999997,14.996999999999844
364.0,1.0,2820.454,2820.954,0.5
365.0,-1.0,2820.954,2835.951,14.996999999999844
366.0,1.0,2835.951,2836.451,0.5
367.0,-1.0,2836.451,2851.448,14.996999999999844
368.0,1.0,2851.448,2851.948,0.5
369.0,-1.0,2851.948,2866.9449999999997,14.996999999999844
370.0,1.0,2866.945,2867.4450002848835,0.5000002848832992
371.0,-1.0,2867.4450002848835,2882.442,14.996999715116544
372.0,1.0,2882.442,2883.046094901278,0.6040949012781311
373.0,-1.0,2883.046094901278,2897.939,14.892905098721712
374.0,1.0,2897.939,2898.4537106698863,0.5147106698864263
375.0,-1.0,2898.4537106698863,2913.4359999999997,14.982289330113417
376.0,1.0,2913.436,2913.936,0.5
377.0,-1.0,2913.936,2928.933,14.996999999999844
378.0,1.0,2928.933,2941.635394114009,12.702394114009167
379.0,-1.0,2941.635394114009,2944.43,2.794605885990677
380.0,1.0,2944.43,2944.9916267186736,0.5616267186737787
381.0,-1.0,2944.9916267186736,2959.9269999999997,14.935373281326065
382.0,1.0,2959.927,2960.427,0.5
383.0,-1.0,2960.427,2975.424,14.996999999999844
384.0,1.0,2975.424,2987.401062367124,11.977062367123835
385.0,-1.0,2987.401062367124,2990.921,3.519937632876008
386.0,1.0,2990.921,2991.57955014909,0.658550149090388
387.0,-1.0,2991.57955014909,3006.4179999999997,14.838449850909456
388.0,1.0,3006.418,3006.922358972295,0.5043589722949946
389.0,-1.0,3006.922358972295,3021.915,14.992641027704849
390.0,1.0,3021.915,3022.415000081347,0.5000000813470251
391.0,-1.0,3022.415000081347,3037.412,14.996999918652818
392.0,1.0,3037.412,3037.912,0.5
393.0,-1.0,3037.912,3052.9089999999997,14.996999999999844
394.0,1.0,3052.909,3053.4091926385813,0.5001926385812112
395.0,-1.0,3053.4091926385813,3068.406,14.996807361418632
396.0,1.0,3068.406,3068.906,0.5
397.0,-1.0,3068.906,3083.903,14.996999999999844
398.0,1.0,3083.903,3084.403,0.5
399.0,-1.0,3084.403,3099.3999999999996,14.996999999999844
400.0,1.0,3099.4,3099.9,0.5
401.0,-1.0,3099.9,3114.897,14.996999999999844
402.0,1.0,3114.897,3115.397,0.5
403.0,-1.0,3115.397,3130.394,14.996999999999844
404.0,1.0,3130.394,3130.894,0.5
405.0,-1.0,3130.894,3145.8909999999996,14.996999999999844
406.0,1.0,3145.891,3146.391,0.5
407.0,-1.0,3146.391,3161.388,14.996999999999844
408.0,1.0,3161.388,3161.888000038105,0.5000000381050995
409.0,-1.0,3161.888000038105,3176.8849999999998,14.996999961894744
410.0,1.0,3176.8849999999998,3177.3849999999998,0.5
411.0,-1.0,3177.3849999999998,3192.3819999999996,14.996999999999844
412.0,1.0,3192.382,3192.8820003868873,0.5000003868872227
413.0,-1.0,3192.8820003868873,3207.879,14.99699961311262
414.0,1.0,3207.879,3208.379,0.5
415.0,-1.0,3208.379,3223.3759999999997,14.996999999999844
416.0,1.0,3223.376,3223.876,0.5
417.0,-1.0,3223.876,3238.873,14.996999999999844
418.0,1.0,3238.873,3239.373005094264,0.5000050942639973
419.0,-1.0,3239.373005094264,3254.37,14.996994905735846
420.0,1.0,3254.37,3267.3990251588307,13.029025158830791
421.0,-1.0,3267.3990251588307,3269.8669999999997,2.4679748411690525
422.0,1.0,3269.867,3270.367,0.5
423.0,-1.0,3270.367,3285.364,14.996999999999844
424.0,1.0,3285.364,3300.361,14.996999999999844
425.0,-1.0,3300.361,3300.861,0.5
426.0,1.0,3300.861,3301.5821080460005,0.7211080460006087
427.0,-1.0,3301.5821080460005,3316.3579999999997,14.775891953999235
428.0,1.0,3316.358,3316.858,0.5
429.0,-1.0,3316.858,3331.855,14.996999999999844
430.0,1.0,3331.855,3332.355,0.5
431.0,-1.0,3332.355,3347.352,14.996999999999844
432.0,1.0,3347.352,3347.852,0.5
433.0,-1.0,3347.852,3362.8489999999997,14.996999999999844
434.0,1.0,3362.849,3363.3557149556655,0.5067149556653021
435.0,-1.0,3363.3557149556655,3378.346,14.990285044334541
436.0,1.0,3378.346,3379.1817517047166,0.8357517047165857
437.0,-1.0,3379.1817517047166,3393.843,14.661248295283258
438.0,1.0,3393.843,3394.343,0.5
439.0,-1.0,3394.343,3409.3399999999997,14.996999999999844
440.0,1.0,3409.34,3409.84,0.5
441.0,-1.0,3409.84,3424.837,14.996999999999844
442.0,1.0,3424.837,3425.337283942251,0.5002839422509169
443.0,-1.0,3425.337283942251,3440.334,14.996716057748927
444.0,1.0,3440.334,3440.834,0.5
445.0,-1.0,3440.834,3455.8309999999997,14.996999999999844
446.0,1.0,3455.831,3456.331,0.5
447.0,-1.0,3456.331,3471.328,14.996999999999844
448.0,1.0,3471.328,3471.828,0.5
449.0,-1.0,3471.828,3486.825,14.996999999999844
450.0,1.0,3486.825,3487.4869845189946,0.6619845189948137
451.0,-1.0,3487.4869845189946,3502.3219999999997,14.83501548100503
452.0,1.0,3502.322,3502.822000473888,0.5000004738876669
453.0,-1.0,3502.822000473888,3517.819,14.996999526112177
454.0,1.0,3517.819,3518.319000751974,0.5000007519738574
455.0,-1.0,3518.319000751974,3533.316,14.996999248025986
456.0,1.0,3533.316,3533.816,0.5
457.0,-1.0,3533.816,3548.8129999999996,14.996999999999844
458.0,1.0,3548.813,3549.313,0.5
459.0,-1.0,3549.313,3564.31,14.996999999999844
460.0,1.0,3564.31,3577.5747870571613,13.264787057161357
461.0,-1.0,3577.5747870571613,3579.807,2.232212942838487
462.0,1.0,3579.807,3591.8646645403755,12.057664540375754
463.0,-1.0,3591.8646645403755,3595.3039999999996,3.4393354596240897
464.0,1.0,3595.304,3595.804,0.5
465.0,-1.0,3595.804,3610.801,14.996999999999844
466.0,1.0,3610.801,3611.301,0.5
467.0,-1.0,3611.301,3626.298,14.996999999999844
468.0,1.0,3626.298,3626.798,0.5
469.0,-1.0,3626.798,3641.7949999999996,14.996999999999844
470.0,1.0,3641.795,3655.249201037632,13.45420103763172
471.0,-1.0,3655.249201037632,3657.292,2.042798962368124
472.0,1.0,3657.292,3657.792,0.5
473.0,-1.0,3657.792,3672.7889999999998,14.996999999999844
474.0,1.0,3672.7889999999998,3673.2889999999998,0.5
475.0,-1.0,3673.2889999999998,3688.2859999999996,14.996999999999844
476.0,1.0,3688.286,3688.786319445628,0.5003194456280653
477.0,-1.0,3688.786319445628,3703.783,14.996680554371778
478.0,1.0,3703.783,3704.283,0.5
479.0,-1.0,3704.283,3719.2799999999997,14.996999999999844
480.0,1.0,3719.2799999999997,3719.959498554629,0.6794985546293901
481.0,-1.0,3719.959498554629,3734.7769999999996,14.817501445370453
482.0,1.0,3734.777,3735.277,0.5
483.0,-1.0,3735.277,3750.274,14.996999999999844
484.0,1.0,3750.274,3750.774,0.5
485.0,-1.0,3750.774,3765.7709999999997,14.996999999999844
486.0,1.0,3765.771,3766.271,0.5
487.0,-1.0,3766.271,3781.268,14.996999999999844
488.0,1.0,3781.268,3795.774482955029,14.506482955028787
489.0,-1.0,3795.774482955029,3796.765,0.9905170449710567
490.0,1.0,3796.765,3797.265,0.5
491.0,-1.0,3797.265,3812.2619999999997,14.996999999999844
492.0,1.0,3812.262,3812.773297437104,0.5112974371036216
493.0,-1.0,3812.773297437104,3827.759,14.985702562896222
494.0,1.0,3827.759,3828.2590438780753,0.5000438780753029
495.0,-1.0,3828.2590438780753,3843.256,14.99695612192454
496.0,1.0,3843.256,3843.756,0.5
497.0,-1.0,3843.756,3858.7529999999997,14.996999999999844
498.0,1.0,3858.753,3859.253,0.5
499.0,-1.0,3859.253,3874.25,14.996999999999844
500.0,1.0,3874.25,3874.7522315867664,0.5022315867663565
501.0,-1.0,3874.7522315867664,3889.747,14.994768413233487
502.0,1.0,3889.747,3890.247,0.5
503.0,-1.0,3890.247,3905.2439999999997,14.996999999999844
504.0,1.0,3905.244,3905.7444855228,0.5004855227998632
505.0,-1.0,3905.7444855228,3920.741,14.99651447719998
506.0,1.0,3920.741,3921.3415565560376,0.6005565560376454
507.0,-1.0,3921.3415565560376,3936.238,14.896443443962198
508.0,1.0,3936.238,3936.738,0.5
509.0,-1.0,3936.738,3951.7349999999997,14.996999999999844
510.0,1.0,3951.735,3952.235,0.5
511.0,-1.0,3952.235,3967.232,14.996999999999844
512.0,1.0,3967.232,3967.732,0.5
513.0,-1.0,3967.732,3982.729,14.996999999999844
514.0,1.0,3982.729,3983.229,0.5
515.0,-1.0,3983.229,3998.2259999999997,14.996999999999844
516.0,1.0,3998.226,3998.726,0.5
517.0,-1.0,3998.726,4013.723,14.996999999999844
518.0,1.0,4013.723,4014.45273175067,0.7297317506699983
519.0,-1.0,4014.45273175067,4029.22,14.767268249329845
520.0,1.0,4029.22,4029.7200004489514,0.5000004489515959
521.0,-1.0,4029.7200004489514,4044.7169999999996,14.996999551048248
522.0,1.0,4044.717,4045.217,0.5
523.0,-1.0,4045.217,4060.214,14.996999999999844
524.0,1.0,4060.214,4060.714,0.5
525.0,-1.0,4060.714,4075.711,14.996999999999844
526.0,1.0,4075.711,4087.0757361432115,11.364736143211758
527.0,-1.0,4087.0757361432115,4091.2079999999996,4.132263856788086
528.0,1.0,4091.208,4091.711373553065,0.5033735530651029
529.0,-1.0,4091.711373553065,4106.705,14.99362644693474
530.0,1.0,4106.705,4107.308616479812,0.6036164798124446
531.0,-1.0,4107.308616479812,4122.202,14.893383520187854
532.0,1.0,4122.202,4122.702,0.5
533.0,-1.0,4122.702,4137.6990000000005,14.997000000000298
534.0,1.0,4137.699,4138.686319442941,0.9873194429410432
535.0,-1.0,4138.686319442941,4153.196,14.509680557059255
536.0,1.0,4153.196,4153.696,0.5
537.0,-1.0,4153.696,4168.693,14.997000000000298
538.0,1.0,4168.693,4169.193032152288,0.5000321522875311
539.0,-1.0,4169.193032152288,4184.1900000000005,14.996967847712767
540.0,1.0,4184.19,4184.690075433077,0.5000754330776545
541.0,-1.0,4184.690075433077,4199.687,14.996924566922644
542.0,1.0,4199.687,4200.187,0.5
543.0,-1.0,4200.187,4215.184,14.997000000000298
544.0,1.0,4215.184,4215.854517734592,0.6705177345920674
545.0,-1.0,4215.854517734592,4230.6810000000005,14.82648226540823
546.0,1.0,4230.681,4232.7814193295535,2.1004193295539153
547.0,-1.0,4232.7814193295535,4246.178,13.396580670446383
548.0,1.0,4246.178,4260.9594011336485,14.781401133648615
549.0,-1.0,4260.9594011336485,4261.675,0.7155988663516837
550.0,1.0,4261.675,4262.175,0.5
551.0,-1.0,4262.175,4277.1720000000005,14.997000000000298
552.0,1.0,4277.172,4277.672,0.5
553.0,-1.0,4277.672,4292.669,14.997000000000298
554.0,1.0,4292.669,4293.169000000154,0.5000000001537046
555.0,-1.0,4293.169000000154,4308.166,14.996999999846594
556.0,1.0,4308.166,4308.666,0.5
557.0,-1.0,4308.666,4323.6630000000005,14.997000000000298
558.0,1.0,4323.663,4324.163000000055,0.5000000000554792
559.0,-1.0,4324.163000000055,4339.16,14.99699999994482
560.0,1.0,4339.16,4339.661362565145,0.5013625651454277
561.0,-1.0,4339.661362565145,4354.657,14.99563743485487
562.0,1.0,4354.657,4355.5498471034825,0.8928471034823815
563.0,-1.0,4355.5498471034825,4370.154,14.604152896517917
564.0,1.0,4370.1539999999995,4370.6539999999995,0.5
565.0,-1.0,4370.6539999999995,4385.651,14.997000000000298
566.0,1.0,4385.651,4386.1574969536605,0.5064969536606441
567.0,-1.0,4386.1574969536605,4401.148,14.990503046339654
568.0,1.0,4401.148,4409.98462806437,8.836628064369506
569.0,-1.0,4409.98462806437,4416.645,6.660371935630792
570.0,1.0,4416.6449999999995,4417.709574237907,1.0645742379074363
571.0,-1.0,4417.709574237907,4432.142,14.432425762092862
572.0,1.0,4432.142,4432.642,0.5
573.0,-1.0,4432.642,4447.639,14.997000000000298
574.0,1.0,4447.639,4449.441493009443,1.8024930094425144
575.0,-1.0,4449.441493009443,4463.136,13.694506990557784
576.0,1.0,4463.136,4463.725499562186,0.5894995621856651
577.0,-1.0,4463.725499562186,4478.633000000001,14.907500437814633
578.0,1.0,4478.633,4487.529190210957,8.896190210956775
579.0,-1.0,4487.529190210957,4494.13,6.600809789043524
580.0,1.0,4494.13,4494.860416626362,0.7304166263620573
581.0,-1.0,4494.860416626362,4509.627,14.766583373638241
582.0,1.0,4509.627,4510.127,0.5
583.0,-1.0,4510.127,4525.124000000001,14.997000000000298
584.0,1.0,4525.124,4525.6240000186335,0.5000000186337274
585.0,-1.0,4525.6240000186335,4540.621,14.99699998136657
586.0,1.0,4540.621,4541.121,0.5
587.0,-1.0,4541.121,4556.118,14.997000000000298
588.0,1.0,4556.118,4571.097334156162,14.979334156161713
589.0,-1.0,4571.097334156162,4571.615000000001,0.5176658438385857
590.0,1.0,4571.615,4572.115,0.5
591.0,-1.0,4572.115,4587.112,14.997000000000298
592.0,1.0,4587.112,4587.6132082739305,0.5012082739303878
593.0,-1.0,4587.6132082739305,4602.609,14.99579172606991
594.0,1.0,4602.609,4615.728284968864,13.119284968863212
595.0,-1.0,4615.728284968864,4618.106000000001,2.377715031137086
596.0,1.0,4618.106,4618.756394587552,0.6503945875520003
597.0,-1.0,4618.756394587552,4633.603,14.846605412448298
598.0,1.0,4633.603,4634.103001619461,0.5000016194608179
599.0,-1.0,4634.103001619461,4649.1,14.99699838053948
600.0,1.0,4649.1,4662.286108999947,13.186108999946555
601.0,-1.0,4662.286108999947,4664.597000000001,2.3108910000537435
602.0,1.0,4664.597,4665.098378914581,0.5013789145814371
603.0,-1.0,4665.098378914581,4680.094,14.995621085418861
604.0,1.0,4680.094,4680.90406100495,0.8100610049496026
605.0,-1.0,4680.90406100495,4695.591,14.686938995050696
606.0,1.0,4695.591,4696.091,0.5
607.0,-1.0,4696.091,4711.088000000001,14.997000000000298
608.0,1.0,4711.088,4711.588000000888,0.5000000008885763
609.0,-1.0,4711.588000000888,4726.585,14.996999999111722
610.0,1.0,4726.585,4727.085,0.5
611.0,-1.0,4727.085,4742.082,14.997000000000298
612.0,1.0,4742.082,4755.892292143894,13.810292143894003
613.0,-1.0,4755.892292143894,4757.579000000001,1.6867078561062954
614.0,1.0,4757.579,4758.079,0.5
615.0,-1.0,4758.079,4773.076,14.997000000000298
616.0,1.0,4773.076,4773.576951787753,0.5009517877533654
617.0,-1.0,4773.576951787753,4788.573,14.996048212246933
618.0,1.0,4788.573,4789.073,0.5
619.0,-1.0,4789.073,4804.070000000001,14.997000000000298
620.0,1.0,4804.07,4819.067,14.997000000000298
621.0,-1.0,4819.067,4819.567,0.5
622.0,1.0,4819.567,4821.194089480356,1.6270894803556075
623.0,-1.0,4821.194089480356,4835.064,13.86991051964469
624.0,1.0,4835.064,4835.568701848957,0.5047018489567563
625.0,-1.0,4835.568701848957,4850.561000000001,14.992298151043542
626.0,1.0,4850.561,4851.063467933341,0.5024679333409949
627.0,-1.0,4851.063467933341,4866.058,14.994532066659303
628.0,1.0,4866.058,4866.558,0.5
629.0,-1.0,4866.558,4881.555,14.997000000000298
630.0,1.0,4881.555,4892.558895774599,11.003895774598277
631.0,-1.0,4892.558895774599,4897.052000000001,4.493104225402021
632.0,1.0,4897.052,4897.552,0.5
633.0,-1.0,4897.552,4912.549,14.997000000000298
634.0,1.0,4912.549,4913.0490001095395,0.5000001095395419
635.0,-1.0,4913.0490001095395,4928.046,14.996999890460756
636.0,1.0,4928.046,4931.261510498916,3.2155104989160463
637.0,-1.0,4931.261510498916,4943.543000000001,12.281489501084252
638.0,1.0,4943.543,4944.043112551233,0.500112551233542
639.0,-1.0,4944.043112551233,4959.04,14.996887448766756
640.0,1.0,4959.04,4959.54,0.5
641.0,-1.0,4959.54,4974.537,14.997000000000298
642.0,1.0,4974.537,4977.21103840704,2.674038407039916
643.0,-1.0,4977.21103840704,4990.034000000001,12.822961592960382
644.0,1.0,4990.034,4990.534002549367,0.5000025493673093
645.0,-1.0,4990.534002549367,5005.531,14.996997450632989
646.0,1.0,5005.531,5006.031,0.5
647.0,-1.0,5006.031,5021.028,14.997000000000298
648.0,1.0,5021.028,5021.528,0.5
649.0,-1.0,5021.528,5036.525000000001,14.997000000000298
650.0,1.0,5036.525,5037.02503098441,0.500030984409932
651.0,-1.0,5037.02503098441,5052.022,14.996969015590366
652.0,1.0,5052.022,5052.522,0.5
653.0,-1.0,5052.522,5067.519,14.997000000000298
654.0,1.0,5067.519,5068.019,0.5
655.0,-1.0,5068.019,5083.0160000000005,14.997000000000298
656.0,1.0,5083.016,5083.516392846426,0.500392846426621
657.0,-1.0,5083.516392846426,5098.513,14.996607153573677
658.0,1.0,5098.513,5100.567056925935,2.054056925934674
659.0,-1.0,5100.567056925935,5114.01,13.442943074065624
660.0,1.0,5114.01,5114.51,0.5
661.0,-1.0,5114.51,5129.5070000000005,14.997000000000298
662.0,1.0,5129.507,5130.00700131169,0.5000013116905393
663.0,-1.0,5130.00700131169,5145.004,14.996998688309759
664.0,1.0,5145.004,5145.504626781638,0.5006267816379477
665.0,-1.0,5145.504626781638,5160.501,14.99637321836235
666.0,1.0,5160.501,5161.147160266802,0.6461602668014166
667.0,-1.0,5161.147160266802,5175.9980000000005,14.850839733198882
668.0,1.0,5175.998,5176.498,0.5
669.0,-1.0,5176.498,5191.495,14.997000000000298
670.0,1.0,5191.495,5204.05364821603,12.558648216029724
671.0,-1.0,5204.05364821603,5206.992,2.9383517839705746
672.0,1.0,5206.992,5207.492000147613,0.5000001476128091
673.0,-1.0,5207.492000147613,5222.4890000000005,14.99699985238749
674.0,1.0,5222.489,5222.9890839168165,0.5000839168169477
675.0,-1.0,5222.9890839168165,5237.986,14.99691608318335
676.0,1.0,5237.986,5238.486,0.5
677.0,-1.0,5238.486,5253.483,14.997000000000298
678.0,1.0,5253.483,5253.983,0.5
679.0,-1.0,5253.983,5268.9800000000005,14.997000000000298
680.0,1.0,5268.98,5280.115019241708,11.135019241708505
681.0,-1.0,5280.115019241708,5284.477,4.361980758291793
682.0,1.0,5284.477,5284.978774414782,0.5017744147817211
683.0,-1.0,5284.978774414782,5299.974,14.995225585218577
684.0,1.0,5299.974,5310.484780950949,10.510780950949083
685.0,-1.0,5310.484780950949,5315.4710000000005,4.986219049051215
686.0,1.0,5315.471,5316.289826524532,0.8188265245325965
687.0,-1.0,5316.289826524532,5330.968,14.678173475467702
688.0,1.0,5330.968,5331.472263539992,0.5042635399922801
689.0,-1.0,5331.472263539992,5346.465,14.992736460008018
690.0,1.0,5346.465,5346.965,0.5
691.0,-1.0,5346.965,5361.962,14.997000000000298
692.0,1.0,5361.9619999999995,5373.438028565617,11.476028565617526
693.0,-1.0,5373.438028565617,5377.459,4.020971434382773
694.0,1.0,5377.459,5377.959128577297,0.5001285772968913
695.0,-1.0,5377.959128577297,5392.956,14.996871422703407
696.0,1.0,5392.956,5393.456,0.5
697.0,-1.0,5393.456,5408.453,14.997000000000298
698.0,1.0,5408.4529999999995,5408.9529999999995,0.5
699.0,-1.0,5408.9529999999995,5423.95,14.997000000000298
700.0,1.0,5423.95,5438.947,14.997000000000298
701.0,-1.0,5438.947,5439.447,0.5
702.0,1.0,5439.447,5439.947,0.5
703.0,-1.0,5439.947,5454.944,14.997000000000298
704.0,1.0,5454.9439999999995,5455.4439999999995,0.5
705.0,-1.0,5455.4439999999995,5470.441,14.997000000000298
706.0,1.0,5470.441,5470.941,0.5
707.0,-1.0,5470.941,5485.938,14.997000000000298
708.0,1.0,5485.938,5500.906623253607,14.968623253606893
709.0,-1.0,5500.906623253607,5501.435,0.5283767463934055
710.0,1.0,5501.435,5501.935,0.5
711.0,-1.0,5501.935,5516.932000000001,14.997000000000298
712.0,1.0,5516.932,5517.432,0.5
713.0,-1.0,5517.432,5532.429,14.997000000000298
714.0,1.0,5532.429,5532.947071005732,0.5180710057320539
715.0,-1.0,5532.947071005732,5547.926,14.978928994268244
716.0,1.0,5547.926,5549.968394313779,2.042394313778459
717.0,-1.0,5549.968394313779,5563.423000000001,13.45460568622184
718.0,1.0,5563.423,5563.923,0.5
719.0,-1.0,5563.923,5578.92,14.997000000000298
720.0,1.0,5578.92,5579.435577624709,0.5155776247092945
721.0,-1.0,5579.435577624709,5594.417,14.981422375291004
722.0,1.0,5594.417,5595.11465369608,0.6976536960792146
723.0,-1.0,5595.11465369608,5609.914000000001,14.799346303921084
724.0,1.0,5609.914,5610.414999811355,0.5009998113555412
725.0,-1.0,5610.414999811355,5625.411,14.996000188644757
726.0,1.0,5625.411,5626.007221173107,0.5962211731066418
727.0,-1.0,5626.007221173107,5640.908,14.900778826893657
728.0,1.0,5640.908,5641.408,0.5
729.0,-1.0,5641.408,5656.405000000001,14.997000000000298
730.0,1.0,5656.405,5656.969902145018,0.5649021450180953
731.0,-1.0,5656.969902145018,5671.902,14.932097854982203
732.0,1.0,5671.902,5672.402010016284,0.50001001628425
733.0,-1.0,5672.402010016284,5687.399,14.996989983716048
734.0,1.0,5687.399,5687.899,0.5
735.0,-1.0,5687.899,5702.896000000001,14.997000000000298
736.0,1.0,5702.896,5703.39722277946,0.5012227794604769
737.0,-1.0,5703.39722277946,5718.393,14.995777220539821
738.0,1.0,5718.393,5719.000989967907,0.6079899679070877
739.0,-1.0,5719.000989967907,5733.89,14.88901003209321
740.0,1.0,5733.89,5734.571852402585,0.6818524025848092
741.0,-1.0,5734.571852402585,5749.387000000001,14.81514759741549
742.0,1.0,5749.387,5749.887000110948,0.5000001109483492
743.0,-1.0,5749.887000110948,5764.884,14.99699988905195
744.0,1.0,5764.884,5778.086038416313,13.202038416313371
745.0,-1.0,5778.086038416313,5780.381,2.294961583686927
746.0,1.0,5780.381,5788.845160509425,8.4641605094248
747.0,-1.0,5788.845160509425,5795.878000000001,7.032839490575498
748.0,1.0,5795.878,5796.378,0.5
749.0,-1.0,5796.378,5811.375,14.997000000000298
750.0,1.0,5811.375,5811.899824264337,0.5248242643374397
751.0,-1.0,5811.899824264337,5826.872,14.972175735662859
752.0,1.0,5826.872,5827.372,0.5
753.0,-1.0,5827.372,5842.369000000001,14.997000000000298
754.0,1.0,5842.369,5843.0052460511615,0.6362460511618337
755.0,-1.0,5843.0052460511615,5857.866,14.860753948838465
756.0,1.0,5857.866,5860.909239230786,3.04323923078573
757.0,-1.0,5860.909239230786,5873.363,12.453760769214568
758.0,1.0,5873.363,5873.863,0.5
759.0,-1.0,5873.863,5888.860000000001,14.997000000000298
760.0,1.0,5888.86,5889.366349178784,0.5063491787841485
761.0,-1.0,5889.366349178784,5904.357,14.99065082121615
762.0,1.0,5904.357,5906.645802834748,2.288802834747912
763.0,-1.0,5906.645802834748,5919.854,13.208197165252386
764.0,1.0,5919.854,5920.359643475141,0.5056434751404595
765.0,-1.0,5920.359643475141,5935.351000000001,14.991356524859839
766.0,1.0,5935.351,5935.851000037116,0.5000000371164788
767.0,-1.0,5935.851000037116,5950.848,14.99699996288382
768.0,1.0,5950.848,5955.733248359826,4.8852483598257095
769.0,-1.0,5955.733248359826,5966.345,10.611751640174589
770.0,1.0,5966.345,5966.845,0.5
771.0,-1.0,5966.845,5981.842000000001,14.997000000000298
772.0,1.0,5981.842,5982.342004760747,0.500004760747288
773.0,-1.0,5982.342004760747,5997.339,14.99699523925301
774.0,1.0,5997.339,5997.845341194194,0.5063411941937375
775.0,-1.0,5997.845341194194,6012.836,14.99065880580656
776.0,1.0,6012.836,6013.336,0.5
777.0,-1.0,6013.336,6028.3330000000005,14.997000000000298
778.0,1.0,6028.333,6028.833,0.5
779.0,-1.0,6028.833,6043.83,14.997000000000298
780.0,1.0,6043.83,6046.946346344612,3.116346344611884
781.0,-1.0,6046.946346344612,6059.327,12.380653655388414
782.0,1.0,6059.327,6059.827,0.5
783.0,-1.0,6059.827,6074.8240000000005,14.997000000000298
784.0,1.0,6074.824,6075.324,0.5
785.0,-1.0,6075.324,6090.321,14.997000000000298
786.0,1.0,6090.321,6090.821,0.5
787.0,-1.0,6090.821,6105.818,14.997000000000298
788.0,1.0,6105.818,6107.318647727564,1.5006477275637735
789.0,-1.0,6107.318647727564,6121.3150000000005,13.996352272436525
790.0,1.0,6121.315,6124.6052699839975,3.2902699839978595
791.0,-1.0,6124.6052699839975,6136.812,12.206730016002439
792.0,1.0,6136.812,6137.970071751025,1.1580717510250906
793.0,-1.0,6137.970071751025,6152.309,14.338928248975208
794.0,1.0,6152.309,6152.810850432958,0.5018504329582356
795.0,-1.0,6152.810850432958,6167.8060000000005,14.995149567042063
796.0,1.0,6167.806,6168.306,0.5
797.0,-1.0,6168.306,6183.303,14.997000000000298
798.0,1.0,6183.303,6183.803154063446,0.5001540634457342
799.0,-1.0,6183.803154063446,6198.8,14.996845936554564
800.0,1.0,6198.8,6199.301823367994,0.501823367993893
801.0,-1.0,6199.301823367994,6214.2970000000005,14.995176632006405
802.0,1.0,6214.297,6227.122717261051,12.825717261051068
803.0,-1.0,6227.122717261051,6229.794,2.6712827389492304
804.0,1.0,6229.794,6230.343554896061,0.5495548960607266
805.0,-1.0,6230.343554896061,6245.291,14.947445103939572
806.0,1.0,6245.291,6247.338838609691,2.047838609691098
807.0,-1.0,6247.338838609691,6260.7880000000005,13.4491613903092
808.0,1.0,6260.788,6261.288,0.5
809.0,-1.0,6261.288,6276.285,14.997000000000298
810.0,1.0,6276.285,6276.785,0.5
811.0,-1.0,6276.785,6291.782,14.997000000000298
812.0,1.0,6291.782,6292.2820000061765,0.5000000061763785
813.0,-1.0,6292.2820000061765,6307.279,14.99699999382392
814.0,1.0,6307.2789999999995,6307.7789999999995,0.5
815.0,-1.0,6307.7789999999995,6322.776,14.997000000000298
816.0,1.0,6322.776,6323.276,0.5
817.0,-1.0,6323.276,6338.273,14.997000000000298
818.0,1.0,6338.273,6338.773,0.5
819.0,-1.0,6338.773,6353.77,14.997000000000298
820.0,1.0,6353.7699999999995,6368.656870744432,14.8868707444326
821.0,-1.0,6368.656870744432,6369.267,0.6101292555676991
822.0,1.0,6369.267,6372.632771177002,3.3657711770019887
823.0,-1.0,6372.632771177002,6384.764,12.13122882299831
824.0,1.0,6384.764,6385.264,0.5
825.0,-1.0,6385.264,6400.261,14.997000000000298
826.0,1.0,6400.2609999999995,6400.8345581985905,0.5735581985909448
827.0,-1.0,6400.8345581985905,6415.758,14.923441801409354
828.0,1.0,6415.758,6421.104815421547,5.346815421547035
829.0,-1.0,6421.104815421547,6431.255,10.150184578453263
830.0,1.0,6431.255,6435.904129679096,4.649129679095495
831.0,-1.0,6435.904129679096,6446.752,10.847870320904804
832.0,1.0,6446.752,6447.546464119779,0.7944641197782403
833.0,-1.0,6447.546464119779,6462.249000000001,14.702535880222058
834.0,1.0,6462.249,6462.749,0.5
835.0,-1.0,6462.749,6477.746,14.997000000000298
836.0,1.0,6477.746,6478.246,0.5
837.0,-1.0,6478.246,6493.243,14.997000000000298
838.0,1.0,6493.243,6493.743,0.5
839.0,-1.0,6493.743,6508.740000000001,14.997000000000298
840.0,1.0,6508.74,6509.502701718842,0.7627017188424361
841.0,-1.0,6509.502701718842,6524.237,14.734298281157862
842.0,1.0,6524.237,6524.737,0.5
843.0,-1.0,6524.737,6539.734,14.997000000000298
844.0,1.0,6539.734,6553.050619186086,13.316619186085518
845.0,-1.0,6553.050619186086,6555.231000000001,2.1803808139147804
846.0,1.0,6555.231,6555.816927685071,0.5859276850715105
847.0,-1.0,6555.816927685071,6570.728,14.911072314928788
848.0,1.0,6570.728,6571.228,0.5
849.0,-1.0,6571.228,6586.225,14.997000000000298
850.0,1.0,6586.225,6586.806042944669,0.5810429446682974
851.0,-1.0,6586.806042944669,6601.722000000001,14.915957055332001
852.0,1.0,6601.722,6602.222,0.5
853.0,-1.0,6602.222,6617.219,14.997000000000298
854.0,1.0,6617.219,6617.719000151751,0.50000015175101
855.0,-1.0,6617.719000151751,6632.716,14.996999848249288
856.0,1.0,6632.716,6636.876446983443,4.160446983442853
857.0,-1.0,6636.876446983443,6648.213000000001,11.336553016557446
858.0,1.0,6648.213,6651.387593883963,3.174593883963098
859.0,-1.0,6651.387593883963,6663.71,12.3224061160372
860.0,1.0,6663.71,6664.21,0.5
861.0,-1.0,6664.21,6679.207,14.997000000000298
862.0,1.0,6679.207,6679.707,0.5
863.0,-1.0,6679.707,6694.704000000001,14.997000000000298
864.0,1.0,6694.704,6695.204002923016,0.5000029230159271
865.0,-1.0,6695.204002923016,6710.201,14.996997076984371
866.0,1.0,6710.201,6710.701,0.5
867.0,-1.0,6710.701,6725.698,14.997000000000298
868.0,1.0,6725.698,6726.198,0.5
869.0,-1.0,6726.198,6741.195000000001,14.997000000000298
870.0,1.0,6741.195,6741.695,0.5
871.0,-1.0,6741.695,6756.692,14.997000000000298
872.0,1.0,6756.692,6757.192,0.5
873.0,-1.0,6757.192,6772.189,14.997000000000298
874.0,1.0,6772.189,6782.6410342143145,10.452034214314153
875.0,-1.0,6782.6410342143145,6787.686000000001,5.044965785686145
876.0,1.0,6787.686,6788.186,0.5
877.0,-1.0,6788.186,6803.183,14.997000000000298
878.0,1.0,6803.183,6808.97277059259,5.789770592589775
879.0,-1.0,6808.97277059259,6818.68,9.707229407410523
880.0,1.0,6818.68,6820.901340003079,2.2213400030786943
881.0,-1.0,6820.901340003079,6834.177000000001,13.275659996921604
882.0,1.0,6834.177,6834.683584708543,0.5065847085434143
883.0,-1.0,6834.683584708543,6849.674,14.990415291456884
884.0,1.0,6849.674,6850.174000003684,0.500000003684363
885.0,-1.0,6850.174000003684,6865.171,14.996999996315935
886.0,1.0,6865.171,6880.16795772786,14.996957727859808
887.0,-1.0,6880.16795772786,6880.668000000001,0.5000422721404902
888.0,1.0,6880.668,6881.168,0.5
889.0,-1.0,6881.168,6896.165,14.997000000000298
890.0,1.0,6896.165,6896.665000405219,0.5000004052189979
891.0,-1.0,6896.665000405219,6911.662,14.9969995947813
892.0,1.0,6911.662,6912.162,0.5
893.0,-1.0,6912.162,6927.159000000001,14.997000000000298
894.0,1.0,6927.159,6927.659139090627,0.5001390906272718
895.0,-1.0,6927.659139090627,6942.656,14.996860909373027
896.0,1.0,6942.656,6957.6529513886535,14.996951388653542
897.0,-1.0,6957.6529513886535,6958.153,0.5000486113467559
898.0,1.0,6958.153,6959.314259823343,1.1612598233423341
899.0,-1.0,6959.314259823343,6973.650000000001,14.335740176657964
900.0,1.0,6973.65,6974.274276566884,0.6242765668839638
901.0,-1.0,6974.274276566884,6989.147,14.872723433116334
902.0,1.0,6989.147,6989.792826596995,0.6458265969949935
903.0,-1.0,6989.792826596995,7004.644,14.851173403005305
904.0,1.0,7004.644,7010.063690880834,5.419690880833514
905.0,-1.0,7010.063690880834,7020.1410000000005,10.077309119166785
906.0,1.0,7020.141,7025.667384660153,5.526384660153781
907.0,-1.0,7025.667384660153,7035.638,9.970615339846518
908.0,1.0,7035.638,7038.178357459227,2.54035745922738
909.0,-1.0,7038.178357459227,7051.135,12.956642540772918
910.0,1.0,7051.135,7055.346201784886,4.211201784885816
911.0,-1.0,7055.346201784886,7066.6320000000005,11.285798215114482
912.0,1.0,7066.632,7067.160871238461,0.5288712384617611
913.0,-1.0,7067.160871238461,7082.129,14.968128761538537
914.0,1.0,7082.129,7096.498568119992,14.369568119992437
915.0,-1.0,7096.498568119992,7097.626,1.1274318800078618
916.0,1.0,7097.626,7107.134053462562,9.508053462562202
917.0,-1.0,7107.134053462562,7113.1230000000005,5.988946537438096
918.0,1.0,7113.123,7113.6349301287455,0.5119301287459166
919.0,-1.0,7113.6349301287455,7128.62,14.985069871254382
920.0,1.0,7128.62,7129.120068493253,0.5000684932529111
921.0,-1.0,7129.120068493253,7144.117,14.996931506747387
922.0,1.0,7144.117,7144.617,0.5
923.0,-1.0,7144.617,7159.6140000000005,14.997000000000298
924.0,1.0,7159.614,7166.081946217038,6.467946217038843
925.0,-1.0,7166.081946217038,7175.111,9.029053782961455
926.0,1.0,7175.111,7189.362383000004,14.251383000004353
927.0,-1.0,7189.362383000004,7190.608,1.2456169999959457
928.0,1.0,7190.608,7197.138005416478,6.530005416478161
929.0,-1.0,7197.138005416478,7206.1050000000005,8.966994583522137
930.0,1.0,7206.105,7212.108691073122,6.003691073122354
931.0,-1.0,7212.108691073122,7221.602,9.493308926877944
932.0,1.0,7221.602,7222.102,0.5
933.0,-1.0,7222.102,7237.099,14.997000000000298
934.0,1.0,7237.099,7237.764814473887,0.6658144738867122
935.0,-1.0,7237.764814473887,7252.5960000000005,14.831185526113586
936.0,1.0,7252.596,7253.298818443262,0.7028184432620037
937.0,-1.0,7253.298818443262,7268.093,14.794181556738295
938.0,1.0,7268.093,7268.593,0.5
939.0,-1.0,7268.593,7283.59,14.997000000000298
940.0,1.0,7283.59,7284.09,0.5
941.0,-1.0,7284.09,7299.087,14.997000000000298
942.0,1.0,7299.0869999999995,7307.055127234314,7.9681272343141245
943.0,-1.0,7307.055127234314,7314.584,7.528872765686174
944.0,1.0,7314.584,7318.473425556065,3.889425556065362
945.0,-1.0,7318.473425556065,7330.081,11.607574443934936
946.0,1.0,7330.081,7341.074197671305,10.993197671305097
947.0,-1.0,7341.074197671305,7345.578,4.503802328695201
948.0,1.0,7345.5779999999995,7346.0779999999995,0.5
949.0,-1.0,7346.0779999999995,7361.075,14.997000000000298
950.0,1.0,7361.075,7362.424052714429,1.3490527144294902
951.0,-1.0,7362.424052714429,7376.572,14.147947285570808
952.0,1.0,7376.572,7377.072,0.5
953.0,-1.0,7377.072,7392.069,14.997000000000298
954.0,1.0,7392.0689999999995,7392.5689999999995,0.5
955.0,-1.0,7392.5689999999995,7407.566,14.997000000000298
956.0,1.0,7407.566,7408.078958020183,0.5129580201828503
957.0,-1.0,7408.078958020183,7423.063,14.984041979817448
958.0,1.0,7423.063,7433.958268494903,10.895268494902666
959.0,-1.0,7433.958268494903,7438.56,4.601731505097632
960.0,1.0,7438.5599999999995,7450.921688101091,12.361688101091204
961.0,-1.0,7450.921688101091,7454.057,3.1353118989090945
962.0,1.0,7454.057,7454.64472692156,0.5877269215598062
963.0,-1.0,7454.64472692156,7469.554,14.909273078440492
964.0,1.0,7469.554,7470.0540000007895,0.5000000007894414
965.0,-1.0,7470.0540000007895,7485.051,14.996999999210857
966.0,1.0,7485.051,7488.493646195229,3.4426461952289173
967.0,-1.0,7488.493646195229,7500.548000000001,12.054353804771381
968.0,1.0,7500.548,7503.626480000056,3.0784800000565156
969.0,-1.0,7503.626480000056,7516.045,12.418519999943783
970.0,1.0,7516.045,7516.545,0.5
971.0,-1.0,7516.545,7531.542,14.997000000000298
972.0,1.0,7531.542,7532.042,0.5
973.0,-1.0,7532.042,7547.039000000001,14.997000000000298
974.0,1.0,7547.039,7547.539,0.5
975.0,-1.0,7547.539,7562.536,14.997000000000298
976.0,1.0,7562.536,7563.973912098078,1.4379120980775042
977.0,-1.0,7563.973912098078,7578.033,14.059087901922794
978.0,1.0,7578.033,7583.081991408558,5.048991408557413
979.0,-1.0,7583.081991408558,7593.530000000001,10.448008591442886
980.0,1.0,7593.53,7595.2271133140675,1.697113314067792
981.0,-1.0,7595.2271133140675,7609.027,13.799886685932506
982.0,1.0,7609.027,7611.449688468378,2.4226884683776007
983.0,-1.0,7611.449688468378,7624.524,13.074311531622698
984.0,1.0,7624.524,7627.99466756185,3.4706675618499503
985.0,-1.0,7627.99466756185,7640.021000000001,12.026332438150348
986.0,1.0,7640.021,7641.6750653131685,1.6540653131687577
987.0,-1.0,7641.6750653131685,7655.518,13.84293468683154
988.0,1.0,7655.518,7661.163041730622,5.645041730622324
989.0,-1.0,7661.163041730622,7671.015,9.851958269377974
990.0,1.0,7671.015,7671.515000583485,0.5000005834845069
991.0,-1.0,7671.515000583485,7686.512000000001,14.996999416515791
992.0,1.0,7686.512,7687.012483316553,0.5004833165530727
993.0,-1.0,7687.012483316553,7702.009,14.996516683447226
994.0,1.0,7702.009,7702.509,0.5
995.0,-1.0,7702.509,7717.506,14.997000000000298
996.0,1.0,7717.506,7718.9685440824915,1.4625440824911493
997.0,-1.0,7718.9685440824915,7733.003000000001,14.034455917509149
998.0,1.0,7733.003,7733.503,0.5
999.0,-1.0,7733.503,7748.5,14.997000000000298
1000.0,1.0,7748.5,7752.391016699589,3.8910166995892723
1001.0,-1.0,7752.391016699589,7763.997,11.605983300411026
1002.0,1.0,7763.997,7764.497,0.5
1003.0,-1.0,7764.497,7779.494000000001,14.997000000000298
1004.0,1.0,7779.494,7780.18557242904,0.6915724290402068
1005.0,-1.0,7780.18557242904,7794.991,14.805427570960092
1006.0,1.0,7794.991,7798.327507665331,3.336507665330828
1007.0,-1.0,7798.327507665331,7810.488,12.16049233466947
1008.0,1.0,7810.488,7815.748457311305,5.26045731130489
1009.0,-1.0,7815.748457311305,7825.985000000001,10.236542688695408
1010.0,1.0,7825.985,7826.491743455915,0.506743455915057
1011.0,-1.0,7826.491743455915,7841.482,14.990256544085241
1012.0,1.0,7841.482,7848.570727496437,7.088727496437059
1013.0,-1.0,7848.570727496437,7856.979,8.40827250356324
1014.0,1.0,7856.979,7861.325025563645,4.346025563644616
1015.0,-1.0,7861.325025563645,7872.476000000001,11.150974436355682
1016.0,1.0,7872.476,7873.547515424161,1.0715154241615892
1017.0,-1.0,7873.547515424161,7887.973,14.42548457583871
1018.0,1.0,7887.973,7888.473,0.5
1019.0,-1.0,7888.473,7903.47,14.997000000000298
1020.0,1.0,7903.47,7903.97,0.5
1021.0,-1.0,7903.97,7918.967000000001,14.997000000000298
1022.0,1.0,7918.967,7928.33560045728,9.368600457280081
1023.0,-1.0,7928.33560045728,7934.464,6.128399542720217
1024.0,1.0,7934.464,7945.762813149369,11.29881314936938
1025.0,-1.0,7945.762813149369,7949.961,4.198186850630918
1026.0,1.0,7949.961,7951.740125148019,1.7791251480184656
1027.0,-1.0,7951.740125148019,7965.4580000000005,13.717874851981833
1028.0,1.0,7965.458,7966.165465156363,0.7074651563634689
1029.0,-1.0,7966.165465156363,7980.955,14.78953484363683
1030.0,1.0,7980.955,7981.455,0.5
1031.0,-1.0,7981.455,7996.452,14.997000000000298
1032.0,1.0,7996.452,8010.946687928048,14.494687928047824
1033.0,-1.0,8010.946687928048,8011.9490000000005,1.002312071952474
1034.0,1.0,8011.949,8012.501950215463,0.55295021546317
1035.0,-1.0,8012.501950215463,8027.446,14.944049784537128
1036.0,1.0,8027.446,8027.946,0.5
1037.0,-1.0,8027.946,8042.943,14.997000000000298
1038.0,1.0,8042.943,8043.444714726912,0.5017147269118141
1039.0,-1.0,8043.444714726912,8058.4400000000005,14.995285273088484
1040.0,1.0,8058.44,8062.112251639689,3.6722516396894207
1041.0,-1.0,8062.112251639689,8073.937,11.824748360310878
1042.0,1.0,8073.937,8074.437,0.5
1043.0,-1.0,8074.437,8089.434,14.997000000000298
1044.0,1.0,8089.434,8104.4302832291505,14.996283229150322
1045.0,-1.0,8104.4302832291505,8104.9310000000005,0.5007167708499765
1046.0,1.0,8104.931,8107.458791287281,2.527791287281616
1047.0,-1.0,8107.458791287281,8120.428,12.969208712718682
1048.0,1.0,8120.428,8125.294170776985,4.8661707769852
1049.0,-1.0,8125.294170776985,8135.925,10.630829223015098
1050.0,1.0,8135.925,8136.425,0.5
1051.0,-1.0,8136.425,8151.4220000000005,14.997000000000298
1052.0,1.0,8151.422,8151.922037905117,0.5000379051170967
1053.0,-1.0,8151.922037905117,8166.919,14.996962094883202
1054.0,1.0,8166.919,8167.419,0.5
1055.0,-1.0,8167.419,8182.416,14.997000000000298
1056.0,1.0,8182.416,8188.515477425524,6.099477425524128
1057.0,-1.0,8188.515477425524,8197.913,9.39752257447617
1058.0,1.0,8197.913,8198.41300027411,0.5000002741089702
1059.0,-1.0,8198.41300027411,8213.41,14.996999725890419
1060.0,1.0,8213.41,8213.910229813504,0.5002298135041201
1061.0,-1.0,8213.910229813504,8228.907,14.996770186495269
1062.0,1.0,8228.907,8229.407,0.5
1063.0,-1.0,8229.407,8244.403999999999,14.996999999999389
1064.0,1.0,8244.404,8246.416019256323,2.0120192563226738
1065.0,-1.0,8246.416019256323,8259.901,13.484980743676715
1066.0,1.0,8259.901,8260.401,0.5
1067.0,-1.0,8260.401,8275.398,14.996999999999389
1068.0,1.0,8275.398,8290.102457760402,14.704457760402875
1069.0,-1.0,8290.102457760402,8290.894999999999,0.7925422395965143
1070.0,1.0,8290.895,8291.395,0.5
1071.0,-1.0,8291.395,8306.392,14.996999999999389
1072.0,1.0,8306.392,8306.892054348009,0.5000543480091437
1073.0,-1.0,8306.892054348009,8321.889,14.996945651990245
1074.0,1.0,8321.889,8323.336828644553,1.4478286445537378
1075.0,-1.0,8323.336828644553,8337.385999999999,14.049171355445651
1076.0,1.0,8337.386,8337.886,0.5
1077.0,-1.0,8337.886,8352.883,14.996999999999389
1078.0,1.0,8352.883,8355.564825051017,2.681825051016858
1079.0,-1.0,8355.564825051017,8368.38,12.81517494898253
1080.0,1.0,8368.38,8370.079702574661,1.6997025746622967
1081.0,-1.0,8370.079702574661,8383.876999999999,13.797297425337092
1082.0,1.0,8383.877,8390.0072351636,6.130235163600446
1083.0,-1.0,8390.0072351636,8399.374,9.366764836398943
1084.0,1.0,8399.374,8399.874109928915,0.5001099289147533
1085.0,-1.0,8399.874109928915,8414.871,14.996890071084636
1086.0,1.0,8414.871,8418.239815930196,3.3688159301964333
1087.0,-1.0,8418.239815930196,8430.367999999999,12.128184069802955
1088.0,1.0,8430.368,8435.03499128728,4.666991287280325
1089.0,-1.0,8435.03499128728,8445.865,10.830008712719064
1090.0,1.0,8445.865,8449.221844500018,3.356844500018269
1091.0,-1.0,8449.221844500018,8461.362,12.14015549998112
1092.0,1.0,8461.362,8461.862,0.5
1093.0,-1.0,8461.862,8476.858999999999,14.996999999999389
1094.0,1.0,8476.859,8482.010430170914,5.1514301709139545
1095.0,-1.0,8482.010430170914,8492.356,10.345569829085434
1096.0,1.0,8492.356,8492.856,0.5
1097.0,-1.0,8492.856,8507.853,14.996999999999389
1098.0,1.0,8507.853,8508.39828265476,0.5452826547607401
1099.0,-1.0,8508.39828265476,8523.349999999999,14.951717345238649
1100.0,1.0,8523.35,8523.85,0.5
1101.0,-1.0,8523.85,8538.847,14.996999999999389
1102.0,1.0,8538.847,8539.351007492536,0.5040074925364024
1103.0,-1.0,8539.351007492536,8554.344,14.992992507462986
1104.0,1.0,8554.344,8554.844,0.5
1105.0,-1.0,8554.844,8569.840999999999,14.996999999999389
1106.0,1.0,8569.841,8571.03984047696,1.1988404769599583
1107.0,-1.0,8571.03984047696,8585.338,14.29815952303943
1108.0,1.0,8585.338,8587.392470949097,2.054470949096867
1109.0,-1.0,8587.392470949097,8600.835,13.442529050902522
1110.0,1.0,8600.835,8601.335,0.5
1111.0,-1.0,8601.335,8616.331999999999,14.996999999999389
1112.0,1.0,8616.332,8620.662341913141,4.330341913140728
1113.0,-1.0,8620.662341913141,8631.829,11.16665808685866
1114.0,1.0,8631.829,8632.329,0.5
1115.0,-1.0,8632.329,8647.326,14.996999999999389
1116.0,1.0,8647.326,8647.826,0.5
1117.0,-1.0,8647.826,8662.822999999999,14.996999999999389
1118.0,1.0,8662.823,8663.411037557342,0.5880375573415222
1119.0,-1.0,8663.411037557342,8678.32,14.908962442657867
1120.0,1.0,8678.32,8678.822828761733,0.5028287617333262
1121.0,-1.0,8678.822828761733,8693.817,14.994171238266063
1122.0,1.0,8693.817,8694.317,0.5
1123.0,-1.0,8694.317,8709.313999999998,14.996999999999389
1124.0,1.0,8709.314,8710.441976277238,1.1279762772373942
1125.0,-1.0,8710.441976277238,8724.811,14.369023722761995
1126.0,1.0,8724.811,8734.36078292296,9.54978292296073
1127.0,-1.0,8734.36078292296,8740.307999999999,5.947217077038658
1128.0,1.0,8740.307999999999,8741.385603927929,1.0776039279298857
1129.0,-1.0,8741.385603927929,8755.804999999998,14.419396072069503
1130.0,1.0,8755.805,8756.360049596653,0.5550495966526796
1131.0,-1.0,8756.360049596653,8771.302,14.94195040334671
1132.0,1.0,8771.302,8771.802,0.5
1133.0,-1.0,8771.802,8786.798999999999,14.996999999999389
1134.0,1.0,8786.798999999999,8787.314615807189,0.5156158071895334
1135.0,-1.0,8787.314615807189,8802.295999999998,14.981384192809855
1136.0,1.0,8802.296,8809.375007551529,7.079007551528775
1137.0,-1.0,8809.375007551529,8817.793,8.417992448470613
1138.0,1.0,8817.793,8818.293,0.5
1139.0,-1.0,8818.293,8833.289999999999,14.996999999999389
1140.0,1.0,8833.289999999999,8842.078289789613,8.788289789614282
1141.0,-1.0,8842.078289789613,8848.786999999998,6.708710210385107
1142.0,1.0,8848.787,8849.287,0.5
1143.0,-1.0,8849.287,8864.284,14.996999999999389
1144.0,1.0,8864.284,8869.877635407747,5.59363540774757
1145.0,-1.0,8869.877635407747,8879.780999999999,9.903364592251819
1146.0,1.0,8879.780999999999,8880.33962582075,0.558625820751331
1147.0,-1.0,8880.33962582075,8895.277999999998,14.938374179248058
1148.0,1.0,8895.278,8899.05873063649,3.7807306364902615
1149.0,-1.0,8899.05873063649,8910.775,11.716269363509127
1150.0,1.0,8910.775,8915.160176304482,4.385176304482229
1151.0,-1.0,8915.160176304482,8926.271999999999,11.11182369551716
1152.0,1.0,8926.272,8926.772130043893,0.5001300438925682
1153.0,-1.0,8926.772130043893,8941.769,14.99686995610682
1154.0,1.0,8941.769,8948.563392570726,6.794392570725904
1155.0,-1.0,8948.563392570726,8957.266,8.702607429273485
1156.0,1.0,8957.266,8971.869190145946,14.603190145946428
1157.0,-1.0,8971.869190145946,8972.762999999999,0.8938098540529609
1158.0,1.0,8972.763,8973.719900152062,0.9569001520612801
1159.0,-1.0,8973.719900152062,8988.26,14.540099847938109
1160.0,1.0,8988.26,8988.76,0.5
1161.0,-1.0,8988.76,9003.757,14.996999999999389
1162.0,1.0,9003.757,9004.4825676649,0.7255676649001543
1163.0,-1.0,9004.4825676649,9019.253999999999,14.771432335099234
1164.0,1.0,9019.254,9023.333567425121,4.079567425120331
1165.0,-1.0,9023.333567425121,9034.751,11.417432574879058
1166.0,1.0,9034.751,9035.251671417926,0.5006714179253322
1167.0,-1.0,9035.251671417926,9050.248,14.996328582074057
1168.0,1.0,9050.248,9054.569456145517,4.321456145517004
1169.0,-1.0,9054.569456145517,9065.744999999999,11.175543854482385
1170.0,1.0,9065.745,9066.354026812014,0.609026812013326
1171.0,-1.0,9066.354026812014,9081.242,14.887973187986063
1172.0,1.0,9081.242,9084.861694636553,3.6196946365525946
1173.0,-1.0,9084.861694636553,9096.739,11.877305363446794
1174.0,1.0,9096.739,9097.239,0.5
1175.0,-1.0,9097.239,9112.235999999999,14.996999999999389
1176.0,1.0,9112.236,9117.41692499236,5.180924992358996
1177.0,-1.0,9117.41692499236,9127.733,10.316075007640393
1178.0,1.0,9127.733,9142.727804171238,14.994804171237774
1179.0,-1.0,9142.727804171238,9143.23,0.5021958287616144
1180.0,1.0,9143.23,9148.540341423033,5.310341423033606
1181.0,-1.0,9148.540341423033,9158.726999999999,10.186658576965783
1182.0,1.0,9158.727,9159.227000000084,0.5000000000836735
1183.0,-1.0,9159.227000000084,9174.224,14.996999999915715
1184.0,1.0,9174.224,9178.550865071787,4.326865071787324
1185.0,-1.0,9178.550865071787,9189.721,11.170134928212065
1186.0,1.0,9189.721,9192.258755071292,2.5377550712928496
1187.0,-1.0,9192.258755071292,9205.217999999999,12.95924492870654
1188.0,1.0,9205.218,9215.272330755824,10.054330755823685
1189.0,-1.0,9215.272330755824,9220.715,5.442669244175704
1190.0,1.0,9220.715,9235.712,14.996999999999389
1191.0,-1.0,9235.712,9236.212,0.5
1192.0,1.0,9236.212,9250.649899143895,14.437899143895265
1193.0,-1.0,9250.649899143895,9251.708999999999,1.0591008561041235
1194.0,1.0,9251.709,9252.209,0.5
1195.0,-1.0,9252.209,9267.206,14.996999999999389
1196.0,1.0,9267.206,9267.706195887058,0.5001958870579983
1197.0,-1.0,9267.706195887058,9282.703,14.99680411294139
1198.0,1.0,9282.703,9288.689820717102,5.986820717102091
1199.0,-1.0,9288.689820717102,9298.199999999999,9.510179282897298
1200.0,1.0,9298.2,9313.173760831673,14.973760831671825
1201.0,-1.0,9313.173760831673,9313.697,0.5232391683275637
1202.0,1.0,9313.697,9314.197008257719,0.500008257718946
1203.0,-1.0,9314.197008257719,9329.194,14.996991742280443
1204.0,1.0,9329.194,9339.271831439266,10.077831439266447
1205.0,-1.0,9339.271831439266,9344.690999999999,5.419168560732942
1206.0,1.0,9344.691,9355.342335361796,10.651335361795645
1207.0,-1.0,9355.342335361796,9360.188,4.845664638203743
1208.0,1.0,9360.188,9367.513021571523,7.3250215715233935
1209.0,-1.0,9367.513021571523,9375.685,8.171978428475995
1210.0,1.0,9375.685,9376.555274495578,0.8702744955789967
1211.0,-1.0,9376.555274495578,9391.181999999999,14.626725504420392
1212.0,1.0,9391.182,9397.334294124172,6.152294124171021
1213.0,-1.0,9397.334294124172,9406.679,9.344705875828367
1214.0,1.0,9406.679,9409.640328593865,2.9613285938648914
1215.0,-1.0,9409.640328593865,9422.176,12.535671406134497
1216.0,1.0,9422.176,9433.075668947544,10.899668947544342
1217.0,-1.0,9433.075668947544,9437.672999999999,4.597331052455047
1218.0,1.0,9437.673,9444.394360063985,6.721360063984321
1219.0,-1.0,9444.394360063985,9453.17,8.775639936015068
1220.0,1.0,9453.17,9459.600490086903,6.430490086902864
1221.0,-1.0,9459.600490086903,9468.667,9.066509913096525
1222.0,1.0,9468.667,9473.135168228178,4.468168228178911
1223.0,-1.0,9473.135168228178,9484.163999999999,11.028831771820478
1224.0,1.0,9484.164,9484.664,0.5
1225.0,-1.0,9484.664,9499.661,14.996999999999389
1226.0,1.0,9499.661,9506.61984746243,6.95884746243064
1227.0,-1.0,9506.61984746243,9515.158,8.538152537568749
1228.0,1.0,9515.158,9515.658,0.5
1229.0,-1.0,9515.658,9530.654999999999,14.996999999999389
1230.0,1.0,9530.655,9531.155,0.5
1231.0,-1.0,9531.155,9546.152,14.996999999999389
1232.0,1.0,9546.152,9546.652,0.5
1233.0,-1.0,9546.652,9561.649,14.996999999999389
1234.0,1.0,9561.649,9568.490880435857,6.841880435857092
1235.0,-1.0,9568.490880435857,9577.145999999999,8.655119564142296
1236.0,1.0,9577.146,9577.646,0.5
1237.0,-1.0,9577.646,9592.643,14.996999999999389
1238.0,1.0,9592.643,9593.143972357268,0.5009723572675284
1239.0,-1.0,9593.143972357268,9608.14,14.99602764273186
1240.0,1.0,9608.14,9608.640022671616,0.5000226716165344
1241.0,-1.0,9608.640022671616,9623.636999999999,14.996977328382854
1242.0,1.0,9623.637,9624.137,0.5
1243.0,-1.0,9624.137,9639.134,14.996999999999389
1244.0,1.0,9639.134,9639.634,0.5
1245.0,-1.0,9639.634,9654.631,14.996999999999389
1246.0,1.0,9654.631,9655.908595897718,1.277595897718129
1247.0,-1.0,9655.908595897718,9670.127999999999,14.21940410228126
1248.0,1.0,9670.128,9674.04852686184,3.92052686183888
1249.0,-1.0,9674.04852686184,9685.625,11.576473138160509
1250.0,1.0,9685.625,9686.12518716741,0.5001871674103313
1251.0,-1.0,9686.12518716741,9701.122,14.996812832589058
1252.0,1.0,9701.122,9701.622,0.5
1253.0,-1.0,9701.622,9716.618999999999,14.996999999999389
1254.0,1.0,9716.619,9717.119,0.5
1255.0,-1.0,9717.119,9732.116,14.996999999999389
1256.0,1.0,9732.116,9732.619476558359,0.5034765583586704
1257.0,-1.0,9732.619476558359,9747.613,14.993523441640718
1258.0,1.0,9747.613,9748.11300617765,0.5000061776499933
1259.0,-1.0,9748.11300617765,9763.109999999999,14.996993822349395
1260.0,1.0,9763.11,9776.264369074715,13.15436907471485
1261.0,-1.0,9776.264369074715,9778.607,2.3426309252845385
1262.0,1.0,9778.607,9779.642978642956,1.0359786429562519
1263.0,-1.0,9779.642978642956,9794.104,14.461021357043137
1264.0,1.0,9794.104,9800.223707337096,6.11970733709677
1265.0,-1.0,9800.223707337096,9809.600999999999,9.377292662902619
1266.0,1.0,9809.601,9810.101,0.5
1267.0,-1.0,9810.101,9825.098,14.996999999999389
1268.0,1.0,9825.098,9830.771535308982,5.673535308982537
1269.0,-1.0,9830.771535308982,9840.595,9.823464691016852
1270.0,1.0,9840.595,9841.095209224477,0.5002092244776577
1271.0,-1.0,9841.095209224477,9856.091999999999,14.996790775521731
1272.0,1.0,9856.092,9858.27428168208,2.18228168207861
1273.0,-1.0,9858.27428168208,9871.589,13.314718317920779
1274.0,1.0,9871.589,9872.208314848505,0.6193148485053825
1275.0,-1.0,9872.208314848505,9887.086,14.877685151494006
1276.0,1.0,9887.086,9887.586,0.5
1277.0,-1.0,9887.586,9902.582999999999,14.996999999999389
1278.0,1.0,9902.583,9903.08300000109,0.5000000010895747
1279.0,-1.0,9903.08300000109,9918.08,14.996999998909814
1280.0,1.0,9918.08,9931.80808906347,13.728089063470179
1281.0,-1.0,9931.80808906347,9933.577,1.7689109365292097
1282.0,1.0,9933.577,9934.085522517988,0.50852251798824
1283.0,-1.0,9934.085522517988,9949.073999999999,14.988477482011149
1284.0,1.0,9949.074,9949.574,0.5
1285.0,-1.0,9949.574,9964.571,14.996999999999389
1286.0,1.0,9964.571,9969.056763356266,4.485763356266034
1287.0,-1.0,9969.056763356266,9980.068,11.011236643733355
1288.0,1.0,9980.068,9985.110230084647,5.042230084647599
1289.0,-1.0,9985.110230084647,9995.564999999999,10.45476991535179
1290.0,1.0,9995.565,9996.065,0.5
1291.0,-1.0,9996.065,10011.062,14.996999999999389
1292.0,1.0,10011.062,10021.503770162595,10.441770162595276
1293.0,-1.0,10021.503770162595,10026.559,5.055229837404113
1294.0,1.0,10026.559,10034.861759600111,8.30275960011204
1295.0,-1.0,10034.861759600111,10042.055999999999,7.194240399887349
1296.0,1.0,10042.056,10042.619871641618,0.5638716416178795
1297.0,-1.0,10042.619871641618,10057.553,14.93312835838151
1298.0,1.0,10057.553,10063.673098952648,6.120098952647822
1299.0,-1.0,10063.673098952648,10073.05,9.376901047351566
1300.0,1.0,10073.05,10079.397122227361,6.347122227361979
1301.0,-1.0,10079.397122227361,10088.546999999999,9.14987777263741
1302.0,1.0,10088.547,10094.34930661049,5.802306610488813
1303.0,-1.0,10094.34930661049,10104.044,9.694693389510576
1304.0,1.0,10104.044,10105.06293328055,1.0189332805493905
1305.0,-1.0,10105.06293328055,10119.541,14.478066719449998
1306.0,1.0,10119.541,10124.351940694556,4.810940694556848
1307.0,-1.0,10124.351940694556,10135.037999999999,10.68605930544254
1308.0,1.0,10135.038,10138.835755837203,3.797755837202203
1309.0,-1.0,10138.835755837203,10150.535,11.699244162797186
1310.0,1.0,10150.535,10151.035,0.5
1311.0,-1.0,10151.035,10166.032,14.996999999999389
1312.0,1.0,10166.032,10166.532,0.5
1313.0,-1.0,10166.532,10181.528999999999,14.996999999999389
1314.0,1.0,10181.529,10187.269870775612,5.740870775611256
1315.0,-1.0,10187.269870775612,10197.026,9.756129224388133
1316.0,1.0,10197.026,10201.439502258967,4.413502258967128
1317.0,-1.0,10201.439502258967,10212.523,11.08349774103226
1318.0,1.0,10212.523,10213.023,0.5
1319.0,-1.0,10213.023,10228.019999999999,14.996999999999389
1320.0,1.0,10228.02,10228.535502169456,0.5155021694554307
1321.0,-1.0,10228.535502169456,10243.517,14.981497830543958
1322.0,1.0,10243.517,10248.702878796501,5.185878796501129
1323.0,-1.0,10248.702878796501,10259.014,10.31112120349826
1324.0,1.0,10259.014,10263.208696160842,4.1946961608427955
1325.0,-1.0,10263.208696160842,10274.510999999999,11.302303839156593
1326.0,1.0,10274.511,10275.684641426076,1.1736414260758465
1327.0,-1.0,10275.684641426076,10290.008,14.323358573923542
1328.0,1.0,10290.008,10290.508000007823,0.5000000078234734
1329.0,-1.0,10290.508000007823,10305.505,14.996999992175915
1330.0,1.0,10305.505,10308.17765188888,2.672651888880864
1331.0,-1.0,10308.17765188888,10321.001999999999,12.824348111118525
1332.0,1.0,10321.002,10321.502,0.5
1333.0,-1.0,10321.502,10336.499,14.996999999999389
1334.0,1.0,10336.499,10342.799658022845,6.3006580228448
1335.0,-1.0,10342.799658022845,10351.996,9.196341977154589
1336.0,1.0,10351.996,10356.268167874596,4.272167874596562
1337.0,-1.0,10356.268167874596,10367.492999999999,11.224832125402827
1338.0,1.0,10367.493,10375.929584097272,8.436584097271407
1339.0,-1.0,10375.929584097272,10382.99,7.060415902727982
1340.0,1.0,10382.99,10383.49,0.5
1341.0,-1.0,10383.49,10398.487,14.996999999999389
1342.0,1.0,10398.487,10403.431318566623,4.944318566624133
1343.0,-1.0,10403.431318566623,10413.983999999999,10.552681433375255
1344.0,1.0,10413.984,10414.484067298945,0.5000672989444865
1345.0,-1.0,10414.484067298945,10429.481,14.996932701054902
1346.0,1.0,10429.481,10430.045049874427,0.564049874426928
1347.0,-1.0,10430.045049874427,10444.978,14.93295012557246
1348.0,1.0,10444.978,10446.24475925797,1.266759257970989
1349.0,-1.0,10446.24475925797,10460.474999999999,14.2302407420284
1350.0,1.0,10460.475,10460.97502165382,0.5000216538192035
1351.0,-1.0,10460.97502165382,10475.972,14.996978346180185
1352.0,1.0,10475.972,10476.472,0.5
1353.0,-1.0,10476.472,10491.469,14.996999999999389
1354.0,1.0,10491.469,10496.396814166063,4.927814166063399
1355.0,-1.0,10496.396814166063,10506.965999999999,10.56918583393599
1356.0,1.0,10506.966,10521.96299930018,14.996999300179596
1357.0,-1.0,10521.96299930018,10522.463,0.5000006998197932
1358.0,1.0,10522.463,10522.963,0.5
1359.0,-1.0,10522.963,10537.96,14.996999999999389
1360.0,1.0,10537.96,10541.998186326267,4.03818632626826
1361.0,-1.0,10541.998186326267,10553.456999999999,11.458813673731129
1362.0,1.0,10553.457,10555.16893689381,1.711936893809252
1363.0,-1.0,10555.16893689381,10568.954,13.785063106190137
1364.0,1.0,10568.954,10574.143340153474,5.189340153474404
1365.0,-1.0,10574.143340153474,10584.451,10.307659846524984
1366.0,1.0,10584.451,10584.951,0.5
1367.0,-1.0,10584.951,10599.947999999999,14.996999999999389
1368.0,1.0,10599.948,10606.43694047549,6.488940475490381
1369.0,-1.0,10606.43694047549,10615.445,9.008059524509008
1370.0,1.0,10615.445,10630.442,14.996999999999389
1371.0,-1.0,10630.442,10630.942,0.5
1372.0,1.0,10630.942,10639.068831661525,8.126831661526012
1373.0,-1.0,10639.068831661525,10646.438999999998,7.370168338473377
1374.0,1.0,10646.439,10654.606683818065,8.167683818064688
1375.0,-1.0,10654.606683818065,10661.936,7.329316181934701
1376.0,1.0,10661.936,10662.436000134614,0.5000001346143108
1377.0,-1.0,10662.436000134614,10677.432999999999,14.996999865385078
1378.0,1.0,10677.432999999999,10685.727832511118,8.294832511119239
1379.0,-1.0,10685.727832511118,10692.929999999998,7.20216748888015
1380.0,1.0,10692.93,10696.98989768737,4.059897687369812
1381.0,-1.0,10696.98989768737,10708.427,11.437102312629577
1382.0,1.0,10708.427,10708.927000003187,0.5000000031868694
1383.0,-1.0,10708.927000003187,10723.923999999999,14.99699999681252
1384.0,1.0,10723.923999999999,10724.424155043469,0.5001550434699311
1385.0,-1.0,10724.424155043469,10739.420999999998,14.996844956529458
1386.0,1.0,10739.421,10739.921122123676,0.5001221236761921
1387.0,-1.0,10739.921122123676,10754.918,14.996877876323197
1388.0,1.0,10754.918,10755.621565421485,0.7035654214851093
1389.0,-1.0,10755.621565421485,10770.414999999999,14.79343457851428
1390.0,1.0,10770.414999999999,10777.361026982167,6.946026982168405
1391.0,-1.0,10777.361026982167,10785.911999999998,8.550973017830984
1392.0,1.0,10785.912,10789.660040151195,3.7480401511948003
1393.0,-1.0,10789.660040151195,10801.409,11.748959848804589
1394.0,1.0,10801.409,10802.26637780059,0.8573778005902568
1395.0,-1.0,10802.26637780059,10816.905999999999,14.639622199409132
1396.0,1.0,10816.905999999999,10822.509304693176,5.603304693177051
1397.0,-1.0,10822.509304693176,10832.402999999998,9.893695306822337
1398.0,1.0,10832.403,10837.725048983717,5.322048983716741
1399.0,-1.0,10837.725048983717,10847.9,10.174951016282648
1400.0,1.0,10847.9,10862.896999999999,14.996999999999389
1401.0,-1.0,10862.896999999999,10863.396999999999,0.5
1402.0,1.0,10863.396999999999,10875.913965720421,12.516965720422377
1403.0,-1.0,10875.913965720421,10878.893999999998,2.980034279577012
1404.0,1.0,10878.894,10879.394048326332,0.5000483263320348
1405.0,-1.0,10879.394048326332,10894.391,14.996951673667354
1406.0,1.0,10894.391,10901.536996140569,7.145996140568968
1407.0,-1.0,10901.536996140569,10909.887999999999,8.35100385943042
1408.0,1.0,10909.887999999999,10910.387999999999,0.5
1409.0,-1.0,10910.387999999999,10925.384999999998,14.996999999999389
1410.0,1.0,10925.385,10925.88525424021,0.5002542402089603
1411.0,-1.0,10925.88525424021,10940.882,14.996745759790429
1412.0,1.0,10940.882,10945.812807831648,4.930807831648053
1413.0,-1.0,10945.812807831648,10956.378999999999,10.566192168351336
1414.0,1.0,10956.379,10957.66351542107,1.2845154210699548
1415.0,-1.0,10957.66351542107,10971.876,14.212484578929434
1416.0,1.0,10971.876,10979.22327072679,7.347270726790157
1417.0,-1.0,10979.22327072679,10987.373,8.149729273209232
1418.0,1.0,10987.373,10987.881372284182,0.5083722841827694
1419.0,-1.0,10987.881372284182,11002.869999999999,14.98862771581662
1420.0,1.0,11002.87,11003.45511886174,0.5851188617398293
1421.0,-1.0,11003.45511886174,11018.367,14.91188113825956
1422.0,1.0,11018.367,11022.801798996237,4.4347989962370775
1423.0,-1.0,11022.801798996237,11033.864,11.062201003762311
1424.0,1.0,11033.864,11047.7022104353,13.838210435300425
1425.0,-1.0,11047.7022104353,11049.360999999999,1.6587895646989637
1426.0,1.0,11049.361,11056.80734027798,7.446340277978379
1427.0,-1.0,11056.80734027798,11064.858,8.05065972202101
1428.0,1.0,11064.858,11070.657388874994,5.799388874993383
1429.0,-1.0,11070.657388874994,11080.355,9.697611125006006
1430.0,1.0,11080.355,11082.53056316746,2.1755631674604956
1431.0,-1.0,11082.53056316746,11095.851999999999,13.321436832538893
1432.0,1.0,11095.852,11102.639567694783,6.78756769478241
1433.0,-1.0,11102.639567694783,11111.349,8.709432305216978
1434.0,1.0,11111.349,11111.849,0.5
1435.0,-1.0,11111.849,11126.846,14.996999999999389
1436.0,1.0,11126.846,11141.831501068631,14.985501068631493
1437.0,-1.0,11141.831501068631,11142.342999999999,0.5114989313678961
1438.0,1.0,11142.343,11149.437762221729,7.0947622217281605
1439.0,-1.0,11149.437762221729,11157.84,8.402237778271228
1440.0,1.0,11157.84,11162.319864508347,4.479864508346509
1441.0,-1.0,11162.319864508347,11173.337,11.01713549165288
1442.0,1.0,11173.337,11177.577708202041,4.2407082020417874
1443.0,-1.0,11177.577708202041,11188.833999999999,11.256291797957601
1444.0,1.0,11188.834,11189.334,0.5
1445.0,-1.0,11189.334,11204.331,14.996999999999389
1446.0,1.0,11204.331,11208.53564256586,4.204642565859103
1447.0,-1.0,11208.53564256586,11219.828,11.292357434140285
1448.0,1.0,11219.828,11226.026812194274,6.198812194274069
1449.0,-1.0,11226.026812194274,11235.324999999999,9.29818780572532
1450.0,1.0,11235.325,11245.958616431066,10.633616431065093
1451.0,-1.0,11245.958616431066,11250.822,4.863383568934296
1452.0,1.0,11250.822,11251.322289676167,0.5002896761670854
1453.0,-1.0,11251.322289676167,11266.319,14.996710323832303
1454.0,1.0,11266.319,11271.79316998548,5.47416998548033
1455.0,-1.0,11271.79316998548,11281.815999999999,10.022830014519059
1456.0,1.0,11281.816,11287.928909558568,6.11290955856748
1457.0,-1.0,11287.928909558568,11297.313,9.384090441431908
1458.0,1.0,11297.313,11297.813,0.5
1459.0,-1.0,11297.813,11312.81,14.996999999999389
1460.0,1.0,11312.81,11316.701550019554,3.8915500195544155
1461.0,-1.0,11316.701550019554,11328.306999999999,11.605449980444973
1462.0,1.0,11328.307,11328.807003454824,0.5000034548229451
1463.0,-1.0,11328.807003454824,11343.804,14.996996545176444
1464.0,1.0,11343.804,11345.575887171812,1.7718871718116134
1465.0,-1.0,11345.575887171812,11359.301,13.725112828187775
1466.0,1.0,11359.301,11359.827788177507,0.5267881775071146
1467.0,-1.0,11359.827788177507,11374.797999999999,14.970211822492274
1468.0,1.0,11374.798,11375.298,0.5
1469.0,-1.0,11375.298,11390.295,14.996999999999389
1470.0,1.0,11390.295,11397.722766688014,7.427766688013435
1471.0,-1.0,11397.722766688014,11405.792,8.069233311985954
1472.0,1.0,11405.792,11406.863071835376,1.0710718353766424
1473.0,-1.0,11406.863071835376,11421.288999999999,14.425928164622746
1474.0,1.0,11421.289,11423.9780216386,2.6890216386000247
1475.0,-1.0,11423.9780216386,11436.786,12.807978361399364
1476.0,1.0,11436.786,11451.75944919146,14.973449191460531
1477.0,-1.0,11451.75944919146,11452.283,0.5235508085388574
1478.0,1.0,11452.283,11464.737545119307,12.454545119308023
1479.0,-1.0,11464.737545119307,11467.779999999999,3.0424548806913663
1480.0,1.0,11467.78,11475.744141811245,7.96414181124419
1481.0,-1.0,11475.744141811245,11483.277,7.532858188755199
1482.0,1.0,11483.277,11490.967330692602,7.690330692601492
1483.0,-1.0,11490.967330692602,11498.774,7.806669307397897
1484.0,1.0,11498.774,11502.890311688523,4.116311688523638
1485.0,-1.0,11502.890311688523,11514.270999999999,11.380688311475751
1486.0,1.0,11514.271,11529.268,14.996999999999389
1487.0,-1.0,11529.268,11529.768,0.5
1488.0,1.0,11529.768,11538.016081721102,8.248081721101698
1489.0,-1.0,11538.016081721102,11545.265,7.2489182788976905
1490.0,1.0,11545.265,11554.610358038417,9.345358038417544
1491.0,-1.0,11554.610358038417,11560.761999999999,6.151641961581845
1492.0,1.0,11560.762,11565.30690222855,4.5449022285502
1493.0,-1.0,11565.30690222855,11576.259,10.95209777144919
1494.0,1.0,11576.259,11583.902590808759,7.643590808758745
1495.0,-1.0,11583.902590808759,11591.756,7.853409191240644
1496.0,1.0,11591.756,11600.601525790402,8.845525790402462
1497.0,-1.0,11600.601525790402,11607.252999999999,6.651474209596927
1498.0,1.0,11607.253,11607.938376585122,0.6853765851210483
1499.0,-1.0,11607.938376585122,11622.75,14.81162341487834
1500.0,1.0,11622.75,11623.25,0.5
1501.0,-1.0,11623.25,11638.247,14.996999999999389
1502.0,1.0,11638.247,11638.747,0.5
1503.0,-1.0,11638.747,11653.743999999999,14.996999999999389
1504.0,1.0,11653.744,11657.531341596845,3.7873415968442714
1505.0,-1.0,11657.531341596845,11669.241,11.709658403155117
1506.0,1.0,11669.241,11675.553291001734,6.3122910017336835
1507.0,-1.0,11675.553291001734,11684.738,9.184708998265705
1508.0,1.0,11684.738,11690.069334709624,5.331334709624571
1509.0,-1.0,11690.069334709624,11700.234999999999,10.165665290374818
1510.0,1.0,11700.235,11715.224785330363,14.989785330362793
1511.0,-1.0,11715.224785330363,11715.732,0.5072146696365962
1512.0,1.0,11715.732,11719.54922890881,3.817228908810648
1513.0,-1.0,11719.54922890881,11731.229,11.67977109118874
1514.0,1.0,11731.229,11740.021965357817,8.792965357817593
1515.0,-1.0,11740.021965357817,11746.725999999999,6.704034642181796
1516.0,1.0,11746.726,11750.87981182864,4.153811828638936
1517.0,-1.0,11750.87981182864,11762.223,11.343188171360453
1518.0,1.0,11762.223,11763.265995089963,1.0429950899633695
1519.0,-1.0,11763.265995089963,11777.72,14.45400491003602
1520.0,1.0,11777.72,11785.76009286277,8.040092862771417
1521.0,-1.0,11785.76009286277,11793.216999999999,7.456907137227972
1522.0,1.0,11793.217,11798.528628057107,5.311628057106645
1523.0,-1.0,11798.528628057107,11808.714,10.185371942892743
1524.0,1.0,11808.714,11823.711,14.996999999999389
1525.0,-1.0,11823.711,11824.211,0.5
1526.0,1.0,11824.211,11828.86635878661,4.655358786611032
1527.0,-1.0,11828.86635878661,11839.707999999999,10.841641213388357
1528.0,1.0,11839.708,11844.006708361143,4.298708361142417
1529.0,-1.0,11844.006708361143,11855.205,11.198291638856972
1530.0,1.0,11855.205,11864.357621247378,9.152621247378192
1531.0,-1.0,11864.357621247378,11870.702,6.344378752621196
1532.0,1.0,11870.702,11876.306988250419,5.60498825041941
1533.0,-1.0,11876.306988250419,11886.198999999999,9.892011749579979
1534.0,1.0,11886.199,11897.457542926488,11.25854292648728
1535.0,-1.0,11897.457542926488,11901.696,4.238457073512109
1536.0,1.0,11901.696,11908.365410208946,6.669410208945919
1537.0,-1.0,11908.365410208946,11917.193,8.82758979105347
1538.0,1.0,11917.193,11920.766230466721,3.573230466721725
1539.0,-1.0,11920.766230466721,11932.689999999999,11.923769533277664
1540.0,1.0,11932.69,11933.19,0.5
1541.0,-1.0,11933.19,11948.187,14.996999999999389
1542.0,1.0,11948.187,11963.183948231694,14.99694823169375
1543.0,-1.0,11963.183948231694,11963.684,0.5000517683056387
1544.0,1.0,11963.684,11968.818005806084,5.134005806085042
1545.0,-1.0,11968.818005806084,11979.180999999999,10.362994193914346
1546.0,1.0,11979.181,11984.027350678076,4.846350678075396
1547.0,-1.0,11984.027350678076,11994.678,10.650649321923993
1548.0,1.0,11994.678,12006.672952142655,11.994952142655166
1549.0,-1.0,12006.672952142655,12010.175,3.5020478573442233
1550.0,1.0,12010.175,12016.073099080777,5.898099080777683
1551.0,-1.0,12016.073099080777,12025.671999999999,9.598900919221705
1552.0,1.0,12025.672,12026.17532145837,0.5033214583691006
1553.0,-1.0,12026.17532145837,12041.169,14.993678541630288
1554.0,1.0,12041.169,12041.677315773579,0.5083157735789428
1555.0,-1.0,12041.677315773579,12056.666,14.988684226420446
1556.0,1.0,12056.666,12061.709563376626,5.04356337662648
1557.0,-1.0,12061.709563376626,12072.162999999999,10.453436623372909
1558.0,1.0,12072.163,12075.180167993469,3.0171679934683198
1559.0,-1.0,12075.180167993469,12087.66,12.479832006531069
1560.0,1.0,12087.66,12090.14564900172,2.485649001720958
1561.0,-1.0,12090.14564900172,12103.157,13.01135099827843
1562.0,1.0,12103.157,12111.71682541633,8.559825416330568
1563.0,-1.0,12111.71682541633,12118.653999999999,6.937174583668821
1564.0,1.0,12118.654,12119.154,0.5
1565.0,-1.0,12119.154,12134.151,14.996999999999389
1566.0,1.0,12134.151,12134.651,0.5
1567.0,-1.0,12134.651,12149.648,14.996999999999389
1568.0,1.0,12149.648,12154.82815446529,5.180154465289888
1569.0,-1.0,12154.82815446529,12165.144999999999,10.3168455347095
1570.0,1.0,12165.145,12171.102781018797,5.957781018796595
1571.0,-1.0,12171.102781018797,12180.642,9.539218981202794
1572.0,1.0,12180.642,12193.065118816286,12.42311881628666
1573.0,-1.0,12193.065118816286,12196.139,3.0738811837127287
1574.0,1.0,12196.139,12211.116275484923,14.977275484923666
1575.0,-1.0,12211.116275484923,12211.635999999999,0.5197245150757226
1576.0,1.0,12211.636,12217.703633437917,6.067633437916811
1577.0,-1.0,12217.703633437917,12227.133,9.429366562082578
1578.0,1.0,12227.133,12233.106421507739,5.973421507738749
1579.0,-1.0,12233.106421507739,12242.63,9.52357849226064
1580.0,1.0,12242.63,12243.26196087902,0.6319608790199709
1581.0,-1.0,12243.26196087902,12258.126999999999,14.865039120979418
1582.0,1.0,12258.127,12265.245532703277,7.118532703276287
1583.0,-1.0,12265.245532703277,12273.624,8.378467296723102
1584.0,1.0,12273.624,12274.124,0.5
1585.0,-1.0,12274.124,12289.121,14.996999999999389
1586.0,1.0,12289.121,12289.621,0.5
1587.0,-1.0,12289.621,12304.617999999999,14.996999999999389
1588.0,1.0,12304.618,12306.57490514741,1.9569051474099979
1589.0,-1.0,12306.57490514741,12320.115,13.540094852589391
1590.0,1.0,12320.115,12322.634860469656,2.5198604696561233
1591.0,-1.0,12322.634860469656,12335.612,12.977139530343266
1592.0,1.0,12335.612,12336.112000001856,0.5000000018571882
1593.0,-1.0,12336.112000001856,12351.108999999999,14.9969999981422
1594.0,1.0,12351.109,12356.722852147757,5.613852147756916
1595.0,-1.0,12356.722852147757,12366.606,9.883147852242473
1596.0,1.0,12366.606,12367.106389264785,0.5003892647855537
1597.0,-1.0,12367.106389264785,12382.103,14.996610735213835
1598.0,1.0,12382.103,12395.949336796368,13.846336796368632
1599.0,-1.0,12395.949336796368,12397.599999999999,1.6506632036307565
1600.0,1.0,12397.6,12402.12895133257,4.528951332569704
1601.0,-1.0,12402.12895133257,12413.097,10.968048667429684
1602.0,1.0,12413.097,12424.79268572033,11.695685720329493
1603.0,-1.0,12424.79268572033,12428.594,3.8013142796698958
1604.0,1.0,12428.594,12433.244296767878,4.650296767878899
1605.0,-1.0,12433.244296767878,12444.090999999999,10.84670323212049
1606.0,1.0,12444.091,12450.09345606664,6.0024560666388425
1607.0,-1.0,12450.09345606664,12459.588,9.494543933360546
1608.0,1.0,12459.588,12462.49303067355,2.9050306735498452
1609.0,-1.0,12462.49303067355,12475.085,12.591969326449544
1610.0,1.0,12475.085,12484.448299791195,9.363299791195459
1611.0,-1.0,12484.448299791195,12490.581999999999,6.13370020880393
1612.0,1.0,12490.582,12504.139292352518,13.557292352517834
1613.0,-1.0,12504.139292352518,12506.079,1.9397076474815549
1614.0,1.0,12506.079,12521.076,14.996999999999389
1615.0,-1.0,12521.076,12521.576,0.5
1616.0,1.0,12521.576,12528.713013673838,7.137013673838737
1617.0,-1.0,12528.713013673838,12537.072999999999,8.359986326160652
1618.0,1.0,12537.073,12548.22438350601,11.151383506010461
1619.0,-1.0,12548.22438350601,12552.57,4.345616493988928
1620.0,1.0,12552.57,12560.844041023132,8.274041023132668
1621.0,-1.0,12560.844041023132,12568.067,7.222958976866721
1622.0,1.0,12568.067,12572.334720535333,4.267720535333865
1623.0,-1.0,12572.334720535333,12583.563999999998,11.229279464665524
1624.0,1.0,12583.564,12586.939418894457,3.375418894456743
1625.0,-1.0,12586.939418894457,12599.061,12.121581105542646
1626.0,1.0,12599.061,12607.973052849731,8.91205284973148
1627.0,-1.0,12607.973052849731,12614.557999999999,6.584947150267908
1628.0,1.0,12614.557999999999,12615.058046671116,0.5000466711171612
1629.0,-1.0,12615.058046671116,12630.054999999998,14.996953328882228
1630.0,1.0,12630.055,12636.264041696957,6.209041696956774
1631.0,-1.0,12636.264041696957,12645.552,9.287958303042615
1632.0,1.0,12645.552,12646.052,0.5
1633.0,-1.0,12646.052,12661.048999999999,14.996999999999389
1634.0,1.0,12661.048999999999,12667.721254651527,6.672254651528419
1635.0,-1.0,12667.721254651527,12676.545999999998,8.82474534847097
1636.0,1.0,12676.546,12682.045452264038,5.499452264037245
1637.0,-1.0,12682.045452264038,12692.043,9.997547735962144
1638.0,1.0,12692.043,12692.548854325756,0.5058543257564452
1639.0,-1.0,12692.548854325756,12707.539999999999,14.991145674242944
1640.0,1.0,12707.539999999999,12708.039999999999,0.5
1641.0,-1.0,12708.039999999999,12723.036999999998,14.996999999999389
1642.0,1.0,12723.037,12723.537,0.5
1643.0,-1.0,12723.537,12738.534,14.996999999999389
1644.0,1.0,12738.534,12739.034,0.5
1645.0,-1.0,12739.034,12754.030999999999,14.996999999999389
1646.0,1.0,12754.030999999999,12762.699810245867,8.668810245868372
1647.0,-1.0,12762.699810245867,12769.527999999998,6.828189754131017
1648.0,1.0,12769.528,12774.351776245849,4.823776245848421
1649.0,-1.0,12774.351776245849,12785.025,10.673223754150968
1650.0,1.0,12785.025,12800.021999999999,14.996999999999389
1651.0,-1.0,12800.021999999999,12800.521999999999,0.5
1652.0,1.0,12800.521999999999,12807.630170425016,7.108170425017306
1653.0,-1.0,12807.630170425016,12816.018999999998,8.388829574982083
1654.0,1.0,12816.019,12820.042715998921,4.023715998921034
1655.0,-1.0,12820.042715998921,12831.516,11.473284001078355
1656.0,1.0,12831.516,12836.078452254926,4.562452254926029
1657.0,-1.0,12836.078452254926,12847.012999999999,10.93454774507336
1658.0,1.0,12847.012999999999,12847.512999999999,0.5
1659.0,-1.0,12847.512999999999,12862.509999999998,14.996999999999389
1660.0,1.0,12862.51,12863.01,0.5
1661.0,-1.0,12863.01,12878.007,14.996999999999389
1662.0,1.0,12878.007,12893.003355204079,14.99635520407901
1663.0,-1.0,12893.003355204079,12893.503999999999,0.5006447959203797
1664.0,1.0,12893.504,12894.004,0.5
1665.0,-1.0,12894.004,12909.001,14.996999999999389
1666.0,1.0,12909.001,12915.62208404109,6.621084041089489
1667.0,-1.0,12915.62208404109,12924.498,8.8759159589099
1668.0,1.0,12924.498,12933.686693067857,9.188693067857457
1669.0,-1.0,12933.686693067857,12939.994999999999,6.308306932141932
1670.0,1.0,12939.995,12940.495304195056,0.5003041950549232
1671.0,-1.0,12940.495304195056,12955.492,14.996695804944466
1672.0,1.0,12955.492,12968.838860767311,13.346860767311227
1673.0,-1.0,12968.838860767311,12970.989,2.1501392326881614
1674.0,1.0,12970.989,12978.029932371748,7.040932371748568
1675.0,-1.0,12978.029932371748,12986.485999999999,8.456067628250821
1676.0,1.0,12986.486,12986.986,0.5
1677.0,-1.0,12986.986,13001.983,14.996999999999389
1678.0,1.0,13001.983,13015.488532220843,13.505532220842724
1679.0,-1.0,13015.488532220843,13017.48,1.9914677791566646
1680.0,1.0,13017.48,13029.77308384284,12.293083842840133
1681.0,-1.0,13029.77308384284,13032.976999999999,3.203916157159256
1682.0,1.0,13032.977,13043.822500229255,10.845500229253958
1683.0,-1.0,13043.822500229255,13048.474,4.651499770745431
1684.0,1.0,13048.474,13055.226176741755,6.752176741754738
1685.0,-1.0,13055.226176741755,13063.971,8.74482325824465
1686.0,1.0,13063.971,13069.255041388491,5.28404138849146
1687.0,-1.0,13069.255041388491,13079.467999999999,10.21295861150793
1688.0,1.0,13079.468,13084.62006515636,5.152065156358731
1689.0,-1.0,13084.62006515636,13094.965,10.344934843640658
1690.0,1.0,13094.965,13100.066839249786,5.101839249786281
1691.0,-1.0,13100.066839249786,13110.462,10.395160750213108
1692.0,1.0,13110.462,13116.107755618925,5.64575561892525
1693.0,-1.0,13116.107755618925,13125.958999999999,9.851244381074139
1694.0,1.0,13125.959,13136.51491740885,10.555917408848472
1695.0,-1.0,13136.51491740885,13141.456,4.941082591150916
1696.0,1.0,13141.456,13156.453,14.996999999999389
1697.0,-1.0,13156.453,13156.953,0.5
1698.0,1.0,13156.953,13157.453,0.5
1699.0,-1.0,13157.453,13172.449999999999,14.996999999999389
1700.0,1.0,13172.45,13172.950018214882,0.5000182148814929
1701.0,-1.0,13172.950018214882,13187.947,14.996981785117896
1702.0,1.0,13187.947,13188.49455448291,0.547554482909618
1703.0,-1.0,13188.49455448291,13203.444,14.94944551708977
1704.0,1.0,13203.444,13210.174943830965,6.730943830965771
1705.0,-1.0,13210.174943830965,13218.940999999999,8.766056169033618
1706.0,1.0,13218.941,13220.79412393468,1.8531239346793882
1707.0,-1.0,13220.79412393468,13234.438,13.64387606532
1708.0,1.0,13234.438,13249.434988181185,14.99698818118486
1709.0,-1.0,13249.434988181185,13249.935,0.5000118188145279
1710.0,1.0,13249.935,13256.023237042247,6.088237042247783
1711.0,-1.0,13256.023237042247,13265.431999999999,9.408762957751605
1712.0,1.0,13265.432,13273.468351245609,8.036351245607875
1713.0,-1.0,13273.468351245609,13280.929,7.460648754391514
1714.0,1.0,13280.929,13292.60547649162,11.676476491620633
1715.0,-1.0,13292.60547649162,13296.426,3.8205235083787557
1716.0,1.0,13296.426,13301.661273137306,5.235273137306649
1717.0,-1.0,13301.661273137306,13311.922999999999,10.26172686269274
1718.0,1.0,13311.923,13317.728594125318,5.805594125316929
1719.0,-1.0,13317.728594125318,13327.42,9.69140587468246
1720.0,1.0,13327.42,13337.372656872303,9.952656872303123
1721.0,-1.0,13337.372656872303,13342.917,5.544343127696266
1722.0,1.0,13342.917,13352.104095170629,9.187095170629618
1723.0,-1.0,13352.104095170629,13358.413999999999,6.309904829369771
1724.0,1.0,13358.414,13361.679954182586,3.2659541825851193
1725.0,-1.0,13361.679954182586,13373.911,12.23104581741427
1726.0,1.0,13373.911,13380.63496566848,6.72396566847965
1727.0,-1.0,13380.63496566848,13389.408,8.773034331519739
1728.0,1.0,13389.408,13404.404999999999,14.996999999999389
1729.0,-1.0,13404.404999999999,13404.904999999999,0.5
1730.0,1.0,13404.905,13417.460749601692,12.555749601691787
1731.0,-1.0,13417.460749601692,13420.402,2.941250398307602
1732.0,1.0,13420.402,13429.443244364813,9.041244364812883
1733.0,-1.0,13429.443244364813,13435.899,6.455755635186506
1734.0,1.0,13435.899,13436.399,0.5
1735.0,-1.0,13436.399,13451.395999999999,14.996999999999389
1736.0,1.0,13451.396,13455.252025114267,3.856025114266231
1737.0,-1.0,13455.252025114267,13466.893,11.640974885733158
1738.0,1.0,13466.893,13470.178103261418,3.285103261418044
1739.0,-1.0,13470.178103261418,13482.39,12.211896738581345
1740.0,1.0,13482.39,13489.70766691004,7.3176669100412255
1741.0,-1.0,13489.70766691004,13497.886999999999,8.179333089958163
1742.0,1.0,13497.887,13498.387,0.5
1743.0,-1.0,13498.387,13513.384,14.996999999999389
1744.0,1.0,13513.384,13521.464717733546,8.080717733546408
1745.0,-1.0,13521.464717733546,13528.881,7.416282266452981
1746.0,1.0,13528.881,13529.382905615867,0.5019056158671447
1747.0,-1.0,13529.382905615867,13544.377999999999,14.995094384132244
1748.0,1.0,13544.378,13551.270367800786,6.892367800784996
1749.0,-1.0,13551.270367800786,13559.875,8.604632199214393
1750.0,1.0,13559.875,13565.775586896325,5.900586896324967
1751.0,-1.0,13565.775586896325,13575.372,9.596413103674422
1752.0,1.0,13575.372,13584.4730084288,9.101008428800924
1753.0,-1.0,13584.4730084288,13590.868999999999,6.395991571198465
1754.0,1.0,13590.869,13600.02125486616,9.152254866159637
1755.0,-1.0,13600.02125486616,13606.366,6.344745133839751
1756.0,1.0,13606.366,13612.597655519283,6.231655519282867
1757.0,-1.0,13612.597655519283,13621.863,9.265344480716522
1758.0,1.0,13621.863,13627.876770995483,6.013770995483355
1759.0,-1.0,13627.876770995483,13637.359999999999,9.483229004516033
1760.0,1.0,13637.36,13652.356998749228,14.996998749227714
1761.0,-1.0,13652.356998749228,13652.857,0.5000012507716747
1762.0,1.0,13652.857,13653.357,0.5
1763.0,-1.0,13653.357,13668.354,14.996999999999389
1764.0,1.0,13668.354,13675.75304586549,7.399045865489825
1765.0,-1.0,13675.75304586549,13683.850999999999,8.097954134509564
1766.0,1.0,13683.851,13690.355399652373,6.50439965237274
1767.0,-1.0,13690.355399652373,13699.348,8.992600347626649
1768.0,1.0,13699.348,13705.91132656982,6.563326569819765
1769.0,-1.0,13705.91132656982,13714.845,8.933673430179624
1770.0,1.0,13714.845,13729.841999999999,14.996999999999389
1771.0,-1.0,13729.841999999999,13730.341999999999,0.5
1772.0,1.0,13730.342,13730.842,0.5
1773.0,-1.0,13730.842,13745.839,14.996999999999389
1774.0,1.0,13745.839,13748.662340876495,2.823340876495422
1775.0,-1.0,13748.662340876495,13761.336,12.673659123503967
1776.0,1.0,13761.336,13761.839118649901,0.5031186499018077
1777.0,-1.0,13761.839118649901,13776.832999999999,14.993881350097581
1778.0,1.0,13776.833,13782.342694103196,5.509694103195216
1779.0,-1.0,13782.342694103196,13792.33,9.987305896804173
1780.0,1.0,13792.33,13793.226055548874,0.8960555488738464
1781.0,-1.0,13793.226055548874,13807.827,14.600944451125542
1782.0,1.0,13807.827,13808.327000357122,0.5000003571221896
1783.0,-1.0,13808.327000357122,13823.323999999999,14.9969996428772
1784.0,1.0,13823.324,13828.341468142624,5.017468142623329
1785.0,-1.0,13828.341468142624,13838.821,10.47953185737606
1786.0,1.0,13838.821,13850.650213874706,11.829213874705601
1787.0,-1.0,13850.650213874706,13854.318,3.6677861252937873
1788.0,1.0,13854.318,13862.747680456876,8.429680456876667
1789.0,-1.0,13862.747680456876,13869.814999999999,7.067319543122721
1790.0,1.0,13869.815,13875.046674982534,5.23167498253315
1791.0,-1.0,13875.046674982534,13885.312,10.265325017466239
1792.0,1.0,13885.312,13900.309,14.996999999999389
1793.0,-1.0,13900.309,13900.809,0.5
1794.0,1.0,13900.809,13915.18274554348,14.373745543480254
1795.0,-1.0,13915.18274554348,13916.305999999999,1.1232544565191347
1796.0,1.0,13916.306,13923.298851297806,6.992851297805828
1797.0,-1.0,13923.298851297806,13931.803,8.504148702193561
1798.0,1.0,13931.803,13938.47110637662,6.668106376620926
1799.0,-1.0,13938.47110637662,13947.3,8.828893623378463
1800.0,1.0,13947.3,13951.700485544181,4.40048554418172
1801.0,-1.0,13951.700485544181,13962.796999999999,11.096514455817669
1802.0,1.0,13962.797,13971.841695455443,9.044695455442707
1803.0,-1.0,13971.841695455443,13978.294,6.452304544556682
1804.0,1.0,13978.294,13981.27976191018,2.985761910180372
1805.0,-1.0,13981.27976191018,13993.791,12.511238089819017
1806.0,1.0,13993.791,14000.858496586154,7.067496586154448
1807.0,-1.0,14000.858496586154,14009.287999999999,8.429503413844941
1808.0,1.0,14009.288,14009.788,0.5
1809.0,-1.0,14009.788,14024.785,14.996999999999389
1810.0,1.0,14024.785,14030.630681902898,5.8456819028979226
1811.0,-1.0,14030.630681902898,14040.282,9.651318097101466
1812.0,1.0,14040.282,14042.3014664241,2.019466424100756
1813.0,-1.0,14042.3014664241,14055.778999999999,13.477533575898633
1814.0,1.0,14055.779,14064.664785378813,8.885785378812216
1815.0,-1.0,14064.664785378813,14071.276,6.611214621187173
1816.0,1.0,14071.276,14086.10430040121,14.828300401210072
1817.0,-1.0,14086.10430040121,14086.773,0.668699598789317
1818.0,1.0,14086.773,14093.649980117025,6.876980117025596
1819.0,-1.0,14093.649980117025,14102.269999999999,8.620019882973793
1820.0,1.0,14102.27,14108.073194633012,5.803194633012026
1821.0,-1.0,14108.073194633012,14117.767,9.693805366987363
1822.0,1.0,14117.767,14124.179388906887,6.4123889068869175
1823.0,-1.0,14124.179388906887,14133.264,9.084611093112471
1824.0,1.0,14133.264,14148.260999999999,14.996999999999389
1825.0,-1.0,14148.260999999999,14148.760999999999,0.5
1826.0,1.0,14148.761,14159.681274639968,10.920274639967829
1827.0,-1.0,14159.681274639968,14164.258,4.57672536003156
1828.0,1.0,14164.258,14174.430546865127,10.172546865127515
1829.0,-1.0,14174.430546865127,14179.755,5.324453134871874
1830.0,1.0,14179.755,14182.890558355723,3.135558355723333
1831.0,-1.0,14182.890558355723,14195.251999999999,12.361441644276056
1832.0,1.0,14195.252,14202.450079917333,7.198079917332507
1833.0,-1.0,14202.450079917333,14210.749,8.298920082666882
1834.0,1.0,14210.749,14218.84768920877,8.098689208769429
1835.0,-1.0,14218.84768920877,14226.246,7.39831079122996
1836.0,1.0,14226.246,14226.746,0.5
1837.0,-1.0,14226.746,14241.742999999999,14.996999999999389
1838.0,1.0,14241.743,14256.699471544354,14.956471544353917
1839.0,-1.0,14256.699471544354,14257.24,0.5405284556454717
1840.0,1.0,14257.24,14265.003999963625,7.763999963624883
1841.0,-1.0,14265.003999963625,14272.737,7.733000036374506
1842.0,1.0,14272.737,14285.316577540147,12.579577540147511
1843.0,-1.0,14285.316577540147,14288.233999999999,2.9174224598518776
1844.0,1.0,14288.234,14292.799438291975,4.565438291974715
1845.0,-1.0,14292.799438291975,14303.731,10.931561708024674
1846.0,1.0,14303.731,14313.177035324568,9.446035324568584
1847.0,-1.0,14313.177035324568,14319.228,6.050964675430805
1848.0,1.0,14319.228,14323.09217001466,3.864170014659976
1849.0,-1.0,14323.09217001466,14334.724999999999,11.632829985339413
1850.0,1.0,14334.725,14338.834245485572,4.109245485571591
1851.0,-1.0,14338.834245485572,14350.222,11.387754514427797
1852.0,1.0,14350.222,14360.5342392772,10.312239277200206
1853.0,-1.0,14360.5342392772,14365.719,5.184760722799183
1854.0,1.0,14365.719,14371.960729509921,6.241729509922152
1855.0,-1.0,14371.960729509921,14381.215999999999,9.255270490077237
1856.0,1.0,14381.216,14388.505470598562,7.28947059856182
1857.0,-1.0,14388.505470598562,14396.713,8.207529401437569
1858.0,1.0,14396.713,14397.720563367353,1.0075633673532138
1859.0,-1.0,14397.720563367353,14412.21,14.489436632646175
1860.0,1.0,14412.21,14412.762157158328,0.5521571583285549
1861.0,-1.0,14412.762157158328,14427.706999999999,14.944842841670834
1862.0,1.0,14427.707,14435.231788582061,7.524788582060864
1863.0,-1.0,14435.231788582061,14443.204,7.972211417938524
1864.0,1.0,14443.204,14443.79996618005,0.5959661800497997
1865.0,-1.0,14443.79996618005,14458.701,14.901033819949589
1866.0,1.0,14458.701,14469.185693169693,10.484693169693855
1867.0,-1.0,14469.185693169693,14474.197999999999,5.012306830305533
1868.0,1.0,14474.198,14478.13554174987,3.9375417498704337
1869.0,-1.0,14478.13554174987,14489.695,11.559458250128955
1870.0,1.0,14489.695,14499.895832959714,10.200832959713807
1871.0,-1.0,14499.895832959714,14505.192,5.296167040285582
1872.0,1.0,14505.192,14512.57461284328,7.382612843281095
1873.0,-1.0,14512.57461284328,14520.688999999998,8.114387156718294
1874.0,1.0,14520.689,14527.369618504767,6.680618504766244
1875.0,-1.0,14527.369618504767,14536.186,8.816381495233145
1876.0,1.0,14536.186,14541.96648408878,5.780484088780213
1877.0,-1.0,14541.96648408878,14551.682999999999,9.716515911219176
1878.0,1.0,14551.682999999999,14562.228086368214,10.54508636821447
1879.0,-1.0,14562.228086368214,14567.179999999998,4.951913631784919
1880.0,1.0,14567.18,14582.070277341332,14.890277341331966
1881.0,-1.0,14582.070277341332,14582.677,0.6067226586674224
1882.0,1.0,14582.677,14597.673999999999,14.996999999999389
1883.0,-1.0,14597.673999999999,14598.173999999999,0.5
1884.0,1.0,14598.173999999999,14598.673999999999,0.5
1885.0,-1.0,14598.673999999999,14613.670999999998,14.996999999999389
1886.0,1.0,14613.671,14623.430239555222,9.759239555221939
1887.0,-1.0,14623.430239555222,14629.168,5.73776044477745
1888.0,1.0,14629.168,14637.537610175641,8.369610175641355
1889.0,-1.0,14637.537610175641,14644.664999999999,7.127389824358033
1890.0,1.0,14644.664999999999,14650.233956599546,5.568956599547164
1891.0,-1.0,14650.233956599546,14660.161999999998,9.928043400452225
1892.0,1.0,14660.162,14666.159937923896,5.9979379238957335
1893.0,-1.0,14666.159937923896,14675.659,9.499062076103655
1894.0,1.0,14675.659,14684.244089749978,8.585089749978579
1895.0,-1.0,14684.244089749978,14691.155999999999,6.91191025002081
1896.0,1.0,14691.155999999999,14691.656240353572,0.5002403535727353
1897.0,-1.0,14691.656240353572,14706.652999999998,14.996759646426653
1898.0,1.0,14706.653,14711.357440425794,4.704440425794019
1899.0,-1.0,14711.357440425794,14722.15,10.79255957420537
1900.0,1.0,14722.15,14726.635933311985,4.485933311985718
1901.0,-1.0,14726.635933311985,14737.646999999999,11.01106668801367
1902.0,1.0,14737.646999999999,14748.386687800092,10.739687800092725
1903.0,-1.0,14748.386687800092,14753.143999999998,4.757312199906664
1904.0,1.0,14753.144,14768.080274364043,14.936274364043129
1905.0,-1.0,14768.080274364043,14768.641,0.5607256359562598
1906.0,1.0,14768.641,14778.754785440207,10.113785440207721
1907.0,-1.0,14778.754785440207,14784.137999999999,5.383214559791668
1908.0,1.0,14784.137999999999,14791.786385901363,7.648385901364236
1909.0,-1.0,14791.786385901363,14799.634999999998,7.848614098635153
1910.0,1.0,14799.635,14802.752369104715,3.1173691047151806
1911.0,-1.0,14802.752369104715,14815.132,12.379630895284208
1912.0,1.0,14815.132,14822.183404668414,7.0514046684147615
1913.0,-1.0,14822.183404668414,14830.628999999999,8.445595331584627
1914.0,1.0,14830.628999999999,14831.128999999999,0.5
1915.0,-1.0,14831.128999999999,14846.125999999998,14.996999999999389
1916.0,1.0,14846.126,14850.603436447387,4.4774364473869355
1917.0,-1.0,14850.603436447387,14861.623,11.019563552612453
1918.0,1.0,14861.623,14870.667379089467,9.044379089467839
1919.0,-1.0,14870.667379089467,14877.119999999999,6.45262091053155
1920.0,1.0,14877.119999999999,14887.081809401334,9.961809401334904
1921.0,-1.0,14887.081809401334,14892.616999999998,5.535190598664485
1922.0,1.0,14892.617,14896.24116822339,3.6241682233903703
1923.0,-1.0,14896.24116822339,14908.114,11.872831776609019
1924.0,1.0,14908.114,14908.614,0.5
1925.0,-1.0,14908.614,14923.610999999999,14.996999999999389
1926.0,1.0,14923.611,14935.075733116402,11.464733116401476
1927.0,-1.0,14935.075733116402,14939.108,4.032266883597913
1928.0,1.0,14939.108,14946.925696561531,7.817696561531193
1929.0,-1.0,14946.925696561531,14954.605,7.679303438468196
1930.0,1.0,14954.605,14969.601999999999,14.996999999999389
1931.0,-1.0,14969.601999999999,14970.101999999999,0.5
1932.0,1.0,14970.102,14984.350515754106,14.248515754105028
1933.0,-1.0,14984.350515754106,14985.599,1.2484842458943604
1934.0,1.0,14985.599,14986.127250127554,0.5282501275542018
1935.0,-1.0,14986.127250127554,15001.096,14.968749872445187
1936.0,1.0,15001.096,15012.363953308582,11.267953308582946
1937.0,-1.0,15012.363953308582,15016.592999999999,4.229046691416443
1938.0,1.0,15016.593,15025.546722703426,8.953722703425228
1939.0,-1.0,15025.546722703426,15032.09,6.543277296574161
1940.0,1.0,15032.09,15046.372980597229,14.282980597228743
1941.0,-1.0,15046.372980597229,15047.587,1.2140194027706457
1942.0,1.0,15047.587,15062.583999999999,14.996999999999389
1943.0,-1.0,15062.583999999999,15063.083999999999,0.5
1944.0,1.0,15063.084,15070.885142883348,7.801142883346984
1945.0,-1.0,15070.885142883348,15078.581,7.695857116652405
1946.0,1.0,15078.581,15093.57771300434,14.996713004340563
1947.0,-1.0,15093.57771300434,15094.078,0.5002869956588256
1948.0,1.0,15094.078,15098.979982007648,4.901982007648257
1949.0,-1.0,15098.979982007648,15109.574999999999,10.595017992351131
1950.0,1.0,15109.575,15118.287463229557,8.712463229556306
1951.0,-1.0,15118.287463229557,15125.072,6.784536770443083
1952.0,1.0,15125.072,15128.65811644092,3.5861164409197954
1953.0,-1.0,15128.65811644092,15140.569,11.910883559079593
1954.0,1.0,15140.569,15150.386235580616,9.817235580616398
1955.0,-1.0,15150.386235580616,15156.065999999999,5.679764419382991
1956.0,1.0,15156.066,15169.458747410294,13.392747410292941
1957.0,-1.0,15169.458747410294,15171.563,2.104252589706448
1958.0,1.0,15171.563,15179.69193685224,8.128936852239349
1959.0,-1.0,15179.69193685224,15187.06,7.36806314776004
1960.0,1.0,15187.06,15199.48607444945,12.426074449451335
1961.0,-1.0,15199.48607444945,15202.556999999999,3.070925550548054
1962.0,1.0,15202.557,15211.031746267767,8.474746267766022
1963.0,-1.0,15211.031746267767,15218.054,7.0222537322333665
1964.0,1.0,15218.054,15233.051,14.996999999999389
1965.0,-1.0,15233.051,15233.551,0.5
1966.0,1.0,15233.551,15237.498395166438,3.9473951664385822
1967.0,-1.0,15237.498395166438,15249.047999999999,11.549604833560807
1968.0,1.0,15249.048,15258.846184479677,9.79818447967591
1969.0,-1.0,15258.846184479677,15264.545,5.698815520323478
1970.0,1.0,15264.545,15279.542,14.996999999999389
1971.0,-1.0,15279.542,15280.042,0.5
1972.0,1.0,15280.042,15287.465854758395,7.423854758395464
1973.0,-1.0,15287.465854758395,15295.538999999999,8.073145241603925
1974.0,1.0,15295.539,15303.75454360924,8.21554360923983
1975.0,-1.0,15303.75454360924,15311.036,7.281456390759558
1976.0,1.0,15311.036,15316.818212971448,5.782212971447734
1977.0,-1.0,15316.818212971448,15326.533,9.714787028551655
1978.0,1.0,15326.533,15327.483285474387,0.9502854743877833
1979.0,-1.0,15327.483285474387,15342.029999999999,14.546714525611605
1980.0,1.0,15342.03,15357.027,14.996999999999389
1981.0,-1.0,15357.027,15357.527,0.5
1982.0,1.0,15357.527,15372.524,14.996999999999389
1983.0,-1.0,15372.524,15373.024,0.5
1984.0,1.0,15373.024,15388.020985066778,14.996985066778507
1985.0,-1.0,15388.020985066778,15388.520999999999,0.5000149332208821
1986.0,1.0,15388.521,15397.413785268809,8.892785268808439
1987.0,-1.0,15397.413785268809,15404.018,6.60421473119095
1988.0,1.0,15404.018,15411.067964873218,7.049964873218414
1989.0,-1.0,15411.067964873218,15419.515,8.447035126780975
1990.0,1.0,15419.515,15422.881190641197,3.3661906411980453
1991.0,-1.0,15422.881190641197,15435.011999999999,12.130809358801343
1992.0,1.0,15435.012,15444.04221480262,9.030214802618502
1993.0,-1.0,15444.04221480262,15450.509,6.4667851973808865
1994.0,1.0,15450.509,15451.04951635057,0.5405163505693054
1995.0,-1.0,15451.04951635057,15466.006,14.956483649430083
1996.0,1.0,15466.006,15478.550973832236,12.544973832236792
1997.0,-1.0,15478.550973832236,15481.502999999999,2.9520261677625967
1998.0,1.0,15481.503,15491.167814992448,9.664814992447646
1999.0,-1.0,15491.167814992448,15497.0,5.832185007551743
2000.0,1.0,15497.0,15502.270446874078,5.2704468740776065
2001.0,-1.0,15502.270446874078,15512.497,10.226553125921782
2002.0,1.0,15512.497,15522.685623793801,10.188623793801526
2003.0,-1.0,15522.685623793801,15527.993999999999,5.308376206197863
2004.0,1.0,15527.994,15528.494,0.5
2005.0,-1.0,15528.494,15543.491,14.996999999999389
2006.0,1.0,15543.491,15545.723244926981,2.232244926981366
2007.0,-1.0,15545.723244926981,15558.988,13.264755073018023
2008.0,1.0,15558.988,15572.22503198347,13.237031983469933
2009.0,-1.0,15572.22503198347,15574.484999999999,2.259968016529456
2010.0,1.0,15574.485,15574.985,0.5
2011.0,-1.0,15574.985,15589.982,14.996999999999389
2012.0,1.0,15589.982,15598.800286296693,8.818286296693259
2013.0,-1.0,15598.800286296693,15605.479,6.67871370330613
2014.0,1.0,15605.479,15612.822813087889,7.34381308788943
2015.0,-1.0,15612.822813087889,15620.975999999999,8.153186912109959
2016.0,1.0,15620.976,15635.973,14.996999999999389
2017.0,-1.0,15635.973,15636.473,0.5
2018.0,1.0,15636.473,15636.973007992423,0.5000079924229794
2019.0,-1.0,15636.973007992423,15651.97,14.99699200757641
2020.0,1.0,15651.97,15657.0105037203,5.0405037202999665
2021.0,-1.0,15657.0105037203,15667.466999999999,10.456496279699422
2022.0,1.0,15667.467,15677.633603280634,10.166603280633353
2023.0,-1.0,15677.633603280634,15682.964,5.3303967193660355
2024.0,1.0,15682.964,15697.250578676203,14.286578676203135
2025.0,-1.0,15697.250578676203,15698.461,1.210421323796254
2026.0,1.0,15698.461,15712.76838750508,14.307387505081351
2027.0,-1.0,15712.76838750508,15713.957999999999,1.1896124949180376
2028.0,1.0,15713.958,15714.458,0.5
2029.0,-1.0,15714.458,15729.455,14.996999999999389
2030.0,1.0,15729.455,15729.955,0.5
2031.0,-1.0,15729.955,15744.952,14.996999999999389
2032.0,1.0,15744.952,15752.366142938745,7.414142938745499
2033.0,-1.0,15752.366142938745,15760.448999999999,8.08285706125389
2034.0,1.0,15760.449,15767.48242473394,7.0334247339396825
2035.0,-1.0,15767.48242473394,15775.946,8.463575266059706
2036.0,1.0,15775.946,15782.093996424815,6.147996424815574
2037.0,-1.0,15782.093996424815,15791.443,9.349003575183815
2038.0,1.0,15791.443,15803.761470736401,12.31847073640165
2039.0,-1.0,15803.761470736401,15806.939999999999,3.1785292635977385
2040.0,1.0,15806.94,15821.687659321089,14.747659321088577
2041.0,-1.0,15821.687659321089,15822.437,0.7493406789108121
2042.0,1.0,15822.437,15826.779616724632,4.342616724632535
2043.0,-1.0,15826.779616724632,15837.934,11.154383275366854
2044.0,1.0,15837.934,15845.960482224165,8.026482224166102
2045.0,-1.0,15845.960482224165,15853.430999999999,7.470517775833287
2046.0,1.0,15853.431,15859.00827880719,5.577278807189941
2047.0,-1.0,15859.00827880719,15868.928,9.919721192809448
2048.0,1.0,15868.928,15878.502540772713,9.57454077271359
2049.0,-1.0,15878.502540772713,15884.425,5.922459227285799
2050.0,1.0,15884.425,15892.55059995696,8.125599956960286
2051.0,-1.0,15892.55059995696,15899.921999999999,7.3714000430391025
2052.0,1.0,15899.922,15909.42619645848,9.504196458479782
2053.0,-1.0,15909.42619645848,15915.419,5.992803541519606
2054.0,1.0,15915.419,15920.130893896032,4.711893896032052
2055.0,-1.0,15920.130893896032,15930.916,10.785106103967337
2056.0,1.0,15930.916,15945.912999999999,14.996999999999389
2057.0,-1.0,15945.912999999999,15946.412999999999,0.5
2058.0,1.0,15946.413,15950.858464880368,4.445464880367581
2059.0,-1.0,15950.858464880368,15961.91,11.051535119631808
2060.0,1.0,15961.91,15970.972242459433,9.062242459433037
2061.0,-1.0,15970.972242459433,15977.407,6.434757540566352
2062.0,1.0,15977.407,15992.403999999999,14.996999999999389
2063.0,-1.0,15992.403999999999,15992.903999999999,0.5
2064.0,1.0,15992.904,15996.53439812256,3.6303981225591997
2065.0,-1.0,15996.53439812256,16008.401,11.86660187744019
2066.0,1.0,16008.401,16013.742956500617,5.341956500617016
2067.0,-1.0,16013.742956500617,16023.898,10.155043499382373
2068.0,1.0,16023.898,16030.012238954285,6.114238954285611
2069.0,-1.0,16030.012238954285,16039.394999999999,9.382761045713778
2070.0,1.0,16039.395,16046.954454626857,7.559454626856677
2071.0,-1.0,16046.954454626857,16054.892,7.9375453731427115
2072.0,1.0,16054.892,16060.804238571976,5.912238571976559
2073.0,-1.0,16060.804238571976,16070.389,9.58476142802283
2074.0,1.0,16070.389,16079.633920154112,9.24492015411306
2075.0,-1.0,16079.633920154112,16085.885999999999,6.252079845886328
2076.0,1.0,16085.886,16093.961073383203,8.075073383202835
2077.0,-1.0,16093.961073383203,16101.383,7.421926616796554
2078.0,1.0,16101.383,16116.37958468844,14.996584688440635
2079.0,-1.0,16116.37958468844,16116.88,0.5004153115587542
2080.0,1.0,16116.88,16124.247905584516,7.367905584516848
2081.0,-1.0,16124.247905584516,16132.376999999999,8.129094415482541
2082.0,1.0,16132.377,16139.491956252714,7.114956252713455
2083.0,-1.0,16139.491956252714,16147.874,8.382043747285934
2084.0,1.0,16147.874,16155.964666292422,8.090666292422611
2085.0,-1.0,16155.964666292422,16163.371,7.406333707576778
2086.0,1.0,16163.371,16177.605239188866,14.234239188866923
2087.0,-1.0,16177.605239188866,16178.867999999999,1.2627608111324662
2088.0,1.0,16178.868,16193.139817360068,14.271817360067871
2089.0,-1.0,16193.139817360068,16194.365,1.2251826399315178
2090.0,1.0,16194.365,16194.865,0.5
2091.0,-1.0,16194.865,16209.862,14.996999999999389
2092.0,1.0,16209.862,16222.913722706715,13.051722706715736
2093.0,-1.0,16222.913722706715,16225.358999999999,2.4452772932836524
2094.0,1.0,16225.359,16235.196830754474,9.837830754473543
2095.0,-1.0,16235.196830754474,16240.856,5.659169245525845
2096.0,1.0,16240.856,16249.676577671093,8.820577671092906
2097.0,-1.0,16249.676577671093,16256.353,6.676422328906483
2098.0,1.0,16256.353,16265.365456426898,9.012456426899007
2099.0,-1.0,16265.365456426898,16271.849999999999,6.484543573100382
2100.0,1.0,16271.85,16276.792197031573,4.942197031572505
2101.0,-1.0,16276.792197031573,16287.347,10.554802968426884
2102.0,1.0,16287.347,16294.823156473,7.476156472999719
2103.0,-1.0,16294.823156473,16302.844,8.02084352699967
2104.0,1.0,16302.844,16316.176097729984,13.332097729984525
2105.0,-1.0,16316.176097729984,16318.340999999999,2.1649022700148635
2106.0,1.0,16318.341,16329.823202387091,11.482202387091093
2107.0,-1.0,16329.823202387091,16333.838,4.014797612908296
2108.0,1.0,16333.838,16344.016176261513,10.178176261513727
2109.0,-1.0,16344.016176261513,16349.335,5.318823738485662
2110.0,1.0,16349.335,16364.328529479739,14.993529479739664
2111.0,-1.0,16364.328529479739,16364.831999999999,0.5034705202597252
2112.0,1.0,16364.832,16379.152508434632,14.320508434631847
2113.0,-1.0,16379.152508434632,16380.329,1.1764915653675416
2114.0,1.0,16380.329,16394.84807659055,14.519076590551776
2115.0,-1.0,16394.84807659055,16395.826,0.9779234094494313
2116.0,1.0,16395.826,16405.097543982014,9.2715439820131
2117.0,-1.0,16405.097543982014,16411.323,6.225456017986289
2118.0,1.0,16411.323,16418.600828707764,7.277828707763547
2119.0,-1.0,16418.600828707764,16426.82,8.219171292235842
2120.0,1.0,16426.82,16433.143192412517,6.323192412517528
2121.0,-1.0,16433.143192412517,16442.317,9.17380758748186
2122.0,1.0,16442.317,16457.314,14.996999999999389
2123.0,-1.0,16457.314,16457.814,0.5
2124.0,1.0,16457.814,16461.873897364858,4.059897364859353
2125.0,-1.0,16461.873897364858,16473.310999999998,11.437102635140036
2126.0,1.0,16473.311,16479.96535292738,6.654352927376749
2127.0,-1.0,16479.96535292738,16488.808,8.84264707262264
2128.0,1.0,16488.808,16501.509453712806,12.701453712805232
2129.0,-1.0,16501.509453712806,16504.305,2.7955462871941563
2130.0,1.0,16504.305,16509.683677287776,5.378677287775645
2131.0,-1.0,16509.683677287776,16519.802,10.118322712223744
2132.0,1.0,16519.802,16526.563474368326,6.761474368326162
2133.0,-1.0,16526.563474368326,16535.299,8.735525631673227
2134.0,1.0,16535.299,16546.173945697177,10.874945697178191
2135.0,-1.0,16546.173945697177,16550.796,4.622054302821198
2136.0,1.0,16550.796,16559.272536073455,8.476536073456373
2137.0,-1.0,16559.272536073455,16566.292999999998,7.020463926543016
2138.0,1.0,16566.293,16581.16344945369,14.870449453686888
2139.0,-1.0,16581.16344945369,16581.79,0.626550546312501
2140.0,1.0,16581.79,16589.77333401077,7.9833340107688855
2141.0,-1.0,16589.77333401077,16597.287,7.513665989230503
2142.0,1.0,16597.287,16600.322670518373,3.035670518373081
2143.0,-1.0,16600.322670518373,16612.784,12.461329481626308
2144.0,1.0,16612.784,16621.03137478332,8.247374783320993
2145.0,-1.0,16621.03137478332,16628.281,7.249625216678396
2146.0,1.0,16628.281,16636.273049933676,7.992049933676753
2147.0,-1.0,16636.273049933676,16643.778,7.504950066322635
2148.0,1.0,16643.778,16658.774999999998,14.996999999999389
2149.0,-1.0,16658.774999999998,16659.274999999998,0.5
2150.0,1.0,16659.275,16674.272,14.996999999999389
2151.0,-1.0,16674.272,16674.772,0.5
2152.0,1.0,16674.772,16688.623332168525,13.851332168524095
2153.0,-1.0,16688.623332168525,16690.269,1.6456678314752935
2154.0,1.0,16690.269,16705.266,14.996999999999389
2155.0,-1.0,16705.266,16705.766,0.5
2156.0,1.0,16705.766,16717.54114634062,11.775146340620267
2157.0,-1.0,16717.54114634062,16721.263,3.7218536593791214
2158.0,1.0,16721.263,16732.81235096184,11.54935096184272
2159.0,-1.0,16732.81235096184,16736.76,3.947649038156669
2160.0,1.0,16736.76,16741.713389206827,4.953389206828433
2161.0,-1.0,16741.713389206827,16752.256999999998,10.543610793170956
2162.0,1.0,16752.257,16760.78637098623,8.52937098622715
2163.0,-1.0,16760.78637098623,16767.754,6.967629013772239
2164.0,1.0,16767.754,16775.054405428706,7.300405428704835
2165.0,-1.0,16775.054405428706,16783.251,8.196594571294554
2166.0,1.0,16783.251,16786.666876223353,3.415876223352825
2167.0,-1.0,16786.666876223353,16798.748,12.081123776646564
2168.0,1.0,16798.748,16806.330754854396,7.582754854396626
2169.0,-1.0,16806.330754854396,16814.245,7.914245145602763
2170.0,1.0,16814.245,16829.196035558358,14.951035558358853
2171.0,-1.0,16829.196035558358,16829.742,0.5459644416405354
2172.0,1.0,16829.742,16844.702167539548,14.96016753954973
2173.0,-1.0,16844.702167539548,16845.238999999998,0.5368324604496593
2174.0,1.0,16845.239,16856.12066146408,10.881661464078206
2175.0,-1.0,16856.12066146408,16860.736,4.6153385359211825
2176.0,1.0,16860.736,16875.70150212627,14.965502126269712
2177.0,-1.0,16875.70150212627,16876.233,0.5314978737296769
2178.0,1.0,16876.233,16886.81588787987,10.582887879871123
2179.0,-1.0,16886.81588787987,16891.73,4.914112120128266
2180.0,1.0,16891.73,16896.488190781805,4.758190781805752
2181.0,-1.0,16896.488190781805,16907.227,10.738809218193637
2182.0,1.0,16907.227,16912.766254642793,5.539254642793821
2183.0,-1.0,16912.766254642793,16922.724,9.957745357205567
2184.0,1.0,16922.724,16928.502898436327,5.7788984363287454
2185.0,-1.0,16928.502898436327,16938.220999999998,9.718101563670643
2186.0,1.0,16938.221,16946.41632610709,8.195326107088476
2187.0,-1.0,16946.41632610709,16953.718,7.301673892910912
2188.0,1.0,16953.718,16968.714902906853,14.996902906852483
2189.0,-1.0,16968.714902906853,16969.215,0.5000970931469055
2190.0,1.0,16969.215,16984.212,14.996999999999389
2191.0,-1.0,16984.212,16984.712,0.5
2192.0,1.0,16984.712,16985.212,0.5
2193.0,-1.0,16985.212,17000.209,14.996999999999389
2194.0,1.0,17000.209,17010.813506843635,10.604506843636045
2195.0,-1.0,17010.813506843635,17015.706,4.892493156363344
2196.0,1.0,17015.706,17030.702988854297,14.996988854298252
2197.0,-1.0,17030.702988854297,17031.202999999998,0.5000111457011371
2198.0,1.0,17031.203,17040.848086950857,9.64508695085533
2199.0,-1.0,17040.848086950857,17046.7,5.851913049144059
2200.0,1.0,17046.7,17061.696849932512,14.996849932511395
2201.0,-1.0,17061.696849932512,17062.197,0.5001500674879935
2202.0,1.0,17062.197,17076.685114719305,14.488114719304576
2203.0,-1.0,17076.685114719305,17077.694,1.0088852806948125
2204.0,1.0,17077.694,17085.5201638736,7.826163873600308
2205.0,-1.0,17085.5201638736,17093.191,7.670836126399081
2206.0,1.0,17093.191,17107.029626290245,13.838626290245884
2207.0,-1.0,17107.029626290245,17108.688,1.658373709753505
2208.0,1.0,17108.688,17114.250953001556,5.5629530015576165
2209.0,-1.0,17114.250953001556,17124.184999999998,9.934046998441772
2210.0,1.0,17124.185,17130.57795484829,6.392954848288355
2211.0,-1.0,17130.57795484829,17139.682,9.104045151711034
2212.0,1.0,17139.682,17146.950721760044,7.268721760043263
2213.0,-1.0,17146.950721760044,17155.179,8.228278239956126
2214.0,1.0,17155.179,17170.15100020894,14.972000208941608
2215.0,-1.0,17170.15100020894,17170.676,0.5249997910577804
2216.0,1.0,17170.676,17179.291247626636,8.615247626636119
2217.0,-1.0,17179.291247626636,17186.173,6.88175237336327
2218.0,1.0,17186.173,17201.17,14.996999999999389
2219.0,-1.0,17201.17,17201.67,0.5
2220.0,1.0,17201.67,17202.17,0.5
2221.0,-1.0,17202.17,17217.166999999998,14.996999999999389
2222.0,1.0,17217.167,17224.12987635367,6.962876353667525
2223.0,-1.0,17224.12987635367,17232.664,8.534123646331864
2224.0,1.0,17232.664,17247.660482532498,14.996482532496884
2225.0,-1.0,17247.660482532498,17248.161,0.5005174675025046
2226.0,1.0,17248.161,17263.158,14.996999999999389
2227.0,-1.0,17263.158,17263.658,0.5
2228.0,1.0,17263.658,17275.09083007706,11.432830077061226
2229.0,-1.0,17275.09083007706,17279.155,4.064169922938163
2230.0,1.0,17279.155,17294.151203604357,14.996203604358016
2231.0,-1.0,17294.151203604357,17294.652,0.5007963956413732
2232.0,1.0,17294.652,17309.648999999998,14.996999999999389
2233.0,-1.0,17309.648999999998,17310.148999999998,0.5
2234.0,1.0,17310.149,17317.735265240586,7.586265240584908
2235.0,-1.0,17317.735265240586,17325.646,7.910734759414481
2236.0,1.0,17325.646,17340.642997070347,14.99699707034597
2237.0,-1.0,17340.642997070347,17341.143,0.5000029296534194
2238.0,1.0,17341.143,17356.139886773435,14.996886773435108
2239.0,-1.0,17356.139886773435,17356.64,0.5001132265642809
2240.0,1.0,17356.64,17363.866978952392,7.226978952392528
2241.0,-1.0,17363.866978952392,17372.137,8.27002104760686
2242.0,1.0,17372.137,17380.95217332824,8.815173328242963
2243.0,-1.0,17380.95217332824,17387.634,6.681826671756426
2244.0,1.0,17387.634,17395.754155123086,8.120155123087898
2245.0,-1.0,17395.754155123086,17403.130999999998,7.376844876911491
2246.0,1.0,17403.131,17412.322954574185,9.19195457418391
2247.0,-1.0,17412.322954574185,17418.628,6.305045425815479
2248.0,1.0,17418.628,17426.098160613685,7.470160613684129
2249.0,-1.0,17426.098160613685,17434.125,8.02683938631526
2250.0,1.0,17434.125,17449.05578917848,14.930789178481064
2251.0,-1.0,17449.05578917848,17449.622,0.5662108215183252
2252.0,1.0,17449.622,17451.860224904965,2.238224904966046
2253.0,-1.0,17451.860224904965,17465.119,13.258775095033343
2254.0,1.0,17465.119,17471.748964040275,6.629964040275809
2255.0,-1.0,17471.748964040275,17480.615999999998,8.86703595972358
2256.0,1.0,17480.615999999998,17488.848916610947,8.23291661094845
2257.0,-1.0,17488.848916610947,17496.112999999998,7.264083389050938
2258.0,1.0,17496.113,17511.11,14.996999999999389
2259.0,-1.0,17511.11,17511.61,0.5
2260.0,1.0,17511.61,17519.42932785594,7.819327855941083
2261.0,-1.0,17519.42932785594,17527.107,7.677672144058306
2262.0,1.0,17527.107,17542.104,14.996999999999389
2263.0,-1.0,17542.104,17542.604,0.5
2264.0,1.0,17542.604,17552.17592517063,9.571925170632312
2265.0,-1.0,17552.17592517063,17558.101,5.925074829367077
2266.0,1.0,17558.101,17573.097995794513,14.996995794514078
2267.0,-1.0,17573.097995794513,17573.597999999998,0.5000042054853111
2268.0,1.0,17573.597999999998,17583.8957283174,10.29772831740047
2269.0,-1.0,17583.8957283174,17589.094999999998,5.199271682598919
2270.0,1.0,17589.095,17599.17575028903,10.080750289027492
2271.0,-1.0,17599.17575028903,17604.592,5.416249710971897
2272.0,1.0,17604.592,17619.589,14.996999999999389
2273.0,-1.0,17619.589,17620.089,0.5
2274.0,1.0,17620.089,17629.20265169639,9.113651696388843
2275.0,-1.0,17629.20265169639,17635.586,6.383348303610546
2276.0,1.0,17635.586,17644.306119848883,8.720119848883769
2277.0,-1.0,17644.306119848883,17651.083,6.77688015111562
2278.0,1.0,17651.083,17666.079999999998,14.996999999999389
2279.0,-1.0,17666.079999999998,17666.579999999998,0.5
2280.0,1.0,17666.579999999998,17674.214452755485,7.6344527554865635
2281.0,-1.0,17674.214452755485,17682.076999999997,7.862547244512825
2282.0,1.0,17682.077,17697.07386675298,14.996866752979258
2283.0,-1.0,17697.07386675298,17697.574,0.5001332470201305
2284.0,1.0,17697.574,17712.571,14.996999999999389
2285.0,-1.0,17712.571,17713.071,0.5
2286.0,1.0,17713.071,17723.213743236123,10.142743236123351
2287.0,-1.0,17723.213743236123,17728.568,5.354256763876037
2288.0,1.0,17728.568,17738.31832732268,9.750327322679368
2289.0,-1.0,17738.31832732268,17744.065,5.746672677320021
2290.0,1.0,17744.065,17751.236792941967,7.171792941968306
2291.0,-1.0,17751.236792941967,17759.561999999998,8.325207058031083
2292.0,1.0,17759.561999999998,17774.558999999997,14.996999999999389
2293.0,-1.0,17774.558999999997,17775.058999999997,0.5
2294.0,1.0,17775.059,17790.056,14.996999999999389
2295.0,-1.0,17790.056,17790.556,0.5
2296.0,1.0,17790.556,17805.552990021053,14.996990021052625
2297.0,-1.0,17805.552990021053,17806.053,0.500009978946764
2298.0,1.0,17806.053,17818.687100638945,12.634100638944801
2299.0,-1.0,17818.687100638945,17821.55,2.8628993610545876
2300.0,1.0,17821.55,17825.752488726404,4.202488726405136
2301.0,-1.0,17825.752488726404,17837.047,11.294511273594253
2302.0,1.0,17837.047,17848.074121868376,11.027121868377435
2303.0,-1.0,17848.074121868376,17852.543999999998,4.469878131621954
2304.0,1.0,17852.544,17861.52345334852,8.979453348518291
2305.0,-1.0,17861.52345334852,17868.041,6.517546651481098
2306.0,1.0,17868.041,17882.946485254255,14.905485254254017
2307.0,-1.0,17882.946485254255,17883.538,0.5915147457453713
2308.0,1.0,17883.538,17895.938378859624,12.400378859623743
2309.0,-1.0,17895.938378859624,17899.035,3.096621140375646
2310.0,1.0,17899.035,17909.322332300664,10.287332300664275
2311.0,-1.0,17909.322332300664,17914.532,5.209667699335114
2312.0,1.0,17914.532,17929.176697496296,14.64469749629643
2313.0,-1.0,17929.176697496296,17930.029,0.8523025037029583
2314.0,1.0,17930.029,17942.133441259848,12.104441259849409
2315.0,-1.0,17942.133441259848,17945.525999999998,3.3925587401499797
2316.0,1.0,17945.526,17956.226096002643,10.700096002641658
2317.0,-1.0,17956.226096002643,17961.023,4.796903997357731
2318.0,1.0,17961.023,17969.50101979561,8.478019795609725
2319.0,-1.0,17969.50101979561,17976.52,7.018980204389663
2320.0,1.0,17976.52,17991.479434320412,14.959434320411674
2321.0,-1.0,17991.479434320412,17992.017,0.5375656795877148
2322.0,1.0,17992.017,18007.014,14.996999999999389
2323.0,-1.0,18007.014,18007.514,0.5
2324.0,1.0,18007.514,18015.323790423423,7.809790423423692
2325.0,-1.0,18015.323790423423,18023.011,7.687209576575697
2326.0,1.0,18023.011,18028.911229481248,5.900229481248971
2327.0,-1.0,18028.911229481248,18038.507999999998,9.596770518750418
2328.0,1.0,18038.508,18053.504999991517,14.996999991515622
2329.0,-1.0,18053.504999991517,18054.005,0.5000000084837666
2330.0,1.0,18054.005,18069.002,14.996999999999389
2331.0,-1.0,18069.002,18069.502,0.5
2332.0,1.0,18069.502,18084.4989999996,14.996999999599211
2333.0,-1.0,18084.4989999996,18084.999,0.5000000004001777
2334.0,1.0,18084.999,18095.028590566802,10.029590566802653
2335.0,-1.0,18095.028590566802,18100.496,5.467409433196735
2336.0,1.0,18100.496,18107.8857469486,7.389746948600077
2337.0,-1.0,18107.8857469486,18115.993,8.107253051399312
2338.0,1.0,18115.993,18122.40324925311,6.410249253112852
2339.0,-1.0,18122.40324925311,18131.489999999998,9.086750746886537
2340.0,1.0,18131.49,18140.31028384349,8.820283843488141
2341.0,-1.0,18140.31028384349,18146.987,6.676716156511247
2342.0,1.0,18146.987,18161.98396471134,14.996964711339388
2343.0,-1.0,18161.98396471134,18162.484,0.5000352886600012
2344.0,1.0,18162.484,18170.093023061974,7.609023061973858
2345.0,-1.0,18170.093023061974,18177.981,7.887976938025531
2346.0,1.0,18177.981,18185.684953652835,7.70395365283548
2347.0,-1.0,18185.684953652835,18193.478,7.793046347163909
2348.0,1.0,18193.478,18193.978917134813,0.5009171348137897
2349.0,-1.0,18193.978917134813,18208.975,14.996082865185599
2350.0,1.0,18208.975,18218.114165451712,9.13916545171378
2351.0,-1.0,18218.114165451712,18224.471999999998,6.357834548285609
2352.0,1.0,18224.472,18239.469,14.996999999999389
2353.0,-1.0,18239.469,18239.969,0.5
2354.0,1.0,18239.969,18246.39370318174,6.42470318173946
2355.0,-1.0,18246.39370318174,18255.466,9.072296818259929
2356.0,1.0,18255.466,18269.035258570562,13.569258570561942
2357.0,-1.0,18269.035258570562,18270.963,1.9277414294374466
2358.0,1.0,18270.963,18280.374012330605,9.411012330605445
2359.0,-1.0,18280.374012330605,18286.46,6.085987669393944
2360.0,1.0,18286.46,18296.719012910304,10.259012910304591
2361.0,-1.0,18296.719012910304,18301.957,5.237987089694798
2362.0,1.0,18301.957,18316.722577130982,14.76557713098373
2363.0,-1.0,18316.722577130982,18317.453999999998,0.7314228690156597
2364.0,1.0,18317.454,18325.94827289592,8.494272895917675
2365.0,-1.0,18325.94827289592,18332.951,7.002727104081714
2366.0,1.0,18332.951,18344.290446771847,11.33944677184627
2367.0,-1.0,18344.290446771847,18348.448,4.15755322815312
2368.0,1.0,18348.448,18359.92969814552,11.481698145518749
2369.0,-1.0,18359.92969814552,18363.945,4.01530185448064
2370.0,1.0,18363.945,18372.76420747447,8.819207474469295
2371.0,-1.0,18372.76420747447,18379.442,6.677792525530094
2372.0,1.0,18379.442,18394.43876782363,14.996767823631671
2373.0,-1.0,18394.43876782363,18394.939,0.5002321763677173
2374.0,1.0,18394.939,18396.13942920273,1.2004292027304473
2375.0,-1.0,18396.13942920273,18410.435999999998,14.296570797268942
2376.0,1.0,18410.436,18425.423107609713,14.98710760971153
2377.0,-1.0,18425.423107609713,18425.933,0.5098923902878596
2378.0,1.0,18425.933,18436.47794312956,10.544943129560124
2379.0,-1.0,18436.47794312956,18441.43,4.9520568704392645
2380.0,1.0,18441.43,18452.12191944428,10.691919444278028
2381.0,-1.0,18452.12191944428,18456.927,4.805080555721361
2382.0,1.0,18456.927,18465.275733340342,8.348733340342733
2383.0,-1.0,18465.275733340342,18472.424,7.148266659656656
2384.0,1.0,18472.424,18479.013525748695,6.589525748695451
2385.0,-1.0,18479.013525748695,18487.921,8.907474251303938
2386.0,1.0,18487.921,18497.01817491408,9.097174914080824
2387.0,-1.0,18497.01817491408,18503.417999999998,6.399825085918565
2388.0,1.0,18503.418,18518.038982950362,14.620982950360485
2389.0,-1.0,18518.038982950362,18518.915,0.8760170496389037
2390.0,1.0,18518.915,18528.533421759377,9.61842175937636
2391.0,-1.0,18528.533421759377,18534.412,5.878578240623028
2392.0,1.0,18534.412,18548.7441839489,14.33218394889991
2393.0,-1.0,18548.7441839489,18549.909,1.1648160510994785
2394.0,1.0,18549.909,18559.35735531142,9.448355311418709
2395.0,-1.0,18559.35735531142,18565.406,6.04864468858068
2396.0,1.0,18565.406,18577.870449807924,12.46444980792512
2397.0,-1.0,18577.870449807924,18580.903,3.032550192074268
2398.0,1.0,18580.903,18590.35294592288,9.449945922882762
2399.0,-1.0,18590.35294592288,18596.399999999998,6.047054077116627
2400.0,1.0,18596.4,18606.539858465385,10.13985846538344
2401.0,-1.0,18606.539858465385,18611.897,5.357141534615948
2402.0,1.0,18611.897,18612.397,0.5
2403.0,-1.0,18612.397,18627.394,14.996999999999389
2404.0,1.0,18627.394,18642.391,14.996999999999389
2405.0,-1.0,18642.391,18642.891,0.5
2406.0,1.0,18642.891,18657.888,14.996999999999389
2407.0,-1.0,18657.888,18658.388,0.5
2408.0,1.0,18658.388,18671.008758792064,12.620758792065317
2409.0,-1.0,18671.008758792064,18673.885,2.876241207934072
2410.0,1.0,18673.885,18688.402111936368,14.517111936369474
2411.0,-1.0,18688.402111936368,18689.381999999998,0.9798880636299145
2412.0,1.0,18689.382,18702.312674272434,12.930674272432952
2413.0,-1.0,18702.312674272434,18704.879,2.5663257275664364
2414.0,1.0,18704.879,18719.876,14.996999999999389
2415.0,-1.0,18719.876,18720.376,0.5
2416.0,1.0,18720.376,18728.282645001207,7.906645001206925
2417.0,-1.0,18728.282645001207,18735.873,7.5903549987924634
2418.0,1.0,18735.873,18744.220282183804,8.347282183804055
2419.0,-1.0,18744.220282183804,18751.37,7.149717816195334
2420.0,1.0,18751.37,18759.373737574348,8.003737574348634
2421.0,-1.0,18759.373737574348,18766.867,7.493262425650755
2422.0,1.0,18766.867,18781.603023763895,14.73602376389681
2423.0,-1.0,18781.603023763895,18782.363999999998,0.7609762361025787
2424.0,1.0,18782.364,18795.10740767178,12.743407671780005
2425.0,-1.0,18795.10740767178,18797.861,2.7535923282193835
2426.0,1.0,18797.861,18798.361,0.5
2427.0,-1.0,18798.361,18813.358,14.996999999999389
2428.0,1.0,18813.358,18825.613819568196,12.255819568195875
2429.0,-1.0,18825.613819568196,18828.855,3.241180431803514
2430.0,1.0,18828.855,18829.39679218458,0.5417921845801175
2431.0,-1.0,18829.39679218458,18844.352,14.955207815419271
2432.0,1.0,18844.352,18848.260555431963,3.908555431964487
2433.0,-1.0,18848.260555431963,18859.849,11.588444568034902
2434.0,1.0,18859.849,18863.05172638251,3.202726382511173
2435.0,-1.0,18863.05172638251,18875.345999999998,12.294273617488216
2436.0,1.0,18875.346,18884.07536699799,8.729366997988109
2437.0,-1.0,18884.07536699799,18890.843,6.76763300201128
2438.0,1.0,18890.843,18905.84,14.996999999999389
2439.0,-1.0,18905.84,18906.34,0.5
2440.0,1.0,18906.34,18916.325255734555,9.985255734554812
2441.0,-1.0,18916.325255734555,18921.837,5.511744265444577
2442.0,1.0,18921.837,18928.742868256806,6.905868256806571
2443.0,-1.0,18928.742868256806,18937.334,8.591131743192818
2444.0,1.0,18937.334,18943.462749575894,6.128749575895199
2445.0,-1.0,18943.462749575894,18952.831,9.36825042410419
2446.0,1.0,18952.831,18955.400211221455,2.5692112214564986
2447.0,-1.0,18955.400211221455,18968.327999999998,12.92778877854289
2448.0,1.0,18968.328,18981.876930843828,13.548930843826383
2449.0,-1.0,18981.876930843828,18983.825,1.9480691561730055
2450.0,1.0,18983.825,18993.464654875308,9.639654875307315
2451.0,-1.0,18993.464654875308,18999.322,5.857345124692074
2452.0,1.0,18999.322,19010.662866119288,11.340866119287966
2453.0,-1.0,19010.662866119288,19014.819,4.1561338807114225
2454.0,1.0,19014.819,19023.651046889347,8.832046889347112
2455.0,-1.0,19023.651046889347,19030.316,6.664953110652277
2456.0,1.0,19030.316,19041.364174682174,11.048174682175159
2457.0,-1.0,19041.364174682174,19045.813,4.44882531782423
2458.0,1.0,19045.813,19056.579428937937,10.766428937939054
2459.0,-1.0,19056.579428937937,19061.309999999998,4.730571062060335
2460.0,1.0,19061.31,19076.306999897362,14.996999897361093
2461.0,-1.0,19076.306999897362,19076.807,0.5000001026382961
2462.0,1.0,19076.807,19087.12850422202,10.32150422201812
2463.0,-1.0,19087.12850422202,19092.304,5.1754957779812685
2464.0,1.0,19092.304,19098.605467386536,6.3014673865363875
2465.0,-1.0,19098.605467386536,19107.801,9.195532613463001
2466.0,1.0,19107.801,19122.797986170026,14.996986170026503
2467.0,-1.0,19122.797986170026,19123.298,0.500013829972886
2468.0,1.0,19123.298,19133.96364468553,10.665644685530424
2469.0,-1.0,19133.96364468553,19138.795,4.831355314468965
2470.0,1.0,19138.795,19142.705389904764,3.910389904765907
2471.0,-1.0,19142.705389904764,19154.291999999998,11.586610095233482
2472.0,1.0,19154.292,19169.289,14.996999999999389
2473.0,-1.0,19169.289,19169.789,0.5
2474.0,1.0,19169.789,19184.786,14.996999999999389
2475.0,-1.0,19184.786,19185.286,0.5
2476.0,1.0,19185.286,19190.504459713226,5.218459713225457
2477.0,-1.0,19190.504459713226,19200.783,10.278540286773932
2478.0,1.0,19200.783,19215.78,14.996999999999389
2479.0,-1.0,19215.78,19216.28,0.5
2480.0,1.0,19216.28,19227.74084202847,11.460842028471234
2481.0,-1.0,19227.74084202847,19231.777,4.036157971528155
2482.0,1.0,19231.777,19246.768829589964,14.991829589966073
2483.0,-1.0,19246.768829589964,19247.273999999998,0.5051704100333154
2484.0,1.0,19247.274,19257.846436421936,10.572436421934981
2485.0,-1.0,19257.846436421936,19262.771,4.924563578064408
2486.0,1.0,19262.771,19277.767998623272,14.996998623271793
2487.0,-1.0,19277.767998623272,19278.268,0.5000013767275959
2488.0,1.0,19278.268,19293.209272950793,14.941272950793064
2489.0,-1.0,19293.209272950793,19293.765,0.5557270492063253
2490.0,1.0,19293.765,19308.762,14.996999999999389
2491.0,-1.0,19308.762,19309.262,0.5
2492.0,1.0,19309.262,19319.285755795165,10.023755795165926
2493.0,-1.0,19319.285755795165,19324.759,5.473244204833463
2494.0,1.0,19324.759,19339.755999999998,14.996999999999389
2495.0,-1.0,19339.755999999998,19340.255999999998,0.5
2496.0,1.0,19340.256,19355.253,14.996999999999389
2497.0,-1.0,19355.253,19355.753,0.5
2498.0,1.0,19355.753,19365.487237111076,9.734237111075345
2499.0,-1.0,19365.487237111076,19371.25,5.762762888924044
2500.0,1.0,19371.25,19386.24653425503,14.996534255031293
2501.0,-1.0,19386.24653425503,19386.747,0.5004657449680963
2502.0,1.0,19386.747,19398.191769675108,11.444769675108546
2503.0,-1.0,19398.191769675108,19402.244,4.052230324890843
2504.0,1.0,19402.244,19417.240999999998,14.996999999999389
2505.0,-1.0,19417.240999999998,19417.740999999998,0.5
2506.0,1.0,19417.740999999998,19427.4449158149,9.703915814901848
2507.0,-1.0,19427.4449158149,19433.237999999998,5.793084185097541
2508.0,1.0,19433.238,19448.130371500236,14.89237150023473
2509.0,-1.0,19448.130371500236,19448.735,0.604628499764658
2510.0,1.0,19448.735,19457.48054662089,8.74554662088849
2511.0,-1.0,19457.48054662089,19464.232,6.751453379110899
2512.0,1.0,19464.232,19473.06260462803,8.830604628030414
2513.0,-1.0,19473.06260462803,19479.729,6.666395371968974
2514.0,1.0,19479.729,19491.140561937398,11.411561937398801
2515.0,-1.0,19491.140561937398,19495.226,4.085438062600588
2516.0,1.0,19495.226,19504.779404851062,9.553404851063533
2517.0,-1.0,19504.779404851062,19510.722999999998,5.943595148935856
2518.0,1.0,19510.722999999998,19525.719999999998,14.996999999999389
2519.0,-1.0,19525.719999999998,19526.219999999998,0.5
2520.0,1.0,19526.22,19533.834892252147,7.614892252146092
2521.0,-1.0,19533.834892252147,19541.717,7.882107747853297
2522.0,1.0,19541.717,19556.70905189546,14.992051895460463
2523.0,-1.0,19556.70905189546,19557.214,0.5049481045389257
2524.0,1.0,19557.214,19564.737829851787,7.5238298517870135
2525.0,-1.0,19564.737829851787,19572.711,7.973170148212375
2526.0,1.0,19572.711,19580.86347608746,8.152476087459945
2527.0,-1.0,19580.86347608746,19588.208,7.344523912539444
2528.0,1.0,19588.208,19600.543502059103,12.335502059104329
2529.0,-1.0,19600.543502059103,19603.704999999998,3.1614979408950603
2530.0,1.0,19603.704999999998,19618.701999999997,14.996999999999389
2531.0,-1.0,19618.701999999997,19619.201999999997,0.5
2532.0,1.0,19619.202,19627.452658732775,8.250658732773445
2533.0,-1.0,19627.452658732775,19634.699,7.246341267225944
2534.0,1.0,19634.699,19635.510840620827,0.8118406208268425
2535.0,-1.0,19635.510840620827,19650.196,14.685159379172546
2536.0,1.0,19650.196,19665.19261718805,14.99661718805146
2537.0,-1.0,19665.19261718805,19665.693,0.5003828119479294
2538.0,1.0,19665.693,19666.19386177302,0.5008617730200058
2539.0,-1.0,19666.19386177302,19681.19,14.996138226979383
2540.0,1.0,19681.19,19695.466452123626,14.276452123627678
2541.0,-1.0,19695.466452123626,19696.686999999998,1.220547876371711
2542.0,1.0,19696.686999999998,19711.683999972876,14.996999972878257
2543.0,-1.0,19711.683999972876,19712.183999999997,0.500000027121132
2544.0,1.0,19712.184,19727.18099862672,14.996998626720597
2545.0,-1.0,19727.18099862672,19727.681,0.500001373278792
2546.0,1.0,19727.681,19736.909358036715,9.22835803671478
2547.0,-1.0,19736.909358036715,19743.178,6.268641963284608
2548.0,1.0,19743.178,19756.11737182406,12.9393718240608
2549.0,-1.0,19756.11737182406,19758.675,2.5576281759385893
2550.0,1.0,19758.675,19770.03990583423,11.36490583423074
2551.0,-1.0,19770.03990583423,19774.172,4.132094165768649
2552.0,1.0,19774.172,19786.27650771212,12.104507712119812
2553.0,-1.0,19786.27650771212,19789.668999999998,3.392492287879577
2554.0,1.0,19789.668999999998,19800.95197967725,11.282979677253024
2555.0,-1.0,19800.95197967725,19805.165999999997,4.214020322746364
2556.0,1.0,19805.166,19819.69242717651,14.52642717650815
2557.0,-1.0,19819.69242717651,19820.663,0.9705728234912385
2558.0,1.0,19820.663,19821.16332980405,0.500329804050125
2559.0,-1.0,19821.16332980405,19836.16,14.996670195949264
2560.0,1.0,19836.16,19836.660000090687,0.5000000906875357
2561.0,-1.0,19836.660000090687,19851.657,14.996999909311853
2562.0,1.0,19851.657,19866.65235390458,14.995353904581862
2563.0,-1.0,19866.65235390458,19867.154,0.5016460954175272
2564.0,1.0,19867.154,19876.740167052514,9.58616705251552
2565.0,-1.0,19876.740167052514,19882.650999999998,5.910832947483868
2566.0,1.0,19882.651,19884.002978492994,1.3519784929922025
2567.0,-1.0,19884.002978492994,19898.148,14.145021507007186
2568.0,1.0,19898.148,19913.144999999957,14.996999999955733
2569.0,-1.0,19913.144999999957,19913.645,0.5000000000436557
2570.0,1.0,19913.645,19924.184497714356,10.539497714355093
2571.0,-1.0,19924.184497714356,19929.142,4.957502285644296
2572.0,1.0,19929.142,19929.642,0.5
2573.0,-1.0,19929.642,19944.639,14.996999999999389
2574.0,1.0,19944.639,19959.63599617112,14.996996171121282
2575.0,-1.0,19959.63599617112,19960.136,0.500003828878107
2576.0,1.0,19960.136,19974.63747533683,14.501475336830481
2577.0,-1.0,19974.63747533683,19975.632999999998,0.9955246631689079
2578.0,1.0,19975.633,19990.63,14.996999999999389
2579.0,-1.0,19990.63,19991.13,0.5
2580.0,1.0,19991.13,19999.40615363588,8.276153635877563
2581.0,-1.0,19999.40615363588,20006.627,7.220846364121826
2582.0,1.0,20006.627,20018.955368945008,12.328368945007242
2583.0,-1.0,20018.955368945008,20022.124,3.1686310549921473
2584.0,1.0,20022.124,20037.121,14.996999999999389
2585.0,-1.0,20037.121,20037.621,0.5
2586.0,1.0,20037.621,20039.97550542751,2.354505427509139
2587.0,-1.0,20039.97550542751,20053.118,13.14249457249025
2588.0,1.0,20053.118,20063.39275659397,10.274756593971688
2589.0,-1.0,20063.39275659397,20068.614999999998,5.222243406027701
2590.0,1.0,20068.615,20083.612,14.996999999999389
2591.0,-1.0,20083.612,20084.112,0.5
2592.0,1.0,20084.112,20094.060808686394,9.948808686393022
2593.0,-1.0,20094.060808686394,20099.609,5.548191313606367
2594.0,1.0,20099.609,20111.180209358612,11.571209358611668
2595.0,-1.0,20111.180209358612,20115.106,3.925790641387721
2596.0,1.0,20115.106,20130.102993939712,14.99699393971241
2597.0,-1.0,20130.102993939712,20130.603,0.500006060286978
2598.0,1.0,20130.603,20141.063760636658,10.46076063665896
2599.0,-1.0,20141.063760636658,20146.1,5.036239363340428
2600.0,1.0,20146.1,20157.724961516076,11.624961516077747
2601.0,-1.0,20157.724961516076,20161.596999999998,3.872038483921642
2602.0,1.0,20161.597,20176.59232815401,14.995328154007439
2603.0,-1.0,20176.59232815401,20177.094,0.5016718459919502
2604.0,1.0,20177.094,20192.091,14.996999999999389
2605.0,-1.0,20192.091,20192.591,0.5
2606.0,1.0,20192.591,20195.94996098208,3.3589609820810438
2607.0,-1.0,20195.94996098208,20208.088,12.138039017918345
2608.0,1.0,20208.088,20221.440007302856,13.352007302855782
2609.0,-1.0,20221.440007302856,20223.585,2.144992697143607
2610.0,1.0,20223.585,20231.029092148987,7.444092148987693
2611.0,-1.0,20231.029092148987,20239.082,8.052907851011696
2612.0,1.0,20239.082,20246.44988131036,7.367881310361554
2613.0,-1.0,20246.44988131036,20254.578999999998,8.129118689637835
2614.0,1.0,20254.579,20255.082218882468,0.5032188824661716
2615.0,-1.0,20255.082218882468,20270.076,14.993781117533217
2616.0,1.0,20270.076,20285.073,14.996999999999389
2617.0,-1.0,20285.073,20285.573,0.5
2618.0,1.0,20285.573,20300.57,14.996999999999389
2619.0,-1.0,20300.57,20301.07,0.5
2620.0,1.0,20301.07,20315.511287477628,14.441287477628066
2621.0,-1.0,20315.511287477628,20316.567,1.0557125223713228
2622.0,1.0,20316.567,20326.751327915583,10.184327915583708
2623.0,-1.0,20326.751327915583,20332.064,5.312672084415681
2624.0,1.0,20332.064,20345.933290660247,13.869290660248225
2625.0,-1.0,20345.933290660247,20347.560999999998,1.6277093397511635
2626.0,1.0,20347.561,20362.558,14.996999999999389
2627.0,-1.0,20362.558,20363.058,0.5
2628.0,1.0,20363.058,20375.032684468395,11.974684468394116
2629.0,-1.0,20375.032684468395,20378.555,3.5223155316052726
2630.0,1.0,20378.555,20389.05047954995,10.495479549950687
2631.0,-1.0,20389.05047954995,20394.052,5.001520450048702
2632.0,1.0,20394.052,20409.049,14.996999999999389
2633.0,-1.0,20409.049,20409.549,0.5
2634.0,1.0,20409.549,20421.364014840423,11.815014840423828
2635.0,-1.0,20421.364014840423,20425.046,3.681985159575561
2636.0,1.0,20425.046,20439.465633650518,14.419633650519245
2637.0,-1.0,20439.465633650518,20440.542999999998,1.077366349480144
2638.0,1.0,20440.543,20447.747593210024,7.204593210022722
2639.0,-1.0,20447.747593210024,20456.04,8.292406789976667
2640.0,1.0,20456.04,20471.037,14.996999999999389
2641.0,-1.0,20471.037,20471.537,0.5
2642.0,1.0,20471.537,20486.534,14.996999999999389
2643.0,-1.0,20486.534,20487.034,0.5
2644.0,1.0,20487.034,20492.496158566297,5.462158566297148
2645.0,-1.0,20492.496158566297,20502.531,10.03484143370224
2646.0,1.0,20502.531,20513.329204630652,10.798204630653345
2647.0,-1.0,20513.329204630652,20518.028,4.698795369346044
2648.0,1.0,20518.028,20530.713175518726,12.685175518727192
2649.0,-1.0,20530.713175518726,20533.524999999998,2.811824481272197
2650.0,1.0,20533.525,20542.868133672026,9.343133672024123
2651.0,-1.0,20542.868133672026,20549.022,6.1538663279752654
2652.0,1.0,20549.022,20564.019,14.996999999999389
2653.0,-1.0,20564.019,20564.519,0.5
2654.0,1.0,20564.519,20572.76514380273,8.24614380273124
2655.0,-1.0,20572.76514380273,20580.016,7.250856197268149
2656.0,1.0,20580.016,20592.073614574434,12.05761457443441
2657.0,-1.0,20592.073614574434,20595.513,3.4393854255649785
2658.0,1.0,20595.513,20610.51,14.996999999999389
2659.0,-1.0,20610.51,20611.01,0.5
2660.0,1.0,20611.01,20620.67232394145,9.662323941451177
2661.0,-1.0,20620.67232394145,20626.506999999998,5.834676058548212
2662.0,1.0,20626.507,20639.781229457665,13.27422945766375
2663.0,-1.0,20639.781229457665,20642.004,2.2227705423356383
2664.0,1.0,20642.004,20650.880312413647,8.876312413645792
2665.0,-1.0,20650.880312413647,20657.501,6.620687586353597
2666.0,1.0,20657.501,20672.498,14.996999999999389
2667.0,-1.0,20672.498,20672.998,0.5
2668.0,1.0,20672.998,20686.25889283032,13.26089283031979
2669.0,-1.0,20686.25889283032,20688.495,2.236107169679599
2670.0,1.0,20688.495,20697.452146027328,8.957146027329145
2671.0,-1.0,20697.452146027328,20703.992,6.539853972670244
2672.0,1.0,20703.992,20714.032243911617,10.040243911618745
2673.0,-1.0,20714.032243911617,20719.488999999998,5.456756088380644
2674.0,1.0,20719.489,20720.03346814638,0.544468146377767
2675.0,-1.0,20720.03346814638,20734.986,14.952531853621622
2676.0,1.0,20734.986,20747.09722377009,12.111223770090874
2677.0,-1.0,20747.09722377009,20750.483,3.3857762299085152
2678.0,1.0,20750.483,20763.832656929204,13.349656929203775
2679.0,-1.0,20763.832656929204,20765.98,2.147343070795614
2680.0,1.0,20765.98,20775.3583398753,9.378339875300298
2681.0,-1.0,20775.3583398753,20781.477,6.11866012469909
2682.0,1.0,20781.477,20793.213813838473,11.736813838473608
2683.0,-1.0,20793.213813838473,20796.974,3.7601861615257803
2684.0,1.0,20796.974,20811.970999999998,14.996999999999389
2685.0,-1.0,20811.970999999998,20812.470999999998,0.5
2686.0,1.0,20812.471,20827.468,14.996999999999389
2687.0,-1.0,20827.468,20827.968,0.5
2688.0,1.0,20827.968,20842.591981345784,14.62398134578325
2689.0,-1.0,20842.591981345784,20843.465,0.8730186542161391
2690.0,1.0,20843.465,20849.060891213507,5.5958912135065475
2691.0,-1.0,20849.060891213507,20858.962,9.901108786492841
2692.0,1.0,20858.962,20873.95888651998,14.996886519980762
2693.0,-1.0,20873.95888651998,20874.459,0.5001134800186264
2694.0,1.0,20874.459,20889.455994183056,14.996994183056813
2695.0,-1.0,20889.455994183056,20889.956,0.5000058169425756
2696.0,1.0,20889.956,20890.45600000251,0.5000000025102054
2697.0,-1.0,20890.45600000251,20905.452999999998,14.996999997489183
2698.0,1.0,20905.453,20920.447797073284,14.994797073282825
2699.0,-1.0,20920.447797073284,20920.95,0.5022029267165635
2700.0,1.0,20920.95,20922.99935864399,2.0493586439879437
2701.0,-1.0,20922.99935864399,20936.447,13.447641356011445
2702.0,1.0,20936.447,20951.443962345595,14.996962345594511
2703.0,-1.0,20951.443962345595,20951.944,0.5000376544048777
2704.0,1.0,20951.944,20966.941,14.996999999999389
2705.0,-1.0,20966.941,20967.441,0.5
2706.0,1.0,20967.441,20974.802512426086,7.361512426086847
2707.0,-1.0,20974.802512426086,20982.938,8.135487573912542
2708.0,1.0,20982.938,20989.93005817139,6.992058171392273
2709.0,-1.0,20989.93005817139,20998.434999999998,8.504941828607116
2710.0,1.0,20998.435,21013.425471334333,14.990471334331232
2711.0,-1.0,21013.425471334333,21013.932,0.5065286656681565
2712.0,1.0,21013.932,21028.929,14.996999999999389
2713.0,-1.0,21028.929,21029.429,0.5
2714.0,1.0,21029.429,21037.07581432116,7.646814321160491
2715.0,-1.0,21037.07581432116,21044.926,7.850185678838898
2716.0,1.0,21044.926,21059.91621031995,14.990210319949256
2717.0,-1.0,21059.91621031995,21060.423,0.506789680050133
2718.0,1.0,21060.423,21066.25070491424,5.827704914241622
2719.0,-1.0,21066.25070491424,21075.92,9.669295085757767
2720.0,1.0,21075.92,21085.947007709157,10.02700770915908
2721.0,-1.0,21085.947007709157,21091.416999999998,5.46999229084031
2722.0,1.0,21091.417,21100.379143988208,8.962143988206662
2723.0,-1.0,21100.379143988208,21106.914,6.534856011792726
2724.0,1.0,21106.914,21108.89169832442,1.9776983244191797
2725.0,-1.0,21108.89169832442,21122.411,13.51930167558021
2726.0,1.0,21122.411,21133.515071897487,11.104071897487302
2727.0,-1.0,21133.515071897487,21137.908,4.392928102512087
2728.0,1.0,21137.908,21152.903639870405,14.995639870405284
2729.0,-1.0,21152.903639870405,21153.405,0.5013601295941044
2730.0,1.0,21153.405,21168.402,14.996999999999389
2731.0,-1.0,21168.402,21168.902,0.5
2732.0,1.0,21168.902,21180.021245275682,11.11924527568408
2733.0,-1.0,21180.021245275682,21184.398999999998,4.377754724315309
2734.0,1.0,21184.399,21199.396,14.996999999999389
2735.0,-1.0,21199.396,21199.896,0.5
2736.0,1.0,21199.896,21212.310798408445,12.414798408444767
2737.0,-1.0,21212.310798408445,21215.393,3.0822015915546217
2738.0,1.0,21215.393,21228.09574340786,12.702743407859089
2739.0,-1.0,21228.09574340786,21230.89,2.7942565921403
2740.0,1.0,21230.89,21245.887,14.996999999999389
2741.0,-1.0,21245.887,21246.387,0.5
2742.0,1.0,21246.387,21246.887,0.5
2743.0,-1.0,21246.887,21261.884,14.996999999999389
2744.0,1.0,21261.884,21276.880999986846,14.996999986848095
2745.0,-1.0,21276.880999986846,21277.380999999998,0.5000000131512934
2746.0,1.0,21277.381,21286.942093923917,9.561093923915905
2747.0,-1.0,21286.942093923917,21292.878,5.935906076083484
2748.0,1.0,21292.878,21307.861058856568,14.983058856567368
2749.0,-1.0,21307.861058856568,21308.375,0.5139411434320209
2750.0,1.0,21308.375,21322.399189709267,14.024189709267375
2751.0,-1.0,21322.399189709267,21323.872,1.4728102907320135
2752.0,1.0,21323.872,21331.71136300908,7.839363009079534
2753.0,-1.0,21331.71136300908,21339.369,7.657636990919855
2754.0,1.0,21339.369,21347.106929586193,7.737929586193786
2755.0,-1.0,21347.106929586193,21354.865999999998,7.759070413805603
2756.0,1.0,21354.865999999998,21369.862999999998,14.996999999999389
2757.0,-1.0,21369.862999999998,21370.362999999998,0.5
2758.0,1.0,21370.363,21381.09169215994,10.728692159937054
2759.0,-1.0,21381.09169215994,21385.86,4.768307840062334
2760.0,1.0,21385.86,21400.857,14.996999999999389
2761.0,-1.0,21400.857,21401.357,0.5
2762.0,1.0,21401.357,21408.78480307135,7.427803071350354
2763.0,-1.0,21408.78480307135,21416.854,8.069196928649035
2764.0,1.0,21416.854,21430.590688988104,13.736688988105016
2765.0,-1.0,21430.590688988104,21432.351,1.7603110118943732
2766.0,1.0,21432.351,21447.347999999998,14.996999999999389
2767.0,-1.0,21447.347999999998,21447.847999999998,0.5
2768.0,1.0,21447.847999999998,21462.84371081256,14.99571081256363
2769.0,-1.0,21462.84371081256,21463.344999999998,0.5012891874357592
2770.0,1.0,21463.345,21478.342,14.996999999999389
2771.0,-1.0,21478.342,21478.842,0.5
2772.0,1.0,21478.842,21490.95191177666,12.109911776660738
2773.0,-1.0,21490.95191177666,21494.339,3.387088223338651
2774.0,1.0,21494.339,21509.335366729836,14.996366729836154
2775.0,-1.0,21509.335366729836,21509.836,0.5006332701632346
2776.0,1.0,21509.836,21524.83296524822,14.996965248221386
2777.0,-1.0,21524.83296524822,21525.333,0.5000347517780028
2778.0,1.0,21525.333,21540.326430477162,14.993430477163201
2779.0,-1.0,21540.326430477162,21540.829999999998,0.5035695228361874
2780.0,1.0,21540.829999999998,21555.826935455345,14.99693545534683
2781.0,-1.0,21555.826935455345,21556.326999999997,0.5000645446525596
2782.0,1.0,21556.327,21571.323999801392,14.996999801391212
2783.0,-1.0,21571.323999801392,21571.824,0.500000198608177
2784.0,1.0,21571.824,21580.38641162909,8.562411629089183
2785.0,-1.0,21580.38641162909,21587.321,6.934588370910205
2786.0,1.0,21587.321,21599.12478867341,11.803788673409144
2787.0,-1.0,21599.12478867341,21602.818,3.6932113265902444
2788.0,1.0,21602.818,21617.815,14.996999999999389
2789.0,-1.0,21617.815,21618.315,0.5
2790.0,1.0,21618.315,21627.867689336363,9.552689336363983
2791.0,-1.0,21627.867689336363,21633.811999999998,5.944310663635406
2792.0,1.0,21633.811999999998,21648.808999999997,14.996999999999389
2793.0,-1.0,21648.808999999997,21649.308999999997,0.5
2794.0,1.0,21649.309,21664.306,14.996999999999389
2795.0,-1.0,21664.306,21664.806,0.5
2796.0,1.0,21664.806,21679.803,14.996999999999389
2797.0,-1.0,21679.803,21680.303,0.5
2798.0,1.0,21680.303,21688.512523552075,8.209523552075552
2799.0,-1.0,21688.512523552075,21695.8,7.2874764479238365
2800.0,1.0,21695.8,21705.66554494868,9.865544948679599
2801.0,-1.0,21705.66554494868,21711.297,5.63145505131979
2802.0,1.0,21711.297,21722.989446385687,11.692446385688527
2803.0,-1.0,21722.989446385687,21726.793999999998,3.804553614310862
2804.0,1.0,21726.793999999998,21741.790999999997,14.996999999999389
2805.0,-1.0,21741.790999999997,21742.290999999997,0.5
2806.0,1.0,21742.291,21755.26105384843,12.970053848428506
2807.0,-1.0,21755.26105384843,21757.788,2.5269461515708826
2808.0,1.0,21757.788,21772.784963963415,14.9969639634146
2809.0,-1.0,21772.784963963415,21773.285,0.5000360365847882
2810.0,1.0,21773.285,21783.91087847029,10.625878470291354
2811.0,-1.0,21783.91087847029,21788.782,4.871121529708034
2812.0,1.0,21788.782,21803.779,14.996999999999389
2813.0,-1.0,21803.779,21804.279,0.5
2814.0,1.0,21804.279,21818.75235048906,14.473350489060977
2815.0,-1.0,21818.75235048906,21819.775999999998,1.0236495109384123
2816.0,1.0,21819.775999999998,21832.111543181472,12.33554318147435
2817.0,-1.0,21832.111543181472,21835.272999999997,3.161456818525039
2818.0,1.0,21835.273,21850.269998318294,14.996998318292754
2819.0,-1.0,21850.269998318294,21850.77,0.5000016817066353
2820.0,1.0,21850.77,21865.766986806986,14.99698680698566
2821.0,-1.0,21865.766986806986,21866.267,0.5000131930137286
2822.0,1.0,21866.267,21881.264,14.996999999999389
2823.0,-1.0,21881.264,21881.764,0.5
2824.0,1.0,21881.764,21896.761,14.996999999999389
2825.0,-1.0,21896.761,21897.261,0.5
2826.0,1.0,21897.261,21912.257999999998,14.996999999999389
2827.0,-1.0,21912.257999999998,21912.757999999998,0.5
2828.0,1.0,21912.758,21927.755,14.996999999999389
2829.0,-1.0,21927.755,21928.255,0.5
2830.0,1.0,21928.255,21943.252,14.996999999999389
2831.0,-1.0,21943.252,21943.752,0.5
2832.0,1.0,21943.752,21958.749,14.996999999999389
2833.0,-1.0,21958.749,21959.249,0.5
2834.0,1.0,21959.249,21971.261845440957,12.01284544095688
2835.0,-1.0,21971.261845440957,21974.746,3.4841545590425085
2836.0,1.0,21974.746,21989.743,14.996999999999389
2837.0,-1.0,21989.743,21990.243,0.5
2838.0,1.0,21990.243,22005.239997684097,14.99699768409846
2839.0,-1.0,22005.239997684097,22005.739999999998,0.5000023159009288
2840.0,1.0,22005.74,22016.18878004246,10.448780042457656
2841.0,-1.0,22016.18878004246,22021.237,5.048219957541733
2842.0,1.0,22021.237,22036.234,14.996999999999389
2843.0,-1.0,22036.234,22036.734,0.5
2844.0,1.0,22036.734,22046.350366406943,9.616366406942689
2845.0,-1.0,22046.350366406943,22052.231,5.8806335930567
2846.0,1.0,22052.231,22067.227999999985,14.996999999984837
2847.0,-1.0,22067.227999999985,22067.728,0.5000000000145519
2848.0,1.0,22067.728,22082.725,14.996999999999389
2849.0,-1.0,22082.725,22083.225,0.5
2850.0,1.0,22083.225,22098.221653662775,14.996653662776225
2851.0,-1.0,22098.221653662775,22098.721999999998,0.5003463372231636
2852.0,1.0,22098.722,22109.539141783967,10.81714178396578
2853.0,-1.0,22109.539141783967,22114.219,4.679858216033608
2854.0,1.0,22114.219,22123.488420978058,9.269420978056587
2855.0,-1.0,22123.488420978058,22129.716,6.227579021942802
2856.0,1.0,22129.716,22144.713,14.996999999999389
2857.0,-1.0,22144.713,22145.213,0.5
2858.0,1.0,22145.213,22160.21,14.996999999999389
2859.0,-1.0,22160.21,22160.71,0.5
2860.0,1.0,22160.71,22175.706983805554,14.996983805554919
2861.0,-1.0,22175.706983805554,22176.207,0.5000161944444699
2862.0,1.0,22176.207,22187.79222138291,11.585221382913005
2863.0,-1.0,22187.79222138291,22191.703999999998,3.9117786170863837
2864.0,1.0,22191.704,22200.762150476734,9.058150476732408
2865.0,-1.0,22200.762150476734,22207.201,6.438849523266981
2866.0,1.0,22207.201,22222.198,14.996999999999389
2867.0,-1.0,22222.198,22222.698,0.5
2868.0,1.0,22222.698,22237.695,14.996999999999389
2869.0,-1.0,22237.695,22238.195,0.5
2870.0,1.0,22238.195,22246.41599052369,8.22099052368867
2871.0,-1.0,22246.41599052369,22253.692,7.276009476310719
2872.0,1.0,22253.692,22268.43383319991,14.741833199910616
2873.0,-1.0,22268.43383319991,22269.189,0.755166800088773
2874.0,1.0,22269.189,22283.779366003266,14.590366003267263
2875.0,-1.0,22283.779366003266,22284.685999999998,0.9066339967321255
2876.0,1.0,22284.686,22299.68299919168,14.996999191676878
2877.0,-1.0,22299.68299919168,22300.183,0.5000008083225111
2878.0,1.0,22300.183,22315.18,14.996999999999389
2879.0,-1.0,22315.18,22315.68,0.5
2880.0,1.0,22315.68,22325.249598761187,9.56959876118708
2881.0,-1.0,22325.249598761187,22331.177,5.927401238812308
2882.0,1.0,22331.177,22342.038383222614,10.861383222614677
2883.0,-1.0,22342.038383222614,22346.674,4.635616777384712
2884.0,1.0,22346.674,22359.604407398947,12.930407398947864
2885.0,-1.0,22359.604407398947,22362.171,2.566592601051525
2886.0,1.0,22362.171,22377.167999999998,14.996999999999389
2887.0,-1.0,22377.167999999998,22377.667999999998,0.5
2888.0,1.0,22377.668,22392.665,14.996999999999389
2889.0,-1.0,22392.665,22393.165,0.5
2890.0,1.0,22393.165,22393.665,0.5
2891.0,-1.0,22393.665,22408.662,14.996999999999389
2892.0,1.0,22408.662,22409.162,0.5
2893.0,-1.0,22409.162,22424.159,14.996999999999389
2894.0,1.0,22424.159,22439.149070476615,14.990070476615074
2895.0,-1.0,22439.149070476615,22439.656,0.506929523384315
2896.0,1.0,22439.656,22454.653,14.996999999999389
2897.0,-1.0,22454.653,22455.153,0.5
2898.0,1.0,22455.153,22455.942487843655,0.7894878436563886
2899.0,-1.0,22455.942487843655,22470.649999999998,14.707512156343
2900.0,1.0,22470.65,22484.243832311175,13.593832311173173
2901.0,-1.0,22484.243832311175,22486.147,1.9031676888262155
2902.0,1.0,22486.147,22486.647,0.5
2903.0,-1.0,22486.647,22501.644,14.996999999999389
2904.0,1.0,22501.644,22512.3614834202,10.71748342020146
2905.0,-1.0,22512.3614834202,22517.141,4.779516579797928
2906.0,1.0,22517.141,22532.138,14.996999999999389
2907.0,-1.0,22532.138,22532.638,0.5
2908.0,1.0,22532.638,22547.635,14.996999999999389
2909.0,-1.0,22547.635,22548.135,0.5
2910.0,1.0,22548.135,22563.131925274785,14.996925274786918
2911.0,-1.0,22563.131925274785,22563.631999999998,0.5000747252124711
2912.0,1.0,22563.632,22575.201956404242,11.569956404240656
2913.0,-1.0,22575.201956404242,22579.129,3.9270435957587324
2914.0,1.0,22579.129,22591.387578171514,12.258578171513363
2915.0,-1.0,22591.387578171514,22594.626,3.2384218284860253
2916.0,1.0,22594.626,22609.623,14.996999999999389
2917.0,-1.0,22609.623,22610.123,0.5
2918.0,1.0,22610.123,22625.11998671048,14.996986710480996
2919.0,-1.0,22625.11998671048,22625.62,0.5000132895183924
2920.0,1.0,22625.62,22626.12215798392,0.5021579839194601
2921.0,-1.0,22626.12215798392,22641.117,14.994842016079929
2922.0,1.0,22641.117,22656.113999999998,14.996999999999389
2923.0,-1.0,22656.113999999998,22656.613999999998,0.5
2924.0,1.0,22656.614,22669.729935921983,13.115935921981873
2925.0,-1.0,22669.729935921983,22672.111,2.3810640780175163
2926.0,1.0,22672.111,22683.01149431927,10.900494319270365
2927.0,-1.0,22683.01149431927,22687.608,4.596505680729024
2928.0,1.0,22687.608,22702.14479266411,14.536792664108361
2929.0,-1.0,22702.14479266411,22703.105,0.9602073358910275
2930.0,1.0,22703.105,22718.102,14.996999999999389
2931.0,-1.0,22718.102,22718.602,0.5
2932.0,1.0,22718.602,22733.568566603804,14.966566603805404
2933.0,-1.0,22733.568566603804,22734.099,0.5304333961939847
2934.0,1.0,22734.099,22749.095999999998,14.996999999999389
2935.0,-1.0,22749.095999999998,22749.595999999998,0.5
2936.0,1.0,22749.596,22764.593,14.996999999999389
2937.0,-1.0,22764.593,22765.093,0.5
2938.0,1.0,22765.093,22775.161838913366,10.068838913364743
2939.0,-1.0,22775.161838913366,22780.59,5.4281610866346455
2940.0,1.0,22780.59,22795.58156224522,14.991562245220848
2941.0,-1.0,22795.58156224522,22796.087,0.5054377547785407
2942.0,1.0,22796.087,22811.083999103383,14.996999103383132
2943.0,-1.0,22811.083999103383,22811.584,0.5000008966162568
2944.0,1.0,22811.584,22826.580981486473,14.996981486474397
2945.0,-1.0,22826.580981486473,22827.081,0.5000185135249922
2946.0,1.0,22827.081,22842.077999999998,14.996999999999389
2947.0,-1.0,22842.077999999998,22842.577999999998,0.5
2948.0,1.0,22842.578,22857.57492016453,14.996920164529001
2949.0,-1.0,22857.57492016453,22858.075,0.5000798354703875
2950.0,1.0,22858.075,22873.02371490192,14.94871490191872
2951.0,-1.0,22873.02371490192,22873.572,0.5482850980806688
2952.0,1.0,22873.572,22874.072,0.5
2953.0,-1.0,22874.072,22889.069,14.996999999999389
2954.0,1.0,22889.069,22904.065999608993,14.996999608993065
2955.0,-1.0,22904.065999608993,22904.566,0.5000003910063242
2956.0,1.0,22904.566,22918.72983692307,14.163836923071358
2957.0,-1.0,22918.72983692307,22920.063,1.333163076928031
2958.0,1.0,22920.063,22920.563007414217,0.5000074142189987
2959.0,-1.0,22920.563007414217,22935.559999999998,14.99699258578039
2960.0,1.0,22935.56,22941.703679748054,6.1436797480528185
2961.0,-1.0,22941.703679748054,22951.057,9.35332025194657
2962.0,1.0,22951.057,22966.054,14.996999999999389
2963.0,-1.0,22966.054,22966.554,0.5
2964.0,1.0,22966.554,22979.82262655196,13.268626551958732
2965.0,-1.0,22979.82262655196,22982.051,2.2283734480406565
2966.0,1.0,22982.051,22996.951139811106,14.900139811106783
2967.0,-1.0,22996.951139811106,22997.548,0.596860188892606
2968.0,1.0,22997.548,23006.87265558939,9.324655589392933
2969.0,-1.0,23006.87265558939,23013.045,6.172344410606456
2970.0,1.0,23013.045,23028.041985334465,14.996985334466444
2971.0,-1.0,23028.041985334465,23028.541999999998,0.5000146655329445
2972.0,1.0,23028.542,23043.538919377646,14.9969193776451
2973.0,-1.0,23043.538919377646,23044.039,0.5000806223542895
2974.0,1.0,23044.039,23053.499165498542,9.460165498541755
2975.0,-1.0,23053.499165498542,23059.536,6.0368345014576335
2976.0,1.0,23059.536,23074.533,14.996999999999389
2977.0,-1.0,23074.533,23075.033,0.5
2978.0,1.0,23075.033,23090.03,14.996999999999389
2979.0,-1.0,23090.03,23090.53,0.5
2980.0,1.0,23090.53,23105.13514309568,14.605143095679523
2981.0,-1.0,23105.13514309568,23106.027,0.8918569043198659
2982.0,1.0,23106.027,23121.023999999998,14.996999999999389
2983.0,-1.0,23121.023999999998,23121.523999999998,0.5
2984.0,1.0,23121.524,23136.52093649952,14.996936499519506
2985.0,-1.0,23136.52093649952,23137.021,0.5000635004798824
2986.0,1.0,23137.021,23152.018,14.996999999999389
2987.0,-1.0,23152.018,23152.518,0.5
2988.0,1.0,23152.518,23167.514989304946,14.9969893049456
2989.0,-1.0,23167.514989304946,23168.015,0.5000106950537884
2990.0,1.0,23168.015,23182.991176848464,14.976176848464092
2991.0,-1.0,23182.991176848464,23183.512,0.5208231515352963
2992.0,1.0,23183.512,23191.749226437103,8.237226437104255
2993.0,-1.0,23191.749226437103,23199.009,7.259773562895134
2994.0,1.0,23199.009,23214.005999999998,14.996999999999389
2995.0,-1.0,23214.005999999998,23214.505999999998,0.5
2996.0,1.0,23214.506,23229.50299910592,14.996999105918803
2997.0,-1.0,23229.50299910592,23230.003,0.5000008940805856
2998.0,1.0,23230.003,23244.99987100623,14.996871006227593
2999.0,-1.0,23244.99987100623,23245.5,0.5001289937717956
3000.0,1.0,23245.5,23260.497,14.996999999999389
3001.0,-1.0,23260.497,23260.997,0.5
3002.0,1.0,23260.997,23275.993634988845,14.996634988845472
3003.0,-1.0,23275.993634988845,23276.494,0.5003650111539173
3004.0,1.0,23276.494,23290.84067994961,14.346679949612735
3005.0,-1.0,23290.84067994961,23291.990999999998,1.1503200503866537
3006.0,1.0,23291.990999999998,23306.987999999998,14.996999999999389
3007.0,-1.0,23306.987999999998,23307.487999999998,0.5
3008.0,1.0,23307.488,23308.001749329593,0.5137493295915192
3009.0,-1.0,23308.001749329593,23322.985,14.98325067040787
3010.0,1.0,23322.985,23337.670088136867,14.685088136866398
3011.0,-1.0,23337.670088136867,23338.482,0.8119118631329911
3012.0,1.0,23338.482,23351.364757438827,12.882757438826957
3013.0,-1.0,23351.364757438827,23353.979,2.614242561172432
3014.0,1.0,23353.979,23368.084567480397,14.10556748039744
3015.0,-1.0,23368.084567480397,23369.476,1.391432519601949
3016.0,1.0,23369.476,23381.7353228522,12.259322852201876
3017.0,-1.0,23381.7353228522,23384.972999999998,3.2376771477975126
3018.0,1.0,23384.972999999998,23399.969993098068,14.996993098069652
3019.0,-1.0,23399.969993098068,23400.469999999998,0.5000069019297371
3020.0,1.0,23400.47,23414.58044200302,14.11044200302058
3021.0,-1.0,23414.58044200302,23415.967,1.3865579969788087
3022.0,1.0,23415.967,23430.964,14.996999999999389
3023.0,-1.0,23430.964,23431.464,0.5
3024.0,1.0,23431.464,23445.879198483497,14.415198483497079
3025.0,-1.0,23445.879198483497,23446.961,1.0818015165023098
3026.0,1.0,23446.961,23457.858204427357,10.897204427357792
3027.0,-1.0,23457.858204427357,23462.458,4.599795572641597
3028.0,1.0,23462.458,23477.454999999998,14.996999999999389
3029.0,-1.0,23477.454999999998,23477.954999999998,0.5
3030.0,1.0,23477.954999999998,23478.493365463128,0.538365463129594
3031.0,-1.0,23478.493365463128,23493.451999999997,14.958634536869795
3032.0,1.0,23493.452,23508.447894745754,14.995894745752594
3033.0,-1.0,23508.447894745754,23508.949,0.5011052542467951
3034.0,1.0,23508.949,23523.94595704668,14.99695704667829
3035.0,-1.0,23523.94595704668,23524.446,0.500042953321099
3036.0,1.0,23524.446,23532.81846307366,8.372463073661493
3037.0,-1.0,23532.81846307366,23539.943,7.124536926337896
3038.0,1.0,23539.943,23550.779863865166,10.836863865166379
3039.0,-1.0,23550.779863865166,23555.44,4.66013613483301
3040.0,1.0,23555.44,23570.436999999998,14.996999999999389
3041.0,-1.0,23570.436999999998,23570.936999999998,0.5
3042.0,1.0,23570.936999999998,23585.933999999997,14.996999999999389
3043.0,-1.0,23585.933999999997,23586.433999999997,0.5
3044.0,1.0,23586.434,23601.431,14.996999999999389
3045.0,-1.0,23601.431,23601.931,0.5
3046.0,1.0,23601.931,23610.984191431904,9.053191431903542
3047.0,-1.0,23610.984191431904,23617.428,6.443808568095847
3048.0,1.0,23617.428,23627.88823205235,10.460232052351785
3049.0,-1.0,23627.88823205235,23632.925,5.036767947647604
3050.0,1.0,23632.925,23644.124782843777,11.199782843777939
3051.0,-1.0,23644.124782843777,23648.422,4.29721715622145
3052.0,1.0,23648.422,23663.418999999998,14.996999999999389
3053.0,-1.0,23663.418999999998,23663.918999999998,0.5
3054.0,1.0,23663.918999999998,23678.915999999997,14.996999999999389
3055.0,-1.0,23678.915999999997,23679.415999999997,0.5
3056.0,1.0,23679.416,23694.413,14.996999999999389
3057.0,-1.0,23694.413,23694.913,0.5
3058.0,1.0,23694.913,23709.889821103676,14.97682110367532
3059.0,-1.0,23709.889821103676,23710.41,0.5201788963240688
3060.0,1.0,23710.41,23721.695476412096,11.285476412096614
3061.0,-1.0,23721.695476412096,23725.907,4.211523587902775
3062.0,1.0,23725.907,23726.407,0.5
3063.0,-1.0,23726.407,23741.404,14.996999999999389
3064.0,1.0,23741.404,23756.400999999998,14.996999999999389
3065.0,-1.0,23756.400999999998,23756.900999999998,0.5
3066.0,1.0,23756.900999999998,23764.78495740841,7.883957408412243
3067.0,-1.0,23764.78495740841,23772.397999999997,7.613042591587146
3068.0,1.0,23772.398,23787.394994114045,14.996994114044355
3069.0,-1.0,23787.394994114045,23787.895,0.5000058859550336
3070.0,1.0,23787.895,23802.892,14.996999999999389
3071.0,-1.0,23802.892,23803.392,0.5
3072.0,1.0,23803.392,23818.388999876053,14.99699987605345
3073.0,-1.0,23818.388999876053,23818.889,0.500000123945938
3074.0,1.0,23818.889,23833.88599718067,14.996997180671315
3075.0,-1.0,23833.88599718067,23834.386,0.5000028193280741
3076.0,1.0,23834.386,23849.38299866503,14.996998665032152
3077.0,-1.0,23849.38299866503,23849.882999999998,0.5000013349672372
3078.0,1.0,23849.883,23864.879999998888,14.996999998886167
3079.0,-1.0,23864.879999998888,23865.38,0.5000000011132215
3080.0,1.0,23865.38,23865.88,0.5
3081.0,-1.0,23865.88,23880.877,14.996999999999389
3082.0,1.0,23880.877,23895.873976826413,14.99697682641272
3083.0,-1.0,23895.873976826413,23896.374,0.5000231735866691
3084.0,1.0,23896.374,23910.86683164506,14.492831645060505
3085.0,-1.0,23910.86683164506,23911.871,1.0041683549388836
3086.0,1.0,23911.871,23925.31219843775,13.441198437751154
3087.0,-1.0,23925.31219843775,23927.368,2.0558015622482344
3088.0,1.0,23927.368,23942.364999999998,14.996999999999389
3089.0,-1.0,23942.364999999998,23942.864999999998,0.5
3090.0,1.0,23942.865,23957.862,14.996999999999389
3091.0,-1.0,23957.862,23958.362,0.5
3092.0,1.0,23958.362,23973.325533823612,14.963533823611215
3093.0,-1.0,23973.325533823612,23973.859,0.5334661763881741
3094.0,1.0,23973.859,23988.856,14.996999999999389
3095.0,-1.0,23988.856,23989.356,0.5
3096.0,1.0,23989.356,24004.33227596039,14.976275960390922
3097.0,-1.0,24004.33227596039,24004.853,0.5207240396084671
3098.0,1.0,24004.853,24019.23796856486,14.384968564860174
3099.0,-1.0,24019.23796856486,24020.35,1.1120314351392153
3100.0,1.0,24020.35,24032.568798353124,12.218798353125749
3101.0,-1.0,24032.568798353124,24035.846999999998,3.27820164687364
3102.0,1.0,24035.847,24036.347056726052,0.5000567260503885
3103.0,-1.0,24036.347056726052,24051.344,14.996943273949
3104.0,1.0,24051.344,24066.340992217887,14.996992217886145
3105.0,-1.0,24066.340992217887,24066.841,0.5000077821132436
3106.0,1.0,24066.841,24081.726881283186,14.885881283185881
3107.0,-1.0,24081.726881283186,24082.338,0.6111187168135075
3108.0,1.0,24082.338,24097.334999995135,14.996999995135411
3109.0,-1.0,24097.334999995135,24097.835,0.5000000048639777
3110.0,1.0,24097.835,24111.584210248482,13.749210248482996
3111.0,-1.0,24111.584210248482,24113.332,1.7477897515163932
3112.0,1.0,24113.332,24128.328999999998,14.996999999999389
3113.0,-1.0,24128.328999999998,24128.828999999998,0.5
3114.0,1.0,24128.829,24143.1083981776,14.279398177597614
3115.0,-1.0,24143.1083981776,24144.326,1.2176018224017753
3116.0,1.0,24144.326,24159.322827167332,14.996827167331503
3117.0,-1.0,24159.322827167332,24159.823,0.5001728326678858
3118.0,1.0,24159.823,24171.664803028325,11.841803028324648
3119.0,-1.0,24171.664803028325,24175.32,3.655196971674741
3120.0,1.0,24175.32,24190.317,14.996999999999389
3121.0,-1.0,24190.317,24190.817,0.5
3122.0,1.0,24190.817,24205.3486694706,14.531669470601628
3123.0,-1.0,24205.3486694706,24206.314,0.965330529397761
3124.0,1.0,24206.314,24221.310995498854,14.99699549885554
3125.0,-1.0,24221.310995498854,24221.810999999998,0.5000045011438488
3126.0,1.0,24221.811,24234.59020831009,12.779208310086688
3127.0,-1.0,24234.59020831009,24237.308,2.7177916899127013
3128.0,1.0,24237.308,24252.30497905237,14.99697905236826
3129.0,-1.0,24252.30497905237,24252.805,0.5000209476311284
3130.0,1.0,24252.805,24253.305,0.5
3131.0,-1.0,24253.305,24268.302,14.996999999999389
3132.0,1.0,24268.302,24283.286930627066,14.984930627066205
3133.0,-1.0,24283.286930627066,24283.799,0.5120693729331833
3134.0,1.0,24283.799,24298.795822345946,14.996822345947294
3135.0,-1.0,24298.795822345946,24299.296,0.500177654052095
3136.0,1.0,24299.296,24313.36924656034,14.07324656034325
3137.0,-1.0,24313.36924656034,24314.792999999998,1.4237534396561387
3138.0,1.0,24314.793,24329.79,14.996999999999389
3139.0,-1.0,24329.79,24330.29,0.5
3140.0,1.0,24330.29,24345.287,14.996999999999389
3141.0,-1.0,24345.287,24345.787,0.5
3142.0,1.0,24345.787,24360.784,14.996999999999389
3143.0,-1.0,24360.784,24361.284,0.5
3144.0,1.0,24361.284,24376.281,14.996999999999389
3145.0,-1.0,24376.281,24376.781,0.5
3146.0,1.0,24376.781,24391.777689952927,14.996689952928136
3147.0,-1.0,24391.777689952927,24392.278,0.5003100470712525
3148.0,1.0,24392.278,24405.821932365216,13.543932365217188
3149.0,-1.0,24405.821932365216,24407.774999999998,1.953067634782201
3150.0,1.0,24407.775,24422.771356858448,14.996356858446234
3151.0,-1.0,24422.771356858448,24423.272,0.5006431415531551
3152.0,1.0,24423.272,24438.269,14.996999999999389
3153.0,-1.0,24438.269,24438.769,0.5
3154.0,1.0,24438.769,24452.34150566328,13.572505663280026
3155.0,-1.0,24452.34150566328,24454.266,1.9244943367193628
3156.0,1.0,24454.266,24468.83076145848,14.564761458481371
3157.0,-1.0,24468.83076145848,24469.763,0.9322385415180179
3158.0,1.0,24469.763,24484.301670231653,14.538670231653668
3159.0,-1.0,24484.301670231653,24485.26,0.9583297683457204
3160.0,1.0,24485.26,24500.256999999998,14.996999999999389
3161.0,-1.0,24500.256999999998,24500.756999999998,0.5
3162.0,1.0,24500.757,24510.454934261303,9.69793426130127
3163.0,-1.0,24510.454934261303,24516.254,5.799065738698118
3164.0,1.0,24516.254,24519.031870011786,2.777870011785126
3165.0,-1.0,24519.031870011786,24531.751,12.719129988214263
3166.0,1.0,24531.751,24546.747991028325,14.996991028325283
3167.0,-1.0,24546.747991028325,24547.248,0.5000089716741059
3168.0,1.0,24547.248,24562.181736985505,14.933736985505675
3169.0,-1.0,24562.181736985505,24562.745,0.5632630144937139
3170.0,1.0,24562.745,24566.685629209234,3.9406292092353397
3171.0,-1.0,24566.685629209234,24578.242,11.55637079076405
3172.0,1.0,24578.242,24593.12935507498,14.887355074981315
3173.0,-1.0,24593.12935507498,24593.738999999998,0.609644925018074
3174.0,1.0,24593.739,24608.736,14.996999999999389
3175.0,-1.0,24608.736,24609.236,0.5
3176.0,1.0,24609.236,24624.191450430935,14.955450430934434
3177.0,-1.0,24624.191450430935,24624.733,0.541549569064955
3178.0,1.0,24624.733,24636.506741561254,11.7737415612537
3179.0,-1.0,24636.506741561254,24640.23,3.723258438745688
3180.0,1.0,24640.23,24655.227,14.996999999999389
3181.0,-1.0,24655.227,24655.727,0.5
3182.0,1.0,24655.727,24670.724,14.996999999999389
3183.0,-1.0,24670.724,24671.224,0.5
3184.0,1.0,24671.224,24686.180658682402,14.95665868240394
3185.0,-1.0,24686.180658682402,24686.720999999998,0.5403413175954483
3186.0,1.0,24686.721,24701.718,14.996999999999389
3187.0,-1.0,24701.718,24702.218,0.5
3188.0,1.0,24702.218,24717.214996245988,14.996996245987248
3189.0,-1.0,24717.214996245988,24717.715,0.5000037540121411
3190.0,1.0,24717.715,24732.712,14.996999999999389
3191.0,-1.0,24732.712,24733.212,0.5
3192.0,1.0,24733.212,24748.141484835145,14.929484835145558
3193.0,-1.0,24748.141484835145,24748.709,0.5675151648538304
3194.0,1.0,24748.709,24763.70595076796,14.996950767959788
3195.0,-1.0,24763.70595076796,24764.206,0.5000492320396006
3196.0,1.0,24764.206,24779.201449962857,14.995449962858402
3197.0,-1.0,24779.201449962857,24779.702999999998,0.5015500371409871
3198.0,1.0,24779.703,24792.277957072096,12.574957072094548
3199.0,-1.0,24792.277957072096,24795.2,2.9220429279048403
3200.0,1.0,24795.2,24810.197,14.996999999999389
3201.0,-1.0,24810.197,24810.697,0.5
3202.0,1.0,24810.697,24817.894293296074,7.197293296074349
3203.0,-1.0,24817.894293296074,24826.194,8.29970670392504
3204.0,1.0,24826.194,24841.19011984502,14.996119845021894
3205.0,-1.0,24841.19011984502,24841.691,0.5008801549774944
3206.0,1.0,24841.691,24856.688,14.996999999999389
3207.0,-1.0,24856.688,24857.188,0.5
3208.0,1.0,24857.188,24872.184999350746,14.996999350747501
3209.0,-1.0,24872.184999350746,24872.684999999998,0.5000006492518878
3210.0,1.0,24872.685,24887.682,14.996999999999389
3211.0,-1.0,24887.682,24888.182,0.5
3212.0,1.0,24888.182,24903.129542316747,14.947542316745967
3213.0,-1.0,24903.129542316747,24903.679,0.5494576832534221
3214.0,1.0,24903.679,24918.676,14.996999999999389
3215.0,-1.0,24918.676,24919.176,0.5
3216.0,1.0,24919.176,24934.173,14.996999999999389
3217.0,-1.0,24934.173,24934.673,0.5
3218.0,1.0,24934.673,24949.669795510865,14.996795510865923
3219.0,-1.0,24949.669795510865,24950.17,0.5002044891334663
3220.0,1.0,24950.17,24965.001554359776,14.831554359778238
3221.0,-1.0,24965.001554359776,24965.666999999998,0.6654456402211508
3222.0,1.0,24965.667,24969.484726710685,3.817726710683928
3223.0,-1.0,24969.484726710685,24981.164,11.67927328931546
3224.0,1.0,24981.164,24996.160868174044,14.996868174042902
3225.0,-1.0,24996.160868174044,24996.661,0.5001318259564869
3226.0,1.0,24996.661,25000.56997310494,3.908973104938923
3227.0,-1.0,25000.56997310494,25012.158,11.588026895060466
3228.0,1.0,25012.158,25027.155,14.996999999999389
3229.0,-1.0,25027.155,25027.655,0.5
3230.0,1.0,25027.655,25039.233611676646,11.578611676646688
3231.0,-1.0,25039.233611676646,25043.152,3.9183883233527013
3232.0,1.0,25043.152,25057.965497207988,14.813497207989712
3233.0,-1.0,25057.965497207988,25058.648999999998,0.6835027920096763
3234.0,1.0,25058.649,25073.646,14.996999999999389
3235.0,-1.0,25073.646,25074.146,0.5
3236.0,1.0,25074.146,25089.143,14.996999999999389
3237.0,-1.0,25089.143,25089.643,0.5
3238.0,1.0,25089.643,25104.64,14.996999999999389
3239.0,-1.0,25104.64,25105.14,0.5
3240.0,1.0,25105.14,25120.13699653148,14.996996531481273
3241.0,-1.0,25120.13699653148,25120.637,0.5000034685181163
3242.0,1.0,25120.637,25124.857016461367,4.220016461367777
3243.0,-1.0,25124.857016461367,25136.134,11.276983538631612
3244.0,1.0,25136.134,25151.130999999998,14.996999999999389
3245.0,-1.0,25151.130999999998,25151.630999999998,0.5
3246.0,1.0,25151.631,25166.628,14.996999999999389
3247.0,-1.0,25166.628,25167.128,0.5
3248.0,1.0,25167.128,25182.124084861523,14.996084861522831
3249.0,-1.0,25182.124084861523,25182.625,0.5009151384765573
3250.0,1.0,25182.625,25197.622,14.996999999999389
3251.0,-1.0,25197.622,25198.122,0.5
3252.0,1.0,25198.122,25213.097351496133,14.975351496133953
3253.0,-1.0,25213.097351496133,25213.619,0.5216485038654355
3254.0,1.0,25213.619,25228.615999999998,14.996999999999389
3255.0,-1.0,25228.615999999998,25229.115999999998,0.5
3256.0,1.0,25229.115999999998,25240.06676572931,10.95076572931066
3257.0,-1.0,25240.06676572931,25244.612999999998,4.546234270688728
3258.0,1.0,25244.613,25245.11300314247,0.5000031424679037
3259.0,-1.0,25245.11300314247,25260.11,14.996996857531485
3260.0,1.0,25260.11,25274.555500392507,14.445500392506801
3261.0,-1.0,25274.555500392507,25275.607,1.0514996074925875
3262.0,1.0,25275.607,25279.196077478548,3.5890774785475514
3263.0,-1.0,25279.196077478548,25291.104,11.907922521451837
3264.0,1.0,25291.104,25306.101,14.996999999999389
3265.0,-1.0,25306.101,25306.601,0.5
3266.0,1.0,25306.601,25321.59795616331,14.996956163311552
3267.0,-1.0,25321.59795616331,25322.097999999998,0.500043836687837
3268.0,1.0,25322.097999999998,25337.094999999998,14.996999999999389
3269.0,-1.0,25337.094999999998,25337.594999999998,0.5
3270.0,1.0,25337.595,25352.559882045218,14.964882045216655
3271.0,-1.0,25352.559882045218,25353.092,0.5321179547827342
3272.0,1.0,25353.092,25367.789172057022,14.697172057021817
3273.0,-1.0,25367.789172057022,25368.589,0.7998279429775721
3274.0,1.0,25368.589,25383.585997214966,14.996997214966541
3275.0,-1.0,25383.585997214966,25384.086,0.5000027850328479
3276.0,1.0,25384.086,25399.06283097393,14.976830973930191
3277.0,-1.0,25399.06283097393,25399.583,0.5201690260691976
3278.0,1.0,25399.583,25413.64143612965,14.058436129649635
3279.0,-1.0,25413.64143612965,25415.079999999998,1.4385638703497534
3280.0,1.0,25415.079999999998,25418.493992445172,3.4139924451737897
3281.0,-1.0,25418.493992445172,25430.576999999997,12.083007554825599
3282.0,1.0,25430.577,25445.573981770616,14.996981770615093
3283.0,-1.0,25445.573981770616,25446.074,0.5000182293842954
3284.0,1.0,25446.074,25461.071,14.996999999999389
3285.0,-1.0,25461.071,25461.571,0.5
3286.0,1.0,25461.571,25476.5657009668,14.994700966799428
3287.0,-1.0,25476.5657009668,25477.068,0.5022990331999608
3288.0,1.0,25477.068,25492.065,14.996999999999389
3289.0,-1.0,25492.065,25492.565,0.5
3290.0,1.0,25492.565,25507.541747218664,14.976747218664968
3291.0,-1.0,25507.541747218664,25508.061999999998,0.5202527813344204
3292.0,1.0,25508.061999999998,25523.058999999997,14.996999999999389
3293.0,-1.0,25523.058999999997,25523.558999999997,0.5
3294.0,1.0,25523.559,25538.55282233638,14.993822336378798
3295.0,-1.0,25538.55282233638,25539.056,0.5031776636205905
3296.0,1.0,25539.056,25554.052992077974,14.996992077973118
3297.0,-1.0,25554.052992077974,25554.553,0.5000079220262705
3298.0,1.0,25554.553,25569.54996440465,14.996964404650498
3299.0,-1.0,25569.54996440465,25570.05,0.5000355953488906
3300.0,1.0,25570.05,25585.0437212314,14.993721231399832
3301.0,-1.0,25585.0437212314,25585.547,0.5032787685995572
3302.0,1.0,25585.547,25600.543999999998,14.996999999999389
3303.0,-1.0,25600.543999999998,25601.043999999998,0.5
3304.0,1.0,25601.043999999998,25616.040998932436,14.996998932438146
3305.0,-1.0,25616.040998932436,25616.540999999997,0.500001067561243
3306.0,1.0,25616.541,25630.714362857678,14.173362857676693
3307.0,-1.0,25630.714362857678,25632.038,1.3236371423226956
3308.0,1.0,25632.038,25647.035,14.996999999999389
3309.0,-1.0,25647.035,25647.535,0.5
3310.0,1.0,25647.535,25662.47260300396,14.937603003960248
3311.0,-1.0,25662.47260300396,25663.032,0.5593969960391405
3312.0,1.0,25663.032,25678.029,14.996999999999389
3313.0,-1.0,25678.029,25678.529,0.5
3314.0,1.0,25678.529,25693.525999999998,14.996999999999389
3315.0,-1.0,25693.525999999998,25694.025999999998,0.5
3316.0,1.0,25694.025999999998,25709.022999564084,14.996999564085854
3317.0,-1.0,25709.022999564084,25709.522999999997,0.5000004359135346
3318.0,1.0,25709.523,25724.52,14.996999999999389
3319.0,-1.0,25724.52,25725.02,0.5
3320.0,1.0,25725.02,25740.017,14.996999999999389
3321.0,-1.0,25740.017,25740.517,0.5
3322.0,1.0,25740.517,25755.514,14.996999999999389
3323.0,-1.0,25755.514,25756.014,0.5
3324.0,1.0,25756.014,25771.011,14.996999999999389
3325.0,-1.0,25771.011,25771.511,0.5
3326.0,1.0,25771.511,25786.507999999998,14.996999999999389
3327.0,-1.0,25786.507999999998,25787.007999999998,0.5
3328.0,1.0,25787.008,25799.901144898708,12.893144898705941
3329.0,-1.0,25799.901144898708,25802.505,2.6038551012934477
3330.0,1.0,25802.505,25817.502,14.996999999999389
3331.0,-1.0,25817.502,25818.002,0.5
3332.0,1.0,25818.002,25832.999,14.996999999999389
3333.0,-1.0,25832.999,25833.499,0.5
3334.0,1.0,25833.499,25848.494786442214,14.995786442214012
3335.0,-1.0,25848.494786442214,25848.996,0.5012135577853769
3336.0,1.0,25848.996,25863.993,14.996999999999389
3337.0,-1.0,25863.993,25864.493,0.5
3338.0,1.0,25864.493,25879.489999999998,14.996999999999389
3339.0,-1.0,25879.489999999998,25879.989999999998,0.5
3340.0,1.0,25879.99,25894.987,14.996999999999389
3341.0,-1.0,25894.987,25895.487,0.5
3342.0,1.0,25895.487,25910.484,14.996999999999389
3343.0,-1.0,25910.484,25910.984,0.5
3344.0,1.0,25910.984,25925.981,14.996999999999389
3345.0,-1.0,25925.981,25926.481,0.5
3346.0,1.0,25926.481,25941.469308148175,14.988308148174838
3347.0,-1.0,25941.469308148175,25941.978,0.5086918518245511
3348.0,1.0,25941.978,25945.5418232887,3.5638232886994956
3349.0,-1.0,25945.5418232887,25957.475,11.933176711299893
3350.0,1.0,25957.475,25972.457631915102,14.982631915103411
3351.0,-1.0,25972.457631915102,25972.971999999998,0.5143680848959775
3352.0,1.0,25972.972,25987.966606384325,14.99460638432356
3353.0,-1.0,25987.966606384325,25988.469,0.5023936156758282
3354.0,1.0,25988.469,26003.466,14.996999999999389
3355.0,-1.0,26003.466,26003.966,0.5
3356.0,1.0,26003.966,26004.466,0.5
3357.0,-1.0,26004.466,26019.463,14.996999999999389
3358.0,1.0,26019.463,26034.46,14.996999999999389
3359.0,-1.0,26034.46,26034.96,0.5
3360.0,1.0,26034.96,26049.957,14.996999999999389
3361.0,-1.0,26049.957,26050.457,0.5
3362.0,1.0,26050.457,26065.453999999998,14.996999999999389
3363.0,-1.0,26065.453999999998,26065.953999999998,0.5
3364.0,1.0,26065.954,26080.951,14.996999999999389
3365.0,-1.0,26080.951,26081.451,0.5
3366.0,1.0,26081.451,26096.448,14.996999999999389
3367.0,-1.0,26096.448,26096.948,0.5
3368.0,1.0,26096.948,26111.94499998068,14.996999980678083
3369.0,-1.0,26111.94499998068,26112.445,0.5000000193213054
3370.0,1.0,26112.445,26124.25323804657,11.808238046571205
3371.0,-1.0,26124.25323804657,26127.942,3.688761953428184
3372.0,1.0,26127.942,26142.931494141983,14.989494141984324
3373.0,-1.0,26142.931494141983,26143.439,0.5075058580150653
3374.0,1.0,26143.439,26158.433168810403,14.994168810404517
3375.0,-1.0,26158.433168810403,26158.935999999998,0.5028311895948718
3376.0,1.0,26158.936,26173.933,14.996999999999389
3377.0,-1.0,26173.933,26174.433,0.5
3378.0,1.0,26174.433,26189.43,14.996999999999389
3379.0,-1.0,26189.43,26189.93,0.5
3380.0,1.0,26189.93,26204.927,14.996999999999389
3381.0,-1.0,26204.927,26205.427,0.5
3382.0,1.0,26205.427,26220.41532374127,14.988323741268687
3383.0,-1.0,26220.41532374127,26220.924,0.5086762587307021
3384.0,1.0,26220.924,26235.921,14.996999999999389
3385.0,-1.0,26235.921,26236.421,0.5
3386.0,1.0,26236.421,26251.389759004396,14.968759004397725
3387.0,-1.0,26251.389759004396,26251.917999999998,0.5282409956016636
3388.0,1.0,26251.918,26266.915,14.996999999999389
3389.0,-1.0,26266.915,26267.415,0.5
3390.0,1.0,26267.415,26282.40913253471,14.994132534709934
3391.0,-1.0,26282.40913253471,26282.912,0.5028674652894551
3392.0,1.0,26282.912,26297.908800338977,14.996800338976755
3393.0,-1.0,26297.908800338977,26298.409,0.5001996610226342
3394.0,1.0,26298.409,26313.40290634872,14.993906348721794
3395.0,-1.0,26313.40290634872,26313.906,0.5030936512775952
3396.0,1.0,26313.906,26328.903,14.996999999999389
3397.0,-1.0,26328.903,26329.403,0.5
3398.0,1.0,26329.403,26344.398128603254,14.99512860325558
3399.0,-1.0,26344.398128603254,26344.899999999998,0.5018713967438089
3400.0,1.0,26344.9,26359.892716224902,14.992716224900505
3401.0,-1.0,26359.892716224902,26360.397,0.5042837750988838
3402.0,1.0,26360.397,26375.393658558318,14.996658558316994
3403.0,-1.0,26375.393658558318,26375.894,0.5003414416823944
3404.0,1.0,26375.894,26390.889682897418,14.995682897417282
3405.0,-1.0,26390.889682897418,26391.391,0.5013171025821066
3406.0,1.0,26391.391,26406.388,14.996999999999389
3407.0,-1.0,26406.388,26406.888,0.5
3408.0,1.0,26406.888,26421.88499999114,14.99699999114091
3409.0,-1.0,26421.88499999114,26422.385,0.5000000088584784
3410.0,1.0,26422.385,26437.3807073436,14.99570734360168
3411.0,-1.0,26437.3807073436,26437.881999999998,0.5012926563977089
3412.0,1.0,26437.882,26452.87666082288,14.994660822878359
3413.0,-1.0,26452.87666082288,26453.379,0.5023391771210299
3414.0,1.0,26453.379,26468.375869069663,14.996869069662353
3415.0,-1.0,26468.375869069663,26468.876,0.5001309303370363
3416.0,1.0,26468.876,26483.873,14.996999999999389
3417.0,-1.0,26483.873,26484.373,0.5
3418.0,1.0,26484.373,26499.37,14.996999999999389
3419.0,-1.0,26499.37,26499.87,0.5
3420.0,1.0,26499.87,26514.86699999819,14.996999998191313
3421.0,-1.0,26514.86699999819,26515.367,0.5000000018080755
3422.0,1.0,26515.367,26530.363999999998,14.996999999999389
3423.0,-1.0,26530.363999999998,26530.863999999998,0.5
3424.0,1.0,26530.864,26531.364,0.5
3425.0,-1.0,26531.364,26546.361,14.996999999999389
3426.0,1.0,26546.361,26561.357905497607,14.996905497606349
3427.0,-1.0,26561.357905497607,26561.858,0.5000945023930399
3428.0,1.0,26561.858,26576.854272466622,14.996272466622031
3429.0,-1.0,26576.854272466622,26577.355,0.5007275333773578
3430.0,1.0,26577.355,26592.350069707092,14.995069707092625
3431.0,-1.0,26592.350069707092,26592.852,0.5019302929067635
3432.0,1.0,26592.852,26607.848993138618,14.996993138618564
3433.0,-1.0,26607.848993138618,26608.349,0.5000068613808253
3434.0,1.0,26608.349,26623.345521700132,14.996521700133599
3435.0,-1.0,26623.345521700132,26623.845999999998,0.5004782998657902
3436.0,1.0,26623.846,26638.843,14.996999999999389
3437.0,-1.0,26638.843,26639.343,0.5
3438.0,1.0,26639.343,26654.34,14.996999999999389
3439.0,-1.0,26654.34,26654.84,0.5
3440.0,1.0,26654.84,26669.827150438363,14.987150438362733
3441.0,-1.0,26669.827150438363,26670.337,0.5098495616366563
3442.0,1.0,26670.337,26685.331980307372,14.994980307372316
3443.0,-1.0,26685.331980307372,26685.834,0.5020196926270728
3444.0,1.0,26685.834,26700.831,14.996999999999389
3445.0,-1.0,26700.831,26701.331,0.5
3446.0,1.0,26701.331,26716.327993451087,14.996993451088201
3447.0,-1.0,26716.327993451087,26716.827999999998,0.5000065489111876
3448.0,1.0,26716.828,26731.82465183223,14.996651832228963
3449.0,-1.0,26731.82465183223,26732.325,0.5003481677704258
3450.0,1.0,26732.325,26747.322,14.996999999999389
3451.0,-1.0,26747.322,26747.822,0.5
3452.0,1.0,26747.822,26762.818097830084,14.996097830084182
3453.0,-1.0,26762.818097830084,26763.319,0.5009021699152072
3454.0,1.0,26763.319,26778.316,14.996999999999389
3455.0,-1.0,26778.316,26778.816,0.5
3456.0,1.0,26778.816,26793.805290792752,14.989290792753309
3457.0,-1.0,26793.805290792752,26794.313,0.50770920724608
3458.0,1.0,26794.313,26809.309999999998,14.996999999999389
3459.0,-1.0,26809.309999999998,26809.809999999998,0.5
3460.0,1.0,26809.81,26824.807,14.996999999999389
3461.0,-1.0,26824.807,26825.307,0.5
3462.0,1.0,26825.307,26840.304,14.996999999999389
3463.0,-1.0,26840.304,26840.804,0.5
3464.0,1.0,26840.804,26841.411525950676,0.6075259506760631
3465.0,-1.0,26841.411525950676,26856.301,14.889474049323326
3466.0,1.0,26856.301,26871.298,14.996999999999389
3467.0,-1.0,26871.298,26871.798,0.5
3468.0,1.0,26871.798,26886.795,14.996999999999389
3469.0,-1.0,26886.795,26887.295,0.5
3470.0,1.0,26887.295,26902.291999999998,14.996999999999389
3471.0,-1.0,26902.291999999998,26902.791999999998,0.5
3472.0,1.0,26902.792,26917.788999946482,14.996999946481083
3473.0,-1.0,26917.788999946482,26918.289,0.5000000535183062
3474.0,1.0,26918.289,26933.286,14.996999999999389
3475.0,-1.0,26933.286,26933.786,0.5
3476.0,1.0,26933.786,26948.77900624884,14.993006248838356
3477.0,-1.0,26948.77900624884,26949.283,0.5039937511610333
3478.0,1.0,26949.283,26964.279999996183,14.996999996183149
3479.0,-1.0,26964.279999996183,26964.78,0.5000000038162398
3480.0,1.0,26964.78,26968.7945328644,4.014532864399371
3481.0,-1.0,26968.7945328644,26980.277,11.482467135600018
3482.0,1.0,26980.277,26995.27306604141,14.996066041410813
3483.0,-1.0,26995.27306604141,26995.773999999998,0.5009339585885755
3484.0,1.0,26995.774,27010.771,14.996999999999389
3485.0,-1.0,27010.771,27011.271,0.5
3486.0,1.0,27011.271,27026.256872649952,14.985872649951489
3487.0,-1.0,27026.256872649952,27026.768,0.5111273500479001
3488.0,1.0,27026.768,27041.733874409052,14.965874409052049
3489.0,-1.0,27041.733874409052,27042.265,0.5311255909473402
3490.0,1.0,27042.265,27057.262,14.996999999999389
3491.0,-1.0,27057.262,27057.762,0.5
3492.0,1.0,27057.762,27072.759,14.996999999999389
3493.0,-1.0,27072.759,27073.259,0.5
3494.0,1.0,27073.259,27088.255999999998,14.996999999999389
3495.0,-1.0,27088.255999999998,27088.755999999998,0.5
3496.0,1.0,27088.756,27103.753,14.996999999999389
3497.0,-1.0,27103.753,27104.253,0.5
3498.0,1.0,27104.253,27119.25,14.996999999999389
3499.0,-1.0,27119.25,27119.75,0.5
3500.0,1.0,27119.75,27134.74678571497,14.996785714971338
3501.0,-1.0,27134.74678571497,27135.247,0.5002142850280507
3502.0,1.0,27135.247,27150.244,14.996999999999389
3503.0,-1.0,27150.244,27150.744,0.5
3504.0,1.0,27150.744,27165.74053784622,14.996537846222054
3505.0,-1.0,27165.74053784622,27166.240999999998,0.5004621537773346
3506.0,1.0,27166.240999999998,27181.237999999998,14.996999999999389
3507.0,-1.0,27181.237999999998,27181.737999999998,0.5
3508.0,1.0,27181.738,27196.734999209253,14.996999209251953
3509.0,-1.0,27196.734999209253,27197.235,0.5000007907474355
3510.0,1.0,27197.235,27212.209894466072,14.974894466071419
3511.0,-1.0,27212.209894466072,27212.732,0.5221055339279701
3512.0,1.0,27212.732,27227.729,14.996999999999389
3513.0,-1.0,27227.729,27228.229,0.5
3514.0,1.0,27228.229,27243.22599993785,14.996999937851797
3515.0,-1.0,27243.22599993785,27243.726,0.500000062147592
3516.0,1.0,27243.726,27258.722999999998,14.996999999999389
3517.0,-1.0,27258.722999999998,27259.222999999998,0.5
3518.0,1.0,27259.222999999998,27274.219999999998,14.996999999999389
3519.0,-1.0,27274.219999999998,27274.719999999998,0.5
3520.0,1.0,27274.72,27289.717,14.996999999999389
3521.0,-1.0,27289.717,27290.217,0.5
3522.0,1.0,27290.217,27305.214,14.996999999999389
3523.0,-1.0,27305.214,27305.714,0.5
3524.0,1.0,27305.714,27320.711,14.996999999999389
3525.0,-1.0,27320.711,27321.211,0.5
3526.0,1.0,27321.211,27336.20690850409,14.995908504090039
3527.0,-1.0,27336.20690850409,27336.708,0.5010914959093498
3528.0,1.0,27336.708,27351.704999593403,14.996999593404325
3529.0,-1.0,27351.704999593403,27352.204999999998,0.5000004065950634
3530.0,1.0,27352.204999999998,27367.201999999997,14.996999999999389
3531.0,-1.0,27367.201999999997,27367.701999999997,0.5
3532.0,1.0,27367.702,27382.698288901654,14.996288901653315
3533.0,-1.0,27382.698288901654,27383.199,0.5007110983460734
3534.0,1.0,27383.199,27398.196,14.996999999999389
3535.0,-1.0,27398.196,27398.696,0.5
3536.0,1.0,27398.696,27399.196090723966,0.500090723966423
3537.0,-1.0,27399.196090723966,27414.193,14.996909276032966
3538.0,1.0,27414.193,27429.19,14.996999999999389
3539.0,-1.0,27429.19,27429.69,0.5
3540.0,1.0,27429.69,27444.686999999998,14.996999999999389
3541.0,-1.0,27444.686999999998,27445.186999999998,0.5
3542.0,1.0,27445.186999999998,27460.183946089783,14.996946089784615
3543.0,-1.0,27460.183946089783,27460.683999999997,0.5000539102147741
3544.0,1.0,27460.684,27475.62659738774,14.942597387740534
3545.0,-1.0,27475.62659738774,27476.181,0.5544026122588548
3546.0,1.0,27476.181,27491.178,14.996999999999389
3547.0,-1.0,27491.178,27491.678,0.5
3548.0,1.0,27491.678,27506.674999821716,14.9969998217166
3549.0,-1.0,27506.674999821716,27507.175,0.5000001782827894
3550.0,1.0,27507.175,27522.17191030464,14.99691030464237
3551.0,-1.0,27522.17191030464,27522.672,0.5000896953570191
3552.0,1.0,27522.672,27537.668964812994,14.99696481299543
3553.0,-1.0,27537.668964812994,27538.168999999998,0.5000351870039594
3554.0,1.0,27538.168999999998,27553.165999999997,14.996999999999389
3555.0,-1.0,27553.165999999997,27553.665999999997,0.5
3556.0,1.0,27553.666,27568.64104993498,14.975049934979324
3557.0,-1.0,27568.64104993498,27569.163,0.5219500650200644
3558.0,1.0,27569.163,27584.16,14.996999999999389
3559.0,-1.0,27584.16,27584.66,0.5
3560.0,1.0,27584.66,27599.643776526376,14.98377652637646
3561.0,-1.0,27599.643776526376,27600.157,0.5132234736229293
3562.0,1.0,27600.157,27615.154,14.996999999999389
3563.0,-1.0,27615.154,27615.654,0.5
3564.0,1.0,27615.654,27630.648174569276,14.994174569277675
3565.0,-1.0,27630.648174569276,27631.150999999998,0.5028254307217139
3566.0,1.0,27631.150999999998,27646.147434788476,14.996434788477927
3567.0,-1.0,27646.147434788476,27646.647999999997,0.5005652115214616
3568.0,1.0,27646.648,27661.645,14.996999999999389
3569.0,-1.0,27661.645,27662.145,0.5
3570.0,1.0,27662.145,27677.141983298057,14.996983298056875
3571.0,-1.0,27677.141983298057,27677.642,0.5000167019425135
3572.0,1.0,27677.642,27692.639,14.996999999999389
3573.0,-1.0,27692.639,27693.139,0.5
3574.0,1.0,27693.139,27708.136,14.996999999999389
3575.0,-1.0,27708.136,27708.636,0.5
3576.0,1.0,27708.636,27712.262438207206,3.626438207207684
3577.0,-1.0,27712.262438207206,27724.132999999998,11.870561792791705
3578.0,1.0,27724.132999999998,27739.129999999997,14.996999999999389
3579.0,-1.0,27739.129999999997,27739.629999999997,0.5
3580.0,1.0,27739.63,27754.626700684774,14.996700684772804
3581.0,-1.0,27754.626700684774,27755.127,0.5002993152265844
3582.0,1.0,27755.127,27770.123839385822,14.996839385821659
3583.0,-1.0,27770.123839385822,27770.624,0.5001606141777302
3584.0,1.0,27770.624,27773.67538241829,3.051382418288995
3585.0,-1.0,27773.67538241829,27786.121,12.445617581710394
3586.0,1.0,27786.121,27801.118,14.996999999999389
3587.0,-1.0,27801.118,27801.618,0.5
3588.0,1.0,27801.618,27816.61479868995,14.996798689950083
3589.0,-1.0,27816.61479868995,27817.114999999998,0.5002013100493059
3590.0,1.0,27817.115,27832.111557546777,14.996557546775875
3591.0,-1.0,27832.111557546777,27832.612,0.5004424532235134
3592.0,1.0,27832.612,27847.609,14.996999999999389
3593.0,-1.0,27847.609,27848.109,0.5
3594.0,1.0,27848.109,27863.106,14.996999999999389
3595.0,-1.0,27863.106,27863.606,0.5
3596.0,1.0,27863.606,27878.603,14.996999999999389
3597.0,-1.0,27878.603,27879.103,0.5
3598.0,1.0,27879.103,27894.099339550066,14.996339550067205
3599.0,-1.0,27894.099339550066,27894.6,0.5006604499321838
3600.0,1.0,27894.6,27909.596999999998,14.996999999999389
3601.0,-1.0,27909.596999999998,27910.096999999998,0.5
3602.0,1.0,27910.097,27925.093459201486,14.996459201483958
3603.0,-1.0,27925.093459201486,27925.594,0.5005407985154307
3604.0,1.0,27925.594,27940.591,14.996999999999389
3605.0,-1.0,27940.591,27941.091,0.5
3606.0,1.0,27941.091,27956.088,14.996999999999389
3607.0,-1.0,27956.088,27956.588,0.5
3608.0,1.0,27956.588,27971.585,14.996999999999389
3609.0,-1.0,27971.585,27972.085,0.5
3610.0,1.0,27972.085,27987.081355436716,14.99635543671684
3611.0,-1.0,27987.081355436716,27987.582,0.5006445632825489
3612.0,1.0,27987.582,28002.578999999998,14.996999999999389
3613.0,-1.0,28002.578999999998,28003.078999999998,0.5
3614.0,1.0,28003.079,28018.075904792386,14.996904792384157
3615.0,-1.0,28018.075904792386,28018.576,0.5000952076152316
3616.0,1.0,28018.576,28033.573,14.996999999999389
3617.0,-1.0,28033.573,28034.073,0.5
3618.0,1.0,28034.073,28049.07,14.996999999999389
3619.0,-1.0,28049.07,28049.57,0.5
3620.0,1.0,28049.57,28064.567,14.996999999999389
3621.0,-1.0,28064.567,28065.067,0.5
3622.0,1.0,28065.067,28080.064,14.996999999999389
3623.0,-1.0,28080.064,28080.564,0.5
3624.0,1.0,28080.564,28095.560999999998,14.996999999999389
3625.0,-1.0,28095.560999999998,28096.060999999998,0.5
3626.0,1.0,28096.061,28111.057413255265,14.996413255263178
3627.0,-1.0,28111.057413255265,28111.558,0.5005867447362107
3628.0,1.0,28111.558,28126.555,14.996999999999389
3629.0,-1.0,28126.555,28127.055,0.5
3630.0,1.0,28127.055,28142.052,14.996999999999389
3631.0,-1.0,28142.052,28142.552,0.5
3632.0,1.0,28142.552,28157.54835672617,14.996356726169324
3633.0,-1.0,28157.54835672617,28158.049,0.5006432738300646
3634.0,1.0,28158.049,28173.046,14.996999999999389
3635.0,-1.0,28173.046,28173.546,0.5
3636.0,1.0,28173.546,28176.576277236425,3.0302772364266275
3637.0,-1.0,28176.576277236425,28189.042999999998,12.466722763572761
3638.0,1.0,28189.043,28204.039967272623,14.996967272621987
3639.0,-1.0,28204.039967272623,28204.54,0.5000327273774019
3640.0,1.0,28204.54,28219.5108641179,14.9708641178986
3641.0,-1.0,28219.5108641179,28220.037,0.5261358821007889
3642.0,1.0,28220.037,28235.034,14.996999999999389
3643.0,-1.0,28235.034,28235.534,0.5
3644.0,1.0,28235.534,28250.530976547063,14.996976547063241
3645.0,-1.0,28250.530976547063,28251.031,0.5000234529361478
3646.0,1.0,28251.031,28266.028,14.996999999999389
3647.0,-1.0,28266.028,28266.528,0.5
3648.0,1.0,28266.528,28281.524999946683,14.99699994668481
3649.0,-1.0,28281.524999946683,28282.024999999998,0.5000000533145794
3650.0,1.0,28282.025,28297.02194500548,14.996945005477755
3651.0,-1.0,28297.02194500548,28297.522,0.5000549945216335
3652.0,1.0,28297.522,28312.441699630996,14.919699630994728
3653.0,-1.0,28312.441699630996,28313.019,0.5773003690046608
3654.0,1.0,28313.019,28328.015936209023,14.99693620902326
3655.0,-1.0,28328.015936209023,28328.516,0.5000637909761281
3656.0,1.0,28328.516,28343.512976590366,14.996976590366103
3657.0,-1.0,28343.512976590366,28344.013,0.5000234096332861
3658.0,1.0,28344.013,28359.01,14.996999999999389
3659.0,-1.0,28359.01,28359.51,0.5
3660.0,1.0,28359.51,28360.01,0.5
3661.0,-1.0,28360.01,28375.006999999998,14.996999999999389
3662.0,1.0,28375.007,28390.004,14.996999999999389
3663.0,-1.0,28390.004,28390.504,0.5
3664.0,1.0,28390.504,28405.497684796155,14.993684796154412
3665.0,-1.0,28405.497684796155,28406.001,0.5033152038449771
3666.0,1.0,28406.001,28420.998,14.996999999999389
3667.0,-1.0,28420.998,28421.498,0.5
3668.0,1.0,28421.498,28436.494889692836,14.996889692836703
3669.0,-1.0,28436.494889692836,28436.995,0.5001103071626858
3670.0,1.0,28436.995,28451.66434288361,14.669342883611534
3671.0,-1.0,28451.66434288361,28452.492,0.8276571163878543
3672.0,1.0,28452.492,28467.488999999998,14.996999999999389
3673.0,-1.0,28467.488999999998,28467.988999999998,0.5
3674.0,1.0,28467.989,28482.986,14.996999999999389
3675.0,-1.0,28482.986,28483.486,0.5
3676.0,1.0,28483.486,28498.476982188735,14.990982188734051
3677.0,-1.0,28498.476982188735,28498.983,0.5060178112653375
3678.0,1.0,28498.983,28513.979469361904,14.996469361904019
3679.0,-1.0,28513.979469361904,28514.48,0.5005306380953698
3680.0,1.0,28514.48,28529.476665138827,14.996665138827666
3681.0,-1.0,28529.476665138827,28529.977,0.5003348611717229
3682.0,1.0,28529.977,28544.974,14.996999999999389
3683.0,-1.0,28544.974,28545.474,0.5
3684.0,1.0,28545.474,28560.470999999998,14.996999999999389
3685.0,-1.0,28560.470999999998,28560.970999999998,0.5
3686.0,1.0,28560.971,28575.967821928396,14.996821928394638
3687.0,-1.0,28575.967821928396,28576.468,0.5001780716047506
3688.0,1.0,28576.468,28578.52553704474,2.0575370447404566
3689.0,-1.0,28578.52553704474,28591.965,13.439462955258932
3690.0,1.0,28591.965,28606.962,14.996999999999389
3691.0,-1.0,28606.962,28607.462,0.5
3692.0,1.0,28607.462,28622.459,14.996999999999389
3693.0,-1.0,28622.459,28622.959,0.5
3694.0,1.0,28622.959,28637.955857120545,14.996857120546338
3695.0,-1.0,28637.955857120545,28638.456,0.5001428794530511
3696.0,1.0,28638.456,28653.45299956567,14.996999565672013
3697.0,-1.0,28653.45299956567,28653.952999999998,0.5000004343273758
3698.0,1.0,28653.953,28668.95,14.996999999999389
3699.0,-1.0,28668.95,28669.45,0.5
3700.0,1.0,28669.45,28684.446992843372,14.996992843371117
3701.0,-1.0,28684.446992843372,28684.947,0.5000071566282713
3702.0,1.0,28684.947,28699.944,14.996999999999389
3703.0,-1.0,28699.944,28700.444,0.5
3704.0,1.0,28700.444,28715.441,14.996999999999389
3705.0,-1.0,28715.441,28715.941,0.5
3706.0,1.0,28715.941,28730.938,14.996999999999389
3707.0,-1.0,28730.938,28731.438,0.5
3708.0,1.0,28731.438,28746.434914725924,14.996914725925308
3709.0,-1.0,28746.434914725924,28746.934999999998,0.5000852740740811
3710.0,1.0,28746.935,28761.883708869485,14.948708869484108
3711.0,-1.0,28761.883708869485,28762.432,0.5482911305152811
3712.0,1.0,28762.432,28777.33750992498,14.905509924978105
3713.0,-1.0,28777.33750992498,28777.929,0.5914900750212837
3714.0,1.0,28777.929,28792.926,14.996999999999389
3715.0,-1.0,28792.926,28793.426,0.5
3716.0,1.0,28793.426,28808.423,14.996999999999389
3717.0,-1.0,28808.423,28808.923,0.5
3718.0,1.0,28808.923,28823.919999968977,14.996999968978344
3719.0,-1.0,28823.919999968977,28824.42,0.5000000310210453
3720.0,1.0,28824.42,28839.41698091749,14.996980917490873
3721.0,-1.0,28839.41698091749,28839.916999999998,0.5000190825085156
3722.0,1.0,28839.917,28854.914,14.996999999999389
3723.0,-1.0,28854.914,28855.414,0.5
3724.0,1.0,28855.414,28870.410902300257,14.996902300255897
3725.0,-1.0,28870.410902300257,28870.911,0.5000976997434918
3726.0,1.0,28870.911,28885.908,14.996999999999389
3727.0,-1.0,28885.908,28886.408,0.5
3728.0,1.0,28886.408,28901.405,14.996999999999389
3729.0,-1.0,28901.405,28901.905,0.5
3730.0,1.0,28901.905,28916.90199637845,14.996996378449694
3731.0,-1.0,28916.90199637845,28917.402,0.5000036215496948
3732.0,1.0,28917.402,28932.398806259935,14.99680625993642
3733.0,-1.0,28932.398806259935,28932.898999999998,0.5001937400629686
3734.0,1.0,28932.899,28947.896,14.996999999999389
3735.0,-1.0,28947.896,28948.396,0.5
3736.0,1.0,28948.396,28963.393,14.996999999999389
3737.0,-1.0,28963.393,28963.893,0.5
3738.0,1.0,28963.893,28978.89,14.996999999999389
3739.0,-1.0,28978.89,28979.39,0.5
3740.0,1.0,28979.39,28994.387,14.996999999999389
3741.0,-1.0,28994.387,28994.887,0.5
3742.0,1.0,28994.887,29009.879521201317,14.992521201318596
3743.0,-1.0,29009.879521201317,29010.384,0.5044787986807933
3744.0,1.0,29010.384,29013.470618721538,3.0866187215397076
3745.0,-1.0,29013.470618721538,29025.880999999998,12.410381278459681
3746.0,1.0,29025.881,29040.8779961531,14.996996153098735
3747.0,-1.0,29040.8779961531,29041.378,0.500003846900654
3748.0,1.0,29041.378,29056.37499999986,14.996999999861146
3749.0,-1.0,29056.37499999986,29056.875,0.5000000001382432
3750.0,1.0,29056.875,29071.865514572313,14.99051457231326
3751.0,-1.0,29071.865514572313,29072.372,0.5064854276861297
3752.0,1.0,29072.372,29087.368962629487,14.996962629487825
3753.0,-1.0,29087.368962629487,29087.869,0.5000373705115635
3754.0,1.0,29087.869,29102.865999999998,14.996999999999389
3755.0,-1.0,29102.865999999998,29103.365999999998,0.5
3756.0,1.0,29103.365999999998,29118.205465099858,14.839465099859808
3757.0,-1.0,29118.205465099858,29118.862999999998,0.6575349001395807
3758.0,1.0,29118.863,29133.845626214188,14.982626214186894
3759.0,-1.0,29133.845626214188,29134.36,0.514373785812495
3760.0,1.0,29134.36,29149.357,14.996999999999389
3761.0,-1.0,29149.357,29149.857,0.5
3762.0,1.0,29149.857,29164.854,14.996999999999389
3763.0,-1.0,29164.854,29165.354,0.5
3764.0,1.0,29165.354,29180.351,14.996999999999389
3765.0,-1.0,29180.351,29180.851,0.5
3766.0,1.0,29180.851,29195.847938223505,14.996938223506731
3767.0,-1.0,29195.847938223505,29196.347999999998,0.5000617764926574
3768.0,1.0,29196.347999999998,29211.344999999998,14.996999999999389
3769.0,-1.0,29211.344999999998,29211.844999999998,0.5
3770.0,1.0,29211.845,29226.84186692836,14.99686692835894
3771.0,-1.0,29226.84186692836,29227.342,0.5001330716404482
3772.0,1.0,29227.342,29242.33899989746,14.996999897459318
3773.0,-1.0,29242.33899989746,29242.839,0.5000001025400707
3774.0,1.0,29242.839,29246.35325129266,3.5142512926613563
3775.0,-1.0,29246.35325129266,29258.336,11.982748707338033
3776.0,1.0,29258.336,29273.333,14.996999999999389
3777.0,-1.0,29273.333,29273.833,0.5
3778.0,1.0,29273.833,29288.829999999998,14.996999999999389
3779.0,-1.0,29288.829999999998,29289.329999999998,0.5
3780.0,1.0,29289.329999999998,29304.326999999997,14.996999999999389
3781.0,-1.0,29304.326999999997,29304.826999999997,0.5
3782.0,1.0,29304.827,29319.691890976035,14.864890976034076
3783.0,-1.0,29319.691890976035,29320.324,0.6321090239653131
3784.0,1.0,29320.324,29335.195367507982,14.871367507981631
3785.0,-1.0,29335.195367507982,29335.821,0.6256324920177576
3786.0,1.0,29335.821,29350.818,14.996999999999389
3787.0,-1.0,29350.818,29351.318,0.5
3788.0,1.0,29351.318,29366.310482511835,14.992482511835988
3789.0,-1.0,29366.310482511835,29366.815,0.5045174881634011
3790.0,1.0,29366.815,29381.811999999998,14.996999999999389
3791.0,-1.0,29381.811999999998,29382.311999999998,0.5
3792.0,1.0,29382.311999999998,29385.269526879267,2.9575268792686984
3793.0,-1.0,29385.269526879267,29397.808999999997,12.53947312073069
3794.0,1.0,29397.809,29412.806,14.996999999999389
3795.0,-1.0,29412.806,29413.306,0.5
3796.0,1.0,29413.306,29428.302840478973,14.996840478972445
3797.0,-1.0,29428.302840478973,29428.803,0.5001595210269443
3798.0,1.0,29428.803,29443.70334404119,14.900344041190692
3799.0,-1.0,29443.70334404119,29444.3,0.5966559588086966
3800.0,1.0,29444.3,29459.297,14.996999999999389
3801.0,-1.0,29459.297,29459.797,0.5
3802.0,1.0,29459.797,29474.786650109396,14.98965010939719
3803.0,-1.0,29474.786650109396,29475.293999999998,0.5073498906021996
3804.0,1.0,29475.293999999998,29490.290999999997,14.996999999999389
3805.0,-1.0,29490.290999999997,29490.790999999997,0.5
3806.0,1.0,29490.791,29505.788,14.996999999999389
3807.0,-1.0,29505.788,29506.288,0.5
3808.0,1.0,29506.288,29521.284999657462,14.996999657461856
3809.0,-1.0,29521.284999657462,29521.785,0.5000003425375326
3810.0,1.0,29521.785,29536.781978404586,14.996978404586116
3811.0,-1.0,29536.781978404586,29537.282,0.5000215954132727
3812.0,1.0,29537.282,29552.279,14.996999999999389
3813.0,-1.0,29552.279,29552.779,0.5
3814.0,1.0,29552.779,29567.775999999998,14.996999999999389
3815.0,-1.0,29567.775999999998,29568.275999999998,0.5
3816.0,1.0,29568.275999999998,29583.268090874975,14.992090874977293
3817.0,-1.0,29583.268090874975,29583.772999999997,0.5049091250220954
3818.0,1.0,29583.773,29598.769990685763,14.996990685762285
3819.0,-1.0,29598.769990685763,29599.27,0.5000093142371043
3820.0,1.0,29599.27,29614.267,14.996999999999389
3821.0,-1.0,29614.267,29614.767,0.5
3822.0,1.0,29614.767,29629.761797493822,14.994797493822261
3823.0,-1.0,29629.761797493822,29630.264,0.5022025061771274
3824.0,1.0,29630.264,29645.261,14.996999999999389
3825.0,-1.0,29645.261,29645.761,0.5
3826.0,1.0,29645.761,29660.756650177766,14.995650177766947
3827.0,-1.0,29660.756650177766,29661.257999999998,0.5013498222324415
3828.0,1.0,29661.257999999998,29676.254999999997,14.996999999999389
3829.0,-1.0,29676.254999999997,29676.754999999997,0.5
3830.0,1.0,29676.755,29691.752,14.996999999999389
3831.0,-1.0,29691.752,29692.252,0.5
3832.0,1.0,29692.252,29707.249,14.996999999999389
3833.0,-1.0,29707.249,29707.749,0.5
3834.0,1.0,29707.749,29722.746,14.996999999999389
3835.0,-1.0,29722.746,29723.246,0.5
3836.0,1.0,29723.246,29738.243,14.996999999999389
3837.0,-1.0,29738.243,29738.743,0.5
3838.0,1.0,29738.743,29753.73949050833,14.9964905083325
3839.0,-1.0,29753.73949050833,29754.239999999998,0.5005094916668895
3840.0,1.0,29754.239999999998,29769.236999999997,14.996999999999389
3841.0,-1.0,29769.236999999997,29769.736999999997,0.5
3842.0,1.0,29769.737,29784.734,14.996999999999389
3843.0,-1.0,29784.734,29785.234,0.5
3844.0,1.0,29785.234,29800.222116317636,14.988116317636013
3845.0,-1.0,29800.222116317636,29800.731,0.5088836823633756
3846.0,1.0,29800.731,29815.727946511193,14.996946511193528
3847.0,-1.0,29815.727946511193,29816.228,0.500053488805861
3848.0,1.0,29816.228,29830.882123250653,14.654123250653356
3849.0,-1.0,29830.882123250653,29831.725,0.8428767493460327
3850.0,1.0,29831.725,29846.721999999998,14.996999999999389
3851.0,-1.0,29846.721999999998,29847.221999999998,0.5
3852.0,1.0,29847.222,29862.219,14.996999999999389
3853.0,-1.0,29862.219,29862.719,0.5
3854.0,1.0,29862.719,29877.401085620775,14.68208562077416
3855.0,-1.0,29877.401085620775,29878.216,0.8149143792252289
3856.0,1.0,29878.216,29893.212715519865,14.996715519864665
3857.0,-1.0,29893.212715519865,29893.713,0.5002844801347237
3858.0,1.0,29893.713,29908.331939984753,14.618939984753524
3859.0,-1.0,29908.331939984753,29909.21,0.8780600152458646
3860.0,1.0,29909.21,29924.207,14.996999999999389
3861.0,-1.0,29924.207,29924.707,0.5
3862.0,1.0,29924.707,29939.703999999998,14.996999999999389
3863.0,-1.0,29939.703999999998,29940.203999999998,0.5
3864.0,1.0,29940.204,29955.200430987185,14.996430987182976
3865.0,-1.0,29955.200430987185,29955.701,0.5005690128164133
3866.0,1.0,29955.701,29970.698,14.996999999999389
3867.0,-1.0,29970.698,29971.198,0.5
3868.0,1.0,29971.198,29986.195,14.996999999999389
3869.0,-1.0,29986.195,29986.695,0.5
